{
"type": "FeatureCollection",
"name": "albuquerque_tracts_analysis_table",
"crs": { "type": "name", "properties": { "name": "urn:ogc:def:crs:EPSG::4269" } },
"features": [
{ "type": "Feature", "properties": { "STATEFP": "35", "COUNTYFP": "001", "TRACTCE": "002000", "GEOIDFQ": "1400000US35001002000", "GEOID": "35001002000", "NAME": "20", "NAMELSAD": "Census Tract 20", "STUSPS": "NM", "NAMELSADCO": "Bernalillo County", "STATE_NAME": "New Mexico", "LSAD": "CT", "ALAND": 1899988, "AWATER": 0, "centroid_lon": -106.63741250520039, "centroid_lat": 35.0960117088309, "B03002_001E": 2435, "B03002_001M": 556, "B03002_012E": 1543, "B03002_012M": 537, "B19013_001E": 35972, "B19013_001M": 11194, "B01003_001E": 2435, "state": "35", "county": "001", "tract": "002000", "latino_share": 0.63367556468172481, "camera_count": 0, "arterial_road_m": 22171.70291398876, "land_area_km2": 1.899988, "pop_density_per_km2": 1281.5870416023681, "arterial_km_per_km2": 11.669391024568975, "log_income": 10.490496137034405, "city": "Albuquerque", "crime_count_raw": 1035, "crime_rate_annual_per_km2_1000": 1.1115608146407081 }, "geometry": { "type": "Polygon", "coordinates": [ [ [ -106.643335, 35.090299 ], [ -106.642587, 35.094346 ], [ -106.640549, 35.105383 ], [ -106.637076, 35.105194 ], [ -106.632296, 35.105242 ], [ -106.629435, 35.105519 ], [ -106.629239, 35.105546 ], [ -106.634312, 35.091391 ], [ -106.634993, 35.089561 ], [ -106.636058, 35.085205 ], [ -106.640529, 35.085597 ], [ -106.644085, 35.086317 ], [ -106.643335, 35.090299 ] ] ] } },
{ "type": "Feature", "properties": { "STATEFP": "35", "COUNTYFP": "001", "TRACTCE": "000206", "GEOIDFQ": "1400000US35001000206", "GEOID": "35001000206", "NAME": "2.06", "NAMELSAD": "Census Tract 2.06", "STUSPS": "NM", "NAMELSADCO": "Bernalillo County", "STATE_NAME": "New Mexico", "LSAD": "CT", "ALAND": 1401794, "AWATER": 0, "centroid_lon": -106.57759995486482, "centroid_lat": 35.120356647068732, "B03002_001E": 3222, "B03002_001M": 570, "B03002_012E": 803, "B03002_012M": 288, "B19013_001E": 71483, "B19013_001M": 1189, "B01003_001E": 3222, "state": "35", "county": "001", "tract": "000206", "latino_share": 0.24922408441961513, "camera_count": 5, "arterial_road_m": 5238.3133256936189, "land_area_km2": 1.401794, "pop_density_per_km2": 2298.4832293475361, "arterial_km_per_km2": 3.7368638513887338, "log_income": 11.177214938174416, "city": "Albuquerque", "crime_count_raw": 323, "crime_rate_annual_per_km2_1000": 0.4701777378974013 }, "geometry": { "type": "Polygon", "coordinates": [ [ [ -106.58643, 35.123293 ], [ -106.583756, 35.123311 ], [ -106.580477, 35.125195 ], [ -106.577266, 35.125069 ], [ -106.570726, 35.123597 ], [ -106.568768, 35.123542 ], [ -106.568909, 35.116424 ], [ -106.57764, 35.116412 ], [ -106.583727, 35.116406 ], [ -106.586412, 35.11649 ], [ -106.586415, 35.119852 ], [ -106.58643, 35.123293 ] ] ] } },
{ "type": "Feature", "properties": { "STATEFP": "35", "COUNTYFP": "001", "TRACTCE": "000208", "GEOIDFQ": "1400000US35001000208", "GEOID": "35001000208", "NAME": "2.08", "NAMELSAD": "Census Tract 2.08", "STUSPS": "NM", "NAMELSADCO": "Bernalillo County", "STATE_NAME": "New Mexico", "LSAD": "CT", "ALAND": 2159463, "AWATER": 8936, "centroid_lon": -106.59532573539046, "centroid_lat": 35.11046436948466, "B03002_001E": 2684, "B03002_001M": 425, "B03002_012E": 1411, "B03002_012M": 427, "B19013_001E": 43294, "B19013_001M": 6749, "B01003_001E": 2684, "state": "35", "county": "001", "tract": "000208", "latino_share": 0.52570789865871836, "camera_count": 3, "arterial_road_m": 10304.766637278517, "land_area_km2": 2.159463, "pop_density_per_km2": 1242.9015917383163, "arterial_km_per_km2": 4.7719116452926107, "log_income": 10.675769336259801, "city": "Albuquerque", "crime_count_raw": 1815, "crime_rate_annual_per_km2_1000": 1.7150413629040229 }, "geometry": { "type": "Polygon", "coordinates": [ [ [ -106.604152, 35.109257 ], [ -106.604123, 35.11652 ], [ -106.598074, 35.116514 ], [ -106.595796, 35.116508 ], [ -106.593763, 35.116514 ], [ -106.586412, 35.11649 ], [ -106.58634, 35.109171 ], [ -106.587839, 35.105426 ], [ -106.587469, 35.103935 ], [ -106.595489, 35.104133 ], [ -106.600262, 35.10436 ], [ -106.604197, 35.105162 ], [ -106.604152, 35.109257 ] ] ] } },
{ "type": "Feature", "properties": { "STATEFP": "35", "COUNTYFP": "001", "TRACTCE": "001500", "GEOIDFQ": "1400000US35001001500", "GEOID": "35001001500", "NAME": "15", "NAMELSAD": "Census Tract 15", "STUSPS": "NM", "NAMELSADCO": "Bernalillo County", "STATE_NAME": "New Mexico", "LSAD": "CT", "ALAND": 1491077, "AWATER": 0, "centroid_lon": -106.64283724931059, "centroid_lat": 35.077436443224784, "B03002_001E": 2849, "B03002_001M": 493, "B03002_012E": 1830, "B03002_012M": 459, "B19013_001E": 44233, "B19013_001M": 9787, "B01003_001E": 2849, "state": "35", "county": "001", "tract": "001500", "latino_share": 0.6423306423306423, "camera_count": 4, "arterial_road_m": 14560.914055896163, "land_area_km2": 1.491077, "pop_density_per_km2": 1910.6994474463761, "arterial_km_per_km2": 9.7653669501281044, "log_income": 10.697226395828769, "city": "Albuquerque", "crime_count_raw": 1389, "crime_rate_annual_per_km2_1000": 1.9008415263608645 }, "geometry": { "type": "Polygon", "coordinates": [ [ [ -106.64978, 35.069952 ], [ -106.647691, 35.080027 ], [ -106.645415, 35.079744 ], [ -106.644085, 35.086317 ], [ -106.640529, 35.085597 ], [ -106.636058, 35.085205 ], [ -106.636516, 35.082751 ], [ -106.637329, 35.078688 ], [ -106.637854, 35.077507 ], [ -106.639027, 35.076054 ], [ -106.639907, 35.074483 ], [ -106.639437, 35.069798 ], [ -106.640682, 35.069763 ], [ -106.643109, 35.069727 ], [ -106.646826, 35.069652 ], [ -106.649486, 35.06995 ], [ -106.64978, 35.069952 ] ] ] } },
{ "type": "Feature", "properties": { "STATEFP": "35", "COUNTYFP": "001", "TRACTCE": "004727", "GEOIDFQ": "1400000US35001004727", "GEOID": "35001004727", "NAME": "47.27", "NAMELSAD": "Census Tract 47.27", "STUSPS": "NM", "NAMELSADCO": "Bernalillo County", "STATE_NAME": "New Mexico", "LSAD": "CT", "ALAND": 949798, "AWATER": 0, "centroid_lon": -106.70857219123116, "centroid_lat": 35.14964430161519, "B03002_001E": 2037, "B03002_001M": 454, "B03002_012E": 834, "B03002_012M": 121, "B19013_001E": 75764, "B19013_001M": 11018, "B01003_001E": 2037, "state": "35", "county": "001", "tract": "004727", "latino_share": 0.40942562592047127, "camera_count": 0, "arterial_road_m": 4027.2978197014072, "land_area_km2": 0.949798, "pop_density_per_km2": 2144.6665501506636, "arterial_km_per_km2": 4.2401624552814461, "log_income": 11.235378524776632, "city": "Albuquerque", "crime_count_raw": 92, "crime_rate_annual_per_km2_1000": 0.19765159039314506 }, "geometry": { "type": "Polygon", "coordinates": [ [ [ -106.715517, 35.152772 ], [ -106.710033, 35.152852 ], [ -106.705548, 35.15284 ], [ -106.70188, 35.152519 ], [ -106.698279, 35.152537 ], [ -106.704841, 35.146648 ], [ -106.70492, 35.145468 ], [ -106.709337, 35.145476 ], [ -106.709996, 35.14546 ], [ -106.712762, 35.145359 ], [ -106.717294, 35.152168 ], [ -106.715517, 35.152772 ] ] ] } },
{ "type": "Feature", "properties": { "STATEFP": "35", "COUNTYFP": "001", "TRACTCE": "000127", "GEOIDFQ": "1400000US35001000127", "GEOID": "35001000127", "NAME": "1.27", "NAMELSAD": "Census Tract 1.27", "STUSPS": "NM", "NAMELSADCO": "Bernalillo County", "STATE_NAME": "New Mexico", "LSAD": "CT", "ALAND": 1262584, "AWATER": 0, "centroid_lon": -106.52388792746616, "centroid_lat": 35.098000858364628, "B03002_001E": 2664, "B03002_001M": 375, "B03002_012E": 1211, "B03002_012M": 309, "B19013_001E": 86139, "B19013_001M": 15166, "B01003_001E": 2664, "state": "35", "county": "001", "tract": "000127", "latino_share": 0.45457957957957956, "camera_count": 0, "arterial_road_m": 4169.770616663398, "land_area_km2": 1.262584, "pop_density_per_km2": 2109.9586245350806, "arterial_km_per_km2": 3.3025688719826944, "log_income": 11.363717549532126, "city": "Albuquerque", "crime_count_raw": 351, "crime_rate_annual_per_km2_1000": 0.56727098625355499 }, "geometry": { "type": "Polygon", "coordinates": [ [ [ -106.532938, 35.101713 ], [ -106.524286, 35.10159 ], [ -106.519826, 35.10153 ], [ -106.517675, 35.101511 ], [ -106.515437, 35.101462 ], [ -106.51528, 35.093581 ], [ -106.518465, 35.093662 ], [ -106.520978, 35.094623 ], [ -106.524655, 35.094733 ], [ -106.530222, 35.094812 ], [ -106.53105, 35.09465 ], [ -106.532712, 35.094526 ], [ -106.532809, 35.098142 ], [ -106.532938, 35.101713 ] ] ] } },
{ "type": "Feature", "properties": { "STATEFP": "35", "COUNTYFP": "001", "TRACTCE": "004743", "GEOIDFQ": "1400000US35001004743", "GEOID": "35001004743", "NAME": "47.43", "NAMELSAD": "Census Tract 47.43", "STUSPS": "NM", "NAMELSADCO": "Bernalillo County", "STATE_NAME": "New Mexico", "LSAD": "CT", "ALAND": 1501830, "AWATER": 0, "centroid_lon": -106.738350201302, "centroid_lat": 35.094372823559297, "B03002_001E": 4092, "B03002_001M": 713, "B03002_012E": 2701, "B03002_012M": 696, "B19013_001E": 88542, "B19013_001M": 10233, "B01003_001E": 4092, "state": "35", "county": "001", "tract": "004743", "latino_share": 0.66006842619745842, "camera_count": 0, "arterial_road_m": 14187.266707899127, "land_area_km2": 1.50183, "pop_density_per_km2": 2724.6758954076026, "arterial_km_per_km2": 9.44665288874182, "log_income": 11.391232294691504, "city": "Albuquerque", "crime_count_raw": 198, "crime_rate_annual_per_km2_1000": 0.26902221955837957 }, "geometry": { "type": "Polygon", "coordinates": [ [ [ -106.749165, 35.093204 ], [ -106.745897, 35.094561 ], [ -106.741202, 35.094972 ], [ -106.740426, 35.095327 ], [ -106.736262, 35.099434 ], [ -106.731258, 35.104107 ], [ -106.729705, 35.10434 ], [ -106.729859, 35.094388 ], [ -106.739218, 35.089598 ], [ -106.746684, 35.085915 ], [ -106.749165, 35.093204 ] ] ] } },
{ "type": "Feature", "properties": { "STATEFP": "35", "COUNTYFP": "001", "TRACTCE": "000905", "GEOIDFQ": "1400000US35001000905", "GEOID": "35001000905", "NAME": "9.05", "NAMELSAD": "Census Tract 9.05", "STUSPS": "NM", "NAMELSADCO": "Bernalillo County", "STATE_NAME": "New Mexico", "LSAD": "CT", "ALAND": 647801, "AWATER": 0, "centroid_lon": -106.58190626301892, "centroid_lat": 35.069196534192166, "B03002_001E": 1771, "B03002_001M": 221, "B03002_012E": 815, "B03002_012M": 131, "B19013_001E": 39232, "B19013_001M": 13284, "B01003_001E": 1771, "state": "35", "county": "001", "tract": "000905", "latino_share": 0.46019198193111238, "camera_count": 1, "arterial_road_m": 3031.5659775703125, "land_area_km2": 0.647801, "pop_density_per_km2": 2733.8642576964226, "arterial_km_per_km2": 4.6797797125510963, "log_income": 10.577248019295883, "city": "Albuquerque", "crime_count_raw": 1231, "crime_rate_annual_per_km2_1000": 3.877574721274327 }, "geometry": { "type": "Polygon", "coordinates": [ [ [ -106.586218, 35.072941 ], [ -106.57748, 35.072756 ], [ -106.577525, 35.065506 ], [ -106.581968, 35.065555 ], [ -106.586373, 35.065622 ], [ -106.586218, 35.072941 ] ] ] } },
{ "type": "Feature", "properties": { "STATEFP": "35", "COUNTYFP": "001", "TRACTCE": "002404", "GEOIDFQ": "1400000US35001002404", "GEOID": "35001002404", "NAME": "24.04", "NAMELSAD": "Census Tract 24.04", "STUSPS": "NM", "NAMELSADCO": "Bernalillo County", "STATE_NAME": "New Mexico", "LSAD": "CT", "ALAND": 1414615, "AWATER": 0, "centroid_lon": -106.70354143712881, "centroid_lat": 35.075756979945545, "B03002_001E": 3455, "B03002_001M": 752, "B03002_012E": 2777, "B03002_012M": 757, "B19013_001E": 48004, "B19013_001M": 9292, "B01003_001E": 3455, "state": "35", "county": "001", "tract": "002404", "latino_share": 0.80376266280752529, "camera_count": 3, "arterial_road_m": 9335.131202689663, "land_area_km2": 1.414615, "pop_density_per_km2": 2442.3606422949001, "arterial_km_per_km2": 6.5990613719560889, "log_income": 10.779039619751332, "city": "Albuquerque", "crime_count_raw": 1268, "crime_rate_annual_per_km2_1000": 1.8290464351248865 }, "geometry": { "type": "Polygon", "coordinates": [ [ [ -106.710591, 35.079984 ], [ -106.69863, 35.082646 ], [ -106.697966, 35.082788 ], [ -106.696941, 35.079783 ], [ -106.696885, 35.078697 ], [ -106.697675, 35.076486 ], [ -106.698693, 35.074055 ], [ -106.700953, 35.067925 ], [ -106.708958, 35.069341 ], [ -106.707595, 35.069867 ], [ -106.708936, 35.073999 ], [ -106.709847, 35.076878 ], [ -106.710787, 35.078388 ], [ -106.710591, 35.079984 ] ] ] } },
{ "type": "Feature", "properties": { "STATEFP": "35", "COUNTYFP": "001", "TRACTCE": "000115", "GEOIDFQ": "1400000US35001000115", "GEOID": "35001000115", "NAME": "1.15", "NAMELSAD": "Census Tract 1.15", "STUSPS": "NM", "NAMELSADCO": "Bernalillo County", "STATE_NAME": "New Mexico", "LSAD": "CT", "ALAND": 1304454, "AWATER": 0, "centroid_lon": -106.52423484217584, "centroid_lat": 35.105265200658202, "B03002_001E": 3463, "B03002_001M": 423, "B03002_012E": 1068, "B03002_012M": 303, "B19013_001E": 61069, "B19013_001M": 12945, "B01003_001E": 3463, "state": "35", "county": "001", "tract": "000115", "latino_share": 0.30840311868322262, "camera_count": 0, "arterial_road_m": 6313.280863204307, "land_area_km2": 1.304454, "pop_density_per_km2": 2654.750569970271, "arterial_km_per_km2": 4.8397880363771408, "log_income": 11.019759651431075, "city": "Albuquerque", "crime_count_raw": 455, "crime_rate_annual_per_km2_1000": 0.71174817861296025 }, "geometry": { "type": "Polygon", "coordinates": [ [ [ -106.533118, 35.108948 ], [ -106.524499, 35.10895 ], [ -106.519851, 35.108936 ], [ -106.515567, 35.108868 ], [ -106.515437, 35.101462 ], [ -106.517675, 35.101511 ], [ -106.519826, 35.10153 ], [ -106.524286, 35.10159 ], [ -106.532938, 35.101713 ], [ -106.533053, 35.105439 ], [ -106.533118, 35.108948 ] ] ] } },
{ "type": "Feature", "properties": { "STATEFP": "35", "COUNTYFP": "001", "TRACTCE": "000123", "GEOIDFQ": "1400000US35001000123", "GEOID": "35001000123", "NAME": "1.23", "NAMELSAD": "Census Tract 1.23", "STUSPS": "NM", "NAMELSADCO": "Bernalillo County", "STATE_NAME": "New Mexico", "LSAD": "CT", "ALAND": 2519294, "AWATER": 0, "centroid_lon": -106.54146029891031, "centroid_lat": 35.094915503687737, "B03002_001E": 4693, "B03002_001M": 661, "B03002_012E": 1711, "B03002_012M": 267, "B19013_001E": 78805, "B19013_001M": 9611, "B01003_001E": 4693, "state": "35", "county": "001", "tract": "000123", "latino_share": 0.36458555295120393, "camera_count": 5, "arterial_road_m": 9307.5952004251976, "land_area_km2": 2.519294, "pop_density_per_km2": 1862.8234735604499, "arterial_km_per_km2": 3.6945252123909307, "log_income": 11.274731725609641, "city": "Albuquerque", "crime_count_raw": 938, "crime_rate_annual_per_km2_1000": 0.75974477617879832 }, "geometry": { "type": "Polygon", "coordinates": [ [ [ -106.55081, 35.102017 ], [ -106.543816, 35.101943 ], [ -106.541848, 35.101895 ], [ -106.532938, 35.101713 ], [ -106.532809, 35.098142 ], [ -106.532712, 35.094526 ], [ -106.532616, 35.09173 ], [ -106.532563, 35.087255 ], [ -106.537952, 35.087315 ], [ -106.539883, 35.08777 ], [ -106.542132, 35.087653 ], [ -106.543069, 35.087381 ], [ -106.543501, 35.087543 ], [ -106.550673, 35.090319 ], [ -106.550719, 35.094594 ], [ -106.55081, 35.102017 ] ] ] } },
{ "type": "Feature", "properties": { "STATEFP": "35", "COUNTYFP": "001", "TRACTCE": "000601", "GEOIDFQ": "1400000US35001000601", "GEOID": "35001000601", "NAME": "6.01", "NAMELSAD": "Census Tract 6.01", "STUSPS": "NM", "NAMELSADCO": "Bernalillo County", "STATE_NAME": "New Mexico", "LSAD": "CT", "ALAND": 2431907, "AWATER": 0, "centroid_lon": -106.56592282996642, "centroid_lat": 35.091894742419434, "B03002_001E": 4043, "B03002_001M": 565, "B03002_012E": 1262, "B03002_012M": 440, "B19013_001E": 57241, "B19013_001M": 12861, "B01003_001E": 4043, "state": "35", "county": "001", "tract": "000601", "latino_share": 0.3121444471926787, "camera_count": 5, "arterial_road_m": 15777.586813159836, "land_area_km2": 2.431907, "pop_density_per_km2": 1662.4813366629564, "arterial_km_per_km2": 6.487742669912886, "log_income": 10.955025703818272, "city": "Albuquerque", "crime_count_raw": 798, "crime_rate_annual_per_km2_1000": 0.66957567094857928 }, "geometry": { "type": "Polygon", "coordinates": [ [ [ -106.577573, 35.101215 ], [ -106.568716, 35.097651 ], [ -106.559553, 35.093897 ], [ -106.550673, 35.090319 ], [ -106.543501, 35.087543 ], [ -106.543069, 35.087381 ], [ -106.545412, 35.086823 ], [ -106.550592, 35.087348 ], [ -106.559886, 35.087268 ], [ -106.567601, 35.087253 ], [ -106.568634, 35.08725 ], [ -106.57748, 35.087355 ], [ -106.577568, 35.094727 ], [ -106.577479, 35.094729 ], [ -106.577573, 35.101215 ] ] ] } },
{ "type": "Feature", "properties": { "STATEFP": "35", "COUNTYFP": "001", "TRACTCE": "001102", "GEOIDFQ": "1400000US35001001102", "GEOID": "35001001102", "NAME": "11.02", "NAMELSAD": "Census Tract 11.02", "STUSPS": "NM", "NAMELSADCO": "Bernalillo County", "STATE_NAME": "New Mexico", "LSAD": "CT", "ALAND": 1361879, "AWATER": 4443, "centroid_lon": -106.60882566363746, "centroid_lat": 35.06600458526875, "B03002_001E": 2833, "B03002_001M": 553, "B03002_012E": 1253, "B03002_012M": 427, "B19013_001E": 54399, "B19013_001M": 12660, "B01003_001E": 2833, "state": "35", "county": "001", "tract": "001102", "latino_share": 0.44228732792093189, "camera_count": 0, "arterial_road_m": 3202.0602526132916, "land_area_km2": 1.361879, "pop_density_per_km2": 2080.214174680717, "arterial_km_per_km2": 2.3512075981884526, "log_income": 10.904101050322135, "city": "Albuquerque", "crime_count_raw": 451, "crime_rate_annual_per_km2_1000": 0.67574331085433381 }, "geometry": { "type": "Polygon", "coordinates": [ [ [ -106.613366, 35.068935 ], [ -106.613357, 35.071263 ], [ -106.61329, 35.073671 ], [ -106.604559, 35.073631 ], [ -106.604518, 35.071844 ], [ -106.604499, 35.068223 ], [ -106.604493, 35.066178 ], [ -106.604279, 35.065608 ], [ -106.6043, 35.058258 ], [ -106.606524, 35.05838 ], [ -106.607291, 35.058388 ], [ -106.60874, 35.058435 ], [ -106.60916, 35.058435 ], [ -106.610464, 35.058466 ], [ -106.611632, 35.058485 ], [ -106.613293, 35.058439 ], [ -106.613355, 35.059257 ], [ -106.613141, 35.061491 ], [ -106.613162, 35.066098 ], [ -106.613389, 35.067744 ], [ -106.613366, 35.068935 ] ] ] } },
{ "type": "Feature", "properties": { "STATEFP": "35", "COUNTYFP": "001", "TRACTCE": "002100", "GEOIDFQ": "1400000US35001002100", "GEOID": "35001002100", "NAME": "21", "NAMELSAD": "Census Tract 21", "STUSPS": "NM", "NAMELSADCO": "Bernalillo County", "STATE_NAME": "New Mexico", "LSAD": "CT", "ALAND": 1276194, "AWATER": 0, "centroid_lon": -106.6502336894315, "centroid_lat": 35.085721793861879, "B03002_001E": 1705, "B03002_001M": 266, "B03002_012E": 754, "B03002_012M": 243, "B19013_001E": 22629, "B19013_001M": 10539, "B01003_001E": 1705, "state": "35", "county": "001", "tract": "002100", "latino_share": 0.44222873900293252, "camera_count": 10, "arterial_road_m": 14180.68729754294, "land_area_km2": 1.276194, "pop_density_per_km2": 1336.0037737209232, "arterial_km_per_km2": 11.111701902330633, "log_income": 10.02698754852174, "city": "Albuquerque", "crime_count_raw": 5693, "crime_rate_annual_per_km2_1000": 9.1026579162331966 }, "geometry": { "type": "Polygon", "coordinates": [ [ [ -106.656422, 35.084595 ], [ -106.656531, 35.085243 ], [ -106.655895, 35.087524 ], [ -106.655232, 35.091591 ], [ -106.643335, 35.090299 ], [ -106.644085, 35.086317 ], [ -106.645415, 35.079744 ], [ -106.647691, 35.080027 ], [ -106.657103, 35.081227 ], [ -106.656422, 35.084595 ] ] ] } },
{ "type": "Feature", "properties": { "STATEFP": "35", "COUNTYFP": "001", "TRACTCE": "000126", "GEOIDFQ": "1400000US35001000126", "GEOID": "35001000126", "NAME": "1.26", "NAMELSAD": "Census Tract 1.26", "STUSPS": "NM", "NAMELSADCO": "Bernalillo County", "STATE_NAME": "New Mexico", "LSAD": "CT", "ALAND": 1321204, "AWATER": 0, "centroid_lon": -106.50678068880073, "centroid_lat": 35.097564999433729, "B03002_001E": 2388, "B03002_001M": 414, "B03002_012E": 767, "B03002_012M": 343, "B19013_001E": 59783, "B19013_001M": 22312, "B01003_001E": 2388, "state": "35", "county": "001", "tract": "000126", "latino_share": 0.32118927973199329, "camera_count": 0, "arterial_road_m": 5345.6890434304296, "land_area_km2": 1.321204, "pop_density_per_km2": 1807.4423026269978, "arterial_km_per_km2": 4.0460739169957316, "log_income": 10.998476618586784, "city": "Albuquerque", "crime_count_raw": 239, "crime_rate_annual_per_km2_1000": 0.36912355317477374 }, "geometry": { "type": "Polygon", "coordinates": [ [ [ -106.515437, 35.101462 ], [ -106.506415, 35.101106 ], [ -106.50643, 35.101358 ], [ -106.498489, 35.100892 ], [ -106.497536, 35.100869 ], [ -106.49732, 35.100862 ], [ -106.497591, 35.094786 ], [ -106.497801, 35.094793 ], [ -106.500222, 35.095099 ], [ -106.502014, 35.093714 ], [ -106.50574, 35.093706 ], [ -106.506336, 35.093748 ], [ -106.51528, 35.093581 ], [ -106.515437, 35.101462 ] ] ] } },
{ "type": "Feature", "properties": { "STATEFP": "35", "COUNTYFP": "001", "TRACTCE": "001400", "GEOIDFQ": "1400000US35001001400", "GEOID": "35001001400", "NAME": "14", "NAMELSAD": "Census Tract 14", "STUSPS": "NM", "NAMELSADCO": "Bernalillo County", "STATE_NAME": "New Mexico", "LSAD": "CT", "ALAND": 1232744, "AWATER": 134830, "centroid_lon": -106.65553540875192, "centroid_lat": 35.074887332638546, "B03002_001E": 1919, "B03002_001M": 563, "B03002_012E": 1365, "B03002_012M": 528, "B19013_001E": 32992, "B19013_001M": 6881, "B01003_001E": 1919, "state": "35", "county": "001", "tract": "001400", "latino_share": 0.71130797290255343, "camera_count": 0, "arterial_road_m": 7213.4051374688443, "land_area_km2": 1.232744, "pop_density_per_km2": 1556.6897912299714, "arterial_km_per_km2": 5.8515029377298484, "log_income": 10.404020386816686, "city": "Albuquerque", "crime_count_raw": 834, "crime_rate_annual_per_km2_1000": 1.3805015221993839 }, "geometry": { "type": "Polygon", "coordinates": [ [ [ -106.667366, 35.074992 ], [ -106.662845, 35.075601 ], [ -106.662142, 35.075587 ], [ -106.659718, 35.075628 ], [ -106.659767, 35.077281 ], [ -106.657414, 35.07733 ], [ -106.657504, 35.079505 ], [ -106.657103, 35.081227 ], [ -106.647691, 35.080027 ], [ -106.64978, 35.069952 ], [ -106.652176, 35.069999 ], [ -106.654975, 35.070089 ], [ -106.66104, 35.06967 ], [ -106.662508, 35.07165 ], [ -106.666065, 35.07383 ], [ -106.667366, 35.074992 ] ] ] } },
{ "type": "Feature", "properties": { "STATEFP": "35", "COUNTYFP": "001", "TRACTCE": "000204", "GEOIDFQ": "1400000US35001000204", "GEOID": "35001000204", "NAME": "2.04", "NAMELSAD": "Census Tract 2.04", "STUSPS": "NM", "NAMELSADCO": "Bernalillo County", "STATE_NAME": "New Mexico", "LSAD": "CT", "ALAND": 1359205, "AWATER": 0, "centroid_lon": -106.59525456599155, "centroid_lat": 35.127118001074962, "B03002_001E": 3120, "B03002_001M": 577, "B03002_012E": 1300, "B03002_012M": 404, "B19013_001E": 63872, "B19013_001M": 20024, "B01003_001E": 3120, "state": "35", "county": "001", "tract": "000204", "latino_share": 0.41666666666666669, "camera_count": 1, "arterial_road_m": 3404.1035071621727, "land_area_km2": 1.359205, "pop_density_per_km2": 2295.4594781508308, "arterial_km_per_km2": 2.5044813013211198, "log_income": 11.064636359671136, "city": "Albuquerque", "crime_count_raw": 870, "crime_rate_annual_per_km2_1000": 1.3061048007877902 }, "geometry": { "type": "Polygon", "coordinates": [ [ [ -106.604067, 35.130951 ], [ -106.598628, 35.130903 ], [ -106.595298, 35.130926 ], [ -106.586482, 35.13093 ], [ -106.58643, 35.123293 ], [ -106.595292, 35.123305 ], [ -106.595765, 35.123304 ], [ -106.602886, 35.123316 ], [ -106.604118, 35.123717 ], [ -106.604067, 35.130951 ] ] ] } },
{ "type": "Feature", "properties": { "STATEFP": "35", "COUNTYFP": "001", "TRACTCE": "000121", "GEOIDFQ": "1400000US35001000121", "GEOID": "35001000121", "NAME": "1.21", "NAMELSAD": "Census Tract 1.21", "STUSPS": "NM", "NAMELSADCO": "Bernalillo County", "STATE_NAME": "New Mexico", "LSAD": "CT", "ALAND": 2592024, "AWATER": 0, "centroid_lon": -106.5419912563714, "centroid_lat": 35.109082958950978, "B03002_001E": 5424, "B03002_001M": 991, "B03002_012E": 2384, "B03002_012M": 892, "B19013_001E": 55807, "B19013_001M": 12526, "B01003_001E": 5424, "state": "35", "county": "001", "tract": "000121", "latino_share": 0.43952802359882004, "camera_count": 4, "arterial_road_m": 15095.39919390668, "land_area_km2": 2.592024, "pop_density_per_km2": 2092.5732169146581, "arterial_km_per_km2": 5.823788357633525, "log_income": 10.929654588530131, "city": "Albuquerque", "crime_count_raw": 788, "crime_rate_annual_per_km2_1000": 0.62034164261443703 }, "geometry": { "type": "Polygon", "coordinates": [ [ [ -106.550911, 35.11645 ], [ -106.542079, 35.1163 ], [ -106.533235, 35.116175 ], [ -106.533118, 35.108948 ], [ -106.533053, 35.105439 ], [ -106.532938, 35.101713 ], [ -106.541848, 35.101895 ], [ -106.543816, 35.101943 ], [ -106.55081, 35.102017 ], [ -106.550848, 35.103689 ], [ -106.550896, 35.109234 ], [ -106.550911, 35.11645 ] ] ] } },
{ "type": "Feature", "properties": { "STATEFP": "35", "COUNTYFP": "001", "TRACTCE": "000114", "GEOIDFQ": "1400000US35001000114", "GEOID": "35001000114", "NAME": "1.14", "NAMELSAD": "Census Tract 1.14", "STUSPS": "NM", "NAMELSADCO": "Bernalillo County", "STATE_NAME": "New Mexico", "LSAD": "CT", "ALAND": 1295736, "AWATER": 0, "centroid_lon": -106.52435934570326, "centroid_lat": 35.112589086849624, "B03002_001E": 2799, "B03002_001M": 463, "B03002_012E": 1259, "B03002_012M": 387, "B19013_001E": 62865, "B19013_001M": 12519, "B01003_001E": 2799, "state": "35", "county": "001", "tract": "000114", "latino_share": 0.4498035012504466, "camera_count": 0, "arterial_road_m": 5643.8237751391625, "land_area_km2": 1.295736, "pop_density_per_km2": 2160.1622552742224, "arterial_km_per_km2": 4.3556895657287926, "log_income": 11.048744849027281, "city": "Albuquerque", "crime_count_raw": 556, "crime_rate_annual_per_km2_1000": 0.87559243986025848 }, "geometry": { "type": "Polygon", "coordinates": [ [ [ -106.533235, 35.116175 ], [ -106.529322, 35.11621 ], [ -106.524457, 35.11626 ], [ -106.521332, 35.116247 ], [ -106.519856, 35.116262 ], [ -106.516682, 35.116279 ], [ -106.51564, 35.116257 ], [ -106.515567, 35.108868 ], [ -106.519851, 35.108936 ], [ -106.524499, 35.10895 ], [ -106.533118, 35.108948 ], [ -106.533235, 35.116175 ] ] ] } },
{ "type": "Feature", "properties": { "STATEFP": "35", "COUNTYFP": "001", "TRACTCE": "000119", "GEOIDFQ": "1400000US35001000119", "GEOID": "35001000119", "NAME": "1.19", "NAMELSAD": "Census Tract 1.19", "STUSPS": "NM", "NAMELSADCO": "Bernalillo County", "STATE_NAME": "New Mexico", "LSAD": "CT", "ALAND": 1215986, "AWATER": 0, "centroid_lon": -106.56010283050635, "centroid_lat": 35.119777710112409, "B03002_001E": 1783, "B03002_001M": 287, "B03002_012E": 581, "B03002_012M": 110, "B19013_001E": 131875, "B19013_001M": 23342, "B01003_001E": 1783, "state": "35", "county": "001", "tract": "000119", "latino_share": 0.32585530005608526, "camera_count": 5, "arterial_road_m": 5232.0997066702666, "land_area_km2": 1.215986, "pop_density_per_km2": 1466.2997764776896, "arterial_km_per_km2": 4.3027631129554678, "log_income": 11.789609783212468, "city": "Albuquerque", "crime_count_raw": 97, "crime_rate_annual_per_km2_1000": 0.16277469718317478 }, "geometry": { "type": "Polygon", "coordinates": [ [ [ -106.568768, 35.123542 ], [ -106.564941, 35.123812 ], [ -106.559891, 35.122643 ], [ -106.556879, 35.12231 ], [ -106.551001, 35.123561 ], [ -106.550911, 35.11645 ], [ -106.554361, 35.11643 ], [ -106.559879, 35.11643 ], [ -106.562234, 35.116414 ], [ -106.563361, 35.116454 ], [ -106.568909, 35.116424 ], [ -106.568768, 35.123542 ] ] ] } },
{ "type": "Feature", "properties": { "STATEFP": "35", "COUNTYFP": "001", "TRACTCE": "003722", "GEOIDFQ": "1400000US35001003722", "GEOID": "35001003722", "NAME": "37.22", "NAMELSAD": "Census Tract 37.22", "STUSPS": "NM", "NAMELSADCO": "Bernalillo County", "STATE_NAME": "New Mexico", "LSAD": "CT", "ALAND": 5541290, "AWATER": 0, "centroid_lon": -106.57055046414369, "centroid_lat": 35.186965488552289, "B03002_001E": 7244, "B03002_001M": 1427, "B03002_012E": 1160, "B03002_012M": 407, "B19013_001E": 132000, "B19013_001M": 34340, "B01003_001E": 7244, "state": "35", "county": "001", "tract": "003722", "latino_share": 0.16013252346769741, "camera_count": 1, "arterial_road_m": 30335.394500790033, "land_area_km2": 5.54129, "pop_density_per_km2": 1307.2768254323453, "arterial_km_per_km2": 5.4744282469948393, "log_income": 11.790557201568507, "city": "Albuquerque", "crime_count_raw": 634, "crime_rate_annual_per_km2_1000": 0.23346517894066104 }, "geometry": { "type": "Polygon", "coordinates": [ [ [ -106.581326, 35.184758 ], [ -106.580481, 35.188291 ], [ -106.580794, 35.188319 ], [ -106.577764, 35.20163 ], [ -106.576837, 35.201526 ], [ -106.570775, 35.200936 ], [ -106.56058, 35.199943 ], [ -106.560439, 35.199448 ], [ -106.559922, 35.197624 ], [ -106.559937, 35.194675 ], [ -106.560114, 35.193134 ], [ -106.560105, 35.191684 ], [ -106.559841, 35.18827 ], [ -106.559913, 35.184457 ], [ -106.559936, 35.174268 ], [ -106.568775, 35.174517 ], [ -106.57181, 35.174566 ], [ -106.577574, 35.174313 ], [ -106.578727, 35.174217 ], [ -106.583722, 35.174352 ], [ -106.581326, 35.184758 ] ] ] } },
{ "type": "Feature", "properties": { "STATEFP": "35", "COUNTYFP": "001", "TRACTCE": "000109", "GEOIDFQ": "1400000US35001000109", "GEOID": "35001000109", "NAME": "1.09", "NAMELSAD": "Census Tract 1.09", "STUSPS": "NM", "NAMELSADCO": "Bernalillo County", "STATE_NAME": "New Mexico", "LSAD": "CT", "ALAND": 1278746, "AWATER": 0, "centroid_lon": -106.52451952981841, "centroid_lat": 35.127087983857933, "B03002_001E": 2482, "B03002_001M": 302, "B03002_012E": 915, "B03002_012M": 300, "B19013_001E": 86295, "B19013_001M": 12440, "B01003_001E": 2482, "state": "35", "county": "001", "tract": "000109", "latino_share": 0.36865431103948426, "camera_count": 0, "arterial_road_m": 5603.5836318987294, "land_area_km2": 1.278746, "pop_density_per_km2": 1940.9640382061802, "arterial_km_per_km2": 4.3820927939549605, "log_income": 11.365526937965504, "city": "Albuquerque", "crime_count_raw": 346, "crime_rate_annual_per_km2_1000": 0.55212262891239294 }, "geometry": { "type": "Polygon", "coordinates": [ [ [ -106.533336, 35.130644 ], [ -106.524512, 35.130692 ], [ -106.515681, 35.13066 ], [ -106.515684, 35.123547 ], [ -106.518141, 35.123536 ], [ -106.520579, 35.123544 ], [ -106.521585, 35.12356 ], [ -106.524516, 35.12348 ], [ -106.528509, 35.123466 ], [ -106.530269, 35.12348 ], [ -106.53329, 35.123425 ], [ -106.533336, 35.130644 ] ] ] } },
{ "type": "Feature", "properties": { "STATEFP": "35", "COUNTYFP": "001", "TRACTCE": "004764", "GEOIDFQ": "1400000US35001004764", "GEOID": "35001004764", "NAME": "47.64", "NAMELSAD": "Census Tract 47.64", "STUSPS": "NM", "NAMELSADCO": "Bernalillo County", "STATE_NAME": "New Mexico", "LSAD": "CT", "ALAND": 1480774, "AWATER": 43421, "centroid_lon": -106.66630238008668, "centroid_lat": 35.2007794941212, "B03002_001E": 3264, "B03002_001M": 480, "B03002_012E": 1620, "B03002_012M": 441, "B19013_001E": 79290, "B19013_001M": 21428, "B01003_001E": 3264, "state": "35", "county": "001", "tract": "004764", "latino_share": 0.49632352941176472, "camera_count": 5, "arterial_road_m": 5631.6890676978792, "land_area_km2": 1.480774, "pop_density_per_km2": 2204.2526408486374, "arterial_km_per_km2": 3.8032063418846351, "log_income": 11.280867296266445, "city": "Albuquerque", "crime_count_raw": 200, "crime_rate_annual_per_km2_1000": 0.27560364179142921 }, "geometry": { "type": "Polygon", "coordinates": [ [ [ -106.678737, 35.202326 ], [ -106.675781, 35.204505 ], [ -106.675215, 35.205811 ], [ -106.674069, 35.205688 ], [ -106.671739, 35.206149 ], [ -106.668672, 35.205795 ], [ -106.66757, 35.205904 ], [ -106.666944, 35.206088 ], [ -106.65911, 35.205614 ], [ -106.660822, 35.199515 ], [ -106.660776, 35.198208 ], [ -106.660229, 35.197029 ], [ -106.656943, 35.194176 ], [ -106.656703, 35.192985 ], [ -106.656965, 35.192002 ], [ -106.657714, 35.190956 ], [ -106.661445, 35.193392 ], [ -106.663965, 35.195552 ], [ -106.666633, 35.197503 ], [ -106.667634, 35.197792 ], [ -106.674398, 35.200272 ], [ -106.677446, 35.202259 ], [ -106.678737, 35.202326 ] ] ] } },
{ "type": "Feature", "properties": { "STATEFP": "35", "COUNTYFP": "001", "TRACTCE": "004760", "GEOIDFQ": "1400000US35001004760", "GEOID": "35001004760", "NAME": "47.60", "NAMELSAD": "Census Tract 47.60", "STUSPS": "NM", "NAMELSADCO": "Bernalillo County", "STATE_NAME": "New Mexico", "LSAD": "CT", "ALAND": 3928643, "AWATER": 12628, "centroid_lon": -106.71764422557963, "centroid_lat": 35.09093551601714, "B03002_001E": 4062, "B03002_001M": 668, "B03002_012E": 2890, "B03002_012M": 664, "B19013_001E": 42518, "B19013_001M": 21094, "B01003_001E": 4062, "state": "35", "county": "001", "tract": "004760", "latino_share": 0.71147218119153122, "camera_count": 6, "arterial_road_m": 18522.293324473598, "land_area_km2": 3.928643, "pop_density_per_km2": 1033.9447997692841, "arterial_km_per_km2": 4.7146796806107343, "log_income": 10.657682794661007, "city": "Albuquerque", "crime_count_raw": 1160, "crime_rate_annual_per_km2_1000": 0.60250292556650176 }, "geometry": { "type": "Polygon", "coordinates": [ [ [ -106.729859, 35.094388 ], [ -106.722428, 35.098125 ], [ -106.71875, 35.09997 ], [ -106.718073, 35.10031 ], [ -106.711246, 35.10377 ], [ -106.706281, 35.106048 ], [ -106.704594, 35.106585 ], [ -106.707122, 35.100397 ], [ -106.709613, 35.094361 ], [ -106.710237, 35.09259 ], [ -106.710592, 35.091078 ], [ -106.710753, 35.089323 ], [ -106.710818, 35.083123 ], [ -106.710827, 35.08173 ], [ -106.710591, 35.079984 ], [ -106.722801, 35.077193 ], [ -106.72381, 35.08019 ], [ -106.72475, 35.082537 ], [ -106.727472, 35.086606 ], [ -106.729425, 35.090163 ], [ -106.729859, 35.094388 ] ] ] } },
{ "type": "Feature", "properties": { "STATEFP": "35", "COUNTYFP": "001", "TRACTCE": "003740", "GEOIDFQ": "1400000US35001003740", "GEOID": "35001003740", "NAME": "37.40", "NAMELSAD": "Census Tract 37.40", "STUSPS": "NM", "NAMELSADCO": "Bernalillo County", "STATE_NAME": "New Mexico", "LSAD": "CT", "ALAND": 1218839, "AWATER": 0, "centroid_lon": -106.58206022955771, "centroid_lat": 35.13770381859112, "B03002_001E": 5316, "B03002_001M": 884, "B03002_012E": 1940, "B03002_012M": 707, "B19013_001E": 50409, "B19013_001M": 7441, "B01003_001E": 5316, "state": "35", "county": "001", "tract": "003740", "latino_share": 0.36493604213694508, "camera_count": 0, "arterial_road_m": 4214.4217803044758, "land_area_km2": 1.218839, "pop_density_per_km2": 4361.5276504936255, "arterial_km_per_km2": 3.4577345985027357, "log_income": 10.827925009546052, "city": "Albuquerque", "crime_count_raw": 839, "crime_rate_annual_per_km2_1000": 1.4046216408885086 }, "geometry": { "type": "Polygon", "coordinates": [ [ [ -106.586408, 35.138594 ], [ -106.586461, 35.142102 ], [ -106.586467, 35.144901 ], [ -106.580844, 35.144618 ], [ -106.576666, 35.142326 ], [ -106.5774, 35.140372 ], [ -106.57758, 35.138629 ], [ -106.577652, 35.130857 ], [ -106.586482, 35.13093 ], [ -106.586408, 35.138594 ] ] ] } },
{ "type": "Feature", "properties": { "STATEFP": "35", "COUNTYFP": "001", "TRACTCE": "001701", "GEOIDFQ": "1400000US35001001701", "GEOID": "35001001701", "NAME": "17.01", "NAMELSAD": "Census Tract 17.01", "STUSPS": "NM", "NAMELSADCO": "Bernalillo County", "STATE_NAME": "New Mexico", "LSAD": "CT", "ALAND": 1238790, "AWATER": 0, "centroid_lon": -106.60882820345095, "centroid_lat": 35.080609849954243, "B03002_001E": 2118, "B03002_001M": 388, "B03002_012E": 153, "B03002_012M": 101, "B19013_001E": 100219, "B19013_001M": 6939, "B01003_001E": 2118, "state": "35", "county": "001", "tract": "001701", "latino_share": 0.072237960339943341, "camera_count": 0, "arterial_road_m": 8705.7857008042683, "land_area_km2": 1.23879, "pop_density_per_km2": 1709.73288450827, "arterial_km_per_km2": 7.0276525487001571, "log_income": 11.515113070415641, "city": "Albuquerque", "crime_count_raw": 655, "crime_rate_annual_per_km2_1000": 1.0789152847976269 }, "geometry": { "type": "Polygon", "coordinates": [ [ [ -106.613301, 35.08099 ], [ -106.613153, 35.0875 ], [ -106.607629, 35.087483 ], [ -106.606581, 35.087509 ], [ -106.604248, 35.087492 ], [ -106.604285, 35.080806 ], [ -106.60452, 35.079778 ], [ -106.604559, 35.073631 ], [ -106.61329, 35.073671 ], [ -106.613303, 35.077291 ], [ -106.613301, 35.08099 ] ] ] } },
{ "type": "Feature", "properties": { "STATEFP": "35", "COUNTYFP": "001", "TRACTCE": "000120", "GEOIDFQ": "1400000US35001000120", "GEOID": "35001000120", "NAME": "1.20", "NAMELSAD": "Census Tract 1.20", "STUSPS": "NM", "NAMELSADCO": "Bernalillo County", "STATE_NAME": "New Mexico", "LSAD": "CT", "ALAND": 1279278, "AWATER": 0, "centroid_lon": -106.54209163299498, "centroid_lat": 35.119903385211096, "B03002_001E": 2321, "B03002_001M": 404, "B03002_012E": 637, "B03002_012M": 220, "B19013_001E": 52179, "B19013_001M": 14959, "B01003_001E": 2321, "state": "35", "county": "001", "tract": "000120", "latino_share": 0.27445066781559674, "camera_count": 3, "arterial_road_m": 5634.0738183499252, "land_area_km2": 1.279278, "pop_density_per_km2": 1814.3046312060399, "arterial_km_per_km2": 4.4041043607018375, "log_income": 10.862435394076263, "city": "Albuquerque", "crime_count_raw": 226, "crime_rate_annual_per_km2_1000": 0.36048503842727675 }, "geometry": { "type": "Polygon", "coordinates": [ [ [ -106.551001, 35.123561 ], [ -106.543791, 35.123526 ], [ -106.542089, 35.123491 ], [ -106.53329, 35.123425 ], [ -106.533288, 35.118788 ], [ -106.533235, 35.116175 ], [ -106.542079, 35.1163 ], [ -106.550911, 35.11645 ], [ -106.551001, 35.123561 ] ] ] } },
{ "type": "Feature", "properties": { "STATEFP": "35", "COUNTYFP": "001", "TRACTCE": "003728", "GEOIDFQ": "1400000US35001003728", "GEOID": "35001003728", "NAME": "37.28", "NAMELSAD": "Census Tract 37.28", "STUSPS": "NM", "NAMELSADCO": "Bernalillo County", "STATE_NAME": "New Mexico", "LSAD": "CT", "ALAND": 1585537, "AWATER": 0, "centroid_lon": -106.52506106788651, "centroid_lat": 35.140885131887536, "B03002_001E": 4637, "B03002_001M": 834, "B03002_012E": 1492, "B03002_012M": 404, "B19013_001E": 65772, "B19013_001M": 6471, "B01003_001E": 4637, "state": "35", "county": "001", "tract": "003728", "latino_share": 0.32175975846452448, "camera_count": 0, "arterial_road_m": 4591.0706439344049, "land_area_km2": 1.585537, "pop_density_per_km2": 2924.5612054464827, "arterial_km_per_km2": 2.8955935080256121, "log_income": 11.093949494834117, "city": "Albuquerque", "crime_count_raw": 250, "crime_rate_annual_per_km2_1000": 0.32174170885799397 }, "geometry": { "type": "Polygon", "coordinates": [ [ [ -106.533363, 35.138894 ], [ -106.533121, 35.140538 ], [ -106.531477, 35.143107 ], [ -106.52938, 35.145703 ], [ -106.526928, 35.148778 ], [ -106.52345, 35.14695 ], [ -106.518803, 35.144205 ], [ -106.5174, 35.141881 ], [ -106.515775, 35.13765 ], [ -106.522653, 35.135576 ], [ -106.524495, 35.135431 ], [ -106.528669, 35.135194 ], [ -106.5334, 35.137111 ], [ -106.533363, 35.138894 ] ] ] } },
{ "type": "Feature", "properties": { "STATEFP": "35", "COUNTYFP": "001", "TRACTCE": "003724", "GEOIDFQ": "1400000US35001003724", "GEOID": "35001003724", "NAME": "37.24", "NAMELSAD": "Census Tract 37.24", "STUSPS": "NM", "NAMELSADCO": "Bernalillo County", "STATE_NAME": "New Mexico", "LSAD": "CT", "ALAND": 1771496, "AWATER": 0, "centroid_lon": -106.56489919315261, "centroid_lat": 35.151068252185816, "B03002_001E": 3346, "B03002_001M": 545, "B03002_012E": 964, "B03002_012M": 355, "B19013_001E": 76250, "B19013_001M": 16813, "B01003_001E": 3346, "state": "35", "county": "001", "tract": "003724", "latino_share": 0.28810520023909147, "camera_count": 0, "arterial_road_m": 6712.439598842444, "land_area_km2": 1.771496, "pop_density_per_km2": 1888.7990715192132, "arterial_km_per_km2": 3.7891361870658722, "log_income": 11.241772694469658, "city": "Albuquerque", "crime_count_raw": 163, "crime_rate_annual_per_km2_1000": 0.18775485028591674 }, "geometry": { "type": "Polygon", "coordinates": [ [ [ -106.574124, 35.147457 ], [ -106.57198, 35.151574 ], [ -106.570831, 35.152611 ], [ -106.568726, 35.152897 ], [ -106.568787, 35.159887 ], [ -106.563609, 35.159738 ], [ -106.563608, 35.159357 ], [ -106.562812, 35.159268 ], [ -106.561809, 35.15898 ], [ -106.559872, 35.158894 ], [ -106.559861, 35.157843 ], [ -106.561039, 35.154077 ], [ -106.56068, 35.152427 ], [ -106.560435, 35.151895 ], [ -106.554851, 35.147409 ], [ -106.553852, 35.146124 ], [ -106.556566, 35.145282 ], [ -106.566381, 35.145305 ], [ -106.570243, 35.145385 ], [ -106.574364, 35.145341 ], [ -106.574124, 35.147457 ] ] ] } },
{ "type": "Feature", "properties": { "STATEFP": "35", "COUNTYFP": "001", "TRACTCE": "000116", "GEOIDFQ": "1400000US35001000116", "GEOID": "35001000116", "NAME": "1.16", "NAMELSAD": "Census Tract 1.16", "STUSPS": "NM", "NAMELSADCO": "Bernalillo County", "STATE_NAME": "New Mexico", "LSAD": "CT", "ALAND": 1417999, "AWATER": 0, "centroid_lon": -106.5062569478938, "centroid_lat": 35.105023858378743, "B03002_001E": 2965, "B03002_001M": 327, "B03002_012E": 955, "B03002_012M": 243, "B19013_001E": 103922, "B19013_001M": 16872, "B01003_001E": 2965, "state": "35", "county": "001", "tract": "000116", "latino_share": 0.32209106239460372, "camera_count": 0, "arterial_road_m": 6131.953305745159, "land_area_km2": 1.417999, "pop_density_per_km2": 2090.9746762867958, "arterial_km_per_km2": 4.3243706841437541, "log_income": 11.551395896732805, "city": "Albuquerque", "crime_count_raw": 353, "crime_rate_annual_per_km2_1000": 0.5079752087121775 }, "geometry": { "type": "Polygon", "coordinates": [ [ [ -106.515567, 35.108868 ], [ -106.510124, 35.108704 ], [ -106.506512, 35.108873 ], [ -106.500958, 35.108795 ], [ -106.497356, 35.109315 ], [ -106.497308, 35.102687 ], [ -106.49732, 35.100862 ], [ -106.497536, 35.100869 ], [ -106.498489, 35.100892 ], [ -106.50643, 35.101358 ], [ -106.506415, 35.101106 ], [ -106.515437, 35.101462 ], [ -106.515567, 35.108868 ] ] ] } },
{ "type": "Feature", "properties": { "STATEFP": "35", "COUNTYFP": "001", "TRACTCE": "003726", "GEOIDFQ": "1400000US35001003726", "GEOID": "35001003726", "NAME": "37.26", "NAMELSAD": "Census Tract 37.26", "STUSPS": "NM", "NAMELSADCO": "Bernalillo County", "STATE_NAME": "New Mexico", "LSAD": "CT", "ALAND": 2079897, "AWATER": 8422, "centroid_lon": -106.51059306030488, "centroid_lat": 35.155875340126173, "B03002_001E": 2315, "B03002_001M": 327, "B03002_012E": 326, "B03002_012M": 101, "B19013_001E": 142386, "B19013_001M": 35902, "B01003_001E": 2315, "state": "35", "county": "001", "tract": "003726", "latino_share": 0.1408207343412527, "camera_count": 0, "arterial_road_m": 7690.5744935410685, "land_area_km2": 2.079897, "pop_density_per_km2": 1113.0358859116582, "arterial_km_per_km2": 3.6975746844872939, "log_income": 11.866296958520072, "city": "Albuquerque", "crime_count_raw": 123, "crime_rate_annual_per_km2_1000": 0.12067214138396661 }, "geometry": { "type": "Polygon", "coordinates": [ [ [ -106.524497, 35.159715 ], [ -106.506967, 35.159666 ], [ -106.498147, 35.159705 ], [ -106.497004, 35.159549 ], [ -106.496772, 35.159584 ], [ -106.497036, 35.158819 ], [ -106.4971, 35.157269 ], [ -106.497089, 35.155852 ], [ -106.497064, 35.152364 ], [ -106.506869, 35.152329 ], [ -106.508272, 35.152295 ], [ -106.513446, 35.150796 ], [ -106.516072, 35.150849 ], [ -106.51703, 35.150995 ], [ -106.52262, 35.154156 ], [ -106.524521, 35.154364 ], [ -106.524388, 35.158907 ], [ -106.524662, 35.159716 ], [ -106.524497, 35.159715 ] ] ] } },
{ "type": "Feature", "properties": { "STATEFP": "35", "COUNTYFP": "001", "TRACTCE": "000906", "GEOIDFQ": "1400000US35001000906", "GEOID": "35001000906", "NAME": "9.06", "NAMELSAD": "Census Tract 9.06", "STUSPS": "NM", "NAMELSADCO": "Bernalillo County", "STATE_NAME": "New Mexico", "LSAD": "CT", "ALAND": 1466858, "AWATER": 0, "centroid_lon": -106.5807377125234, "centroid_lat": 35.057703854835694, "B03002_001E": 3502, "B03002_001M": 704, "B03002_012E": 1094, "B03002_012M": 549, "B19013_001E": 27553, "B19013_001M": 9726, "B01003_001E": 3502, "state": "35", "county": "001", "tract": "000906", "latino_share": 0.31239291833238148, "camera_count": 1, "arterial_road_m": 6853.8102185784182, "land_area_km2": 1.466858, "pop_density_per_km2": 2387.4158234812094, "arterial_km_per_km2": 4.6724428803458951, "log_income": 10.223866701574616, "city": "Albuquerque", "crime_count_raw": 2512, "crime_rate_annual_per_km2_1000": 3.4944215737310467 }, "geometry": { "type": "Polygon", "coordinates": [ [ [ -106.586478, 35.058356 ], [ -106.586373, 35.065622 ], [ -106.581968, 35.065555 ], [ -106.577525, 35.065506 ], [ -106.577609, 35.058258 ], [ -106.577614, 35.055299 ], [ -106.572627, 35.053703 ], [ -106.569187, 35.052589 ], [ -106.568897, 35.052489 ], [ -106.569982, 35.051247 ], [ -106.583352, 35.051258 ], [ -106.58336, 35.052497 ], [ -106.58652, 35.052549 ], [ -106.586478, 35.058356 ] ] ] } },
{ "type": "Feature", "properties": { "STATEFP": "35", "COUNTYFP": "001", "TRACTCE": "001702", "GEOIDFQ": "1400000US35001001702", "GEOID": "35001001702", "NAME": "17.02", "NAMELSAD": "Census Tract 17.02", "STUSPS": "NM", "NAMELSADCO": "Bernalillo County", "STATE_NAME": "New Mexico", "LSAD": "CT", "ALAND": 816492, "AWATER": 0, "centroid_lon": -106.61871581545019, "centroid_lat": 35.077335478358528, "B03002_001E": 2347, "B03002_001M": 494, "B03002_012E": 813, "B03002_012M": 277, "B19013_001E": 33050, "B19013_001M": 7260, "B01003_001E": 2347, "state": "35", "county": "001", "tract": "001702", "latino_share": 0.3463996591393268, "camera_count": 3, "arterial_road_m": 5779.0094480486423, "land_area_km2": 0.816492, "pop_density_per_km2": 2874.4923404026003, "arterial_km_per_km2": 7.0778518932808181, "log_income": 10.405776845279833, "city": "Albuquerque", "crime_count_raw": 1344, "crime_rate_annual_per_km2_1000": 3.3588535729815048 }, "geometry": { "type": "Polygon", "coordinates": [ [ [ -106.624077, 35.075035 ], [ -106.624031, 35.077998 ], [ -106.624006, 35.081092 ], [ -106.613867, 35.081042 ], [ -106.613301, 35.08099 ], [ -106.613303, 35.077291 ], [ -106.61329, 35.073671 ], [ -106.61834, 35.073681 ], [ -106.622162, 35.073684 ], [ -106.624129, 35.073048 ], [ -106.624077, 35.075035 ] ] ] } },
{ "type": "Feature", "properties": { "STATEFP": "35", "COUNTYFP": "001", "TRACTCE": "002200", "GEOIDFQ": "1400000US35001002200", "GEOID": "35001002200", "NAME": "22", "NAMELSAD": "Census Tract 22", "STUSPS": "NM", "NAMELSADCO": "Bernalillo County", "STATE_NAME": "New Mexico", "LSAD": "CT", "ALAND": 2639508, "AWATER": 448482, "centroid_lon": -106.66840159374787, "centroid_lat": 35.08496356144822, "B03002_001E": 3373, "B03002_001M": 387, "B03002_012E": 1097, "B03002_012M": 319, "B19013_001E": 49375, "B19013_001M": 14136, "B01003_001E": 3373, "state": "35", "county": "001", "tract": "002200", "latino_share": 0.32522976578713314, "camera_count": 6, "arterial_road_m": 14595.146115979154, "land_area_km2": 2.639508, "pop_density_per_km2": 1277.8896673167878, "arterial_km_per_km2": 5.529494934654168, "log_income": 10.807199502203423, "city": "Albuquerque", "crime_count_raw": 1179, "crime_rate_annual_per_km2_1000": 0.91145358838768964 }, "geometry": { "type": "Polygon", "coordinates": [ [ [ -106.678846, 35.091675 ], [ -106.677497, 35.094469 ], [ -106.676187, 35.095279 ], [ -106.675319, 35.095447 ], [ -106.671275, 35.095191 ], [ -106.664978, 35.090228 ], [ -106.663861, 35.08926 ], [ -106.662831, 35.088651 ], [ -106.661885, 35.088122 ], [ -106.65965, 35.087158 ], [ -106.656531, 35.085243 ], [ -106.656422, 35.084595 ], [ -106.657103, 35.081227 ], [ -106.657504, 35.079505 ], [ -106.657414, 35.07733 ], [ -106.659767, 35.077281 ], [ -106.659718, 35.075628 ], [ -106.662142, 35.075587 ], [ -106.662845, 35.075601 ], [ -106.667366, 35.074992 ], [ -106.671556, 35.077854 ], [ -106.675673, 35.08205 ], [ -106.675973, 35.083239 ], [ -106.681167, 35.089069 ], [ -106.678846, 35.091675 ] ] ] } },
{ "type": "Feature", "properties": { "STATEFP": "35", "COUNTYFP": "001", "TRACTCE": "003738", "GEOIDFQ": "1400000US35001003738", "GEOID": "35001003738", "NAME": "37.38", "NAMELSAD": "Census Tract 37.38", "STUSPS": "NM", "NAMELSADCO": "Bernalillo County", "STATE_NAME": "New Mexico", "LSAD": "CT", "ALAND": 1422651, "AWATER": 0, "centroid_lon": -106.51617442961103, "centroid_lat": 35.148225877753291, "B03002_001E": 5244, "B03002_001M": 650, "B03002_012E": 1535, "B03002_012M": 500, "B19013_001E": 64504, "B19013_001M": 17618, "B01003_001E": 5244, "state": "35", "county": "001", "tract": "003738", "latino_share": 0.29271548436308159, "camera_count": 0, "arterial_road_m": 6648.2041398339479, "land_area_km2": 1.422651, "pop_density_per_km2": 3686.0762056189465, "arterial_km_per_km2": 4.6731096662737013, "log_income": 11.074482516364858, "city": "Albuquerque", "crime_count_raw": 181, "crime_rate_annual_per_km2_1000": 0.25961150689691698 }, "geometry": { "type": "Polygon", "coordinates": [ [ [ -106.524818, 35.151959 ], [ -106.524521, 35.154364 ], [ -106.52262, 35.154156 ], [ -106.51703, 35.150995 ], [ -106.516072, 35.150849 ], [ -106.513446, 35.150796 ], [ -106.508272, 35.152295 ], [ -106.506869, 35.152329 ], [ -106.506906, 35.148972 ], [ -106.506894, 35.1451 ], [ -106.51213, 35.143779 ], [ -106.514039, 35.143154 ], [ -106.5174, 35.141881 ], [ -106.518803, 35.144205 ], [ -106.52345, 35.14695 ], [ -106.526928, 35.148778 ], [ -106.524818, 35.151959 ] ] ] } },
{ "type": "Feature", "properties": { "STATEFP": "35", "COUNTYFP": "001", "TRACTCE": "003737", "GEOIDFQ": "1400000US35001003737", "GEOID": "35001003737", "NAME": "37.37", "NAMELSAD": "Census Tract 37.37", "STUSPS": "NM", "NAMELSADCO": "Bernalillo County", "STATE_NAME": "New Mexico", "LSAD": "CT", "ALAND": 1565380, "AWATER": 0, "centroid_lon": -106.50525898048399, "centroid_lat": 35.144950053396542, "B03002_001E": 3060, "B03002_001M": 269, "B03002_012E": 531, "B03002_012M": 173, "B19013_001E": 143628, "B19013_001M": 6285, "B01003_001E": 3060, "state": "35", "county": "001", "tract": "003737", "latino_share": 0.17352941176470588, "camera_count": 0, "arterial_road_m": 8016.5413509996743, "land_area_km2": 1.56538, "pop_density_per_km2": 1954.7969183201524, "arterial_km_per_km2": 5.121147166183083, "log_income": 11.874981902661371, "city": "Albuquerque", "crime_count_raw": 102, "crime_rate_annual_per_km2_1000": 0.1329609555543903 }, "geometry": { "type": "Polygon", "coordinates": [ [ [ -106.5174, 35.141881 ], [ -106.514039, 35.143154 ], [ -106.51213, 35.143779 ], [ -106.506894, 35.1451 ], [ -106.506906, 35.148972 ], [ -106.506869, 35.152329 ], [ -106.497064, 35.152364 ], [ -106.497908, 35.147175 ], [ -106.497888, 35.145109 ], [ -106.497893, 35.140737 ], [ -106.498097, 35.140773 ], [ -106.499789, 35.141414 ], [ -106.50501, 35.139948 ], [ -106.511233, 35.139242 ], [ -106.515775, 35.13765 ], [ -106.5174, 35.141881 ] ] ] } },
{ "type": "Feature", "properties": { "STATEFP": "35", "COUNTYFP": "001", "TRACTCE": "003739", "GEOIDFQ": "1400000US35001003739", "GEOID": "35001003739", "NAME": "37.39", "NAMELSAD": "Census Tract 37.39", "STUSPS": "NM", "NAMELSADCO": "Bernalillo County", "STATE_NAME": "New Mexico", "LSAD": "CT", "ALAND": 846258, "AWATER": 0, "centroid_lon": -106.57345546444927, "centroid_lat": 35.135633407828649, "B03002_001E": 1681, "B03002_001M": 299, "B03002_012E": 690, "B03002_012M": 178, "B19013_001E": 74637, "B19013_001M": 9914, "B01003_001E": 1681, "state": "35", "county": "001", "tract": "003739", "latino_share": 0.41046995835812017, "camera_count": 0, "arterial_road_m": 3539.2798021369267, "land_area_km2": 0.846258, "pop_density_per_km2": 1986.3918568568924, "arterial_km_per_km2": 4.1822704212390631, "log_income": 11.220391641787423, "city": "Albuquerque", "crime_count_raw": 175, "crime_rate_annual_per_km2_1000": 0.42196749535756717 }, "geometry": { "type": "Polygon", "coordinates": [ [ [ -106.57758, 35.138629 ], [ -106.5774, 35.140372 ], [ -106.576666, 35.142326 ], [ -106.574885, 35.141708 ], [ -106.570177, 35.138454 ], [ -106.568661, 35.138405 ], [ -106.568664, 35.130763 ], [ -106.577652, 35.130857 ], [ -106.57758, 35.138629 ] ] ] } },
{ "type": "Feature", "properties": { "STATEFP": "35", "COUNTYFP": "001", "TRACTCE": "004761", "GEOIDFQ": "1400000US35001004761", "GEOID": "35001004761", "NAME": "47.61", "NAMELSAD": "Census Tract 47.61", "STUSPS": "NM", "NAMELSADCO": "Bernalillo County", "STATE_NAME": "New Mexico", "LSAD": "CT", "ALAND": 2262192, "AWATER": 0, "centroid_lon": -106.71399178453542, "centroid_lat": 35.064882444425834, "B03002_001E": 2547, "B03002_001M": 1210, "B03002_012E": 2329, "B03002_012M": 1209, "B19013_001E": 93041, "B19013_001M": 13189, "B01003_001E": 2547, "state": "35", "county": "001", "tract": "004761", "latino_share": 0.91440910875539849, "camera_count": 2, "arterial_road_m": 13217.140026062811, "land_area_km2": 2.262192, "pop_density_per_km2": 1125.899127925481, "arterial_km_per_km2": 5.8426252175159359, "log_income": 11.440795535200134, "city": "Albuquerque", "crime_count_raw": 111, "crime_rate_annual_per_km2_1000": 0.10012378366817859 }, "geometry": { "type": "Polygon", "coordinates": [ [ [ -106.723795, 35.070135 ], [ -106.723125, 35.071956 ], [ -106.717535, 35.070897 ], [ -106.708958, 35.069341 ], [ -106.700953, 35.067925 ], [ -106.703506, 35.061238 ], [ -106.708032, 35.060291 ], [ -106.708995, 35.060083 ], [ -106.71111, 35.059651 ], [ -106.712514, 35.059348 ], [ -106.715159, 35.058738 ], [ -106.720293, 35.058268 ], [ -106.720961, 35.058261 ], [ -106.722539, 35.058105 ], [ -106.722973, 35.061231 ], [ -106.723313, 35.064303 ], [ -106.72378, 35.06748 ], [ -106.723795, 35.070135 ] ] ] } },
{ "type": "Feature", "properties": { "STATEFP": "35", "COUNTYFP": "001", "TRACTCE": "000907", "GEOIDFQ": "1400000US35001000907", "GEOID": "35001000907", "NAME": "9.07", "NAMELSAD": "Census Tract 9.07", "STUSPS": "NM", "NAMELSADCO": "Bernalillo County", "STATE_NAME": "New Mexico", "LSAD": "CT", "ALAND": 657477, "AWATER": 0, "centroid_lon": -106.55492091076725, "centroid_lat": 35.06913152504999, "B03002_001E": 2196, "B03002_001M": 519, "B03002_012E": 1476, "B03002_012M": 322, "B19013_001E": 30661, "B19013_001M": 4479, "B01003_001E": 2196, "state": "35", "county": "001", "tract": "000907", "latino_share": 0.67213114754098358, "camera_count": 0, "arterial_road_m": 1149.0514138389381, "land_area_km2": 0.657477, "pop_density_per_km2": 3340.04079230148, "arterial_km_per_km2": 1.7476678482120866, "log_income": 10.330746767679962, "city": "Albuquerque", "crime_count_raw": 711, "crime_rate_annual_per_km2_1000": 2.2066465346074002 }, "geometry": { "type": "Polygon", "coordinates": [ [ [ -106.559418, 35.06715 ], [ -106.559368, 35.068978 ], [ -106.559308, 35.072799 ], [ -106.554876, 35.07279 ], [ -106.550462, 35.072759 ], [ -106.55045, 35.069069 ], [ -106.550458, 35.067327 ], [ -106.550491, 35.065501 ], [ -106.559421, 35.065486 ], [ -106.559418, 35.06715 ] ] ] } },
{ "type": "Feature", "properties": { "STATEFP": "35", "COUNTYFP": "001", "TRACTCE": "000124", "GEOIDFQ": "1400000US35001000124", "GEOID": "35001000124", "NAME": "1.24", "NAMELSAD": "Census Tract 1.24", "STUSPS": "NM", "NAMELSADCO": "Bernalillo County", "STATE_NAME": "New Mexico", "LSAD": "CT", "ALAND": 1699157, "AWATER": 0, "centroid_lon": -106.56040864730005, "centroid_lat": 35.098106913178192, "B03002_001E": 3815, "B03002_001M": 519, "B03002_012E": 1714, "B03002_012M": 481, "B19013_001E": 30473, "B19013_001M": 19993, "B01003_001E": 3815, "state": "35", "county": "001", "tract": "000124", "latino_share": 0.44927916120576672, "camera_count": 24, "arterial_road_m": 11373.982590372099, "land_area_km2": 1.699157, "pop_density_per_km2": 2245.2310174986774, "arterial_km_per_km2": 6.6938973799196306, "log_income": 10.324596324632314, "city": "Albuquerque", "crime_count_raw": 1124, "crime_rate_annual_per_km2_1000": 1.3498221139857862 }, "geometry": { "type": "Polygon", "coordinates": [ [ [ -106.577581, 35.103683 ], [ -106.5746, 35.101913 ], [ -106.568761, 35.101869 ], [ -106.559792, 35.101932 ], [ -106.556107, 35.10195 ], [ -106.555058, 35.101959 ], [ -106.55081, 35.102017 ], [ -106.550719, 35.094594 ], [ -106.550673, 35.090319 ], [ -106.559553, 35.093897 ], [ -106.568716, 35.097651 ], [ -106.577573, 35.101215 ], [ -106.577581, 35.103683 ] ] ] } },
{ "type": "Feature", "properties": { "STATEFP": "35", "COUNTYFP": "001", "TRACTCE": "004759", "GEOIDFQ": "1400000US35001004759", "GEOID": "35001004759", "NAME": "47.59", "NAMELSAD": "Census Tract 47.59", "STUSPS": "NM", "NAMELSADCO": "Bernalillo County", "STATE_NAME": "New Mexico", "LSAD": "CT", "ALAND": 3096346, "AWATER": 512, "centroid_lon": -106.73511157920875, "centroid_lat": 35.082447125433163, "B03002_001E": 3314, "B03002_001M": 580, "B03002_012E": 2763, "B03002_012M": 616, "B19013_001E": 42208, "B19013_001M": 11435, "B01003_001E": 3314, "state": "35", "county": "001", "tract": "004759", "latino_share": 0.8337356668678334, "camera_count": 0, "arterial_road_m": 14082.457623022678, "land_area_km2": 3.096346, "pop_density_per_km2": 1070.2938237522551, "arterial_km_per_km2": 4.5480891421768357, "log_income": 10.650365055517041, "city": "Albuquerque", "crime_count_raw": 910, "crime_rate_annual_per_km2_1000": 0.59970220290910026 }, "geometry": { "type": "Polygon", "coordinates": [ [ [ -106.746684, 35.085915 ], [ -106.739218, 35.089598 ], [ -106.729859, 35.094388 ], [ -106.729425, 35.090163 ], [ -106.727472, 35.086606 ], [ -106.72475, 35.082537 ], [ -106.72381, 35.08019 ], [ -106.722801, 35.077193 ], [ -106.729975, 35.075572 ], [ -106.737863, 35.073799 ], [ -106.742726, 35.072724 ], [ -106.743036, 35.07449 ], [ -106.744561, 35.07929 ], [ -106.746684, 35.085915 ] ] ] } },
{ "type": "Feature", "properties": { "STATEFP": "35", "COUNTYFP": "001", "TRACTCE": "000300", "GEOIDFQ": "1400000US35001000300", "GEOID": "35001000300", "NAME": "3", "NAMELSAD": "Census Tract 3", "STUSPS": "NM", "NAMELSADCO": "Bernalillo County", "STATE_NAME": "New Mexico", "LSAD": "CT", "ALAND": 3820053, "AWATER": 13550, "centroid_lon": -106.6161641985592, "centroid_lat": 35.098425777150261, "B03002_001E": 6425, "B03002_001M": 682, "B03002_012E": 2054, "B03002_012M": 538, "B19013_001E": 71642, "B19013_001M": 8914, "B01003_001E": 6425, "state": "35", "county": "001", "tract": "000300", "latino_share": 0.31968871595330739, "camera_count": 0, "arterial_road_m": 22444.142114438207, "land_area_km2": 3.820053, "pop_density_per_km2": 1681.9138373211051, "arterial_km_per_km2": 5.8753483562762625, "log_income": 11.179436773149567, "city": "Albuquerque", "crime_count_raw": 738, "crime_rate_annual_per_km2_1000": 0.39421278947923699 }, "geometry": { "type": "Polygon", "coordinates": [ [ [ -106.634312, 35.091391 ], [ -106.629239, 35.105546 ], [ -106.617998, 35.10753 ], [ -106.61608, 35.10759 ], [ -106.614945, 35.107568 ], [ -106.612626, 35.107102 ], [ -106.604197, 35.105162 ], [ -106.60423, 35.10013 ], [ -106.604363, 35.094798 ], [ -106.604248, 35.087492 ], [ -106.606581, 35.087509 ], [ -106.607629, 35.087483 ], [ -106.613153, 35.0875 ], [ -106.614281, 35.087497 ], [ -106.614219, 35.091079 ], [ -106.617548, 35.092085 ], [ -106.617552, 35.092858 ], [ -106.617507, 35.098318 ], [ -106.62188, 35.098546 ], [ -106.621889, 35.101987 ], [ -106.623036, 35.101949 ], [ -106.624144, 35.101566 ], [ -106.62737, 35.099001 ], [ -106.625259, 35.09031 ], [ -106.628712, 35.091826 ], [ -106.632181, 35.092028 ], [ -106.634312, 35.091391 ] ] ] } },
{ "type": "Feature", "properties": { "STATEFP": "35", "COUNTYFP": "001", "TRACTCE": "000904", "GEOIDFQ": "1400000US35001000904", "GEOID": "35001000904", "NAME": "9.04", "NAMELSAD": "Census Tract 9.04", "STUSPS": "NM", "NAMELSADCO": "Bernalillo County", "STATE_NAME": "New Mexico", "LSAD": "CT", "ALAND": 1682635, "AWATER": 0, "centroid_lon": -106.57304360354115, "centroid_lat": 35.06329271061955, "B03002_001E": 4041, "B03002_001M": 668, "B03002_012E": 2016, "B03002_012M": 563, "B19013_001E": 41250, "B19013_001M": 18844, "B01003_001E": 4041, "state": "35", "county": "001", "tract": "000904", "latino_share": 0.49888641425389757, "camera_count": 0, "arterial_road_m": 5317.9096729458688, "land_area_km2": 1.682635, "pop_density_per_km2": 2401.5903627346393, "arterial_km_per_km2": 3.1604653849146538, "log_income": 10.627406391762827, "city": "Albuquerque", "crime_count_raw": 1095, "crime_rate_annual_per_km2_1000": 1.3279078476369433 }, "geometry": { "type": "Polygon", "coordinates": [ [ [ -106.577609, 35.058258 ], [ -106.577525, 35.065506 ], [ -106.57748, 35.072756 ], [ -106.568646, 35.072676 ], [ -106.568699, 35.069034 ], [ -106.568714, 35.067232 ], [ -106.56873, 35.065425 ], [ -106.56877, 35.058513 ], [ -106.568768, 35.058227 ], [ -106.568897, 35.052489 ], [ -106.569187, 35.052589 ], [ -106.572627, 35.053703 ], [ -106.577614, 35.055299 ], [ -106.577609, 35.058258 ] ] ] } },
{ "type": "Feature", "properties": { "STATEFP": "35", "COUNTYFP": "001", "TRACTCE": "000401", "GEOIDFQ": "1400000US35001000401", "GEOID": "35001000401", "NAME": "4.01", "NAMELSAD": "Census Tract 4.01", "STUSPS": "NM", "NAMELSADCO": "Bernalillo County", "STATE_NAME": "New Mexico", "LSAD": "CT", "ALAND": 2439816, "AWATER": 0, "centroid_lon": -106.59153453150485, "centroid_lat": 35.099276422864321, "B03002_001E": 4419, "B03002_001M": 822, "B03002_012E": 1882, "B03002_012M": 658, "B19013_001E": 78889, "B19013_001M": 15533, "B01003_001E": 4419, "state": "35", "county": "001", "tract": "000401", "latino_share": 0.42588821000226296, "camera_count": 0, "arterial_road_m": 14372.985386722137, "land_area_km2": 2.439816, "pop_density_per_km2": 1811.2021562281745, "arterial_km_per_km2": 5.8910120216943147, "log_income": 11.275797080130991, "city": "Albuquerque", "crime_count_raw": 758, "crime_rate_annual_per_km2_1000": 0.63395125689623066 }, "geometry": { "type": "Polygon", "coordinates": [ [ [ -106.60423, 35.10013 ], [ -106.604197, 35.105162 ], [ -106.600262, 35.10436 ], [ -106.595489, 35.104133 ], [ -106.587469, 35.103935 ], [ -106.584171, 35.103675 ], [ -106.577573, 35.101215 ], [ -106.577479, 35.094729 ], [ -106.577568, 35.094727 ], [ -106.586305, 35.094663 ], [ -106.591883, 35.094721 ], [ -106.592994, 35.094723 ], [ -106.598802, 35.094712 ], [ -106.59969, 35.094807 ], [ -106.603363, 35.094839 ], [ -106.604363, 35.094798 ], [ -106.60423, 35.10013 ] ] ] } },
{ "type": "Feature", "properties": { "STATEFP": "35", "COUNTYFP": "001", "TRACTCE": "003718", "GEOIDFQ": "1400000US35001003718", "GEOID": "35001003718", "NAME": "37.18", "NAMELSAD": "Census Tract 37.18", "STUSPS": "NM", "NAMELSADCO": "Bernalillo County", "STATE_NAME": "New Mexico", "LSAD": "CT", "ALAND": 1217949, "AWATER": 0, "centroid_lon": -106.54238271479278, "centroid_lat": 35.134064423471287, "B03002_001E": 2812, "B03002_001M": 376, "B03002_012E": 845, "B03002_012M": 218, "B19013_001E": 86167, "B19013_001M": 16006, "B01003_001E": 2812, "state": "35", "county": "001", "tract": "003718", "latino_share": 0.30049786628733999, "camera_count": 0, "arterial_road_m": 4855.3764694602478, "land_area_km2": 1.217949, "pop_density_per_km2": 2308.79946533065, "arterial_km_per_km2": 3.9865187043630304, "log_income": 11.364042552726982, "city": "Albuquerque", "crime_count_raw": 141, "crime_rate_annual_per_km2_1000": 0.23622929078671898 }, "geometry": { "type": "Polygon", "coordinates": [ [ [ -106.551035, 35.138417 ], [ -106.545903, 35.137326 ], [ -106.542181, 35.137203 ], [ -106.540175, 35.137394 ], [ -106.5334, 35.137111 ], [ -106.533336, 35.130644 ], [ -106.54214, 35.13067 ], [ -106.545056, 35.130678 ], [ -106.547719, 35.130694 ], [ -106.550995, 35.130699 ], [ -106.551061, 35.137487 ], [ -106.551035, 35.138417 ] ] ] } },
{ "type": "Feature", "properties": { "STATEFP": "35", "COUNTYFP": "001", "TRACTCE": "002700", "GEOIDFQ": "1400000US35001002700", "GEOID": "35001002700", "NAME": "27", "NAMELSAD": "Census Tract 27", "STUSPS": "NM", "NAMELSADCO": "Bernalillo County", "STATE_NAME": "New Mexico", "LSAD": "CT", "ALAND": 2983609, "AWATER": 0, "centroid_lon": -106.65177493551862, "centroid_lat": 35.096915333021428, "B03002_001E": 4498, "B03002_001M": 1069, "B03002_012E": 2127, "B03002_012M": 1032, "B19013_001E": 57928, "B19013_001M": 10540, "B01003_001E": 4498, "state": "35", "county": "001", "tract": "002700", "latino_share": 0.47287683414851045, "camera_count": 0, "arterial_road_m": 24854.8045988413, "land_area_km2": 2.983609, "pop_density_per_km2": 1507.5701943518739, "arterial_km_per_km2": 8.3304496664413126, "log_income": 10.966956139068657, "city": "Albuquerque", "crime_count_raw": 3558, "crime_rate_annual_per_km2_1000": 2.4333678839205803 }, "geometry": { "type": "Polygon", "coordinates": [ [ [ -106.664978, 35.090228 ], [ -106.663566, 35.090696 ], [ -106.662266, 35.096599 ], [ -106.661741, 35.09838 ], [ -106.661527, 35.098392 ], [ -106.660084, 35.099365 ], [ -106.656114, 35.100489 ], [ -106.655135, 35.100304 ], [ -106.653188, 35.10661 ], [ -106.653355, 35.107102 ], [ -106.651896, 35.107122 ], [ -106.642937, 35.105589 ], [ -106.640549, 35.105383 ], [ -106.642587, 35.094346 ], [ -106.643335, 35.090299 ], [ -106.655232, 35.091591 ], [ -106.655895, 35.087524 ], [ -106.656531, 35.085243 ], [ -106.65965, 35.087158 ], [ -106.661885, 35.088122 ], [ -106.662831, 35.088651 ], [ -106.663861, 35.08926 ], [ -106.664978, 35.090228 ] ] ] } },
{ "type": "Feature", "properties": { "STATEFP": "35", "COUNTYFP": "001", "TRACTCE": "000713", "GEOIDFQ": "1400000US35001000713", "GEOID": "35001000713", "NAME": "7.13", "NAMELSAD": "Census Tract 7.13", "STUSPS": "NM", "NAMELSADCO": "Bernalillo County", "STATE_NAME": "New Mexico", "LSAD": "CT", "ALAND": 1952855, "AWATER": 40330, "centroid_lon": -106.50685211662703, "centroid_lat": 35.063868618092954, "B03002_001E": 5456, "B03002_001M": 837, "B03002_012E": 2307, "B03002_012M": 563, "B19013_001E": 38381, "B19013_001M": 8353, "B01003_001E": 5456, "state": "35", "county": "001", "tract": "000713", "latino_share": 0.42283724340175954, "camera_count": 0, "arterial_road_m": 5144.2431377392595, "land_area_km2": 1.952855, "pop_density_per_km2": 2793.8582229607423, "arterial_km_per_km2": 2.6342166406309016, "log_income": 10.555317824459362, "city": "Albuquerque", "crime_count_raw": 1301, "crime_rate_annual_per_km2_1000": 1.3594117993864119 }, "geometry": { "type": "Polygon", "coordinates": [ [ [ -106.515331, 35.056349 ], [ -106.515314, 35.057725 ], [ -106.515318, 35.057989 ], [ -106.515321, 35.058952 ], [ -106.515329, 35.061187 ], [ -106.515335, 35.062871 ], [ -106.515211, 35.069056 ], [ -106.515181, 35.070081 ], [ -106.509621, 35.069461 ], [ -106.497697, 35.068218 ], [ -106.495974, 35.067979 ], [ -106.495009, 35.067711 ], [ -106.495382, 35.065834 ], [ -106.495454, 35.064078 ], [ -106.495123, 35.06094 ], [ -106.496594, 35.061382 ], [ -106.496875, 35.061342 ], [ -106.497362, 35.061458 ], [ -106.497635, 35.061459 ], [ -106.497799, 35.061475 ], [ -106.497982, 35.061554 ], [ -106.498736, 35.061761 ], [ -106.501105, 35.06151 ], [ -106.502387, 35.061381 ], [ -106.503086, 35.061084 ], [ -106.504268, 35.059613 ], [ -106.506889, 35.058558 ], [ -106.508739, 35.057274 ], [ -106.510859, 35.056913 ], [ -106.515347, 35.055856 ], [ -106.515331, 35.056349 ] ] ] } },
{ "type": "Feature", "properties": { "STATEFP": "35", "COUNTYFP": "001", "TRACTCE": "000712", "GEOIDFQ": "1400000US35001000712", "GEOID": "35001000712", "NAME": "7.12", "NAMELSAD": "Census Tract 7.12", "STUSPS": "NM", "NAMELSADCO": "Bernalillo County", "STATE_NAME": "New Mexico", "LSAD": "CT", "ALAND": 1431338, "AWATER": 0, "centroid_lon": -106.50135723477675, "centroid_lat": 35.078647380916451, "B03002_001E": 4296, "B03002_001M": 715, "B03002_012E": 1549, "B03002_012M": 390, "B19013_001E": 46832, "B19013_001M": 7940, "B01003_001E": 4296, "state": "35", "county": "001", "tract": "000712", "latino_share": 0.36056797020484171, "camera_count": 0, "arterial_road_m": 8685.1259903864866, "land_area_km2": 1.431338, "pop_density_per_km2": 3001.3875129424355, "arterial_km_per_km2": 6.0678372197108486, "log_income": 10.754322008931666, "city": "Albuquerque", "crime_count_raw": 842, "crime_rate_annual_per_km2_1000": 1.2003658372550439 }, "geometry": { "type": "Polygon", "coordinates": [ [ [ -106.506423, 35.074017 ], [ -106.506215, 35.079285 ], [ -106.506196, 35.086516 ], [ -106.501771, 35.086389 ], [ -106.497112, 35.086265 ], [ -106.497065, 35.079117 ], [ -106.496976, 35.075244 ], [ -106.496526, 35.074314 ], [ -106.495877, 35.071937 ], [ -106.496706, 35.069538 ], [ -106.496957, 35.069634 ], [ -106.506784, 35.073418 ], [ -106.506423, 35.074017 ] ] ] } },
{ "type": "Feature", "properties": { "STATEFP": "35", "COUNTYFP": "001", "TRACTCE": "000128", "GEOIDFQ": "1400000US35001000128", "GEOID": "35001000128", "NAME": "1.28", "NAMELSAD": "Census Tract 1.28", "STUSPS": "NM", "NAMELSADCO": "Bernalillo County", "STATE_NAME": "New Mexico", "LSAD": "CT", "ALAND": 1309193, "AWATER": 6324, "centroid_lon": -106.52403642493813, "centroid_lat": 35.090724702729382, "B03002_001E": 3529, "B03002_001M": 674, "B03002_012E": 1781, "B03002_012M": 552, "B19013_001E": 56250, "B19013_001M": 8978, "B01003_001E": 3529, "state": "35", "county": "001", "tract": "000128", "latino_share": 0.50467554548030602, "camera_count": 0, "arterial_road_m": 4558.6719441711994, "land_area_km2": 1.309193, "pop_density_per_km2": 2695.5536731406291, "arterial_km_per_km2": 3.4820472949146528, "log_income": 10.937561320066667, "city": "Albuquerque", "crime_count_raw": 422, "crime_rate_annual_per_km2_1000": 0.65773736333591026 }, "geometry": { "type": "Polygon", "coordinates": [ [ [ -106.532712, 35.094526 ], [ -106.53105, 35.09465 ], [ -106.530222, 35.094812 ], [ -106.524655, 35.094733 ], [ -106.520978, 35.094623 ], [ -106.518465, 35.093662 ], [ -106.51528, 35.093581 ], [ -106.515137, 35.090407 ], [ -106.51513, 35.090084 ], [ -106.515011, 35.086776 ], [ -106.518878, 35.086875 ], [ -106.526499, 35.087064 ], [ -106.532563, 35.087255 ], [ -106.532616, 35.09173 ], [ -106.532712, 35.094526 ] ] ] } },
{ "type": "Feature", "properties": { "STATEFP": "35", "COUNTYFP": "001", "TRACTCE": "003723", "GEOIDFQ": "1400000US35001003723", "GEOID": "35001003723", "NAME": "37.23", "NAMELSAD": "Census Tract 37.23", "STUSPS": "NM", "NAMELSADCO": "Bernalillo County", "STATE_NAME": "New Mexico", "LSAD": "CT", "ALAND": 3760201, "AWATER": 0, "centroid_lon": -106.57253138858749, "centroid_lat": 35.166928945674677, "B03002_001E": 6279, "B03002_001M": 650, "B03002_012E": 2317, "B03002_012M": 510, "B19013_001E": 50373, "B19013_001M": 13447, "B01003_001E": 6279, "state": "35", "county": "001", "tract": "003723", "latino_share": 0.36900780379041248, "camera_count": 4, "arterial_road_m": 17877.887226747182, "land_area_km2": 3.760201, "pop_density_per_km2": 1669.8575421898988, "arterial_km_per_km2": 4.7545030775607957, "log_income": 10.827210596227578, "city": "Albuquerque", "crime_count_raw": 764, "crime_rate_annual_per_km2_1000": 0.41459688484940987 }, "geometry": { "type": "Polygon", "coordinates": [ [ [ -106.58693, 35.16027 ], [ -106.583722, 35.174352 ], [ -106.578727, 35.174217 ], [ -106.577574, 35.174313 ], [ -106.57181, 35.174566 ], [ -106.568775, 35.174517 ], [ -106.559936, 35.174268 ], [ -106.559934, 35.167031 ], [ -106.559969, 35.166302 ], [ -106.559901, 35.159456 ], [ -106.559872, 35.158894 ], [ -106.561809, 35.15898 ], [ -106.562812, 35.159268 ], [ -106.563608, 35.159357 ], [ -106.563609, 35.159738 ], [ -106.568787, 35.159887 ], [ -106.577589, 35.159883 ], [ -106.584487, 35.159956 ], [ -106.58693, 35.16027 ] ] ] } },
{ "type": "Feature", "properties": { "STATEFP": "35", "COUNTYFP": "001", "TRACTCE": "000704", "GEOIDFQ": "1400000US35001000704", "GEOID": "35001000704", "NAME": "7.04", "NAMELSAD": "Census Tract 7.04", "STUSPS": "NM", "NAMELSADCO": "Bernalillo County", "STATE_NAME": "New Mexico", "LSAD": "CT", "ALAND": 2515337, "AWATER": 0, "centroid_lon": -106.51872347098859, "centroid_lat": 35.082456520629833, "B03002_001E": 3694, "B03002_001M": 520, "B03002_012E": 1917, "B03002_012M": 491, "B19013_001E": 60089, "B19013_001M": 17124, "B01003_001E": 3694, "state": "35", "county": "001", "tract": "000704", "latino_share": 0.51894964807796429, "camera_count": 1, "arterial_road_m": 15500.103840487478, "land_area_km2": 2.515337, "pop_density_per_km2": 1468.5904910554727, "arterial_km_per_km2": 6.1622374419362007, "log_income": 11.003582075485388, "city": "Albuquerque", "crime_count_raw": 1553, "crime_rate_annual_per_km2_1000": 1.2598505013042107 }, "geometry": { "type": "Polygon", "coordinates": [ [ [ -106.542132, 35.087653 ], [ -106.539883, 35.08777 ], [ -106.537952, 35.087315 ], [ -106.532563, 35.087255 ], [ -106.526499, 35.087064 ], [ -106.518878, 35.086875 ], [ -106.515011, 35.086776 ], [ -106.506196, 35.086516 ], [ -106.506215, 35.079285 ], [ -106.506423, 35.074017 ], [ -106.506784, 35.073418 ], [ -106.515141, 35.076628 ], [ -106.523781, 35.079941 ], [ -106.532416, 35.083294 ], [ -106.543069, 35.087381 ], [ -106.542132, 35.087653 ] ] ] } },
{ "type": "Feature", "properties": { "STATEFP": "35", "COUNTYFP": "001", "TRACTCE": "003100", "GEOIDFQ": "1400000US35001003100", "GEOID": "35001003100", "NAME": "31", "NAMELSAD": "Census Tract 31", "STUSPS": "NM", "NAMELSADCO": "Bernalillo County", "STATE_NAME": "New Mexico", "LSAD": "CT", "ALAND": 4379624, "AWATER": 95219, "centroid_lon": -106.67226424768735, "centroid_lat": 35.135101538655654, "B03002_001E": 2642, "B03002_001M": 328, "B03002_012E": 1036, "B03002_012M": 228, "B19013_001E": 94205, "B19013_001M": 17682, "B01003_001E": 2642, "state": "35", "county": "001", "tract": "003100", "latino_share": 0.39212717638152916, "camera_count": 0, "arterial_road_m": 9137.934263333027, "land_area_km2": 4.379624, "pop_density_per_km2": 603.24813271641585, "arterial_km_per_km2": 2.0864654735961419, "log_income": 11.453228537712102, "city": "Albuquerque", "crime_count_raw": 109, "crime_rate_annual_per_km2_1000": 0.050784760370566902 }, "geometry": { "type": "Polygon", "coordinates": [ [ [ -106.688053, 35.133961 ], [ -106.683582, 35.138544 ], [ -106.678431, 35.145765 ], [ -106.677033, 35.145203 ], [ -106.674969, 35.144672 ], [ -106.674861, 35.144651 ], [ -106.674643, 35.144616 ], [ -106.667461, 35.143357 ], [ -106.666452, 35.143118 ], [ -106.666402, 35.143225 ], [ -106.663241, 35.142479 ], [ -106.662435, 35.142178 ], [ -106.661898, 35.142062 ], [ -106.653375, 35.1404 ], [ -106.653061, 35.14034 ], [ -106.652312, 35.140118 ], [ -106.651728, 35.139871 ], [ -106.651362, 35.139751 ], [ -106.650766, 35.139661 ], [ -106.651488, 35.139551 ], [ -106.653848, 35.138561 ], [ -106.655379, 35.137488 ], [ -106.65832, 35.134445 ], [ -106.658379, 35.1338 ], [ -106.662748, 35.134581 ], [ -106.66468, 35.129535 ], [ -106.665523, 35.127493 ], [ -106.665938, 35.123854 ], [ -106.669854, 35.124089 ], [ -106.671436, 35.12437 ], [ -106.673839, 35.1251 ], [ -106.67555, 35.125536 ], [ -106.685468, 35.129117 ], [ -106.686041, 35.130267 ], [ -106.689882, 35.130944 ], [ -106.688053, 35.133961 ] ] ] } },
{ "type": "Feature", "properties": { "STATEFP": "35", "COUNTYFP": "001", "TRACTCE": "004742", "GEOIDFQ": "1400000US35001004742", "GEOID": "35001004742", "NAME": "47.42", "NAMELSAD": "Census Tract 47.42", "STUSPS": "NM", "NAMELSADCO": "Bernalillo County", "STATE_NAME": "New Mexico", "LSAD": "CT", "ALAND": 4355898, "AWATER": 112319, "centroid_lon": -106.71867700153264, "centroid_lat": 35.120454788482228, "B03002_001E": 6273, "B03002_001M": 797, "B03002_012E": 4117, "B03002_012M": 692, "B19013_001E": 62229, "B19013_001M": 22193, "B01003_001E": 6273, "state": "35", "county": "001", "tract": "004742", "latino_share": 0.65630479834210109, "camera_count": 0, "arterial_road_m": 15297.701410135074, "land_area_km2": 4.355898, "pop_density_per_km2": 1440.1163663611958, "arterial_km_per_km2": 3.5119512463641422, "log_income": 11.038576408014254, "city": "Albuquerque", "crime_count_raw": 260, "crime_rate_annual_per_km2_1000": 0.12179778295797566 }, "geometry": { "type": "Polygon", "coordinates": [ [ [ -106.730966, 35.110072 ], [ -106.730825, 35.11401 ], [ -106.72776, 35.117859 ], [ -106.727555, 35.122685 ], [ -106.726618, 35.123995 ], [ -106.7241, 35.126642 ], [ -106.717415, 35.133384 ], [ -106.711691, 35.135807 ], [ -106.710105, 35.136849 ], [ -106.7093, 35.138385 ], [ -106.709243, 35.137965 ], [ -106.708435, 35.13483 ], [ -106.706544, 35.127696 ], [ -106.708573, 35.127332 ], [ -106.709365, 35.126932 ], [ -106.71008, 35.126184 ], [ -106.710414, 35.125016 ], [ -106.710334, 35.124662 ], [ -106.710117, 35.124241 ], [ -106.709601, 35.123658 ], [ -106.709034, 35.123103 ], [ -106.708634, 35.122533 ], [ -106.708383, 35.121976 ], [ -106.708247, 35.121487 ], [ -106.707589, 35.119137 ], [ -106.707585, 35.11847 ], [ -106.708286, 35.116591 ], [ -106.714636, 35.112968 ], [ -106.718932, 35.110624 ], [ -106.720698, 35.108714 ], [ -106.723931, 35.106755 ], [ -106.728, 35.104537 ], [ -106.729705, 35.10434 ], [ -106.729784, 35.104888 ], [ -106.730908, 35.107108 ], [ -106.730966, 35.110072 ] ] ] } },
{ "type": "Feature", "properties": { "STATEFP": "35", "COUNTYFP": "001", "TRACTCE": "003725", "GEOIDFQ": "1400000US35001003725", "GEOID": "35001003725", "NAME": "37.25", "NAMELSAD": "Census Tract 37.25", "STUSPS": "NM", "NAMELSADCO": "Bernalillo County", "STATE_NAME": "New Mexico", "LSAD": "CT", "ALAND": 2239094, "AWATER": 0, "centroid_lon": -106.57867427595021, "centroid_lat": 35.153771880269709, "B03002_001E": 4157, "B03002_001M": 514, "B03002_012E": 1476, "B03002_012M": 383, "B19013_001E": 63581, "B19013_001M": 15660, "B01003_001E": 4157, "state": "35", "county": "001", "tract": "003725", "latino_share": 0.35506374789511669, "camera_count": 0, "arterial_road_m": 14096.027295698754, "land_area_km2": 2.239094, "pop_density_per_km2": 1856.5544814107848, "arterial_km_per_km2": 6.2954155992105525, "log_income": 11.060069962557527, "city": "Albuquerque", "crime_count_raw": 510, "crime_rate_annual_per_km2_1000": 0.46477374466130378 }, "geometry": { "type": "Polygon", "coordinates": [ [ [ -106.588513, 35.153115 ], [ -106.587368, 35.158307 ], [ -106.58693, 35.16027 ], [ -106.584487, 35.159956 ], [ -106.577589, 35.159883 ], [ -106.568787, 35.159887 ], [ -106.568726, 35.152897 ], [ -106.570831, 35.152611 ], [ -106.57198, 35.151574 ], [ -106.574124, 35.147457 ], [ -106.574364, 35.145341 ], [ -106.578, 35.145484 ], [ -106.580684, 35.146532 ], [ -106.58353, 35.147751 ], [ -106.586426, 35.148036 ], [ -106.586439, 35.150372 ], [ -106.586852, 35.151602 ], [ -106.587741, 35.152642 ], [ -106.588513, 35.153115 ] ] ] } },
{ "type": "Feature", "properties": { "STATEFP": "35", "COUNTYFP": "001", "TRACTCE": "001101", "GEOIDFQ": "1400000US35001001101", "GEOID": "35001001101", "NAME": "11.01", "NAMELSAD": "Census Tract 11.01", "STUSPS": "NM", "NAMELSADCO": "Bernalillo County", "STATE_NAME": "New Mexico", "LSAD": "CT", "ALAND": 2350565, "AWATER": 0, "centroid_lon": -106.59490024659299, "centroid_lat": 35.066568234342704, "B03002_001E": 4022, "B03002_001M": 800, "B03002_012E": 1262, "B03002_012M": 712, "B19013_001E": 66983, "B19013_001M": 25687, "B01003_001E": 4022, "state": "35", "county": "001", "tract": "001101", "latino_share": 0.31377424167081053, "camera_count": 0, "arterial_road_m": 7598.8107408757351, "land_area_km2": 2.350565, "pop_density_per_km2": 1711.0779748698717, "arterial_km_per_km2": 3.2327592476173752, "log_income": 11.112194134834576, "city": "Albuquerque", "crime_count_raw": 471, "crime_rate_annual_per_km2_1000": 0.40887671481111793 }, "geometry": { "type": "Polygon", "coordinates": [ [ [ -106.604559, 35.073631 ], [ -106.599983, 35.073599 ], [ -106.595904, 35.07296 ], [ -106.593337, 35.072899 ], [ -106.593321, 35.073708 ], [ -106.592341, 35.072976 ], [ -106.586218, 35.072941 ], [ -106.586373, 35.065622 ], [ -106.586478, 35.058356 ], [ -106.587643, 35.058191 ], [ -106.595254, 35.058226 ], [ -106.595176, 35.062867 ], [ -106.602978, 35.062889 ], [ -106.603041, 35.058241 ], [ -106.6043, 35.058258 ], [ -106.604279, 35.065608 ], [ -106.604493, 35.066178 ], [ -106.604499, 35.068223 ], [ -106.604518, 35.071844 ], [ -106.604559, 35.073631 ] ] ] } },
{ "type": "Feature", "properties": { "STATEFP": "35", "COUNTYFP": "001", "TRACTCE": "000125", "GEOIDFQ": "1400000US35001000125", "GEOID": "35001000125", "NAME": "1.25", "NAMELSAD": "Census Tract 1.25", "STUSPS": "NM", "NAMELSADCO": "Bernalillo County", "STATE_NAME": "New Mexico", "LSAD": "CT", "ALAND": 2453640, "AWATER": 126336, "centroid_lon": -106.48890245496885, "centroid_lat": 35.093556794019058, "B03002_001E": 4127, "B03002_001M": 724, "B03002_012E": 920, "B03002_012M": 164, "B19013_001E": 118971, "B19013_001M": 18029, "B01003_001E": 4127, "state": "35", "county": "001", "tract": "000125", "latino_share": 0.22292221952992489, "camera_count": 0, "arterial_road_m": 5802.0968425874362, "land_area_km2": 2.45364, "pop_density_per_km2": 1681.990838101759, "arterial_km_per_km2": 2.3646895398621788, "log_income": 11.686635044915619, "city": "Albuquerque", "crime_count_raw": 158, "crime_rate_annual_per_km2_1000": 0.13139837082267519 }, "geometry": { "type": "Polygon", "coordinates": [ [ [ -106.497591, 35.094786 ], [ -106.49732, 35.100862 ], [ -106.497308, 35.102687 ], [ -106.496357, 35.102789 ], [ -106.492631, 35.102832 ], [ -106.492825, 35.102152 ], [ -106.493098, 35.100735 ], [ -106.486699, 35.100685 ], [ -106.480608, 35.098913 ], [ -106.480024, 35.098718 ], [ -106.479962, 35.084922 ], [ -106.48374, 35.083974 ], [ -106.485546, 35.086582 ], [ -106.490007, 35.08865 ], [ -106.490991, 35.086907 ], [ -106.49131, 35.087176 ], [ -106.492957, 35.08616 ], [ -106.497112, 35.086265 ], [ -106.497653, 35.093052 ], [ -106.497591, 35.094786 ] ] ] } },
{ "type": "Feature", "properties": { "STATEFP": "35", "COUNTYFP": "001", "TRACTCE": "004753", "GEOIDFQ": "1400000US35001004753", "GEOID": "35001004753", "NAME": "47.53", "NAMELSAD": "Census Tract 47.53", "STUSPS": "NM", "NAMELSADCO": "Bernalillo County", "STATE_NAME": "New Mexico", "LSAD": "CT", "ALAND": 2766687, "AWATER": 72245, "centroid_lon": -106.66659333537048, "centroid_lat": 35.190988642107698, "B03002_001E": 4164, "B03002_001M": 979, "B03002_012E": 2179, "B03002_012M": 998, "B19013_001E": 108898, "B19013_001M": 7282, "B01003_001E": 4164, "state": "35", "county": "001", "tract": "004753", "latino_share": 0.52329490874159457, "camera_count": 5, "arterial_road_m": 10408.22627813442, "land_area_km2": 2.766687, "pop_density_per_km2": 1505.0491797590403, "arterial_km_per_km2": 3.7619818498205322, "log_income": 11.598166943279493, "city": "Albuquerque", "crime_count_raw": 519, "crime_rate_annual_per_km2_1000": 0.3827816102243623 }, "geometry": { "type": "Polygon", "coordinates": [ [ [ -106.680996, 35.198254 ], [ -106.679882, 35.200457 ], [ -106.67953, 35.201187 ], [ -106.678737, 35.202326 ], [ -106.677446, 35.202259 ], [ -106.674398, 35.200272 ], [ -106.667634, 35.197792 ], [ -106.666633, 35.197503 ], [ -106.663965, 35.195552 ], [ -106.661445, 35.193392 ], [ -106.657714, 35.190956 ], [ -106.655668, 35.189656 ], [ -106.650797, 35.186992 ], [ -106.650445, 35.186342 ], [ -106.652158, 35.184038 ], [ -106.652766, 35.182171 ], [ -106.660853, 35.181059 ], [ -106.665925, 35.180393 ], [ -106.668062, 35.18094 ], [ -106.667645, 35.181199 ], [ -106.662649, 35.186247 ], [ -106.664768, 35.187717 ], [ -106.665081, 35.188295 ], [ -106.665344, 35.189093 ], [ -106.667261, 35.189194 ], [ -106.676914, 35.190491 ], [ -106.678978, 35.191527 ], [ -106.680163, 35.191979 ], [ -106.680662, 35.192174 ], [ -106.679648, 35.194436 ], [ -106.680935, 35.197421 ], [ -106.680996, 35.198254 ] ] ] } },
{ "type": "Feature", "properties": { "STATEFP": "35", "COUNTYFP": "001", "TRACTCE": "003743", "GEOIDFQ": "1400000US35001003743", "GEOID": "35001003743", "NAME": "37.43", "NAMELSAD": "Census Tract 37.43", "STUSPS": "NM", "NAMELSADCO": "Bernalillo County", "STATE_NAME": "New Mexico", "LSAD": "CT", "ALAND": 3320745, "AWATER": 0, "centroid_lon": -106.54980136645462, "centroid_lat": 35.181657991086318, "B03002_001E": 6419, "B03002_001M": 815, "B03002_012E": 1694, "B03002_012M": 475, "B19013_001E": 135724, "B19013_001M": 17789, "B01003_001E": 6419, "state": "35", "county": "001", "tract": "003743", "latino_share": 0.2639040348964013, "camera_count": 0, "arterial_road_m": 14457.606880425883, "land_area_km2": 3.320745, "pop_density_per_km2": 1932.9999744033341, "arterial_km_per_km2": 4.35372390244535, "log_income": 11.818378690907128, "city": "Albuquerque", "crime_count_raw": 241, "crime_rate_annual_per_km2_1000": 0.14808983587099414 }, "geometry": { "type": "Polygon", "coordinates": [ [ [ -106.560105, 35.191684 ], [ -106.551091, 35.191675 ], [ -106.551107, 35.188802 ], [ -106.542208, 35.188788 ], [ -106.542244, 35.184401 ], [ -106.542222, 35.181553 ], [ -106.537298, 35.181536 ], [ -106.53729, 35.177172 ], [ -106.53344, 35.177197 ], [ -106.533442, 35.174669 ], [ -106.538349, 35.174707 ], [ -106.542244, 35.174487 ], [ -106.551096, 35.174058 ], [ -106.553915, 35.174052 ], [ -106.559936, 35.174268 ], [ -106.559913, 35.184457 ], [ -106.559841, 35.18827 ], [ -106.560105, 35.191684 ] ] ] } },
{ "type": "Feature", "properties": { "STATEFP": "35", "COUNTYFP": "001", "TRACTCE": "000908", "GEOIDFQ": "1400000US35001000908", "GEOID": "35001000908", "NAME": "9.08", "NAMELSAD": "Census Tract 9.08", "STUSPS": "NM", "NAMELSADCO": "Bernalillo County", "STATE_NAME": "New Mexico", "LSAD": "CT", "ALAND": 932815, "AWATER": 0, "centroid_lon": -106.56476907336895, "centroid_lat": 35.067422457246252, "B03002_001E": 4907, "B03002_001M": 1158, "B03002_012E": 4076, "B03002_012M": 1248, "B19013_001E": 33027, "B19013_001M": 8980, "B01003_001E": 4907, "state": "35", "county": "001", "tract": "000908", "latino_share": 0.83065009170572657, "camera_count": 0, "arterial_road_m": 3428.2079410454676, "land_area_km2": 0.932815, "pop_density_per_km2": 5260.4214126059296, "arterial_km_per_km2": 3.6751209415001558, "log_income": 10.405080687738513, "city": "Albuquerque", "crime_count_raw": 2172, "crime_rate_annual_per_km2_1000": 4.7512516831106604 }, "geometry": { "type": "Polygon", "coordinates": [ [ [ -106.56873, 35.065425 ], [ -106.568714, 35.067232 ], [ -106.568699, 35.069034 ], [ -106.568646, 35.072676 ], [ -106.564266, 35.072735 ], [ -106.563344, 35.072747 ], [ -106.559308, 35.072799 ], [ -106.559368, 35.068978 ], [ -106.559418, 35.06715 ], [ -106.559421, 35.065486 ], [ -106.559514, 35.065485 ], [ -106.564329, 35.065426 ], [ -106.566146, 35.059195 ], [ -106.56877, 35.058513 ], [ -106.56873, 35.065425 ] ] ] } },
{ "type": "Feature", "properties": { "STATEFP": "35", "COUNTYFP": "001", "TRACTCE": "004900", "GEOIDFQ": "1400000US35001004900", "GEOID": "35001004900", "NAME": "49", "NAMELSAD": "Census Tract 49", "STUSPS": "NM", "NAMELSADCO": "Bernalillo County", "STATE_NAME": "New Mexico", "LSAD": "CT", "ALAND": 1702957, "AWATER": 0, "centroid_lon": -106.63063757911614, "centroid_lat": 35.083320132758949, "B03002_001E": 3553, "B03002_001M": 558, "B03002_012E": 1102, "B03002_012M": 345, "B19013_001E": 31211, "B19013_001M": 6443, "B01003_001E": 3553, "state": "35", "county": "001", "tract": "004900", "latino_share": 0.31016042780748665, "camera_count": 0, "arterial_road_m": 12678.972519330699, "land_area_km2": 1.702957, "pop_density_per_km2": 2086.3709418382259, "arterial_km_per_km2": 7.4452687409786034, "log_income": 10.348525875764018, "city": "Albuquerque", "crime_count_raw": 1304, "crime_rate_annual_per_km2_1000": 1.5624914370103313 }, "geometry": { "type": "Polygon", "coordinates": [ [ [ -106.639027, 35.076054 ], [ -106.637854, 35.077507 ], [ -106.637329, 35.078688 ], [ -106.636516, 35.082751 ], [ -106.636058, 35.085205 ], [ -106.634993, 35.089561 ], [ -106.634312, 35.091391 ], [ -106.632181, 35.092028 ], [ -106.628712, 35.091826 ], [ -106.625259, 35.09031 ], [ -106.625385, 35.087765 ], [ -106.625539, 35.0869 ], [ -106.626121, 35.084122 ], [ -106.626444, 35.08347 ], [ -106.626824, 35.08141 ], [ -106.624006, 35.081092 ], [ -106.624031, 35.077998 ], [ -106.624077, 35.075035 ], [ -106.62667, 35.075045 ], [ -106.628149, 35.076651 ], [ -106.632272, 35.076642 ], [ -106.6335, 35.077788 ], [ -106.633483, 35.076617 ], [ -106.638439, 35.076636 ], [ -106.639027, 35.076054 ] ] ] } },
{ "type": "Feature", "properties": { "STATEFP": "35", "COUNTYFP": "001", "TRACTCE": "004758", "GEOIDFQ": "1400000US35001004758", "GEOID": "35001004758", "NAME": "47.58", "NAMELSAD": "Census Tract 47.58", "STUSPS": "NM", "NAMELSADCO": "Bernalillo County", "STATE_NAME": "New Mexico", "LSAD": "CT", "ALAND": 1722953, "AWATER": 21966, "centroid_lon": -106.73251431416854, "centroid_lat": 35.19841858142734, "B03002_001E": 3655, "B03002_001M": 571, "B03002_012E": 1388, "B03002_012M": 319, "B19013_001E": 82598, "B19013_001M": 9120, "B01003_001E": 3655, "state": "35", "county": "001", "tract": "004758", "latino_share": 0.37975376196990424, "camera_count": 0, "arterial_road_m": 9042.3370911096663, "land_area_km2": 1.722953, "pop_density_per_km2": 2121.3579244471557, "arterial_km_per_km2": 5.2481623649105149, "log_income": 11.321740746140868, "city": "Albuquerque", "crime_count_raw": 167, "crime_rate_annual_per_km2_1000": 0.1977820058954026 }, "geometry": { "type": "Polygon", "coordinates": [ [ [ -106.740504, 35.20501 ], [ -106.740137, 35.205011 ], [ -106.739979, 35.205197 ], [ -106.739758, 35.205312 ], [ -106.739269, 35.20545 ], [ -106.737864, 35.205611 ], [ -106.737522, 35.205714 ], [ -106.736906, 35.205771 ], [ -106.736529, 35.205858 ], [ -106.733852, 35.207201 ], [ -106.7303, 35.207634 ], [ -106.728575, 35.206926 ], [ -106.727727, 35.206927 ], [ -106.727726, 35.206536 ], [ -106.72766, 35.203284 ], [ -106.727655, 35.194682 ], [ -106.727654, 35.192136 ], [ -106.727675, 35.189103 ], [ -106.736554, 35.189084 ], [ -106.736375, 35.193542 ], [ -106.736922, 35.195192 ], [ -106.737629, 35.197647 ], [ -106.737086, 35.200155 ], [ -106.736685, 35.201329 ], [ -106.73655, 35.203241 ], [ -106.740498, 35.203244 ], [ -106.740504, 35.20501 ] ] ] } },
{ "type": "Feature", "properties": { "STATEFP": "35", "COUNTYFP": "001", "TRACTCE": "003744", "GEOIDFQ": "1400000US35001003744", "GEOID": "35001003744", "NAME": "37.44", "NAMELSAD": "Census Tract 37.44", "STUSPS": "NM", "NAMELSADCO": "Bernalillo County", "STATE_NAME": "New Mexico", "LSAD": "CT", "ALAND": 3221090, "AWATER": 0, "centroid_lon": -106.54352353508288, "centroid_lat": 35.191429869819082, "B03002_001E": 1524, "B03002_001M": 257, "B03002_012E": 335, "B03002_012M": 164, "B19013_001E": 250001, "B19013_001M": -333333333, "B01003_001E": 1524, "state": "35", "county": "001", "tract": "003744", "latino_share": 0.21981627296587927, "camera_count": 0, "arterial_road_m": 4619.7972681787523, "land_area_km2": 3.22109, "pop_density_per_km2": 473.13176595500283, "arterial_km_per_km2": 1.4342341468815689, "log_income": 12.429220196836383, "city": "Albuquerque", "crime_count_raw": 4, "crime_rate_annual_per_km2_1000": 0.0025339664962485482 }, "geometry": { "type": "Polygon", "coordinates": [ [ [ -106.56058, 35.199943 ], [ -106.524401, 35.195197 ], [ -106.524824, 35.194333 ], [ -106.526422, 35.194403 ], [ -106.529757, 35.194003 ], [ -106.533427, 35.19421 ], [ -106.53344, 35.177197 ], [ -106.53729, 35.177172 ], [ -106.537298, 35.181536 ], [ -106.542222, 35.181553 ], [ -106.542244, 35.184401 ], [ -106.542208, 35.188788 ], [ -106.551107, 35.188802 ], [ -106.551091, 35.191675 ], [ -106.560105, 35.191684 ], [ -106.560114, 35.193134 ], [ -106.559937, 35.194675 ], [ -106.559922, 35.197624 ], [ -106.560439, 35.199448 ], [ -106.56058, 35.199943 ] ] ] } },
{ "type": "Feature", "properties": { "STATEFP": "35", "COUNTYFP": "001", "TRACTCE": "004749", "GEOIDFQ": "1400000US35001004749", "GEOID": "35001004749", "NAME": "47.49", "NAMELSAD": "Census Tract 47.49", "STUSPS": "NM", "NAMELSADCO": "Bernalillo County", "STATE_NAME": "New Mexico", "LSAD": "CT", "ALAND": 1233779, "AWATER": 0, "centroid_lon": -106.70577561596893, "centroid_lat": 35.119766779163278, "B03002_001E": 4567, "B03002_001M": 735, "B03002_012E": 2711, "B03002_012M": 690, "B19013_001E": 47627, "B19013_001M": 8837, "B01003_001E": 4567, "state": "35", "county": "001", "tract": "004749", "latino_share": 0.59360630610904308, "camera_count": 0, "arterial_road_m": 10474.313282047446, "land_area_km2": 1.233779, "pop_density_per_km2": 3701.6353820254681, "arterial_km_per_km2": 8.4896187097101237, "log_income": 10.771155106297904, "city": "Albuquerque", "crime_count_raw": 889, "crime_rate_annual_per_km2_1000": 1.4703073345602613 }, "geometry": { "type": "Polygon", "coordinates": [ [ [ -106.714636, 35.112968 ], [ -106.708286, 35.116591 ], [ -106.707585, 35.11847 ], [ -106.707589, 35.119137 ], [ -106.708247, 35.121487 ], [ -106.708383, 35.121976 ], [ -106.708634, 35.122533 ], [ -106.709034, 35.123103 ], [ -106.709601, 35.123658 ], [ -106.710117, 35.124241 ], [ -106.710334, 35.124662 ], [ -106.710414, 35.125016 ], [ -106.71008, 35.126184 ], [ -106.709365, 35.126932 ], [ -106.708573, 35.127332 ], [ -106.706544, 35.127696 ], [ -106.704259, 35.128044 ], [ -106.701532, 35.128021 ], [ -106.701531, 35.121323 ], [ -106.701531, 35.11837 ], [ -106.701584, 35.115364 ], [ -106.702094, 35.11244 ], [ -106.702309, 35.112439 ], [ -106.711193, 35.112486 ], [ -106.714133, 35.112493 ], [ -106.714636, 35.112968 ] ] ] } },
{ "type": "Feature", "properties": { "STATEFP": "35", "COUNTYFP": "001", "TRACTCE": "003733", "GEOIDFQ": "1400000US35001003733", "GEOID": "35001003733", "NAME": "37.33", "NAMELSAD": "Census Tract 37.33", "STUSPS": "NM", "NAMELSADCO": "Bernalillo County", "STATE_NAME": "New Mexico", "LSAD": "CT", "ALAND": 2243354, "AWATER": 12897, "centroid_lon": -106.59410885496804, "centroid_lat": 35.137527325884626, "B03002_001E": 3288, "B03002_001M": 584, "B03002_012E": 1777, "B03002_012M": 534, "B19013_001E": 34871, "B19013_001M": 3090, "B01003_001E": 3288, "state": "35", "county": "001", "tract": "003733", "latino_share": 0.54045012165450124, "camera_count": 0, "arterial_road_m": 11971.749254637831, "land_area_km2": 2.243354, "pop_density_per_km2": 1465.6625748767246, "arterial_km_per_km2": 5.3365404009522477, "log_income": 10.459410817205152, "city": "Albuquerque", "crime_count_raw": 867, "crime_rate_annual_per_km2_1000": 0.78861498236511829 }, "geometry": { "type": "Polygon", "coordinates": [ [ [ -106.609628, 35.132666 ], [ -106.60511, 35.135413 ], [ -106.594955, 35.141615 ], [ -106.591956, 35.143693 ], [ -106.590708, 35.145245 ], [ -106.590116, 35.146377 ], [ -106.588513, 35.153115 ], [ -106.587741, 35.152642 ], [ -106.586852, 35.151602 ], [ -106.586439, 35.150372 ], [ -106.586426, 35.148036 ], [ -106.586467, 35.144901 ], [ -106.586461, 35.142102 ], [ -106.586408, 35.138594 ], [ -106.586482, 35.13093 ], [ -106.595298, 35.130926 ], [ -106.598628, 35.130903 ], [ -106.604067, 35.130951 ], [ -106.606769, 35.13114 ], [ -106.609628, 35.132666 ] ] ] } },
{ "type": "Feature", "properties": { "STATEFP": "35", "COUNTYFP": "001", "TRACTCE": "004750", "GEOIDFQ": "1400000US35001004750", "GEOID": "35001004750", "NAME": "47.50", "NAMELSAD": "Census Tract 47.50", "STUSPS": "NM", "NAMELSADCO": "Bernalillo County", "STATE_NAME": "New Mexico", "LSAD": "CT", "ALAND": 2411844, "AWATER": 0, "centroid_lon": -106.71736586743044, "centroid_lat": 35.105264213617652, "B03002_001E": 6221, "B03002_001M": 801, "B03002_012E": 3710, "B03002_012M": 704, "B19013_001E": 81250, "B19013_001M": 16316, "B01003_001E": 6221, "state": "35", "county": "001", "tract": "004750", "latino_share": 0.59636714354605369, "camera_count": 2, "arterial_road_m": 18319.170217468876, "land_area_km2": 2.411844, "pop_density_per_km2": 2579.3542202563681, "arterial_km_per_km2": 7.5955037794603948, "log_income": 11.305286100191983, "city": "Albuquerque", "crime_count_raw": 523, "crime_rate_annual_per_km2_1000": 0.44248261454232174 }, "geometry": { "type": "Polygon", "coordinates": [ [ [ -106.729705, 35.10434 ], [ -106.728, 35.104537 ], [ -106.723931, 35.106755 ], [ -106.720698, 35.108714 ], [ -106.718932, 35.110624 ], [ -106.714636, 35.112968 ], [ -106.714133, 35.112493 ], [ -106.711193, 35.112486 ], [ -106.702309, 35.112439 ], [ -106.702094, 35.11244 ], [ -106.704393, 35.106636 ], [ -106.704594, 35.106585 ], [ -106.706281, 35.106048 ], [ -106.711246, 35.10377 ], [ -106.718073, 35.10031 ], [ -106.71875, 35.09997 ], [ -106.722428, 35.098125 ], [ -106.729859, 35.094388 ], [ -106.729705, 35.10434 ] ] ] } },
{ "type": "Feature", "properties": { "STATEFP": "35", "COUNTYFP": "001", "TRACTCE": "000207", "GEOIDFQ": "1400000US35001000207", "GEOID": "35001000207", "NAME": "2.07", "NAMELSAD": "Census Tract 2.07", "STUSPS": "NM", "NAMELSADCO": "Bernalillo County", "STATE_NAME": "New Mexico", "LSAD": "CT", "ALAND": 2503995, "AWATER": 0, "centroid_lon": -106.57758325324775, "centroid_lat": 35.109357167283143, "B03002_001E": 2893, "B03002_001M": 350, "B03002_012E": 1315, "B03002_012M": 266, "B19013_001E": 69917, "B19013_001M": 27350, "B01003_001E": 2893, "state": "35", "county": "001", "tract": "000207", "latino_share": 0.45454545454545453, "camera_count": 24, "arterial_road_m": 15339.201310820688, "land_area_km2": 2.503995, "pop_density_per_km2": 1155.3537447159438, "arterial_km_per_km2": 6.1258913499510523, "log_income": 11.155064103230432, "city": "Albuquerque", "crime_count_raw": 1697, "crime_rate_annual_per_km2_1000": 1.3829042827519518 }, "geometry": { "type": "Polygon", "coordinates": [ [ [ -106.587839, 35.105426 ], [ -106.58634, 35.109171 ], [ -106.586412, 35.11649 ], [ -106.583727, 35.116406 ], [ -106.57764, 35.116412 ], [ -106.568909, 35.116424 ], [ -106.568849, 35.109127 ], [ -106.568761, 35.101869 ], [ -106.5746, 35.101913 ], [ -106.577581, 35.103683 ], [ -106.577573, 35.101215 ], [ -106.584171, 35.103675 ], [ -106.587469, 35.103935 ], [ -106.587839, 35.105426 ] ] ] } },
{ "type": "Feature", "properties": { "STATEFP": "35", "COUNTYFP": "001", "TRACTCE": "002401", "GEOIDFQ": "1400000US35001002401", "GEOID": "35001002401", "NAME": "24.01", "NAMELSAD": "Census Tract 24.01", "STUSPS": "NM", "NAMELSADCO": "Bernalillo County", "STATE_NAME": "New Mexico", "LSAD": "CT", "ALAND": 3226566, "AWATER": 393280, "centroid_lon": -106.69626338192381, "centroid_lat": 35.095154539679285, "B03002_001E": 4608, "B03002_001M": 1114, "B03002_012E": 3979, "B03002_012M": 1087, "B19013_001E": 48321, "B19013_001M": 12025, "B01003_001E": 4608, "state": "35", "county": "001", "tract": "002401", "latino_share": 0.86349826388888884, "camera_count": 6, "arterial_road_m": 18762.812337646264, "land_area_km2": 3.226566, "pop_density_per_km2": 1428.1437292775042, "arterial_km_per_km2": 5.8151026006120015, "log_income": 10.785621527758789, "city": "Albuquerque", "crime_count_raw": 2151, "crime_rate_annual_per_km2_1000": 1.3603278639081036 }, "geometry": { "type": "Polygon", "coordinates": [ [ [ -106.707122, 35.100397 ], [ -106.704594, 35.106585 ], [ -106.704393, 35.106636 ], [ -106.701334, 35.107107 ], [ -106.694467, 35.106685 ], [ -106.692339, 35.106509 ], [ -106.69181, 35.100429 ], [ -106.688631, 35.095331 ], [ -106.68814, 35.092685 ], [ -106.684855, 35.090628 ], [ -106.681167, 35.089069 ], [ -106.683855, 35.086267 ], [ -106.684712, 35.085836 ], [ -106.690525, 35.084436 ], [ -106.694318, 35.083618 ], [ -106.697966, 35.082788 ], [ -106.69863, 35.082646 ], [ -106.699646, 35.085586 ], [ -106.700523, 35.088501 ], [ -106.700727, 35.091564 ], [ -106.699872, 35.093746 ], [ -106.699846, 35.094324 ], [ -106.709613, 35.094361 ], [ -106.707122, 35.100397 ] ] ] } },
{ "type": "Feature", "properties": { "STATEFP": "35", "COUNTYFP": "001", "TRACTCE": "000501", "GEOIDFQ": "1400000US35001000501", "GEOID": "35001000501", "NAME": "5.01", "NAMELSAD": "Census Tract 5.01", "STUSPS": "NM", "NAMELSADCO": "Bernalillo County", "STATE_NAME": "New Mexico", "LSAD": "CT", "ALAND": 1288333, "AWATER": 0, "centroid_lon": -106.58182203840825, "centroid_lat": 35.080110506212144, "B03002_001E": 2686, "B03002_001M": 489, "B03002_012E": 926, "B03002_012M": 285, "B19013_001E": 43433, "B19013_001M": 12069, "B01003_001E": 2686, "state": "35", "county": "001", "tract": "000501", "latino_share": 0.34475055845122859, "camera_count": 5, "arterial_road_m": 8318.6145673886076, "land_area_km2": 1.288333, "pop_density_per_km2": 2084.8647050102732, "arterial_km_per_km2": 6.456882317994344, "log_income": 10.678974799818294, "city": "Albuquerque", "crime_count_raw": 3069, "crime_rate_annual_per_km2_1000": 4.8608530713643896 }, "geometry": { "type": "Polygon", "coordinates": [ [ [ -106.586191, 35.07779 ], [ -106.586185, 35.087416 ], [ -106.57748, 35.087355 ], [ -106.577453, 35.078849 ], [ -106.577445, 35.076797 ], [ -106.57748, 35.072756 ], [ -106.586218, 35.072941 ], [ -106.586191, 35.07779 ] ] ] } },
{ "type": "Feature", "properties": { "STATEFP": "35", "COUNTYFP": "001", "TRACTCE": "000122", "GEOIDFQ": "1400000US35001000122", "GEOID": "35001000122", "NAME": "1.22", "NAMELSAD": "Census Tract 1.22", "STUSPS": "NM", "NAMELSADCO": "Bernalillo County", "STATE_NAME": "New Mexico", "LSAD": "CT", "ALAND": 2634946, "AWATER": 0, "centroid_lon": -106.55987602531832, "centroid_lat": 35.109187252382426, "B03002_001E": 4685, "B03002_001M": 1039, "B03002_012E": 2738, "B03002_012M": 1064, "B19013_001E": 58750, "B19013_001M": 12106, "B01003_001E": 4685, "state": "35", "county": "001", "tract": "000122", "latino_share": 0.58441835645677698, "camera_count": 5, "arterial_road_m": 12640.150177929785, "land_area_km2": 2.634946, "pop_density_per_km2": 1778.02505250582, "arterial_km_per_km2": 4.7971192494759993, "log_income": 10.981046432006405, "city": "Albuquerque", "crime_count_raw": 860, "crime_rate_annual_per_km2_1000": 0.66599423305117655 }, "geometry": { "type": "Polygon", "coordinates": [ [ [ -106.568909, 35.116424 ], [ -106.563361, 35.116454 ], [ -106.562234, 35.116414 ], [ -106.559879, 35.11643 ], [ -106.554361, 35.11643 ], [ -106.550911, 35.11645 ], [ -106.550896, 35.109234 ], [ -106.550848, 35.103689 ], [ -106.55081, 35.102017 ], [ -106.555058, 35.101959 ], [ -106.556107, 35.10195 ], [ -106.559792, 35.101932 ], [ -106.568761, 35.101869 ], [ -106.568849, 35.109127 ], [ -106.568909, 35.116424 ] ] ] } },
{ "type": "Feature", "properties": { "STATEFP": "35", "COUNTYFP": "001", "TRACTCE": "000203", "GEOIDFQ": "1400000US35001000203", "GEOID": "35001000203", "NAME": "2.03", "NAMELSAD": "Census Tract 2.03", "STUSPS": "NM", "NAMELSADCO": "Bernalillo County", "STATE_NAME": "New Mexico", "LSAD": "CT", "ALAND": 1179728, "AWATER": 301, "centroid_lon": -106.57765167100578, "centroid_lat": 35.127507715342865, "B03002_001E": 2261, "B03002_001M": 373, "B03002_012E": 525, "B03002_012M": 144, "B19013_001E": 48102, "B19013_001M": 16467, "B01003_001E": 2261, "state": "35", "county": "001", "tract": "000203", "latino_share": 0.23219814241486067, "camera_count": 4, "arterial_road_m": 8281.218228470032, "land_area_km2": 1.179728, "pop_density_per_km2": 1916.5434744280035, "arterial_km_per_km2": 7.0195996267529726, "log_income": 10.781079035271006, "city": "Albuquerque", "crime_count_raw": 275, "crime_rate_annual_per_km2_1000": 0.47565771281289831 }, "geometry": { "type": "Polygon", "coordinates": [ [ [ -106.586482, 35.13093 ], [ -106.577652, 35.130857 ], [ -106.568664, 35.130763 ], [ -106.568739, 35.126196 ], [ -106.568768, 35.123542 ], [ -106.570726, 35.123597 ], [ -106.577266, 35.125069 ], [ -106.580477, 35.125195 ], [ -106.583756, 35.123311 ], [ -106.58643, 35.123293 ], [ -106.586482, 35.13093 ] ] ] } },
{ "type": "Feature", "properties": { "STATEFP": "35", "COUNTYFP": "001", "TRACTCE": "000111", "GEOIDFQ": "1400000US35001000111", "GEOID": "35001000111", "NAME": "1.11", "NAMELSAD": "Census Tract 1.11", "STUSPS": "NM", "NAMELSADCO": "Bernalillo County", "STATE_NAME": "New Mexico", "LSAD": "CT", "ALAND": 1339721, "AWATER": 0, "centroid_lon": -106.50652122718057, "centroid_lat": 35.119805807224736, "B03002_001E": 3175, "B03002_001M": 525, "B03002_012E": 1039, "B03002_012M": 456, "B19013_001E": 104537, "B19013_001M": 25694, "B01003_001E": 3175, "state": "35", "county": "001", "tract": "000111", "latino_share": 0.32724409448818897, "camera_count": 3, "arterial_road_m": 6098.2521306507915, "land_area_km2": 1.339721, "pop_density_per_km2": 2369.8964187319598, "arterial_km_per_km2": 4.5518821684894029, "log_income": 11.557296354705725, "city": "Albuquerque", "crime_count_raw": 125, "crime_rate_annual_per_km2_1000": 0.19038791802083316 }, "geometry": { "type": "Polygon", "coordinates": [ [ [ -106.515684, 35.123547 ], [ -106.511251, 35.123524 ], [ -106.504514, 35.123471 ], [ -106.500541, 35.123454 ], [ -106.497742, 35.123424 ], [ -106.497478, 35.115584 ], [ -106.50528, 35.116238 ], [ -106.506517, 35.116339 ], [ -106.508202, 35.116369 ], [ -106.51564, 35.116257 ], [ -106.515684, 35.123547 ] ] ] } },
{ "type": "Feature", "properties": { "STATEFP": "35", "COUNTYFP": "001", "TRACTCE": "004713", "GEOIDFQ": "1400000US35001004713", "GEOID": "35001004713", "NAME": "47.13", "NAMELSAD": "Census Tract 47.13", "STUSPS": "NM", "NAMELSADCO": "Bernalillo County", "STATE_NAME": "New Mexico", "LSAD": "CT", "ALAND": 2823107, "AWATER": 0, "centroid_lon": -106.74883895945666, "centroid_lat": 35.048641364643586, "B03002_001E": 7271, "B03002_001M": 1153, "B03002_012E": 6173, "B03002_012M": 1280, "B19013_001E": 62536, "B19013_001M": 16260, "B01003_001E": 7271, "state": "35", "county": "001", "tract": "004713", "latino_share": 0.84898913491954342, "camera_count": 0, "arterial_road_m": 8516.1921698214246, "land_area_km2": 2.823107, "pop_density_per_km2": 2575.5311435237845, "arterial_km_per_km2": 3.0166026898099947, "log_income": 11.043497669900166, "city": "Albuquerque", "crime_count_raw": 470, "crime_rate_annual_per_km2_1000": 0.33971463412993036 }, "geometry": { "type": "Polygon", "coordinates": [ [ [ -106.760144, 35.0554 ], [ -106.757164, 35.055347 ], [ -106.75721, 35.055398 ], [ -106.756968, 35.055344 ], [ -106.756968, 35.056147 ], [ -106.756901, 35.056183 ], [ -106.755535, 35.056193 ], [ -106.75187, 35.056133 ], [ -106.751152, 35.055801 ], [ -106.749818, 35.055456 ], [ -106.744149, 35.055488 ], [ -106.741575, 35.055499 ], [ -106.740794, 35.055648 ], [ -106.740553, 35.055691 ], [ -106.739956, 35.052242 ], [ -106.738099, 35.048886 ], [ -106.737372, 35.047489 ], [ -106.737328, 35.04665 ], [ -106.737328, 35.043331 ], [ -106.755312, 35.040314 ], [ -106.756278, 35.039955 ], [ -106.7572, 35.043822 ], [ -106.757248, 35.044319 ], [ -106.760144, 35.0554 ] ] ] } },
{ "type": "Feature", "properties": { "STATEFP": "35", "COUNTYFP": "001", "TRACTCE": "004724", "GEOIDFQ": "1400000US35001004724", "GEOID": "35001004724", "NAME": "47.24", "NAMELSAD": "Census Tract 47.24", "STUSPS": "NM", "NAMELSADCO": "Bernalillo County", "STATE_NAME": "New Mexico", "LSAD": "CT", "ALAND": 1679719, "AWATER": 0, "centroid_lon": -106.7047003922779, "centroid_lat": 35.164796359266326, "B03002_001E": 2930, "B03002_001M": 369, "B03002_012E": 1671, "B03002_012M": 290, "B19013_001E": 89583, "B19013_001M": 9540, "B01003_001E": 2930, "state": "35", "county": "001", "tract": "004724", "latino_share": 0.57030716723549491, "camera_count": 0, "arterial_road_m": 4047.2329875867936, "land_area_km2": 1.679719, "pop_density_per_km2": 1744.3393805749652, "arterial_km_per_km2": 2.4094702671022916, "log_income": 11.402920848818745, "city": "Albuquerque", "crime_count_raw": 74, "crime_rate_annual_per_km2_1000": 0.089895679941658618 }, "geometry": { "type": "Polygon", "coordinates": [ [ [ -106.718392, 35.159512 ], [ -106.714377, 35.158684 ], [ -106.713815, 35.161338 ], [ -106.71293, 35.162078 ], [ -106.712707, 35.164068 ], [ -106.711395, 35.166058 ], [ -106.709827, 35.166426 ], [ -106.709868, 35.168091 ], [ -106.706307, 35.169223 ], [ -106.705336, 35.169119 ], [ -106.704519, 35.166532 ], [ -106.70492, 35.165512 ], [ -106.704082, 35.165765 ], [ -106.702788, 35.167051 ], [ -106.703354, 35.171487 ], [ -106.702193, 35.172328 ], [ -106.698087, 35.172115 ], [ -106.697449, 35.173304 ], [ -106.696522, 35.17305 ], [ -106.695502, 35.170958 ], [ -106.695252, 35.169418 ], [ -106.696238, 35.166939 ], [ -106.696511, 35.164891 ], [ -106.69559, 35.162924 ], [ -106.699019, 35.161582 ], [ -106.703016, 35.161969 ], [ -106.703304, 35.161516 ], [ -106.704088, 35.160399 ], [ -106.705538, 35.160038 ], [ -106.707452, 35.159997 ], [ -106.710097, 35.157821 ], [ -106.710764, 35.15759 ], [ -106.71835, 35.157625 ], [ -106.718392, 35.159512 ] ] ] } },
{ "type": "Feature", "properties": { "STATEFP": "35", "COUNTYFP": "001", "TRACTCE": "004720", "GEOIDFQ": "1400000US35001004720", "GEOID": "35001004720", "NAME": "47.20", "NAMELSAD": "Census Tract 47.20", "STUSPS": "NM", "NAMELSADCO": "Bernalillo County", "STATE_NAME": "New Mexico", "LSAD": "CT", "ALAND": 2722390, "AWATER": 72603, "centroid_lon": -106.6903462437345, "centroid_lat": 35.199095374017702, "B03002_001E": 3648, "B03002_001M": 527, "B03002_012E": 1416, "B03002_012M": 369, "B19013_001E": 62206, "B19013_001M": 13542, "B01003_001E": 3648, "state": "35", "county": "001", "tract": "004720", "latino_share": 0.38815789473684209, "camera_count": 3, "arterial_road_m": 6377.7296975600866, "land_area_km2": 2.72239, "pop_density_per_km2": 1339.9990449568211, "arterial_km_per_km2": 2.3426950942223881, "log_income": 11.038206737097521, "city": "Albuquerque", "crime_count_raw": 78, "crime_rate_annual_per_km2_1000": 0.058463929031962396 }, "geometry": { "type": "Polygon", "coordinates": [ [ [ -106.703289, 35.203334 ], [ -106.703156, 35.205263 ], [ -106.702922, 35.206147 ], [ -106.699979, 35.205665 ], [ -106.696768, 35.203946 ], [ -106.693998, 35.204209 ], [ -106.688159, 35.206259 ], [ -106.687124, 35.206048 ], [ -106.685632, 35.206578 ], [ -106.681856, 35.205032 ], [ -106.679822, 35.202315 ], [ -106.678737, 35.202326 ], [ -106.67953, 35.201187 ], [ -106.679882, 35.200457 ], [ -106.680996, 35.198254 ], [ -106.680935, 35.197421 ], [ -106.679648, 35.194436 ], [ -106.680662, 35.192174 ], [ -106.681136, 35.191389 ], [ -106.683129, 35.190235 ], [ -106.684091, 35.189751 ], [ -106.684742, 35.190106 ], [ -106.686544, 35.191063 ], [ -106.6919, 35.192433 ], [ -106.695778, 35.195285 ], [ -106.696945, 35.196067 ], [ -106.698529, 35.196769 ], [ -106.70024, 35.196937 ], [ -106.703262, 35.196946 ], [ -106.703288, 35.203213 ], [ -106.703289, 35.203334 ] ] ] } },
{ "type": "Feature", "properties": { "STATEFP": "35", "COUNTYFP": "001", "TRACTCE": "004722", "GEOIDFQ": "1400000US35001004722", "GEOID": "35001004722", "NAME": "47.22", "NAMELSAD": "Census Tract 47.22", "STUSPS": "NM", "NAMELSADCO": "Bernalillo County", "STATE_NAME": "New Mexico", "LSAD": "CT", "ALAND": 5798735, "AWATER": 422886, "centroid_lon": -106.67174336475614, "centroid_lat": 35.164224779421389, "B03002_001E": 5220, "B03002_001M": 752, "B03002_012E": 2088, "B03002_012M": 651, "B19013_001E": 84091, "B19013_001M": 6854, "B01003_001E": 5220, "state": "35", "county": "001", "tract": "004722", "latino_share": 0.4, "camera_count": 1, "arterial_road_m": 13979.253260079568, "land_area_km2": 5.798735, "pop_density_per_km2": 900.19633592499054, "arterial_km_per_km2": 2.4107418704389092, "log_income": 11.339654824776689, "city": "Albuquerque", "crime_count_raw": 394, "crime_rate_annual_per_km2_1000": 0.13864579307866656 }, "geometry": { "type": "Polygon", "coordinates": [ [ [ -106.694192, 35.15573 ], [ -106.692868, 35.157576 ], [ -106.692325, 35.159064 ], [ -106.690553, 35.158686 ], [ -106.688102, 35.159847 ], [ -106.685691, 35.159902 ], [ -106.683479, 35.159878 ], [ -106.682355, 35.159994 ], [ -106.679262, 35.160034 ], [ -106.679057, 35.160035 ], [ -106.677279, 35.163058 ], [ -106.673581, 35.174402 ], [ -106.672741, 35.176058 ], [ -106.668062, 35.18094 ], [ -106.665925, 35.180393 ], [ -106.660853, 35.181059 ], [ -106.652766, 35.182171 ], [ -106.653081, 35.179343 ], [ -106.652179, 35.176843 ], [ -106.652478, 35.175744 ], [ -106.654118, 35.172587 ], [ -106.659368, 35.166647 ], [ -106.664166, 35.163948 ], [ -106.665501, 35.16255 ], [ -106.666718, 35.159586 ], [ -106.667984, 35.157916 ], [ -106.670858, 35.152063 ], [ -106.674805, 35.147714 ], [ -106.678431, 35.145765 ], [ -106.682552, 35.147786 ], [ -106.683187, 35.148132 ], [ -106.686094, 35.149584 ], [ -106.686313, 35.149696 ], [ -106.689606, 35.151357 ], [ -106.691837, 35.152214 ], [ -106.693773, 35.15254 ], [ -106.694287, 35.15514 ], [ -106.694192, 35.15573 ] ] ] } },
{ "type": "Feature", "properties": { "STATEFP": "35", "COUNTYFP": "001", "TRACTCE": "000110", "GEOIDFQ": "1400000US35001000110", "GEOID": "35001000110", "NAME": "1.10", "NAMELSAD": "Census Tract 1.10", "STUSPS": "NM", "NAMELSADCO": "Bernalillo County", "STATE_NAME": "New Mexico", "LSAD": "CT", "ALAND": 1293626, "AWATER": 0, "centroid_lon": -106.52446537097822, "centroid_lat": 35.119869855602914, "B03002_001E": 3468, "B03002_001M": 439, "B03002_012E": 1173, "B03002_012M": 201, "B19013_001E": 55417, "B19013_001M": 22326, "B01003_001E": 3468, "state": "35", "county": "001", "tract": "000110", "latino_share": 0.33823529411764708, "camera_count": 0, "arterial_road_m": 5622.2990805525351, "land_area_km2": 1.293626, "pop_density_per_km2": 2680.8366560350519, "arterial_km_per_km2": 4.3461549787593441, "log_income": 10.922641684869495, "city": "Albuquerque", "crime_count_raw": 390, "crime_rate_annual_per_km2_1000": 0.61517631741061207 }, "geometry": { "type": "Polygon", "coordinates": [ [ [ -106.53329, 35.123425 ], [ -106.530269, 35.12348 ], [ -106.528509, 35.123466 ], [ -106.524516, 35.12348 ], [ -106.521585, 35.12356 ], [ -106.520579, 35.123544 ], [ -106.518141, 35.123536 ], [ -106.515684, 35.123547 ], [ -106.51564, 35.116257 ], [ -106.516682, 35.116279 ], [ -106.519856, 35.116262 ], [ -106.521332, 35.116247 ], [ -106.524457, 35.11626 ], [ -106.529322, 35.11621 ], [ -106.533235, 35.116175 ], [ -106.533288, 35.118788 ], [ -106.53329, 35.123425 ] ] ] } },
{ "type": "Feature", "properties": { "STATEFP": "35", "COUNTYFP": "001", "TRACTCE": "003715", "GEOIDFQ": "1400000US35001003715", "GEOID": "35001003715", "NAME": "37.15", "NAMELSAD": "Census Tract 37.15", "STUSPS": "NM", "NAMELSADCO": "Bernalillo County", "STATE_NAME": "New Mexico", "LSAD": "CT", "ALAND": 3963096, "AWATER": 27236, "centroid_lon": -106.54215354867169, "centroid_lat": 35.153947139265775, "B03002_001E": 4048, "B03002_001M": 426, "B03002_012E": 1022, "B03002_012M": 239, "B19013_001E": 93125, "B19013_001M": 20825, "B01003_001E": 4048, "state": "35", "county": "001", "tract": "003715", "latino_share": 0.25247035573122528, "camera_count": 0, "arterial_road_m": 13830.419052042724, "land_area_km2": 3.963096, "pop_density_per_km2": 1021.4236546376873, "arterial_km_per_km2": 3.4898016732480674, "log_income": 11.44169795568186, "city": "Albuquerque", "crime_count_raw": 184, "crime_rate_annual_per_km2_1000": 0.09473860095855785 }, "geometry": { "type": "Polygon", "coordinates": [ [ [ -106.561039, 35.154077 ], [ -106.559861, 35.157843 ], [ -106.559872, 35.158894 ], [ -106.559901, 35.159456 ], [ -106.555277, 35.159469 ], [ -106.54225, 35.15955 ], [ -106.533726, 35.159477 ], [ -106.533435, 35.159747 ], [ -106.524662, 35.159716 ], [ -106.524388, 35.158907 ], [ -106.524521, 35.154364 ], [ -106.524818, 35.151959 ], [ -106.526928, 35.148778 ], [ -106.52938, 35.145703 ], [ -106.532914, 35.147394 ], [ -106.537449, 35.147823 ], [ -106.538963, 35.148862 ], [ -106.539664, 35.14995 ], [ -106.539867, 35.151317 ], [ -106.542147, 35.151023 ], [ -106.547816, 35.148708 ], [ -106.553852, 35.146124 ], [ -106.554851, 35.147409 ], [ -106.560435, 35.151895 ], [ -106.56068, 35.152427 ], [ -106.561039, 35.154077 ] ] ] } },
{ "type": "Feature", "properties": { "STATEFP": "35", "COUNTYFP": "001", "TRACTCE": "000112", "GEOIDFQ": "1400000US35001000112", "GEOID": "35001000112", "NAME": "1.12", "NAMELSAD": "Census Tract 1.12", "STUSPS": "NM", "NAMELSADCO": "Bernalillo County", "STATE_NAME": "New Mexico", "LSAD": "CT", "ALAND": 2195882, "AWATER": 22171, "centroid_lon": -106.48891493058888, "centroid_lat": 35.107282839035399, "B03002_001E": 1896, "B03002_001M": 342, "B03002_012E": 327, "B03002_012M": 120, "B19013_001E": 111339, "B19013_001M": 14453, "B01003_001E": 1896, "state": "35", "county": "001", "tract": "000112", "latino_share": 0.17246835443037975, "camera_count": 0, "arterial_road_m": 3388.9561850627579, "land_area_km2": 2.195882, "pop_density_per_km2": 863.43437397820094, "arterial_km_per_km2": 1.543323450468995, "log_income": 11.620334880199051, "city": "Albuquerque", "crime_count_raw": 79, "crime_rate_annual_per_km2_1000": 0.073411116486529968 }, "geometry": { "type": "Polygon", "coordinates": [ [ [ -106.497478, 35.115584 ], [ -106.489568, 35.115596 ], [ -106.488625, 35.113684 ], [ -106.488771, 35.11073 ], [ -106.489069, 35.109689 ], [ -106.488338, 35.111043 ], [ -106.484644, 35.11105 ], [ -106.481717, 35.11185 ], [ -106.480044, 35.112742 ], [ -106.48006, 35.101141 ], [ -106.480032, 35.098976 ], [ -106.480024, 35.098718 ], [ -106.480608, 35.098913 ], [ -106.486699, 35.100685 ], [ -106.493098, 35.100735 ], [ -106.492825, 35.102152 ], [ -106.492631, 35.102832 ], [ -106.496357, 35.102789 ], [ -106.497308, 35.102687 ], [ -106.497356, 35.109315 ], [ -106.497478, 35.115584 ] ] ] } },
{ "type": "Feature", "properties": { "STATEFP": "35", "COUNTYFP": "001", "TRACTCE": "000603", "GEOIDFQ": "1400000US35001000603", "GEOID": "35001000603", "NAME": "6.03", "NAMELSAD": "Census Tract 6.03", "STUSPS": "NM", "NAMELSADCO": "Bernalillo County", "STATE_NAME": "New Mexico", "LSAD": "CT", "ALAND": 1484877, "AWATER": 0, "centroid_lon": -106.55554538104741, "centroid_lat": 35.079687852656619, "B03002_001E": 4509, "B03002_001M": 808, "B03002_012E": 2834, "B03002_012M": 695, "B19013_001E": 30181, "B19013_001M": 8837, "B01003_001E": 4509, "state": "35", "county": "001", "tract": "000603", "latino_share": 0.62852073630516747, "camera_count": 9, "arterial_road_m": 8532.9427256300332, "land_area_km2": 1.484877, "pop_density_per_km2": 3036.6151539824509, "arterial_km_per_km2": 5.7465653556692118, "log_income": 10.31496786629908, "city": "Albuquerque", "crime_count_raw": 3574, "crime_rate_annual_per_km2_1000": 4.9114282565774836 }, "geometry": { "type": "Polygon", "coordinates": [ [ [ -106.563315, 35.075322 ], [ -106.560133, 35.074973 ], [ -106.559857, 35.078151 ], [ -106.559796, 35.080078 ], [ -106.560136, 35.081886 ], [ -106.559861, 35.08423 ], [ -106.559886, 35.087268 ], [ -106.550592, 35.087348 ], [ -106.55036, 35.079921 ], [ -106.550451, 35.076349 ], [ -106.550441, 35.07387 ], [ -106.550462, 35.072759 ], [ -106.554876, 35.07279 ], [ -106.559308, 35.072799 ], [ -106.563344, 35.072747 ], [ -106.563315, 35.075322 ] ] ] } },
{ "type": "Feature", "properties": { "STATEFP": "35", "COUNTYFP": "001", "TRACTCE": "000108", "GEOIDFQ": "1400000US35001000108", "GEOID": "35001000108", "NAME": "1.08", "NAMELSAD": "Census Tract 1.08", "STUSPS": "NM", "NAMELSADCO": "Bernalillo County", "STATE_NAME": "New Mexico", "LSAD": "CT", "ALAND": 1297390, "AWATER": 0, "centroid_lon": -106.50673099203472, "centroid_lat": 35.127074533278019, "B03002_001E": 2613, "B03002_001M": 362, "B03002_012E": 604, "B03002_012M": 175, "B19013_001E": 68079, "B19013_001M": 34397, "B01003_001E": 2613, "state": "35", "county": "001", "tract": "000108", "latino_share": 0.23115193264446995, "camera_count": 2, "arterial_road_m": 5575.0804447887858, "land_area_km2": 1.29739, "pop_density_per_km2": 2014.0435798025264, "arterial_km_per_km2": 4.2971507756255143, "log_income": 11.128424074537731, "city": "Albuquerque", "crime_count_raw": 297, "crime_rate_annual_per_km2_1000": 0.46712126654208963 }, "geometry": { "type": "Polygon", "coordinates": [ [ [ -106.515681, 35.13066 ], [ -106.515082, 35.130684 ], [ -106.50795, 35.130676 ], [ -106.506028, 35.13067 ], [ -106.500258, 35.130651 ], [ -106.498078, 35.130651 ], [ -106.497886, 35.130655 ], [ -106.497742, 35.123424 ], [ -106.500541, 35.123454 ], [ -106.504514, 35.123471 ], [ -106.511251, 35.123524 ], [ -106.515684, 35.123547 ], [ -106.515681, 35.13066 ] ] ] } },
{ "type": "Feature", "properties": { "STATEFP": "35", "COUNTYFP": "001", "TRACTCE": "003202", "GEOIDFQ": "1400000US35001003202", "GEOID": "35001003202", "NAME": "32.02", "NAMELSAD": "Census Tract 32.02", "STUSPS": "NM", "NAMELSADCO": "Bernalillo County", "STATE_NAME": "New Mexico", "LSAD": "CT", "ALAND": 4536743, "AWATER": 0, "centroid_lon": -106.64442867827501, "centroid_lat": 35.125021733107594, "B03002_001E": 4876, "B03002_001M": 888, "B03002_012E": 2507, "B03002_012M": 533, "B19013_001E": 58175, "B19013_001M": 28329, "B01003_001E": 4876, "state": "35", "county": "001", "tract": "003202", "latino_share": 0.51415094339622647, "camera_count": 0, "arterial_road_m": 16686.372006833211, "land_area_km2": 4.536743, "pop_density_per_km2": 1074.7798585901824, "arterial_km_per_km2": 3.6780509733157043, "log_income": 10.971210988170492, "city": "Albuquerque", "crime_count_raw": 784, "crime_rate_annual_per_km2_1000": 0.35262704801983319 }, "geometry": { "type": "Polygon", "coordinates": [ [ [ -106.665523, 35.127493 ], [ -106.66468, 35.129535 ], [ -106.662748, 35.134581 ], [ -106.658379, 35.1338 ], [ -106.652691, 35.133169 ], [ -106.651785, 35.133049 ], [ -106.650686, 35.132882 ], [ -106.6476, 35.132096 ], [ -106.646977, 35.131914 ], [ -106.642859, 35.130325 ], [ -106.641713, 35.130028 ], [ -106.639504, 35.130051 ], [ -106.638872, 35.129928 ], [ -106.635511, 35.128617 ], [ -106.635462, 35.128574 ], [ -106.630044, 35.127062 ], [ -106.628666, 35.124839 ], [ -106.628192, 35.124481 ], [ -106.624919, 35.123854 ], [ -106.621976, 35.12382 ], [ -106.621701, 35.123827 ], [ -106.623121, 35.121491 ], [ -106.625732, 35.11441 ], [ -106.626038, 35.114483 ], [ -106.634561, 35.116634 ], [ -106.639235, 35.118376 ], [ -106.639379, 35.118419 ], [ -106.644818, 35.119939 ], [ -106.655006, 35.122708 ], [ -106.660564, 35.123532 ], [ -106.664007, 35.123419 ], [ -106.665938, 35.123854 ], [ -106.665523, 35.127493 ] ] ] } },
{ "type": "Feature", "properties": { "STATEFP": "35", "COUNTYFP": "001", "TRACTCE": "004728", "GEOIDFQ": "1400000US35001004728", "GEOID": "35001004728", "NAME": "47.28", "NAMELSAD": "Census Tract 47.28", "STUSPS": "NM", "NAMELSADCO": "Bernalillo County", "STATE_NAME": "New Mexico", "LSAD": "CT", "ALAND": 2636729, "AWATER": 0, "centroid_lon": -106.70102037535688, "centroid_lat": 35.142312768503416, "B03002_001E": 5049, "B03002_001M": 791, "B03002_012E": 2189, "B03002_012M": 425, "B19013_001E": 86944, "B19013_001M": 12985, "B01003_001E": 5049, "state": "35", "county": "001", "tract": "004728", "latino_share": 0.43355119825708061, "camera_count": 0, "arterial_road_m": 14424.461021682699, "land_area_km2": 2.636729, "pop_density_per_km2": 1914.8725561102412, "arterial_km_per_km2": 5.4705891358887087, "log_income": 11.373019512226074, "city": "Albuquerque", "crime_count_raw": 473, "crime_rate_annual_per_km2_1000": 0.36604913217122281 }, "geometry": { "type": "Polygon", "coordinates": [ [ [ -106.712762, 35.145359 ], [ -106.709996, 35.14546 ], [ -106.709337, 35.145476 ], [ -106.70492, 35.145468 ], [ -106.704841, 35.146648 ], [ -106.698279, 35.152537 ], [ -106.696738, 35.152542 ], [ -106.693773, 35.15254 ], [ -106.691837, 35.152214 ], [ -106.689606, 35.151357 ], [ -106.686313, 35.149696 ], [ -106.686094, 35.149584 ], [ -106.68769, 35.148229 ], [ -106.692623, 35.145024 ], [ -106.698601, 35.140906 ], [ -106.700196, 35.138892 ], [ -106.701371, 35.135817 ], [ -106.701532, 35.128021 ], [ -106.704259, 35.128044 ], [ -106.706544, 35.127696 ], [ -106.708435, 35.13483 ], [ -106.709243, 35.137965 ], [ -106.7093, 35.138385 ], [ -106.709917, 35.14117 ], [ -106.71055, 35.142189 ], [ -106.712762, 35.145359 ] ] ] } },
{ "type": "Feature", "properties": { "STATEFP": "35", "COUNTYFP": "001", "TRACTCE": "000113", "GEOIDFQ": "1400000US35001000113", "GEOID": "35001000113", "NAME": "1.13", "NAMELSAD": "Census Tract 1.13", "STUSPS": "NM", "NAMELSADCO": "Bernalillo County", "STATE_NAME": "New Mexico", "LSAD": "CT", "ALAND": 1331323, "AWATER": 0, "centroid_lon": -106.50671455097086, "centroid_lat": 35.112499036773002, "B03002_001E": 3248, "B03002_001M": 524, "B03002_012E": 943, "B03002_012M": 246, "B19013_001E": 82348, "B19013_001M": 27723, "B01003_001E": 3248, "state": "35", "county": "001", "tract": "000113", "latino_share": 0.29033251231527096, "camera_count": 0, "arterial_road_m": 6917.0636441172692, "land_area_km2": 1.331323, "pop_density_per_km2": 2439.6784251455133, "arterial_km_per_km2": 5.1956314464012632, "log_income": 11.3187094487292, "city": "Albuquerque", "crime_count_raw": 425, "crime_rate_annual_per_km2_1000": 0.65140221608421189 }, "geometry": { "type": "Polygon", "coordinates": [ [ [ -106.51564, 35.116257 ], [ -106.508202, 35.116369 ], [ -106.506517, 35.116339 ], [ -106.50528, 35.116238 ], [ -106.497478, 35.115584 ], [ -106.497356, 35.109315 ], [ -106.500958, 35.108795 ], [ -106.506512, 35.108873 ], [ -106.510124, 35.108704 ], [ -106.515567, 35.108868 ], [ -106.51564, 35.116257 ] ] ] } },
{ "type": "Feature", "properties": { "STATEFP": "35", "COUNTYFP": "001", "TRACTCE": "004734", "GEOIDFQ": "1400000US35001004734", "GEOID": "35001004734", "NAME": "47.34", "NAMELSAD": "Census Tract 47.34", "STUSPS": "NM", "NAMELSADCO": "Bernalillo County", "STATE_NAME": "New Mexico", "LSAD": "CT", "ALAND": 1635656, "AWATER": 0, "centroid_lon": -106.72048254277823, "centroid_lat": 35.048284053588738, "B03002_001E": 5860, "B03002_001M": 1212, "B03002_012E": 5233, "B03002_012M": 1219, "B19013_001E": 55820, "B19013_001M": 11240, "B01003_001E": 5860, "state": "35", "county": "001", "tract": "004734", "latino_share": 0.89300341296928332, "camera_count": 0, "arterial_road_m": 5208.5608275814848, "land_area_km2": 1.635656, "pop_density_per_km2": 3582.6604127029154, "arterial_km_per_km2": 3.184386464868826, "log_income": 10.929887507090314, "city": "Albuquerque", "crime_count_raw": 330, "crime_rate_annual_per_km2_1000": 0.4116856274580975 }, "geometry": { "type": "Polygon", "coordinates": [ [ [ -106.72772, 35.038503 ], [ -106.727261, 35.041089 ], [ -106.726187, 35.044183 ], [ -106.726337, 35.044295 ], [ -106.723365, 35.049673 ], [ -106.722642, 35.05104 ], [ -106.722092, 35.053124 ], [ -106.72206, 35.054698 ], [ -106.722539, 35.058105 ], [ -106.720961, 35.058261 ], [ -106.720293, 35.058268 ], [ -106.715159, 35.058738 ], [ -106.712514, 35.059348 ], [ -106.715637, 35.052347 ], [ -106.717546, 35.044214 ], [ -106.717695, 35.04392 ], [ -106.720516, 35.037687 ], [ -106.723301, 35.037976 ], [ -106.723623, 35.038008 ], [ -106.727566, 35.038486 ], [ -106.72772, 35.038503 ] ] ] } },
{ "type": "Feature", "properties": { "STATEFP": "35", "COUNTYFP": "001", "TRACTCE": "004733", "GEOIDFQ": "1400000US35001004733", "GEOID": "35001004733", "NAME": "47.33", "NAMELSAD": "Census Tract 47.33", "STUSPS": "NM", "NAMELSADCO": "Bernalillo County", "STATE_NAME": "New Mexico", "LSAD": "CT", "ALAND": 2460350, "AWATER": 0, "centroid_lon": -106.73091629292492, "centroid_lat": 35.049753996987164, "B03002_001E": 6269, "B03002_001M": 1183, "B03002_012E": 5307, "B03002_012M": 1081, "B19013_001E": 54545, "B19013_001M": 21754, "B01003_001E": 6269, "state": "35", "county": "001", "tract": "004733", "latino_share": 0.8465464986441219, "camera_count": 1, "arterial_road_m": 13458.468616374241, "land_area_km2": 2.46035, "pop_density_per_km2": 2548.0114617838926, "arterial_km_per_km2": 5.4701439292678851, "log_income": 10.906781328031856, "city": "Albuquerque", "crime_count_raw": 456, "crime_rate_annual_per_km2_1000": 0.37819143297487789 }, "geometry": { "type": "Polygon", "coordinates": [ [ [ -106.740553, 35.055691 ], [ -106.737358, 35.056809 ], [ -106.729583, 35.057488 ], [ -106.728142, 35.057605 ], [ -106.726782, 35.057715 ], [ -106.726053, 35.057774 ], [ -106.725911, 35.057786 ], [ -106.72527, 35.057846 ], [ -106.724537, 35.057916 ], [ -106.722539, 35.058105 ], [ -106.72206, 35.054698 ], [ -106.722092, 35.053124 ], [ -106.722642, 35.05104 ], [ -106.723365, 35.049673 ], [ -106.726337, 35.044295 ], [ -106.726187, 35.044183 ], [ -106.727261, 35.041089 ], [ -106.72772, 35.038503 ], [ -106.728004, 35.038535 ], [ -106.73246, 35.038979 ], [ -106.732954, 35.039036 ], [ -106.735426, 35.043449 ], [ -106.735286, 35.043465 ], [ -106.735373, 35.043632 ], [ -106.737328, 35.043331 ], [ -106.737328, 35.04665 ], [ -106.737372, 35.047489 ], [ -106.738099, 35.048886 ], [ -106.739956, 35.052242 ], [ -106.740553, 35.055691 ] ] ] } },
{ "type": "Feature", "properties": { "STATEFP": "35", "COUNTYFP": "001", "TRACTCE": "004745", "GEOIDFQ": "1400000US35001004745", "GEOID": "35001004745", "NAME": "47.45", "NAMELSAD": "Census Tract 47.45", "STUSPS": "NM", "NAMELSADCO": "Bernalillo County", "STATE_NAME": "New Mexico", "LSAD": "CT", "ALAND": 2986544, "AWATER": 62008, "centroid_lon": -106.68787310910189, "centroid_lat": 35.210948332529142, "B03002_001E": 6608, "B03002_001M": 946, "B03002_012E": 2841, "B03002_012M": 1028, "B19013_001E": 108202, "B19013_001M": 17123, "B01003_001E": 6608, "state": "35", "county": "001", "tract": "004745", "latino_share": 0.42993341404358354, "camera_count": 3, "arterial_road_m": 11928.803731363936, "land_area_km2": 2.986544, "pop_density_per_km2": 2212.5908742680504, "arterial_km_per_km2": 3.9941831532915426, "log_income": 11.591755129512041, "city": "Albuquerque", "crime_count_raw": 366, "crime_rate_annual_per_km2_1000": 0.25006672392511647 }, "geometry": { "type": "Polygon", "coordinates": [ [ [ -106.702535, 35.207151 ], [ -106.699853, 35.210573 ], [ -106.698474, 35.213147 ], [ -106.69661, 35.217274 ], [ -106.696565, 35.217963 ], [ -106.686563, 35.217955 ], [ -106.67709, 35.217946 ], [ -106.676705, 35.215845 ], [ -106.676694, 35.2084 ], [ -106.675215, 35.205811 ], [ -106.675781, 35.204505 ], [ -106.678737, 35.202326 ], [ -106.679822, 35.202315 ], [ -106.681856, 35.205032 ], [ -106.685632, 35.206578 ], [ -106.687124, 35.206048 ], [ -106.688159, 35.206259 ], [ -106.693998, 35.204209 ], [ -106.696768, 35.203946 ], [ -106.699979, 35.205665 ], [ -106.702922, 35.206147 ], [ -106.702535, 35.207151 ] ] ] } },
{ "type": "Feature", "properties": { "STATEFP": "35", "COUNTYFP": "001", "TRACTCE": "004737", "GEOIDFQ": "1400000US35001004737", "GEOID": "35001004737", "NAME": "47.37", "NAMELSAD": "Census Tract 47.37", "STUSPS": "NM", "NAMELSADCO": "Bernalillo County", "STATE_NAME": "New Mexico", "LSAD": "CT", "ALAND": 2683898, "AWATER": 0, "centroid_lon": -106.74644819527944, "centroid_lat": 35.033917035765811, "B03002_001E": 9031, "B03002_001M": 1029, "B03002_012E": 5957, "B03002_012M": 976, "B19013_001E": 74646, "B19013_001M": 7850, "B01003_001E": 9031, "state": "35", "county": "001", "tract": "004737", "latino_share": 0.65961687520761825, "camera_count": 0, "arterial_road_m": 10391.111267328903, "land_area_km2": 2.683898, "pop_density_per_km2": 3364.8819739051182, "arterial_km_per_km2": 3.8716490966977517, "log_income": 11.220512218142545, "city": "Albuquerque", "crime_count_raw": 368, "crime_rate_annual_per_km2_1000": 0.27978572248606826 }, "geometry": { "type": "Polygon", "coordinates": [ [ [ -106.756278, 35.039955 ], [ -106.755312, 35.040314 ], [ -106.737328, 35.043331 ], [ -106.737292, 35.038783 ], [ -106.738475, 35.03584 ], [ -106.739996, 35.032488 ], [ -106.739927, 35.031948 ], [ -106.740188, 35.029856 ], [ -106.740125, 35.024613 ], [ -106.740467, 35.0246 ], [ -106.74437, 35.024539 ], [ -106.745145, 35.024551 ], [ -106.746168, 35.024575 ], [ -106.752074, 35.024525 ], [ -106.752392, 35.024515 ], [ -106.753865, 35.030499 ], [ -106.755514, 35.03694 ], [ -106.756278, 35.039955 ] ] ] } },
{ "type": "Feature", "properties": { "STATEFP": "35", "COUNTYFP": "001", "TRACTCE": "004752", "GEOIDFQ": "1400000US35001004752", "GEOID": "35001004752", "NAME": "47.52", "NAMELSAD": "Census Tract 47.52", "STUSPS": "NM", "NAMELSADCO": "Bernalillo County", "STATE_NAME": "New Mexico", "LSAD": "CT", "ALAND": 1920698, "AWATER": 0, "centroid_lon": -106.67596852632113, "centroid_lat": 35.185639215680844, "B03002_001E": 4049, "B03002_001M": 535, "B03002_012E": 1580, "B03002_012M": 433, "B19013_001E": 79423, "B19013_001M": 21932, "B01003_001E": 4049, "state": "35", "county": "001", "tract": "004752", "latino_share": 0.39021980735984196, "camera_count": 6, "arterial_road_m": 11103.089679601511, "land_area_km2": 1.920698, "pop_density_per_km2": 2108.0877889184035, "arterial_km_per_km2": 5.7807576618508021, "log_income": 11.282543277832316, "city": "Albuquerque", "crime_count_raw": 403, "crime_rate_annual_per_km2_1000": 0.42814383872226369 }, "geometry": { "type": "Polygon", "coordinates": [ [ [ -106.687321, 35.182325 ], [ -106.68557, 35.185628 ], [ -106.684923, 35.18725 ], [ -106.684744, 35.188873 ], [ -106.684656, 35.189077 ], [ -106.684539, 35.189267 ], [ -106.684404, 35.189449 ], [ -106.68427, 35.189578 ], [ -106.684091, 35.189751 ], [ -106.683129, 35.190235 ], [ -106.681136, 35.191389 ], [ -106.680662, 35.192174 ], [ -106.680163, 35.191979 ], [ -106.678978, 35.191527 ], [ -106.676914, 35.190491 ], [ -106.667261, 35.189194 ], [ -106.665344, 35.189093 ], [ -106.665081, 35.188295 ], [ -106.664768, 35.187717 ], [ -106.662649, 35.186247 ], [ -106.667645, 35.181199 ], [ -106.668062, 35.18094 ], [ -106.668193, 35.180995 ], [ -106.670022, 35.181698 ], [ -106.671596, 35.181899 ], [ -106.674698, 35.181283 ], [ -106.679625, 35.181466 ], [ -106.681359, 35.181277 ], [ -106.686033, 35.179949 ], [ -106.687747, 35.179882 ], [ -106.687321, 35.182325 ] ] ] } },
{ "type": "Feature", "properties": { "STATEFP": "35", "COUNTYFP": "001", "TRACTCE": "003736", "GEOIDFQ": "1400000US35001003736", "GEOID": "35001003736", "NAME": "37.36", "NAMELSAD": "Census Tract 37.36", "STUSPS": "NM", "NAMELSADCO": "Bernalillo County", "STATE_NAME": "New Mexico", "LSAD": "CT", "ALAND": 12796741, "AWATER": 111935, "centroid_lon": -106.59441938472504, "centroid_lat": 35.174183945968394, "B03002_001E": 2370, "B03002_001M": 370, "B03002_012E": 941, "B03002_012M": 253, "B19013_001E": 48889, "B19013_001M": 12121, "B01003_001E": 2370, "state": "35", "county": "001", "tract": "003736", "latino_share": 0.39704641350210973, "camera_count": 6, "arterial_road_m": 69950.308768144023, "land_area_km2": 12.796741, "pop_density_per_km2": 185.20340452307349, "arterial_km_per_km2": 5.4662596334601146, "log_income": 10.797307701282914, "city": "Albuquerque", "crime_count_raw": 1380, "crime_rate_annual_per_km2_1000": 0.2200510488399684 }, "geometry": { "type": "Polygon", "coordinates": [ [ [ -106.606806, 35.185426 ], [ -106.605324, 35.187345 ], [ -106.604073, 35.190199 ], [ -106.603748, 35.191936 ], [ -106.60158, 35.197279 ], [ -106.601445, 35.200632 ], [ -106.600638, 35.202998 ], [ -106.599864, 35.203887 ], [ -106.599678, 35.204061 ], [ -106.598899, 35.203991 ], [ -106.578488, 35.20169 ], [ -106.577764, 35.20163 ], [ -106.580794, 35.188319 ], [ -106.580481, 35.188291 ], [ -106.581326, 35.184758 ], [ -106.583722, 35.174352 ], [ -106.58693, 35.16027 ], [ -106.587368, 35.158307 ], [ -106.588513, 35.153115 ], [ -106.590116, 35.146377 ], [ -106.590708, 35.145245 ], [ -106.591956, 35.143693 ], [ -106.594955, 35.141615 ], [ -106.60511, 35.135413 ], [ -106.605122, 35.135696 ], [ -106.605245, 35.153455 ], [ -106.605472, 35.174402 ], [ -106.605475, 35.174707 ], [ -106.605241, 35.182508 ], [ -106.60562, 35.184995 ], [ -106.606806, 35.185426 ] ] ] } },
{ "type": "Feature", "properties": { "STATEFP": "35", "COUNTYFP": "001", "TRACTCE": "004716", "GEOIDFQ": "1400000US35001004716", "GEOID": "35001004716", "NAME": "47.16", "NAMELSAD": "Census Tract 47.16", "STUSPS": "NM", "NAMELSADCO": "Bernalillo County", "STATE_NAME": "New Mexico", "LSAD": "CT", "ALAND": 3690830, "AWATER": 268316, "centroid_lon": -106.65269504890298, "centroid_lat": 35.202466797377959, "B03002_001E": 2312, "B03002_001M": 667, "B03002_012E": 1205, "B03002_012M": 651, "B19013_001E": 65270, "B19013_001M": 14966, "B01003_001E": 2312, "state": "35", "county": "001", "tract": "004716", "latino_share": 0.52119377162629754, "camera_count": 28, "arterial_road_m": 23833.339280460132, "land_area_km2": 3.69083, "pop_density_per_km2": 626.41736411593058, "arterial_km_per_km2": 6.4574470459111177, "log_income": 11.086287791629264, "city": "Albuquerque", "crime_count_raw": 1177, "crime_rate_annual_per_km2_1000": 0.65072300027563268 }, "geometry": { "type": "Polygon", "coordinates": [ [ [ -106.662998, 35.216221 ], [ -106.662611, 35.217695 ], [ -106.662546, 35.217924 ], [ -106.660691, 35.217922 ], [ -106.658149, 35.217881 ], [ -106.648749, 35.214529 ], [ -106.649857, 35.21183 ], [ -106.651007, 35.210782 ], [ -106.647411, 35.209419 ], [ -106.646018, 35.208725 ], [ -106.642494, 35.207297 ], [ -106.644639, 35.206162 ], [ -106.645464, 35.20158 ], [ -106.644505, 35.198965 ], [ -106.643366, 35.197762 ], [ -106.642563, 35.197065 ], [ -106.642944, 35.195416 ], [ -106.646093, 35.189201 ], [ -106.64672, 35.188977 ], [ -106.650445, 35.186342 ], [ -106.650797, 35.186992 ], [ -106.655668, 35.189656 ], [ -106.657714, 35.190956 ], [ -106.656965, 35.192002 ], [ -106.656703, 35.192985 ], [ -106.656943, 35.194176 ], [ -106.660229, 35.197029 ], [ -106.660776, 35.198208 ], [ -106.660822, 35.199515 ], [ -106.65911, 35.205614 ], [ -106.658604, 35.209154 ], [ -106.659777, 35.211142 ], [ -106.66201, 35.212689 ], [ -106.66282, 35.21398 ], [ -106.663083, 35.215125 ], [ -106.662998, 35.216221 ] ] ] } },
{ "type": "Feature", "properties": { "STATEFP": "35", "COUNTYFP": "001", "TRACTCE": "002301", "GEOIDFQ": "1400000US35001002301", "GEOID": "35001002301", "NAME": "23.01", "NAMELSAD": "Census Tract 23.01", "STUSPS": "NM", "NAMELSADCO": "Bernalillo County", "STATE_NAME": "New Mexico", "LSAD": "CT", "ALAND": 902590, "AWATER": 0, "centroid_lon": -106.69540187440403, "centroid_lat": 35.075827624064985, "B03002_001E": 1851, "B03002_001M": 349, "B03002_012E": 1845, "B03002_012M": 349, "B19013_001E": 60750, "B19013_001M": 28804, "B01003_001E": 1851, "state": "35", "county": "001", "tract": "002301", "latino_share": 0.99675850891410045, "camera_count": 0, "arterial_road_m": 2703.8845846529471, "land_area_km2": 0.90259, "pop_density_per_km2": 2050.7650206627595, "arterial_km_per_km2": 2.9956952599219435, "log_income": 11.014522361202795, "city": "Albuquerque", "crime_count_raw": 336, "crime_rate_annual_per_km2_1000": 0.75961318857698812 }, "geometry": { "type": "Polygon", "coordinates": [ [ [ -106.700953, 35.067925 ], [ -106.698693, 35.074055 ], [ -106.697675, 35.076486 ], [ -106.696885, 35.078697 ], [ -106.696941, 35.079783 ], [ -106.697966, 35.082788 ], [ -106.694318, 35.083618 ], [ -106.693755, 35.083182 ], [ -106.690197, 35.080098 ], [ -106.690328, 35.079123 ], [ -106.690793, 35.078757 ], [ -106.691, 35.07854 ], [ -106.691296, 35.078127 ], [ -106.691398, 35.077909 ], [ -106.691555, 35.077438 ], [ -106.691097, 35.075266 ], [ -106.691426, 35.074568 ], [ -106.694747, 35.070939 ], [ -106.697439, 35.068367 ], [ -106.69772, 35.067332 ], [ -106.69937, 35.06763 ], [ -106.700884, 35.067912 ], [ -106.700953, 35.067925 ] ] ] } },
{ "type": "Feature", "properties": { "STATEFP": "35", "COUNTYFP": "001", "TRACTCE": "940601", "GEOIDFQ": "1400000US35001940601", "GEOID": "35001940601", "NAME": "9406.01", "NAMELSAD": "Census Tract 9406.01", "STUSPS": "NM", "NAMELSADCO": "Bernalillo County", "STATE_NAME": "New Mexico", "LSAD": "CT", "ALAND": 12709483, "AWATER": 6599, "centroid_lon": -106.73362749084568, "centroid_lat": 35.174147625216001, "B03002_001E": 11268, "B03002_001M": 1069, "B03002_012E": 4581, "B03002_012M": 912, "B19013_001E": 121106, "B19013_001M": 8323, "B01003_001E": 11268, "state": "35", "county": "001", "tract": "940601", "latino_share": 0.40654952076677314, "camera_count": 0, "arterial_road_m": 29158.676115421753, "land_area_km2": 12.709483, "pop_density_per_km2": 886.5820899245075, "arterial_km_per_km2": 2.2942456522756864, "log_income": 11.704421474143722, "city": "Albuquerque", "crime_count_raw": 267, "crime_rate_annual_per_km2_1000": 0.042867397040346367 }, "geometry": { "type": "Polygon", "coordinates": [ [ [ -106.758606, 35.174331 ], [ -106.745348, 35.17428 ], [ -106.745353, 35.179855 ], [ -106.745356, 35.183449 ], [ -106.745739, 35.184271 ], [ -106.749752, 35.184306 ], [ -106.749734, 35.18879 ], [ -106.748633, 35.188787 ], [ -106.749733, 35.1906 ], [ -106.749733, 35.196044 ], [ -106.754114, 35.196061 ], [ -106.754101, 35.194259 ], [ -106.758489, 35.194204 ], [ -106.758531, 35.199756 ], [ -106.754148, 35.199775 ], [ -106.754151, 35.203299 ], [ -106.752627, 35.2033 ], [ -106.752349, 35.202914 ], [ -106.75225, 35.202768 ], [ -106.745433, 35.192656 ], [ -106.74453, 35.191169 ], [ -106.743191, 35.188968 ], [ -106.742354, 35.189044 ], [ -106.736554, 35.189084 ], [ -106.727675, 35.189103 ], [ -106.724882, 35.188541 ], [ -106.720102, 35.18397 ], [ -106.716669, 35.18064 ], [ -106.713879, 35.179773 ], [ -106.702181, 35.179675 ], [ -106.70179, 35.176976 ], [ -106.698766, 35.17378 ], [ -106.70326, 35.172873 ], [ -106.704844, 35.171348 ], [ -106.708191, 35.172984 ], [ -106.7104, 35.171953 ], [ -106.709651, 35.17081 ], [ -106.710985, 35.170367 ], [ -106.710728, 35.167425 ], [ -106.713544, 35.165506 ], [ -106.714865, 35.162967 ], [ -106.71917, 35.163274 ], [ -106.720503, 35.164777 ], [ -106.724812, 35.167197 ], [ -106.725936, 35.165371 ], [ -106.726304, 35.164746 ], [ -106.724235, 35.162154 ], [ -106.72548, 35.160827 ], [ -106.723467, 35.156926 ], [ -106.723977, 35.155182 ], [ -106.725441, 35.154497 ], [ -106.723118, 35.151834 ], [ -106.724462, 35.149151 ], [ -106.723672, 35.147111 ], [ -106.72778, 35.146416 ], [ -106.727745, 35.159959 ], [ -106.736541, 35.160044 ], [ -106.758534, 35.159767 ], [ -106.758606, 35.174331 ] ] ] } },
{ "type": "Feature", "properties": { "STATEFP": "35", "COUNTYFP": "001", "TRACTCE": "002403", "GEOIDFQ": "1400000US35001002403", "GEOID": "35001002403", "NAME": "24.03", "NAMELSAD": "Census Tract 24.03", "STUSPS": "NM", "NAMELSADCO": "Bernalillo County", "STATE_NAME": "New Mexico", "LSAD": "CT", "ALAND": 1417394, "AWATER": 0, "centroid_lon": -106.70546022795767, "centroid_lat": 35.087512830366187, "B03002_001E": 5158, "B03002_001M": 1218, "B03002_012E": 4087, "B03002_012M": 1181, "B19013_001E": 44464, "B19013_001M": 9413, "B01003_001E": 5158, "state": "35", "county": "001", "tract": "002403", "latino_share": 0.79236138037999226, "camera_count": 2, "arterial_road_m": 7038.0441972056087, "land_area_km2": 1.417394, "pop_density_per_km2": 3639.0728336651628, "arterial_km_per_km2": 4.9654818612225027, "log_income": 10.702435151982286, "city": "Albuquerque", "crime_count_raw": 984, "crime_rate_annual_per_km2_1000": 1.4166032865841847 }, "geometry": { "type": "Polygon", "coordinates": [ [ [ -106.710818, 35.083123 ], [ -106.710753, 35.089323 ], [ -106.710592, 35.091078 ], [ -106.710237, 35.09259 ], [ -106.709613, 35.094361 ], [ -106.699846, 35.094324 ], [ -106.699872, 35.093746 ], [ -106.700727, 35.091564 ], [ -106.700523, 35.088501 ], [ -106.699646, 35.085586 ], [ -106.69863, 35.082646 ], [ -106.710591, 35.079984 ], [ -106.710827, 35.08173 ], [ -106.710818, 35.083123 ] ] ] } },
{ "type": "Feature", "properties": { "STATEFP": "35", "COUNTYFP": "001", "TRACTCE": "000716", "GEOIDFQ": "1400000US35001000716", "GEOID": "35001000716", "NAME": "7.16", "NAMELSAD": "Census Tract 7.16", "STUSPS": "NM", "NAMELSADCO": "Bernalillo County", "STATE_NAME": "New Mexico", "LSAD": "CT", "ALAND": 2389760, "AWATER": 9489, "centroid_lon": -106.54164075325426, "centroid_lat": 35.07953803720838, "B03002_001E": 4589, "B03002_001M": 943, "B03002_012E": 3360, "B03002_012M": 960, "B19013_001E": 61817, "B19013_001M": 22230, "B01003_001E": 4589, "state": "35", "county": "001", "tract": "000716", "latino_share": 0.73218566136413166, "camera_count": 5, "arterial_road_m": 12922.38689560165, "land_area_km2": 2.38976, "pop_density_per_km2": 1920.2765131226568, "arterial_km_per_km2": 5.4073994441289717, "log_income": 11.031933686524116, "city": "Albuquerque", "crime_count_raw": 1889, "crime_rate_annual_per_km2_1000": 1.6129518647381886 }, "geometry": { "type": "Polygon", "coordinates": [ [ [ -106.550592, 35.087348 ], [ -106.545412, 35.086823 ], [ -106.543069, 35.087381 ], [ -106.532416, 35.083294 ], [ -106.532331, 35.080062 ], [ -106.532319, 35.076408 ], [ -106.532419, 35.071929 ], [ -106.542454, 35.073051 ], [ -106.550441, 35.07387 ], [ -106.550451, 35.076349 ], [ -106.55036, 35.079921 ], [ -106.550592, 35.087348 ] ] ] } },
{ "type": "Feature", "properties": { "STATEFP": "35", "COUNTYFP": "001", "TRACTCE": "004754", "GEOIDFQ": "1400000US35001004754", "GEOID": "35001004754", "NAME": "47.54", "NAMELSAD": "Census Tract 47.54", "STUSPS": "NM", "NAMELSADCO": "Bernalillo County", "STATE_NAME": "New Mexico", "LSAD": "CT", "ALAND": 2154780, "AWATER": 11739, "centroid_lon": -106.7136009834271, "centroid_lat": 35.209635071509148, "B03002_001E": 4688, "B03002_001M": 1007, "B03002_012E": 2515, "B03002_012M": 993, "B19013_001E": 69279, "B19013_001M": 11410, "B01003_001E": 4688, "state": "35", "county": "001", "tract": "004754", "latino_share": 0.53647610921501709, "camera_count": 0, "arterial_road_m": 6051.2222548648861, "land_area_km2": 2.15478, "pop_density_per_km2": 2175.6281383714345, "arterial_km_per_km2": 2.8082784575988664, "log_income": 11.145897108952004, "city": "Albuquerque", "crime_count_raw": 149, "crime_rate_annual_per_km2_1000": 0.14110001799125479 }, "geometry": { "type": "Polygon", "coordinates": [ [ [ -106.727728, 35.211933 ], [ -106.721422, 35.212396 ], [ -106.719966, 35.212792 ], [ -106.714316, 35.214045 ], [ -106.710521, 35.21415 ], [ -106.706466, 35.214217 ], [ -106.705521, 35.214152 ], [ -106.703019, 35.214193 ], [ -106.701382, 35.214068 ], [ -106.698474, 35.213147 ], [ -106.699853, 35.210573 ], [ -106.702535, 35.207151 ], [ -106.702922, 35.206147 ], [ -106.705311, 35.20617 ], [ -106.707164, 35.205675 ], [ -106.707781, 35.205581 ], [ -106.70841, 35.205334 ], [ -106.710067, 35.205555 ], [ -106.712448, 35.205888 ], [ -106.714717, 35.20503 ], [ -106.716471, 35.205217 ], [ -106.717938, 35.20476 ], [ -106.720353, 35.205608 ], [ -106.721546, 35.204973 ], [ -106.725469, 35.205306 ], [ -106.727726, 35.206536 ], [ -106.727727, 35.206927 ], [ -106.727728, 35.211933 ] ] ] } },
{ "type": "Feature", "properties": { "STATEFP": "35", "COUNTYFP": "001", "TRACTCE": "004757", "GEOIDFQ": "1400000US35001004757", "GEOID": "35001004757", "NAME": "47.57", "NAMELSAD": "Census Tract 47.57", "STUSPS": "NM", "NAMELSADCO": "Bernalillo County", "STATE_NAME": "New Mexico", "LSAD": "CT", "ALAND": 1688091, "AWATER": 7972, "centroid_lon": -106.74284011788093, "centroid_lat": 35.197658994427094, "B03002_001E": 5334, "B03002_001M": 652, "B03002_012E": 2524, "B03002_012M": 444, "B19013_001E": 83427, "B19013_001M": 36035, "B01003_001E": 5334, "state": "35", "county": "001", "tract": "004757", "latino_share": 0.47319085114360704, "camera_count": 0, "arterial_road_m": 6483.1622870546307, "land_area_km2": 1.688091, "pop_density_per_km2": 3159.7822629230295, "arterial_km_per_km2": 3.8405289093150965, "log_income": 11.331727276961219, "city": "Albuquerque", "crime_count_raw": 100, "crime_rate_annual_per_km2_1000": 0.12087817157666908 }, "geometry": { "type": "Polygon", "coordinates": [ [ [ -106.752349, 35.202914 ], [ -106.750749, 35.203375 ], [ -106.748434, 35.204698 ], [ -106.74538, 35.204792 ], [ -106.744892, 35.204568 ], [ -106.743137, 35.204403 ], [ -106.743136, 35.205014 ], [ -106.740504, 35.20501 ], [ -106.740498, 35.203244 ], [ -106.73655, 35.203241 ], [ -106.736685, 35.201329 ], [ -106.737086, 35.200155 ], [ -106.737629, 35.197647 ], [ -106.736922, 35.195192 ], [ -106.736375, 35.193542 ], [ -106.736554, 35.189084 ], [ -106.742354, 35.189044 ], [ -106.743191, 35.188968 ], [ -106.74453, 35.191169 ], [ -106.745433, 35.192656 ], [ -106.75225, 35.202768 ], [ -106.752349, 35.202914 ] ] ] } },
{ "type": "Feature", "properties": { "STATEFP": "35", "COUNTYFP": "001", "TRACTCE": "000504", "GEOIDFQ": "1400000US35001000504", "GEOID": "35001000504", "NAME": "5.04", "NAMELSAD": "Census Tract 5.04", "STUSPS": "NM", "NAMELSADCO": "Bernalillo County", "STATE_NAME": "New Mexico", "LSAD": "CT", "ALAND": 1044801, "AWATER": 0, "centroid_lon": -106.5956867625908, "centroid_lat": 35.076010761703941, "B03002_001E": 1355, "B03002_001M": 196, "B03002_012E": 340, "B03002_012M": 141, "B19013_001E": 59250, "B19013_001M": 12959, "B01003_001E": 1355, "state": "35", "county": "001", "tract": "000504", "latino_share": 0.25092250922509224, "camera_count": 3, "arterial_road_m": 5606.1887239048065, "land_area_km2": 1.044801, "pop_density_per_km2": 1296.8976867365172, "arterial_km_per_km2": 5.365795710288185, "log_income": 10.989521058997378, "city": "Albuquerque", "crime_count_raw": 783, "crime_rate_annual_per_km2_1000": 1.5292268653832564 }, "geometry": { "type": "Polygon", "coordinates": [ [ [ -106.60452, 35.079778 ], [ -106.595339, 35.07876 ], [ -106.591314, 35.078305 ], [ -106.586191, 35.07779 ], [ -106.586218, 35.072941 ], [ -106.592341, 35.072976 ], [ -106.593321, 35.073708 ], [ -106.593337, 35.072899 ], [ -106.595904, 35.07296 ], [ -106.599983, 35.073599 ], [ -106.604559, 35.073631 ], [ -106.60452, 35.079778 ] ] ] } },
{ "type": "Feature", "properties": { "STATEFP": "35", "COUNTYFP": "001", "TRACTCE": "004739", "GEOIDFQ": "1400000US35001004739", "GEOID": "35001004739", "NAME": "47.39", "NAMELSAD": "Census Tract 47.39", "STUSPS": "NM", "NAMELSADCO": "Bernalillo County", "STATE_NAME": "New Mexico", "LSAD": "CT", "ALAND": 2024800, "AWATER": 0, "centroid_lon": -106.73607331909446, "centroid_lat": 35.065535460393519, "B03002_001E": 7062, "B03002_001M": 1127, "B03002_012E": 5958, "B03002_012M": 1062, "B19013_001E": 63533, "B19013_001M": 18674, "B01003_001E": 7062, "state": "35", "county": "001", "tract": "004739", "latino_share": 0.8436703483432455, "camera_count": 0, "arterial_road_m": 15188.814368921117, "land_area_km2": 2.0248, "pop_density_per_km2": 3487.751876728566, "arterial_km_per_km2": 7.5013899490918199, "log_income": 11.059314734930648, "city": "Albuquerque", "crime_count_raw": 866, "crime_rate_annual_per_km2_1000": 0.872729178987242 }, "geometry": { "type": "Polygon", "coordinates": [ [ [ -106.742726, 35.072724 ], [ -106.737863, 35.073799 ], [ -106.729975, 35.075572 ], [ -106.729816, 35.074733 ], [ -106.73113, 35.070238 ], [ -106.730424, 35.063741 ], [ -106.729583, 35.057488 ], [ -106.737358, 35.056809 ], [ -106.740553, 35.055691 ], [ -106.740794, 35.055648 ], [ -106.741434, 35.05758 ], [ -106.741862, 35.063517 ], [ -106.741706, 35.065827 ], [ -106.742232, 35.06979 ], [ -106.742726, 35.072724 ] ] ] } },
{ "type": "Feature", "properties": { "STATEFP": "35", "COUNTYFP": "001", "TRACTCE": "003400", "GEOIDFQ": "1400000US35001003400", "GEOID": "35001003400", "NAME": "34", "NAMELSAD": "Census Tract 34", "STUSPS": "NM", "NAMELSADCO": "Bernalillo County", "STATE_NAME": "New Mexico", "LSAD": "CT", "ALAND": 4617690, "AWATER": 123823, "centroid_lon": -106.61400787871155, "centroid_lat": 35.117442264892219, "B03002_001E": 3904, "B03002_001M": 569, "B03002_012E": 2168, "B03002_012M": 547, "B19013_001E": 35208, "B19013_001M": 5750, "B01003_001E": 3904, "state": "35", "county": "001", "tract": "003400", "latino_share": 0.55532786885245899, "camera_count": 2, "arterial_road_m": 26648.39774133762, "land_area_km2": 4.61769, "pop_density_per_km2": 845.44436720524766, "arterial_km_per_km2": 5.7709369276278011, "log_income": 10.469028608490927, "city": "Albuquerque", "crime_count_raw": 3154, "crime_rate_annual_per_km2_1000": 1.3937364289276399 }, "geometry": { "type": "Polygon", "coordinates": [ [ [ -106.625732, 35.11441 ], [ -106.623121, 35.121491 ], [ -106.621701, 35.123827 ], [ -106.618878, 35.126785 ], [ -106.609628, 35.132666 ], [ -106.606769, 35.13114 ], [ -106.604067, 35.130951 ], [ -106.604118, 35.123717 ], [ -106.604102, 35.120113 ], [ -106.604123, 35.11652 ], [ -106.604152, 35.109257 ], [ -106.604197, 35.105162 ], [ -106.612626, 35.107102 ], [ -106.614945, 35.107568 ], [ -106.61608, 35.10759 ], [ -106.617998, 35.10753 ], [ -106.629239, 35.105546 ], [ -106.625732, 35.11441 ] ] ] } },
{ "type": "Feature", "properties": { "STATEFP": "35", "COUNTYFP": "001", "TRACTCE": "001800", "GEOIDFQ": "1400000US35001001800", "GEOID": "35001001800", "NAME": "18", "NAMELSAD": "Census Tract 18", "STUSPS": "NM", "NAMELSADCO": "Bernalillo County", "STATE_NAME": "New Mexico", "LSAD": "CT", "ALAND": 2005243, "AWATER": 19524, "centroid_lon": -106.62068561732517, "centroid_lat": 35.089750521041729, "B03002_001E": 2477, "B03002_001M": 152, "B03002_012E": 839, "B03002_012M": 156, "B19013_001E": 28649, "B19013_001M": 15618, "B01003_001E": 2477, "state": "35", "county": "001", "tract": "001800", "latino_share": 0.33871618893823174, "camera_count": 7, "arterial_road_m": 9787.9179700588884, "land_area_km2": 2.005243, "pop_density_per_km2": 1235.2617612927709, "arterial_km_per_km2": 4.8811630161825219, "log_income": 10.262873817519765, "city": "Albuquerque", "crime_count_raw": 602, "crime_rate_annual_per_km2_1000": 0.61259467719417837 }, "geometry": { "type": "Polygon", "coordinates": [ [ [ -106.62737, 35.099001 ], [ -106.624144, 35.101566 ], [ -106.623036, 35.101949 ], [ -106.621889, 35.101987 ], [ -106.62188, 35.098546 ], [ -106.617507, 35.098318 ], [ -106.617552, 35.092858 ], [ -106.617548, 35.092085 ], [ -106.614219, 35.091079 ], [ -106.614281, 35.087497 ], [ -106.613153, 35.0875 ], [ -106.613301, 35.08099 ], [ -106.613867, 35.081042 ], [ -106.624006, 35.081092 ], [ -106.626824, 35.08141 ], [ -106.626444, 35.08347 ], [ -106.626121, 35.084122 ], [ -106.625539, 35.0869 ], [ -106.625385, 35.087765 ], [ -106.625259, 35.09031 ], [ -106.62737, 35.099001 ] ] ] } },
{ "type": "Feature", "properties": { "STATEFP": "35", "COUNTYFP": "001", "TRACTCE": "003745", "GEOIDFQ": "1400000US35001003745", "GEOID": "35001003745", "NAME": "37.45", "NAMELSAD": "Census Tract 37.45", "STUSPS": "NM", "NAMELSADCO": "Bernalillo County", "STATE_NAME": "New Mexico", "LSAD": "CT", "ALAND": 3489579, "AWATER": 19189, "centroid_lon": -106.61520364189933, "centroid_lat": 35.142927163981156, "B03002_001E": 1478, "B03002_001M": 203, "B03002_012E": 346, "B03002_012M": 138, "B19013_001E": 61944, "B19013_001M": 20813, "B01003_001E": 1478, "state": "35", "county": "001", "tract": "003745", "latino_share": 0.23410013531799728, "camera_count": 3, "arterial_road_m": 16027.98904591017, "land_area_km2": 3.489579, "pop_density_per_km2": 423.54679461333302, "arterial_km_per_km2": 4.5931010720520069, "log_income": 11.03398603006656, "city": "Albuquerque", "crime_count_raw": 323, "crime_rate_annual_per_km2_1000": 0.18887445503258407 }, "geometry": { "type": "Polygon", "coordinates": [ [ [ -106.625781, 35.145036 ], [ -106.623793, 35.150034 ], [ -106.623294, 35.151404 ], [ -106.615432, 35.15069 ], [ -106.61381, 35.15104 ], [ -106.61071, 35.151898 ], [ -106.605245, 35.153455 ], [ -106.605122, 35.135696 ], [ -106.60511, 35.135413 ], [ -106.609628, 35.132666 ], [ -106.609829, 35.132812 ], [ -106.613002, 35.134879 ], [ -106.61433, 35.13521 ], [ -106.622048, 35.135384 ], [ -106.624134, 35.135861 ], [ -106.628357, 35.136641 ], [ -106.625781, 35.145036 ] ] ] } },
{ "type": "Feature", "properties": { "STATEFP": "35", "COUNTYFP": "001", "TRACTCE": "000717", "GEOIDFQ": "1400000US35001000717", "GEOID": "35001000717", "NAME": "7.17", "NAMELSAD": "Census Tract 7.17", "STUSPS": "NM", "NAMELSADCO": "Bernalillo County", "STATE_NAME": "New Mexico", "LSAD": "CT", "ALAND": 773969, "AWATER": 0, "centroid_lon": -106.50743317235413, "centroid_lat": 35.07145053362693, "B03002_001E": 2035, "B03002_001M": 578, "B03002_012E": 1067, "B03002_012M": 553, "B19013_001E": 35920, "B19013_001M": 8168, "B01003_001E": 2035, "state": "35", "county": "001", "tract": "000717", "latino_share": 0.5243243243243243, "camera_count": 0, "arterial_road_m": 7440.0424622878327, "land_area_km2": 0.773969, "pop_density_per_km2": 2629.304274460605, "arterial_km_per_km2": 9.6128429721188215, "log_income": 10.489049522416137, "city": "Albuquerque", "crime_count_raw": 893, "crime_rate_annual_per_km2_1000": 2.354353271342684 }, "geometry": { "type": "Polygon", "coordinates": [ [ [ -106.515141, 35.076628 ], [ -106.506784, 35.073418 ], [ -106.496957, 35.069634 ], [ -106.496706, 35.069538 ], [ -106.493705, 35.068377 ], [ -106.495009, 35.067711 ], [ -106.495974, 35.067979 ], [ -106.497697, 35.068218 ], [ -106.509621, 35.069461 ], [ -106.515181, 35.070081 ], [ -106.515141, 35.076628 ] ] ] } },
{ "type": "Feature", "properties": { "STATEFP": "35", "COUNTYFP": "001", "TRACTCE": "004763", "GEOIDFQ": "1400000US35001004763", "GEOID": "35001004763", "NAME": "47.63", "NAMELSAD": "Census Tract 47.63", "STUSPS": "NM", "NAMELSADCO": "Bernalillo County", "STATE_NAME": "New Mexico", "LSAD": "CT", "ALAND": 1909139, "AWATER": 348, "centroid_lon": -106.66861119607888, "centroid_lat": 35.211596871437834, "B03002_001E": 4776, "B03002_001M": 775, "B03002_012E": 2271, "B03002_012M": 749, "B19013_001E": 76734, "B19013_001M": 17534, "B01003_001E": 4776, "state": "35", "county": "001", "tract": "004763", "latino_share": 0.47550251256281406, "camera_count": 4, "arterial_road_m": 10576.030737954676, "land_area_km2": 1.909139, "pop_density_per_km2": 2501.6512679275843, "arterial_km_per_km2": 5.5396860773126928, "log_income": 11.248100174661374, "city": "Albuquerque", "crime_count_raw": 456, "crime_rate_annual_per_km2_1000": 0.48738373272964453 }, "geometry": { "type": "Polygon", "coordinates": [ [ [ -106.67709, 35.217946 ], [ -106.672009, 35.217937 ], [ -106.663867, 35.217926 ], [ -106.662546, 35.217924 ], [ -106.662611, 35.217695 ], [ -106.662998, 35.216221 ], [ -106.663083, 35.215125 ], [ -106.66282, 35.21398 ], [ -106.66201, 35.212689 ], [ -106.659777, 35.211142 ], [ -106.658604, 35.209154 ], [ -106.65911, 35.205614 ], [ -106.666944, 35.206088 ], [ -106.66757, 35.205904 ], [ -106.668672, 35.205795 ], [ -106.671739, 35.206149 ], [ -106.674069, 35.205688 ], [ -106.675215, 35.205811 ], [ -106.676694, 35.2084 ], [ -106.676705, 35.215845 ], [ -106.67709, 35.217946 ] ] ] } },
{ "type": "Feature", "properties": { "STATEFP": "35", "COUNTYFP": "001", "TRACTCE": "003746", "GEOIDFQ": "1400000US35001003746", "GEOID": "35001003746", "NAME": "37.46", "NAMELSAD": "Census Tract 37.46", "STUSPS": "NM", "NAMELSADCO": "Bernalillo County", "STATE_NAME": "New Mexico", "LSAD": "CT", "ALAND": 3814232, "AWATER": 10804, "centroid_lon": -106.61204814817792, "centroid_lat": 35.164473167438594, "B03002_001E": 4427, "B03002_001M": 705, "B03002_012E": 1959, "B03002_012M": 662, "B19013_001E": 83661, "B19013_001M": 17521, "B01003_001E": 4427, "state": "35", "county": "001", "tract": "003746", "latino_share": 0.44251185904675855, "camera_count": 0, "arterial_road_m": 9847.4948136881467, "land_area_km2": 3.814232, "pop_density_per_km2": 1160.6530488968683, "arterial_km_per_km2": 2.5817765709291272, "log_income": 11.334528198068428, "city": "Albuquerque", "crime_count_raw": 211, "crime_rate_annual_per_km2_1000": 0.11288054212720021 }, "geometry": { "type": "Polygon", "coordinates": [ [ [ -106.622682, 35.153312 ], [ -106.622202, 35.15493 ], [ -106.620975, 35.158647 ], [ -106.62045, 35.160078 ], [ -106.617734, 35.168697 ], [ -106.614842, 35.172229 ], [ -106.61377, 35.174812 ], [ -106.613302, 35.17591 ], [ -106.611664, 35.178189 ], [ -106.610026, 35.182451 ], [ -106.606806, 35.185426 ], [ -106.60562, 35.184995 ], [ -106.605241, 35.182508 ], [ -106.605475, 35.174707 ], [ -106.605472, 35.174402 ], [ -106.605245, 35.153455 ], [ -106.61071, 35.151898 ], [ -106.61381, 35.15104 ], [ -106.615432, 35.15069 ], [ -106.623294, 35.151404 ], [ -106.622682, 35.153312 ] ] ] } },
{ "type": "Feature", "properties": { "STATEFP": "35", "COUNTYFP": "001", "TRACTCE": "003002", "GEOIDFQ": "1400000US35001003002", "GEOID": "35001003002", "NAME": "30.02", "NAMELSAD": "Census Tract 30.02", "STUSPS": "NM", "NAMELSADCO": "Bernalillo County", "STATE_NAME": "New Mexico", "LSAD": "CT", "ALAND": 3747286, "AWATER": 265231, "centroid_lon": -106.6829143260142, "centroid_lat": 35.116495734348604, "B03002_001E": 3860, "B03002_001M": 582, "B03002_012E": 1748, "B03002_012M": 356, "B19013_001E": 87112, "B19013_001M": 9090, "B01003_001E": 3860, "state": "35", "county": "001", "tract": "003002", "latino_share": 0.45284974093264246, "camera_count": 0, "arterial_road_m": 8105.8095426336276, "land_area_km2": 3.747286, "pop_density_per_km2": 1030.078835722707, "arterial_km_per_km2": 2.1631147296026052, "log_income": 11.374949926025897, "city": "Albuquerque", "crime_count_raw": 169, "crime_rate_annual_per_km2_1000": 0.092026647412074281 }, "geometry": { "type": "Polygon", "coordinates": [ [ [ -106.692345, 35.11821 ], [ -106.692271, 35.118677 ], [ -106.691709, 35.119717 ], [ -106.690925, 35.122119 ], [ -106.691182, 35.125844 ], [ -106.689882, 35.130944 ], [ -106.686041, 35.130267 ], [ -106.685468, 35.129117 ], [ -106.67555, 35.125536 ], [ -106.673839, 35.1251 ], [ -106.67545, 35.119816 ], [ -106.675538, 35.118436 ], [ -106.675523, 35.117939 ], [ -106.674654, 35.114923 ], [ -106.673274, 35.111231 ], [ -106.672735, 35.110532 ], [ -106.671127, 35.107332 ], [ -106.670766, 35.105242 ], [ -106.673028, 35.10498 ], [ -106.684207, 35.105834 ], [ -106.692339, 35.106509 ], [ -106.692242, 35.106708 ], [ -106.691053, 35.109561 ], [ -106.692664, 35.116199 ], [ -106.692345, 35.11821 ] ] ] } },
{ "type": "Feature", "properties": { "STATEFP": "35", "COUNTYFP": "001", "TRACTCE": "000714", "GEOIDFQ": "1400000US35001000714", "GEOID": "35001000714", "NAME": "7.14", "NAMELSAD": "Census Tract 7.14", "STUSPS": "NM", "NAMELSADCO": "Bernalillo County", "STATE_NAME": "New Mexico", "LSAD": "CT", "ALAND": 3242402, "AWATER": 36408, "centroid_lon": -106.52513434843679, "centroid_lat": 35.057191587894124, "B03002_001E": 5026, "B03002_001M": 838, "B03002_012E": 1778, "B03002_012M": 750, "B19013_001E": 67547, "B19013_001M": 14486, "B01003_001E": 5026, "state": "35", "county": "001", "tract": "000714", "latino_share": 0.35376044568245124, "camera_count": 0, "arterial_road_m": 10408.445102188785, "land_area_km2": 3.242402, "pop_density_per_km2": 1550.0853996512462, "arterial_km_per_km2": 3.21010322044854, "log_income": 11.120578930855121, "city": "Albuquerque", "crime_count_raw": 249, "crime_rate_annual_per_km2_1000": 0.15670260822138243 }, "geometry": { "type": "Polygon", "coordinates": [ [ [ -106.532754, 35.046828 ], [ -106.53258, 35.055756 ], [ -106.532588, 35.057953 ], [ -106.53254, 35.067341 ], [ -106.524854, 35.067246 ], [ -106.519297, 35.066347 ], [ -106.517734, 35.066503 ], [ -106.516042, 35.067532 ], [ -106.515211, 35.069056 ], [ -106.515335, 35.062871 ], [ -106.515329, 35.061187 ], [ -106.515321, 35.058952 ], [ -106.515318, 35.057989 ], [ -106.515314, 35.057725 ], [ -106.515331, 35.056349 ], [ -106.515347, 35.055856 ], [ -106.515949, 35.055665 ], [ -106.518543, 35.054151 ], [ -106.519711, 35.052238 ], [ -106.519735, 35.050527 ], [ -106.520277, 35.050529 ], [ -106.520835, 35.049408 ], [ -106.522798, 35.0488 ], [ -106.528033, 35.045016 ], [ -106.529209, 35.04293 ], [ -106.532847, 35.043178 ], [ -106.532754, 35.046828 ] ] ] } },
{ "type": "Feature", "properties": { "STATEFP": "35", "COUNTYFP": "001", "TRACTCE": "002900", "GEOIDFQ": "1400000US35001002900", "GEOID": "35001002900", "NAME": "29", "NAMELSAD": "Census Tract 29", "STUSPS": "NM", "NAMELSADCO": "Bernalillo County", "STATE_NAME": "New Mexico", "LSAD": "CT", "ALAND": 3979889, "AWATER": 0, "centroid_lon": -106.64356955928194, "centroid_lat": 35.112573095162489, "B03002_001E": 3500, "B03002_001M": 725, "B03002_012E": 2316, "B03002_012M": 700, "B19013_001E": 58106, "B19013_001M": 15761, "B01003_001E": 3500, "state": "35", "county": "001", "tract": "002900", "latino_share": 0.6617142857142857, "camera_count": 3, "arterial_road_m": 26245.67022699261, "land_area_km2": 3.979889, "pop_density_per_km2": 879.42151150446659, "arterial_km_per_km2": 6.5945734232770334, "log_income": 10.970024207731752, "city": "Albuquerque", "crime_count_raw": 3638, "crime_rate_annual_per_km2_1000": 1.8652432270358354 }, "geometry": { "type": "Polygon", "coordinates": [ [ [ -106.65867, 35.107736 ], [ -106.657956, 35.112254 ], [ -106.657164, 35.115987 ], [ -106.656409, 35.118211 ], [ -106.655006, 35.122708 ], [ -106.644818, 35.119939 ], [ -106.639379, 35.118419 ], [ -106.639235, 35.118376 ], [ -106.634561, 35.116634 ], [ -106.626038, 35.114483 ], [ -106.625732, 35.11441 ], [ -106.629239, 35.105546 ], [ -106.629435, 35.105519 ], [ -106.632296, 35.105242 ], [ -106.637076, 35.105194 ], [ -106.640549, 35.105383 ], [ -106.642937, 35.105589 ], [ -106.651896, 35.107122 ], [ -106.653355, 35.107102 ], [ -106.657277, 35.106485 ], [ -106.658281, 35.106413 ], [ -106.65867, 35.107736 ] ] ] } },
{ "type": "Feature", "properties": { "STATEFP": "35", "COUNTYFP": "001", "TRACTCE": "004725", "GEOIDFQ": "1400000US35001004725", "GEOID": "35001004725", "NAME": "47.25", "NAMELSAD": "Census Tract 47.25", "STUSPS": "NM", "NAMELSADCO": "Bernalillo County", "STATE_NAME": "New Mexico", "LSAD": "CT", "ALAND": 1816740, "AWATER": 0, "centroid_lon": -106.70425083978796, "centroid_lat": 35.156577457273023, "B03002_001E": 3243, "B03002_001M": 575, "B03002_012E": 2132, "B03002_012M": 572, "B19013_001E": 98798, "B19013_001M": 27505, "B01003_001E": 3243, "state": "35", "county": "001", "tract": "004725", "latino_share": 0.65741597286463149, "camera_count": 0, "arterial_road_m": 7505.6152903755874, "land_area_km2": 1.81674, "pop_density_per_km2": 1785.0655569866904, "arterial_km_per_km2": 4.1313645818199562, "log_income": 11.500832640616089, "city": "Albuquerque", "crime_count_raw": 212, "crime_rate_annual_per_km2_1000": 0.23811503544495383 }, "geometry": { "type": "Polygon", "coordinates": [ [ [ -106.719166, 35.15763 ], [ -106.71835, 35.157625 ], [ -106.710764, 35.15759 ], [ -106.710097, 35.157821 ], [ -106.707452, 35.159997 ], [ -106.705538, 35.160038 ], [ -106.704088, 35.160399 ], [ -106.703304, 35.161516 ], [ -106.703016, 35.161969 ], [ -106.699019, 35.161582 ], [ -106.69559, 35.162924 ], [ -106.69279, 35.159429 ], [ -106.692325, 35.159064 ], [ -106.692868, 35.157576 ], [ -106.694192, 35.15573 ], [ -106.694287, 35.15514 ], [ -106.693773, 35.15254 ], [ -106.696738, 35.152542 ], [ -106.698279, 35.152537 ], [ -106.70188, 35.152519 ], [ -106.705548, 35.15284 ], [ -106.710033, 35.152852 ], [ -106.715517, 35.152772 ], [ -106.717294, 35.152168 ], [ -106.719021, 35.15477 ], [ -106.719166, 35.15763 ] ] ] } },
{ "type": "Feature", "properties": { "STATEFP": "35", "COUNTYFP": "001", "TRACTCE": "004001", "GEOIDFQ": "1400000US35001004001", "GEOID": "35001004001", "NAME": "40.01", "NAMELSAD": "Census Tract 40.01", "STUSPS": "NM", "NAMELSADCO": "Bernalillo County", "STATE_NAME": "New Mexico", "LSAD": "CT", "ALAND": 97481993, "AWATER": 2082666, "centroid_lon": -106.62973410373378, "centroid_lat": 34.990971509845451, "B03002_001E": 4964, "B03002_001M": 687, "B03002_012E": 3685, "B03002_012M": 733, "B19013_001E": 69868, "B19013_001M": 15545, "B01003_001E": 4964, "state": "35", "county": "001", "tract": "004001", "latino_share": 0.74234488315874292, "camera_count": 8, "arterial_road_m": 100935.51775281833, "land_area_km2": 97.481993, "pop_density_per_km2": 50.92222519496498, "arterial_km_per_km2": 1.0354273096654716, "log_income": 11.154363026548284, "city": "Albuquerque", "crime_count_raw": 362, "crime_rate_annual_per_km2_1000": 0.0075775342405731451 }, "geometry": { "type": "Polygon", "coordinates": [ [ [ -106.689188, 34.977951 ], [ -106.687879, 34.982902 ], [ -106.687075, 34.984518 ], [ -106.685856, 34.986817 ], [ -106.685529, 34.992162 ], [ -106.687714, 34.996625 ], [ -106.68737, 34.999289 ], [ -106.68625, 35.000534 ], [ -106.683691, 35.003651 ], [ -106.681657, 35.005078 ], [ -106.682307, 35.006127 ], [ -106.680458, 35.006368 ], [ -106.674112, 35.012077 ], [ -106.673624, 35.013684 ], [ -106.672823, 35.013801 ], [ -106.671851, 35.016978 ], [ -106.672454, 35.022268 ], [ -106.673393, 35.024983 ], [ -106.672787, 35.027164 ], [ -106.672955, 35.033156 ], [ -106.670922, 35.038471 ], [ -106.667821, 35.041287 ], [ -106.662462, 35.047836 ], [ -106.661213, 35.050859 ], [ -106.659245, 35.05632 ], [ -106.659386, 35.062129 ], [ -106.659688, 35.064478 ], [ -106.66104, 35.06967 ], [ -106.654975, 35.070089 ], [ -106.652176, 35.069999 ], [ -106.64978, 35.069952 ], [ -106.650143, 35.068278 ], [ -106.650726, 35.06515 ], [ -106.651051, 35.063273 ], [ -106.65178, 35.059598 ], [ -106.653757, 35.049303 ], [ -106.653519, 35.049264 ], [ -106.648327, 35.04894 ], [ -106.64539, 35.048787 ], [ -106.644208, 35.048827 ], [ -106.639898, 35.048719 ], [ -106.639754, 35.048527 ], [ -106.638498, 35.047559 ], [ -106.637625, 35.047562 ], [ -106.638077, 35.023423 ], [ -106.635257, 35.023036 ], [ -106.633169, 35.025586 ], [ -106.629636, 35.03193 ], [ -106.62871, 35.036816 ], [ -106.621775, 35.036885 ], [ -106.621871, 35.030996 ], [ -106.621534, 35.029974 ], [ -106.619391, 35.028218 ], [ -106.613281, 35.029706 ], [ -106.612337, 35.029701 ], [ -106.593971, 35.029596 ], [ -106.593932, 35.028587 ], [ -106.586586, 35.028551 ], [ -106.586365, 35.023392 ], [ -106.586073, 35.011337 ], [ -106.568931, 35.011016 ], [ -106.56905, 34.947543 ], [ -106.663552, 34.946791 ], [ -106.663667, 34.946792 ], [ -106.665736, 34.946805 ], [ -106.673278, 34.946905 ], [ -106.679446, 34.946879 ], [ -106.680774, 34.946926 ], [ -106.679715, 34.95155 ], [ -106.683293, 34.957819 ], [ -106.685746, 34.959182 ], [ -106.686359, 34.962824 ], [ -106.685972, 34.964371 ], [ -106.688256, 34.966853 ], [ -106.688966, 34.969616 ], [ -106.688785, 34.972264 ], [ -106.689188, 34.977951 ] ] ] } },
{ "type": "Feature", "properties": { "STATEFP": "35", "COUNTYFP": "001", "TRACTCE": "004723", "GEOIDFQ": "1400000US35001004723", "GEOID": "35001004723", "NAME": "47.23", "NAMELSAD": "Census Tract 47.23", "STUSPS": "NM", "NAMELSADCO": "Bernalillo County", "STATE_NAME": "New Mexico", "LSAD": "CT", "ALAND": 4524650, "AWATER": 67849, "centroid_lon": -106.68493001707738, "centroid_lat": 35.171179897486766, "B03002_001E": 6880, "B03002_001M": 1220, "B03002_012E": 3421, "B03002_012M": 1102, "B19013_001E": 99118, "B19013_001M": 22306, "B01003_001E": 6880, "state": "35", "county": "001", "tract": "004723", "latino_share": 0.49723837209302324, "camera_count": 2, "arterial_road_m": 23402.000698397533, "land_area_km2": 4.52465, "pop_density_per_km2": 1520.5596012951278, "arterial_km_per_km2": 5.1721129144569264, "log_income": 11.504066338536903, "city": "Albuquerque", "crime_count_raw": 310, "crime_rate_annual_per_km2_1000": 0.13980427126045011 }, "geometry": { "type": "Polygon", "coordinates": [ [ [ -106.698461, 35.176086 ], [ -106.696563, 35.179173 ], [ -106.694905, 35.179486 ], [ -106.691302, 35.179613 ], [ -106.690705, 35.179687 ], [ -106.68961, 35.179823 ], [ -106.687747, 35.179882 ], [ -106.686033, 35.179949 ], [ -106.681359, 35.181277 ], [ -106.679625, 35.181466 ], [ -106.674698, 35.181283 ], [ -106.671596, 35.181899 ], [ -106.670022, 35.181698 ], [ -106.668193, 35.180995 ], [ -106.668062, 35.18094 ], [ -106.672741, 35.176058 ], [ -106.673581, 35.174402 ], [ -106.677279, 35.163058 ], [ -106.679057, 35.160035 ], [ -106.679262, 35.160034 ], [ -106.682355, 35.159994 ], [ -106.683479, 35.159878 ], [ -106.685691, 35.159902 ], [ -106.688102, 35.159847 ], [ -106.690553, 35.158686 ], [ -106.692325, 35.159064 ], [ -106.69279, 35.159429 ], [ -106.69559, 35.162924 ], [ -106.696511, 35.164891 ], [ -106.696238, 35.166939 ], [ -106.695252, 35.169418 ], [ -106.695502, 35.170958 ], [ -106.696522, 35.17305 ], [ -106.697449, 35.173304 ], [ -106.698461, 35.176086 ] ] ] } },
{ "type": "Feature", "properties": { "STATEFP": "35", "COUNTYFP": "001", "TRACTCE": "001300", "GEOIDFQ": "1400000US35001001300", "GEOID": "35001001300", "NAME": "13", "NAMELSAD": "Census Tract 13", "STUSPS": "NM", "NAMELSADCO": "Bernalillo County", "STATE_NAME": "New Mexico", "LSAD": "CT", "ALAND": 2890837, "AWATER": 5724, "centroid_lon": -106.64498035442023, "centroid_lat": 35.058483146312248, "B03002_001E": 4376, "B03002_001M": 814, "B03002_012E": 3404, "B03002_012M": 671, "B19013_001E": 39284, "B19013_001M": 10278, "B01003_001E": 4376, "state": "35", "county": "001", "tract": "001300", "latino_share": 0.77787934186471663, "camera_count": 0, "arterial_road_m": 17395.733479243849, "land_area_km2": 2.890837, "pop_density_per_km2": 1513.7484403306032, "arterial_km_per_km2": 6.0175421441070007, "log_income": 10.578572590277664, "city": "Albuquerque", "crime_count_raw": 727, "crime_rate_annual_per_km2_1000": 0.51316206351298066 }, "geometry": { "type": "Polygon", "coordinates": [ [ [ -106.653757, 35.049303 ], [ -106.65178, 35.059598 ], [ -106.651051, 35.063273 ], [ -106.650726, 35.06515 ], [ -106.650143, 35.068278 ], [ -106.64978, 35.069952 ], [ -106.649486, 35.06995 ], [ -106.646826, 35.069652 ], [ -106.643109, 35.069727 ], [ -106.640682, 35.069763 ], [ -106.639437, 35.069798 ], [ -106.638929, 35.065794 ], [ -106.638109, 35.059584 ], [ -106.637549, 35.054473 ], [ -106.637625, 35.047562 ], [ -106.638498, 35.047559 ], [ -106.639754, 35.048527 ], [ -106.639898, 35.048719 ], [ -106.644208, 35.048827 ], [ -106.64539, 35.048787 ], [ -106.648327, 35.04894 ], [ -106.653519, 35.049264 ], [ -106.653757, 35.049303 ] ] ] } },
{ "type": "Feature", "properties": { "STATEFP": "35", "COUNTYFP": "001", "TRACTCE": "003001", "GEOIDFQ": "1400000US35001003001", "GEOID": "35001003001", "NAME": "30.01", "NAMELSAD": "Census Tract 30.01", "STUSPS": "NM", "NAMELSADCO": "Bernalillo County", "STATE_NAME": "New Mexico", "LSAD": "CT", "ALAND": 2985371, "AWATER": 0, "centroid_lon": -106.66578376682621, "centroid_lat": 35.115677339566666, "B03002_001E": 4522, "B03002_001M": 719, "B03002_012E": 2041, "B03002_012M": 668, "B19013_001E": 44729, "B19013_001M": 18384, "B01003_001E": 4522, "state": "35", "county": "001", "tract": "003001", "latino_share": 0.45134896063688634, "camera_count": 3, "arterial_road_m": 9821.4485514178432, "land_area_km2": 2.985371, "pop_density_per_km2": 1514.7196110634154, "arterial_km_per_km2": 3.2898586311107874, "log_income": 10.708377339816602, "city": "Albuquerque", "crime_count_raw": 811, "crime_rate_annual_per_km2_1000": 0.55432731716396388 }, "geometry": { "type": "Polygon", "coordinates": [ [ [ -106.675538, 35.118436 ], [ -106.67545, 35.119816 ], [ -106.673839, 35.1251 ], [ -106.671436, 35.12437 ], [ -106.669854, 35.124089 ], [ -106.665938, 35.123854 ], [ -106.664007, 35.123419 ], [ -106.660564, 35.123532 ], [ -106.655006, 35.122708 ], [ -106.656409, 35.118211 ], [ -106.657164, 35.115987 ], [ -106.657956, 35.112254 ], [ -106.65867, 35.107736 ], [ -106.658281, 35.106413 ], [ -106.66388, 35.106485 ], [ -106.664772, 35.106406 ], [ -106.670766, 35.105242 ], [ -106.671127, 35.107332 ], [ -106.672735, 35.110532 ], [ -106.673274, 35.111231 ], [ -106.674654, 35.114923 ], [ -106.675523, 35.117939 ], [ -106.675538, 35.118436 ] ] ] } },
{ "type": "Feature", "properties": { "STATEFP": "35", "COUNTYFP": "001", "TRACTCE": "000107", "GEOIDFQ": "1400000US35001000107", "GEOID": "35001000107", "NAME": "1.07", "NAMELSAD": "Census Tract 1.07", "STUSPS": "NM", "NAMELSADCO": "Bernalillo County", "STATE_NAME": "New Mexico", "LSAD": "CT", "ALAND": 3171004, "AWATER": 1226, "centroid_lon": -106.48832559996278, "centroid_lat": 35.122438830030347, "B03002_001E": 2673, "B03002_001M": 347, "B03002_012E": 588, "B03002_012M": 209, "B19013_001E": 90255, "B19013_001M": 18553, "B01003_001E": 2673, "state": "35", "county": "001", "tract": "000107", "latino_share": 0.21997755331088664, "camera_count": 0, "arterial_road_m": 4159.3314586038559, "land_area_km2": 3.171004, "pop_density_per_km2": 842.95068691177937, "arterial_km_per_km2": 1.3116765095861929, "log_income": 11.410394276322561, "city": "Albuquerque", "crime_count_raw": 176, "crime_rate_annual_per_km2_1000": 0.1132555815828849 }, "geometry": { "type": "Polygon", "coordinates": [ [ [ -106.497886, 35.130655 ], [ -106.49106, 35.130794 ], [ -106.488235, 35.132384 ], [ -106.486627, 35.13335 ], [ -106.48037, 35.131036 ], [ -106.480044, 35.112742 ], [ -106.481717, 35.11185 ], [ -106.484644, 35.11105 ], [ -106.488338, 35.111043 ], [ -106.489069, 35.109689 ], [ -106.488771, 35.11073 ], [ -106.488625, 35.113684 ], [ -106.489568, 35.115596 ], [ -106.497478, 35.115584 ], [ -106.497742, 35.123424 ], [ -106.497886, 35.130655 ] ] ] } },
{ "type": "Feature", "properties": { "STATEFP": "35", "COUNTYFP": "001", "TRACTCE": "004726", "GEOIDFQ": "1400000US35001004726", "GEOID": "35001004726", "NAME": "47.26", "NAMELSAD": "Census Tract 47.26", "STUSPS": "NM", "NAMELSADCO": "Bernalillo County", "STATE_NAME": "New Mexico", "LSAD": "CT", "ALAND": 1137279, "AWATER": 0, "centroid_lon": -106.71843028875523, "centroid_lat": 35.146646654243412, "B03002_001E": 2124, "B03002_001M": 392, "B03002_012E": 1202, "B03002_012M": 359, "B19013_001E": 78065, "B19013_001M": 10998, "B01003_001E": 2124, "state": "35", "county": "001", "tract": "004726", "latino_share": 0.56591337099811678, "camera_count": 0, "arterial_road_m": 2715.6695318822208, "land_area_km2": 1.137279, "pop_density_per_km2": 1867.6155982832711, "arterial_km_per_km2": 2.3878657144660376, "log_income": 11.26529709197562, "city": "Albuquerque", "crime_count_raw": 72, "crime_rate_annual_per_km2_1000": 0.12918414438780829 }, "geometry": { "type": "Polygon", "coordinates": [ [ [ -106.725612, 35.145778 ], [ -106.722398, 35.146921 ], [ -106.723538, 35.148977 ], [ -106.722526, 35.152485 ], [ -106.719104, 35.151743 ], [ -106.718487, 35.152167 ], [ -106.721673, 35.155743 ], [ -106.719648, 35.156556 ], [ -106.719166, 35.15763 ], [ -106.719021, 35.15477 ], [ -106.717294, 35.152168 ], [ -106.712762, 35.145359 ], [ -106.71055, 35.142189 ], [ -106.713887, 35.140888 ], [ -106.71627, 35.140865 ], [ -106.718161, 35.14178 ], [ -106.719592, 35.140535 ], [ -106.720456, 35.141992 ], [ -106.724738, 35.14399 ], [ -106.725612, 35.145778 ] ] ] } },
{ "type": "Feature", "properties": { "STATEFP": "35", "COUNTYFP": "001", "TRACTCE": "000118", "GEOIDFQ": "1400000US35001000118", "GEOID": "35001000118", "NAME": "1.18", "NAMELSAD": "Census Tract 1.18", "STUSPS": "NM", "NAMELSADCO": "Bernalillo County", "STATE_NAME": "New Mexico", "LSAD": "CT", "ALAND": 1361992, "AWATER": 0, "centroid_lon": -106.55969656467258, "centroid_lat": 35.126905234876126, "B03002_001E": 2826, "B03002_001M": 512, "B03002_012E": 935, "B03002_012M": 347, "B19013_001E": 69549, "B19013_001M": 18628, "B01003_001E": 2826, "state": "35", "county": "001", "tract": "000118", "latino_share": 0.33085633404104742, "camera_count": 4, "arterial_road_m": 6322.0432007895179, "land_area_km2": 1.361992, "pop_density_per_km2": 2074.902055224994, "arterial_km_per_km2": 4.6417623604173279, "log_income": 11.149786819103003, "city": "Albuquerque", "crime_count_raw": 448, "crime_rate_annual_per_km2_1000": 0.67119265299424535 }, "geometry": { "type": "Polygon", "coordinates": [ [ [ -106.568739, 35.126196 ], [ -106.568664, 35.130763 ], [ -106.559864, 35.130764 ], [ -106.550995, 35.130699 ], [ -106.551013, 35.126767 ], [ -106.551001, 35.123561 ], [ -106.556879, 35.12231 ], [ -106.559891, 35.122643 ], [ -106.564941, 35.123812 ], [ -106.568768, 35.123542 ], [ -106.568739, 35.126196 ] ] ] } },
{ "type": "Feature", "properties": { "STATEFP": "35", "COUNTYFP": "001", "TRACTCE": "000719", "GEOIDFQ": "1400000US35001000719", "GEOID": "35001000719", "NAME": "7.19", "NAMELSAD": "Census Tract 7.19", "STUSPS": "NM", "NAMELSADCO": "Bernalillo County", "STATE_NAME": "New Mexico", "LSAD": "CT", "ALAND": 1658984, "AWATER": 40381, "centroid_lon": -106.51670394742952, "centroid_lat": 35.048039453605163, "B03002_001E": 3117, "B03002_001M": 555, "B03002_012E": 724, "B03002_012M": 300, "B19013_001E": 138984, "B19013_001M": 25489, "B01003_001E": 3117, "state": "35", "county": "001", "tract": "000719", "latino_share": 0.23227462303496951, "camera_count": 0, "arterial_road_m": 1719.7694545410309, "land_area_km2": 1.658984, "pop_density_per_km2": 1878.8607967286002, "arterial_km_per_km2": 1.0366401692487877, "log_income": 11.842114097573736, "city": "Albuquerque", "crime_count_raw": 96, "crime_rate_annual_per_km2_1000": 0.11807902872699774 }, "geometry": { "type": "Polygon", "coordinates": [ [ [ -106.529209, 35.04293 ], [ -106.528033, 35.045016 ], [ -106.522798, 35.0488 ], [ -106.520835, 35.049408 ], [ -106.520277, 35.050529 ], [ -106.519735, 35.050527 ], [ -106.519711, 35.052238 ], [ -106.518543, 35.054151 ], [ -106.515949, 35.055665 ], [ -106.515347, 35.055856 ], [ -106.510859, 35.056913 ], [ -106.510878, 35.055233 ], [ -106.511395, 35.054617 ], [ -106.510962, 35.050439 ], [ -106.508817, 35.049603 ], [ -106.508868, 35.042789 ], [ -106.528183, 35.043019 ], [ -106.529209, 35.04293 ] ] ] } },
{ "type": "Feature", "properties": { "STATEFP": "35", "COUNTYFP": "001", "TRACTCE": "001202", "GEOIDFQ": "1400000US35001001202", "GEOID": "35001001202", "NAME": "12.02", "NAMELSAD": "Census Tract 12.02", "STUSPS": "NM", "NAMELSADCO": "Bernalillo County", "STATE_NAME": "New Mexico", "LSAD": "CT", "ALAND": 10204782, "AWATER": 0, "centroid_lon": -106.62672724240548, "centroid_lat": 35.050334685175137, "B03002_001E": 3033, "B03002_001M": 624, "B03002_012E": 2043, "B03002_012M": 654, "B19013_001E": 51897, "B19013_001M": 36891, "B01003_001E": 3033, "state": "35", "county": "001", "tract": "001202", "latino_share": 0.67359050445103863, "camera_count": 7, "arterial_road_m": 38699.219340815616, "land_area_km2": 10.204782, "pop_density_per_km2": 297.21360044731972, "arterial_km_per_km2": 3.7922632096222748, "log_income": 10.857016264015087, "city": "Albuquerque", "crime_count_raw": 969, "crime_rate_annual_per_km2_1000": 0.19375984668309909 }, "geometry": { "type": "Polygon", "coordinates": [ [ [ -106.639907, 35.074483 ], [ -106.639027, 35.076054 ], [ -106.638439, 35.076636 ], [ -106.633483, 35.076617 ], [ -106.6335, 35.077788 ], [ -106.632272, 35.076642 ], [ -106.628149, 35.076651 ], [ -106.62667, 35.075045 ], [ -106.624077, 35.075035 ], [ -106.624129, 35.073048 ], [ -106.62424, 35.065928 ], [ -106.624206, 35.058451 ], [ -106.616127, 35.058445 ], [ -106.613293, 35.058439 ], [ -106.611632, 35.058485 ], [ -106.610464, 35.058466 ], [ -106.611168, 35.046595 ], [ -106.611673, 35.04154 ], [ -106.61171, 35.038174 ], [ -106.612167, 35.037011 ], [ -106.612326, 35.030379 ], [ -106.612337, 35.029701 ], [ -106.613281, 35.029706 ], [ -106.619391, 35.028218 ], [ -106.621534, 35.029974 ], [ -106.621871, 35.030996 ], [ -106.621775, 35.036885 ], [ -106.62871, 35.036816 ], [ -106.629636, 35.03193 ], [ -106.633169, 35.025586 ], [ -106.635257, 35.023036 ], [ -106.638077, 35.023423 ], [ -106.637625, 35.047562 ], [ -106.637549, 35.054473 ], [ -106.638109, 35.059584 ], [ -106.638929, 35.065794 ], [ -106.639437, 35.069798 ], [ -106.639907, 35.074483 ] ] ] } },
{ "type": "Feature", "properties": { "STATEFP": "35", "COUNTYFP": "001", "TRACTCE": "003707", "GEOIDFQ": "1400000US35001003707", "GEOID": "35001003707", "NAME": "37.07", "NAMELSAD": "Census Tract 37.07", "STUSPS": "NM", "NAMELSADCO": "Bernalillo County", "STATE_NAME": "New Mexico", "LSAD": "CT", "ALAND": 3175773, "AWATER": 75838, "centroid_lon": -106.56325750528384, "centroid_lat": 35.139168961737589, "B03002_001E": 4932, "B03002_001M": 696, "B03002_012E": 1638, "B03002_012M": 569, "B19013_001E": 42149, "B19013_001M": 7710, "B01003_001E": 4932, "state": "35", "county": "001", "tract": "003707", "latino_share": 0.33211678832116787, "camera_count": 0, "arterial_road_m": 11522.31985930609, "land_area_km2": 3.175773, "pop_density_per_km2": 1553.0077244185904, "arterial_km_per_km2": 3.6281937844128307, "log_income": 10.648966238356156, "city": "Albuquerque", "crime_count_raw": 676, "crime_rate_annual_per_km2_1000": 0.43435115478871089 }, "geometry": { "type": "Polygon", "coordinates": [ [ [ -106.586426, 35.148036 ], [ -106.58353, 35.147751 ], [ -106.580684, 35.146532 ], [ -106.578, 35.145484 ], [ -106.574364, 35.145341 ], [ -106.570243, 35.145385 ], [ -106.566381, 35.145305 ], [ -106.556566, 35.145282 ], [ -106.553852, 35.146124 ], [ -106.551706, 35.142918 ], [ -106.551158, 35.141212 ], [ -106.551039, 35.14053 ], [ -106.551035, 35.138417 ], [ -106.551061, 35.137487 ], [ -106.550995, 35.130699 ], [ -106.559864, 35.130764 ], [ -106.568664, 35.130763 ], [ -106.568661, 35.138405 ], [ -106.570177, 35.138454 ], [ -106.574885, 35.141708 ], [ -106.576666, 35.142326 ], [ -106.580844, 35.144618 ], [ -106.586467, 35.144901 ], [ -106.586426, 35.148036 ] ] ] } },
{ "type": "Feature", "properties": { "STATEFP": "35", "COUNTYFP": "001", "TRACTCE": "004762", "GEOIDFQ": "1400000US35001004762", "GEOID": "35001004762", "NAME": "47.62", "NAMELSAD": "Census Tract 47.62", "STUSPS": "NM", "NAMELSADCO": "Bernalillo County", "STATE_NAME": "New Mexico", "LSAD": "CT", "ALAND": 2471553, "AWATER": 0, "centroid_lon": -106.72154493449554, "centroid_lat": 35.070414658739537, "B03002_001E": 4668, "B03002_001M": 1049, "B03002_012E": 3972, "B03002_012M": 986, "B19013_001E": 58462, "B19013_001M": 18278, "B01003_001E": 4668, "state": "35", "county": "001", "tract": "004762", "latino_share": 0.85089974293059123, "camera_count": 3, "arterial_road_m": 17368.326479162897, "land_area_km2": 2.471553, "pop_density_per_km2": 1888.6910375783971, "arterial_km_per_km2": 7.0272927504135643, "log_income": 10.976132249506655, "city": "Albuquerque", "crime_count_raw": 1197, "crime_rate_annual_per_km2_1000": 0.98825258524268722 }, "geometry": { "type": "Polygon", "coordinates": [ [ [ -106.73113, 35.070238 ], [ -106.729816, 35.074733 ], [ -106.729975, 35.075572 ], [ -106.722801, 35.077193 ], [ -106.710591, 35.079984 ], [ -106.710787, 35.078388 ], [ -106.709847, 35.076878 ], [ -106.708936, 35.073999 ], [ -106.707595, 35.069867 ], [ -106.708958, 35.069341 ], [ -106.717535, 35.070897 ], [ -106.723125, 35.071956 ], [ -106.723795, 35.070135 ], [ -106.72378, 35.06748 ], [ -106.723313, 35.064303 ], [ -106.722973, 35.061231 ], [ -106.722539, 35.058105 ], [ -106.724537, 35.057916 ], [ -106.72527, 35.057846 ], [ -106.725911, 35.057786 ], [ -106.726053, 35.057774 ], [ -106.726782, 35.057715 ], [ -106.728142, 35.057605 ], [ -106.729583, 35.057488 ], [ -106.730424, 35.063741 ], [ -106.73113, 35.070238 ] ] ] } },
{ "type": "Feature", "properties": { "STATEFP": "35", "COUNTYFP": "001", "TRACTCE": "004800", "GEOIDFQ": "1400000US35001004800", "GEOID": "35001004800", "NAME": "48", "NAMELSAD": "Census Tract 48", "STUSPS": "NM", "NAMELSADCO": "Bernalillo County", "STATE_NAME": "New Mexico", "LSAD": "CT", "ALAND": 4129575, "AWATER": 202613, "centroid_lon": -106.67442114202026, "centroid_lat": 35.099711772525531, "B03002_001E": 3947, "B03002_001M": 661, "B03002_012E": 2471, "B03002_012M": 609, "B19013_001E": 52058, "B19013_001M": 19874, "B01003_001E": 3947, "state": "35", "county": "001", "tract": "004800", "latino_share": 0.62604509754243731, "camera_count": 17, "arterial_road_m": 21476.747038849047, "land_area_km2": 4.129575, "pop_density_per_km2": 955.78842859131998, "arterial_km_per_km2": 5.2007160637230339, "log_income": 10.860113760599686, "city": "Albuquerque", "crime_count_raw": 1155, "crime_rate_annual_per_km2_1000": 0.57071641351219116 }, "geometry": { "type": "Polygon", "coordinates": [ [ [ -106.692339, 35.106509 ], [ -106.684207, 35.105834 ], [ -106.673028, 35.10498 ], [ -106.670766, 35.105242 ], [ -106.664772, 35.106406 ], [ -106.66388, 35.106485 ], [ -106.658281, 35.106413 ], [ -106.657277, 35.106485 ], [ -106.653355, 35.107102 ], [ -106.653188, 35.10661 ], [ -106.655135, 35.100304 ], [ -106.656114, 35.100489 ], [ -106.660084, 35.099365 ], [ -106.661527, 35.098392 ], [ -106.661741, 35.09838 ], [ -106.662266, 35.096599 ], [ -106.663566, 35.090696 ], [ -106.664978, 35.090228 ], [ -106.671275, 35.095191 ], [ -106.675319, 35.095447 ], [ -106.676187, 35.095279 ], [ -106.677497, 35.094469 ], [ -106.678846, 35.091675 ], [ -106.681167, 35.089069 ], [ -106.684855, 35.090628 ], [ -106.68814, 35.092685 ], [ -106.688631, 35.095331 ], [ -106.69181, 35.100429 ], [ -106.692339, 35.106509 ] ] ] } },
{ "type": "Feature", "properties": { "STATEFP": "35", "COUNTYFP": "001", "TRACTCE": "001201", "GEOIDFQ": "1400000US35001001201", "GEOID": "35001001201", "NAME": "12.01", "NAMELSAD": "Census Tract 12.01", "STUSPS": "NM", "NAMELSADCO": "Bernalillo County", "STATE_NAME": "New Mexico", "LSAD": "CT", "ALAND": 1676950, "AWATER": 0, "centroid_lon": -106.61871516214717, "centroid_lat": 35.066005900402523, "B03002_001E": 3940, "B03002_001M": 806, "B03002_012E": 1726, "B03002_012M": 579, "B19013_001E": 32797, "B19013_001M": 8225, "B01003_001E": 3940, "state": "35", "county": "001", "tract": "001201", "latino_share": 0.43807106598984774, "camera_count": 0, "arterial_road_m": 8177.1558861115354, "land_area_km2": 1.67695, "pop_density_per_km2": 2349.5035630161901, "arterial_km_per_km2": 4.8762073324258539, "log_income": 10.398092326774568, "city": "Albuquerque", "crime_count_raw": 1074, "crime_rate_annual_per_km2_1000": 1.3068565055405539 }, "geometry": { "type": "Polygon", "coordinates": [ [ [ -106.62424, 35.065928 ], [ -106.624129, 35.073048 ], [ -106.622162, 35.073684 ], [ -106.61834, 35.073681 ], [ -106.61329, 35.073671 ], [ -106.613357, 35.071263 ], [ -106.613366, 35.068935 ], [ -106.613389, 35.067744 ], [ -106.613162, 35.066098 ], [ -106.613141, 35.061491 ], [ -106.613355, 35.059257 ], [ -106.613293, 35.058439 ], [ -106.616127, 35.058445 ], [ -106.624206, 35.058451 ], [ -106.62424, 35.065928 ] ] ] } },
{ "type": "Feature", "properties": { "STATEFP": "35", "COUNTYFP": "001", "TRACTCE": "000605", "GEOIDFQ": "1400000US35001000605", "GEOID": "35001000605", "NAME": "6.05", "NAMELSAD": "Census Tract 6.05", "STUSPS": "NM", "NAMELSADCO": "Bernalillo County", "STATE_NAME": "New Mexico", "LSAD": "CT", "ALAND": 1626933, "AWATER": 0, "centroid_lon": -106.56690934964446, "centroid_lat": 35.079051158922866, "B03002_001E": 4076, "B03002_001M": 648, "B03002_012E": 2336, "B03002_012M": 471, "B19013_001E": 35953, "B19013_001M": 7271, "B01003_001E": 4076, "state": "35", "county": "001", "tract": "000605", "latino_share": 0.57311089303238472, "camera_count": 13, "arterial_road_m": 7160.489955196821, "land_area_km2": 1.626933, "pop_density_per_km2": 2505.3275088771325, "arterial_km_per_km2": 4.4012199366518603, "log_income": 10.489967808902549, "city": "Albuquerque", "crime_count_raw": 4498, "crime_rate_annual_per_km2_1000": 5.6414860611996245 }, "geometry": { "type": "Polygon", "coordinates": [ [ [ -106.577445, 35.076797 ], [ -106.577453, 35.078849 ], [ -106.573501, 35.078444 ], [ -106.572076, 35.078425 ], [ -106.572087, 35.077071 ], [ -106.572273, 35.076709 ], [ -106.572267, 35.076393 ], [ -106.56859, 35.07589 ], [ -106.568599, 35.078153 ], [ -106.568613, 35.081777 ], [ -106.568634, 35.08725 ], [ -106.567601, 35.087253 ], [ -106.559886, 35.087268 ], [ -106.559861, 35.08423 ], [ -106.560136, 35.081886 ], [ -106.559796, 35.080078 ], [ -106.559857, 35.078151 ], [ -106.560133, 35.074973 ], [ -106.563315, 35.075322 ], [ -106.563344, 35.072747 ], [ -106.564266, 35.072735 ], [ -106.568646, 35.072676 ], [ -106.57748, 35.072756 ], [ -106.577445, 35.076797 ] ] ] } },
{ "type": "Feature", "properties": { "STATEFP": "35", "COUNTYFP": "001", "TRACTCE": "000117", "GEOIDFQ": "1400000US35001000117", "GEOID": "35001000117", "NAME": "1.17", "NAMELSAD": "Census Tract 1.17", "STUSPS": "NM", "NAMELSADCO": "Bernalillo County", "STATE_NAME": "New Mexico", "LSAD": "CT", "ALAND": 1282625, "AWATER": 0, "centroid_lon": -106.54214059927601, "centroid_lat": 35.127082793487588, "B03002_001E": 2053, "B03002_001M": 264, "B03002_012E": 546, "B03002_012M": 122, "B19013_001E": 81403, "B19013_001M": 5876, "B01003_001E": 2053, "state": "35", "county": "001", "tract": "000117", "latino_share": 0.26595226497808083, "camera_count": 1, "arterial_road_m": 4693.1543181589304, "land_area_km2": 1.282625, "pop_density_per_km2": 1600.6237208849041, "arterial_km_per_km2": 3.659022955391428, "log_income": 11.307167406348357, "city": "Albuquerque", "crime_count_raw": 409, "crime_rate_annual_per_km2_1000": 0.65067982922387779 }, "geometry": { "type": "Polygon", "coordinates": [ [ [ -106.551013, 35.126767 ], [ -106.550995, 35.130699 ], [ -106.547719, 35.130694 ], [ -106.545056, 35.130678 ], [ -106.54214, 35.13067 ], [ -106.533336, 35.130644 ], [ -106.53329, 35.123425 ], [ -106.542089, 35.123491 ], [ -106.543791, 35.123526 ], [ -106.551001, 35.123561 ], [ -106.551013, 35.126767 ] ] ] } },
{ "type": "Feature", "properties": { "STATEFP": "35", "COUNTYFP": "001", "TRACTCE": "000402", "GEOIDFQ": "1400000US35001000402", "GEOID": "35001000402", "NAME": "4.02", "NAMELSAD": "Census Tract 4.02", "STUSPS": "NM", "NAMELSADCO": "Bernalillo County", "STATE_NAME": "New Mexico", "LSAD": "CT", "ALAND": 1973340, "AWATER": 0, "centroid_lon": -106.59091879326984, "centroid_lat": 35.091074365671552, "B03002_001E": 3548, "B03002_001M": 377, "B03002_012E": 941, "B03002_012M": 265, "B19013_001E": 95665, "B19013_001M": 11536, "B01003_001E": 3548, "state": "35", "county": "001", "tract": "000402", "latino_share": 0.26521984216459976, "camera_count": 0, "arterial_road_m": 8474.5124173875356, "land_area_km2": 1.97334, "pop_density_per_km2": 1797.9668987604771, "arterial_km_per_km2": 4.2945019192777396, "log_income": 11.468607784319103, "city": "Albuquerque", "crime_count_raw": 612, "crime_rate_annual_per_km2_1000": 0.63283900576402896 }, "geometry": { "type": "Polygon", "coordinates": [ [ [ -106.604363, 35.094798 ], [ -106.603363, 35.094839 ], [ -106.59969, 35.094807 ], [ -106.598802, 35.094712 ], [ -106.592994, 35.094723 ], [ -106.591883, 35.094721 ], [ -106.586305, 35.094663 ], [ -106.577568, 35.094727 ], [ -106.57748, 35.087355 ], [ -106.586185, 35.087416 ], [ -106.591936, 35.087425 ], [ -106.595316, 35.087424 ], [ -106.604248, 35.087492 ], [ -106.604363, 35.094798 ] ] ] } },
{ "type": "Feature", "properties": { "STATEFP": "35", "COUNTYFP": "001", "TRACTCE": "003717", "GEOIDFQ": "1400000US35001003717", "GEOID": "35001003717", "NAME": "37.17", "NAMELSAD": "Census Tract 37.17", "STUSPS": "NM", "NAMELSADCO": "Bernalillo County", "STATE_NAME": "New Mexico", "LSAD": "CT", "ALAND": 2281217, "AWATER": 0, "centroid_lon": -106.54188470806534, "centroid_lat": 35.143443663296942, "B03002_001E": 5189, "B03002_001M": 714, "B03002_012E": 2122, "B03002_012M": 400, "B19013_001E": 76983, "B19013_001M": 9483, "B01003_001E": 5189, "state": "35", "county": "001", "tract": "003717", "latino_share": 0.40894199267681636, "camera_count": 0, "arterial_road_m": 7135.6686398262236, "land_area_km2": 2.281217, "pop_density_per_km2": 2274.6630417009869, "arterial_km_per_km2": 3.1280095842816462, "log_income": 11.251339897239722, "city": "Albuquerque", "crime_count_raw": 392, "crime_rate_annual_per_km2_1000": 0.35064141020223905 }, "geometry": { "type": "Polygon", "coordinates": [ [ [ -106.553852, 35.146124 ], [ -106.547816, 35.148708 ], [ -106.542147, 35.151023 ], [ -106.539867, 35.151317 ], [ -106.539664, 35.14995 ], [ -106.538963, 35.148862 ], [ -106.537449, 35.147823 ], [ -106.532914, 35.147394 ], [ -106.52938, 35.145703 ], [ -106.531477, 35.143107 ], [ -106.533121, 35.140538 ], [ -106.533363, 35.138894 ], [ -106.5334, 35.137111 ], [ -106.540175, 35.137394 ], [ -106.542181, 35.137203 ], [ -106.545903, 35.137326 ], [ -106.551035, 35.138417 ], [ -106.551039, 35.14053 ], [ -106.551158, 35.141212 ], [ -106.551706, 35.142918 ], [ -106.553852, 35.146124 ] ] ] } },
{ "type": "Feature", "properties": { "STATEFP": "35", "COUNTYFP": "001", "TRACTCE": "000711", "GEOIDFQ": "1400000US35001000711", "GEOID": "35001000711", "NAME": "7.11", "NAMELSAD": "Census Tract 7.11", "STUSPS": "NM", "NAMELSADCO": "Bernalillo County", "STATE_NAME": "New Mexico", "LSAD": "CT", "ALAND": 3089351, "AWATER": 0, "centroid_lon": -106.48869534410271, "centroid_lat": 35.077192628459485, "B03002_001E": 4226, "B03002_001M": 513, "B03002_012E": 987, "B03002_012M": 293, "B19013_001E": 84469, "B19013_001M": 18885, "B01003_001E": 4226, "state": "35", "county": "001", "tract": "000711", "latino_share": 0.23355418835778513, "camera_count": 1, "arterial_road_m": 5899.769017347614, "land_area_km2": 3.089351, "pop_density_per_km2": 1367.9248489407646, "arterial_km_per_km2": 1.9097114628113199, "log_income": 11.344139882128914, "city": "Albuquerque", "crime_count_raw": 351, "crime_rate_annual_per_km2_1000": 0.23183745417984497 }, "geometry": { "type": "Polygon", "coordinates": [ [ [ -106.497112, 35.086265 ], [ -106.492957, 35.08616 ], [ -106.49131, 35.087176 ], [ -106.490991, 35.086907 ], [ -106.490007, 35.08865 ], [ -106.485546, 35.086582 ], [ -106.48374, 35.083974 ], [ -106.479962, 35.084922 ], [ -106.479973, 35.072776 ], [ -106.480259, 35.071649 ], [ -106.482433, 35.070784 ], [ -106.485595, 35.065091 ], [ -106.486682, 35.065638 ], [ -106.487873, 35.066129 ], [ -106.493705, 35.068377 ], [ -106.496706, 35.069538 ], [ -106.495877, 35.071937 ], [ -106.496526, 35.074314 ], [ -106.496976, 35.075244 ], [ -106.497065, 35.079117 ], [ -106.497112, 35.086265 ] ] ] } },
{ "type": "Feature", "properties": { "STATEFP": "35", "COUNTYFP": "001", "TRACTCE": "004756", "GEOIDFQ": "1400000US35001004756", "GEOID": "35001004756", "NAME": "47.56", "NAMELSAD": "Census Tract 47.56", "STUSPS": "NM", "NAMELSADCO": "Bernalillo County", "STATE_NAME": "New Mexico", "LSAD": "CT", "ALAND": 4009944, "AWATER": 0, "centroid_lon": -106.70700211616295, "centroid_lat": 35.188249832316785, "B03002_001E": 4629, "B03002_001M": 553, "B03002_012E": 2032, "B03002_012M": 526, "B19013_001E": 116389, "B19013_001M": 7372, "B01003_001E": 4629, "state": "35", "county": "001", "tract": "004756", "latino_share": 0.43897170015122056, "camera_count": 1, "arterial_road_m": 10422.171967702277, "land_area_km2": 4.009944, "pop_density_per_km2": 1154.3802107959611, "arterial_km_per_km2": 2.5990816748818135, "log_income": 11.664693308095693, "city": "Albuquerque", "crime_count_raw": 137, "crime_rate_annual_per_km2_1000": 0.069714962189744378 }, "geometry": { "type": "Polygon", "coordinates": [ [ [ -106.727654, 35.192136 ], [ -106.721031, 35.192179 ], [ -106.719528, 35.192461 ], [ -106.706452, 35.196458 ], [ -106.705075, 35.196746 ], [ -106.703343, 35.196841 ], [ -106.703262, 35.196946 ], [ -106.70024, 35.196937 ], [ -106.698529, 35.196769 ], [ -106.696945, 35.196067 ], [ -106.695778, 35.195285 ], [ -106.6919, 35.192433 ], [ -106.686544, 35.191063 ], [ -106.684742, 35.190106 ], [ -106.684091, 35.189751 ], [ -106.68427, 35.189578 ], [ -106.684404, 35.189449 ], [ -106.684539, 35.189267 ], [ -106.684656, 35.189077 ], [ -106.684744, 35.188873 ], [ -106.684923, 35.18725 ], [ -106.68557, 35.185628 ], [ -106.687321, 35.182325 ], [ -106.687747, 35.179882 ], [ -106.68961, 35.179823 ], [ -106.690705, 35.179687 ], [ -106.691302, 35.179613 ], [ -106.690867, 35.183669 ], [ -106.691228, 35.185378 ], [ -106.69033, 35.186954 ], [ -106.686326, 35.189901 ], [ -106.688536, 35.190614 ], [ -106.688781, 35.189384 ], [ -106.691021, 35.190856 ], [ -106.692939, 35.190203 ], [ -106.693248, 35.189305 ], [ -106.697178, 35.189374 ], [ -106.698431, 35.190757 ], [ -106.703287, 35.190693 ], [ -106.703287, 35.188805 ], [ -106.7076, 35.188826 ], [ -106.707595, 35.187063 ], [ -106.703851, 35.187089 ], [ -106.703851, 35.185502 ], [ -106.700996, 35.185515 ], [ -106.701026, 35.179601 ], [ -106.702181, 35.179675 ], [ -106.713879, 35.179773 ], [ -106.716669, 35.18064 ], [ -106.720102, 35.18397 ], [ -106.724882, 35.188541 ], [ -106.727675, 35.189103 ], [ -106.727654, 35.192136 ] ] ] } },
{ "type": "Feature", "properties": { "STATEFP": "35", "COUNTYFP": "001", "TRACTCE": "000718", "GEOIDFQ": "1400000US35001000718", "GEOID": "35001000718", "NAME": "7.18", "NAMELSAD": "Census Tract 7.18", "STUSPS": "NM", "NAMELSADCO": "Bernalillo County", "STATE_NAME": "New Mexico", "LSAD": "CT", "ALAND": 2244324, "AWATER": 0, "centroid_lon": -106.52447511529355, "centroid_lat": 35.073635304755406, "B03002_001E": 3904, "B03002_001M": 477, "B03002_012E": 2106, "B03002_012M": 385, "B19013_001E": 57463, "B19013_001M": 11298, "B01003_001E": 3904, "state": "35", "county": "001", "tract": "000718", "latino_share": 0.53944672131147542, "camera_count": 8, "arterial_road_m": 11702.197493536165, "land_area_km2": 2.244324, "pop_density_per_km2": 1739.4992879815925, "arterial_km_per_km2": 5.2141301761849732, "log_income": 10.958896541403579, "city": "Albuquerque", "crime_count_raw": 1112, "crime_rate_annual_per_km2_1000": 1.0110275037425716 }, "geometry": { "type": "Polygon", "coordinates": [ [ [ -106.532419, 35.071929 ], [ -106.532319, 35.076408 ], [ -106.532331, 35.080062 ], [ -106.532416, 35.083294 ], [ -106.523781, 35.079941 ], [ -106.515141, 35.076628 ], [ -106.515181, 35.070081 ], [ -106.515211, 35.069056 ], [ -106.516042, 35.067532 ], [ -106.517734, 35.066503 ], [ -106.519297, 35.066347 ], [ -106.524854, 35.067246 ], [ -106.53254, 35.067341 ], [ -106.532419, 35.071929 ] ] ] } },
{ "type": "Feature", "properties": { "STATEFP": "35", "COUNTYFP": "001", "TRACTCE": "003712", "GEOIDFQ": "1400000US35001003712", "GEOID": "35001003712", "NAME": "37.12", "NAMELSAD": "Census Tract 37.12", "STUSPS": "NM", "NAMELSADCO": "Bernalillo County", "STATE_NAME": "New Mexico", "LSAD": "CT", "ALAND": 2622814, "AWATER": 0, "centroid_lon": -106.55107556299828, "centroid_lat": 35.16685033592082, "B03002_001E": 5172, "B03002_001M": 775, "B03002_012E": 2000, "B03002_012M": 461, "B19013_001E": 88047, "B19013_001M": 26543, "B01003_001E": 5172, "state": "35", "county": "001", "tract": "003712", "latino_share": 0.38669760247486468, "camera_count": 0, "arterial_road_m": 10434.060414568585, "land_area_km2": 2.622814, "pop_density_per_km2": 1971.9278606870332, "arterial_km_per_km2": 3.9781930455490113, "log_income": 11.385626041793648, "city": "Albuquerque", "crime_count_raw": 233, "crime_rate_annual_per_km2_1000": 0.18127260024409736 }, "geometry": { "type": "Polygon", "coordinates": [ [ [ -106.559934, 35.167031 ], [ -106.559936, 35.174268 ], [ -106.553915, 35.174052 ], [ -106.551096, 35.174058 ], [ -106.542244, 35.174487 ], [ -106.54225, 35.166411 ], [ -106.542252, 35.164995 ], [ -106.54225, 35.15955 ], [ -106.555277, 35.159469 ], [ -106.559901, 35.159456 ], [ -106.559969, 35.166302 ], [ -106.559934, 35.167031 ] ] ] } },
{ "type": "Feature", "properties": { "STATEFP": "35", "COUNTYFP": "001", "TRACTCE": "003719", "GEOIDFQ": "1400000US35001003719", "GEOID": "35001003719", "NAME": "37.19", "NAMELSAD": "Census Tract 37.19", "STUSPS": "NM", "NAMELSADCO": "Bernalillo County", "STATE_NAME": "New Mexico", "LSAD": "CT", "ALAND": 2626353, "AWATER": 0, "centroid_lon": -106.51289450651312, "centroid_lat": 35.134593312437097, "B03002_001E": 5257, "B03002_001M": 572, "B03002_012E": 1236, "B03002_012M": 350, "B19013_001E": 91136, "B19013_001M": 18231, "B01003_001E": 5257, "state": "35", "county": "001", "tract": "003719", "latino_share": 0.23511508464903938, "camera_count": 0, "arterial_road_m": 10146.431970492175, "land_area_km2": 2.626353, "pop_density_per_km2": 2001.6349668151997, "arterial_km_per_km2": 3.8633161538042202, "log_income": 11.420108175331594, "city": "Albuquerque", "crime_count_raw": 415, "crime_rate_annual_per_km2_1000": 0.32243244421841927 }, "geometry": { "type": "Polygon", "coordinates": [ [ [ -106.5334, 35.137111 ], [ -106.528669, 35.135194 ], [ -106.524495, 35.135431 ], [ -106.522653, 35.135576 ], [ -106.515775, 35.13765 ], [ -106.511233, 35.139242 ], [ -106.50501, 35.139948 ], [ -106.499789, 35.141414 ], [ -106.498097, 35.140773 ], [ -106.497893, 35.140737 ], [ -106.497873, 35.137728 ], [ -106.497886, 35.130655 ], [ -106.498078, 35.130651 ], [ -106.500258, 35.130651 ], [ -106.506028, 35.13067 ], [ -106.50795, 35.130676 ], [ -106.515082, 35.130684 ], [ -106.515681, 35.13066 ], [ -106.524512, 35.130692 ], [ -106.533336, 35.130644 ], [ -106.5334, 35.137111 ] ] ] } },
{ "type": "Feature", "properties": { "STATEFP": "35", "COUNTYFP": "001", "TRACTCE": "004729", "GEOIDFQ": "1400000US35001004729", "GEOID": "35001004729", "NAME": "47.29", "NAMELSAD": "Census Tract 47.29", "STUSPS": "NM", "NAMELSADCO": "Bernalillo County", "STATE_NAME": "New Mexico", "LSAD": "CT", "ALAND": 4626170, "AWATER": 440313, "centroid_lon": -106.69380749680246, "centroid_lat": 35.128898623294823, "B03002_001E": 3953, "B03002_001M": 608, "B03002_012E": 2040, "B03002_012M": 370, "B19013_001E": 82321, "B19013_001M": 18759, "B01003_001E": 3953, "state": "35", "county": "001", "tract": "004729", "latino_share": 0.51606374905135344, "camera_count": 2, "arterial_road_m": 13743.465606817053, "land_area_km2": 4.62617, "pop_density_per_km2": 854.48654070213593, "arterial_km_per_km2": 2.9708085969207905, "log_income": 11.318381518150378, "city": "Albuquerque", "crime_count_raw": 710, "crime_rate_annual_per_km2_1000": 0.31317024884488015 }, "geometry": { "type": "Polygon", "coordinates": [ [ [ -106.702094, 35.11244 ], [ -106.701584, 35.115364 ], [ -106.701531, 35.11837 ], [ -106.701531, 35.121323 ], [ -106.701532, 35.128021 ], [ -106.701371, 35.135817 ], [ -106.700196, 35.138892 ], [ -106.698601, 35.140906 ], [ -106.692623, 35.145024 ], [ -106.68769, 35.148229 ], [ -106.686094, 35.149584 ], [ -106.683187, 35.148132 ], [ -106.682552, 35.147786 ], [ -106.678431, 35.145765 ], [ -106.683582, 35.138544 ], [ -106.688053, 35.133961 ], [ -106.689882, 35.130944 ], [ -106.691182, 35.125844 ], [ -106.690925, 35.122119 ], [ -106.691709, 35.119717 ], [ -106.692271, 35.118677 ], [ -106.692345, 35.11821 ], [ -106.692664, 35.116199 ], [ -106.691053, 35.109561 ], [ -106.692242, 35.106708 ], [ -106.692339, 35.106509 ], [ -106.694467, 35.106685 ], [ -106.701334, 35.107107 ], [ -106.704393, 35.106636 ], [ -106.702094, 35.11244 ] ] ] } },
{ "type": "Feature", "properties": { "STATEFP": "35", "COUNTYFP": "001", "TRACTCE": "980600", "GEOIDFQ": "1400000US35001980600", "GEOID": "35001980600", "NAME": "9806", "NAMELSAD": "Census Tract 9806", "STUSPS": "NM", "NAMELSADCO": "Bernalillo County", "STATE_NAME": "New Mexico", "LSAD": "CT", "ALAND": 41209096, "AWATER": 71725, "centroid_lon": -106.75385616404634, "centroid_lat": 35.14376428676411, "B03002_001E": 16, "B03002_001M": 11, "B03002_012E": 0, "B03002_012M": 13, "B19013_001E": -666666666, "B19013_001M": -222222222, "B01003_001E": 16, "state": "35", "county": "001", "tract": "980600", "latino_share": 0.0, "camera_count": 0, "arterial_road_m": 11714.374287971641, "land_area_km2": 41.209096, "pop_density_per_km2": 0.38826379496410207, "arterial_km_per_km2": 0.28426671354236066, "log_income": null, "city": "Albuquerque", "crime_count_raw": 35, "crime_rate_annual_per_km2_1000": 0.0017330803310332456 }, "geometry": { "type": "Polygon", "coordinates": [ [ [ -106.791969, 35.119897 ], [ -106.787528, 35.125222 ], [ -106.785944, 35.127912 ], [ -106.785781, 35.12984 ], [ -106.785818, 35.142654 ], [ -106.786402, 35.146661 ], [ -106.786591, 35.150702 ], [ -106.785709, 35.155585 ], [ -106.785912, 35.158549 ], [ -106.784546, 35.165984 ], [ -106.784601, 35.167324 ], [ -106.786645, 35.174668 ], [ -106.785812, 35.176519 ], [ -106.784092, 35.178054 ], [ -106.783497, 35.179842 ], [ -106.758817, 35.179814 ], [ -106.758798, 35.184463 ], [ -106.757442, 35.184479 ], [ -106.749752, 35.184306 ], [ -106.745739, 35.184271 ], [ -106.745356, 35.183449 ], [ -106.745353, 35.179855 ], [ -106.745348, 35.17428 ], [ -106.758606, 35.174331 ], [ -106.758534, 35.159767 ], [ -106.736541, 35.160044 ], [ -106.727745, 35.159959 ], [ -106.72778, 35.146416 ], [ -106.723672, 35.147111 ], [ -106.724462, 35.149151 ], [ -106.723118, 35.151834 ], [ -106.725441, 35.154497 ], [ -106.723977, 35.155182 ], [ -106.723467, 35.156926 ], [ -106.72548, 35.160827 ], [ -106.724235, 35.162154 ], [ -106.726304, 35.164746 ], [ -106.725936, 35.165371 ], [ -106.724812, 35.167197 ], [ -106.720503, 35.164777 ], [ -106.71917, 35.163274 ], [ -106.714865, 35.162967 ], [ -106.713544, 35.165506 ], [ -106.710728, 35.167425 ], [ -106.710985, 35.170367 ], [ -106.709651, 35.17081 ], [ -106.7104, 35.171953 ], [ -106.708191, 35.172984 ], [ -106.704844, 35.171348 ], [ -106.70326, 35.172873 ], [ -106.698766, 35.17378 ], [ -106.70179, 35.176976 ], [ -106.702181, 35.179675 ], [ -106.701026, 35.179601 ], [ -106.700996, 35.185515 ], [ -106.703851, 35.185502 ], [ -106.703851, 35.187089 ], [ -106.707595, 35.187063 ], [ -106.7076, 35.188826 ], [ -106.703287, 35.188805 ], [ -106.703287, 35.190693 ], [ -106.698431, 35.190757 ], [ -106.697178, 35.189374 ], [ -106.693248, 35.189305 ], [ -106.692939, 35.190203 ], [ -106.691021, 35.190856 ], [ -106.688781, 35.189384 ], [ -106.688536, 35.190614 ], [ -106.686326, 35.189901 ], [ -106.69033, 35.186954 ], [ -106.691228, 35.185378 ], [ -106.690867, 35.183669 ], [ -106.691302, 35.179613 ], [ -106.694905, 35.179486 ], [ -106.696563, 35.179173 ], [ -106.698461, 35.176086 ], [ -106.697449, 35.173304 ], [ -106.698087, 35.172115 ], [ -106.702193, 35.172328 ], [ -106.703354, 35.171487 ], [ -106.702788, 35.167051 ], [ -106.704082, 35.165765 ], [ -106.70492, 35.165512 ], [ -106.704519, 35.166532 ], [ -106.705336, 35.169119 ], [ -106.706307, 35.169223 ], [ -106.709868, 35.168091 ], [ -106.709827, 35.166426 ], [ -106.711395, 35.166058 ], [ -106.712707, 35.164068 ], [ -106.71293, 35.162078 ], [ -106.713815, 35.161338 ], [ -106.714377, 35.158684 ], [ -106.718392, 35.159512 ], [ -106.71835, 35.157625 ], [ -106.719166, 35.15763 ], [ -106.719648, 35.156556 ], [ -106.721673, 35.155743 ], [ -106.718487, 35.152167 ], [ -106.719104, 35.151743 ], [ -106.722526, 35.152485 ], [ -106.723538, 35.148977 ], [ -106.722398, 35.146921 ], [ -106.725612, 35.145778 ], [ -106.724738, 35.14399 ], [ -106.720456, 35.141992 ], [ -106.719592, 35.140535 ], [ -106.718161, 35.14178 ], [ -106.71627, 35.140865 ], [ -106.713887, 35.140888 ], [ -106.71055, 35.142189 ], [ -106.709917, 35.14117 ], [ -106.7093, 35.138385 ], [ -106.710105, 35.136849 ], [ -106.711691, 35.135807 ], [ -106.717415, 35.133384 ], [ -106.7241, 35.126642 ], [ -106.726618, 35.123995 ], [ -106.727555, 35.122685 ], [ -106.72776, 35.117859 ], [ -106.728026, 35.117971 ], [ -106.729189, 35.11827 ], [ -106.733426, 35.115088 ], [ -106.737023, 35.113829 ], [ -106.744716, 35.113578 ], [ -106.74472, 35.112198 ], [ -106.752623, 35.112067 ], [ -106.753959, 35.111431 ], [ -106.755416, 35.110693 ], [ -106.75542, 35.101076 ], [ -106.761576, 35.101079 ], [ -106.765407, 35.10378 ], [ -106.775705, 35.111655 ], [ -106.780295, 35.111545 ], [ -106.780351, 35.114543 ], [ -106.784925, 35.115142 ], [ -106.787604, 35.115874 ], [ -106.791969, 35.119897 ] ] ] } },
{ "type": "Feature", "properties": { "STATEFP": "35", "COUNTYFP": "001", "TRACTCE": "000503", "GEOIDFQ": "1400000US35001000503", "GEOID": "35001000503", "NAME": "5.03", "NAMELSAD": "Census Tract 5.03", "STUSPS": "NM", "NAMELSADCO": "Bernalillo County", "STATE_NAME": "New Mexico", "LSAD": "CT", "ALAND": 1592058, "AWATER": 0, "centroid_lon": -106.59490514209027, "centroid_lat": 35.083073806861897, "B03002_001E": 3285, "B03002_001M": 593, "B03002_012E": 672, "B03002_012M": 171, "B19013_001E": 56951, "B19013_001M": 17014, "B01003_001E": 3285, "state": "35", "county": "001", "tract": "000503", "latino_share": 0.20456621004566211, "camera_count": 4, "arterial_road_m": 6448.6738917229104, "land_area_km2": 1.592058, "pop_density_per_km2": 2063.3670381355455, "arterial_km_per_km2": 4.0505269856518487, "log_income": 10.949946527983677, "city": "Albuquerque", "crime_count_raw": 1249, "crime_rate_annual_per_km2_1000": 1.6008376489126248 }, "geometry": { "type": "Polygon", "coordinates": [ [ [ -106.604285, 35.080806 ], [ -106.604248, 35.087492 ], [ -106.595316, 35.087424 ], [ -106.591936, 35.087425 ], [ -106.586185, 35.087416 ], [ -106.586191, 35.07779 ], [ -106.591314, 35.078305 ], [ -106.595339, 35.07876 ], [ -106.60452, 35.079778 ], [ -106.604285, 35.080806 ] ] ] } },
{ "type": "Feature", "properties": { "STATEFP": "35", "COUNTYFP": "001", "TRACTCE": "000205", "GEOIDFQ": "1400000US35001000205", "GEOID": "35001000205", "NAME": "2.05", "NAMELSAD": "Census Tract 2.05", "STUSPS": "NM", "NAMELSADCO": "Bernalillo County", "STATE_NAME": "New Mexico", "LSAD": "CT", "ALAND": 1216552, "AWATER": 0, "centroid_lon": -106.59528126471326, "centroid_lat": 35.119913557645503, "B03002_001E": 2941, "B03002_001M": 407, "B03002_012E": 1112, "B03002_012M": 241, "B19013_001E": 55714, "B19013_001M": 14819, "B01003_001E": 2941, "state": "35", "county": "001", "tract": "000205", "latino_share": 0.37810268616116965, "camera_count": 2, "arterial_road_m": 3459.7474980840911, "land_area_km2": 1.216552, "pop_density_per_km2": 2417.4881139482732, "arterial_km_per_km2": 2.8438961080858776, "log_income": 10.927986740832239, "city": "Albuquerque", "crime_count_raw": 439, "crime_rate_annual_per_km2_1000": 0.73633862097040281 }, "geometry": { "type": "Polygon", "coordinates": [ [ [ -106.604102, 35.120113 ], [ -106.604118, 35.123717 ], [ -106.602886, 35.123316 ], [ -106.595765, 35.123304 ], [ -106.595292, 35.123305 ], [ -106.58643, 35.123293 ], [ -106.586415, 35.119852 ], [ -106.586412, 35.11649 ], [ -106.593763, 35.116514 ], [ -106.595796, 35.116508 ], [ -106.598074, 35.116514 ], [ -106.604123, 35.11652 ], [ -106.604102, 35.120113 ] ] ] } },
{ "type": "Feature", "properties": { "STATEFP": "35", "COUNTYFP": "001", "TRACTCE": "000715", "GEOIDFQ": "1400000US35001000715", "GEOID": "35001000715", "NAME": "7.15", "NAMELSAD": "Census Tract 7.15", "STUSPS": "NM", "NAMELSADCO": "Bernalillo County", "STATE_NAME": "New Mexico", "LSAD": "CT", "ALAND": 1015249, "AWATER": 0, "centroid_lon": -106.54200001564327, "centroid_lat": 35.070168065854716, "B03002_001E": 2630, "B03002_001M": 1232, "B03002_012E": 2196, "B03002_012M": 1216, "B19013_001E": 19621, "B19013_001M": 11421, "B01003_001E": 2630, "state": "35", "county": "001", "tract": "000715", "latino_share": 0.83498098859315595, "camera_count": 4, "arterial_road_m": 3316.9331372807765, "land_area_km2": 1.015249, "pop_density_per_km2": 2590.49750356809, "arterial_km_per_km2": 3.2671129321779944, "log_income": 9.8843557002201017, "city": "Albuquerque", "crime_count_raw": 476, "crime_rate_annual_per_km2_1000": 0.95670516575416165 }, "geometry": { "type": "Polygon", "coordinates": [ [ [ -106.550462, 35.072759 ], [ -106.550441, 35.07387 ], [ -106.542454, 35.073051 ], [ -106.532419, 35.071929 ], [ -106.53254, 35.067341 ], [ -106.534827, 35.067386 ], [ -106.535471, 35.067369 ], [ -106.550458, 35.067327 ], [ -106.55045, 35.069069 ], [ -106.550462, 35.072759 ] ] ] } },
{ "type": "Feature", "properties": { "STATEFP": "35", "COUNTYFP": "001", "TRACTCE": "000129", "GEOIDFQ": "1400000US35001000129", "GEOID": "35001000129", "NAME": "1.29", "NAMELSAD": "Census Tract 1.29", "STUSPS": "NM", "NAMELSADCO": "Bernalillo County", "STATE_NAME": "New Mexico", "LSAD": "CT", "ALAND": 1324534, "AWATER": 0, "centroid_lon": -106.5059189295975, "centroid_lat": 35.090232515248665, "B03002_001E": 5000, "B03002_001M": 977, "B03002_012E": 1985, "B03002_012M": 597, "B19013_001E": 55119, "B19013_001M": 11322, "B01003_001E": 5000, "state": "35", "county": "001", "tract": "000129", "latino_share": 0.397, "camera_count": 0, "arterial_road_m": 6725.1119176923348, "land_area_km2": 1.324534, "pop_density_per_km2": 3774.9125352765573, "arterial_km_per_km2": 5.0773418558469121, "log_income": 10.917249763287845, "city": "Albuquerque", "crime_count_raw": 682, "crime_rate_annual_per_km2_1000": 1.050666778737964 }, "geometry": { "type": "Polygon", "coordinates": [ [ [ -106.51528, 35.093581 ], [ -106.506336, 35.093748 ], [ -106.50574, 35.093706 ], [ -106.502014, 35.093714 ], [ -106.500222, 35.095099 ], [ -106.497801, 35.094793 ], [ -106.497591, 35.094786 ], [ -106.497653, 35.093052 ], [ -106.497112, 35.086265 ], [ -106.501771, 35.086389 ], [ -106.506196, 35.086516 ], [ -106.515011, 35.086776 ], [ -106.51513, 35.090084 ], [ -106.515137, 35.090407 ], [ -106.51528, 35.093581 ] ] ] } }
]
}
