{
"type": "FeatureCollection",
"name": "charlotte_tracts_analysis_table",
"crs": { "type": "name", "properties": { "name": "urn:ogc:def:crs:EPSG::4269" } },
"features": [
{ "type": "Feature", "properties": { "STATEFP": "37", "COUNTYFP": "119", "TRACTCE": "005200", "GEOIDFQ": "1400000US37119005200", "GEOID": "37119005200", "NAME": "52", "NAMELSAD": "Census Tract 52", "STUSPS": "NC", "NAMELSADCO": "Mecklenburg County", "STATE_NAME": "North Carolina", "LSAD": "CT", "ALAND": 3645309, "AWATER": 0, "centroid_lon": -80.824666028731002, "centroid_lat": 35.245770398208307, "B03002_001E": 1924, "B03002_001M": 269, "B03002_012E": 272, "B03002_012M": 258, "B19013_001E": 39688, "B19013_001M": 18884, "B01003_001E": 1924, "state": "37", "county": "119", "tract": "005200", "latino_share": 0.14137214137214138, "camera_count": 0, "arterial_road_m": 11621.156521882353, "land_area_km2": 3.645309, "pop_density_per_km2": 527.80162120687157, "arterial_km_per_km2": 3.1879757029876901, "log_income": 10.588804153980885, "city": "Charlotte" }, "geometry": { "type": "Polygon", "coordinates": [ [ [ -80.840893, 35.238642 ], [ -80.836742, 35.241907 ], [ -80.835993, 35.242442 ], [ -80.829493, 35.248842 ], [ -80.828893, 35.249842 ], [ -80.824598, 35.255189 ], [ -80.819893, 35.260941 ], [ -80.818892, 35.259042 ], [ -80.816392, 35.256842 ], [ -80.8117, 35.251251 ], [ -80.810698, 35.249728 ], [ -80.811692, 35.247242 ], [ -80.813357, 35.24616 ], [ -80.830593, 35.232942 ], [ -80.835193, 35.235642 ], [ -80.838431, 35.236752 ], [ -80.840585, 35.23731 ], [ -80.841842, 35.237654 ], [ -80.840893, 35.238642 ] ] ] } },
{ "type": "Feature", "properties": { "STATEFP": "37", "COUNTYFP": "119", "TRACTCE": "004800", "GEOIDFQ": "1400000US37119004800", "GEOID": "37119004800", "NAME": "48", "NAMELSAD": "Census Tract 48", "STUSPS": "NC", "NAMELSADCO": "Mecklenburg County", "STATE_NAME": "North Carolina", "LSAD": "CT", "ALAND": 3261578, "AWATER": 0, "centroid_lon": -80.849221683405389, "centroid_lat": 35.257542924684586, "B03002_001E": 2711, "B03002_001M": 553, "B03002_012E": 231, "B03002_012M": 198, "B19013_001E": 33725, "B19013_001M": 10600, "B01003_001E": 2711, "state": "37", "county": "119", "tract": "004800", "latino_share": 0.085208410180745112, "camera_count": 1, "arterial_road_m": 22025.579341458149, "land_area_km2": 3.261578, "pop_density_per_km2": 831.19275393689804, "arterial_km_per_km2": 6.7530438767547949, "log_income": 10.425994681075956, "city": "Charlotte" }, "geometry": { "type": "Polygon", "coordinates": [ [ [ -80.856483, 35.249544 ], [ -80.8556, 35.25703 ], [ -80.854715, 35.262992 ], [ -80.853938, 35.266766 ], [ -80.854187, 35.271141 ], [ -80.846742, 35.272566 ], [ -80.846528, 35.270573 ], [ -80.841833, 35.263542 ], [ -80.840653, 35.261028 ], [ -80.840634, 35.259792 ], [ -80.843749, 35.252437 ], [ -80.845704, 35.248074 ], [ -80.846331, 35.246448 ], [ -80.847069, 35.243277 ], [ -80.850497, 35.241046 ], [ -80.851093, 35.241642 ], [ -80.852215, 35.243275 ], [ -80.853893, 35.245941 ], [ -80.854534, 35.246728 ], [ -80.856505, 35.249349 ], [ -80.856483, 35.249544 ] ] ] } },
{ "type": "Feature", "properties": { "STATEFP": "37", "COUNTYFP": "119", "TRACTCE": "001507", "GEOIDFQ": "1400000US37119001507", "GEOID": "37119001507", "NAME": "15.07", "NAMELSAD": "Census Tract 15.07", "STUSPS": "NC", "NAMELSADCO": "Mecklenburg County", "STATE_NAME": "North Carolina", "LSAD": "CT", "ALAND": 2152142, "AWATER": 6864, "centroid_lon": -80.743273670416073, "centroid_lat": 35.246250432133841, "B03002_001E": 5135, "B03002_001M": 664, "B03002_012E": 2685, "B03002_012M": 597, "B19013_001E": 53383, "B19013_001M": 5797, "B01003_001E": 5135, "state": "37", "county": "119", "tract": "001507", "latino_share": 0.52288218111002926, "camera_count": 2, "arterial_road_m": 5016.1947104610081, "land_area_km2": 2.152142, "pop_density_per_km2": 2385.9949761679295, "arterial_km_per_km2": 2.3307916998325426, "log_income": 10.885247622203586, "city": "Charlotte" }, "geometry": { "type": "Polygon", "coordinates": [ [ [ -80.752495, 35.247682 ], [ -80.747312, 35.251274 ], [ -80.746657, 35.251684 ], [ -80.736216, 35.258278 ], [ -80.736377, 35.254836 ], [ -80.737439, 35.246477 ], [ -80.737448, 35.246385 ], [ -80.737932, 35.239573 ], [ -80.737781, 35.238951 ], [ -80.737675, 35.237509 ], [ -80.737895, 35.236914 ], [ -80.746664, 35.237878 ], [ -80.750702, 35.242511 ], [ -80.75099, 35.242853 ], [ -80.752333, 35.244586 ], [ -80.752495, 35.247682 ] ] ] } },
{ "type": "Feature", "properties": { "STATEFP": "37", "COUNTYFP": "119", "TRACTCE": "004400", "GEOIDFQ": "1400000US37119004400", "GEOID": "37119004400", "NAME": "44", "NAMELSAD": "Census Tract 44", "STUSPS": "NC", "NAMELSADCO": "Mecklenburg County", "STATE_NAME": "North Carolina", "LSAD": "CT", "ALAND": 7727258, "AWATER": 225220, "centroid_lon": -80.880676112786631, "centroid_lat": 35.280529442881765, "B03002_001E": 3826, "B03002_001M": 499, "B03002_012E": 618, "B03002_012M": 232, "B19013_001E": 46768, "B19013_001M": 8288, "B01003_001E": 3826, "state": "37", "county": "119", "tract": "004400", "latino_share": 0.1615263983272347, "camera_count": 0, "arterial_road_m": 22470.906134668745, "land_area_km2": 7.727258, "pop_density_per_km2": 495.13035542491269, "arterial_km_per_km2": 2.908005159743436, "log_income": 10.752954487351028, "city": "Charlotte" }, "geometry": { "type": "Polygon", "coordinates": [ [ [ -80.896054, 35.282777 ], [ -80.893594, 35.285756 ], [ -80.891719, 35.288965 ], [ -80.891341, 35.290756 ], [ -80.88945, 35.291962 ], [ -80.887882, 35.29455 ], [ -80.885267, 35.296438 ], [ -80.884802, 35.296762 ], [ -80.88183, 35.298809 ], [ -80.8807, 35.299623 ], [ -80.879786, 35.300272 ], [ -80.878158, 35.301294 ], [ -80.876546, 35.299202 ], [ -80.872926, 35.293329 ], [ -80.871952, 35.292615 ], [ -80.866806, 35.289299 ], [ -80.866387, 35.287163 ], [ -80.868198, 35.285371 ], [ -80.868872, 35.283083 ], [ -80.868191, 35.281919 ], [ -80.867571, 35.280011 ], [ -80.868332, 35.278924 ], [ -80.866993, 35.276054 ], [ -80.865213, 35.272611 ], [ -80.865719, 35.268937 ], [ -80.870032, 35.268084 ], [ -80.872672, 35.267026 ], [ -80.880103, 35.260751 ], [ -80.887394, 35.26914 ], [ -80.889194, 35.27004 ], [ -80.895894, 35.27164 ], [ -80.898287, 35.272507 ], [ -80.896087, 35.275839 ], [ -80.895915, 35.276023 ], [ -80.895336, 35.27841 ], [ -80.894907, 35.278919 ], [ -80.89862, 35.280966 ], [ -80.896054, 35.282777 ] ] ] } },
{ "type": "Feature", "properties": { "STATEFP": "37", "COUNTYFP": "119", "TRACTCE": "003201", "GEOIDFQ": "1400000US37119003201", "GEOID": "37119003201", "NAME": "32.01", "NAMELSAD": "Census Tract 32.01", "STUSPS": "NC", "NAMELSADCO": "Mecklenburg County", "STATE_NAME": "North Carolina", "LSAD": "CT", "ALAND": 1920668, "AWATER": 0, "centroid_lon": -80.871995887008396, "centroid_lat": 35.184401150267469, "B03002_001E": 2494, "B03002_001M": 525, "B03002_012E": 464, "B03002_012M": 263, "B19013_001E": 79335, "B19013_001M": 22713, "B01003_001E": 2494, "state": "37", "county": "119", "tract": "003201", "latino_share": 0.18604651162790697, "camera_count": 1, "arterial_road_m": 4639.4258518578599, "land_area_km2": 1.920668, "pop_density_per_km2": 1298.5065612588953, "arterial_km_per_km2": 2.4155272289942142, "log_income": 11.28143467216819, "city": "Charlotte" }, "geometry": { "type": "Polygon", "coordinates": [ [ [ -80.879359, 35.180691 ], [ -80.878539, 35.183953 ], [ -80.877903, 35.185594 ], [ -80.87549, 35.189851 ], [ -80.872709, 35.194858 ], [ -80.865514, 35.19027 ], [ -80.864563, 35.186695 ], [ -80.864819, 35.186231 ], [ -80.864846, 35.183033 ], [ -80.866074, 35.182296 ], [ -80.865542, 35.18185 ], [ -80.869113, 35.178983 ], [ -80.871426, 35.174687 ], [ -80.87943, 35.177948 ], [ -80.879359, 35.180691 ] ] ] } },
{ "type": "Feature", "properties": { "STATEFP": "37", "COUNTYFP": "119", "TRACTCE": "001605", "GEOIDFQ": "1400000US37119001605", "GEOID": "37119001605", "NAME": "16.05", "NAMELSAD": "Census Tract 16.05", "STUSPS": "NC", "NAMELSADCO": "Mecklenburg County", "STATE_NAME": "North Carolina", "LSAD": "CT", "ALAND": 1011060, "AWATER": 0, "centroid_lon": -80.775299777645358, "centroid_lat": 35.220191604003496, "B03002_001E": 1671, "B03002_001M": 334, "B03002_012E": 678, "B03002_012M": 241, "B19013_001E": 45307, "B19013_001M": 10145, "B01003_001E": 1671, "state": "37", "county": "119", "tract": "001605", "latino_share": 0.40574506283662476, "camera_count": 0, "arterial_road_m": 2217.2645449971278, "land_area_km2": 1.01106, "pop_density_per_km2": 1652.7209067711115, "arterial_km_per_km2": 2.1930098559898799, "log_income": 10.721216824919621, "city": "Charlotte" }, "geometry": { "type": "Polygon", "coordinates": [ [ [ -80.78052, 35.220368 ], [ -80.779444, 35.222241 ], [ -80.775304, 35.228146 ], [ -80.772591, 35.226369 ], [ -80.771584, 35.223115 ], [ -80.770575, 35.219418 ], [ -80.770639, 35.215055 ], [ -80.771281, 35.213992 ], [ -80.77572, 35.215132 ], [ -80.780725, 35.215613 ], [ -80.78052, 35.220368 ] ] ] } },
{ "type": "Feature", "properties": { "STATEFP": "37", "COUNTYFP": "119", "TRACTCE": "003108", "GEOIDFQ": "1400000US37119003108", "GEOID": "37119003108", "NAME": "31.08", "NAMELSAD": "Census Tract 31.08", "STUSPS": "NC", "NAMELSADCO": "Mecklenburg County", "STATE_NAME": "North Carolina", "LSAD": "CT", "ALAND": 1573362, "AWATER": 8052, "centroid_lon": -80.869949516736966, "centroid_lat": 35.130555792239313, "B03002_001E": 4025, "B03002_001M": 685, "B03002_012E": 2245, "B03002_012M": 748, "B19013_001E": 48762, "B19013_001M": 11738, "B01003_001E": 4025, "state": "37", "county": "119", "tract": "003108", "latino_share": 0.55776397515527953, "camera_count": 0, "arterial_road_m": 1706.6650981222479, "land_area_km2": 1.573362, "pop_density_per_km2": 2558.2161002998673, "arterial_km_per_km2": 1.0847250016984316, "log_income": 10.794706599981259, "city": "Charlotte" }, "geometry": { "type": "Polygon", "coordinates": [ [ [ -80.876265, 35.128913 ], [ -80.875262, 35.132084 ], [ -80.876335, 35.137719 ], [ -80.870908, 35.137716 ], [ -80.867496, 35.138174 ], [ -80.865913, 35.137654 ], [ -80.865098, 35.137089 ], [ -80.864, 35.136488 ], [ -80.864249, 35.13622 ], [ -80.865106, 35.131865 ], [ -80.86412, 35.127694 ], [ -80.864894, 35.126816 ], [ -80.86698, 35.12327 ], [ -80.868109, 35.118317 ], [ -80.869735, 35.118448 ], [ -80.869604, 35.119384 ], [ -80.870496, 35.121268 ], [ -80.869615, 35.123298 ], [ -80.86954, 35.124009 ], [ -80.870098, 35.124824 ], [ -80.870777, 35.125103 ], [ -80.872412, 35.125196 ], [ -80.873282, 35.12548 ], [ -80.874233, 35.126731 ], [ -80.874931, 35.127324 ], [ -80.87675, 35.128156 ], [ -80.876265, 35.128913 ] ] ] } },
{ "type": "Feature", "properties": { "STATEFP": "37", "COUNTYFP": "119", "TRACTCE": "005915", "GEOIDFQ": "1400000US37119005915", "GEOID": "37119005915", "NAME": "59.15", "NAMELSAD": "Census Tract 59.15", "STUSPS": "NC", "NAMELSADCO": "Mecklenburg County", "STATE_NAME": "North Carolina", "LSAD": "CT", "ALAND": 1101210, "AWATER": 0, "centroid_lon": -80.933471003100081, "centroid_lat": 35.134790927439546, "B03002_001E": 3188, "B03002_001M": 761, "B03002_012E": 402, "B03002_012M": 237, "B19013_001E": 79338, "B19013_001M": 9571, "B01003_001E": 3188, "state": "37", "county": "119", "tract": "005915", "latino_share": 0.12609786700125469, "camera_count": 0, "arterial_road_m": 3335.7066558095289, "land_area_km2": 1.10121, "pop_density_per_km2": 2894.9973211285769, "arterial_km_per_km2": 3.0291285547802227, "log_income": 11.281472485784878, "city": "Charlotte" }, "geometry": { "type": "Polygon", "coordinates": [ [ [ -80.940704, 35.132244 ], [ -80.939382, 35.134606 ], [ -80.937575, 35.136892 ], [ -80.93633, 35.137988 ], [ -80.931831, 35.141493 ], [ -80.928966, 35.139412 ], [ -80.926143, 35.136123 ], [ -80.924899, 35.133975 ], [ -80.937746, 35.129406 ], [ -80.938757, 35.129086 ], [ -80.941828, 35.12964 ], [ -80.940704, 35.132244 ] ] ] } },
{ "type": "Feature", "properties": { "STATEFP": "37", "COUNTYFP": "119", "TRACTCE": "003203", "GEOIDFQ": "1400000US37119003203", "GEOID": "37119003203", "NAME": "32.03", "NAMELSAD": "Census Tract 32.03", "STUSPS": "NC", "NAMELSADCO": "Mecklenburg County", "STATE_NAME": "North Carolina", "LSAD": "CT", "ALAND": 1126715, "AWATER": 0, "centroid_lon": -80.863432383855837, "centroid_lat": 35.177385269876176, "B03002_001E": 2978, "B03002_001M": 587, "B03002_012E": 343, "B03002_012M": 185, "B19013_001E": 52359, "B19013_001M": 17710, "B01003_001E": 2978, "state": "37", "county": "119", "tract": "003203", "latino_share": 0.11517797179314976, "camera_count": 0, "arterial_road_m": 1657.4528569616718, "land_area_km2": 1.126715, "pop_density_per_km2": 2643.0818796235076, "arterial_km_per_km2": 1.4710488960932195, "log_income": 10.865879121292947, "city": "Charlotte" }, "geometry": { "type": "Polygon", "coordinates": [ [ [ -80.869113, 35.178983 ], [ -80.865542, 35.18185 ], [ -80.866074, 35.182296 ], [ -80.864846, 35.183033 ], [ -80.864819, 35.186231 ], [ -80.86229, 35.184278 ], [ -80.859436, 35.179405 ], [ -80.85793, 35.178257 ], [ -80.855677, 35.172368 ], [ -80.857285, 35.172471 ], [ -80.859652, 35.172709 ], [ -80.862565, 35.172525 ], [ -80.866947, 35.173235 ], [ -80.871426, 35.174687 ], [ -80.869113, 35.178983 ] ] ] } },
{ "type": "Feature", "properties": { "STATEFP": "37", "COUNTYFP": "119", "TRACTCE": "005520", "GEOIDFQ": "1400000US37119005520", "GEOID": "37119005520", "NAME": "55.20", "NAMELSAD": "Census Tract 55.20", "STUSPS": "NC", "NAMELSADCO": "Mecklenburg County", "STATE_NAME": "North Carolina", "LSAD": "CT", "ALAND": 5708102, "AWATER": 22557, "centroid_lon": -80.748069435739566, "centroid_lat": 35.347074267246278, "B03002_001E": 5126, "B03002_001M": 829, "B03002_012E": 383, "B03002_012M": 271, "B19013_001E": 115524, "B19013_001M": 11475, "B01003_001E": 5126, "state": "37", "county": "119", "tract": "005520", "latino_share": 0.074717128365197033, "camera_count": 0, "arterial_road_m": 16839.322872429468, "land_area_km2": 5.708102, "pop_density_per_km2": 898.02179428468514, "arterial_km_per_km2": 2.9500739251732826, "log_income": 11.657233579565967, "city": "Charlotte" }, "geometry": { "type": "Polygon", "coordinates": [ [ [ -80.764314, 35.342948 ], [ -80.76183, 35.34467 ], [ -80.759739, 35.346252 ], [ -80.759093, 35.350499 ], [ -80.757971, 35.353059 ], [ -80.757719, 35.353586 ], [ -80.756221, 35.356538 ], [ -80.75284, 35.359254 ], [ -80.749505, 35.359531 ], [ -80.746524, 35.359899 ], [ -80.745062, 35.359843 ], [ -80.743933, 35.359784 ], [ -80.743705, 35.360572 ], [ -80.742257, 35.359325 ], [ -80.733797, 35.354487 ], [ -80.732951, 35.35433 ], [ -80.730236, 35.354587 ], [ -80.728511, 35.353562 ], [ -80.733427, 35.348498 ], [ -80.736628, 35.345198 ], [ -80.738508, 35.343253 ], [ -80.741775, 35.338913 ], [ -80.744362, 35.332146 ], [ -80.747197, 35.332822 ], [ -80.751827, 35.334799 ], [ -80.754275, 35.33534 ], [ -80.758784, 35.337532 ], [ -80.764293, 35.339213 ], [ -80.767733, 35.341614 ], [ -80.764314, 35.342948 ] ] ] } },
{ "type": "Feature", "properties": { "STATEFP": "37", "COUNTYFP": "119", "TRACTCE": "005511", "GEOIDFQ": "1400000US37119005511", "GEOID": "37119005511", "NAME": "55.11", "NAMELSAD": "Census Tract 55.11", "STUSPS": "NC", "NAMELSADCO": "Mecklenburg County", "STATE_NAME": "North Carolina", "LSAD": "CT", "ALAND": 1945283, "AWATER": 9030, "centroid_lon": -80.808009741407403, "centroid_lat": 35.334303934762325, "B03002_001E": 3439, "B03002_001M": 574, "B03002_012E": 203, "B03002_012M": 172, "B19013_001E": 56716, "B19013_001M": 12212, "B01003_001E": 3439, "state": "37", "county": "119", "tract": "005511", "latino_share": 0.059028787438208781, "camera_count": 0, "arterial_road_m": 8558.0071180835585, "land_area_km2": 1.945283, "pop_density_per_km2": 1767.8661665166455, "arterial_km_per_km2": 4.3993635466323191, "log_income": 10.945811636857449, "city": "Charlotte" }, "geometry": { "type": "Polygon", "coordinates": [ [ [ -80.824174, 35.338887 ], [ -80.820467, 35.338037 ], [ -80.818369, 35.336176 ], [ -80.813911, 35.337953 ], [ -80.80898, 35.339009 ], [ -80.807881, 35.339122 ], [ -80.801034, 35.338099 ], [ -80.796656, 35.337778 ], [ -80.794671, 35.337624 ], [ -80.795657, 35.334796 ], [ -80.797569, 35.332919 ], [ -80.799077, 35.332611 ], [ -80.799221, 35.331632 ], [ -80.801332, 35.328667 ], [ -80.803446, 35.327205 ], [ -80.807133, 35.326862 ], [ -80.808635, 35.329356 ], [ -80.812535, 35.332498 ], [ -80.825148, 35.335232 ], [ -80.824174, 35.338887 ] ] ] } },
{ "type": "Feature", "properties": { "STATEFP": "37", "COUNTYFP": "119", "TRACTCE": "005534", "GEOIDFQ": "1400000US37119005534", "GEOID": "37119005534", "NAME": "55.34", "NAMELSAD": "Census Tract 55.34", "STUSPS": "NC", "NAMELSADCO": "Mecklenburg County", "STATE_NAME": "North Carolina", "LSAD": "CT", "ALAND": 2958464, "AWATER": 34526, "centroid_lon": -80.745979153703047, "centroid_lat": 35.318708047728308, "B03002_001E": 5227, "B03002_001M": 798, "B03002_012E": 375, "B03002_012M": 214, "B19013_001E": 57269, "B19013_001M": 13668, "B01003_001E": 5227, "state": "37", "county": "119", "tract": "005534", "latino_share": 0.071742873541228241, "camera_count": 4, "arterial_road_m": 15523.9676763599, "land_area_km2": 2.958464, "pop_density_per_km2": 1766.7952018344654, "arterial_km_per_km2": 5.2473066011145981, "log_income": 10.955514744086512, "city": "Charlotte" }, "geometry": { "type": "Polygon", "coordinates": [ [ [ -80.758103, 35.313186 ], [ -80.752411, 35.319653 ], [ -80.747032, 35.326091 ], [ -80.744362, 35.332146 ], [ -80.740702, 35.331207 ], [ -80.738733, 35.33002 ], [ -80.737763, 35.328375 ], [ -80.736124, 35.322877 ], [ -80.734116, 35.321329 ], [ -80.737368, 35.318198 ], [ -80.742264, 35.313482 ], [ -80.748811, 35.307167 ], [ -80.749784, 35.305661 ], [ -80.754356, 35.308928 ], [ -80.758863, 35.311958 ], [ -80.758103, 35.313186 ] ] ] } },
{ "type": "Feature", "properties": { "STATEFP": "37", "COUNTYFP": "119", "TRACTCE": "001926", "GEOIDFQ": "1400000US37119001926", "GEOID": "37119001926", "NAME": "19.26", "NAMELSAD": "Census Tract 19.26", "STUSPS": "NC", "NAMELSADCO": "Mecklenburg County", "STATE_NAME": "North Carolina", "LSAD": "CT", "ALAND": 1866634, "AWATER": 23151, "centroid_lon": -80.749558408053389, "centroid_lat": 35.167356011685378, "B03002_001E": 3316, "B03002_001M": 482, "B03002_012E": 513, "B03002_012M": 403, "B19013_001E": 41722, "B19013_001M": 18224, "B01003_001E": 3316, "state": "37", "county": "119", "tract": "001926", "latino_share": 0.15470446320868517, "camera_count": 0, "arterial_road_m": 4073.6438872559393, "land_area_km2": 1.866634, "pop_density_per_km2": 1776.4596594726122, "arterial_km_per_km2": 2.1823474163954688, "log_income": 10.638783846604232, "city": "Charlotte" }, "geometry": { "type": "Polygon", "coordinates": [ [ [ -80.756568, 35.176142 ], [ -80.749314, 35.175774 ], [ -80.744416, 35.170034 ], [ -80.742526, 35.166944 ], [ -80.740501, 35.16372 ], [ -80.739407, 35.162614 ], [ -80.740856, 35.161913 ], [ -80.746476, 35.161217 ], [ -80.747804, 35.158341 ], [ -80.74968, 35.157478 ], [ -80.750907, 35.158898 ], [ -80.754964, 35.162002 ], [ -80.753216, 35.163341 ], [ -80.755256, 35.166632 ], [ -80.757079, 35.17239 ], [ -80.756568, 35.176142 ] ] ] } },
{ "type": "Feature", "properties": { "STATEFP": "37", "COUNTYFP": "119", "TRACTCE": "000402", "GEOIDFQ": "1400000US37119000402", "GEOID": "37119000402", "NAME": "4.02", "NAMELSAD": "Census Tract 4.02", "STUSPS": "NC", "NAMELSADCO": "Mecklenburg County", "STATE_NAME": "North Carolina", "LSAD": "CT", "ALAND": 1027138, "AWATER": 0, "centroid_lon": -80.85839405157536, "centroid_lat": 35.221829752749564, "B03002_001E": 2261, "B03002_001M": 370, "B03002_012E": 68, "B03002_012M": 46, "B19013_001E": 74296, "B19013_001M": 9179, "B01003_001E": 2261, "state": "37", "county": "119", "tract": "000402", "latino_share": 0.03007518796992481, "camera_count": 5, "arterial_road_m": 8691.3381347284885, "land_area_km2": 1.027138, "pop_density_per_km2": 2201.2621478321312, "arterial_km_per_km2": 8.4617044007022297, "log_income": 11.215812393455844, "city": "Charlotte" }, "geometry": { "type": "Polygon", "coordinates": [ [ [ -80.865533, 35.224385 ], [ -80.861252, 35.227808 ], [ -80.860434, 35.229011 ], [ -80.857692, 35.227672 ], [ -80.853939, 35.22365 ], [ -80.855187, 35.222785 ], [ -80.854164, 35.221853 ], [ -80.852578, 35.2196 ], [ -80.85137, 35.218458 ], [ -80.856785, 35.214548 ], [ -80.858307, 35.215328 ], [ -80.860692, 35.216434 ], [ -80.859294, 35.218454 ], [ -80.862014, 35.220914 ], [ -80.863927, 35.223151 ], [ -80.866983, 35.22303 ], [ -80.865533, 35.224385 ] ] ] } },
{ "type": "Feature", "properties": { "STATEFP": "37", "COUNTYFP": "119", "TRACTCE": "005863", "GEOIDFQ": "1400000US37119005863", "GEOID": "37119005863", "NAME": "58.63", "NAMELSAD": "Census Tract 58.63", "STUSPS": "NC", "NAMELSADCO": "Mecklenburg County", "STATE_NAME": "North Carolina", "LSAD": "CT", "ALAND": 2165505, "AWATER": 1006, "centroid_lon": -80.829934550367255, "centroid_lat": 35.028797584561545, "B03002_001E": 3739, "B03002_001M": 557, "B03002_012E": 170, "B03002_012M": 121, "B19013_001E": 149356, "B19013_001M": 24668, "B01003_001E": 3739, "state": "37", "county": "119", "tract": "005863", "latino_share": 0.045466702326825356, "camera_count": 0, "arterial_road_m": 4769.2403805639069, "land_area_km2": 2.165505, "pop_density_per_km2": 1726.6180405956115, "arterial_km_per_km2": 2.2023686763890669, "log_income": 11.914087996925012, "city": "Charlotte" }, "geometry": { "type": "Polygon", "coordinates": [ [ [ -80.838143, 35.0303 ], [ -80.834436, 35.033278 ], [ -80.835343, 35.036662 ], [ -80.830492, 35.03767 ], [ -80.829051, 35.038659 ], [ -80.824905, 35.035206 ], [ -80.822473, 35.031694 ], [ -80.820513, 35.030338 ], [ -80.822422, 35.029368 ], [ -80.823675, 35.023264 ], [ -80.825429, 35.020509 ], [ -80.829353, 35.020583 ], [ -80.832456, 35.019598 ], [ -80.833272, 35.021401 ], [ -80.837, 35.024142 ], [ -80.838122, 35.026494 ], [ -80.838402, 35.026821 ], [ -80.838143, 35.0303 ] ] ] } },
{ "type": "Feature", "properties": { "STATEFP": "37", "COUNTYFP": "119", "TRACTCE": "003019", "GEOIDFQ": "1400000US37119003019", "GEOID": "37119003019", "NAME": "30.19", "NAMELSAD": "Census Tract 30.19", "STUSPS": "NC", "NAMELSADCO": "Mecklenburg County", "STATE_NAME": "North Carolina", "LSAD": "CT", "ALAND": 2669504, "AWATER": 20073, "centroid_lon": -80.817750330493922, "centroid_lat": 35.130196750577291, "B03002_001E": 2146, "B03002_001M": 211, "B03002_012E": 130, "B03002_012M": 131, "B19013_001E": 157788, "B19013_001M": 66753, "B01003_001E": 2146, "state": "37", "county": "119", "tract": "003019", "latino_share": 0.060577819198508853, "camera_count": 0, "arterial_road_m": 5615.3273208391402, "land_area_km2": 2.669504, "pop_density_per_km2": 803.89465608592457, "arterial_km_per_km2": 2.1035096110884792, "log_income": 11.969007638874919, "city": "Charlotte" }, "geometry": { "type": "Polygon", "coordinates": [ [ [ -80.828721, 35.117201 ], [ -80.827215, 35.12281 ], [ -80.827663, 35.123955 ], [ -80.826, 35.125771 ], [ -80.822834, 35.127615 ], [ -80.820896, 35.130779 ], [ -80.823033, 35.131295 ], [ -80.823864, 35.134445 ], [ -80.82303, 35.135359 ], [ -80.820831, 35.13521 ], [ -80.821308, 35.136245 ], [ -80.820098, 35.137754 ], [ -80.819996, 35.141032 ], [ -80.816688, 35.140317 ], [ -80.812845, 35.140898 ], [ -80.8074, 35.139144 ], [ -80.80317, 35.138568 ], [ -80.805408, 35.136625 ], [ -80.806815, 35.133955 ], [ -80.809177, 35.132571 ], [ -80.810447, 35.131856 ], [ -80.813476, 35.129183 ], [ -80.815125, 35.127747 ], [ -80.817627, 35.122941 ], [ -80.824073, 35.115463 ], [ -80.828131, 35.116843 ], [ -80.828721, 35.117201 ] ] ] } },
{ "type": "Feature", "properties": { "STATEFP": "37", "COUNTYFP": "119", "TRACTCE": "005525", "GEOIDFQ": "1400000US37119005525", "GEOID": "37119005525", "NAME": "55.25", "NAMELSAD": "Census Tract 55.25", "STUSPS": "NC", "NAMELSADCO": "Mecklenburg County", "STATE_NAME": "North Carolina", "LSAD": "CT", "ALAND": 2400882, "AWATER": 14252, "centroid_lon": -80.79608222595013, "centroid_lat": 35.373610926542845, "B03002_001E": 4375, "B03002_001M": 748, "B03002_012E": 1040, "B03002_012M": 543, "B19013_001E": 88259, "B19013_001M": 16554, "B01003_001E": 4375, "state": "37", "county": "119", "tract": "005525", "latino_share": 0.23771428571428571, "camera_count": 0, "arterial_road_m": 9122.2071897160349, "land_area_km2": 2.400882, "pop_density_per_km2": 1822.2469908975118, "arterial_km_per_km2": 3.7995233375551294, "log_income": 11.388030952598463, "city": "Charlotte" }, "geometry": { "type": "Polygon", "coordinates": [ [ [ -80.815926, 35.367751 ], [ -80.811707, 35.369666 ], [ -80.809632, 35.37082 ], [ -80.807437, 35.372033 ], [ -80.803665, 35.37413 ], [ -80.798709, 35.37748 ], [ -80.794389, 35.380414 ], [ -80.789047, 35.382334 ], [ -80.786798, 35.384335 ], [ -80.786109, 35.38166 ], [ -80.78476, 35.372848 ], [ -80.784816, 35.371092 ], [ -80.786084, 35.369078 ], [ -80.789471, 35.369195 ], [ -80.794995, 35.369172 ], [ -80.806177, 35.367646 ], [ -80.806294, 35.36763 ], [ -80.81074, 35.366999 ], [ -80.815861, 35.366576 ], [ -80.815926, 35.367751 ] ] ] } },
{ "type": "Feature", "properties": { "STATEFP": "37", "COUNTYFP": "119", "TRACTCE": "000401", "GEOIDFQ": "1400000US37119000401", "GEOID": "37119000401", "NAME": "4.01", "NAMELSAD": "Census Tract 4.01", "STUSPS": "NC", "NAMELSADCO": "Mecklenburg County", "STATE_NAME": "North Carolina", "LSAD": "CT", "ALAND": 343664, "AWATER": 0, "centroid_lon": -80.851696163458143, "centroid_lat": 35.215407723937339, "B03002_001E": 1813, "B03002_001M": 279, "B03002_012E": 20, "B03002_012M": 23, "B19013_001E": 92500, "B19013_001M": 17036, "B01003_001E": 1813, "state": "37", "county": "119", "tract": "000401", "latino_share": 0.011031439602868174, "camera_count": 0, "arterial_road_m": 1321.3324500506242, "land_area_km2": 0.343664, "pop_density_per_km2": 5275.5016527771304, "arterial_km_per_km2": 3.8448381269222969, "log_income": 11.434963923500517, "city": "Charlotte" }, "geometry": { "type": "Polygon", "coordinates": [ [ [ -80.856785, 35.214548 ], [ -80.85137, 35.218458 ], [ -80.850552, 35.217675 ], [ -80.848903, 35.218653 ], [ -80.848025, 35.217503 ], [ -80.846672, 35.216041 ], [ -80.853281, 35.211937 ], [ -80.856785, 35.214548 ] ] ] } },
{ "type": "Feature", "properties": { "STATEFP": "37", "COUNTYFP": "119", "TRACTCE": "005855", "GEOIDFQ": "1400000US37119005855", "GEOID": "37119005855", "NAME": "58.55", "NAMELSAD": "Census Tract 58.55", "STUSPS": "NC", "NAMELSADCO": "Mecklenburg County", "STATE_NAME": "North Carolina", "LSAD": "CT", "ALAND": 3762026, "AWATER": 22076, "centroid_lon": -80.851744785988075, "centroid_lat": 35.043465462932865, "B03002_001E": 4688, "B03002_001M": 755, "B03002_012E": 719, "B03002_012M": 432, "B19013_001E": 106788, "B19013_001M": 26128, "B01003_001E": 4688, "state": "37", "county": "119", "tract": "005855", "latino_share": 0.15337030716723549, "camera_count": 10, "arterial_road_m": 11115.597175594818, "land_area_km2": 3.762026, "pop_density_per_km2": 1246.1370548741556, "arterial_km_per_km2": 2.9546837729443705, "log_income": 11.578600839644862, "city": "Charlotte" }, "geometry": { "type": "Polygon", "coordinates": [ [ [ -80.868229, 35.050247 ], [ -80.862473, 35.052922 ], [ -80.859029, 35.055738 ], [ -80.857073, 35.056227 ], [ -80.850137, 35.054656 ], [ -80.85002, 35.053534 ], [ -80.848057, 35.047024 ], [ -80.846416, 35.041783 ], [ -80.842751, 35.041091 ], [ -80.835343, 35.036662 ], [ -80.834436, 35.033278 ], [ -80.838143, 35.0303 ], [ -80.838402, 35.026821 ], [ -80.843865, 35.032271 ], [ -80.847445, 35.034587 ], [ -80.853342, 35.037889 ], [ -80.855794, 35.041919 ], [ -80.859084, 35.040716 ], [ -80.861545, 35.040534 ], [ -80.863742, 35.042794 ], [ -80.864934, 35.044163 ], [ -80.866484, 35.047828 ], [ -80.866825, 35.048518 ], [ -80.868229, 35.050247 ] ] ] } },
{ "type": "Feature", "properties": { "STATEFP": "37", "COUNTYFP": "119", "TRACTCE": "006115", "GEOIDFQ": "1400000US37119006115", "GEOID": "37119006115", "NAME": "61.15", "NAMELSAD": "Census Tract 61.15", "STUSPS": "NC", "NAMELSADCO": "Mecklenburg County", "STATE_NAME": "North Carolina", "LSAD": "CT", "ALAND": 2038808, "AWATER": 3421, "centroid_lon": -80.849604257829853, "centroid_lat": 35.341432549282707, "B03002_001E": 3976, "B03002_001M": 984, "B03002_012E": 487, "B03002_012M": 414, "B19013_001E": 65647, "B19013_001M": 17469, "B01003_001E": 3976, "state": "37", "county": "119", "tract": "006115", "latino_share": 0.12248490945674044, "camera_count": 2, "arterial_road_m": 13406.445443209381, "land_area_km2": 2.038808, "pop_density_per_km2": 1950.1591125795073, "arterial_km_per_km2": 6.575629212367903, "log_income": 11.092047181809429, "city": "Charlotte" }, "geometry": { "type": "Polygon", "coordinates": [ [ [ -80.85857, 35.342026 ], [ -80.857106, 35.346987 ], [ -80.850835, 35.348807 ], [ -80.847884, 35.348395 ], [ -80.842966, 35.347174 ], [ -80.841475, 35.346558 ], [ -80.842651, 35.335729 ], [ -80.84475, 35.334524 ], [ -80.848754, 35.333844 ], [ -80.851362, 35.333302 ], [ -80.852411, 35.332359 ], [ -80.853998, 35.336027 ], [ -80.854303, 35.336439 ], [ -80.85823, 35.340785 ], [ -80.85857, 35.342026 ] ] ] } },
{ "type": "Feature", "properties": { "STATEFP": "37", "COUNTYFP": "119", "TRACTCE": "003500", "GEOIDFQ": "1400000US37119003500", "GEOID": "37119003500", "NAME": "35", "NAMELSAD": "Census Tract 35", "STUSPS": "NC", "NAMELSADCO": "Mecklenburg County", "STATE_NAME": "North Carolina", "LSAD": "CT", "ALAND": 1739010, "AWATER": 0, "centroid_lon": -80.845656558983848, "centroid_lat": 35.20757910431869, "B03002_001E": 2802, "B03002_001M": 393, "B03002_012E": 105, "B03002_012M": 69, "B19013_001E": 111440, "B19013_001M": 18494, "B01003_001E": 2802, "state": "37", "county": "119", "tract": "003500", "latino_share": 0.037473233404710919, "camera_count": 0, "arterial_road_m": 4518.9045682993637, "land_area_km2": 1.73901, "pop_density_per_km2": 1611.2615798644056, "arterial_km_per_km2": 2.5985500763649227, "log_income": 11.621241608453687, "city": "Charlotte" }, "geometry": { "type": "Polygon", "coordinates": [ [ [ -80.85774, 35.213586 ], [ -80.856785, 35.214548 ], [ -80.853281, 35.211937 ], [ -80.846672, 35.216041 ], [ -80.844591, 35.213782 ], [ -80.844299, 35.213479 ], [ -80.839638, 35.208389 ], [ -80.837685, 35.206317 ], [ -80.836858, 35.205645 ], [ -80.838095, 35.196723 ], [ -80.838393, 35.196276 ], [ -80.840292, 35.198756 ], [ -80.843701, 35.201234 ], [ -80.848575, 35.204896 ], [ -80.858664, 35.212477 ], [ -80.85774, 35.213586 ] ] ] } },
{ "type": "Feature", "properties": { "STATEFP": "37", "COUNTYFP": "119", "TRACTCE": "005305", "GEOIDFQ": "1400000US37119005305", "GEOID": "37119005305", "NAME": "53.05", "NAMELSAD": "Census Tract 53.05", "STUSPS": "NC", "NAMELSADCO": "Mecklenburg County", "STATE_NAME": "North Carolina", "LSAD": "CT", "ALAND": 2266319, "AWATER": 0, "centroid_lon": -80.784906877490172, "centroid_lat": 35.272249709343129, "B03002_001E": 4681, "B03002_001M": 933, "B03002_012E": 1801, "B03002_012M": 858, "B19013_001E": 45318, "B19013_001M": 5141, "B01003_001E": 4681, "state": "37", "county": "119", "tract": "005305", "latino_share": 0.3847468489638966, "camera_count": 0, "arterial_road_m": 2165.3087105150962, "land_area_km2": 2.266319, "pop_density_per_km2": 2065.463864530986, "arterial_km_per_km2": 0.9554298007099159, "log_income": 10.721459583541503, "city": "Charlotte" }, "geometry": { "type": "Polygon", "coordinates": [ [ [ -80.793522, 35.273669 ], [ -80.793526, 35.278725 ], [ -80.790476, 35.279539 ], [ -80.789602, 35.277968 ], [ -80.78875, 35.2768 ], [ -80.784286, 35.277569 ], [ -80.783161, 35.278015 ], [ -80.782532, 35.27825 ], [ -80.777696, 35.278739 ], [ -80.775891, 35.278833 ], [ -80.773641, 35.272703 ], [ -80.773689, 35.268212 ], [ -80.776938, 35.269884 ], [ -80.778994, 35.269914 ], [ -80.780851, 35.267029 ], [ -80.782757, 35.266701 ], [ -80.783759, 35.265961 ], [ -80.786453, 35.266274 ], [ -80.78923, 35.265027 ], [ -80.79112, 35.264069 ], [ -80.792561, 35.265385 ], [ -80.794943, 35.265756 ], [ -80.793522, 35.273669 ] ] ] } },
{ "type": "Feature", "properties": { "STATEFP": "37", "COUNTYFP": "119", "TRACTCE": "005830", "GEOIDFQ": "1400000US37119005830", "GEOID": "37119005830", "NAME": "58.30", "NAMELSAD": "Census Tract 58.30", "STUSPS": "NC", "NAMELSADCO": "Mecklenburg County", "STATE_NAME": "North Carolina", "LSAD": "CT", "ALAND": 3463330, "AWATER": 1403, "centroid_lon": -80.856496985081577, "centroid_lat": 35.073753675960532, "B03002_001E": 3443, "B03002_001M": 530, "B03002_012E": 533, "B03002_012M": 335, "B19013_001E": 81230, "B19013_001M": 10226, "B01003_001E": 3443, "state": "37", "county": "119", "tract": "005830", "latino_share": 0.15480685448736567, "camera_count": 1, "arterial_road_m": 10735.747396541068, "land_area_km2": 3.46333, "pop_density_per_km2": 994.12992697779305, "arterial_km_per_km2": 3.0998338005737449, "log_income": 11.305039916044999, "city": "Charlotte" }, "geometry": { "type": "Polygon", "coordinates": [ [ [ -80.867551, 35.068566 ], [ -80.867353, 35.070041 ], [ -80.86488, 35.074149 ], [ -80.862958, 35.075633 ], [ -80.860285, 35.080715 ], [ -80.86008, 35.082278 ], [ -80.85808, 35.084249 ], [ -80.857537, 35.087597 ], [ -80.852923, 35.087661 ], [ -80.853081, 35.086006 ], [ -80.850155, 35.080908 ], [ -80.842017, 35.076797 ], [ -80.840679, 35.075012 ], [ -80.840688, 35.07443 ], [ -80.843446, 35.073884 ], [ -80.84825, 35.071445 ], [ -80.848457, 35.07001 ], [ -80.852716, 35.068933 ], [ -80.855294, 35.066357 ], [ -80.858187, 35.065352 ], [ -80.861183, 35.061103 ], [ -80.863562, 35.060291 ], [ -80.864304, 35.062014 ], [ -80.868421, 35.062462 ], [ -80.867377, 35.065745 ], [ -80.869436, 35.066347 ], [ -80.867551, 35.068566 ] ] ] } },
{ "type": "Feature", "properties": { "STATEFP": "37", "COUNTYFP": "119", "TRACTCE": "001801", "GEOIDFQ": "1400000US37119001801", "GEOID": "37119001801", "NAME": "18.01", "NAMELSAD": "Census Tract 18.01", "STUSPS": "NC", "NAMELSADCO": "Mecklenburg County", "STATE_NAME": "North Carolina", "LSAD": "CT", "ALAND": 1955850, "AWATER": 0, "centroid_lon": -80.796044443327077, "centroid_lat": 35.203832164951187, "B03002_001E": 1247, "B03002_001M": 176, "B03002_012E": 38, "B03002_012M": 34, "B19013_001E": 53077, "B19013_001M": 20819, "B01003_001E": 1247, "state": "37", "county": "119", "tract": "001801", "latino_share": 0.030473135525260625, "camera_count": 0, "arterial_road_m": 12434.239578977678, "land_area_km2": 1.95585, "pop_density_per_km2": 637.57445611882304, "arterial_km_per_km2": 6.357460735218794, "log_income": 10.879498968386217, "city": "Charlotte" }, "geometry": { "type": "Polygon", "coordinates": [ [ [ -80.807992, 35.205187 ], [ -80.804209, 35.207133 ], [ -80.802833, 35.207863 ], [ -80.801076, 35.210575 ], [ -80.800855, 35.211755 ], [ -80.800292, 35.212602 ], [ -80.797892, 35.211362 ], [ -80.789795, 35.207468 ], [ -80.787258, 35.203302 ], [ -80.785394, 35.203868 ], [ -80.786247, 35.201927 ], [ -80.787436, 35.200113 ], [ -80.79127, 35.196716 ], [ -80.793092, 35.195372 ], [ -80.797855, 35.197734 ], [ -80.801873, 35.201572 ], [ -80.807251, 35.204322 ], [ -80.807992, 35.205187 ] ] ] } },
{ "type": "Feature", "properties": { "STATEFP": "37", "COUNTYFP": "119", "TRACTCE": "000700", "GEOIDFQ": "1400000US37119000700", "GEOID": "37119000700", "NAME": "7", "NAMELSAD": "Census Tract 7", "STUSPS": "NC", "NAMELSADCO": "Mecklenburg County", "STATE_NAME": "North Carolina", "LSAD": "CT", "ALAND": 1270272, "AWATER": 0, "centroid_lon": -80.81907668864234, "centroid_lat": 35.238590045699951, "B03002_001E": 2493, "B03002_001M": 281, "B03002_012E": 207, "B03002_012M": 136, "B19013_001E": 88750, "B19013_001M": 14862, "B01003_001E": 2493, "state": "37", "county": "119", "tract": "000700", "latino_share": 0.083032490974729242, "camera_count": 6, "arterial_road_m": 4613.5049826504674, "land_area_km2": 1.270272, "pop_density_per_km2": 1962.5717956469164, "arterial_km_per_km2": 3.6319032322608602, "log_income": 11.393578707337662, "city": "Charlotte" }, "geometry": { "type": "Polygon", "coordinates": [ [ [ -80.830593, 35.232942 ], [ -80.813357, 35.24616 ], [ -80.811692, 35.247242 ], [ -80.805919, 35.249154 ], [ -80.804559, 35.247688 ], [ -80.810166, 35.244443 ], [ -80.811009, 35.243199 ], [ -80.811213, 35.242718 ], [ -80.817641, 35.237677 ], [ -80.820136, 35.234992 ], [ -80.822877, 35.233082 ], [ -80.822652, 35.22963 ], [ -80.824857, 35.22788 ], [ -80.826593, 35.229342 ], [ -80.827534, 35.230375 ], [ -80.830593, 35.232942 ] ] ] } },
{ "type": "Feature", "properties": { "STATEFP": "37", "COUNTYFP": "119", "TRACTCE": "000800", "GEOIDFQ": "1400000US37119000800", "GEOID": "37119000800", "NAME": "8", "NAMELSAD": "Census Tract 8", "STUSPS": "NC", "NAMELSADCO": "Mecklenburg County", "STATE_NAME": "North Carolina", "LSAD": "CT", "ALAND": 1347570, "AWATER": 0, "centroid_lon": -80.819388731828425, "centroid_lat": 35.228208358867917, "B03002_001E": 2987, "B03002_001M": 428, "B03002_012E": 58, "B03002_012M": 45, "B19013_001E": 61744, "B19013_001M": 15182, "B01003_001E": 2987, "state": "37", "county": "119", "tract": "000800", "latino_share": 0.019417475728155338, "camera_count": 0, "arterial_road_m": 4623.2926210271989, "land_area_km2": 1.34757, "pop_density_per_km2": 2216.5824409863681, "arterial_km_per_km2": 3.4308367068331878, "log_income": 11.030752083777401, "city": "Charlotte" }, "geometry": { "type": "Polygon", "coordinates": [ [ [ -80.82725, 35.22737 ], [ -80.824857, 35.22788 ], [ -80.822652, 35.22963 ], [ -80.822877, 35.233082 ], [ -80.820136, 35.234992 ], [ -80.81899, 35.234913 ], [ -80.815402, 35.233524 ], [ -80.811067, 35.232901 ], [ -80.812047, 35.229288 ], [ -80.813363, 35.227127 ], [ -80.817996, 35.223118 ], [ -80.818225, 35.222688 ], [ -80.818551, 35.221321 ], [ -80.825844, 35.223121 ], [ -80.828485, 35.224796 ], [ -80.82725, 35.22737 ] ] ] } },
{ "type": "Feature", "properties": { "STATEFP": "37", "COUNTYFP": "119", "TRACTCE": "001509", "GEOIDFQ": "1400000US37119001509", "GEOID": "37119001509", "NAME": "15.09", "NAMELSAD": "Census Tract 15.09", "STUSPS": "NC", "NAMELSADCO": "Mecklenburg County", "STATE_NAME": "North Carolina", "LSAD": "CT", "ALAND": 3592794, "AWATER": 27984, "centroid_lon": -80.7599849364465, "centroid_lat": 35.258142620186284, "B03002_001E": 3484, "B03002_001M": 1069, "B03002_012E": 1020, "B03002_012M": 405, "B19013_001E": 56183, "B19013_001M": 5419, "B01003_001E": 3484, "state": "37", "county": "119", "tract": "001509", "latino_share": 0.29276693455797931, "camera_count": 0, "arterial_road_m": 3692.3434290733067, "land_area_km2": 3.592794, "pop_density_per_km2": 969.71883163910877, "arterial_km_per_km2": 1.027708081530226, "log_income": 10.936369499018918, "city": "Charlotte" }, "geometry": { "type": "Polygon", "coordinates": [ [ [ -80.780009, 35.253838 ], [ -80.774035, 35.257543 ], [ -80.768692, 35.260442 ], [ -80.762407, 35.262265 ], [ -80.753271, 35.2647 ], [ -80.749017, 35.265795 ], [ -80.745039, 35.267535 ], [ -80.742276, 35.269658 ], [ -80.740513, 35.271995 ], [ -80.739885, 35.271547 ], [ -80.735614, 35.265129 ], [ -80.741121, 35.267057 ], [ -80.7411, 35.263267 ], [ -80.746103, 35.261538 ], [ -80.746449, 35.260368 ], [ -80.752408, 35.257338 ], [ -80.752457, 35.257312 ], [ -80.753613, 35.256623 ], [ -80.75808, 35.251126 ], [ -80.759466, 35.251098 ], [ -80.76093, 35.250594 ], [ -80.761998, 35.250226 ], [ -80.765187, 35.249304 ], [ -80.771613, 35.249307 ], [ -80.776518, 35.250767 ], [ -80.781027, 35.249517 ], [ -80.780009, 35.253838 ] ] ] } },
{ "type": "Feature", "properties": { "STATEFP": "37", "COUNTYFP": "119", "TRACTCE": "002300", "GEOIDFQ": "1400000US37119002300", "GEOID": "37119002300", "NAME": "23", "NAMELSAD": "Census Tract 23", "STUSPS": "NC", "NAMELSADCO": "Mecklenburg County", "STATE_NAME": "North Carolina", "LSAD": "CT", "ALAND": 1911543, "AWATER": 18875, "centroid_lon": -80.803392524314717, "centroid_lat": 35.196182825850364, "B03002_001E": 3004, "B03002_001M": 562, "B03002_012E": 132, "B03002_012M": 105, "B19013_001E": 21414, "B19013_001M": 2218, "B01003_001E": 3004, "state": "37", "county": "119", "tract": "002300", "latino_share": 0.043941411451398134, "camera_count": 5, "arterial_road_m": 1914.0526121358698, "land_area_km2": 1.911543, "pop_density_per_km2": 1571.5053231865566, "arterial_km_per_km2": 1.0013128724469551, "log_income": 9.9718001927182147, "city": "Charlotte" }, "geometry": { "type": "Polygon", "coordinates": [ [ [ -80.811551, 35.202198 ], [ -80.809103, 35.204608 ], [ -80.807992, 35.205187 ], [ -80.807251, 35.204322 ], [ -80.801873, 35.201572 ], [ -80.797855, 35.197734 ], [ -80.793092, 35.195372 ], [ -80.790598, 35.194289 ], [ -80.791557, 35.192859 ], [ -80.793677, 35.191093 ], [ -80.797214, 35.19059 ], [ -80.801137, 35.189781 ], [ -80.801596, 35.191037 ], [ -80.807097, 35.190365 ], [ -80.810874, 35.190623 ], [ -80.810607, 35.19715 ], [ -80.811155, 35.198392 ], [ -80.812522, 35.19951 ], [ -80.811551, 35.202198 ] ] ] } },
{ "type": "Feature", "properties": { "STATEFP": "37", "COUNTYFP": "119", "TRACTCE": "005604", "GEOIDFQ": "1400000US37119005604", "GEOID": "37119005604", "NAME": "56.04", "NAMELSAD": "Census Tract 56.04", "STUSPS": "NC", "NAMELSADCO": "Mecklenburg County", "STATE_NAME": "North Carolina", "LSAD": "CT", "ALAND": 5689485, "AWATER": 31149, "centroid_lon": -80.740504973439187, "centroid_lat": 35.30366378707496, "B03002_001E": 6425, "B03002_001M": 385, "B03002_012E": 346, "B03002_012M": 172, "B19013_001E": 36568, "B19013_001M": 5758, "B01003_001E": 6425, "state": "37", "county": "119", "tract": "005604", "latino_share": 0.053852140077821013, "camera_count": 23, "arterial_road_m": 29638.584238404219, "land_area_km2": 5.689485, "pop_density_per_km2": 1129.2761998669475, "arterial_km_per_km2": 5.209361521895957, "log_income": 10.506928820011581, "city": "Charlotte" }, "geometry": { "type": "Polygon", "coordinates": [ [ [ -80.758952, 35.288379 ], [ -80.757019, 35.290178 ], [ -80.756259, 35.291469 ], [ -80.75373, 35.299704 ], [ -80.749784, 35.305661 ], [ -80.748811, 35.307167 ], [ -80.742264, 35.313482 ], [ -80.737368, 35.318198 ], [ -80.734116, 35.321329 ], [ -80.724459, 35.315893 ], [ -80.723597, 35.30901 ], [ -80.724371, 35.308156 ], [ -80.724663, 35.307187 ], [ -80.724273, 35.305949 ], [ -80.729253, 35.302524 ], [ -80.731274, 35.301424 ], [ -80.734052, 35.300127 ], [ -80.737048, 35.29876 ], [ -80.743354, 35.295873 ], [ -80.743989, 35.295581 ], [ -80.744034, 35.291551 ], [ -80.74757, 35.287009 ], [ -80.748301, 35.285346 ], [ -80.74816, 35.283402 ], [ -80.751056, 35.283391 ], [ -80.753886, 35.284769 ], [ -80.755599, 35.288047 ], [ -80.757892, 35.289015 ], [ -80.758952, 35.288379 ] ] ] } },
{ "type": "Feature", "properties": { "STATEFP": "37", "COUNTYFP": "119", "TRACTCE": "003802", "GEOIDFQ": "1400000US37119003802", "GEOID": "37119003802", "NAME": "38.02", "NAMELSAD": "Census Tract 38.02", "STUSPS": "NC", "NAMELSADCO": "Mecklenburg County", "STATE_NAME": "North Carolina", "LSAD": "CT", "ALAND": 6703258, "AWATER": 26874, "centroid_lon": -80.888652899502233, "centroid_lat": 35.189760906516504, "B03002_001E": 3771, "B03002_001M": 703, "B03002_012E": 603, "B03002_012M": 602, "B19013_001E": 46923, "B19013_001M": 29952, "B01003_001E": 3771, "state": "37", "county": "119", "tract": "003802", "latino_share": 0.15990453460620524, "camera_count": 0, "arterial_road_m": 26917.122420057098, "land_area_km2": 6.703258, "pop_density_per_km2": 562.56226449884514, "arterial_km_per_km2": 4.0155283326491533, "log_income": 10.756263239342351, "city": "Charlotte" }, "geometry": { "type": "Polygon", "coordinates": [ [ [ -80.90836, 35.194024 ], [ -80.906356, 35.196809 ], [ -80.904255, 35.19816 ], [ -80.899057, 35.200117 ], [ -80.897706, 35.200628 ], [ -80.894467, 35.203844 ], [ -80.893499, 35.204738 ], [ -80.892729, 35.205071 ], [ -80.889023, 35.208179 ], [ -80.884692, 35.206508 ], [ -80.883921, 35.206937 ], [ -80.882985, 35.207836 ], [ -80.88253, 35.20659 ], [ -80.881912, 35.205054 ], [ -80.882208, 35.201521 ], [ -80.882411, 35.20102 ], [ -80.886495, 35.19921 ], [ -80.877215, 35.195861 ], [ -80.873068, 35.194506 ], [ -80.872709, 35.194858 ], [ -80.87549, 35.189851 ], [ -80.877903, 35.185594 ], [ -80.878539, 35.183953 ], [ -80.879359, 35.180691 ], [ -80.87943, 35.177948 ], [ -80.877903, 35.170681 ], [ -80.877194, 35.162943 ], [ -80.876894, 35.157843 ], [ -80.878294, 35.161943 ], [ -80.886484, 35.174629 ], [ -80.889935, 35.18005 ], [ -80.89132, 35.182417 ], [ -80.893396, 35.184418 ], [ -80.895549, 35.185736 ], [ -80.904211, 35.188651 ], [ -80.907095, 35.190342 ], [ -80.909026, 35.193774 ], [ -80.90836, 35.194024 ] ] ] } },
{ "type": "Feature", "properties": { "STATEFP": "37", "COUNTYFP": "119", "TRACTCE": "003807", "GEOIDFQ": "1400000US37119003807", "GEOID": "37119003807", "NAME": "38.07", "NAMELSAD": "Census Tract 38.07", "STUSPS": "NC", "NAMELSADCO": "Mecklenburg County", "STATE_NAME": "North Carolina", "LSAD": "CT", "ALAND": 3929127, "AWATER": 6379, "centroid_lon": -80.890109228288878, "centroid_lat": 35.151911091845918, "B03002_001E": 5200, "B03002_001M": 713, "B03002_012E": 2621, "B03002_012M": 618, "B19013_001E": 46993, "B19013_001M": 6332, "B01003_001E": 5200, "state": "37", "county": "119", "tract": "003807", "latino_share": 0.50403846153846155, "camera_count": 0, "arterial_road_m": 14831.718380440434, "land_area_km2": 3.929127, "pop_density_per_km2": 1323.4492038562257, "arterial_km_per_km2": 3.7748126696949309, "log_income": 10.757753933429891, "city": "Charlotte" }, "geometry": { "type": "Polygon", "coordinates": [ [ [ -80.907404, 35.137776 ], [ -80.896592, 35.147846 ], [ -80.894422, 35.150265 ], [ -80.889849, 35.163046 ], [ -80.886484, 35.174629 ], [ -80.878294, 35.161943 ], [ -80.876894, 35.157843 ], [ -80.877296, 35.152834 ], [ -80.877854, 35.152926 ], [ -80.882711, 35.152973 ], [ -80.886173, 35.153438 ], [ -80.889216, 35.152994 ], [ -80.888485, 35.149481 ], [ -80.889244, 35.148491 ], [ -80.88854, 35.145751 ], [ -80.888525, 35.142351 ], [ -80.888243, 35.141648 ], [ -80.888894, 35.141893 ], [ -80.891019, 35.140697 ], [ -80.894178, 35.140357 ], [ -80.892046, 35.137145 ], [ -80.891848, 35.13554 ], [ -80.895052, 35.134935 ], [ -80.897472, 35.133766 ], [ -80.898023, 35.133683 ], [ -80.907404, 35.137776 ] ] ] } },
{ "type": "Feature", "properties": { "STATEFP": "37", "COUNTYFP": "119", "TRACTCE": "003018", "GEOIDFQ": "1400000US37119003018", "GEOID": "37119003018", "NAME": "30.18", "NAMELSAD": "Census Tract 30.18", "STUSPS": "NC", "NAMELSADCO": "Mecklenburg County", "STATE_NAME": "North Carolina", "LSAD": "CT", "ALAND": 1850050, "AWATER": 6341, "centroid_lon": -80.784568688962892, "centroid_lat": 35.107028593477565, "B03002_001E": 2524, "B03002_001M": 352, "B03002_012E": 246, "B03002_012M": 199, "B19013_001E": 112130, "B19013_001M": 12870, "B01003_001E": 2524, "state": "37", "county": "119", "tract": "003018", "latino_share": 0.097464342313787644, "camera_count": 0, "arterial_road_m": 3482.1863440674806, "land_area_km2": 1.85005, "pop_density_per_km2": 1364.2874516904949, "arterial_km_per_km2": 1.8822120180900412, "log_income": 11.627414191454926, "city": "Charlotte" }, "geometry": { "type": "Polygon", "coordinates": [ [ [ -80.793074, 35.110916 ], [ -80.788481, 35.111839 ], [ -80.787575, 35.112133 ], [ -80.783469, 35.115109 ], [ -80.779444, 35.117352 ], [ -80.77861, 35.113254 ], [ -80.778292, 35.110789 ], [ -80.778625, 35.108379 ], [ -80.779123, 35.103981 ], [ -80.778741, 35.100013 ], [ -80.781556, 35.099306 ], [ -80.784124, 35.098088 ], [ -80.789418, 35.101307 ], [ -80.791169, 35.101821 ], [ -80.791826, 35.103435 ], [ -80.792308, 35.107638 ], [ -80.790784, 35.109325 ], [ -80.793074, 35.110916 ] ] ] } },
{ "type": "Feature", "properties": { "STATEFP": "37", "COUNTYFP": "119", "TRACTCE": "005840", "GEOIDFQ": "1400000US37119005840", "GEOID": "37119005840", "NAME": "58.40", "NAMELSAD": "Census Tract 58.40", "STUSPS": "NC", "NAMELSADCO": "Mecklenburg County", "STATE_NAME": "North Carolina", "LSAD": "CT", "ALAND": 2603640, "AWATER": 5524, "centroid_lon": -80.834591323467507, "centroid_lat": 35.059724568336343, "B03002_001E": 2253, "B03002_001M": 314, "B03002_012E": 132, "B03002_012M": 88, "B19013_001E": 123056, "B19013_001M": 15504, "B01003_001E": 2253, "state": "37", "county": "119", "tract": "005840", "latino_share": 0.058588548601864181, "camera_count": 4, "arterial_road_m": 12066.301058319998, "land_area_km2": 2.60364, "pop_density_per_km2": 865.32700373323507, "arterial_km_per_km2": 4.634396866817224, "log_income": 11.720394815296835, "city": "Charlotte" }, "geometry": { "type": "Polygon", "coordinates": [ [ [ -80.849784, 35.05692 ], [ -80.845631, 35.065023 ], [ -80.835946, 35.064814 ], [ -80.826853, 35.063415 ], [ -80.820998, 35.063611 ], [ -80.818095, 35.060251 ], [ -80.816337, 35.057209 ], [ -80.820849, 35.056357 ], [ -80.826683, 35.056862 ], [ -80.833222, 35.055688 ], [ -80.835388, 35.054843 ], [ -80.837881, 35.054065 ], [ -80.842878, 35.055281 ], [ -80.847354, 35.054976 ], [ -80.850137, 35.054656 ], [ -80.849784, 35.05692 ] ] ] } },
{ "type": "Feature", "properties": { "STATEFP": "37", "COUNTYFP": "119", "TRACTCE": "001510", "GEOIDFQ": "1400000US37119001510", "GEOID": "37119001510", "NAME": "15.10", "NAMELSAD": "Census Tract 15.10", "STUSPS": "NC", "NAMELSADCO": "Mecklenburg County", "STATE_NAME": "North Carolina", "LSAD": "CT", "ALAND": 1833958, "AWATER": 5760, "centroid_lon": -80.745612463752593, "centroid_lat": 35.256967917117876, "B03002_001E": 3472, "B03002_001M": 569, "B03002_012E": 841, "B03002_012M": 425, "B19013_001E": 53387, "B19013_001M": 8179, "B01003_001E": 3472, "state": "37", "county": "119", "tract": "001510", "latino_share": 0.24222350230414746, "camera_count": 0, "arterial_road_m": 3237.9439588061255, "land_area_km2": 1.833958, "pop_density_per_km2": 1893.1731261021246, "arterial_km_per_km2": 1.7655496793307839, "log_income": 10.885322549617689, "city": "Charlotte" }, "geometry": { "type": "Polygon", "coordinates": [ [ [ -80.75808, 35.251126 ], [ -80.753613, 35.256623 ], [ -80.752457, 35.257312 ], [ -80.752408, 35.257338 ], [ -80.746449, 35.260368 ], [ -80.746103, 35.261538 ], [ -80.7411, 35.263267 ], [ -80.741121, 35.267057 ], [ -80.735614, 35.265129 ], [ -80.734715, 35.260535 ], [ -80.736216, 35.258278 ], [ -80.746657, 35.251684 ], [ -80.747312, 35.251274 ], [ -80.752495, 35.247682 ], [ -80.757764, 35.251036 ], [ -80.75808, 35.251126 ] ] ] } },
{ "type": "Feature", "properties": { "STATEFP": "37", "COUNTYFP": "119", "TRACTCE": "005517", "GEOIDFQ": "1400000US37119005517", "GEOID": "37119005517", "NAME": "55.17", "NAMELSAD": "Census Tract 55.17", "STUSPS": "NC", "NAMELSADCO": "Mecklenburg County", "STATE_NAME": "North Carolina", "LSAD": "CT", "ALAND": 2876378, "AWATER": 65893, "centroid_lon": -80.774599254732848, "centroid_lat": 35.380295595071622, "B03002_001E": 3940, "B03002_001M": 732, "B03002_012E": 356, "B03002_012M": 172, "B19013_001E": 105598, "B19013_001M": 23722, "B01003_001E": 3940, "state": "37", "county": "119", "tract": "005517", "latino_share": 0.090355329949238575, "camera_count": 0, "arterial_road_m": 7207.0991873096909, "land_area_km2": 2.876378, "pop_density_per_km2": 1369.7782419417754, "arterial_km_per_km2": 2.5056161559119459, "log_income": 11.567394710681006, "city": "Charlotte" }, "geometry": { "type": "Polygon", "coordinates": [ [ [ -80.786798, 35.384335 ], [ -80.779258, 35.39055 ], [ -80.778003, 35.391177 ], [ -80.773422, 35.384844 ], [ -80.77196, 35.382783 ], [ -80.768825, 35.382549 ], [ -80.75799, 35.381867 ], [ -80.754345, 35.381408 ], [ -80.755475, 35.378586 ], [ -80.757334, 35.377344 ], [ -80.758893, 35.377454 ], [ -80.764202, 35.379915 ], [ -80.765088, 35.377503 ], [ -80.763806, 35.375802 ], [ -80.763813, 35.37371 ], [ -80.770018, 35.375362 ], [ -80.773963, 35.374512 ], [ -80.780784, 35.372511 ], [ -80.78476, 35.372848 ], [ -80.786109, 35.38166 ], [ -80.786798, 35.384335 ] ] ] } },
{ "type": "Feature", "properties": { "STATEFP": "37", "COUNTYFP": "119", "TRACTCE": "005532", "GEOIDFQ": "1400000US37119005532", "GEOID": "37119005532", "NAME": "55.32", "NAMELSAD": "Census Tract 55.32", "STUSPS": "NC", "NAMELSADCO": "Mecklenburg County", "STATE_NAME": "North Carolina", "LSAD": "CT", "ALAND": 3185001, "AWATER": 5885, "centroid_lon": -80.733104489006536, "centroid_lat": 35.334902530335455, "B03002_001E": 4506, "B03002_001M": 1053, "B03002_012E": 422, "B03002_012M": 445, "B19013_001E": 71457, "B19013_001M": 3095, "B01003_001E": 4506, "state": "37", "county": "119", "tract": "005532", "latino_share": 0.09365290723479805, "camera_count": 6, "arterial_road_m": 14114.908501830188, "land_area_km2": 3.185001, "pop_density_per_km2": 1414.7562277060508, "arterial_km_per_km2": 4.43168102673443, "log_income": 11.176851149168025, "city": "Charlotte" }, "geometry": { "type": "Polygon", "coordinates": [ [ [ -80.741775, 35.338913 ], [ -80.738508, 35.343253 ], [ -80.736628, 35.345198 ], [ -80.733427, 35.348498 ], [ -80.721084, 35.333481 ], [ -80.721636, 35.333139 ], [ -80.722967, 35.331997 ], [ -80.730185, 35.325079 ], [ -80.734116, 35.321329 ], [ -80.736124, 35.322877 ], [ -80.737763, 35.328375 ], [ -80.738733, 35.33002 ], [ -80.740702, 35.331207 ], [ -80.744362, 35.332146 ], [ -80.741775, 35.338913 ] ] ] } },
{ "type": "Feature", "properties": { "STATEFP": "37", "COUNTYFP": "119", "TRACTCE": "002007", "GEOIDFQ": "1400000US37119002007", "GEOID": "37119002007", "NAME": "20.07", "NAMELSAD": "Census Tract 20.07", "STUSPS": "NC", "NAMELSADCO": "Mecklenburg County", "STATE_NAME": "North Carolina", "LSAD": "CT", "ALAND": 2467043, "AWATER": 0, "centroid_lon": -80.758286595473322, "centroid_lat": 35.159873478469152, "B03002_001E": 2470, "B03002_001M": 338, "B03002_012E": 128, "B03002_012M": 137, "B19013_001E": 75633, "B19013_001M": 9070, "B01003_001E": 2470, "state": "37", "county": "119", "tract": "002007", "latino_share": 0.051821862348178135, "camera_count": 0, "arterial_road_m": 1956.6078075352655, "land_area_km2": 2.467043, "pop_density_per_km2": 1001.1986009161576, "arterial_km_per_km2": 0.79309838034248514, "log_income": 11.233647974862258, "city": "Charlotte" }, "geometry": { "type": "Polygon", "coordinates": [ [ [ -80.769984, 35.170396 ], [ -80.769643, 35.173326 ], [ -80.77058, 35.17621 ], [ -80.769655, 35.177386 ], [ -80.764992, 35.173444 ], [ -80.763882, 35.169564 ], [ -80.754964, 35.162002 ], [ -80.750907, 35.158898 ], [ -80.74968, 35.157478 ], [ -80.748191, 35.153845 ], [ -80.74581, 35.150475 ], [ -80.743247, 35.148923 ], [ -80.744251, 35.148666 ], [ -80.745542, 35.148232 ], [ -80.750017, 35.148845 ], [ -80.753249, 35.148142 ], [ -80.756691, 35.146081 ], [ -80.757394, 35.151248 ], [ -80.759527, 35.155344 ], [ -80.760531, 35.156549 ], [ -80.760028, 35.157724 ], [ -80.762615, 35.160251 ], [ -80.762699, 35.162499 ], [ -80.764662, 35.162701 ], [ -80.766597, 35.164984 ], [ -80.768885, 35.165945 ], [ -80.768438, 35.166944 ], [ -80.771722, 35.168517 ], [ -80.769984, 35.170396 ] ] ] } },
{ "type": "Feature", "properties": { "STATEFP": "37", "COUNTYFP": "119", "TRACTCE": "000301", "GEOIDFQ": "1400000US37119000301", "GEOID": "37119000301", "NAME": "3.01", "NAMELSAD": "Census Tract 3.01", "STUSPS": "NC", "NAMELSADCO": "Mecklenburg County", "STATE_NAME": "North Carolina", "LSAD": "CT", "ALAND": 196068, "AWATER": 0, "centroid_lon": -80.836792138595726, "centroid_lat": 35.209785705791155, "B03002_001E": 1102, "B03002_001M": 115, "B03002_012E": 60, "B03002_012M": 59, "B19013_001E": 97411, "B19013_001M": 16618, "B01003_001E": 1102, "state": "37", "county": "119", "tract": "000301", "latino_share": 0.054446460980036297, "camera_count": 0, "arterial_road_m": 2049.4409471679792, "land_area_km2": 0.196068, "pop_density_per_km2": 5620.4990105473616, "arterial_km_per_km2": 10.452704914458144, "log_income": 11.486694419598766, "city": "Charlotte" }, "geometry": { "type": "Polygon", "coordinates": [ [ [ -80.839638, 35.208389 ], [ -80.837268, 35.210454 ], [ -80.837451, 35.213949 ], [ -80.836909, 35.213992 ], [ -80.833939, 35.213349 ], [ -80.835894, 35.21076 ], [ -80.835944, 35.205079 ], [ -80.835902, 35.20489 ], [ -80.836858, 35.205645 ], [ -80.837685, 35.206317 ], [ -80.839638, 35.208389 ] ] ] } },
{ "type": "Feature", "properties": { "STATEFP": "37", "COUNTYFP": "119", "TRACTCE": "000503", "GEOIDFQ": "1400000US37119000503", "GEOID": "37119000503", "NAME": "5.03", "NAMELSAD": "Census Tract 5.03", "STUSPS": "NC", "NAMELSADCO": "Mecklenburg County", "STATE_NAME": "North Carolina", "LSAD": "CT", "ALAND": 476283, "AWATER": 0, "centroid_lon": -80.838136784209553, "centroid_lat": 35.233883641783258, "B03002_001E": 1491, "B03002_001M": 363, "B03002_012E": 184, "B03002_012M": 171, "B19013_001E": 72155, "B19013_001M": 24380, "B01003_001E": 1491, "state": "37", "county": "119", "tract": "000503", "latino_share": 0.12340710932260228, "camera_count": 2, "arterial_road_m": 7598.4718796992784, "land_area_km2": 0.476283, "pop_density_per_km2": 3130.4917454538581, "arterial_km_per_km2": 15.953691145178977, "log_income": 11.186571861870178, "city": "Charlotte" }, "geometry": { "type": "Polygon", "coordinates": [ [ [ -80.844749, 35.233802 ], [ -80.841519, 35.236122 ], [ -80.840585, 35.23731 ], [ -80.838431, 35.236752 ], [ -80.835193, 35.235642 ], [ -80.830593, 35.232942 ], [ -80.831793, 35.231942 ], [ -80.833429, 35.230813 ], [ -80.836577, 35.233447 ], [ -80.837512, 35.232782 ], [ -80.839796, 35.231163 ], [ -80.841829, 35.231258 ], [ -80.844749, 35.233802 ] ] ] } },
{ "type": "Feature", "properties": { "STATEFP": "37", "COUNTYFP": "119", "TRACTCE": "005932", "GEOIDFQ": "1400000US37119005932", "GEOID": "37119005932", "NAME": "59.32", "NAMELSAD": "Census Tract 59.32", "STUSPS": "NC", "NAMELSADCO": "Mecklenburg County", "STATE_NAME": "North Carolina", "LSAD": "CT", "ALAND": 2566943, "AWATER": 18342, "centroid_lon": -80.959374650284502, "centroid_lat": 35.107803536208785, "B03002_001E": 2530, "B03002_001M": 478, "B03002_012E": 156, "B03002_012M": 102, "B19013_001E": 92682, "B19013_001M": 17935, "B01003_001E": 2530, "state": "37", "county": "119", "tract": "005932", "latino_share": 0.061660079051383397, "camera_count": 0, "arterial_road_m": 7804.6367705328876, "land_area_km2": 2.566943, "pop_density_per_km2": 985.60817283437916, "arterial_km_per_km2": 3.0404402320319877, "log_income": 11.436929557942307, "city": "Charlotte" }, "geometry": { "type": "Polygon", "coordinates": [ [ [ -80.969417, 35.113039 ], [ -80.962298, 35.115202 ], [ -80.953294, 35.1195 ], [ -80.951954, 35.111785 ], [ -80.952208, 35.109521 ], [ -80.951472, 35.108101 ], [ -80.952296, 35.106069 ], [ -80.95356, 35.105501 ], [ -80.955429, 35.098714 ], [ -80.956719, 35.096239 ], [ -80.957382, 35.09399 ], [ -80.958528, 35.095377 ], [ -80.959479, 35.095469 ], [ -80.96042, 35.096771 ], [ -80.962043, 35.097727 ], [ -80.964791, 35.101559 ], [ -80.966034, 35.104856 ], [ -80.966229, 35.105933 ], [ -80.969417, 35.113039 ] ] ] } },
{ "type": "Feature", "properties": { "STATEFP": "37", "COUNTYFP": "119", "TRACTCE": "005529", "GEOIDFQ": "1400000US37119005529", "GEOID": "37119005529", "NAME": "55.29", "NAMELSAD": "Census Tract 55.29", "STUSPS": "NC", "NAMELSADCO": "Mecklenburg County", "STATE_NAME": "North Carolina", "LSAD": "CT", "ALAND": 2010339, "AWATER": 15486, "centroid_lon": -80.76581249185773, "centroid_lat": 35.369647766966189, "B03002_001E": 1676, "B03002_001M": 529, "B03002_012E": 453, "B03002_012M": 487, "B19013_001E": 68587, "B19013_001M": 28755, "B01003_001E": 1676, "state": "37", "county": "119", "tract": "005529", "latino_share": 0.27028639618138423, "camera_count": 0, "arterial_road_m": 9597.7000786188255, "land_area_km2": 2.010339, "pop_density_per_km2": 833.69023831304071, "arterial_km_per_km2": 4.7741699676615861, "log_income": 11.135858291382576, "city": "Charlotte" }, "geometry": { "type": "Polygon", "coordinates": [ [ [ -80.784816, 35.371092 ], [ -80.78476, 35.372848 ], [ -80.780784, 35.372511 ], [ -80.773963, 35.374512 ], [ -80.770018, 35.375362 ], [ -80.763813, 35.37371 ], [ -80.761495, 35.373479 ], [ -80.756039, 35.370916 ], [ -80.751948, 35.367058 ], [ -80.748401, 35.364559 ], [ -80.747021, 35.363403 ], [ -80.745958, 35.36221 ], [ -80.745319, 35.360515 ], [ -80.763411, 35.367481 ], [ -80.765888, 35.368266 ], [ -80.768175, 35.368493 ], [ -80.786084, 35.369078 ], [ -80.784816, 35.371092 ] ] ] } },
{ "type": "Feature", "properties": { "STATEFP": "37", "COUNTYFP": "119", "TRACTCE": "005862", "GEOIDFQ": "1400000US37119005862", "GEOID": "37119005862", "NAME": "58.62", "NAMELSAD": "Census Tract 58.62", "STUSPS": "NC", "NAMELSADCO": "Mecklenburg County", "STATE_NAME": "North Carolina", "LSAD": "CT", "ALAND": 1896938, "AWATER": 34819, "centroid_lon": -80.800871932793342, "centroid_lat": 35.055743147234267, "B03002_001E": 3115, "B03002_001M": 493, "B03002_012E": 228, "B03002_012M": 154, "B19013_001E": 157454, "B19013_001M": 40861, "B01003_001E": 3115, "state": "37", "county": "119", "tract": "005862", "latino_share": 0.073194221508828247, "camera_count": 0, "arterial_road_m": 2603.9247658106797, "land_area_km2": 1.896938, "pop_density_per_km2": 1642.120090377229, "arterial_km_per_km2": 1.3726989315468823, "log_income": 11.966888631096912, "city": "Charlotte" }, "geometry": { "type": "Polygon", "coordinates": [ [ [ -80.811997, 35.054356 ], [ -80.809157, 35.056619 ], [ -80.807518, 35.0586 ], [ -80.807405, 35.058959 ], [ -80.797903, 35.062264 ], [ -80.79459, 35.06226 ], [ -80.789793, 35.061586 ], [ -80.78934, 35.060382 ], [ -80.790484, 35.058736 ], [ -80.79195, 35.057422 ], [ -80.792444, 35.05658 ], [ -80.79249, 35.056078 ], [ -80.792425, 35.055556 ], [ -80.792435, 35.055135 ], [ -80.792412, 35.055025 ], [ -80.796715, 35.053181 ], [ -80.796839, 35.050323 ], [ -80.798368, 35.04859 ], [ -80.800933, 35.050311 ], [ -80.802121, 35.050407 ], [ -80.808527, 35.047948 ], [ -80.809942, 35.052146 ], [ -80.811997, 35.054356 ] ] ] } },
{ "type": "Feature", "properties": { "STATEFP": "37", "COUNTYFP": "119", "TRACTCE": "006013", "GEOIDFQ": "1400000US37119006013", "GEOID": "37119006013", "NAME": "60.13", "NAMELSAD": "Census Tract 60.13", "STUSPS": "NC", "NAMELSADCO": "Mecklenburg County", "STATE_NAME": "North Carolina", "LSAD": "CT", "ALAND": 4519502, "AWATER": 316576, "centroid_lon": -80.985214039860409, "centroid_lat": 35.310916247639042, "B03002_001E": 4821, "B03002_001M": 1240, "B03002_012E": 485, "B03002_012M": 258, "B19013_001E": 97549, "B19013_001M": 26840, "B01003_001E": 4821, "state": "37", "county": "119", "tract": "006013", "latino_share": 0.10060153495125493, "camera_count": 0, "arterial_road_m": 2729.2228238768657, "land_area_km2": 4.519502, "pop_density_per_km2": 1066.7104473014947, "arterial_km_per_km2": 0.60387689260384569, "log_income": 11.488110094845458, "city": "Charlotte" }, "geometry": { "type": "Polygon", "coordinates": [ [ [ -81.001828, 35.301235 ], [ -81.000873, 35.305379 ], [ -80.995387, 35.309472 ], [ -80.993365, 35.313244 ], [ -80.992147, 35.316354 ], [ -80.989183, 35.320706 ], [ -80.985748, 35.322923 ], [ -80.983622, 35.324811 ], [ -80.981549, 35.324818 ], [ -80.979758, 35.322678 ], [ -80.976177, 35.320493 ], [ -80.975911, 35.320334 ], [ -80.972803, 35.318307 ], [ -80.970765, 35.317813 ], [ -80.970452, 35.317737 ], [ -80.965582, 35.316103 ], [ -80.9641, 35.315254 ], [ -80.966986, 35.312865 ], [ -80.969697, 35.311686 ], [ -80.97873, 35.307466 ], [ -80.97922, 35.307079 ], [ -80.980687, 35.304885 ], [ -80.982573, 35.303862 ], [ -80.98318, 35.303566 ], [ -80.986038, 35.302073 ], [ -80.986946, 35.301042 ], [ -80.987503, 35.300366 ], [ -80.990681, 35.29847 ], [ -80.991352, 35.298322 ], [ -80.999926, 35.298561 ], [ -81.003854, 35.297929 ], [ -81.001828, 35.301235 ] ] ] } },
{ "type": "Feature", "properties": { "STATEFP": "37", "COUNTYFP": "119", "TRACTCE": "005860", "GEOIDFQ": "1400000US37119005860", "GEOID": "37119005860", "NAME": "58.60", "NAMELSAD": "Census Tract 58.60", "STUSPS": "NC", "NAMELSADCO": "Mecklenburg County", "STATE_NAME": "North Carolina", "LSAD": "CT", "ALAND": 2635957, "AWATER": 22947, "centroid_lon": -80.839337472181796, "centroid_lat": 35.046680431496533, "B03002_001E": 4554, "B03002_001M": 1005, "B03002_012E": 269, "B03002_012M": 197, "B19013_001E": 111920, "B19013_001M": 51468, "B01003_001E": 4554, "state": "37", "county": "119", "tract": "005860", "latino_share": 0.0590689503732982, "camera_count": 4, "arterial_road_m": 4153.7118503580004, "land_area_km2": 2.635957, "pop_density_per_km2": 1727.645784813637, "arterial_km_per_km2": 1.5757889261311928, "log_income": 11.625539609339363, "city": "Charlotte" }, "geometry": { "type": "Polygon", "coordinates": [ [ [ -80.850137, 35.054656 ], [ -80.847354, 35.054976 ], [ -80.842878, 35.055281 ], [ -80.837881, 35.054065 ], [ -80.835388, 35.054843 ], [ -80.832225, 35.050614 ], [ -80.831594, 35.048821 ], [ -80.831476, 35.046625 ], [ -80.830293, 35.043343 ], [ -80.829784, 35.039859 ], [ -80.829051, 35.038659 ], [ -80.830492, 35.03767 ], [ -80.835343, 35.036662 ], [ -80.842751, 35.041091 ], [ -80.846416, 35.041783 ], [ -80.848057, 35.047024 ], [ -80.85002, 35.053534 ], [ -80.850137, 35.054656 ] ] ] } },
{ "type": "Feature", "properties": { "STATEFP": "37", "COUNTYFP": "119", "TRACTCE": "005627", "GEOIDFQ": "1400000US37119005627", "GEOID": "37119005627", "NAME": "56.27", "NAMELSAD": "Census Tract 56.27", "STUSPS": "NC", "NAMELSADCO": "Mecklenburg County", "STATE_NAME": "North Carolina", "LSAD": "CT", "ALAND": 7845099, "AWATER": 60105, "centroid_lon": -80.666978724402114, "centroid_lat": 35.224044018580152, "B03002_001E": 7753, "B03002_001M": 1078, "B03002_012E": 2002, "B03002_012M": 663, "B19013_001E": 77507, "B19013_001M": 16993, "B01003_001E": 7753, "state": "37", "county": "119", "tract": "005627", "latino_share": 0.25822262350058039, "camera_count": 2, "arterial_road_m": 17774.499102232585, "land_area_km2": 7.845099, "pop_density_per_km2": 988.26031385964666, "arterial_km_per_km2": 2.2656819375042412, "log_income": 11.258123533843245, "city": "Charlotte" }, "geometry": { "type": "Polygon", "coordinates": [ [ [ -80.685954, 35.221085 ], [ -80.685146, 35.223119 ], [ -80.677007, 35.231004 ], [ -80.675491, 35.231788 ], [ -80.673179, 35.232956 ], [ -80.66991, 35.237154 ], [ -80.66809, 35.237725 ], [ -80.663212, 35.242497 ], [ -80.655212, 35.239412 ], [ -80.651516, 35.239883 ], [ -80.650656, 35.24001 ], [ -80.652992, 35.235092 ], [ -80.653958, 35.232862 ], [ -80.654342, 35.23059 ], [ -80.653797, 35.227223 ], [ -80.653252, 35.226032 ], [ -80.649134, 35.219882 ], [ -80.648589, 35.219082 ], [ -80.652455, 35.217163 ], [ -80.657342, 35.213551 ], [ -80.662376, 35.211103 ], [ -80.667118, 35.20904 ], [ -80.671358, 35.208974 ], [ -80.682026, 35.213669 ], [ -80.68712, 35.215152 ], [ -80.685954, 35.221085 ] ] ] } },
{ "type": "Feature", "properties": { "STATEFP": "37", "COUNTYFP": "119", "TRACTCE": "003809", "GEOIDFQ": "1400000US37119003809", "GEOID": "37119003809", "NAME": "38.09", "NAMELSAD": "Census Tract 38.09", "STUSPS": "NC", "NAMELSADCO": "Mecklenburg County", "STATE_NAME": "North Carolina", "LSAD": "CT", "ALAND": 2086864, "AWATER": 0, "centroid_lon": -80.917731653609835, "centroid_lat": 35.151748396843331, "B03002_001E": 3926, "B03002_001M": 599, "B03002_012E": 1103, "B03002_012M": 585, "B19013_001E": 54635, "B19013_001M": 3906, "B01003_001E": 3926, "state": "37", "county": "119", "tract": "003809", "latino_share": 0.28094752929190014, "camera_count": 2, "arterial_road_m": 2649.1988688219235, "land_area_km2": 2.086864, "pop_density_per_km2": 1881.291737267019, "arterial_km_per_km2": 1.2694640708843143, "log_income": 10.908429982004845, "city": "Charlotte" }, "geometry": { "type": "Polygon", "coordinates": [ [ [ -80.922372, 35.156731 ], [ -80.921761, 35.158037 ], [ -80.920592, 35.159507 ], [ -80.915771, 35.16263 ], [ -80.912843, 35.164338 ], [ -80.912608, 35.16234 ], [ -80.912239, 35.160881 ], [ -80.912127, 35.155067 ], [ -80.914148, 35.152736 ], [ -80.91405, 35.151601 ], [ -80.913713, 35.149588 ], [ -80.912452, 35.14919 ], [ -80.912054, 35.147198 ], [ -80.913069, 35.145569 ], [ -80.912815, 35.14212 ], [ -80.910976, 35.139375 ], [ -80.917569, 35.14243 ], [ -80.926163, 35.147036 ], [ -80.922372, 35.156731 ] ] ] } },
{ "type": "Feature", "properties": { "STATEFP": "37", "COUNTYFP": "119", "TRACTCE": "001924", "GEOIDFQ": "1400000US37119001924", "GEOID": "37119001924", "NAME": "19.24", "NAMELSAD": "Census Tract 19.24", "STUSPS": "NC", "NAMELSADCO": "Mecklenburg County", "STATE_NAME": "North Carolina", "LSAD": "CT", "ALAND": 1083279, "AWATER": 0, "centroid_lon": -80.735287910001404, "centroid_lat": 35.213331304252755, "B03002_001E": 2901, "B03002_001M": 647, "B03002_012E": 1499, "B03002_012M": 652, "B19013_001E": 41954, "B19013_001M": 15580, "B01003_001E": 2901, "state": "37", "county": "119", "tract": "001924", "latino_share": 0.51671837297483625, "camera_count": 0, "arterial_road_m": 3026.231185621381, "land_area_km2": 1.083279, "pop_density_per_km2": 2677.9804648663917, "arterial_km_per_km2": 2.7935842803390267, "log_income": 10.644329058958736, "city": "Charlotte" }, "geometry": { "type": "Polygon", "coordinates": [ [ [ -80.741549, 35.205508 ], [ -80.740176, 35.206991 ], [ -80.740362, 35.207788 ], [ -80.737133, 35.211238 ], [ -80.73649, 35.214603 ], [ -80.737444, 35.218764 ], [ -80.735795, 35.223082 ], [ -80.728917, 35.222726 ], [ -80.730496, 35.217733 ], [ -80.733752, 35.211989 ], [ -80.736135, 35.211736 ], [ -80.736312, 35.210419 ], [ -80.733927, 35.206323 ], [ -80.734631, 35.202801 ], [ -80.741152, 35.203099 ], [ -80.741549, 35.205508 ] ] ] } },
{ "type": "Feature", "properties": { "STATEFP": "37", "COUNTYFP": "119", "TRACTCE": "001606", "GEOIDFQ": "1400000US37119001606", "GEOID": "37119001606", "NAME": "16.06", "NAMELSAD": "Census Tract 16.06", "STUSPS": "NC", "NAMELSADCO": "Mecklenburg County", "STATE_NAME": "North Carolina", "LSAD": "CT", "ALAND": 1963335, "AWATER": 0, "centroid_lon": -80.762513002927278, "centroid_lat": 35.218454966436326, "B03002_001E": 4308, "B03002_001M": 471, "B03002_012E": 1500, "B03002_012M": 555, "B19013_001E": 76154, "B19013_001M": 21996, "B01003_001E": 4308, "state": "37", "county": "119", "tract": "001606", "latino_share": 0.34818941504178275, "camera_count": 1, "arterial_road_m": 3780.3081750021493, "land_area_km2": 1.963335, "pop_density_per_km2": 2194.2256415741581, "arterial_km_per_km2": 1.925452444438748, "log_income": 11.240512884849215, "city": "Charlotte" }, "geometry": { "type": "Polygon", "coordinates": [ [ [ -80.771584, 35.223115 ], [ -80.770272, 35.223279 ], [ -80.767976, 35.222752 ], [ -80.766918, 35.224252 ], [ -80.764161, 35.226616 ], [ -80.762491, 35.226638 ], [ -80.756989, 35.223152 ], [ -80.753553, 35.219962 ], [ -80.752878, 35.21954 ], [ -80.754274, 35.217841 ], [ -80.757143, 35.20987 ], [ -80.76028, 35.211464 ], [ -80.762751, 35.212139 ], [ -80.766, 35.212919 ], [ -80.771281, 35.213992 ], [ -80.770639, 35.215055 ], [ -80.770575, 35.219418 ], [ -80.771584, 35.223115 ] ] ] } },
{ "type": "Feature", "properties": { "STATEFP": "37", "COUNTYFP": "119", "TRACTCE": "005609", "GEOIDFQ": "1400000US37119005609", "GEOID": "37119005609", "NAME": "56.09", "NAMELSAD": "Census Tract 56.09", "STUSPS": "NC", "NAMELSADCO": "Mecklenburg County", "STATE_NAME": "North Carolina", "LSAD": "CT", "ALAND": 3227934, "AWATER": 15724, "centroid_lon": -80.720656409054016, "centroid_lat": 35.319659857189286, "B03002_001E": 3311, "B03002_001M": 414, "B03002_012E": 223, "B03002_012M": 114, "B19013_001E": 28603, "B19013_001M": 13405, "B01003_001E": 3311, "state": "37", "county": "119", "tract": "005609", "latino_share": 0.067351253397765029, "camera_count": 1, "arterial_road_m": 13821.254464368789, "land_area_km2": 3.227934, "pop_density_per_km2": 1025.733487735499, "arterial_km_per_km2": 4.2817648887396054, "log_income": 10.261266886411732, "city": "Charlotte" }, "geometry": { "type": "Polygon", "coordinates": [ [ [ -80.730185, 35.325079 ], [ -80.722967, 35.331997 ], [ -80.721636, 35.333139 ], [ -80.721084, 35.333481 ], [ -80.718936, 35.330735 ], [ -80.71124, 35.317866 ], [ -80.708985, 35.313997 ], [ -80.707637, 35.312393 ], [ -80.712137, 35.311338 ], [ -80.712282, 35.311293 ], [ -80.719005, 35.309064 ], [ -80.720273, 35.308517 ], [ -80.724273, 35.305949 ], [ -80.724663, 35.307187 ], [ -80.724371, 35.308156 ], [ -80.723597, 35.30901 ], [ -80.724459, 35.315893 ], [ -80.734116, 35.321329 ], [ -80.730185, 35.325079 ] ] ] } },
{ "type": "Feature", "properties": { "STATEFP": "37", "COUNTYFP": "119", "TRACTCE": "005625", "GEOIDFQ": "1400000US37119005625", "GEOID": "37119005625", "NAME": "56.25", "NAMELSAD": "Census Tract 56.25", "STUSPS": "NC", "NAMELSADCO": "Mecklenburg County", "STATE_NAME": "North Carolina", "LSAD": "CT", "ALAND": 4381887, "AWATER": 23138, "centroid_lon": -80.696569987659586, "centroid_lat": 35.297580722154322, "B03002_001E": 6300, "B03002_001M": 1077, "B03002_012E": 640, "B03002_012M": 389, "B19013_001E": 110938, "B19013_001M": 38502, "B01003_001E": 6300, "state": "37", "county": "119", "tract": "005625", "latino_share": 0.10158730158730159, "camera_count": 0, "arterial_road_m": 11718.601850340994, "land_area_km2": 4.381887, "pop_density_per_km2": 1437.7367558770914, "arterial_km_per_km2": 2.6743277155118319, "log_income": 11.616726765683969, "city": "Charlotte" }, "geometry": { "type": "Polygon", "coordinates": [ [ [ -80.712137, 35.311338 ], [ -80.707637, 35.312393 ], [ -80.704956, 35.310414 ], [ -80.701531, 35.309033 ], [ -80.692523, 35.306056 ], [ -80.689611, 35.305018 ], [ -80.686931, 35.303196 ], [ -80.686262, 35.302503 ], [ -80.68261, 35.296477 ], [ -80.683099, 35.295911 ], [ -80.68846, 35.289287 ], [ -80.69115, 35.285455 ], [ -80.691409, 35.285263 ], [ -80.696292, 35.283312 ], [ -80.69951, 35.281094 ], [ -80.700698, 35.284054 ], [ -80.700634, 35.285795 ], [ -80.700541, 35.287359 ], [ -80.702909, 35.290964 ], [ -80.703147, 35.291308 ], [ -80.704209, 35.293159 ], [ -80.704824, 35.299119 ], [ -80.707154, 35.30528 ], [ -80.708927, 35.307656 ], [ -80.710801, 35.308945 ], [ -80.71112, 35.309289 ], [ -80.712282, 35.311293 ], [ -80.712137, 35.311338 ] ] ] } },
{ "type": "Feature", "properties": { "STATEFP": "37", "COUNTYFP": "119", "TRACTCE": "000302", "GEOIDFQ": "1400000US37119000302", "GEOID": "37119000302", "NAME": "3.02", "NAMELSAD": "Census Tract 3.02", "STUSPS": "NC", "NAMELSADCO": "Mecklenburg County", "STATE_NAME": "North Carolina", "LSAD": "CT", "ALAND": 612716, "AWATER": 0, "centroid_lon": -80.842252102277541, "centroid_lat": 35.214616970086439, "B03002_001E": 1384, "B03002_001M": 212, "B03002_012E": 158, "B03002_012M": 114, "B19013_001E": 78341, "B19013_001M": 13225, "B01003_001E": 1384, "state": "37", "county": "119", "tract": "000302", "latino_share": 0.11416184971098266, "camera_count": 0, "arterial_road_m": 7175.983590167345, "land_area_km2": 0.612716, "pop_density_per_km2": 2258.7952656695761, "arterial_km_per_km2": 11.711761387277866, "log_income": 11.268826372009427, "city": "Charlotte" }, "geometry": { "type": "Polygon", "coordinates": [ [ [ -80.848903, 35.218653 ], [ -80.84679, 35.219281 ], [ -80.844629, 35.219973 ], [ -80.84358, 35.219106 ], [ -80.840527, 35.216496 ], [ -80.837451, 35.213949 ], [ -80.837268, 35.210454 ], [ -80.839638, 35.208389 ], [ -80.844299, 35.213479 ], [ -80.844591, 35.213782 ], [ -80.846672, 35.216041 ], [ -80.848025, 35.217503 ], [ -80.848903, 35.218653 ] ] ] } },
{ "type": "Feature", "properties": { "STATEFP": "37", "COUNTYFP": "119", "TRACTCE": "002701", "GEOIDFQ": "1400000US37119002701", "GEOID": "37119002701", "NAME": "27.01", "NAMELSAD": "Census Tract 27.01", "STUSPS": "NC", "NAMELSADCO": "Mecklenburg County", "STATE_NAME": "North Carolina", "LSAD": "CT", "ALAND": 1671003, "AWATER": 0, "centroid_lon": -80.830966672504033, "centroid_lat": 35.200410991869234, "B03002_001E": 2979, "B03002_001M": 692, "B03002_012E": 202, "B03002_012M": 125, "B19013_001E": 246892, "B19013_001M": 107056, "B01003_001E": 2979, "state": "37", "county": "119", "tract": "002701", "latino_share": 0.067807989258140314, "camera_count": 0, "arterial_road_m": 9428.3477705703372, "land_area_km2": 1.671003, "pop_density_per_km2": 1782.761610840914, "arterial_km_per_km2": 5.6423284521753327, "log_income": 12.416706273026223, "city": "Charlotte" }, "geometry": { "type": "Polygon", "coordinates": [ [ [ -80.838095, 35.196723 ], [ -80.836858, 35.205645 ], [ -80.835902, 35.20489 ], [ -80.835944, 35.205079 ], [ -80.831887, 35.205911 ], [ -80.830621, 35.205505 ], [ -80.827736, 35.206841 ], [ -80.827359, 35.207875 ], [ -80.827787, 35.210481 ], [ -80.82649, 35.212167 ], [ -80.824608, 35.210786 ], [ -80.825875, 35.209645 ], [ -80.824176, 35.207473 ], [ -80.824856, 35.202472 ], [ -80.825322, 35.200484 ], [ -80.827216, 35.195922 ], [ -80.829637, 35.190575 ], [ -80.830412, 35.191262 ], [ -80.833648, 35.192705 ], [ -80.836531, 35.194831 ], [ -80.837186, 35.195062 ], [ -80.838393, 35.196276 ], [ -80.838095, 35.196723 ] ] ] } },
{ "type": "Feature", "properties": { "STATEFP": "37", "COUNTYFP": "119", "TRACTCE": "000900", "GEOIDFQ": "1400000US37119000900", "GEOID": "37119000900", "NAME": "9", "NAMELSAD": "Census Tract 9", "STUSPS": "NC", "NAMELSADCO": "Mecklenburg County", "STATE_NAME": "North Carolina", "LSAD": "CT", "ALAND": 1125688, "AWATER": 0, "centroid_lon": -80.810427472852083, "centroid_lat": 35.237342944619698, "B03002_001E": 1832, "B03002_001M": 318, "B03002_012E": 221, "B03002_012M": 121, "B19013_001E": 99904, "B19013_001M": 37346, "B01003_001E": 1832, "state": "37", "county": "119", "tract": "000900", "latino_share": 0.12063318777292577, "camera_count": 0, "arterial_road_m": 3299.1303434713545, "land_area_km2": 1.125688, "pop_density_per_km2": 1627.4491688638414, "arterial_km_per_km2": 2.9307679778689604, "log_income": 11.511965003875105, "city": "Charlotte" }, "geometry": { "type": "Polygon", "coordinates": [ [ [ -80.820136, 35.234992 ], [ -80.817641, 35.237677 ], [ -80.811213, 35.242718 ], [ -80.811009, 35.243199 ], [ -80.809147, 35.242005 ], [ -80.808356, 35.241766 ], [ -80.80339, 35.240785 ], [ -80.802566, 35.237257 ], [ -80.802635, 35.23638 ], [ -80.805007, 35.235052 ], [ -80.805402, 35.2348 ], [ -80.807771, 35.232822 ], [ -80.809033, 35.232642 ], [ -80.811067, 35.232901 ], [ -80.815402, 35.233524 ], [ -80.81899, 35.234913 ], [ -80.820136, 35.234992 ] ] ] } },
{ "type": "Feature", "properties": { "STATEFP": "37", "COUNTYFP": "119", "TRACTCE": "005817", "GEOIDFQ": "1400000US37119005817", "GEOID": "37119005817", "NAME": "58.17", "NAMELSAD": "Census Tract 58.17", "STUSPS": "NC", "NAMELSADCO": "Mecklenburg County", "STATE_NAME": "North Carolina", "LSAD": "CT", "ALAND": 4294990, "AWATER": 157275, "centroid_lon": -80.782164116726236, "centroid_lat": 35.074577934657, "B03002_001E": 4316, "B03002_001M": 429, "B03002_012E": 225, "B03002_012M": 165, "B19013_001E": 123929, "B19013_001M": 18907, "B01003_001E": 4316, "state": "37", "county": "119", "tract": "005817", "latino_share": 0.052131603336422611, "camera_count": 3, "arterial_road_m": 5847.8625913118094, "land_area_km2": 4.29499, "pop_density_per_km2": 1004.8917459644841, "arterial_km_per_km2": 1.3615544137033635, "log_income": 11.727464099955116, "city": "Charlotte" }, "geometry": { "type": "Polygon", "coordinates": [ [ [ -80.793615, 35.070747 ], [ -80.794148, 35.072314 ], [ -80.792708, 35.076937 ], [ -80.791937, 35.077438 ], [ -80.793575, 35.078467 ], [ -80.7936, 35.07918 ], [ -80.790929, 35.07922 ], [ -80.786723, 35.082738 ], [ -80.7864, 35.085182 ], [ -80.785569, 35.085981 ], [ -80.783908, 35.087269 ], [ -80.780451, 35.088012 ], [ -80.779267, 35.087362 ], [ -80.774732, 35.08832 ], [ -80.772226, 35.08025 ], [ -80.772179, 35.079344 ], [ -80.772273, 35.07808 ], [ -80.772726, 35.0761 ], [ -80.773732, 35.071524 ], [ -80.772811, 35.069046 ], [ -80.770835, 35.067523 ], [ -80.770055, 35.064738 ], [ -80.772891, 35.064596 ], [ -80.775935, 35.063619 ], [ -80.783966, 35.064359 ], [ -80.787898, 35.063759 ], [ -80.79219, 35.064043 ], [ -80.79332, 35.063983 ], [ -80.792955, 35.067228 ], [ -80.79421, 35.068644 ], [ -80.793615, 35.070747 ] ] ] } },
{ "type": "Feature", "properties": { "STATEFP": "37", "COUNTYFP": "119", "TRACTCE": "005308", "GEOIDFQ": "1400000US37119005308", "GEOID": "37119005308", "NAME": "53.08", "NAMELSAD": "Census Tract 53.08", "STUSPS": "NC", "NAMELSADCO": "Mecklenburg County", "STATE_NAME": "North Carolina", "LSAD": "CT", "ALAND": 780796, "AWATER": 318, "centroid_lon": -80.7708457521084, "centroid_lat": 35.273479856783339, "B03002_001E": 2579, "B03002_001M": 494, "B03002_012E": 1322, "B03002_012M": 465, "B19013_001E": 36727, "B19013_001M": 4592, "B01003_001E": 2579, "state": "37", "county": "119", "tract": "005308", "latino_share": 0.51260178363706865, "camera_count": 2, "arterial_road_m": 1177.6196725424275, "land_area_km2": 0.780796, "pop_density_per_km2": 3303.0394622923272, "arterial_km_per_km2": 1.508229643264601, "log_income": 10.511267458374771, "city": "Charlotte" }, "geometry": { "type": "Polygon", "coordinates": [ [ [ -80.775891, 35.278833 ], [ -80.769107, 35.278507 ], [ -80.768191, 35.278376 ], [ -80.76636, 35.277001 ], [ -80.767631, 35.270896 ], [ -80.768419, 35.267423 ], [ -80.773565, 35.267198 ], [ -80.773689, 35.268212 ], [ -80.773641, 35.272703 ], [ -80.775891, 35.278833 ] ] ] } },
{ "type": "Feature", "properties": { "STATEFP": "37", "COUNTYFP": "119", "TRACTCE": "002600", "GEOIDFQ": "1400000US37119002600", "GEOID": "37119002600", "NAME": "26", "NAMELSAD": "Census Tract 26", "STUSPS": "NC", "NAMELSADCO": "Mecklenburg County", "STATE_NAME": "North Carolina", "LSAD": "CT", "ALAND": 704621, "AWATER": 0, "centroid_lon": -80.831635401372935, "centroid_lat": 35.210079640599012, "B03002_001E": 1628, "B03002_001M": 228, "B03002_012E": 36, "B03002_012M": 21, "B19013_001E": 92143, "B19013_001M": 50868, "B01003_001E": 1628, "state": "37", "county": "119", "tract": "002600", "latino_share": 0.022113022113022112, "camera_count": 0, "arterial_road_m": 4823.1105659691129, "land_area_km2": 0.704621, "pop_density_per_km2": 2310.4619362749618, "arterial_km_per_km2": 6.8449713618656167, "log_income": 11.431096997108991, "city": "Charlotte" }, "geometry": { "type": "Polygon", "coordinates": [ [ [ -80.835894, 35.21076 ], [ -80.833939, 35.213349 ], [ -80.832507, 35.216408 ], [ -80.82649, 35.212167 ], [ -80.827787, 35.210481 ], [ -80.827359, 35.207875 ], [ -80.827736, 35.206841 ], [ -80.830621, 35.205505 ], [ -80.831887, 35.205911 ], [ -80.835944, 35.205079 ], [ -80.835894, 35.21076 ] ] ] } },
{ "type": "Feature", "properties": { "STATEFP": "37", "COUNTYFP": "119", "TRACTCE": "004304", "GEOIDFQ": "1400000US37119004304", "GEOID": "37119004304", "NAME": "43.04", "NAMELSAD": "Census Tract 43.04", "STUSPS": "NC", "NAMELSADCO": "Mecklenburg County", "STATE_NAME": "North Carolina", "LSAD": "CT", "ALAND": 4488743, "AWATER": 12170, "centroid_lon": -80.914537112277969, "centroid_lat": 35.267453002340474, "B03002_001E": 3898, "B03002_001M": 549, "B03002_012E": 677, "B03002_012M": 416, "B19013_001E": 49017, "B19013_001M": 9380, "B01003_001E": 3898, "state": "37", "county": "119", "tract": "004304", "latino_share": 0.17367880964597229, "camera_count": 0, "arterial_road_m": 6223.7864497854544, "land_area_km2": 4.488743, "pop_density_per_km2": 868.39455945684563, "arterial_km_per_km2": 1.3865321426923871, "log_income": 10.799922455698933, "city": "Charlotte" }, "geometry": { "type": "Polygon", "coordinates": [ [ [ -80.936761, 35.275786 ], [ -80.913566, 35.274045 ], [ -80.900094, 35.27314 ], [ -80.898287, 35.272507 ], [ -80.899091, 35.270646 ], [ -80.897836, 35.263642 ], [ -80.900737, 35.262281 ], [ -80.903266, 35.260938 ], [ -80.904797, 35.257891 ], [ -80.904041, 35.25602 ], [ -80.904842, 35.254299 ], [ -80.910964, 35.25753 ], [ -80.917143, 35.26041 ], [ -80.92124, 35.263445 ], [ -80.924581, 35.265008 ], [ -80.928662, 35.266221 ], [ -80.9309, 35.267433 ], [ -80.936662, 35.275092 ], [ -80.936761, 35.275786 ] ] ] } },
{ "type": "Feature", "properties": { "STATEFP": "37", "COUNTYFP": "119", "TRACTCE": "001609", "GEOIDFQ": "1400000US37119001609", "GEOID": "37119001609", "NAME": "16.09", "NAMELSAD": "Census Tract 16.09", "STUSPS": "NC", "NAMELSADCO": "Mecklenburg County", "STATE_NAME": "North Carolina", "LSAD": "CT", "ALAND": 2030181, "AWATER": 58797, "centroid_lon": -80.741704665785775, "centroid_lat": 35.221016102143267, "B03002_001E": 2852, "B03002_001M": 419, "B03002_012E": 1142, "B03002_012M": 402, "B19013_001E": 60189, "B19013_001M": 10338, "B01003_001E": 2852, "state": "37", "county": "119", "tract": "001609", "latino_share": 0.40042075736325383, "camera_count": 0, "arterial_road_m": 5449.6227716409458, "land_area_km2": 2.030181, "pop_density_per_km2": 1404.8008527318502, "arterial_km_per_km2": 2.684303897849968, "log_income": 11.00524489034831, "city": "Charlotte" }, "geometry": { "type": "Polygon", "coordinates": [ [ [ -80.750895, 35.221806 ], [ -80.748699, 35.224333 ], [ -80.748367, 35.224738 ], [ -80.747263, 35.226624 ], [ -80.746081, 35.228248 ], [ -80.742844, 35.2297 ], [ -80.739917, 35.231733 ], [ -80.735794, 35.230433 ], [ -80.736687, 35.226011 ], [ -80.735416, 35.224166 ], [ -80.735795, 35.223082 ], [ -80.737444, 35.218764 ], [ -80.73649, 35.214603 ], [ -80.737133, 35.211238 ], [ -80.740362, 35.207788 ], [ -80.743239, 35.211557 ], [ -80.743706, 35.211819 ], [ -80.74328, 35.213607 ], [ -80.749754, 35.221068 ], [ -80.750895, 35.221806 ] ] ] } },
{ "type": "Feature", "properties": { "STATEFP": "37", "COUNTYFP": "119", "TRACTCE": "001802", "GEOIDFQ": "1400000US37119001802", "GEOID": "37119001802", "NAME": "18.02", "NAMELSAD": "Census Tract 18.02", "STUSPS": "NC", "NAMELSADCO": "Mecklenburg County", "STATE_NAME": "North Carolina", "LSAD": "CT", "ALAND": 2671716, "AWATER": 2071, "centroid_lon": -80.778967142680813, "centroid_lat": 35.194204663298649, "B03002_001E": 3528, "B03002_001M": 622, "B03002_012E": 245, "B03002_012M": 184, "B19013_001E": 71343, "B19013_001M": 14909, "B01003_001E": 3528, "state": "37", "county": "119", "tract": "001802", "latino_share": 0.069444444444444448, "camera_count": 0, "arterial_road_m": 9478.1533207987814, "land_area_km2": 2.671716, "pop_density_per_km2": 1320.4996339431286, "arterial_km_per_km2": 3.5475901333819846, "log_income": 11.175254510173374, "city": "Charlotte" }, "geometry": { "type": "Polygon", "coordinates": [ [ [ -80.79127, 35.196716 ], [ -80.787436, 35.200113 ], [ -80.786247, 35.201927 ], [ -80.77703, 35.201041 ], [ -80.773165, 35.200393 ], [ -80.770147, 35.198801 ], [ -80.769455, 35.198291 ], [ -80.766327, 35.194732 ], [ -80.76815, 35.192812 ], [ -80.771425, 35.191025 ], [ -80.772516, 35.18948 ], [ -80.775163, 35.18517 ], [ -80.776402, 35.182152 ], [ -80.780492, 35.185744 ], [ -80.784624, 35.191062 ], [ -80.790598, 35.194289 ], [ -80.793092, 35.195372 ], [ -80.79127, 35.196716 ] ] ] } },
{ "type": "Feature", "properties": { "STATEFP": "37", "COUNTYFP": "119", "TRACTCE": "003402", "GEOIDFQ": "1400000US37119003402", "GEOID": "37119003402", "NAME": "34.02", "NAMELSAD": "Census Tract 34.02", "STUSPS": "NC", "NAMELSADCO": "Mecklenburg County", "STATE_NAME": "North Carolina", "LSAD": "CT", "ALAND": 2221882, "AWATER": 26962, "centroid_lon": -80.849316997290344, "centroid_lat": 35.19877429787114, "B03002_001E": 3518, "B03002_001M": 516, "B03002_012E": 256, "B03002_012M": 159, "B19013_001E": 211667, "B19013_001M": 38474, "B01003_001E": 3518, "state": "37", "county": "119", "tract": "003402", "latino_share": 0.072768618533257529, "camera_count": 0, "arterial_road_m": 6020.1616508836378, "land_area_km2": 2.221882, "pop_density_per_km2": 1583.3424097229286, "arterial_km_per_km2": 2.7094875654439066, "log_income": 12.262769564008629, "city": "Charlotte" }, "geometry": { "type": "Polygon", "coordinates": [ [ [ -80.859917, 35.20984 ], [ -80.860383, 35.210354 ], [ -80.858664, 35.212477 ], [ -80.848575, 35.204896 ], [ -80.843701, 35.201234 ], [ -80.840292, 35.198756 ], [ -80.838393, 35.196276 ], [ -80.840368, 35.194672 ], [ -80.843071, 35.191297 ], [ -80.843645, 35.189617 ], [ -80.844389, 35.188536 ], [ -80.844847, 35.186511 ], [ -80.848697, 35.188237 ], [ -80.85309, 35.188796 ], [ -80.853234, 35.191267 ], [ -80.851058, 35.195775 ], [ -80.851528, 35.19664 ], [ -80.85168, 35.197226 ], [ -80.852453, 35.202593 ], [ -80.856135, 35.203263 ], [ -80.861046, 35.20693 ], [ -80.859917, 35.20984 ] ] ] } },
{ "type": "Feature", "properties": { "STATEFP": "37", "COUNTYFP": "119", "TRACTCE": "000103", "GEOIDFQ": "1400000US37119000103", "GEOID": "37119000103", "NAME": "1.03", "NAMELSAD": "Census Tract 1.03", "STUSPS": "NC", "NAMELSADCO": "Mecklenburg County", "STATE_NAME": "North Carolina", "LSAD": "CT", "ALAND": 179471, "AWATER": 0, "centroid_lon": -80.845173577744404, "centroid_lat": 35.231612701570114, "B03002_001E": 2037, "B03002_001M": 173, "B03002_012E": 242, "B03002_012M": 142, "B19013_001E": 135533, "B19013_001M": 25153, "B01003_001E": 2037, "state": "37", "county": "119", "tract": "000103", "latino_share": 0.11880216003927344, "camera_count": 1, "arterial_road_m": 2115.3501323192963, "land_area_km2": 0.179471, "pop_density_per_km2": 11350.023123512992, "arterial_km_per_km2": 11.786584642194541, "log_income": 11.816970432085672, "city": "Charlotte" }, "geometry": { "type": "Polygon", "coordinates": [ [ [ -80.845393, 35.234342 ], [ -80.844749, 35.233802 ], [ -80.841829, 35.231258 ], [ -80.845138, 35.228969 ], [ -80.848427, 35.231802 ], [ -80.845393, 35.234342 ] ] ] } },
{ "type": "Feature", "properties": { "STATEFP": "37", "COUNTYFP": "119", "TRACTCE": "005522", "GEOIDFQ": "1400000US37119005522", "GEOID": "37119005522", "NAME": "55.22", "NAMELSAD": "Census Tract 55.22", "STUSPS": "NC", "NAMELSADCO": "Mecklenburg County", "STATE_NAME": "North Carolina", "LSAD": "CT", "ALAND": 2253657, "AWATER": 4410, "centroid_lon": -80.786666265140653, "centroid_lat": 35.32006120479042, "B03002_001E": 5261, "B03002_001M": 1172, "B03002_012E": 510, "B03002_012M": 401, "B19013_001E": 89926, "B19013_001M": 16060, "B01003_001E": 5261, "state": "37", "county": "119", "tract": "005522", "latino_share": 0.096939745295571186, "camera_count": 0, "arterial_road_m": 4107.5968982929971, "land_area_km2": 2.253657, "pop_density_per_km2": 2334.4279985818603, "arterial_km_per_km2": 1.8226362300443224, "log_income": 11.406742388880087, "city": "Charlotte" }, "geometry": { "type": "Polygon", "coordinates": [ [ [ -80.797534, 35.322924 ], [ -80.795907, 35.324011 ], [ -80.7926, 35.325237 ], [ -80.790756, 35.324693 ], [ -80.785538, 35.326113 ], [ -80.78426, 35.324945 ], [ -80.783438, 35.325619 ], [ -80.782098, 35.3252 ], [ -80.77958, 35.326365 ], [ -80.779925, 35.325183 ], [ -80.777997, 35.325121 ], [ -80.775653, 35.326757 ], [ -80.773943, 35.326223 ], [ -80.773345, 35.326245 ], [ -80.774736, 35.32212 ], [ -80.775694, 35.32099 ], [ -80.777465, 35.319879 ], [ -80.778953, 35.318432 ], [ -80.78321, 35.314657 ], [ -80.791206, 35.31154 ], [ -80.791571, 35.313051 ], [ -80.796569, 35.315419 ], [ -80.796502, 35.32008 ], [ -80.797534, 35.322924 ] ] ] } },
{ "type": "Feature", "properties": { "STATEFP": "37", "COUNTYFP": "119", "TRACTCE": "001607", "GEOIDFQ": "1400000US37119001607", "GEOID": "37119001607", "NAME": "16.07", "NAMELSAD": "Census Tract 16.07", "STUSPS": "NC", "NAMELSADCO": "Mecklenburg County", "STATE_NAME": "North Carolina", "LSAD": "CT", "ALAND": 1815746, "AWATER": 9783, "centroid_lon": -80.74875195185227, "centroid_lat": 35.21139025949774, "B03002_001E": 2694, "B03002_001M": 535, "B03002_012E": 951, "B03002_012M": 415, "B19013_001E": 42625, "B19013_001M": 6793, "B01003_001E": 2694, "state": "37", "county": "119", "tract": "001607", "latino_share": 0.35300668151447662, "camera_count": 0, "arterial_road_m": 2666.4983333999007, "land_area_km2": 1.815746, "pop_density_per_km2": 1483.6876964068763, "arterial_km_per_km2": 1.4685414884019574, "log_income": 10.660196214585818, "city": "Charlotte" }, "geometry": { "type": "Polygon", "coordinates": [ [ [ -80.754274, 35.217841 ], [ -80.752878, 35.21954 ], [ -80.750895, 35.221806 ], [ -80.749754, 35.221068 ], [ -80.74328, 35.213607 ], [ -80.743706, 35.211819 ], [ -80.743239, 35.211557 ], [ -80.740362, 35.207788 ], [ -80.740176, 35.206991 ], [ -80.741549, 35.205508 ], [ -80.741152, 35.203099 ], [ -80.745327, 35.20329 ], [ -80.74626, 35.20341 ], [ -80.747684, 35.203823 ], [ -80.757143, 35.20987 ], [ -80.754274, 35.217841 ] ] ] } },
{ "type": "Feature", "properties": { "STATEFP": "37", "COUNTYFP": "119", "TRACTCE": "005916", "GEOIDFQ": "1400000US37119005916", "GEOID": "37119005916", "NAME": "59.16", "NAMELSAD": "Census Tract 59.16", "STUSPS": "NC", "NAMELSADCO": "Mecklenburg County", "STATE_NAME": "North Carolina", "LSAD": "CT", "ALAND": 5027078, "AWATER": 22224, "centroid_lon": -80.91181792127756, "centroid_lat": 35.132723335251413, "B03002_001E": 2720, "B03002_001M": 331, "B03002_012E": 1137, "B03002_012M": 495, "B19013_001E": 48444, "B19013_001M": 10975, "B01003_001E": 2720, "state": "37", "county": "119", "tract": "005916", "latino_share": 0.41801470588235295, "camera_count": 0, "arterial_road_m": 27314.195338659047, "land_area_km2": 5.027078, "pop_density_per_km2": 541.06978248596897, "arterial_km_per_km2": 5.4334138715689404, "log_income": 10.78816377064094, "city": "Charlotte" }, "geometry": { "type": "Polygon", "coordinates": [ [ [ -80.931831, 35.141493 ], [ -80.92778, 35.144715 ], [ -80.926926, 35.145683 ], [ -80.926163, 35.147036 ], [ -80.917569, 35.14243 ], [ -80.910976, 35.139375 ], [ -80.907404, 35.137776 ], [ -80.898023, 35.133683 ], [ -80.897472, 35.133766 ], [ -80.895052, 35.134935 ], [ -80.891848, 35.13554 ], [ -80.891839, 35.130922 ], [ -80.892779, 35.128617 ], [ -80.893281, 35.127985 ], [ -80.896443, 35.127054 ], [ -80.900098, 35.125281 ], [ -80.902483, 35.122228 ], [ -80.904713, 35.118423 ], [ -80.907652, 35.120768 ], [ -80.917517, 35.125263 ], [ -80.921462, 35.128471 ], [ -80.924899, 35.133975 ], [ -80.926143, 35.136123 ], [ -80.928966, 35.139412 ], [ -80.931831, 35.141493 ] ] ] } },
{ "type": "Feature", "properties": { "STATEFP": "37", "COUNTYFP": "119", "TRACTCE": "005531", "GEOIDFQ": "1400000US37119005531", "GEOID": "37119005531", "NAME": "55.31", "NAMELSAD": "Census Tract 55.31", "STUSPS": "NC", "NAMELSADCO": "Mecklenburg County", "STATE_NAME": "North Carolina", "LSAD": "CT", "ALAND": 6099678, "AWATER": 40971, "centroid_lon": -80.71544069245914, "centroid_lat": 35.347262907205902, "B03002_001E": 6605, "B03002_001M": 2643, "B03002_012E": 473, "B03002_012M": 343, "B19013_001E": 74309, "B19013_001M": 38510, "B01003_001E": 6605, "state": "37", "county": "119", "tract": "005531", "latino_share": 0.071612414837244509, "camera_count": 2, "arterial_road_m": 14314.72009806045, "land_area_km2": 6.099678, "pop_density_per_km2": 1082.8440452102554, "arterial_km_per_km2": 2.3467993061372172, "log_income": 11.215987353921955, "city": "Charlotte" }, "geometry": { "type": "Polygon", "coordinates": [ [ [ -80.728511, 35.353562 ], [ -80.719672, 35.362792 ], [ -80.717547, 35.361328 ], [ -80.712228, 35.357662 ], [ -80.710494, 35.356465 ], [ -80.708878, 35.35535 ], [ -80.699861, 35.350246 ], [ -80.695473, 35.347759 ], [ -80.693772, 35.346794 ], [ -80.693654, 35.346734 ], [ -80.697144, 35.344399 ], [ -80.698206, 35.343674 ], [ -80.702014, 35.341075 ], [ -80.703731, 35.339889 ], [ -80.704186, 35.339583 ], [ -80.70804, 35.33709 ], [ -80.70862, 35.336852 ], [ -80.715003, 35.335548 ], [ -80.718288, 35.334623 ], [ -80.719708, 35.334144 ], [ -80.720295, 35.333888 ], [ -80.721084, 35.333481 ], [ -80.733427, 35.348498 ], [ -80.728511, 35.353562 ] ] ] } },
{ "type": "Feature", "properties": { "STATEFP": "37", "COUNTYFP": "119", "TRACTCE": "005849", "GEOIDFQ": "1400000US37119005849", "GEOID": "37119005849", "NAME": "58.49", "NAMELSAD": "Census Tract 58.49", "STUSPS": "NC", "NAMELSADCO": "Mecklenburg County", "STATE_NAME": "North Carolina", "LSAD": "CT", "ALAND": 3471493, "AWATER": 19101, "centroid_lon": -80.721896594501828, "centroid_lat": 35.081424344909557, "B03002_001E": 3706, "B03002_001M": 432, "B03002_012E": 79, "B03002_012M": 76, "B19013_001E": 106354, "B19013_001M": 29582, "B01003_001E": 3706, "state": "37", "county": "119", "tract": "005849", "latino_share": 0.021316783594171614, "camera_count": 0, "arterial_road_m": 7711.7622298141032, "land_area_km2": 3.471493, "pop_density_per_km2": 1067.5522030434743, "arterial_km_per_km2": 2.221454063082974, "log_income": 11.574528431580697, "city": "Charlotte" }, "geometry": { "type": "Polygon", "coordinates": [ [ [ -80.731969, 35.087873 ], [ -80.722955, 35.094461 ], [ -80.7221, 35.093003 ], [ -80.717068, 35.087617 ], [ -80.71161, 35.085874 ], [ -80.706581, 35.084445 ], [ -80.705195, 35.084402 ], [ -80.705512, 35.084163 ], [ -80.710014, 35.080655 ], [ -80.717636, 35.074663 ], [ -80.718027, 35.074359 ], [ -80.723992, 35.069768 ], [ -80.72548, 35.068627 ], [ -80.727633, 35.066959 ], [ -80.728414, 35.06635 ], [ -80.728978, 35.069548 ], [ -80.729916, 35.075952 ], [ -80.729106, 35.078317 ], [ -80.73013, 35.080975 ], [ -80.730261, 35.081194 ], [ -80.731261, 35.082997 ], [ -80.731969, 35.087873 ] ] ] } },
{ "type": "Feature", "properties": { "STATEFP": "37", "COUNTYFP": "119", "TRACTCE": "005929", "GEOIDFQ": "1400000US37119005929", "GEOID": "37119005929", "NAME": "59.29", "NAMELSAD": "Census Tract 59.29", "STUSPS": "NC", "NAMELSADCO": "Mecklenburg County", "STATE_NAME": "North Carolina", "LSAD": "CT", "ALAND": 2286406, "AWATER": 674, "centroid_lon": -80.977335673973968, "centroid_lat": 35.113416060385589, "B03002_001E": 4055, "B03002_001M": 662, "B03002_012E": 733, "B03002_012M": 339, "B19013_001E": 80352, "B19013_001M": 12684, "B01003_001E": 4055, "state": "37", "county": "119", "tract": "005929", "latino_share": 0.18076448828606659, "camera_count": 0, "arterial_road_m": 5327.1475648486839, "land_area_km2": 2.286406, "pop_density_per_km2": 1773.5257867587823, "arterial_km_per_km2": 2.3299219669860403, "log_income": 11.294172261957312, "city": "Charlotte" }, "geometry": { "type": "Polygon", "coordinates": [ [ [ -80.989052, 35.104556 ], [ -80.987779, 35.109906 ], [ -80.987531, 35.111278 ], [ -80.987005, 35.115676 ], [ -80.986853, 35.116134 ], [ -80.986476, 35.116604 ], [ -80.984666, 35.118039 ], [ -80.983352, 35.119169 ], [ -80.978578, 35.116929 ], [ -80.975533, 35.115892 ], [ -80.972269, 35.11823 ], [ -80.970415, 35.121503 ], [ -80.966772, 35.121711 ], [ -80.96495, 35.120992 ], [ -80.963816, 35.119538 ], [ -80.962298, 35.115202 ], [ -80.969417, 35.113039 ], [ -80.970664, 35.112659 ], [ -80.971835, 35.112049 ], [ -80.978685, 35.107996 ], [ -80.981637, 35.106214 ], [ -80.983592, 35.105249 ], [ -80.988646, 35.102809 ], [ -80.989052, 35.104556 ] ] ] } },
{ "type": "Feature", "properties": { "STATEFP": "37", "COUNTYFP": "119", "TRACTCE": "005859", "GEOIDFQ": "1400000US37119005859", "GEOID": "37119005859", "NAME": "58.59", "NAMELSAD": "Census Tract 58.59", "STUSPS": "NC", "NAMELSADCO": "Mecklenburg County", "STATE_NAME": "North Carolina", "LSAD": "CT", "ALAND": 1919134, "AWATER": 0, "centroid_lon": -80.824317960173687, "centroid_lat": 35.051420325208895, "B03002_001E": 2725, "B03002_001M": 326, "B03002_012E": 34, "B03002_012M": 55, "B19013_001E": 125588, "B19013_001M": 56814, "B01003_001E": 2725, "state": "37", "county": "119", "tract": "005859", "latino_share": 0.012477064220183486, "camera_count": 0, "arterial_road_m": 3367.0415002814052, "land_area_km2": 1.919134, "pop_density_per_km2": 1419.9112724801917, "arterial_km_per_km2": 1.7544587820763977, "log_income": 11.740761987050591, "city": "Charlotte" }, "geometry": { "type": "Polygon", "coordinates": [ [ [ -80.833222, 35.055688 ], [ -80.826683, 35.056862 ], [ -80.820849, 35.056357 ], [ -80.816337, 35.057209 ], [ -80.814172, 35.053221 ], [ -80.814877, 35.04998 ], [ -80.815907, 35.047273 ], [ -80.816386, 35.047166 ], [ -80.820025, 35.047253 ], [ -80.823032, 35.046725 ], [ -80.830293, 35.043343 ], [ -80.831476, 35.046625 ], [ -80.831594, 35.048821 ], [ -80.832225, 35.050614 ], [ -80.835388, 35.054843 ], [ -80.833222, 35.055688 ] ] ] } },
{ "type": "Feature", "properties": { "STATEFP": "37", "COUNTYFP": "119", "TRACTCE": "006011", "GEOIDFQ": "1400000US37119006011", "GEOID": "37119006011", "NAME": "60.11", "NAMELSAD": "Census Tract 60.11", "STUSPS": "NC", "NAMELSADCO": "Mecklenburg County", "STATE_NAME": "North Carolina", "LSAD": "CT", "ALAND": 3756387, "AWATER": 74089, "centroid_lon": -80.95913182502764, "centroid_lat": 35.271104291914966, "B03002_001E": 3743, "B03002_001M": 1241, "B03002_012E": 228, "B03002_012M": 217, "B19013_001E": 70980, "B19013_001M": 9908, "B01003_001E": 3743, "state": "37", "county": "119", "tract": "006011", "latino_share": 0.060913705583756347, "camera_count": 0, "arterial_road_m": 8312.7731417235063, "land_area_km2": 3.756387, "pop_density_per_km2": 996.43620319205661, "arterial_km_per_km2": 2.2129703733197634, "log_income": 11.170153426200487, "city": "Charlotte" }, "geometry": { "type": "Polygon", "coordinates": [ [ [ -80.967634, 35.259007 ], [ -80.966126, 35.2737 ], [ -80.965529, 35.280158 ], [ -80.965511, 35.284304 ], [ -80.965167, 35.286593 ], [ -80.964773, 35.285912 ], [ -80.963267, 35.284699 ], [ -80.961955, 35.284139 ], [ -80.939778, 35.276643 ], [ -80.942062, 35.275806 ], [ -80.95304, 35.274717 ], [ -80.951424, 35.270788 ], [ -80.953375, 35.267377 ], [ -80.953188, 35.265444 ], [ -80.954791, 35.265432 ], [ -80.958885, 35.263455 ], [ -80.958881, 35.260078 ], [ -80.956758, 35.258011 ], [ -80.958104, 35.257809 ], [ -80.959805, 35.25509 ], [ -80.962355, 35.255309 ], [ -80.965946, 35.256686 ], [ -80.96669, 35.25493 ], [ -80.9667, 35.254918 ], [ -80.967287, 35.252524 ], [ -80.968373, 35.251738 ], [ -80.967634, 35.259007 ] ] ] } },
{ "type": "Feature", "properties": { "STATEFP": "37", "COUNTYFP": "119", "TRACTCE": "003811", "GEOIDFQ": "1400000US37119003811", "GEOID": "37119003811", "NAME": "38.11", "NAMELSAD": "Census Tract 38.11", "STUSPS": "NC", "NAMELSADCO": "Mecklenburg County", "STATE_NAME": "North Carolina", "LSAD": "CT", "ALAND": 2169358, "AWATER": 0, "centroid_lon": -80.89643958459277, "centroid_lat": 35.1692505962911, "B03002_001E": 2273, "B03002_001M": 546, "B03002_012E": 502, "B03002_012M": 398, "B19013_001E": 66250, "B19013_001M": 42229, "B01003_001E": 2273, "state": "37", "county": "119", "tract": "003811", "latino_share": 0.22085349758029035, "camera_count": 0, "arterial_road_m": 8204.1486978350295, "land_area_km2": 2.169358, "pop_density_per_km2": 1047.7754248030985, "arterial_km_per_km2": 3.7818325503835832, "log_income": 11.101190743848468, "city": "Charlotte" }, "geometry": { "type": "Polygon", "coordinates": [ [ [ -80.911556, 35.165112 ], [ -80.904718, 35.169636 ], [ -80.894262, 35.175693 ], [ -80.889935, 35.18005 ], [ -80.886484, 35.174629 ], [ -80.889849, 35.163046 ], [ -80.893518, 35.163837 ], [ -80.895267, 35.16374 ], [ -80.900433, 35.162692 ], [ -80.901474, 35.162801 ], [ -80.902642, 35.163329 ], [ -80.903423, 35.164162 ], [ -80.904272, 35.163878 ], [ -80.910584, 35.163642 ], [ -80.911556, 35.165112 ] ] ] } },
{ "type": "Feature", "properties": { "STATEFP": "37", "COUNTYFP": "119", "TRACTCE": "005622", "GEOIDFQ": "1400000US37119005622", "GEOID": "37119005622", "NAME": "56.22", "NAMELSAD": "Census Tract 56.22", "STUSPS": "NC", "NAMELSADCO": "Mecklenburg County", "STATE_NAME": "North Carolina", "LSAD": "CT", "ALAND": 739231, "AWATER": 0, "centroid_lon": -80.728436605489179, "centroid_lat": 35.299300300751327, "B03002_001E": 2031, "B03002_001M": 646, "B03002_012E": 186, "B03002_012M": 147, "B19013_001E": -666666666, "B19013_001M": -222222222, "B01003_001E": 2031, "state": "37", "county": "119", "tract": "005622", "latino_share": 0.091580502215657306, "camera_count": 3, "arterial_road_m": 2654.4234170036807, "land_area_km2": 0.739231, "pop_density_per_km2": 2747.4497146358854, "arterial_km_per_km2": 3.5907901819643402, "log_income": null, "city": "Charlotte" }, "geometry": { "type": "Polygon", "coordinates": [ [ [ -80.734052, 35.300127 ], [ -80.731274, 35.301424 ], [ -80.729253, 35.302524 ], [ -80.724273, 35.305949 ], [ -80.724002, 35.305565 ], [ -80.722908, 35.303891 ], [ -80.725235, 35.298344 ], [ -80.727598, 35.292911 ], [ -80.732855, 35.295756 ], [ -80.734087, 35.298534 ], [ -80.734052, 35.300127 ] ] ] } },
{ "type": "Feature", "properties": { "STATEFP": "37", "COUNTYFP": "119", "TRACTCE": "003008", "GEOIDFQ": "1400000US37119003008", "GEOID": "37119003008", "NAME": "30.08", "NAMELSAD": "Census Tract 30.08", "STUSPS": "NC", "NAMELSADCO": "Mecklenburg County", "STATE_NAME": "North Carolina", "LSAD": "CT", "ALAND": 5095770, "AWATER": 12105, "centroid_lon": -80.837328198991486, "centroid_lat": 35.098845582780257, "B03002_001E": 6275, "B03002_001M": 1337, "B03002_012E": 1151, "B03002_012M": 691, "B19013_001E": 87472, "B19013_001M": 18776, "B01003_001E": 6275, "state": "37", "county": "119", "tract": "003008", "latino_share": 0.18342629482071712, "camera_count": 0, "arterial_road_m": 8951.4928469956831, "land_area_km2": 5.09577, "pop_density_per_km2": 1231.4135057116, "arterial_km_per_km2": 1.7566516634376517, "log_income": 11.37907402113478, "city": "Charlotte" }, "geometry": { "type": "Polygon", "coordinates": [ [ [ -80.85395, 35.089824 ], [ -80.852723, 35.092109 ], [ -80.849588, 35.096369 ], [ -80.846755, 35.100943 ], [ -80.846712, 35.101368 ], [ -80.844948, 35.104733 ], [ -80.8437, 35.106297 ], [ -80.844086, 35.10771 ], [ -80.839737, 35.109955 ], [ -80.834789, 35.109508 ], [ -80.831473, 35.110413 ], [ -80.830387, 35.115946 ], [ -80.828721, 35.117201 ], [ -80.828131, 35.116843 ], [ -80.824073, 35.115463 ], [ -80.825039, 35.113367 ], [ -80.825544, 35.112265 ], [ -80.826405, 35.110399 ], [ -80.826864, 35.106576 ], [ -80.827402, 35.10579 ], [ -80.826921, 35.105454 ], [ -80.826707, 35.101345 ], [ -80.827398, 35.096699 ], [ -80.826328, 35.095371 ], [ -80.824767, 35.092135 ], [ -80.83017, 35.091056 ], [ -80.830877, 35.090529 ], [ -80.834085, 35.085355 ], [ -80.83616, 35.08665 ], [ -80.8452, 35.087753 ], [ -80.852923, 35.087661 ], [ -80.853026, 35.088533 ], [ -80.85395, 35.089824 ] ] ] } },
{ "type": "Feature", "properties": { "STATEFP": "37", "COUNTYFP": "119", "TRACTCE": "006109", "GEOIDFQ": "1400000US37119006109", "GEOID": "37119006109", "NAME": "61.09", "NAMELSAD": "Census Tract 61.09", "STUSPS": "NC", "NAMELSADCO": "Mecklenburg County", "STATE_NAME": "North Carolina", "LSAD": "CT", "ALAND": 5687499, "AWATER": 34022, "centroid_lon": -80.852628438840711, "centroid_lat": 35.319424406430656, "B03002_001E": 2836, "B03002_001M": 474, "B03002_012E": 410, "B03002_012M": 179, "B19013_001E": 51250, "B19013_001M": 15549, "B01003_001E": 2836, "state": "37", "county": "119", "tract": "006109", "latino_share": 0.14456981664315938, "camera_count": 0, "arterial_road_m": 23144.388708920011, "land_area_km2": 5.687499, "pop_density_per_km2": 498.63745030988139, "arterial_km_per_km2": 4.0693437851892389, "log_income": 10.844470897000654, "city": "Charlotte" }, "geometry": { "type": "Polygon", "coordinates": [ [ [ -80.866842, 35.325366 ], [ -80.862063, 35.329457 ], [ -80.857981, 35.33003 ], [ -80.853708, 35.331982 ], [ -80.852411, 35.332359 ], [ -80.851362, 35.333302 ], [ -80.848754, 35.333844 ], [ -80.84475, 35.334524 ], [ -80.842651, 35.335729 ], [ -80.843471, 35.328072 ], [ -80.8434, 35.325267 ], [ -80.842856, 35.3229 ], [ -80.839717, 35.313895 ], [ -80.838867, 35.309974 ], [ -80.840873, 35.308697 ], [ -80.848476, 35.307324 ], [ -80.854727, 35.306221 ], [ -80.85826, 35.304964 ], [ -80.863244, 35.311406 ], [ -80.864661, 35.316652 ], [ -80.865662, 35.321824 ], [ -80.866774, 35.325229 ], [ -80.866842, 35.325366 ] ] ] } },
{ "type": "Feature", "properties": { "STATEFP": "37", "COUNTYFP": "119", "TRACTCE": "005827", "GEOIDFQ": "1400000US37119005827", "GEOID": "37119005827", "NAME": "58.27", "NAMELSAD": "Census Tract 58.27", "STUSPS": "NC", "NAMELSADCO": "Mecklenburg County", "STATE_NAME": "North Carolina", "LSAD": "CT", "ALAND": 1788180, "AWATER": 15616, "centroid_lon": -80.87656832239206, "centroid_lat": 35.111297214262365, "B03002_001E": 2568, "B03002_001M": 469, "B03002_012E": 689, "B03002_012M": 413, "B19013_001E": 70474, "B19013_001M": 11480, "B01003_001E": 2568, "state": "37", "county": "119", "tract": "005827", "latino_share": 0.26830218068535827, "camera_count": 0, "arterial_road_m": 3876.6012511578861, "land_area_km2": 1.78818, "pop_density_per_km2": 1436.0970372110189, "arterial_km_per_km2": 2.1679032598272467, "log_income": 11.162999126452767, "city": "Charlotte" }, "geometry": { "type": "Polygon", "coordinates": [ [ [ -80.883277, 35.115793 ], [ -80.881165, 35.119627 ], [ -80.876049, 35.117622 ], [ -80.871011, 35.1184 ], [ -80.869735, 35.118448 ], [ -80.868109, 35.118317 ], [ -80.868557, 35.115428 ], [ -80.870546, 35.11006 ], [ -80.872394, 35.108634 ], [ -80.87585, 35.103562 ], [ -80.877334, 35.098647 ], [ -80.878673, 35.100095 ], [ -80.880871, 35.101757 ], [ -80.880706, 35.104397 ], [ -80.882057, 35.109515 ], [ -80.883277, 35.115793 ] ] ] } },
{ "type": "Feature", "properties": { "STATEFP": "37", "COUNTYFP": "119", "TRACTCE": "006016", "GEOIDFQ": "1400000US37119006016", "GEOID": "37119006016", "NAME": "60.16", "NAMELSAD": "Census Tract 60.16", "STUSPS": "NC", "NAMELSADCO": "Mecklenburg County", "STATE_NAME": "North Carolina", "LSAD": "CT", "ALAND": 5532944, "AWATER": 30737, "centroid_lon": -80.917020894846544, "centroid_lat": 35.284159303537528, "B03002_001E": 2820, "B03002_001M": 663, "B03002_012E": 712, "B03002_012M": 483, "B19013_001E": 58875, "B19013_001M": 13081, "B01003_001E": 2820, "state": "37", "county": "119", "tract": "006016", "latino_share": 0.25248226950354608, "camera_count": 0, "arterial_road_m": 18497.817023149433, "land_area_km2": 5.532944, "pop_density_per_km2": 509.67441564563103, "arterial_km_per_km2": 3.3432142134728702, "log_income": 10.983171831318719, "city": "Charlotte" }, "geometry": { "type": "Polygon", "coordinates": [ [ [ -80.937391, 35.278114 ], [ -80.936423, 35.279137 ], [ -80.934949, 35.279403 ], [ -80.932355, 35.279102 ], [ -80.930343, 35.279475 ], [ -80.922607, 35.282132 ], [ -80.919564, 35.282306 ], [ -80.919716, 35.284224 ], [ -80.922952, 35.286419 ], [ -80.931235, 35.293874 ], [ -80.934588, 35.298548 ], [ -80.936887, 35.302252 ], [ -80.936624, 35.302722 ], [ -80.935337, 35.301863 ], [ -80.926145, 35.299729 ], [ -80.91992, 35.297382 ], [ -80.918558, 35.295145 ], [ -80.917279, 35.29402 ], [ -80.904616, 35.284344 ], [ -80.89862, 35.280966 ], [ -80.894907, 35.278919 ], [ -80.895336, 35.27841 ], [ -80.895915, 35.276023 ], [ -80.896087, 35.275839 ], [ -80.898287, 35.272507 ], [ -80.900094, 35.27314 ], [ -80.913566, 35.274045 ], [ -80.936761, 35.275786 ], [ -80.936816, 35.276234 ], [ -80.937391, 35.278114 ] ] ] } },
{ "type": "Feature", "properties": { "STATEFP": "37", "COUNTYFP": "119", "TRACTCE": "004600", "GEOIDFQ": "1400000US37119004600", "GEOID": "37119004600", "NAME": "46", "NAMELSAD": "Census Tract 46", "STUSPS": "NC", "NAMELSADCO": "Mecklenburg County", "STATE_NAME": "North Carolina", "LSAD": "CT", "ALAND": 2311979, "AWATER": 0, "centroid_lon": -80.861055785161938, "centroid_lat": 35.261510392321263, "B03002_001E": 2662, "B03002_001M": 489, "B03002_012E": 75, "B03002_012M": 118, "B19013_001E": 37025, "B19013_001M": 8285, "B01003_001E": 2662, "state": "37", "county": "119", "tract": "004600", "latino_share": 0.028174305033809167, "camera_count": 0, "arterial_road_m": 6438.4818261394048, "land_area_km2": 2.311979, "pop_density_per_km2": 1151.3945412133933, "arterial_km_per_km2": 2.7848357732225963, "log_income": 10.519348639136, "city": "Charlotte" }, "geometry": { "type": "Polygon", "coordinates": [ [ [ -80.870032, 35.268084 ], [ -80.865719, 35.268937 ], [ -80.854187, 35.271141 ], [ -80.853938, 35.266766 ], [ -80.854715, 35.262992 ], [ -80.8556, 35.25703 ], [ -80.856483, 35.249544 ], [ -80.856505, 35.249349 ], [ -80.858233, 35.250406 ], [ -80.865253, 35.252729 ], [ -80.865084, 35.253566 ], [ -80.865137, 35.257408 ], [ -80.866934, 35.258056 ], [ -80.86849, 35.258838 ], [ -80.868043, 35.26118 ], [ -80.870032, 35.268084 ] ] ] } },
{ "type": "Feature", "properties": { "STATEFP": "37", "COUNTYFP": "119", "TRACTCE": "002004", "GEOIDFQ": "1400000US37119002004", "GEOID": "37119002004", "NAME": "20.04", "NAMELSAD": "Census Tract 20.04", "STUSPS": "NC", "NAMELSADCO": "Mecklenburg County", "STATE_NAME": "North Carolina", "LSAD": "CT", "ALAND": 4649382, "AWATER": 31250, "centroid_lon": -80.780806686851903, "centroid_lat": 35.146852393691688, "B03002_001E": 5340, "B03002_001M": 805, "B03002_012E": 776, "B03002_012M": 738, "B19013_001E": 115600, "B19013_001M": 47168, "B01003_001E": 5340, "state": "37", "county": "119", "tract": "002004", "latino_share": 0.1453183520599251, "camera_count": 0, "arterial_road_m": 7695.0995919667112, "land_area_km2": 4.649382, "pop_density_per_km2": 1148.539741410794, "arterial_km_per_km2": 1.6550800927879685, "log_income": 11.657891235220415, "city": "Charlotte" }, "geometry": { "type": "Polygon", "coordinates": [ [ [ -80.79497, 35.154443 ], [ -80.792881, 35.156671 ], [ -80.787088, 35.160339 ], [ -80.784052, 35.161765 ], [ -80.779175, 35.161253 ], [ -80.776789, 35.159022 ], [ -80.77551, 35.155725 ], [ -80.774833, 35.15413 ], [ -80.773215, 35.151462 ], [ -80.772535, 35.148346 ], [ -80.771693, 35.1441 ], [ -80.769568, 35.138749 ], [ -80.76805, 35.137351 ], [ -80.774564, 35.131464 ], [ -80.775932, 35.131109 ], [ -80.778113, 35.130571 ], [ -80.78123, 35.128417 ], [ -80.781878, 35.133343 ], [ -80.783735, 35.137823 ], [ -80.785234, 35.141327 ], [ -80.785759, 35.14225 ], [ -80.786092, 35.142723 ], [ -80.788157, 35.145039 ], [ -80.79328, 35.151339 ], [ -80.79497, 35.154443 ] ] ] } },
{ "type": "Feature", "properties": { "STATEFP": "37", "COUNTYFP": "119", "TRACTCE": "005857", "GEOIDFQ": "1400000US37119005857", "GEOID": "37119005857", "NAME": "58.57", "NAMELSAD": "Census Tract 58.57", "STUSPS": "NC", "NAMELSADCO": "Mecklenburg County", "STATE_NAME": "North Carolina", "LSAD": "CT", "ALAND": 1364552, "AWATER": 319, "centroid_lon": -80.855194004584789, "centroid_lat": 35.025191023634989, "B03002_001E": 2197, "B03002_001M": 406, "B03002_012E": 178, "B03002_012M": 132, "B19013_001E": 103056, "B19013_001M": 38942, "B01003_001E": 2197, "state": "37", "county": "119", "tract": "005857", "latino_share": 0.0810195721438325, "camera_count": 2, "arterial_road_m": 3139.3683218933274, "land_area_km2": 1.364552, "pop_density_per_km2": 1610.0522369246464, "arterial_km_per_km2": 2.3006586204800752, "log_income": 11.543027808786672, "city": "Charlotte" }, "geometry": { "type": "Polygon", "coordinates": [ [ [ -80.861876, 35.029817 ], [ -80.857606, 35.032407 ], [ -80.855036, 35.033271 ], [ -80.852813, 35.030762 ], [ -80.851467, 35.030327 ], [ -80.851666, 35.02918 ], [ -80.84891, 35.021992 ], [ -80.851439547178501, 35.014523095046101 ], [ -80.851506742328596, 35.014601418825897 ], [ -80.8530249405039, 35.016371055763003 ], [ -80.864377803826102, 35.029604141273502 ], [ -80.861876, 35.029817 ] ] ] } },
{ "type": "Feature", "properties": { "STATEFP": "37", "COUNTYFP": "119", "TRACTCE": "004102", "GEOIDFQ": "1400000US37119004102", "GEOID": "37119004102", "NAME": "41.02", "NAMELSAD": "Census Tract 41.02", "STUSPS": "NC", "NAMELSADCO": "Mecklenburg County", "STATE_NAME": "North Carolina", "LSAD": "CT", "ALAND": 1706755, "AWATER": 0, "centroid_lon": -80.865867483375794, "centroid_lat": 35.235247094549479, "B03002_001E": 2927, "B03002_001M": 630, "B03002_012E": 152, "B03002_012M": 134, "B19013_001E": 111483, "B19013_001M": 31476, "B01003_001E": 2927, "state": "37", "county": "119", "tract": "004102", "latino_share": 0.051930304065596171, "camera_count": 0, "arterial_road_m": 8153.8556238726705, "land_area_km2": 1.706755, "pop_density_per_km2": 1714.9503004239039, "arterial_km_per_km2": 4.7774025117094547, "log_income": 11.621627391890419, "city": "Charlotte" }, "geometry": { "type": "Polygon", "coordinates": [ [ [ -80.875615, 35.23531 ], [ -80.874506, 35.236526 ], [ -80.87444, 35.236596 ], [ -80.871498, 35.239939 ], [ -80.867805, 35.240353 ], [ -80.867168, 35.240596 ], [ -80.858713, 35.241733 ], [ -80.858468, 35.240553 ], [ -80.858708, 35.23709 ], [ -80.858073, 35.236536 ], [ -80.855789, 35.235923 ], [ -80.85799, 35.234179 ], [ -80.858495, 35.233607 ], [ -80.859072, 35.232665 ], [ -80.860434, 35.229011 ], [ -80.866352, 35.229101 ], [ -80.866931, 35.228978 ], [ -80.868958, 35.23057 ], [ -80.873355, 35.231618 ], [ -80.876255, 35.233102 ], [ -80.875615, 35.23531 ] ] ] } },
{ "type": "Feature", "properties": { "STATEFP": "37", "COUNTYFP": "119", "TRACTCE": "005533", "GEOIDFQ": "1400000US37119005533", "GEOID": "37119005533", "NAME": "55.33", "NAMELSAD": "Census Tract 55.33", "STUSPS": "NC", "NAMELSADCO": "Mecklenburg County", "STATE_NAME": "North Carolina", "LSAD": "CT", "ALAND": 5745757, "AWATER": 15341, "centroid_lon": -80.761914715833754, "centroid_lat": 35.32646411368529, "B03002_001E": 1073, "B03002_001M": 231, "B03002_012E": 65, "B03002_012M": 68, "B19013_001E": 61279, "B19013_001M": 21962, "B01003_001E": 1073, "state": "37", "county": "119", "tract": "005533", "latino_share": 0.060577819198508853, "camera_count": 0, "arterial_road_m": 20214.171255229034, "land_area_km2": 5.745757, "pop_density_per_km2": 186.74649832911484, "arterial_km_per_km2": 3.5181040992908388, "log_income": 11.023192485743465, "city": "Charlotte" }, "geometry": { "type": "Polygon", "coordinates": [ [ [ -80.777465, 35.319879 ], [ -80.775694, 35.32099 ], [ -80.774736, 35.32212 ], [ -80.773345, 35.326245 ], [ -80.772251, 35.329009 ], [ -80.773068, 35.334011 ], [ -80.770012, 35.340284 ], [ -80.767733, 35.341614 ], [ -80.764293, 35.339213 ], [ -80.758784, 35.337532 ], [ -80.754275, 35.33534 ], [ -80.751827, 35.334799 ], [ -80.747197, 35.332822 ], [ -80.744362, 35.332146 ], [ -80.747032, 35.326091 ], [ -80.752411, 35.319653 ], [ -80.758103, 35.313186 ], [ -80.758863, 35.311958 ], [ -80.76004, 35.312521 ], [ -80.761781, 35.313198 ], [ -80.7639, 35.313842 ], [ -80.776315, 35.317441 ], [ -80.777273, 35.317727 ], [ -80.778953, 35.318432 ], [ -80.777465, 35.319879 ] ] ] } },
{ "type": "Feature", "properties": { "STATEFP": "37", "COUNTYFP": "119", "TRACTCE": "003302", "GEOIDFQ": "1400000US37119003302", "GEOID": "37119003302", "NAME": "33.02", "NAMELSAD": "Census Tract 33.02", "STUSPS": "NC", "NAMELSADCO": "Mecklenburg County", "STATE_NAME": "North Carolina", "LSAD": "CT", "ALAND": 1462232, "AWATER": 0, "centroid_lon": -80.860598213312556, "centroid_lat": 35.193473461983643, "B03002_001E": 2594, "B03002_001M": 372, "B03002_012E": 26, "B03002_012M": 23, "B19013_001E": 113472, "B19013_001M": 28809, "B01003_001E": 2594, "state": "37", "county": "119", "tract": "003302", "latino_share": 0.010023130300693909, "camera_count": 0, "arterial_road_m": 2663.7395759740107, "land_area_km2": 1.462232, "pop_density_per_km2": 1774.0002954387539, "arterial_km_per_km2": 1.8216942154008466, "log_income": 11.63931138943388, "city": "Charlotte" }, "geometry": { "type": "Polygon", "coordinates": [ [ [ -80.872022, 35.195986 ], [ -80.869442, 35.199404 ], [ -80.86782, 35.198898 ], [ -80.866743, 35.198105 ], [ -80.863307, 35.195223 ], [ -80.856873, 35.198301 ], [ -80.854115, 35.197764 ], [ -80.852113, 35.196609 ], [ -80.851528, 35.19664 ], [ -80.851058, 35.195775 ], [ -80.853234, 35.191267 ], [ -80.85309, 35.188796 ], [ -80.85297, 35.187332 ], [ -80.855937, 35.186219 ], [ -80.856578, 35.186568 ], [ -80.860796, 35.189196 ], [ -80.86149, 35.192783 ], [ -80.862118, 35.192681 ], [ -80.865514, 35.19027 ], [ -80.872709, 35.194858 ], [ -80.872022, 35.195986 ] ] ] } },
{ "type": "Feature", "properties": { "STATEFP": "37", "COUNTYFP": "119", "TRACTCE": "001914", "GEOIDFQ": "1400000US37119001914", "GEOID": "37119001914", "NAME": "19.14", "NAMELSAD": "Census Tract 19.14", "STUSPS": "NC", "NAMELSADCO": "Mecklenburg County", "STATE_NAME": "North Carolina", "LSAD": "CT", "ALAND": 3635332, "AWATER": 11032, "centroid_lon": -80.763386528244453, "centroid_lat": 35.180046107979713, "B03002_001E": 4281, "B03002_001M": 887, "B03002_012E": 1201, "B03002_012M": 446, "B19013_001E": 49279, "B19013_001M": 13325, "B01003_001E": 4281, "state": "37", "county": "119", "tract": "001914", "latino_share": 0.28054192945573464, "camera_count": 0, "arterial_road_m": 12383.785699618365, "land_area_km2": 3.635332, "pop_density_per_km2": 1177.60908769818, "arterial_km_per_km2": 3.4065074935709765, "log_income": 10.80525330579372, "city": "Charlotte" }, "geometry": { "type": "Polygon", "coordinates": [ [ [ -80.775163, 35.18517 ], [ -80.772516, 35.18948 ], [ -80.771425, 35.191025 ], [ -80.76815, 35.192812 ], [ -80.766327, 35.194732 ], [ -80.762606, 35.190594 ], [ -80.756477, 35.183762 ], [ -80.752699, 35.179527 ], [ -80.749314, 35.175774 ], [ -80.756568, 35.176142 ], [ -80.757079, 35.17239 ], [ -80.755256, 35.166632 ], [ -80.753216, 35.163341 ], [ -80.754964, 35.162002 ], [ -80.763882, 35.169564 ], [ -80.764992, 35.173444 ], [ -80.769655, 35.177386 ], [ -80.776402, 35.182152 ], [ -80.775163, 35.18517 ] ] ] } },
{ "type": "Feature", "properties": { "STATEFP": "37", "COUNTYFP": "119", "TRACTCE": "980300", "GEOIDFQ": "1400000US37119980300", "GEOID": "37119980300", "NAME": "9803", "NAMELSAD": "Census Tract 9803", "STUSPS": "NC", "NAMELSADCO": "Mecklenburg County", "STATE_NAME": "North Carolina", "LSAD": "CT", "ALAND": 478856, "AWATER": 4103, "centroid_lon": -80.837775893993665, "centroid_lat": 35.217521341949954, "B03002_001E": 20, "B03002_001M": 32, "B03002_012E": 0, "B03002_012M": 14, "B19013_001E": -666666666, "B19013_001M": -222222222, "B01003_001E": 20, "state": "37", "county": "119", "tract": "980300", "latino_share": 0.0, "camera_count": 0, "arterial_road_m": 7373.8136059710878, "land_area_km2": 0.478856, "pop_density_per_km2": 41.766209465893716, "arterial_km_per_km2": 15.398812181472275, "log_income": null, "city": "Charlotte" }, "geometry": { "type": "Polygon", "coordinates": [ [ [ -80.84358, 35.219106 ], [ -80.83921, 35.2221 ], [ -80.833514, 35.217117 ], [ -80.832507, 35.216408 ], [ -80.833939, 35.213349 ], [ -80.836909, 35.213992 ], [ -80.837451, 35.213949 ], [ -80.840527, 35.216496 ], [ -80.84358, 35.219106 ] ] ] } },
{ "type": "Feature", "properties": { "STATEFP": "37", "COUNTYFP": "119", "TRACTCE": "004302", "GEOIDFQ": "1400000US37119004302", "GEOID": "37119004302", "NAME": "43.02", "NAMELSAD": "Census Tract 43.02", "STUSPS": "NC", "NAMELSADCO": "Mecklenburg County", "STATE_NAME": "North Carolina", "LSAD": "CT", "ALAND": 3207028, "AWATER": 0, "centroid_lon": -80.893527006383508, "centroid_lat": 35.260620203383596, "B03002_001E": 4629, "B03002_001M": 633, "B03002_012E": 863, "B03002_012M": 576, "B19013_001E": 49722, "B19013_001M": 10808, "B01003_001E": 4629, "state": "37", "county": "119", "tract": "004302", "latino_share": 0.18643335493627133, "camera_count": 0, "arterial_road_m": 10097.134413695296, "land_area_km2": 3.207028, "pop_density_per_km2": 1443.3924493331519, "arterial_km_per_km2": 3.1484397434931326, "log_income": 10.814202770077097, "city": "Charlotte" }, "geometry": { "type": "Polygon", "coordinates": [ [ [ -80.904041, 35.25602 ], [ -80.904797, 35.257891 ], [ -80.903266, 35.260938 ], [ -80.900737, 35.262281 ], [ -80.897836, 35.263642 ], [ -80.899091, 35.270646 ], [ -80.898287, 35.272507 ], [ -80.895894, 35.27164 ], [ -80.889194, 35.27004 ], [ -80.887394, 35.26914 ], [ -80.880103, 35.260751 ], [ -80.8837, 35.258715 ], [ -80.885212, 35.257468 ], [ -80.888857, 35.254272 ], [ -80.893008, 35.252133 ], [ -80.894531, 35.250843 ], [ -80.894863, 35.250395 ], [ -80.896181, 35.247801 ], [ -80.897763, 35.249436 ], [ -80.900911, 35.252189 ], [ -80.904842, 35.254299 ], [ -80.904041, 35.25602 ] ] ] } },
{ "type": "Feature", "properties": { "STATEFP": "37", "COUNTYFP": "119", "TRACTCE": "005611", "GEOIDFQ": "1400000US37119005611", "GEOID": "37119005611", "NAME": "56.11", "NAMELSAD": "Census Tract 56.11", "STUSPS": "NC", "NAMELSADCO": "Mecklenburg County", "STATE_NAME": "North Carolina", "LSAD": "CT", "ALAND": 5049681, "AWATER": 6634, "centroid_lon": -80.697716233445504, "centroid_lat": 35.330389458451961, "B03002_001E": 3837, "B03002_001M": 955, "B03002_012E": 454, "B03002_012M": 343, "B19013_001E": 85394, "B19013_001M": 11944, "B01003_001E": 3837, "state": "37", "county": "119", "tract": "005611", "latino_share": 0.11832160542090174, "camera_count": 9, "arterial_road_m": 6905.4074621588179, "land_area_km2": 5.049681, "pop_density_per_km2": 759.84997864221532, "arterial_km_per_km2": 1.3674938005309283, "log_income": 11.355031119697239, "city": "Charlotte" }, "geometry": { "type": "Polygon", "coordinates": [ [ [ -80.720295, 35.333888 ], [ -80.719708, 35.334144 ], [ -80.718288, 35.334623 ], [ -80.715003, 35.335548 ], [ -80.70862, 35.336852 ], [ -80.70804, 35.33709 ], [ -80.704186, 35.339583 ], [ -80.703731, 35.339889 ], [ -80.702014, 35.341075 ], [ -80.698206, 35.343674 ], [ -80.697144, 35.344399 ], [ -80.693654, 35.346734 ], [ -80.693061, 35.346379 ], [ -80.692437, 35.344463 ], [ -80.68979, 35.336363 ], [ -80.689562, 35.335665 ], [ -80.68954, 35.335595 ], [ -80.687215, 35.32848 ], [ -80.68644, 35.32611 ], [ -80.685372, 35.322838 ], [ -80.685364, 35.322813 ], [ -80.683629, 35.317504 ], [ -80.683017, 35.315647 ], [ -80.684543, 35.315554 ], [ -80.689175, 35.315319 ], [ -80.691334, 35.315248 ], [ -80.693411, 35.315154 ], [ -80.693761, 35.315117 ], [ -80.697731, 35.322698 ], [ -80.701006, 35.324279 ], [ -80.70551, 35.326432 ], [ -80.719815, 35.333636 ], [ -80.720295, 35.333888 ] ] ] } },
{ "type": "Feature", "properties": { "STATEFP": "37", "COUNTYFP": "119", "TRACTCE": "001702", "GEOIDFQ": "1400000US37119001702", "GEOID": "37119001702", "NAME": "17.02", "NAMELSAD": "Census Tract 17.02", "STUSPS": "NC", "NAMELSADCO": "Mecklenburg County", "STATE_NAME": "North Carolina", "LSAD": "CT", "ALAND": 3689629, "AWATER": 6536, "centroid_lon": -80.769825854427296, "centroid_lat": 35.206835248826074, "B03002_001E": 6728, "B03002_001M": 1170, "B03002_012E": 3114, "B03002_012M": 1104, "B19013_001E": 70212, "B19013_001M": 21446, "B01003_001E": 6728, "state": "37", "county": "119", "tract": "001702", "latino_share": 0.46284185493460167, "camera_count": 1, "arterial_road_m": 15318.682247117009, "land_area_km2": 3.689629, "pop_density_per_km2": 1823.4895703605971, "arterial_km_per_km2": 4.1518218355062277, "log_income": 11.159274515576236, "city": "Charlotte" }, "geometry": { "type": "Polygon", "coordinates": [ [ [ -80.785394, 35.203868 ], [ -80.783475, 35.207822 ], [ -80.780878, 35.214192 ], [ -80.780725, 35.215613 ], [ -80.77572, 35.215132 ], [ -80.771281, 35.213992 ], [ -80.766, 35.212919 ], [ -80.762751, 35.212139 ], [ -80.76028, 35.211464 ], [ -80.757143, 35.20987 ], [ -80.747684, 35.203823 ], [ -80.74626, 35.20341 ], [ -80.750362, 35.203934 ], [ -80.753462, 35.203923 ], [ -80.760584, 35.201723 ], [ -80.76877, 35.198804 ], [ -80.770147, 35.198801 ], [ -80.773165, 35.200393 ], [ -80.77703, 35.201041 ], [ -80.786247, 35.201927 ], [ -80.785394, 35.203868 ] ] ] } },
{ "type": "Feature", "properties": { "STATEFP": "37", "COUNTYFP": "119", "TRACTCE": "001000", "GEOIDFQ": "1400000US37119001000", "GEOID": "37119001000", "NAME": "10", "NAMELSAD": "Census Tract 10", "STUSPS": "NC", "NAMELSADCO": "Mecklenburg County", "STATE_NAME": "North Carolina", "LSAD": "CT", "ALAND": 1586243, "AWATER": 0, "centroid_lon": -80.808403685163924, "centroid_lat": 35.225604920007676, "B03002_001E": 3325, "B03002_001M": 389, "B03002_012E": 109, "B03002_012M": 69, "B19013_001E": 95417, "B19013_001M": 43968, "B01003_001E": 3325, "state": "37", "county": "119", "tract": "001000", "latino_share": 0.032781954887218044, "camera_count": 0, "arterial_road_m": 4996.692701400656, "land_area_km2": 1.586243, "pop_density_per_km2": 2096.1479420240153, "arterial_km_per_km2": 3.15001717983982, "log_income": 11.466012038626156, "city": "Charlotte" }, "geometry": { "type": "Polygon", "coordinates": [ [ [ -80.818551, 35.221321 ], [ -80.818225, 35.222688 ], [ -80.817996, 35.223118 ], [ -80.813363, 35.227127 ], [ -80.812047, 35.229288 ], [ -80.811067, 35.232901 ], [ -80.809033, 35.232642 ], [ -80.807771, 35.232822 ], [ -80.807853, 35.23245 ], [ -80.801843, 35.231596 ], [ -80.80108, 35.229428 ], [ -80.802711, 35.223798 ], [ -80.802011, 35.223632 ], [ -80.801627, 35.219527 ], [ -80.806724, 35.219991 ], [ -80.810836, 35.220264 ], [ -80.813869, 35.220415 ], [ -80.816644, 35.220928 ], [ -80.818494, 35.22131 ], [ -80.818551, 35.221321 ] ] ] } },
{ "type": "Feature", "properties": { "STATEFP": "37", "COUNTYFP": "119", "TRACTCE": "001200", "GEOIDFQ": "1400000US37119001200", "GEOID": "37119001200", "NAME": "12", "NAMELSAD": "Census Tract 12", "STUSPS": "NC", "NAMELSADCO": "Mecklenburg County", "STATE_NAME": "North Carolina", "LSAD": "CT", "ALAND": 4197667, "AWATER": 5067, "centroid_lon": -80.788827904397237, "centroid_lat": 35.226270021320978, "B03002_001E": 5014, "B03002_001M": 687, "B03002_012E": 1473, "B03002_012M": 591, "B19013_001E": 81580, "B19013_001M": 7683, "B01003_001E": 5014, "state": "37", "county": "119", "tract": "001200", "latino_share": 0.293777423214998, "camera_count": 0, "arterial_road_m": 3144.2956263909164, "land_area_km2": 4.197667, "pop_density_per_km2": 1194.4730251351525, "arterial_km_per_km2": 0.74905789963589686, "log_income": 11.30933941287155, "city": "Charlotte" }, "geometry": { "type": "Polygon", "coordinates": [ [ [ -80.802711, 35.223798 ], [ -80.80108, 35.229428 ], [ -80.801843, 35.231596 ], [ -80.79895, 35.23255 ], [ -80.799208, 35.233414 ], [ -80.796568, 35.234947 ], [ -80.795249, 35.233599 ], [ -80.790806, 35.235375 ], [ -80.788415, 35.234688 ], [ -80.786139, 35.235472 ], [ -80.783452, 35.235289 ], [ -80.776311, 35.233531 ], [ -80.774517, 35.233812 ], [ -80.774516, 35.233448 ], [ -80.774643, 35.229314 ], [ -80.775304, 35.228146 ], [ -80.779444, 35.222241 ], [ -80.78052, 35.220368 ], [ -80.780725, 35.215613 ], [ -80.786116, 35.216067 ], [ -80.788803, 35.216573 ], [ -80.792101, 35.21716 ], [ -80.794421, 35.217968 ], [ -80.795515, 35.218374 ], [ -80.798128, 35.2192 ], [ -80.801627, 35.219527 ], [ -80.802011, 35.223632 ], [ -80.802711, 35.223798 ] ] ] } },
{ "type": "Feature", "properties": { "STATEFP": "37", "COUNTYFP": "119", "TRACTCE": "003204", "GEOIDFQ": "1400000US37119003204", "GEOID": "37119003204", "NAME": "32.04", "NAMELSAD": "Census Tract 32.04", "STUSPS": "NC", "NAMELSADCO": "Mecklenburg County", "STATE_NAME": "North Carolina", "LSAD": "CT", "ALAND": 2319150, "AWATER": 2373, "centroid_lon": -80.853932271662202, "centroid_lat": 35.181759703008368, "B03002_001E": 3135, "B03002_001M": 318, "B03002_012E": 74, "B03002_012M": 58, "B19013_001E": 88391, "B19013_001M": 7200, "B01003_001E": 3135, "state": "37", "county": "119", "tract": "003204", "latino_share": 0.023604465709728868, "camera_count": 0, "arterial_road_m": 4276.3348678610446, "land_area_km2": 2.31915, "pop_density_per_km2": 1351.7883707392793, "arterial_km_per_km2": 1.843923363241293, "log_income": 11.389525433487998, "city": "Charlotte" }, "geometry": { "type": "Polygon", "coordinates": [ [ [ -80.865514, 35.19027 ], [ -80.862118, 35.192681 ], [ -80.86149, 35.192783 ], [ -80.860796, 35.189196 ], [ -80.856578, 35.186568 ], [ -80.855937, 35.186219 ], [ -80.85297, 35.187332 ], [ -80.85309, 35.188796 ], [ -80.848697, 35.188237 ], [ -80.844847, 35.186511 ], [ -80.846053, 35.180728 ], [ -80.846631, 35.176116 ], [ -80.846524, 35.17275 ], [ -80.847418, 35.172375 ], [ -80.851159, 35.172073 ], [ -80.855677, 35.172368 ], [ -80.85793, 35.178257 ], [ -80.859436, 35.179405 ], [ -80.86229, 35.184278 ], [ -80.864819, 35.186231 ], [ -80.864563, 35.186695 ], [ -80.865514, 35.19027 ] ] ] } },
{ "type": "Feature", "properties": { "STATEFP": "37", "COUNTYFP": "119", "TRACTCE": "001920", "GEOIDFQ": "1400000US37119001920", "GEOID": "37119001920", "NAME": "19.20", "NAMELSAD": "Census Tract 19.20", "STUSPS": "NC", "NAMELSADCO": "Mecklenburg County", "STATE_NAME": "North Carolina", "LSAD": "CT", "ALAND": 2713383, "AWATER": 0, "centroid_lon": -80.742256028065441, "centroid_lat": 35.178982467831695, "B03002_001E": 5398, "B03002_001M": 990, "B03002_012E": 2459, "B03002_012M": 725, "B19013_001E": 80547, "B19013_001M": 20327, "B01003_001E": 5398, "state": "37", "county": "119", "tract": "001920", "latino_share": 0.45553908855131531, "camera_count": 0, "arterial_road_m": 8289.0960476305809, "land_area_km2": 2.713383, "pop_density_per_km2": 1989.3984741556942, "arterial_km_per_km2": 3.0548934844917142, "log_income": 11.296596143963688, "city": "Charlotte" }, "geometry": { "type": "Polygon", "coordinates": [ [ [ -80.754084, 35.183471 ], [ -80.751861, 35.183623 ], [ -80.750286, 35.184062 ], [ -80.746947, 35.185826 ], [ -80.744773, 35.18629 ], [ -80.738772, 35.185714 ], [ -80.737549, 35.186026 ], [ -80.736545, 35.186707 ], [ -80.73574, 35.187219 ], [ -80.734398, 35.18736 ], [ -80.729972, 35.185905 ], [ -80.730574, 35.184317 ], [ -80.734929, 35.179007 ], [ -80.73521, 35.1781 ], [ -80.736762, 35.174572 ], [ -80.737646, 35.169504 ], [ -80.738451, 35.168507 ], [ -80.739331, 35.167939 ], [ -80.742526, 35.166944 ], [ -80.744416, 35.170034 ], [ -80.749314, 35.175774 ], [ -80.752699, 35.179527 ], [ -80.756477, 35.183762 ], [ -80.754084, 35.183471 ] ] ] } },
{ "type": "Feature", "properties": { "STATEFP": "37", "COUNTYFP": "119", "TRACTCE": "005307", "GEOIDFQ": "1400000US37119005307", "GEOID": "37119005307", "NAME": "53.07", "NAMELSAD": "Census Tract 53.07", "STUSPS": "NC", "NAMELSADCO": "Mecklenburg County", "STATE_NAME": "North Carolina", "LSAD": "CT", "ALAND": 1137076, "AWATER": 8535, "centroid_lon": -80.775431831867493, "centroid_lat": 35.280777182097637, "B03002_001E": 4131, "B03002_001M": 534, "B03002_012E": 1077, "B03002_012M": 510, "B19013_001E": 48309, "B19013_001M": 4965, "B01003_001E": 4131, "state": "37", "county": "119", "tract": "005307", "latino_share": 0.26071169208424111, "camera_count": 0, "arterial_road_m": 6760.0120074730148, "land_area_km2": 1.137076, "pop_density_per_km2": 3633.0025433656151, "arterial_km_per_km2": 5.9450837124985618, "log_income": 10.785373157686106, "city": "Charlotte" }, "geometry": { "type": "Polygon", "coordinates": [ [ [ -80.790476, 35.279539 ], [ -80.77367, 35.28403 ], [ -80.772239, 35.284217 ], [ -80.770748, 35.28427 ], [ -80.763927, 35.284525 ], [ -80.762297, 35.285244 ], [ -80.765574, 35.280623 ], [ -80.76636, 35.277001 ], [ -80.768191, 35.278376 ], [ -80.769107, 35.278507 ], [ -80.775891, 35.278833 ], [ -80.777696, 35.278739 ], [ -80.782532, 35.27825 ], [ -80.783161, 35.278015 ], [ -80.784286, 35.277569 ], [ -80.78875, 35.2768 ], [ -80.789602, 35.277968 ], [ -80.790476, 35.279539 ] ] ] } },
{ "type": "Feature", "properties": { "STATEFP": "37", "COUNTYFP": "119", "TRACTCE": "005848", "GEOIDFQ": "1400000US37119005848", "GEOID": "37119005848", "NAME": "58.48", "NAMELSAD": "Census Tract 58.48", "STUSPS": "NC", "NAMELSADCO": "Mecklenburg County", "STATE_NAME": "North Carolina", "LSAD": "CT", "ALAND": 5640126, "AWATER": 12733, "centroid_lon": -80.742707481030877, "centroid_lat": 35.090145798161714, "B03002_001E": 4930, "B03002_001M": 434, "B03002_012E": 375, "B03002_012M": 204, "B19013_001E": 176492, "B19013_001M": 16191, "B01003_001E": 4930, "state": "37", "county": "119", "tract": "005848", "latino_share": 0.076064908722109539, "camera_count": 0, "arterial_road_m": 15476.797594376661, "land_area_km2": 5.640126, "pop_density_per_km2": 874.09394754656182, "arterial_km_per_km2": 2.7440517453646711, "log_income": 12.081030828549208, "city": "Charlotte" }, "geometry": { "type": "Polygon", "coordinates": [ [ [ -80.75787, 35.09549 ], [ -80.755582, 35.096212 ], [ -80.755568, 35.096324 ], [ -80.755453, 35.096541 ], [ -80.75551, 35.096939 ], [ -80.755389, 35.097265 ], [ -80.75496, 35.097603 ], [ -80.754661, 35.097789 ], [ -80.753691, 35.098435 ], [ -80.752071, 35.09909 ], [ -80.750058, 35.099075 ], [ -80.749198, 35.098918 ], [ -80.748189, 35.098098 ], [ -80.746163, 35.098853 ], [ -80.745314, 35.099026 ], [ -80.744997, 35.099319 ], [ -80.74497, 35.09978 ], [ -80.744392, 35.099909 ], [ -80.743956, 35.099552 ], [ -80.743321, 35.099642 ], [ -80.742637, 35.099546 ], [ -80.741747, 35.099084 ], [ -80.741316, 35.098791 ], [ -80.740139, 35.098938 ], [ -80.739174, 35.101024 ], [ -80.738841, 35.101368 ], [ -80.738353, 35.101614 ], [ -80.737827, 35.102457 ], [ -80.737432, 35.102247 ], [ -80.737098, 35.101816 ], [ -80.73643, 35.101365 ], [ -80.73635, 35.101116 ], [ -80.736452, 35.100473 ], [ -80.736305, 35.100069 ], [ -80.735959, 35.100074 ], [ -80.73593, 35.100089 ], [ -80.734986, 35.100475 ], [ -80.732552, 35.100381 ], [ -80.731365, 35.101678 ], [ -80.729743, 35.10222 ], [ -80.728905, 35.100595 ], [ -80.726823, 35.099997 ], [ -80.724645, 35.097745 ], [ -80.722955, 35.094461 ], [ -80.731969, 35.087873 ], [ -80.73656, 35.084425 ], [ -80.739409, 35.081792 ], [ -80.743579, 35.076504 ], [ -80.745239, 35.076014 ], [ -80.749682, 35.07248 ], [ -80.751134, 35.073795 ], [ -80.752028, 35.074991 ], [ -80.750812, 35.075824 ], [ -80.753398, 35.07921 ], [ -80.752208, 35.081687 ], [ -80.75535, 35.085138 ], [ -80.756566, 35.087312 ], [ -80.756202, 35.088313 ], [ -80.75724, 35.090845 ], [ -80.760382, 35.094163 ], [ -80.75787, 35.09549 ] ] ] } },
{ "type": "Feature", "properties": { "STATEFP": "37", "COUNTYFP": "119", "TRACTCE": "005306", "GEOIDFQ": "1400000US37119005306", "GEOID": "37119005306", "NAME": "53.06", "NAMELSAD": "Census Tract 53.06", "STUSPS": "NC", "NAMELSADCO": "Mecklenburg County", "STATE_NAME": "North Carolina", "LSAD": "CT", "ALAND": 3379423, "AWATER": 7049, "centroid_lon": -80.781481952545846, "centroid_lat": 35.260879831602303, "B03002_001E": 2396, "B03002_001M": 480, "B03002_012E": 1209, "B03002_012M": 400, "B19013_001E": 41773, "B19013_001M": 12363, "B01003_001E": 2396, "state": "37", "county": "119", "tract": "005306", "latino_share": 0.50459098497495825, "camera_count": 5, "arterial_road_m": 7026.9755802000855, "land_area_km2": 3.379423, "pop_density_per_km2": 708.99677252596075, "arterial_km_per_km2": 2.079341822612939, "log_income": 10.640005476793887, "city": "Charlotte" }, "geometry": { "type": "Polygon", "coordinates": [ [ [ -80.794987, 35.26492 ], [ -80.794943, 35.265756 ], [ -80.792561, 35.265385 ], [ -80.79112, 35.264069 ], [ -80.78923, 35.265027 ], [ -80.786453, 35.266274 ], [ -80.783759, 35.265961 ], [ -80.782757, 35.266701 ], [ -80.780851, 35.267029 ], [ -80.778994, 35.269914 ], [ -80.776938, 35.269884 ], [ -80.773689, 35.268212 ], [ -80.773565, 35.267198 ], [ -80.768419, 35.267423 ], [ -80.769088, 35.266036 ], [ -80.763125, 35.263064 ], [ -80.762407, 35.262265 ], [ -80.768692, 35.260442 ], [ -80.774035, 35.257543 ], [ -80.780009, 35.253838 ], [ -80.791124, 35.251456 ], [ -80.794476, 35.257009 ], [ -80.794765, 35.258342 ], [ -80.795176, 35.260891 ], [ -80.794987, 35.26492 ] ] ] } },
{ "type": "Feature", "properties": { "STATEFP": "37", "COUNTYFP": "119", "TRACTCE": "002903", "GEOIDFQ": "1400000US37119002903", "GEOID": "37119002903", "NAME": "29.03", "NAMELSAD": "Census Tract 29.03", "STUSPS": "NC", "NAMELSADCO": "Mecklenburg County", "STATE_NAME": "North Carolina", "LSAD": "CT", "ALAND": 4251973, "AWATER": 13873, "centroid_lon": -80.815797447439394, "centroid_lat": 35.155161082352791, "B03002_001E": 4499, "B03002_001M": 552, "B03002_012E": 139, "B03002_012M": 121, "B19013_001E": 146136, "B19013_001M": 41979, "B01003_001E": 4499, "state": "37", "county": "119", "tract": "002903", "latino_share": 0.03089575461213603, "camera_count": 5, "arterial_road_m": 13149.283224248094, "land_area_km2": 4.251973, "pop_density_per_km2": 1058.0970293085118, "arterial_km_per_km2": 3.0925133401007239, "log_income": 11.89229297395652, "city": "Charlotte" }, "geometry": { "type": "Polygon", "coordinates": [ [ [ -80.830893, 35.148421 ], [ -80.829767, 35.15013 ], [ -80.824527, 35.154896 ], [ -80.82111, 35.159097 ], [ -80.821081, 35.160533 ], [ -80.814983, 35.163834 ], [ -80.813416, 35.165403 ], [ -80.810138, 35.169454 ], [ -80.808235, 35.171247 ], [ -80.804687, 35.168319 ], [ -80.803807, 35.16691 ], [ -80.799658, 35.159872 ], [ -80.800194, 35.158008 ], [ -80.803289, 35.156852 ], [ -80.806795, 35.156602 ], [ -80.809405, 35.154 ], [ -80.811106, 35.153116 ], [ -80.812216, 35.150703 ], [ -80.812619, 35.147385 ], [ -80.815377, 35.146384 ], [ -80.81756, 35.143256 ], [ -80.820585, 35.142689 ], [ -80.819996, 35.141032 ], [ -80.822812, 35.142188 ], [ -80.82552, 35.141911 ], [ -80.829185, 35.14378 ], [ -80.832978, 35.144203 ], [ -80.830893, 35.148421 ] ] ] } },
{ "type": "Feature", "properties": { "STATEFP": "37", "COUNTYFP": "119", "TRACTCE": "001608", "GEOIDFQ": "1400000US37119001608", "GEOID": "37119001608", "NAME": "16.08", "NAMELSAD": "Census Tract 16.08", "STUSPS": "NC", "NAMELSADCO": "Mecklenburg County", "STATE_NAME": "North Carolina", "LSAD": "CT", "ALAND": 2011648, "AWATER": 2376, "centroid_lon": -80.76113163280624, "centroid_lat": 35.23574331289435, "B03002_001E": 4054, "B03002_001M": 659, "B03002_012E": 1516, "B03002_012M": 557, "B19013_001E": 50357, "B19013_001M": 12941, "B01003_001E": 4054, "state": "37", "county": "119", "tract": "001608", "latino_share": 0.37395165268870251, "camera_count": 0, "arterial_road_m": 4237.7109157911673, "land_area_km2": 2.011648, "pop_density_per_km2": 2015.2631076609823, "arterial_km_per_km2": 2.1065866969724163, "log_income": 10.826892915295691, "city": "Charlotte" }, "geometry": { "type": "Polygon", "coordinates": [ [ [ -80.780691, 35.244679 ], [ -80.769301, 35.241145 ], [ -80.759239, 35.237858 ], [ -80.739917, 35.231733 ], [ -80.742844, 35.2297 ], [ -80.746081, 35.228248 ], [ -80.747263, 35.226624 ], [ -80.75307, 35.230593 ], [ -80.758859, 35.234102 ], [ -80.760564, 35.234544 ], [ -80.762749, 35.235062 ], [ -80.768399, 35.234205 ], [ -80.770093, 35.234285 ], [ -80.775653, 35.236789 ], [ -80.779562, 35.241929 ], [ -80.780691, 35.244679 ] ] ] } },
{ "type": "Feature", "properties": { "STATEFP": "37", "COUNTYFP": "119", "TRACTCE": "001919", "GEOIDFQ": "1400000US37119001919", "GEOID": "37119001919", "NAME": "19.19", "NAMELSAD": "Census Tract 19.19", "STUSPS": "NC", "NAMELSADCO": "Mecklenburg County", "STATE_NAME": "North Carolina", "LSAD": "CT", "ALAND": 2177192, "AWATER": 2072, "centroid_lon": -80.750242065337773, "centroid_lat": 35.190238274394659, "B03002_001E": 3616, "B03002_001M": 593, "B03002_012E": 815, "B03002_012M": 395, "B19013_001E": 56750, "B19013_001M": 21290, "B01003_001E": 3616, "state": "37", "county": "119", "tract": "001919", "latino_share": 0.22538716814159293, "camera_count": 0, "arterial_road_m": 2611.9561664787188, "land_area_km2": 2.177192, "pop_density_per_km2": 1660.8548993382303, "arterial_km_per_km2": 1.1996903196772353, "log_income": 10.94641093534365, "city": "Charlotte" }, "geometry": { "type": "Polygon", "coordinates": [ [ [ -80.759472, 35.193082 ], [ -80.758248, 35.19363 ], [ -80.750119, 35.196872 ], [ -80.741654, 35.198267 ], [ -80.74381, 35.194979 ], [ -80.74332, 35.192502 ], [ -80.741793, 35.190565 ], [ -80.739246, 35.189761 ], [ -80.73826, 35.187484 ], [ -80.736545, 35.186707 ], [ -80.737549, 35.186026 ], [ -80.738772, 35.185714 ], [ -80.744773, 35.18629 ], [ -80.746947, 35.185826 ], [ -80.750286, 35.184062 ], [ -80.751861, 35.183623 ], [ -80.754084, 35.183471 ], [ -80.756477, 35.183762 ], [ -80.762606, 35.190594 ], [ -80.759472, 35.193082 ] ] ] } },
{ "type": "Feature", "properties": { "STATEFP": "37", "COUNTYFP": "119", "TRACTCE": "005815", "GEOIDFQ": "1400000US37119005815", "GEOID": "37119005815", "NAME": "58.15", "NAMELSAD": "Census Tract 58.15", "STUSPS": "NC", "NAMELSADCO": "Mecklenburg County", "STATE_NAME": "North Carolina", "LSAD": "CT", "ALAND": 5314033, "AWATER": 185321, "centroid_lon": -80.798004968218322, "centroid_lat": 35.086395715867397, "B03002_001E": 3310, "B03002_001M": 397, "B03002_012E": 109, "B03002_012M": 56, "B19013_001E": 91597, "B19013_001M": 20992, "B01003_001E": 3310, "state": "37", "county": "119", "tract": "005815", "latino_share": 0.032930513595166161, "camera_count": 0, "arterial_road_m": 12967.231724196628, "land_area_km2": 5.314033, "pop_density_per_km2": 622.87908261013808, "arterial_km_per_km2": 2.4401865257887234, "log_income": 11.42515379903419, "city": "Charlotte" }, "geometry": { "type": "Polygon", "coordinates": [ [ [ -80.82296, 35.084092 ], [ -80.815767, 35.086531 ], [ -80.81188, 35.087489 ], [ -80.806929, 35.08864 ], [ -80.803498, 35.091528 ], [ -80.793992, 35.093418 ], [ -80.788848, 35.095731 ], [ -80.784124, 35.098088 ], [ -80.781556, 35.099306 ], [ -80.778741, 35.100013 ], [ -80.774732, 35.08832 ], [ -80.779267, 35.087362 ], [ -80.780451, 35.088012 ], [ -80.783908, 35.087269 ], [ -80.785569, 35.085981 ], [ -80.7864, 35.085182 ], [ -80.786723, 35.082738 ], [ -80.790929, 35.07922 ], [ -80.7936, 35.07918 ], [ -80.798652, 35.07866 ], [ -80.802147, 35.077554 ], [ -80.804826, 35.078462 ], [ -80.808929, 35.078583 ], [ -80.812896, 35.076129 ], [ -80.815599, 35.075372 ], [ -80.816965, 35.076329 ], [ -80.818236, 35.077191 ], [ -80.82231, 35.076926 ], [ -80.821437, 35.078134 ], [ -80.821351, 35.079389 ], [ -80.82296, 35.084092 ] ] ] } },
{ "type": "Feature", "properties": { "STATEFP": "37", "COUNTYFP": "119", "TRACTCE": "001923", "GEOIDFQ": "1400000US37119001923", "GEOID": "37119001923", "NAME": "19.23", "NAMELSAD": "Census Tract 19.23", "STUSPS": "NC", "NAMELSADCO": "Mecklenburg County", "STATE_NAME": "North Carolina", "LSAD": "CT", "ALAND": 2201338, "AWATER": 53516, "centroid_lon": -80.717360561450604, "centroid_lat": 35.211582214835424, "B03002_001E": 3613, "B03002_001M": 790, "B03002_012E": 783, "B03002_012M": 242, "B19013_001E": 57643, "B19013_001M": 7677, "B01003_001E": 3613, "state": "37", "county": "119", "tract": "001923", "latino_share": 0.21671740935510656, "camera_count": 0, "arterial_road_m": 4727.6588083186998, "land_area_km2": 2.201338, "pop_density_per_km2": 1641.2745339425387, "arterial_km_per_km2": 2.1476296726439559, "log_income": 10.962024095948502, "city": "Charlotte" }, "geometry": { "type": "Polygon", "coordinates": [ [ [ -80.726053, 35.211788 ], [ -80.722362, 35.217402 ], [ -80.723085, 35.219443 ], [ -80.721646, 35.219587 ], [ -80.717784, 35.218185 ], [ -80.716006, 35.217565 ], [ -80.714836, 35.217863 ], [ -80.7143, 35.219927 ], [ -80.710319, 35.218927 ], [ -80.710022, 35.218378 ], [ -80.709003, 35.21605 ], [ -80.70966, 35.214294 ], [ -80.708577, 35.212475 ], [ -80.709171, 35.21227 ], [ -80.705307, 35.209461 ], [ -80.704096, 35.209409 ], [ -80.713213, 35.206896 ], [ -80.723972, 35.203104 ], [ -80.725949, 35.202503 ], [ -80.726044, 35.208118 ], [ -80.726053, 35.211788 ] ] ] } },
{ "type": "Feature", "properties": { "STATEFP": "37", "COUNTYFP": "119", "TRACTCE": "005515", "GEOIDFQ": "1400000US37119005515", "GEOID": "37119005515", "NAME": "55.15", "NAMELSAD": "Census Tract 55.15", "STUSPS": "NC", "NAMELSADCO": "Mecklenburg County", "STATE_NAME": "North Carolina", "LSAD": "CT", "ALAND": 2144828, "AWATER": 32809, "centroid_lon": -80.762018229366291, "centroid_lat": 35.391785500365849, "B03002_001E": 2715, "B03002_001M": 448, "B03002_012E": 277, "B03002_012M": 178, "B19013_001E": 89408, "B19013_001M": 20404, "B01003_001E": 2715, "state": "37", "county": "119", "tract": "005515", "latino_share": 0.10202578268876611, "camera_count": 0, "arterial_road_m": 3238.3371158417367, "land_area_km2": 2.144828, "pop_density_per_km2": 1265.8357686490478, "arterial_km_per_km2": 1.509835341501387, "log_income": 11.400965442616634, "city": "Charlotte" }, "geometry": { "type": "Polygon", "coordinates": [ [ [ -80.775126, 35.392358 ], [ -80.774385, 35.392752 ], [ -80.77206, 35.394877 ], [ -80.769528, 35.397257 ], [ -80.764295, 35.400203 ], [ -80.759747, 35.397471 ], [ -80.755309, 35.394823 ], [ -80.754708, 35.393919 ], [ -80.754195, 35.39315 ], [ -80.751882, 35.389687 ], [ -80.751421, 35.388997 ], [ -80.751022, 35.38852 ], [ -80.748131, 35.385094 ], [ -80.749624, 35.384914 ], [ -80.752527, 35.382776 ], [ -80.754277, 35.383519 ], [ -80.756966, 35.387794 ], [ -80.758378, 35.388542 ], [ -80.761046, 35.388348 ], [ -80.765583, 35.386956 ], [ -80.76914, 35.387648 ], [ -80.775521, 35.392196 ], [ -80.775126, 35.392358 ] ] ] } },
{ "type": "Feature", "properties": { "STATEFP": "37", "COUNTYFP": "119", "TRACTCE": "005405", "GEOIDFQ": "1400000US37119005405", "GEOID": "37119005405", "NAME": "54.05", "NAMELSAD": "Census Tract 54.05", "STUSPS": "NC", "NAMELSADCO": "Mecklenburg County", "STATE_NAME": "North Carolina", "LSAD": "CT", "ALAND": 4124205, "AWATER": 49183, "centroid_lon": -80.843181690569736, "centroid_lat": 35.289903019326388, "B03002_001E": 3428, "B03002_001M": 589, "B03002_012E": 443, "B03002_012M": 211, "B19013_001E": 58333, "B19013_001M": 20710, "B01003_001E": 3428, "state": "37", "county": "119", "tract": "005405", "latino_share": 0.12922987164527422, "camera_count": 0, "arterial_road_m": 28354.001708529038, "land_area_km2": 4.124205, "pop_density_per_km2": 831.1904961077347, "arterial_km_per_km2": 6.8750223882006445, "log_income": 10.973923249935501, "city": "Charlotte" }, "geometry": { "type": "Polygon", "coordinates": [ [ [ -80.851298, 35.294863 ], [ -80.848476, 35.307324 ], [ -80.840873, 35.308697 ], [ -80.838867, 35.309974 ], [ -80.839908, 35.303294 ], [ -80.839918, 35.297442 ], [ -80.838253, 35.292982 ], [ -80.837084, 35.290232 ], [ -80.835769, 35.284875 ], [ -80.834615, 35.281952 ], [ -80.834253, 35.279887 ], [ -80.834874, 35.276583 ], [ -80.836662, 35.272719 ], [ -80.842807, 35.273077 ], [ -80.844709, 35.272941 ], [ -80.846742, 35.272566 ], [ -80.846654, 35.273292 ], [ -80.845506, 35.27655 ], [ -80.85015, 35.286984 ], [ -80.851198, 35.29015 ], [ -80.851459, 35.29302 ], [ -80.851298, 35.294863 ] ] ] } },
{ "type": "Feature", "properties": { "STATEFP": "37", "COUNTYFP": "119", "TRACTCE": "005528", "GEOIDFQ": "1400000US37119005528", "GEOID": "37119005528", "NAME": "55.28", "NAMELSAD": "Census Tract 55.28", "STUSPS": "NC", "NAMELSADCO": "Mecklenburg County", "STATE_NAME": "North Carolina", "LSAD": "CT", "ALAND": 2898694, "AWATER": 23293, "centroid_lon": -80.788456641178541, "centroid_lat": 35.331891768462185, "B03002_001E": 3971, "B03002_001M": 703, "B03002_012E": 108, "B03002_012M": 123, "B19013_001E": 79419, "B19013_001M": 35377, "B01003_001E": 3971, "state": "37", "county": "119", "tract": "005528", "latino_share": 0.027197179551750189, "camera_count": 2, "arterial_road_m": 6466.8946677955846, "land_area_km2": 2.898694, "pop_density_per_km2": 1369.9272844943275, "arterial_km_per_km2": 2.2309683836222747, "log_income": 11.282492913319143, "city": "Charlotte" }, "geometry": { "type": "Polygon", "coordinates": [ [ [ -80.801332, 35.328667 ], [ -80.799221, 35.331632 ], [ -80.799077, 35.332611 ], [ -80.797569, 35.332919 ], [ -80.795657, 35.334796 ], [ -80.794671, 35.337624 ], [ -80.793295, 35.33753 ], [ -80.791666, 35.338301 ], [ -80.787463, 35.338578 ], [ -80.786907, 35.343721 ], [ -80.785586, 35.345842 ], [ -80.784047, 35.343609 ], [ -80.782865, 35.340781 ], [ -80.780565, 35.33922 ], [ -80.782381, 35.338097 ], [ -80.781252, 35.336939 ], [ -80.778278, 35.336152 ], [ -80.780028, 35.335518 ], [ -80.777621, 35.33386 ], [ -80.779263, 35.332568 ], [ -80.77757, 35.330831 ], [ -80.7786, 35.32869 ], [ -80.776739, 35.327302 ], [ -80.775653, 35.326757 ], [ -80.777997, 35.325121 ], [ -80.779925, 35.325183 ], [ -80.77958, 35.326365 ], [ -80.782098, 35.3252 ], [ -80.783438, 35.325619 ], [ -80.78426, 35.324945 ], [ -80.785538, 35.326113 ], [ -80.790756, 35.324693 ], [ -80.7926, 35.325237 ], [ -80.795907, 35.324011 ], [ -80.797534, 35.322924 ], [ -80.798147, 35.325368 ], [ -80.802052, 35.325617 ], [ -80.801332, 35.328667 ] ] ] } },
{ "type": "Feature", "properties": { "STATEFP": "37", "COUNTYFP": "119", "TRACTCE": "006015", "GEOIDFQ": "1400000US37119006015", "GEOID": "37119006015", "NAME": "60.15", "NAMELSAD": "Census Tract 60.15", "STUSPS": "NC", "NAMELSADCO": "Mecklenburg County", "STATE_NAME": "North Carolina", "LSAD": "CT", "ALAND": 5602853, "AWATER": 23898, "centroid_lon": -80.939693915970594, "centroid_lat": 35.296022236507952, "B03002_001E": 4081, "B03002_001M": 716, "B03002_012E": 600, "B03002_012M": 452, "B19013_001E": 95513, "B19013_001M": 3488, "B01003_001E": 4081, "state": "37", "county": "119", "tract": "006015", "latino_share": 0.1470227885322225, "camera_count": 0, "arterial_road_m": 7762.424175666757, "land_area_km2": 5.602853, "pop_density_per_km2": 728.37891695534404, "arterial_km_per_km2": 1.3854413413428404, "log_income": 11.467017642859016, "city": "Charlotte" }, "geometry": { "type": "Polygon", "coordinates": [ [ [ -80.956317, 35.301243 ], [ -80.95443, 35.305461 ], [ -80.952857, 35.307949 ], [ -80.945624, 35.317083 ], [ -80.944154, 35.315841 ], [ -80.939285, 35.309448 ], [ -80.937351, 35.303646 ], [ -80.936624, 35.302722 ], [ -80.936887, 35.302252 ], [ -80.934588, 35.298548 ], [ -80.931235, 35.293874 ], [ -80.922952, 35.286419 ], [ -80.919716, 35.284224 ], [ -80.919564, 35.282306 ], [ -80.922607, 35.282132 ], [ -80.930343, 35.279475 ], [ -80.932355, 35.279102 ], [ -80.934949, 35.279403 ], [ -80.942594, 35.28636 ], [ -80.944549, 35.289596 ], [ -80.947803, 35.293323 ], [ -80.949451, 35.298505 ], [ -80.952629, 35.298397 ], [ -80.954487, 35.300026 ], [ -80.956202, 35.300839 ], [ -80.956317, 35.301243 ] ] ] } },
{ "type": "Feature", "properties": { "STATEFP": "37", "COUNTYFP": "119", "TRACTCE": "005526", "GEOIDFQ": "1400000US37119005526", "GEOID": "37119005526", "NAME": "55.26", "NAMELSAD": "Census Tract 55.26", "STUSPS": "NC", "NAMELSADCO": "Mecklenburg County", "STATE_NAME": "North Carolina", "LSAD": "CT", "ALAND": 4532964, "AWATER": 28302, "centroid_lon": -80.805442945557388, "centroid_lat": 35.359388419978991, "B03002_001E": 3242, "B03002_001M": 376, "B03002_012E": 477, "B03002_012M": 260, "B19013_001E": 112353, "B19013_001M": 30856, "B01003_001E": 3242, "state": "37", "county": "119", "tract": "005526", "latino_share": 0.14713140037014188, "camera_count": 2, "arterial_road_m": 9035.11559312588, "land_area_km2": 4.532964, "pop_density_per_km2": 715.20532702223102, "arterial_km_per_km2": 1.9932025917536254, "log_income": 11.629400979526668, "city": "Charlotte" }, "geometry": { "type": "Polygon", "coordinates": [ [ [ -80.819373, 35.36123 ], [ -80.819722, 35.363869 ], [ -80.8163, 35.365909 ], [ -80.815861, 35.366576 ], [ -80.81074, 35.366999 ], [ -80.806294, 35.36763 ], [ -80.806177, 35.367646 ], [ -80.794995, 35.369172 ], [ -80.789471, 35.369195 ], [ -80.786084, 35.369078 ], [ -80.786808, 35.368289 ], [ -80.787393, 35.366155 ], [ -80.787525, 35.365364 ], [ -80.789334, 35.364419 ], [ -80.791309, 35.363755 ], [ -80.797178, 35.361175 ], [ -80.799949, 35.36032 ], [ -80.797739, 35.356874 ], [ -80.794676, 35.355331 ], [ -80.794324, 35.354978 ], [ -80.794225, 35.354494 ], [ -80.794256, 35.354197 ], [ -80.794718, 35.352997 ], [ -80.79514, 35.352201 ], [ -80.795366, 35.351753 ], [ -80.795921, 35.350756 ], [ -80.797816, 35.350095 ], [ -80.799519, 35.349252 ], [ -80.80031, 35.34742 ], [ -80.802062, 35.3464 ], [ -80.802531, 35.346325 ], [ -80.806107, 35.348676 ], [ -80.809427, 35.350452 ], [ -80.812171, 35.352552 ], [ -80.816074, 35.352776 ], [ -80.822089, 35.353583 ], [ -80.819373, 35.36123 ] ] ] } },
{ "type": "Feature", "properties": { "STATEFP": "37", "COUNTYFP": "119", "TRACTCE": "000102", "GEOIDFQ": "1400000US37119000102", "GEOID": "37119000102", "NAME": "1.02", "NAMELSAD": "Census Tract 1.02", "STUSPS": "NC", "NAMELSADCO": "Mecklenburg County", "STATE_NAME": "North Carolina", "LSAD": "CT", "ALAND": 495869, "AWATER": 0, "centroid_lon": -80.848987929602472, "centroid_lat": 35.225618847260115, "B03002_001E": 2636, "B03002_001M": 541, "B03002_012E": 324, "B03002_012M": 297, "B19013_001E": 129693, "B19013_001M": 16100, "B01003_001E": 2636, "state": "37", "county": "119", "tract": "000102", "latino_share": 0.12291350531107739, "camera_count": 8, "arterial_road_m": 7731.1642917892541, "land_area_km2": 0.495869, "pop_density_per_km2": 5315.9201321316714, "arterial_km_per_km2": 15.591142603770862, "log_income": 11.772925398146445, "city": "Charlotte" }, "geometry": { "type": "Polygon", "coordinates": [ [ [ -80.855187, 35.222785 ], [ -80.853939, 35.22365 ], [ -80.851471, 35.224657 ], [ -80.848937, 35.227142 ], [ -80.850164, 35.228311 ], [ -80.848229, 35.229769 ], [ -80.849437, 35.230798 ], [ -80.848427, 35.231802 ], [ -80.845138, 35.228969 ], [ -80.843083, 35.2272 ], [ -80.846379, 35.22492 ], [ -80.849104, 35.223034 ], [ -80.850254, 35.221886 ], [ -80.852578, 35.2196 ], [ -80.854164, 35.221853 ], [ -80.855187, 35.222785 ] ] ] } },
{ "type": "Feature", "properties": { "STATEFP": "37", "COUNTYFP": "119", "TRACTCE": "001927", "GEOIDFQ": "1400000US37119001927", "GEOID": "37119001927", "NAME": "19.27", "NAMELSAD": "Census Tract 19.27", "STUSPS": "NC", "NAMELSADCO": "Mecklenburg County", "STATE_NAME": "North Carolina", "LSAD": "CT", "ALAND": 1018234, "AWATER": 16461, "centroid_lon": -80.743230681306713, "centroid_lat": 35.156545992175218, "B03002_001E": 2544, "B03002_001M": 759, "B03002_012E": 658, "B03002_012M": 317, "B19013_001E": 44878, "B19013_001M": 13221, "B01003_001E": 2544, "state": "37", "county": "119", "tract": "001927", "latino_share": 0.25864779874213839, "camera_count": 0, "arterial_road_m": 2093.5320470058546, "land_area_km2": 1.018234, "pop_density_per_km2": 2498.4433833480316, "arterial_km_per_km2": 2.0560421740050465, "log_income": 10.711702975923748, "city": "Charlotte" }, "geometry": { "type": "Polygon", "coordinates": [ [ [ -80.74968, 35.157478 ], [ -80.747804, 35.158341 ], [ -80.746476, 35.161217 ], [ -80.740856, 35.161913 ], [ -80.739407, 35.162614 ], [ -80.736366, 35.159765 ], [ -80.736711, 35.159329 ], [ -80.738703, 35.156212 ], [ -80.740275, 35.153454 ], [ -80.743247, 35.148923 ], [ -80.74581, 35.150475 ], [ -80.748191, 35.153845 ], [ -80.74968, 35.157478 ] ] ] } },
{ "type": "Feature", "properties": { "STATEFP": "37", "COUNTYFP": "119", "TRACTCE": "002005", "GEOIDFQ": "1400000US37119002005", "GEOID": "37119002005", "NAME": "20.05", "NAMELSAD": "Census Tract 20.05", "STUSPS": "NC", "NAMELSADCO": "Mecklenburg County", "STATE_NAME": "North Carolina", "LSAD": "CT", "ALAND": 1799066, "AWATER": 0, "centroid_lon": -80.797828576827527, "centroid_lat": 35.165396105298647, "B03002_001E": 2995, "B03002_001M": 725, "B03002_012E": 294, "B03002_012M": 321, "B19013_001E": 130304, "B19013_001M": 28262, "B01003_001E": 2995, "state": "37", "county": "119", "tract": "002005", "latino_share": 0.098163606010016696, "camera_count": 0, "arterial_road_m": 5340.7198394804382, "land_area_km2": 1.799066, "pop_density_per_km2": 1664.7527105731529, "arterial_km_per_km2": 2.9686069546533802, "log_income": 11.777625461030086, "city": "Charlotte" }, "geometry": { "type": "Polygon", "coordinates": [ [ [ -80.808235, 35.171247 ], [ -80.800245, 35.175403 ], [ -80.798232, 35.175937 ], [ -80.795943, 35.170017 ], [ -80.794175, 35.165562 ], [ -80.792862, 35.164437 ], [ -80.787663, 35.160851 ], [ -80.787088, 35.160339 ], [ -80.792881, 35.156671 ], [ -80.79497, 35.154443 ], [ -80.798933, 35.158684 ], [ -80.799658, 35.159872 ], [ -80.803807, 35.16691 ], [ -80.804687, 35.168319 ], [ -80.808235, 35.171247 ] ] ] } },
{ "type": "Feature", "properties": { "STATEFP": "37", "COUNTYFP": "119", "TRACTCE": "003810", "GEOIDFQ": "1400000US37119003810", "GEOID": "37119003810", "NAME": "38.10", "NAMELSAD": "Census Tract 38.10", "STUSPS": "NC", "NAMELSADCO": "Mecklenburg County", "STATE_NAME": "North Carolina", "LSAD": "CT", "ALAND": 4190564, "AWATER": 24754, "centroid_lon": -80.903649395773243, "centroid_lat": 35.153162985583471, "B03002_001E": 4948, "B03002_001M": 1277, "B03002_012E": 2441, "B03002_012M": 1165, "B19013_001E": 67950, "B19013_001M": 13155, "B01003_001E": 4948, "state": "37", "county": "119", "tract": "003810", "latino_share": 0.49333063864187549, "camera_count": 0, "arterial_road_m": 10109.346683701995, "land_area_km2": 4.190564, "pop_density_per_km2": 1180.7479852354002, "arterial_km_per_km2": 2.4124071804420586, "log_income": 11.12652741957929, "city": "Charlotte" }, "geometry": { "type": "Polygon", "coordinates": [ [ [ -80.914148, 35.152736 ], [ -80.912127, 35.155067 ], [ -80.912239, 35.160881 ], [ -80.912608, 35.16234 ], [ -80.912843, 35.164338 ], [ -80.911556, 35.165112 ], [ -80.910584, 35.163642 ], [ -80.904272, 35.163878 ], [ -80.903423, 35.164162 ], [ -80.902642, 35.163329 ], [ -80.901474, 35.162801 ], [ -80.900433, 35.162692 ], [ -80.895267, 35.16374 ], [ -80.893518, 35.163837 ], [ -80.889849, 35.163046 ], [ -80.894422, 35.150265 ], [ -80.896592, 35.147846 ], [ -80.907404, 35.137776 ], [ -80.910976, 35.139375 ], [ -80.912815, 35.14212 ], [ -80.913069, 35.145569 ], [ -80.912054, 35.147198 ], [ -80.912452, 35.14919 ], [ -80.913713, 35.149588 ], [ -80.91405, 35.151601 ], [ -80.914148, 35.152736 ] ] ] } },
{ "type": "Feature", "properties": { "STATEFP": "37", "COUNTYFP": "119", "TRACTCE": "006113", "GEOIDFQ": "1400000US37119006113", "GEOID": "37119006113", "NAME": "61.13", "NAMELSAD": "Census Tract 61.13", "STUSPS": "NC", "NAMELSADCO": "Mecklenburg County", "STATE_NAME": "North Carolina", "LSAD": "CT", "ALAND": 2825849, "AWATER": 187, "centroid_lon": -80.863219115653749, "centroid_lat": 35.356928818356174, "B03002_001E": 3155, "B03002_001M": 715, "B03002_012E": 209, "B03002_012M": 201, "B19013_001E": 81573, "B19013_001M": 19265, "B01003_001E": 3155, "state": "37", "county": "119", "tract": "006113", "latino_share": 0.066244057052297939, "camera_count": 1, "arterial_road_m": 17117.483344330481, "land_area_km2": 2.825849, "pop_density_per_km2": 1116.4786228846624, "arterial_km_per_km2": 6.0574656835274929, "log_income": 11.309253603845614, "city": "Charlotte" }, "geometry": { "type": "Polygon", "coordinates": [ [ [ -80.885437, 35.346558 ], [ -80.882812, 35.347631 ], [ -80.878729, 35.350696 ], [ -80.875732, 35.353046 ], [ -80.871134, 35.356085 ], [ -80.869568, 35.357262 ], [ -80.863974, 35.361526 ], [ -80.858904, 35.365569 ], [ -80.856365, 35.366713 ], [ -80.855617, 35.366847 ], [ -80.848781, 35.366161 ], [ -80.844621, 35.367033 ], [ -80.843089, 35.367949 ], [ -80.841257, 35.368983 ], [ -80.840942, 35.369125 ], [ -80.838937, 35.365757 ], [ -80.838476, 35.364321 ], [ -80.850807, 35.362673 ], [ -80.853292, 35.361826 ], [ -80.853448, 35.361753 ], [ -80.853589, 35.361687 ], [ -80.854175, 35.361383 ], [ -80.855711, 35.360372 ], [ -80.856401, 35.359794 ], [ -80.857172, 35.359022 ], [ -80.864644, 35.351236 ], [ -80.869385, 35.347748 ], [ -80.876354, 35.345396 ], [ -80.876978, 35.345768 ], [ -80.883863, 35.34533 ], [ -80.885437, 35.346558 ] ] ] } },
{ "type": "Feature", "properties": { "STATEFP": "37", "COUNTYFP": "119", "TRACTCE": "003701", "GEOIDFQ": "1400000US37119003701", "GEOID": "37119003701", "NAME": "37.01", "NAMELSAD": "Census Tract 37.01", "STUSPS": "NC", "NAMELSADCO": "Mecklenburg County", "STATE_NAME": "North Carolina", "LSAD": "CT", "ALAND": 618860, "AWATER": 0, "centroid_lon": -80.867387301731341, "centroid_lat": 35.208266135299162, "B03002_001E": 1774, "B03002_001M": 311, "B03002_012E": 18, "B03002_012M": 21, "B19013_001E": 98333, "B19013_001M": 21559, "B01003_001E": 1774, "state": "37", "county": "119", "tract": "003701", "latino_share": 0.010146561443066516, "camera_count": 0, "arterial_road_m": 1525.0145719076304, "land_area_km2": 0.61886, "pop_density_per_km2": 2866.5610962091591, "arterial_km_per_km2": 2.4642319295278909, "log_income": 11.496114956817593, "city": "Charlotte" }, "geometry": { "type": "Polygon", "coordinates": [ [ [ -80.874174, 35.209703 ], [ -80.872628, 35.211216 ], [ -80.86655, 35.211155 ], [ -80.860383, 35.210354 ], [ -80.860993, 35.209742 ], [ -80.866335, 35.203115 ], [ -80.867091, 35.203719 ], [ -80.867985, 35.204364 ], [ -80.869459, 35.205589 ], [ -80.873661, 35.209073 ], [ -80.874174, 35.209703 ] ] ] } },
{ "type": "Feature", "properties": { "STATEFP": "37", "COUNTYFP": "119", "TRACTCE": "005853", "GEOIDFQ": "1400000US37119005853", "GEOID": "37119005853", "NAME": "58.53", "NAMELSAD": "Census Tract 58.53", "STUSPS": "NC", "NAMELSADCO": "Mecklenburg County", "STATE_NAME": "North Carolina", "LSAD": "CT", "ALAND": 1387689, "AWATER": 0, "centroid_lon": -80.843863789040554, "centroid_lat": 35.083116886095894, "B03002_001E": 2357, "B03002_001M": 1095, "B03002_012E": 947, "B03002_012M": 1095, "B19013_001E": 62238, "B19013_001M": 18466, "B01003_001E": 2357, "state": "37", "county": "119", "tract": "005853", "latino_share": 0.4017819261773441, "camera_count": 0, "arterial_road_m": 4477.1247012828326, "land_area_km2": 1.387689, "pop_density_per_km2": 1698.5073744909703, "arterial_km_per_km2": 3.2263170647622288, "log_income": 11.038721024659884, "city": "Charlotte" }, "geometry": { "type": "Polygon", "coordinates": [ [ [ -80.852923, 35.087661 ], [ -80.8452, 35.087753 ], [ -80.83616, 35.08665 ], [ -80.834085, 35.085355 ], [ -80.839189, 35.080216 ], [ -80.838958, 35.077404 ], [ -80.840644, 35.074468 ], [ -80.840688, 35.07443 ], [ -80.840679, 35.075012 ], [ -80.842017, 35.076797 ], [ -80.850155, 35.080908 ], [ -80.853081, 35.086006 ], [ -80.852923, 35.087661 ] ] ] } },
{ "type": "Feature", "properties": { "STATEFP": "37", "COUNTYFP": "119", "TRACTCE": "006112", "GEOIDFQ": "1400000US37119006112", "GEOID": "37119006112", "NAME": "61.12", "NAMELSAD": "Census Tract 61.12", "STUSPS": "NC", "NAMELSADCO": "Mecklenburg County", "STATE_NAME": "North Carolina", "LSAD": "CT", "ALAND": 3629294, "AWATER": 5872, "centroid_lon": -80.85325433211662, "centroid_lat": 35.353459640955251, "B03002_001E": 2524, "B03002_001M": 596, "B03002_012E": 319, "B03002_012M": 162, "B19013_001E": 58688, "B19013_001M": 14861, "B01003_001E": 2524, "state": "37", "county": "119", "tract": "006112", "latino_share": 0.12638668779714737, "camera_count": 11, "arterial_road_m": 28339.38083854373, "land_area_km2": 3.629294, "pop_density_per_km2": 695.45206312853134, "arterial_km_per_km2": 7.8085106465730609, "log_income": 10.979990555616137, "city": "Charlotte" }, "geometry": { "type": "Polygon", "coordinates": [ [ [ -80.876354, 35.345396 ], [ -80.869385, 35.347748 ], [ -80.864644, 35.351236 ], [ -80.857172, 35.359022 ], [ -80.856401, 35.359794 ], [ -80.855711, 35.360372 ], [ -80.854175, 35.361383 ], [ -80.853589, 35.361687 ], [ -80.853448, 35.361753 ], [ -80.853292, 35.361826 ], [ -80.850807, 35.362673 ], [ -80.838476, 35.364321 ], [ -80.838377, 35.36269 ], [ -80.840171, 35.358824 ], [ -80.840669, 35.353943 ], [ -80.841475, 35.346558 ], [ -80.842966, 35.347174 ], [ -80.847884, 35.348395 ], [ -80.850835, 35.348807 ], [ -80.857106, 35.346987 ], [ -80.860313, 35.347105 ], [ -80.862408, 35.34854 ], [ -80.86357, 35.345228 ], [ -80.864658, 35.344721 ], [ -80.867061, 35.344326 ], [ -80.871015, 35.341948 ], [ -80.874211, 35.342977 ], [ -80.876354, 35.345396 ] ] ] } },
{ "type": "Feature", "properties": { "STATEFP": "37", "COUNTYFP": "119", "TRACTCE": "002500", "GEOIDFQ": "1400000US37119002500", "GEOID": "37119002500", "NAME": "25", "NAMELSAD": "Census Tract 25", "STUSPS": "NC", "NAMELSADCO": "Mecklenburg County", "STATE_NAME": "North Carolina", "LSAD": "CT", "ALAND": 1532628, "AWATER": 0, "centroid_lon": -80.823624130212636, "centroid_lat": 35.217294934187656, "B03002_001E": 2409, "B03002_001M": 271, "B03002_012E": 143, "B03002_012M": 93, "B19013_001E": 105114, "B19013_001M": 24645, "B01003_001E": 2409, "state": "37", "county": "119", "tract": "002500", "latino_share": 0.059360730593607303, "camera_count": 0, "arterial_road_m": 15412.190525864327, "land_area_km2": 1.532628, "pop_density_per_km2": 1571.8099891167328, "arterial_km_per_km2": 10.056054388843428, "log_income": 11.562800754463877, "city": "Charlotte" }, "geometry": { "type": "Polygon", "coordinates": [ [ [ -80.832132, 35.218174 ], [ -80.832227, 35.218251 ], [ -80.831232, 35.218954 ], [ -80.830012, 35.221281 ], [ -80.828739, 35.22269 ], [ -80.828485, 35.224796 ], [ -80.825844, 35.223121 ], [ -80.818551, 35.221321 ], [ -80.818494, 35.22131 ], [ -80.816644, 35.220928 ], [ -80.815557, 35.217862 ], [ -80.815093, 35.215543 ], [ -80.817883, 35.212226 ], [ -80.818733, 35.212257 ], [ -80.82131, 35.211435 ], [ -80.823931, 35.211182 ], [ -80.824608, 35.210786 ], [ -80.82649, 35.212167 ], [ -80.832507, 35.216408 ], [ -80.832132, 35.218174 ] ] ] } },
{ "type": "Feature", "properties": { "STATEFP": "37", "COUNTYFP": "119", "TRACTCE": "003015", "GEOIDFQ": "1400000US37119003015", "GEOID": "37119003015", "NAME": "30.15", "NAMELSAD": "Census Tract 30.15", "STUSPS": "NC", "NAMELSADCO": "Mecklenburg County", "STATE_NAME": "North Carolina", "LSAD": "CT", "ALAND": 4664861, "AWATER": 23864, "centroid_lon": -80.763476040773185, "centroid_lat": 35.124445512236925, "B03002_001E": 5557, "B03002_001M": 908, "B03002_012E": 392, "B03002_012M": 205, "B19013_001E": 140054, "B19013_001M": 12052, "B01003_001E": 5557, "state": "37", "county": "119", "tract": "003015", "latino_share": 0.070541659168616155, "camera_count": 1, "arterial_road_m": 5911.3796892468163, "land_area_km2": 4.664861, "pop_density_per_km2": 1191.2466416469858, "arterial_km_per_km2": 1.2672145406362196, "log_income": 11.849783341508523, "city": "Charlotte" }, "geometry": { "type": "Polygon", "coordinates": [ [ [ -80.78123, 35.128417 ], [ -80.778113, 35.130571 ], [ -80.775932, 35.131109 ], [ -80.774564, 35.131464 ], [ -80.76805, 35.137351 ], [ -80.761839, 35.13281 ], [ -80.755234, 35.128016 ], [ -80.75404, 35.127277 ], [ -80.750632, 35.126703 ], [ -80.749389, 35.126035 ], [ -80.74875, 35.125586 ], [ -80.747308, 35.123139 ], [ -80.747059, 35.122665 ], [ -80.740199, 35.117784 ], [ -80.743839, 35.115519 ], [ -80.745957, 35.114823 ], [ -80.749241, 35.114684 ], [ -80.752614, 35.11456 ], [ -80.754018, 35.114208 ], [ -80.755166, 35.116145 ], [ -80.755944, 35.118134 ], [ -80.757188, 35.11945 ], [ -80.762912, 35.121537 ], [ -80.765048, 35.12137 ], [ -80.769252, 35.120068 ], [ -80.771409, 35.117992 ], [ -80.773066, 35.117291 ], [ -80.776754, 35.116973 ], [ -80.779444, 35.117352 ], [ -80.78082, 35.12429 ], [ -80.78123, 35.128417 ] ] ] } },
{ "type": "Feature", "properties": { "STATEFP": "37", "COUNTYFP": "119", "TRACTCE": "004303", "GEOIDFQ": "1400000US37119004303", "GEOID": "37119004303", "NAME": "43.03", "NAMELSAD": "Census Tract 43.03", "STUSPS": "NC", "NAMELSADCO": "Mecklenburg County", "STATE_NAME": "North Carolina", "LSAD": "CT", "ALAND": 4230074, "AWATER": 41581, "centroid_lon": -80.932347331730938, "centroid_lat": 35.255256998545235, "B03002_001E": 3238, "B03002_001M": 580, "B03002_012E": 1070, "B03002_012M": 682, "B19013_001E": 77418, "B19013_001M": 12414, "B01003_001E": 3238, "state": "37", "county": "119", "tract": "004303", "latino_share": 0.33045089561457691, "camera_count": 0, "arterial_road_m": 16539.928312914504, "land_area_km2": 4.230074, "pop_density_per_km2": 765.47124234706052, "arterial_km_per_km2": 3.9100801340389091, "log_income": 11.256974590679901, "city": "Charlotte" }, "geometry": { "type": "Polygon", "coordinates": [ [ [ -80.941581, 35.252105 ], [ -80.939926, 35.257991 ], [ -80.939834, 35.259863 ], [ -80.940618, 35.266129 ], [ -80.940587, 35.266833 ], [ -80.940277, 35.26836 ], [ -80.936662, 35.275092 ], [ -80.9309, 35.267433 ], [ -80.928662, 35.266221 ], [ -80.924581, 35.265008 ], [ -80.92124, 35.263445 ], [ -80.924232, 35.260819 ], [ -80.926081, 35.259621 ], [ -80.926485, 35.259197 ], [ -80.927183, 35.255597 ], [ -80.927673, 35.253361 ], [ -80.927051, 35.249737 ], [ -80.927088, 35.244589 ], [ -80.919849, 35.244656 ], [ -80.919491, 35.240918 ], [ -80.919792, 35.238365 ], [ -80.932118, 35.241568 ], [ -80.938887, 35.241166 ], [ -80.936927, 35.245608 ], [ -80.937301, 35.246997 ], [ -80.941355, 35.250816 ], [ -80.941581, 35.252105 ] ] ] } },
{ "type": "Feature", "properties": { "STATEFP": "37", "COUNTYFP": "119", "TRACTCE": "005826", "GEOIDFQ": "1400000US37119005826", "GEOID": "37119005826", "NAME": "58.26", "NAMELSAD": "Census Tract 58.26", "STUSPS": "NC", "NAMELSADCO": "Mecklenburg County", "STATE_NAME": "North Carolina", "LSAD": "CT", "ALAND": 4467229, "AWATER": 85465, "centroid_lon": -80.87226339669327, "centroid_lat": 35.077898834445314, "B03002_001E": 3202, "B03002_001M": 445, "B03002_012E": 1212, "B03002_012M": 379, "B19013_001E": 80360, "B19013_001M": 8245, "B01003_001E": 3202, "state": "37", "county": "119", "tract": "005826", "latino_share": 0.37851342910680824, "camera_count": 2, "arterial_road_m": 18111.592812377949, "land_area_km2": 4.467229, "pop_density_per_km2": 716.77543282424074, "arterial_km_per_km2": 4.0543237905148697, "log_income": 11.294271818928872, "city": "Charlotte" }, "geometry": { "type": "Polygon", "coordinates": [ [ [ -80.886759, 35.085208 ], [ -80.88315, 35.084968 ], [ -80.880737, 35.08549 ], [ -80.872757, 35.089123 ], [ -80.870608, 35.089328 ], [ -80.863051, 35.08759 ], [ -80.857537, 35.087597 ], [ -80.85808, 35.084249 ], [ -80.86008, 35.082278 ], [ -80.860285, 35.080715 ], [ -80.862958, 35.075633 ], [ -80.86488, 35.074149 ], [ -80.867353, 35.070041 ], [ -80.867551, 35.068566 ], [ -80.869436, 35.066347 ], [ -80.872217, 35.065623 ], [ -80.869653, 35.062522 ], [ -80.870536, 35.060577 ], [ -80.874528, 35.060476 ], [ -80.875929, 35.062307 ], [ -80.876949, 35.062879 ], [ -80.877862, 35.069211 ], [ -80.878975, 35.072172 ], [ -80.87932, 35.072846 ], [ -80.88021, 35.073818 ], [ -80.884723, 35.078122 ], [ -80.885245, 35.079466 ], [ -80.886759, 35.085208 ] ] ] } },
{ "type": "Feature", "properties": { "STATEFP": "37", "COUNTYFP": "119", "TRACTCE": "003600", "GEOIDFQ": "1400000US37119003600", "GEOID": "37119003600", "NAME": "36", "NAMELSAD": "Census Tract 36", "STUSPS": "NC", "NAMELSADCO": "Mecklenburg County", "STATE_NAME": "North Carolina", "LSAD": "CT", "ALAND": 2909641, "AWATER": 0, "centroid_lon": -80.872270591333404, "centroid_lat": 35.21623043949775, "B03002_001E": 4178, "B03002_001M": 553, "B03002_012E": 948, "B03002_012M": 455, "B19013_001E": 87571, "B19013_001M": 14422, "B01003_001E": 4178, "state": "37", "county": "119", "tract": "003600", "latino_share": 0.22690282431785544, "camera_count": 0, "arterial_road_m": 13879.603953060305, "land_area_km2": 2.909641, "pop_density_per_km2": 1435.9159772631742, "arterial_km_per_km2": 4.7702118416190533, "log_income": 11.380205171886949, "city": "Charlotte" }, "geometry": { "type": "Polygon", "coordinates": [ [ [ -80.88711, 35.215026 ], [ -80.883727, 35.216166 ], [ -80.883233, 35.222242 ], [ -80.879556, 35.222242 ], [ -80.867908, 35.222142 ], [ -80.866983, 35.22303 ], [ -80.863927, 35.223151 ], [ -80.862014, 35.220914 ], [ -80.859294, 35.218454 ], [ -80.860692, 35.216434 ], [ -80.858307, 35.215328 ], [ -80.856785, 35.214548 ], [ -80.85774, 35.213586 ], [ -80.858664, 35.212477 ], [ -80.860383, 35.210354 ], [ -80.86655, 35.211155 ], [ -80.872628, 35.211216 ], [ -80.874174, 35.209703 ], [ -80.87474, 35.210712 ], [ -80.875507, 35.212408 ], [ -80.876517, 35.213363 ], [ -80.879935, 35.210721 ], [ -80.882985, 35.207836 ], [ -80.883359, 35.20923 ], [ -80.885158, 35.209564 ], [ -80.885315, 35.211539 ], [ -80.88711, 35.215026 ] ] ] } },
{ "type": "Feature", "properties": { "STATEFP": "37", "COUNTYFP": "119", "TRACTCE": "001701", "GEOIDFQ": "1400000US37119001701", "GEOID": "37119001701", "NAME": "17.01", "NAMELSAD": "Census Tract 17.01", "STUSPS": "NC", "NAMELSADCO": "Mecklenburg County", "STATE_NAME": "North Carolina", "LSAD": "CT", "ALAND": 1511611, "AWATER": 0, "centroid_lon": -80.789440926208542, "centroid_lat": 35.211923232681059, "B03002_001E": 4443, "B03002_001M": 678, "B03002_012E": 1317, "B03002_012M": 727, "B19013_001E": 58237, "B19013_001M": 9822, "B01003_001E": 4443, "state": "37", "county": "119", "tract": "001701", "latino_share": 0.29642133693450373, "camera_count": 0, "arterial_road_m": 3852.5794477691416, "land_area_km2": 1.511611, "pop_density_per_km2": 2939.248258976681, "arterial_km_per_km2": 2.5486579865912207, "log_income": 10.972276170554821, "city": "Charlotte" }, "geometry": { "type": "Polygon", "coordinates": [ [ [ -80.797919, 35.214344 ], [ -80.795515, 35.218374 ], [ -80.794421, 35.217968 ], [ -80.792101, 35.21716 ], [ -80.788803, 35.216573 ], [ -80.786116, 35.216067 ], [ -80.780725, 35.215613 ], [ -80.780878, 35.214192 ], [ -80.783475, 35.207822 ], [ -80.785394, 35.203868 ], [ -80.787258, 35.203302 ], [ -80.789795, 35.207468 ], [ -80.797892, 35.211362 ], [ -80.800292, 35.212602 ], [ -80.797919, 35.214344 ] ] ] } },
{ "type": "Feature", "properties": { "STATEFP": "37", "COUNTYFP": "119", "TRACTCE": "005100", "GEOIDFQ": "1400000US37119005100", "GEOID": "37119005100", "NAME": "51", "NAMELSAD": "Census Tract 51", "STUSPS": "NC", "NAMELSADCO": "Mecklenburg County", "STATE_NAME": "North Carolina", "LSAD": "CT", "ALAND": 5505917, "AWATER": 1366, "centroid_lon": -80.829086153169214, "centroid_lat": 35.264297415569416, "B03002_001E": 2704, "B03002_001M": 513, "B03002_012E": 83, "B03002_012M": 87, "B19013_001E": 30536, "B19013_001M": 8741, "B01003_001E": 2704, "state": "37", "county": "119", "tract": "005100", "latino_share": 0.03069526627218935, "camera_count": 3, "arterial_road_m": 19499.265899959748, "land_area_km2": 5.505917, "pop_density_per_km2": 491.10802069845948, "arterial_km_per_km2": 3.5415110507404575, "log_income": 10.326661594425065, "city": "Charlotte" }, "geometry": { "type": "Polygon", "coordinates": [ [ [ -80.846742, 35.272566 ], [ -80.844709, 35.272941 ], [ -80.842807, 35.273077 ], [ -80.836662, 35.272719 ], [ -80.83227, 35.272972 ], [ -80.814597, 35.276751 ], [ -80.812557, 35.276964 ], [ -80.809067, 35.276659 ], [ -80.809594, 35.276078 ], [ -80.811492, 35.273641 ], [ -80.814657, 35.26919 ], [ -80.819893, 35.260941 ], [ -80.824598, 35.255189 ], [ -80.828893, 35.249842 ], [ -80.829493, 35.248842 ], [ -80.835993, 35.242442 ], [ -80.836742, 35.241907 ], [ -80.836725, 35.242612 ], [ -80.836348, 35.245464 ], [ -80.835825, 35.248673 ], [ -80.835848, 35.249532 ], [ -80.836074, 35.256563 ], [ -80.836238, 35.257462 ], [ -80.836949, 35.261261 ], [ -80.840653, 35.261028 ], [ -80.841833, 35.263542 ], [ -80.846528, 35.270573 ], [ -80.846742, 35.272566 ] ] ] } },
{ "type": "Feature", "properties": { "STATEFP": "37", "COUNTYFP": "119", "TRACTCE": "002702", "GEOIDFQ": "1400000US37119002702", "GEOID": "37119002702", "NAME": "27.02", "NAMELSAD": "Census Tract 27.02", "STUSPS": "NC", "NAMELSADCO": "Mecklenburg County", "STATE_NAME": "North Carolina", "LSAD": "CT", "ALAND": 3415640, "AWATER": 0, "centroid_lon": -80.837998110704149, "centroid_lat": 35.182225797363706, "B03002_001E": 5875, "B03002_001M": 464, "B03002_012E": 201, "B03002_012M": 113, "B19013_001E": 250001, "B19013_001M": -333333333, "B01003_001E": 5875, "state": "37", "county": "119", "tract": "002702", "latino_share": 0.034212765957446808, "camera_count": 0, "arterial_road_m": 9697.6826862324433, "land_area_km2": 3.41564, "pop_density_per_km2": 1720.0290428733708, "arterial_km_per_km2": 2.8391992968323487, "log_income": 12.429220196836383, "city": "Charlotte" }, "geometry": { "type": "Polygon", "coordinates": [ [ [ -80.846631, 35.176116 ], [ -80.846053, 35.180728 ], [ -80.844847, 35.186511 ], [ -80.844389, 35.188536 ], [ -80.843645, 35.189617 ], [ -80.843071, 35.191297 ], [ -80.840368, 35.194672 ], [ -80.838393, 35.196276 ], [ -80.837186, 35.195062 ], [ -80.836531, 35.194831 ], [ -80.833648, 35.192705 ], [ -80.830412, 35.191262 ], [ -80.829637, 35.190575 ], [ -80.830352, 35.189215 ], [ -80.830001, 35.187488 ], [ -80.828065, 35.18559 ], [ -80.82824, 35.182195 ], [ -80.82925, 35.180205 ], [ -80.829193, 35.1799 ], [ -80.832718, 35.177924 ], [ -80.831088, 35.175435 ], [ -80.833082, 35.173931 ], [ -80.833949, 35.17275 ], [ -80.838327, 35.172177 ], [ -80.837485, 35.16994 ], [ -80.837956, 35.168172 ], [ -80.841742, 35.16882 ], [ -80.841182, 35.170966 ], [ -80.842315, 35.171132 ], [ -80.845372, 35.171114 ], [ -80.846578, 35.1723 ], [ -80.846524, 35.17275 ], [ -80.846631, 35.176116 ] ] ] } },
{ "type": "Feature", "properties": { "STATEFP": "37", "COUNTYFP": "119", "TRACTCE": "003016", "GEOIDFQ": "1400000US37119003016", "GEOID": "37119003016", "NAME": "30.16", "NAMELSAD": "Census Tract 30.16", "STUSPS": "NC", "NAMELSADCO": "Mecklenburg County", "STATE_NAME": "North Carolina", "LSAD": "CT", "ALAND": 3007765, "AWATER": 29722, "centroid_lon": -80.768675274577092, "centroid_lat": 35.112385081331901, "B03002_001E": 4269, "B03002_001M": 438, "B03002_012E": 279, "B03002_012M": 180, "B19013_001E": 105318, "B19013_001M": 14375, "B01003_001E": 4269, "state": "37", "county": "119", "tract": "003016", "latino_share": 0.06535488404778636, "camera_count": 0, "arterial_road_m": 5264.4590322934737, "land_area_km2": 3.007765, "pop_density_per_km2": 1419.326310399915, "arterial_km_per_km2": 1.7502893451760606, "log_income": 11.564739623684401, "city": "Charlotte" }, "geometry": { "type": "Polygon", "coordinates": [ [ [ -80.779444, 35.117352 ], [ -80.776754, 35.116973 ], [ -80.773066, 35.117291 ], [ -80.771409, 35.117992 ], [ -80.769252, 35.120068 ], [ -80.765048, 35.12137 ], [ -80.762912, 35.121537 ], [ -80.757188, 35.11945 ], [ -80.755944, 35.118134 ], [ -80.755166, 35.116145 ], [ -80.754018, 35.114208 ], [ -80.756542, 35.113267 ], [ -80.758246, 35.112436 ], [ -80.759149, 35.111916 ], [ -80.761227, 35.110455 ], [ -80.766692, 35.106444 ], [ -80.768463, 35.105159 ], [ -80.773594, 35.102761 ], [ -80.777879, 35.100237 ], [ -80.778741, 35.100013 ], [ -80.779123, 35.103981 ], [ -80.778625, 35.108379 ], [ -80.778292, 35.110789 ], [ -80.77861, 35.113254 ], [ -80.779444, 35.117352 ] ] ] } },
{ "type": "Feature", "properties": { "STATEFP": "37", "COUNTYFP": "119", "TRACTCE": "003102", "GEOIDFQ": "1400000US37119003102", "GEOID": "37119003102", "NAME": "31.02", "NAMELSAD": "Census Tract 31.02", "STUSPS": "NC", "NAMELSADCO": "Mecklenburg County", "STATE_NAME": "North Carolina", "LSAD": "CT", "ALAND": 3830878, "AWATER": 47994, "centroid_lon": -80.860900394269194, "centroid_lat": 35.15420687466743, "B03002_001E": 4080, "B03002_001M": 711, "B03002_012E": 773, "B03002_012M": 395, "B19013_001E": 85365, "B19013_001M": 14887, "B01003_001E": 4080, "state": "37", "county": "119", "tract": "003102", "latino_share": 0.18946078431372548, "camera_count": 1, "arterial_road_m": 11170.577673062186, "land_area_km2": 3.830878, "pop_density_per_km2": 1065.0300009553946, "arterial_km_per_km2": 2.9159314582876785, "log_income": 11.354691459705334, "city": "Charlotte" }, "geometry": { "type": "Polygon", "coordinates": [ [ [ -80.876894, 35.157843 ], [ -80.877194, 35.162943 ], [ -80.876139, 35.164923 ], [ -80.870451, 35.163121 ], [ -80.868073, 35.162826 ], [ -80.867038, 35.162573 ], [ -80.863083, 35.160827 ], [ -80.861303, 35.160236 ], [ -80.853103, 35.156915 ], [ -80.852131, 35.156233 ], [ -80.850487, 35.159738 ], [ -80.848782, 35.16004 ], [ -80.8487, 35.159327 ], [ -80.848585, 35.158323 ], [ -80.848407, 35.154496 ], [ -80.84628, 35.152422 ], [ -80.843246, 35.151893 ], [ -80.841669, 35.151593 ], [ -80.845498, 35.144112 ], [ -80.851782, 35.145579 ], [ -80.856346, 35.148286 ], [ -80.857795, 35.148011 ], [ -80.861467, 35.147362 ], [ -80.86598, 35.148122 ], [ -80.868088, 35.149735 ], [ -80.87175, 35.152932 ], [ -80.87468, 35.152698 ], [ -80.876318, 35.1527 ], [ -80.877296, 35.152834 ], [ -80.876894, 35.157843 ] ] ] } },
{ "type": "Feature", "properties": { "STATEFP": "37", "COUNTYFP": "119", "TRACTCE": "980200", "GEOIDFQ": "1400000US37119980200", "GEOID": "37119980200", "NAME": "9802", "NAMELSAD": "Census Tract 9802", "STUSPS": "NC", "NAMELSADCO": "Mecklenburg County", "STATE_NAME": "North Carolina", "LSAD": "CT", "ALAND": 11066948, "AWATER": 123429, "centroid_lon": -80.931970952185608, "centroid_lat": 35.114059321938008, "B03002_001E": 0, "B03002_001M": 14, "B03002_012E": 0, "B03002_012M": 14, "B19013_001E": -666666666, "B19013_001M": -222222222, "B01003_001E": 0, "state": "37", "county": "119", "tract": "980200", "latino_share": null, "camera_count": 1, "arterial_road_m": 32974.722100456573, "land_area_km2": 11.066948, "pop_density_per_km2": 0.0, "arterial_km_per_km2": 2.979567817654567, "log_income": null, "city": "Charlotte" }, "geometry": { "type": "Polygon", "coordinates": [ [ [ -80.957382, 35.09399 ], [ -80.956719, 35.096239 ], [ -80.955429, 35.098714 ], [ -80.95356, 35.105501 ], [ -80.952296, 35.106069 ], [ -80.951472, 35.108101 ], [ -80.952208, 35.109521 ], [ -80.951954, 35.111785 ], [ -80.953294, 35.1195 ], [ -80.946302, 35.122938 ], [ -80.945192, 35.123746 ], [ -80.943659, 35.125511 ], [ -80.941828, 35.12964 ], [ -80.938757, 35.129086 ], [ -80.937746, 35.129406 ], [ -80.924899, 35.133975 ], [ -80.921462, 35.128471 ], [ -80.917517, 35.125263 ], [ -80.907652, 35.120768 ], [ -80.904713, 35.118423 ], [ -80.913173, 35.113619 ], [ -80.916026, 35.110244 ], [ -80.91588, 35.109007 ], [ -80.915382, 35.106509 ], [ -80.9154, 35.105661 ], [ -80.920123328603793, 35.091408078367103 ], [ -80.931064327286407, 35.103215587809302 ], [ -80.93495, 35.107409 ], [ -80.947099925080593, 35.099579401682298 ], [ -80.957631073233401, 35.092792968077802 ], [ -80.957382, 35.09399 ] ] ] } },
{ "type": "Feature", "properties": { "STATEFP": "37", "COUNTYFP": "119", "TRACTCE": "004700", "GEOIDFQ": "1400000US37119004700", "GEOID": "37119004700", "NAME": "47", "NAMELSAD": "Census Tract 47", "STUSPS": "NC", "NAMELSADCO": "Mecklenburg County", "STATE_NAME": "North Carolina", "LSAD": "CT", "ALAND": 1126133, "AWATER": 0, "centroid_lon": -80.857893063460153, "centroid_lat": 35.244663979049996, "B03002_001E": 1643, "B03002_001M": 260, "B03002_012E": 41, "B03002_012M": 39, "B19013_001E": 71190, "B19013_001M": 30114, "B01003_001E": 1643, "state": "37", "county": "119", "tract": "004700", "latino_share": 0.024954351795496044, "camera_count": 0, "arterial_road_m": 6588.3253838847213, "land_area_km2": 1.126133, "pop_density_per_km2": 1458.9750944160237, "arterial_km_per_km2": 5.8503972300649405, "log_income": 11.173107638097919, "city": "Charlotte" }, "geometry": { "type": "Polygon", "coordinates": [ [ [ -80.865796, 35.250876 ], [ -80.865253, 35.252729 ], [ -80.858233, 35.250406 ], [ -80.856505, 35.249349 ], [ -80.854534, 35.246728 ], [ -80.853893, 35.245941 ], [ -80.852215, 35.243275 ], [ -80.851093, 35.241642 ], [ -80.850497, 35.241046 ], [ -80.854419, 35.237481 ], [ -80.855789, 35.235923 ], [ -80.858073, 35.236536 ], [ -80.858708, 35.23709 ], [ -80.858468, 35.240553 ], [ -80.858713, 35.241733 ], [ -80.85989, 35.243569 ], [ -80.866251, 35.250476 ], [ -80.865796, 35.250876 ] ] ] } },
{ "type": "Feature", "properties": { "STATEFP": "37", "COUNTYFP": "119", "TRACTCE": "005913", "GEOIDFQ": "1400000US37119005913", "GEOID": "37119005913", "NAME": "59.13", "NAMELSAD": "Census Tract 59.13", "STUSPS": "NC", "NAMELSADCO": "Mecklenburg County", "STATE_NAME": "North Carolina", "LSAD": "CT", "ALAND": 7313098, "AWATER": 24567, "centroid_lon": -80.955701170661868, "centroid_lat": 35.141933087502991, "B03002_001E": 7125, "B03002_001M": 1127, "B03002_012E": 2391, "B03002_012M": 950, "B19013_001E": 76406, "B19013_001M": 18237, "B01003_001E": 7125, "state": "37", "county": "119", "tract": "005913", "latino_share": 0.33557894736842103, "camera_count": 0, "arterial_road_m": 11561.187257442805, "land_area_km2": 7.313098, "pop_density_per_km2": 974.27929996288844, "arterial_km_per_km2": 1.5808877793573675, "log_income": 11.243816506102389, "city": "Charlotte" }, "geometry": { "type": "Polygon", "coordinates": [ [ [ -80.977556, 35.137425 ], [ -80.9749, 35.141653 ], [ -80.972425, 35.145933 ], [ -80.971635, 35.148996 ], [ -80.970816, 35.151258 ], [ -80.97002, 35.153573 ], [ -80.970058, 35.154323 ], [ -80.959964, 35.152327 ], [ -80.957967, 35.152013 ], [ -80.953347, 35.152654 ], [ -80.950825, 35.153161 ], [ -80.947681, 35.154257 ], [ -80.944396, 35.149905 ], [ -80.941935, 35.147967 ], [ -80.931831, 35.141493 ], [ -80.93633, 35.137988 ], [ -80.937575, 35.136892 ], [ -80.939382, 35.134606 ], [ -80.940704, 35.132244 ], [ -80.941828, 35.12964 ], [ -80.952079, 35.132212 ], [ -80.956831, 35.132507 ], [ -80.967988, 35.132875 ], [ -80.97115, 35.133749 ], [ -80.977827, 35.136417 ], [ -80.977556, 35.137425 ] ] ] } },
{ "type": "Feature", "properties": { "STATEFP": "37", "COUNTYFP": "119", "TRACTCE": "001100", "GEOIDFQ": "1400000US37119001100", "GEOID": "37119001100", "NAME": "11", "NAMELSAD": "Census Tract 11", "STUSPS": "NC", "NAMELSADCO": "Mecklenburg County", "STATE_NAME": "North Carolina", "LSAD": "CT", "ALAND": 1920022, "AWATER": 0, "centroid_lon": -80.80663790926296, "centroid_lat": 35.214432056628084, "B03002_001E": 3567, "B03002_001M": 626, "B03002_012E": 94, "B03002_012M": 56, "B19013_001E": 107413, "B19013_001M": 25180, "B01003_001E": 3567, "state": "37", "county": "119", "tract": "001100", "latino_share": 0.026352677319876647, "camera_count": 0, "arterial_road_m": 6367.2978441530004, "land_area_km2": 1.920022, "pop_density_per_km2": 1857.79121280902, "arterial_km_per_km2": 3.3162629616499193, "log_income": 11.584436496562349, "city": "Charlotte" }, "geometry": { "type": "Polygon", "coordinates": [ [ [ -80.816644, 35.220928 ], [ -80.813869, 35.220415 ], [ -80.810836, 35.220264 ], [ -80.806724, 35.219991 ], [ -80.801627, 35.219527 ], [ -80.798128, 35.2192 ], [ -80.795515, 35.218374 ], [ -80.797919, 35.214344 ], [ -80.800292, 35.212602 ], [ -80.800855, 35.211755 ], [ -80.801076, 35.210575 ], [ -80.802833, 35.207863 ], [ -80.804209, 35.207133 ], [ -80.807992, 35.205187 ], [ -80.808899, 35.206472 ], [ -80.811266, 35.209341 ], [ -80.814493, 35.213843 ], [ -80.815093, 35.215543 ], [ -80.815557, 35.217862 ], [ -80.816644, 35.220928 ] ] ] } },
{ "type": "Feature", "properties": { "STATEFP": "37", "COUNTYFP": "119", "TRACTCE": "000600", "GEOIDFQ": "1400000US37119000600", "GEOID": "37119000600", "NAME": "6", "NAMELSAD": "Census Tract 6", "STUSPS": "NC", "NAMELSADCO": "Mecklenburg County", "STATE_NAME": "North Carolina", "LSAD": "CT", "ALAND": 1074320, "AWATER": 0, "centroid_lon": -80.832274698744385, "centroid_lat": 35.22509618272926, "B03002_001E": 3986, "B03002_001M": 389, "B03002_012E": 236, "B03002_012M": 175, "B19013_001E": 80341, "B19013_001M": 20520, "B01003_001E": 3986, "state": "37", "county": "119", "tract": "000600", "latino_share": 0.059207225288509781, "camera_count": 1, "arterial_road_m": 17314.683284687235, "land_area_km2": 1.07432, "pop_density_per_km2": 3710.2539280661258, "arterial_km_per_km2": 16.116876987012468, "log_income": 11.294035354935634, "city": "Charlotte" }, "geometry": { "type": "Polygon", "coordinates": [ [ [ -80.83802, 35.222916 ], [ -80.835844, 35.22447 ], [ -80.836821, 35.225307 ], [ -80.834669, 35.226815 ], [ -80.836596, 35.22843 ], [ -80.833429, 35.230813 ], [ -80.831793, 35.231942 ], [ -80.830593, 35.232942 ], [ -80.827534, 35.230375 ], [ -80.826593, 35.229342 ], [ -80.824857, 35.22788 ], [ -80.82725, 35.22737 ], [ -80.828485, 35.224796 ], [ -80.828739, 35.22269 ], [ -80.830012, 35.221281 ], [ -80.831232, 35.218954 ], [ -80.832227, 35.218251 ], [ -80.832132, 35.218174 ], [ -80.832507, 35.216408 ], [ -80.833514, 35.217117 ], [ -80.83921, 35.2221 ], [ -80.83802, 35.222916 ] ] ] } },
{ "type": "Feature", "properties": { "STATEFP": "37", "COUNTYFP": "119", "TRACTCE": "005616", "GEOIDFQ": "1400000US37119005616", "GEOID": "37119005616", "NAME": "56.16", "NAMELSAD": "Census Tract 56.16", "STUSPS": "NC", "NAMELSADCO": "Mecklenburg County", "STATE_NAME": "North Carolina", "LSAD": "CT", "ALAND": 7675590, "AWATER": 49663, "centroid_lon": -80.71061021953507, "centroid_lat": 35.264203648901507, "B03002_001E": 2279, "B03002_001M": 859, "B03002_012E": 328, "B03002_012M": 152, "B19013_001E": 83611, "B19013_001M": 36649, "B01003_001E": 2279, "state": "37", "county": "119", "tract": "005616", "latino_share": 0.14392277314611671, "camera_count": 0, "arterial_road_m": 9206.7564196792755, "land_area_km2": 7.67559, "pop_density_per_km2": 296.91528599104436, "arterial_km_per_km2": 1.1994851756906342, "log_income": 11.333930369364412, "city": "Charlotte" }, "geometry": { "type": "Polygon", "coordinates": [ [ [ -80.734715, 35.260535 ], [ -80.735614, 35.265129 ], [ -80.726985, 35.267546 ], [ -80.724035, 35.271748 ], [ -80.720622, 35.274708 ], [ -80.716527, 35.27681 ], [ -80.713597, 35.278061 ], [ -80.712926, 35.278342 ], [ -80.709435, 35.278451 ], [ -80.709198, 35.278344 ], [ -80.708974, 35.278179 ], [ -80.708164, 35.277431 ], [ -80.707541, 35.276856 ], [ -80.705765, 35.27523 ], [ -80.703223, 35.274661 ], [ -80.699198, 35.274902 ], [ -80.697423, 35.274687 ], [ -80.69623, 35.268993 ], [ -80.693676, 35.26451 ], [ -80.691814, 35.263225 ], [ -80.690222, 35.262182 ], [ -80.690206, 35.258606 ], [ -80.689991, 35.256608 ], [ -80.689305, 35.250707 ], [ -80.689489, 35.250699 ], [ -80.692728, 35.251389 ], [ -80.694391, 35.251687 ], [ -80.694544, 35.251713 ], [ -80.696179, 35.252559 ], [ -80.697471, 35.253525 ], [ -80.700636, 35.256288 ], [ -80.702243, 35.253084 ], [ -80.703781, 35.252723 ], [ -80.708107, 35.254168 ], [ -80.710855, 35.254986 ], [ -80.717718, 35.255408 ], [ -80.720786, 35.255718 ], [ -80.727304, 35.258616 ], [ -80.736216, 35.258278 ], [ -80.734715, 35.260535 ] ] ] } },
{ "type": "Feature", "properties": { "STATEFP": "37", "COUNTYFP": "119", "TRACTCE": "001603", "GEOIDFQ": "1400000US37119001603", "GEOID": "37119001603", "NAME": "16.03", "NAMELSAD": "Census Tract 16.03", "STUSPS": "NC", "NAMELSADCO": "Mecklenburg County", "STATE_NAME": "North Carolina", "LSAD": "CT", "ALAND": 2487106, "AWATER": 15427, "centroid_lon": -80.762158060012794, "centroid_lat": 35.228601117785658, "B03002_001E": 4684, "B03002_001M": 703, "B03002_012E": 1267, "B03002_012M": 406, "B19013_001E": 60196, "B19013_001M": 6718, "B01003_001E": 4684, "state": "37", "county": "119", "tract": "001603", "latino_share": 0.27049530315969256, "camera_count": 0, "arterial_road_m": 3562.2868016910106, "land_area_km2": 2.487106, "pop_density_per_km2": 1883.3133770735949, "arterial_km_per_km2": 1.4323019612718602, "log_income": 11.00536118390661, "city": "Charlotte" }, "geometry": { "type": "Polygon", "coordinates": [ [ [ -80.775653, 35.236789 ], [ -80.770093, 35.234285 ], [ -80.768399, 35.234205 ], [ -80.762749, 35.235062 ], [ -80.760564, 35.234544 ], [ -80.758859, 35.234102 ], [ -80.75307, 35.230593 ], [ -80.747263, 35.226624 ], [ -80.748367, 35.224738 ], [ -80.748699, 35.224333 ], [ -80.750895, 35.221806 ], [ -80.752878, 35.21954 ], [ -80.753553, 35.219962 ], [ -80.756989, 35.223152 ], [ -80.762491, 35.226638 ], [ -80.764161, 35.226616 ], [ -80.766918, 35.224252 ], [ -80.767976, 35.222752 ], [ -80.770272, 35.223279 ], [ -80.771584, 35.223115 ], [ -80.772591, 35.226369 ], [ -80.775304, 35.228146 ], [ -80.774643, 35.229314 ], [ -80.774516, 35.233448 ], [ -80.774517, 35.233812 ], [ -80.774559, 35.23438 ], [ -80.775653, 35.236789 ] ] ] } },
{ "type": "Feature", "properties": { "STATEFP": "37", "COUNTYFP": "119", "TRACTCE": "002905", "GEOIDFQ": "1400000US37119002905", "GEOID": "37119002905", "NAME": "29.05", "NAMELSAD": "Census Tract 29.05", "STUSPS": "NC", "NAMELSADCO": "Mecklenburg County", "STATE_NAME": "North Carolina", "LSAD": "CT", "ALAND": 3609676, "AWATER": 4180, "centroid_lon": -80.822119560098557, "centroid_lat": 35.170222192761571, "B03002_001E": 3425, "B03002_001M": 354, "B03002_012E": 305, "B03002_012M": 292, "B19013_001E": 190701, "B19013_001M": 18188, "B01003_001E": 3425, "state": "37", "county": "119", "tract": "002905", "latino_share": 0.089051094890510954, "camera_count": 0, "arterial_road_m": 8406.3761385302805, "land_area_km2": 3.609676, "pop_density_per_km2": 948.83862152725067, "arterial_km_per_km2": 2.3288450649117207, "log_income": 12.158462035413251, "city": "Charlotte" }, "geometry": { "type": "Polygon", "coordinates": [ [ [ -80.831088, 35.175435 ], [ -80.832718, 35.177924 ], [ -80.829193, 35.1799 ], [ -80.820211, 35.182771 ], [ -80.82007, 35.182795 ], [ -80.818201, 35.178299 ], [ -80.817302, 35.177172 ], [ -80.814057, 35.174995 ], [ -80.808235, 35.171247 ], [ -80.810138, 35.169454 ], [ -80.813416, 35.165403 ], [ -80.814983, 35.163834 ], [ -80.821081, 35.160533 ], [ -80.82111, 35.159097 ], [ -80.824527, 35.154896 ], [ -80.827647, 35.15809 ], [ -80.827701, 35.161968 ], [ -80.82999, 35.166316 ], [ -80.830726, 35.168684 ], [ -80.830317, 35.172082 ], [ -80.833082, 35.173931 ], [ -80.831088, 35.175435 ] ] ] } },
{ "type": "Feature", "properties": { "STATEFP": "37", "COUNTYFP": "119", "TRACTCE": "004000", "GEOIDFQ": "1400000US37119004000", "GEOID": "37119004000", "NAME": "40", "NAMELSAD": "Census Tract 40", "STUSPS": "NC", "NAMELSADCO": "Mecklenburg County", "STATE_NAME": "North Carolina", "LSAD": "CT", "ALAND": 10081574, "AWATER": 7946, "centroid_lon": -80.910603611730153, "centroid_lat": 35.232650038405978, "B03002_001E": 3863, "B03002_001M": 701, "B03002_012E": 319, "B03002_012M": 269, "B19013_001E": 59682, "B19013_001M": 14841, "B01003_001E": 3863, "state": "37", "county": "119", "tract": "004000", "latino_share": 0.082578307015273106, "camera_count": 5, "arterial_road_m": 49445.495812837537, "land_area_km2": 10.081574, "pop_density_per_km2": 383.17429401401012, "arterial_km_per_km2": 4.904541276276654, "log_income": 10.996785746380469, "city": "Charlotte" }, "geometry": { "type": "Polygon", "coordinates": [ [ [ -80.943735, 35.23462 ], [ -80.941694, 35.237106 ], [ -80.940413, 35.237295 ], [ -80.938887, 35.241166 ], [ -80.932118, 35.241568 ], [ -80.919792, 35.238365 ], [ -80.915403, 35.237959 ], [ -80.910361, 35.239205 ], [ -80.899937, 35.242473 ], [ -80.897191, 35.245678 ], [ -80.896181, 35.247801 ], [ -80.8852, 35.239415 ], [ -80.880562, 35.235927 ], [ -80.883991, 35.231513 ], [ -80.884289, 35.228205 ], [ -80.884514, 35.224067 ], [ -80.883239, 35.223992 ], [ -80.883233, 35.222242 ], [ -80.896375, 35.222341 ], [ -80.899661, 35.222341 ], [ -80.900394, 35.222341 ], [ -80.908794, 35.222741 ], [ -80.911761, 35.22407 ], [ -80.915894, 35.225841 ], [ -80.923499, 35.225057 ], [ -80.924748, 35.225037 ], [ -80.926044, 35.225034 ], [ -80.943438, 35.227859 ], [ -80.946211, 35.228575 ], [ -80.943735, 35.23462 ] ] ] } },
{ "type": "Feature", "properties": { "STATEFP": "37", "COUNTYFP": "119", "TRACTCE": "005000", "GEOIDFQ": "1400000US37119005000", "GEOID": "37119005000", "NAME": "50", "NAMELSAD": "Census Tract 50", "STUSPS": "NC", "NAMELSADCO": "Mecklenburg County", "STATE_NAME": "North Carolina", "LSAD": "CT", "ALAND": 999707, "AWATER": 0, "centroid_lon": -80.839606641241346, "centroid_lat": 35.252830343566799, "B03002_001E": 2759, "B03002_001M": 648, "B03002_012E": 114, "B03002_012M": 96, "B19013_001E": 67308, "B19013_001M": 34806, "B01003_001E": 2759, "state": "37", "county": "119", "tract": "005000", "latino_share": 0.041319318593693366, "camera_count": 1, "arterial_road_m": 4963.2130676508878, "land_area_km2": 0.999707, "pop_density_per_km2": 2759.8086239268105, "arterial_km_per_km2": 4.9646677152914682, "log_income": 11.117034379296337, "city": "Charlotte" }, "geometry": { "type": "Polygon", "coordinates": [ [ [ -80.845704, 35.248074 ], [ -80.843749, 35.252437 ], [ -80.840634, 35.259792 ], [ -80.840653, 35.261028 ], [ -80.836949, 35.261261 ], [ -80.836238, 35.257462 ], [ -80.836074, 35.256563 ], [ -80.835848, 35.249532 ], [ -80.835825, 35.248673 ], [ -80.836348, 35.245464 ], [ -80.844667, 35.248029 ], [ -80.845704, 35.248074 ] ] ] } },
{ "type": "Feature", "properties": { "STATEFP": "37", "COUNTYFP": "119", "TRACTCE": "003106", "GEOIDFQ": "1400000US37119003106", "GEOID": "37119003106", "NAME": "31.06", "NAMELSAD": "Census Tract 31.06", "STUSPS": "NC", "NAMELSADCO": "Mecklenburg County", "STATE_NAME": "North Carolina", "LSAD": "CT", "ALAND": 2235995, "AWATER": 925, "centroid_lon": -80.869750408228924, "centroid_lat": 35.14442356925494, "B03002_001E": 4594, "B03002_001M": 940, "B03002_012E": 1615, "B03002_012M": 846, "B19013_001E": 104728, "B19013_001M": 34159, "B01003_001E": 4594, "state": "37", "county": "119", "tract": "003106", "latino_share": 0.35154549412276881, "camera_count": 0, "arterial_road_m": 3492.2377603770069, "land_area_km2": 2.235995, "pop_density_per_km2": 2054.5663116420205, "arterial_km_per_km2": 1.5618271777785759, "log_income": 11.559121791859935, "city": "Charlotte" }, "geometry": { "type": "Polygon", "coordinates": [ [ [ -80.878494, 35.146344 ], [ -80.877296, 35.152834 ], [ -80.876318, 35.1527 ], [ -80.87468, 35.152698 ], [ -80.87175, 35.152932 ], [ -80.868088, 35.149735 ], [ -80.86598, 35.148122 ], [ -80.861467, 35.147362 ], [ -80.857795, 35.148011 ], [ -80.859135, 35.146585 ], [ -80.860962, 35.139792 ], [ -80.864, 35.136488 ], [ -80.865098, 35.137089 ], [ -80.865913, 35.137654 ], [ -80.867496, 35.138174 ], [ -80.870908, 35.137716 ], [ -80.876335, 35.137719 ], [ -80.876794, 35.138944 ], [ -80.877113, 35.140335 ], [ -80.877676, 35.142785 ], [ -80.878494, 35.146344 ] ] ] } },
{ "type": "Feature", "properties": { "STATEFP": "37", "COUNTYFP": "119", "TRACTCE": "005404", "GEOIDFQ": "1400000US37119005404", "GEOID": "37119005404", "NAME": "54.04", "NAMELSAD": "Census Tract 54.04", "STUSPS": "NC", "NAMELSADCO": "Mecklenburg County", "STATE_NAME": "North Carolina", "LSAD": "CT", "ALAND": 5366655, "AWATER": 53444, "centroid_lon": -80.814963653311395, "centroid_lat": 35.285716528338796, "B03002_001E": 4729, "B03002_001M": 446, "B03002_012E": 1164, "B03002_012M": 529, "B19013_001E": 59116, "B19013_001M": 10198, "B01003_001E": 4729, "state": "37", "county": "119", "tract": "005404", "latino_share": 0.24614083315711566, "camera_count": 0, "arterial_road_m": 10373.190922176669, "land_area_km2": 5.366655, "pop_density_per_km2": 881.18203983673266, "arterial_km_per_km2": 1.9328969203678397, "log_income": 10.987256894334463, "city": "Charlotte" }, "geometry": { "type": "Polygon", "coordinates": [ [ [ -80.834874, 35.276583 ], [ -80.834253, 35.279887 ], [ -80.834615, 35.281952 ], [ -80.829281, 35.282628 ], [ -80.825316, 35.285644 ], [ -80.824195, 35.287984 ], [ -80.82132, 35.288439 ], [ -80.819951, 35.28946 ], [ -80.815502, 35.294401 ], [ -80.812837, 35.297256 ], [ -80.808131, 35.300114 ], [ -80.805455, 35.301162 ], [ -80.80333, 35.300391 ], [ -80.800795, 35.29875 ], [ -80.799088, 35.296848 ], [ -80.798575, 35.295988 ], [ -80.798265, 35.292718 ], [ -80.798717, 35.290994 ], [ -80.800022, 35.288309 ], [ -80.800544, 35.287431 ], [ -80.804969, 35.28187 ], [ -80.809067, 35.276659 ], [ -80.812557, 35.276964 ], [ -80.814597, 35.276751 ], [ -80.83227, 35.272972 ], [ -80.836662, 35.272719 ], [ -80.834874, 35.276583 ] ] ] } },
{ "type": "Feature", "properties": { "STATEFP": "37", "COUNTYFP": "119", "TRACTCE": "005832", "GEOIDFQ": "1400000US37119005832", "GEOID": "37119005832", "NAME": "58.32", "NAMELSAD": "Census Tract 58.32", "STUSPS": "NC", "NAMELSADCO": "Mecklenburg County", "STATE_NAME": "North Carolina", "LSAD": "CT", "ALAND": 2980277, "AWATER": 8512, "centroid_lon": -80.765229689313159, "centroid_lat": 35.10056272185539, "B03002_001E": 2917, "B03002_001M": 227, "B03002_012E": 67, "B03002_012M": 61, "B19013_001E": 166382, "B19013_001M": 31372, "B01003_001E": 2917, "state": "37", "county": "119", "tract": "005832", "latino_share": 0.022968803565306822, "camera_count": 0, "arterial_road_m": 3292.7910548459186, "land_area_km2": 2.980277, "pop_density_per_km2": 978.76808095354897, "arterial_km_per_km2": 1.1048607410807514, "log_income": 12.022041628441192, "city": "Charlotte" }, "geometry": { "type": "Polygon", "coordinates": [ [ [ -80.777879, 35.100237 ], [ -80.773594, 35.102761 ], [ -80.768463, 35.105159 ], [ -80.766692, 35.106444 ], [ -80.761227, 35.110455 ], [ -80.759149, 35.111916 ], [ -80.758246, 35.112436 ], [ -80.755621, 35.110659 ], [ -80.756223, 35.106463 ], [ -80.755403, 35.10112 ], [ -80.752993, 35.101299 ], [ -80.752071, 35.09909 ], [ -80.753691, 35.098435 ], [ -80.754661, 35.097789 ], [ -80.75496, 35.097603 ], [ -80.755389, 35.097265 ], [ -80.75551, 35.096939 ], [ -80.755453, 35.096541 ], [ -80.755568, 35.096324 ], [ -80.755582, 35.096212 ], [ -80.75787, 35.09549 ], [ -80.760382, 35.094163 ], [ -80.763689, 35.095082 ], [ -80.767128, 35.094492 ], [ -80.769932, 35.093431 ], [ -80.771147, 35.093778 ], [ -80.774732, 35.08832 ], [ -80.778741, 35.100013 ], [ -80.777879, 35.100237 ] ] ] } },
{ "type": "Feature", "properties": { "STATEFP": "37", "COUNTYFP": "119", "TRACTCE": "003013", "GEOIDFQ": "1400000US37119003013", "GEOID": "37119003013", "NAME": "30.13", "NAMELSAD": "Census Tract 30.13", "STUSPS": "NC", "NAMELSADCO": "Mecklenburg County", "STATE_NAME": "North Carolina", "LSAD": "CT", "ALAND": 6105423, "AWATER": 131134, "centroid_lon": -80.806407627520116, "centroid_lat": 35.105097661534906, "B03002_001E": 4865, "B03002_001M": 371, "B03002_012E": 127, "B03002_012M": 125, "B19013_001E": 159958, "B19013_001M": 38157, "B01003_001E": 4865, "state": "37", "county": "119", "tract": "003013", "latino_share": 0.026104830421377186, "camera_count": 1, "arterial_road_m": 11748.483316365327, "land_area_km2": 6.105423, "pop_density_per_km2": 796.83258637444123, "arterial_km_per_km2": 1.9242701638142561, "log_income": 11.982666559756808, "city": "Charlotte" }, "geometry": { "type": "Polygon", "coordinates": [ [ [ -80.834085, 35.085355 ], [ -80.830877, 35.090529 ], [ -80.83017, 35.091056 ], [ -80.824767, 35.092135 ], [ -80.821356, 35.093341 ], [ -80.820673, 35.097242 ], [ -80.818672, 35.099571 ], [ -80.818246, 35.103479 ], [ -80.814876, 35.105438 ], [ -80.81257, 35.106728 ], [ -80.811727, 35.108356 ], [ -80.813272, 35.111178 ], [ -80.811767, 35.111053 ], [ -80.80765, 35.112296 ], [ -80.807283, 35.113102 ], [ -80.808916, 35.114976 ], [ -80.808311, 35.11679 ], [ -80.80692, 35.118138 ], [ -80.805705, 35.118915 ], [ -80.801553, 35.118161 ], [ -80.798709, 35.120868 ], [ -80.795723, 35.119555 ], [ -80.792495, 35.11953 ], [ -80.78979, 35.124422 ], [ -80.788416, 35.125111 ], [ -80.78585, 35.124745 ], [ -80.78496, 35.124616 ], [ -80.78123, 35.128417 ], [ -80.78082, 35.12429 ], [ -80.779444, 35.117352 ], [ -80.783469, 35.115109 ], [ -80.787575, 35.112133 ], [ -80.788481, 35.111839 ], [ -80.793074, 35.110916 ], [ -80.802368, 35.108931 ], [ -80.806986, 35.105364 ], [ -80.807928, 35.105146 ], [ -80.807969, 35.104241 ], [ -80.808563, 35.101723 ], [ -80.81188, 35.087489 ], [ -80.815767, 35.086531 ], [ -80.82296, 35.084092 ], [ -80.826652, 35.0829 ], [ -80.82997, 35.082977 ], [ -80.832627, 35.084192 ], [ -80.834085, 35.085355 ] ] ] } },
{ "type": "Feature", "properties": { "STATEFP": "37", "COUNTYFP": "119", "TRACTCE": "005403", "GEOIDFQ": "1400000US37119005403", "GEOID": "37119005403", "NAME": "54.03", "NAMELSAD": "Census Tract 54.03", "STUSPS": "NC", "NAMELSADCO": "Mecklenburg County", "STATE_NAME": "North Carolina", "LSAD": "CT", "ALAND": 6132898, "AWATER": 33162, "centroid_lon": -80.827610515106826, "centroid_lat": 35.298947182503234, "B03002_001E": 6039, "B03002_001M": 1465, "B03002_012E": 1650, "B03002_012M": 932, "B19013_001E": 63283, "B19013_001M": 16006, "B01003_001E": 6039, "state": "37", "county": "119", "tract": "005403", "latino_share": 0.27322404371584702, "camera_count": 0, "arterial_road_m": 14392.941809808337, "land_area_km2": 6.132898, "pop_density_per_km2": 984.68945676252895, "arterial_km_per_km2": 2.3468418698319029, "log_income": 11.055372009661664, "city": "Charlotte" }, "geometry": { "type": "Polygon", "coordinates": [ [ [ -80.839908, 35.303294 ], [ -80.838867, 35.309974 ], [ -80.829503, 35.319487 ], [ -80.830685, 35.316226 ], [ -80.830548, 35.315434 ], [ -80.829076, 35.31264 ], [ -80.825232, 35.309833 ], [ -80.82152, 35.307358 ], [ -80.819193, 35.30584 ], [ -80.805455, 35.301162 ], [ -80.808131, 35.300114 ], [ -80.812837, 35.297256 ], [ -80.815502, 35.294401 ], [ -80.819951, 35.28946 ], [ -80.82132, 35.288439 ], [ -80.824195, 35.287984 ], [ -80.825316, 35.285644 ], [ -80.829281, 35.282628 ], [ -80.834615, 35.281952 ], [ -80.835769, 35.284875 ], [ -80.837084, 35.290232 ], [ -80.838253, 35.292982 ], [ -80.839918, 35.297442 ], [ -80.839908, 35.303294 ] ] ] } },
{ "type": "Feature", "properties": { "STATEFP": "37", "COUNTYFP": "119", "TRACTCE": "005811", "GEOIDFQ": "1400000US37119005811", "GEOID": "37119005811", "NAME": "58.11", "NAMELSAD": "Census Tract 58.11", "STUSPS": "NC", "NAMELSADCO": "Mecklenburg County", "STATE_NAME": "North Carolina", "LSAD": "CT", "ALAND": 3958890, "AWATER": 5266, "centroid_lon": -80.75191979205907, "centroid_lat": 35.13822566861775, "B03002_001E": 4463, "B03002_001M": 606, "B03002_012E": 981, "B03002_012M": 535, "B19013_001E": 78078, "B19013_001M": 15417, "B01003_001E": 4463, "state": "37", "county": "119", "tract": "005811", "latino_share": 0.21980730450369707, "camera_count": 0, "arterial_road_m": 3871.8645850100775, "land_area_km2": 3.95889, "pop_density_per_km2": 1127.3361977726081, "arterial_km_per_km2": 0.9780177234048123, "log_income": 11.265463606004813, "city": "Charlotte" }, "geometry": { "type": "Polygon", "coordinates": [ [ [ -80.761928, 35.142321 ], [ -80.76076, 35.143638 ], [ -80.756691, 35.146081 ], [ -80.753249, 35.148142 ], [ -80.750017, 35.148845 ], [ -80.745542, 35.148232 ], [ -80.744684, 35.147127 ], [ -80.741005, 35.143217 ], [ -80.738934, 35.138878 ], [ -80.736901, 35.134769 ], [ -80.739142, 35.133952 ], [ -80.740191, 35.135103 ], [ -80.742249, 35.13524 ], [ -80.741794, 35.134355 ], [ -80.744071, 35.131977 ], [ -80.747985, 35.131121 ], [ -80.749225, 35.127886 ], [ -80.750632, 35.126703 ], [ -80.75404, 35.127277 ], [ -80.755234, 35.128016 ], [ -80.761839, 35.13281 ], [ -80.76805, 35.137351 ], [ -80.761928, 35.142321 ] ] ] } },
{ "type": "Feature", "properties": { "STATEFP": "37", "COUNTYFP": "119", "TRACTCE": "004900", "GEOIDFQ": "1400000US37119004900", "GEOID": "37119004900", "NAME": "49", "NAMELSAD": "Census Tract 49", "STUSPS": "NC", "NAMELSADCO": "Mecklenburg County", "STATE_NAME": "North Carolina", "LSAD": "CT", "ALAND": 881853, "AWATER": 0, "centroid_lon": -80.842855359816127, "centroid_lat": 35.242776867396408, "B03002_001E": 570, "B03002_001M": 314, "B03002_012E": 0, "B03002_012M": 14, "B19013_001E": 44500, "B19013_001M": 35018, "B01003_001E": 570, "state": "37", "county": "119", "tract": "004900", "latino_share": 0.0, "camera_count": 0, "arterial_road_m": 7098.788104025557, "land_area_km2": 0.881853, "pop_density_per_km2": 646.366231106545, "arterial_km_per_km2": 8.0498542319701318, "log_income": 10.703244468154331, "city": "Charlotte" }, "geometry": { "type": "Polygon", "coordinates": [ [ [ -80.850497, 35.241046 ], [ -80.847069, 35.243277 ], [ -80.846331, 35.246448 ], [ -80.845704, 35.248074 ], [ -80.844667, 35.248029 ], [ -80.836348, 35.245464 ], [ -80.836725, 35.242612 ], [ -80.836742, 35.241907 ], [ -80.840893, 35.238642 ], [ -80.841842, 35.237654 ], [ -80.848393, 35.239442 ], [ -80.850497, 35.241046 ] ] ] } },
{ "type": "Feature", "properties": { "STATEFP": "37", "COUNTYFP": "119", "TRACTCE": "001921", "GEOIDFQ": "1400000US37119001921", "GEOID": "37119001921", "NAME": "19.21", "NAMELSAD": "Census Tract 19.21", "STUSPS": "NC", "NAMELSADCO": "Mecklenburg County", "STATE_NAME": "North Carolina", "LSAD": "CT", "ALAND": 2570926, "AWATER": 2586, "centroid_lon": -80.731477773083867, "centroid_lat": 35.172300858316198, "B03002_001E": 2608, "B03002_001M": 375, "B03002_012E": 655, "B03002_012M": 241, "B19013_001E": 65263, "B19013_001M": 24372, "B01003_001E": 2608, "state": "37", "county": "119", "tract": "001921", "latino_share": 0.25115030674846628, "camera_count": 0, "arterial_road_m": 5805.5139746899904, "land_area_km2": 2.570926, "pop_density_per_km2": 1014.4204850703599, "arterial_km_per_km2": 2.2581412202023667, "log_income": 11.086180539057013, "city": "Charlotte" }, "geometry": { "type": "Polygon", "coordinates": [ [ [ -80.742526, 35.166944 ], [ -80.739331, 35.167939 ], [ -80.738451, 35.168507 ], [ -80.737646, 35.169504 ], [ -80.736762, 35.174572 ], [ -80.73521, 35.1781 ], [ -80.734929, 35.179007 ], [ -80.730574, 35.184317 ], [ -80.729972, 35.185905 ], [ -80.724079, 35.17924 ], [ -80.722628, 35.177958 ], [ -80.719579, 35.17596 ], [ -80.722306, 35.17422 ], [ -80.724812, 35.17441 ], [ -80.725779, 35.172679 ], [ -80.72426, 35.170732 ], [ -80.725775, 35.168304 ], [ -80.729015, 35.166185 ], [ -80.732139, 35.162727 ], [ -80.734944, 35.161085 ], [ -80.736366, 35.159765 ], [ -80.739407, 35.162614 ], [ -80.740501, 35.16372 ], [ -80.742526, 35.166944 ] ] ] } },
{ "type": "Feature", "properties": { "STATEFP": "37", "COUNTYFP": "119", "TRACTCE": "005716", "GEOIDFQ": "1400000US37119005716", "GEOID": "37119005716", "NAME": "57.16", "NAMELSAD": "Census Tract 57.16", "STUSPS": "NC", "NAMELSADCO": "Mecklenburg County", "STATE_NAME": "North Carolina", "LSAD": "CT", "ALAND": 2392195, "AWATER": 2194, "centroid_lon": -80.719520614098656, "centroid_lat": 35.168068006424527, "B03002_001E": 5618, "B03002_001M": 1078, "B03002_012E": 1825, "B03002_012M": 833, "B19013_001E": 71371, "B19013_001M": 5689, "B01003_001E": 5618, "state": "37", "county": "119", "tract": "005716", "latino_share": 0.3248487006051976, "camera_count": 0, "arterial_road_m": 1190.0288469984239, "land_area_km2": 2.392195, "pop_density_per_km2": 2348.4707559375383, "arterial_km_per_km2": 0.49746314451724205, "log_income": 11.175646903356375, "city": "Charlotte" }, "geometry": { "type": "Polygon", "coordinates": [ [ [ -80.732139, 35.162727 ], [ -80.729015, 35.166185 ], [ -80.725775, 35.168304 ], [ -80.72426, 35.170732 ], [ -80.725779, 35.172679 ], [ -80.724812, 35.17441 ], [ -80.722306, 35.17422 ], [ -80.719579, 35.17596 ], [ -80.718182, 35.174956 ], [ -80.714207, 35.175953 ], [ -80.709523, 35.175477 ], [ -80.708115, 35.174551 ], [ -80.706841, 35.173344 ], [ -80.710183, 35.168616 ], [ -80.713462, 35.165356 ], [ -80.715936, 35.162911 ], [ -80.717593, 35.162017 ], [ -80.720889, 35.161244 ], [ -80.726512, 35.159038 ], [ -80.727592, 35.159059 ], [ -80.731053, 35.161221 ], [ -80.732139, 35.162727 ] ] ] } },
{ "type": "Feature", "properties": { "STATEFP": "37", "COUNTYFP": "119", "TRACTCE": "005843", "GEOIDFQ": "1400000US37119005843", "GEOID": "37119005843", "NAME": "58.43", "NAMELSAD": "Census Tract 58.43", "STUSPS": "NC", "NAMELSADCO": "Mecklenburg County", "STATE_NAME": "North Carolina", "LSAD": "CT", "ALAND": 2944780, "AWATER": 9241, "centroid_lon": -80.816530001532072, "centroid_lat": 35.038610883576396, "B03002_001E": 3091, "B03002_001M": 427, "B03002_012E": 391, "B03002_012M": 273, "B19013_001E": 159375, "B19013_001M": 36102, "B01003_001E": 3091, "state": "37", "county": "119", "tract": "005843", "latino_share": 0.12649627952119055, "camera_count": 0, "arterial_road_m": 7393.7993080967071, "land_area_km2": 2.94478, "pop_density_per_km2": 1049.653963963352, "arterial_km_per_km2": 2.5108155135856349, "log_income": 11.979015194894828, "city": "Charlotte" }, "geometry": { "type": "Polygon", "coordinates": [ [ [ -80.830293, 35.043343 ], [ -80.823032, 35.046725 ], [ -80.820025, 35.047253 ], [ -80.816386, 35.047166 ], [ -80.815907, 35.047273 ], [ -80.815836, 35.045885 ], [ -80.81798, 35.043461 ], [ -80.816263, 35.042847 ], [ -80.808026, 35.04123 ], [ -80.805428, 35.040504 ], [ -80.800302, 35.039618 ], [ -80.800347, 35.036558 ], [ -80.802538, 35.033198 ], [ -80.806665, 35.033736 ], [ -80.809541, 35.033682 ], [ -80.813129, 35.033061 ], [ -80.815141, 35.031605 ], [ -80.820513, 35.030338 ], [ -80.822473, 35.031694 ], [ -80.824905, 35.035206 ], [ -80.829051, 35.038659 ], [ -80.829784, 35.039859 ], [ -80.830293, 35.043343 ] ] ] } },
{ "type": "Feature", "properties": { "STATEFP": "37", "COUNTYFP": "119", "TRACTCE": "005617", "GEOIDFQ": "1400000US37119005617", "GEOID": "37119005617", "NAME": "56.17", "NAMELSAD": "Census Tract 56.17", "STUSPS": "NC", "NAMELSADCO": "Mecklenburg County", "STATE_NAME": "North Carolina", "LSAD": "CT", "ALAND": 5006695, "AWATER": 32840, "centroid_lon": -80.706689857210336, "centroid_lat": 35.243880744301002, "B03002_001E": 3531, "B03002_001M": 442, "B03002_012E": 662, "B03002_012M": 291, "B19013_001E": 74875, "B19013_001M": 8960, "B01003_001E": 3531, "state": "37", "county": "119", "tract": "005617", "latino_share": 0.18748229963183236, "camera_count": 0, "arterial_road_m": 4464.0069538332, "land_area_km2": 5.006695, "pop_density_per_km2": 705.25566266768806, "arterial_km_per_km2": 0.89160752828626477, "log_income": 11.223575335417751, "city": "Charlotte" }, "geometry": { "type": "Polygon", "coordinates": [ [ [ -80.716379, 35.236548 ], [ -80.716554, 35.240851 ], [ -80.717082, 35.247225 ], [ -80.718534, 35.24924 ], [ -80.718715, 35.249732 ], [ -80.717718, 35.255408 ], [ -80.710855, 35.254986 ], [ -80.708107, 35.254168 ], [ -80.703781, 35.252723 ], [ -80.702243, 35.253084 ], [ -80.700636, 35.256288 ], [ -80.697471, 35.253525 ], [ -80.696179, 35.252559 ], [ -80.694544, 35.251713 ], [ -80.694391, 35.251687 ], [ -80.692728, 35.251389 ], [ -80.689489, 35.250699 ], [ -80.689305, 35.250707 ], [ -80.689356, 35.249225 ], [ -80.690335, 35.247436 ], [ -80.690895, 35.246121 ], [ -80.69082, 35.243422 ], [ -80.696815, 35.242009 ], [ -80.70079, 35.238329 ], [ -80.704736, 35.23232 ], [ -80.709716, 35.230562 ], [ -80.715235, 35.228994 ], [ -80.719986, 35.230026 ], [ -80.716379, 35.236548 ] ] ] } },
{ "type": "Feature", "properties": { "STATEFP": "37", "COUNTYFP": "119", "TRACTCE": "005615", "GEOIDFQ": "1400000US37119005615", "GEOID": "37119005615", "NAME": "56.15", "NAMELSAD": "Census Tract 56.15", "STUSPS": "NC", "NAMELSADCO": "Mecklenburg County", "STATE_NAME": "North Carolina", "LSAD": "CT", "ALAND": 3001310, "AWATER": 2433, "centroid_lon": -80.685197582533149, "centroid_lat": 35.286061844319526, "B03002_001E": 2521, "B03002_001M": 251, "B03002_012E": 367, "B03002_012M": 148, "B19013_001E": 98571, "B19013_001M": 13693, "B01003_001E": 2521, "state": "37", "county": "119", "tract": "005615", "latino_share": 0.14557715192383974, "camera_count": 0, "arterial_road_m": 7642.5411470864783, "land_area_km2": 3.00131, "pop_density_per_km2": 839.96654794073254, "arterial_km_per_km2": 2.5464017869152062, "log_income": 11.49853237968259, "city": "Charlotte" }, "geometry": { "type": "Polygon", "coordinates": [ [ [ -80.69951, 35.281094 ], [ -80.696292, 35.283312 ], [ -80.691409, 35.285263 ], [ -80.69115, 35.285455 ], [ -80.68846, 35.289287 ], [ -80.683099, 35.295911 ], [ -80.68261, 35.296477 ], [ -80.679132, 35.30035 ], [ -80.678158, 35.301161 ], [ -80.678117, 35.301195 ], [ -80.675949, 35.294781 ], [ -80.672489, 35.284568 ], [ -80.673368, 35.284566 ], [ -80.674564, 35.284346 ], [ -80.677893, 35.283548 ], [ -80.679573, 35.283017 ], [ -80.683162, 35.279968 ], [ -80.688617, 35.278876 ], [ -80.693211, 35.274852 ], [ -80.697423, 35.274687 ], [ -80.699198, 35.274902 ], [ -80.699074, 35.276922 ], [ -80.69951, 35.281094 ] ] ] } },
{ "type": "Feature", "properties": { "STATEFP": "37", "COUNTYFP": "119", "TRACTCE": "005612", "GEOIDFQ": "1400000US37119005612", "GEOID": "37119005612", "NAME": "56.12", "NAMELSAD": "Census Tract 56.12", "STUSPS": "NC", "NAMELSADCO": "Mecklenburg County", "STATE_NAME": "North Carolina", "LSAD": "CT", "ALAND": 4105513, "AWATER": 55619, "centroid_lon": -80.715396649183546, "centroid_lat": 35.297648312053703, "B03002_001E": 5793, "B03002_001M": 833, "B03002_012E": 1605, "B03002_012M": 487, "B19013_001E": 85068, "B19013_001M": 19803, "B01003_001E": 5793, "state": "37", "county": "119", "tract": "005612", "latino_share": 0.27705851890212324, "camera_count": 1, "arterial_road_m": 6207.9825050271456, "land_area_km2": 4.105513, "pop_density_per_km2": 1411.0295108065666, "arterial_km_per_km2": 1.5121088412159809, "log_income": 11.351206215643018, "city": "Charlotte" }, "geometry": { "type": "Polygon", "coordinates": [ [ [ -80.727598, 35.292911 ], [ -80.725235, 35.298344 ], [ -80.722908, 35.303891 ], [ -80.724002, 35.305565 ], [ -80.724273, 35.305949 ], [ -80.720273, 35.308517 ], [ -80.719005, 35.309064 ], [ -80.712282, 35.311293 ], [ -80.71112, 35.309289 ], [ -80.710801, 35.308945 ], [ -80.708927, 35.307656 ], [ -80.707154, 35.30528 ], [ -80.704824, 35.299119 ], [ -80.704209, 35.293159 ], [ -80.703147, 35.291308 ], [ -80.705807, 35.291858 ], [ -80.707143, 35.29185 ], [ -80.707679, 35.291608 ], [ -80.710289, 35.288006 ], [ -80.712481, 35.28447 ], [ -80.716492, 35.285137 ], [ -80.722436, 35.28867 ], [ -80.724895, 35.290967 ], [ -80.728131, 35.291751 ], [ -80.727598, 35.292911 ] ] ] } },
{ "type": "Feature", "properties": { "STATEFP": "37", "COUNTYFP": "119", "TRACTCE": "006008", "GEOIDFQ": "1400000US37119006008", "GEOID": "37119006008", "NAME": "60.08", "NAMELSAD": "Census Tract 60.08", "STUSPS": "NC", "NAMELSADCO": "Mecklenburg County", "STATE_NAME": "North Carolina", "LSAD": "CT", "ALAND": 4661686, "AWATER": 20466, "centroid_lon": -80.969075839548353, "centroid_lat": 35.30634907227887, "B03002_001E": 3378, "B03002_001M": 310, "B03002_012E": 425, "B03002_012M": 230, "B19013_001E": 91375, "B19013_001M": 14110, "B01003_001E": 3378, "state": "37", "county": "119", "tract": "006008", "latino_share": 0.12581409117821196, "camera_count": 0, "arterial_road_m": 5335.9728720823268, "land_area_km2": 4.661686, "pop_density_per_km2": 724.63053067066289, "arterial_km_per_km2": 1.1446444209417637, "log_income": 11.42272719705208, "city": "Charlotte" }, "geometry": { "type": "Polygon", "coordinates": [ [ [ -81.00407, 35.297291 ], [ -81.003854, 35.297929 ], [ -80.999926, 35.298561 ], [ -80.991352, 35.298322 ], [ -80.990681, 35.29847 ], [ -80.987503, 35.300366 ], [ -80.986946, 35.301042 ], [ -80.986038, 35.302073 ], [ -80.98318, 35.303566 ], [ -80.982573, 35.303862 ], [ -80.980687, 35.304885 ], [ -80.97922, 35.307079 ], [ -80.97873, 35.307466 ], [ -80.969697, 35.311686 ], [ -80.966986, 35.312865 ], [ -80.9641, 35.315254 ], [ -80.960431, 35.315954 ], [ -80.956843, 35.317296 ], [ -80.954567, 35.318842 ], [ -80.95251, 35.320802 ], [ -80.949998, 35.318682 ], [ -80.945624, 35.317083 ], [ -80.952857, 35.307949 ], [ -80.95443, 35.305461 ], [ -80.956317, 35.301243 ], [ -80.956533, 35.302581 ], [ -80.957895, 35.303172 ], [ -80.958623, 35.301865 ], [ -80.962148, 35.304559 ], [ -80.965759, 35.302077 ], [ -80.967521, 35.301907 ], [ -80.972982, 35.299078 ], [ -80.974406, 35.301431 ], [ -80.97468, 35.299019 ], [ -80.977378, 35.299749 ], [ -80.979141, 35.298239 ], [ -80.981509, 35.297328 ], [ -80.981536, 35.29527 ], [ -80.983802, 35.295385 ], [ -80.9857, 35.293819 ], [ -80.985876, 35.292775 ], [ -80.98922, 35.293723 ], [ -80.996868, 35.296842 ], [ -81.004204, 35.296714 ], [ -81.00407, 35.297291 ] ] ] } },
{ "type": "Feature", "properties": { "STATEFP": "37", "COUNTYFP": "119", "TRACTCE": "006103", "GEOIDFQ": "1400000US37119006103", "GEOID": "37119006103", "NAME": "61.03", "NAMELSAD": "Census Tract 61.03", "STUSPS": "NC", "NAMELSADCO": "Mecklenburg County", "STATE_NAME": "North Carolina", "LSAD": "CT", "ALAND": 10680462, "AWATER": 1625601, "centroid_lon": -80.940987656540571, "centroid_lat": 35.337399192993573, "B03002_001E": 5265, "B03002_001M": 592, "B03002_012E": 377, "B03002_012M": 272, "B19013_001E": 81534, "B19013_001M": 12539, "B01003_001E": 5265, "state": "37", "county": "119", "tract": "006103", "latino_share": 0.07160493827160494, "camera_count": 2, "arterial_road_m": 20814.090115009785, "land_area_km2": 10.680462, "pop_density_per_km2": 492.9562035799575, "arterial_km_per_km2": 1.9488005401835413, "log_income": 11.308775390148552, "city": "Charlotte" }, "geometry": { "type": "Polygon", "coordinates": [ [ [ -80.97267, 35.350257 ], [ -80.969368, 35.351446 ], [ -80.967088, 35.350794 ], [ -80.963912, 35.347706 ], [ -80.962141, 35.347046 ], [ -80.958355, 35.349526 ], [ -80.956403, 35.350258 ], [ -80.952042, 35.350971 ], [ -80.943632, 35.350582 ], [ -80.942509, 35.350899 ], [ -80.939086, 35.353673 ], [ -80.938398, 35.351293 ], [ -80.935079, 35.349392 ], [ -80.930901, 35.34833 ], [ -80.925114, 35.34847 ], [ -80.920884, 35.345245 ], [ -80.916215, 35.343652 ], [ -80.914948, 35.343953 ], [ -80.910089, 35.341729 ], [ -80.908425, 35.341112 ], [ -80.91276, 35.336615 ], [ -80.913988, 35.335995 ], [ -80.912805, 35.334479 ], [ -80.912151, 35.333005 ], [ -80.916311, 35.330778 ], [ -80.922175, 35.329265 ], [ -80.927447, 35.328147 ], [ -80.932044, 35.32628 ], [ -80.938419, 35.323404 ], [ -80.940875, 35.321899 ], [ -80.942742, 35.320367 ], [ -80.945624, 35.317083 ], [ -80.949998, 35.318682 ], [ -80.95251, 35.320802 ], [ -80.95751, 35.328074 ], [ -80.962974, 35.336729 ], [ -80.963071, 35.338137 ], [ -80.96662, 35.341555 ], [ -80.968098, 35.344522 ], [ -80.968596, 35.34555 ], [ -80.969037, 35.346351 ], [ -80.96949, 35.347007 ], [ -80.969918, 35.347528 ], [ -80.97267, 35.350257 ] ] ] } },
{ "type": "Feature", "properties": { "STATEFP": "37", "COUNTYFP": "119", "TRACTCE": "006009", "GEOIDFQ": "1400000US37119006009", "GEOID": "37119006009", "NAME": "60.09", "NAMELSAD": "Census Tract 60.09", "STUSPS": "NC", "NAMELSADCO": "Mecklenburg County", "STATE_NAME": "North Carolina", "LSAD": "CT", "ALAND": 5844746, "AWATER": 30382, "centroid_lon": -80.958645636876568, "centroid_lat": 35.291130176147014, "B03002_001E": 3144, "B03002_001M": 454, "B03002_012E": 120, "B03002_012M": 101, "B19013_001E": 73023, "B19013_001M": 10876, "B01003_001E": 3144, "state": "37", "county": "119", "tract": "006009", "latino_share": 0.038167938931297711, "camera_count": 0, "arterial_road_m": 16645.78638089844, "land_area_km2": 5.844746, "pop_density_per_km2": 537.91901307601734, "arterial_km_per_km2": 2.8479914064526395, "log_income": 11.198529739000024, "city": "Charlotte" }, "geometry": { "type": "Polygon", "coordinates": [ [ [ -80.9857, 35.293819 ], [ -80.983802, 35.295385 ], [ -80.981536, 35.29527 ], [ -80.981509, 35.297328 ], [ -80.979141, 35.298239 ], [ -80.977378, 35.299749 ], [ -80.97468, 35.299019 ], [ -80.974406, 35.301431 ], [ -80.972982, 35.299078 ], [ -80.967521, 35.301907 ], [ -80.965759, 35.302077 ], [ -80.962148, 35.304559 ], [ -80.958623, 35.301865 ], [ -80.957895, 35.303172 ], [ -80.956533, 35.302581 ], [ -80.956317, 35.301243 ], [ -80.956202, 35.300839 ], [ -80.954487, 35.300026 ], [ -80.952629, 35.298397 ], [ -80.949451, 35.298505 ], [ -80.947803, 35.293323 ], [ -80.944549, 35.289596 ], [ -80.942594, 35.28636 ], [ -80.934949, 35.279403 ], [ -80.936423, 35.279137 ], [ -80.937391, 35.278114 ], [ -80.936816, 35.276234 ], [ -80.936761, 35.275786 ], [ -80.939778, 35.276643 ], [ -80.961955, 35.284139 ], [ -80.963267, 35.284699 ], [ -80.964773, 35.285912 ], [ -80.965167, 35.286593 ], [ -80.966643, 35.288635 ], [ -80.971556, 35.291499 ], [ -80.973812, 35.291979 ], [ -80.98306, 35.292075 ], [ -80.985876, 35.292775 ], [ -80.9857, 35.293819 ] ] ] } },
{ "type": "Feature", "properties": { "STATEFP": "37", "COUNTYFP": "119", "TRACTCE": "005864", "GEOIDFQ": "1400000US37119005864", "GEOID": "37119005864", "NAME": "58.64", "NAMELSAD": "Census Tract 58.64", "STUSPS": "NC", "NAMELSADCO": "Mecklenburg County", "STATE_NAME": "North Carolina", "LSAD": "CT", "ALAND": 2933859, "AWATER": 364, "centroid_lon": -80.81743575616936, "centroid_lat": 35.02384860822918, "B03002_001E": 4887, "B03002_001M": 545, "B03002_012E": 320, "B03002_012M": 279, "B19013_001E": 162981, "B19013_001M": 15631, "B01003_001E": 4887, "state": "37", "county": "119", "tract": "005864", "latino_share": 0.065479844485369351, "camera_count": 0, "arterial_road_m": 3810.1511490742823, "land_area_km2": 2.933859, "pop_density_per_km2": 1665.7242219206853, "arterial_km_per_km2": 1.2986824346617485, "log_income": 12.001388908577562, "city": "Charlotte" }, "geometry": { "type": "Polygon", "coordinates": [ [ [ -80.832456, 35.019598 ], [ -80.829353, 35.020583 ], [ -80.825429, 35.020509 ], [ -80.823675, 35.023264 ], [ -80.822422, 35.029368 ], [ -80.820513, 35.030338 ], [ -80.815141, 35.031605 ], [ -80.813129, 35.033061 ], [ -80.809541, 35.033682 ], [ -80.806665, 35.033736 ], [ -80.802538, 35.033198 ], [ -80.803462, 35.031502 ], [ -80.804506, 35.027749 ], [ -80.805909, 35.025506 ], [ -80.808696, 35.023233 ], [ -80.810867, 35.021999 ], [ -80.811156, 35.02148 ], [ -80.811173, 35.021453 ], [ -80.814603, 35.020438 ], [ -80.815686, 35.019465 ], [ -80.82101, 35.017326 ], [ -80.82232, 35.016139 ], [ -80.822206, 35.01465 ], [ -80.825059, 35.011972 ], [ -80.827919, 35.010464 ], [ -80.828051, 35.010383 ], [ -80.829145, 35.011457 ], [ -80.829391, 35.01289 ], [ -80.829516, 35.013606 ], [ -80.832225, 35.019024 ], [ -80.832456, 35.019598 ] ] ] } },
{ "type": "Feature", "properties": { "STATEFP": "37", "COUNTYFP": "119", "TRACTCE": "004101", "GEOIDFQ": "1400000US37119004101", "GEOID": "37119004101", "NAME": "41.01", "NAMELSAD": "Census Tract 41.01", "STUSPS": "NC", "NAMELSADCO": "Mecklenburg County", "STATE_NAME": "North Carolina", "LSAD": "CT", "ALAND": 2005460, "AWATER": 0, "centroid_lon": -80.875006598600478, "centroid_lat": 35.227504608984155, "B03002_001E": 1744, "B03002_001M": 275, "B03002_012E": 36, "B03002_012M": 57, "B19013_001E": 66533, "B19013_001M": 19867, "B01003_001E": 1744, "state": "37", "county": "119", "tract": "004101", "latino_share": 0.020642201834862386, "camera_count": 0, "arterial_road_m": 13459.89719917802, "land_area_km2": 2.00546, "pop_density_per_km2": 869.6259212350285, "arterial_km_per_km2": 6.7116258609885122, "log_income": 11.1054533441588, "city": "Charlotte" }, "geometry": { "type": "Polygon", "coordinates": [ [ [ -80.884289, 35.228205 ], [ -80.883991, 35.231513 ], [ -80.880562, 35.235927 ], [ -80.878854, 35.234657 ], [ -80.876255, 35.233102 ], [ -80.873355, 35.231618 ], [ -80.868958, 35.23057 ], [ -80.866931, 35.228978 ], [ -80.866352, 35.229101 ], [ -80.860434, 35.229011 ], [ -80.861252, 35.227808 ], [ -80.865533, 35.224385 ], [ -80.866983, 35.22303 ], [ -80.867908, 35.222142 ], [ -80.879556, 35.222242 ], [ -80.883233, 35.222242 ], [ -80.883239, 35.223992 ], [ -80.884514, 35.224067 ], [ -80.884289, 35.228205 ] ] ] } },
{ "type": "Feature", "properties": { "STATEFP": "37", "COUNTYFP": "119", "TRACTCE": "006110", "GEOIDFQ": "1400000US37119006110", "GEOID": "37119006110", "NAME": "61.10", "NAMELSAD": "Census Tract 61.10", "STUSPS": "NC", "NAMELSADCO": "Mecklenburg County", "STATE_NAME": "North Carolina", "LSAD": "CT", "ALAND": 8067877, "AWATER": 43230, "centroid_lon": -80.915444854756274, "centroid_lat": 35.300817529779742, "B03002_001E": 6291, "B03002_001M": 1360, "B03002_012E": 1034, "B03002_012M": 860, "B19013_001E": 80478, "B19013_001M": 14223, "B01003_001E": 6291, "state": "37", "county": "119", "tract": "006110", "latino_share": 0.16436178667938325, "camera_count": 2, "arterial_road_m": 21887.433754724749, "land_area_km2": 8.067877, "pop_density_per_km2": 779.75903698085642, "arterial_km_per_km2": 2.7129111852752281, "log_income": 11.295739134130145, "city": "Charlotte" }, "geometry": { "type": "Polygon", "coordinates": [ [ [ -80.945624, 35.317083 ], [ -80.942742, 35.320367 ], [ -80.940875, 35.321899 ], [ -80.938346, 35.319857 ], [ -80.926107, 35.309842 ], [ -80.923232, 35.311531 ], [ -80.919383, 35.311627 ], [ -80.916037, 35.31026 ], [ -80.911663, 35.308394 ], [ -80.905388, 35.30555 ], [ -80.900558, 35.302879 ], [ -80.896106, 35.30141 ], [ -80.894084, 35.297954 ], [ -80.892918, 35.294386 ], [ -80.891045, 35.292743 ], [ -80.891341, 35.290756 ], [ -80.891719, 35.288965 ], [ -80.893594, 35.285756 ], [ -80.896054, 35.282777 ], [ -80.89862, 35.280966 ], [ -80.904616, 35.284344 ], [ -80.917279, 35.29402 ], [ -80.918558, 35.295145 ], [ -80.91992, 35.297382 ], [ -80.926145, 35.299729 ], [ -80.935337, 35.301863 ], [ -80.936624, 35.302722 ], [ -80.937351, 35.303646 ], [ -80.939285, 35.309448 ], [ -80.944154, 35.315841 ], [ -80.945624, 35.317083 ] ] ] } },
{ "type": "Feature", "properties": { "STATEFP": "37", "COUNTYFP": "119", "TRACTCE": "002908", "GEOIDFQ": "1400000US37119002908", "GEOID": "37119002908", "NAME": "29.08", "NAMELSAD": "Census Tract 29.08", "STUSPS": "NC", "NAMELSADCO": "Mecklenburg County", "STATE_NAME": "North Carolina", "LSAD": "CT", "ALAND": 3817833, "AWATER": 68642, "centroid_lon": -80.792562276693332, "centroid_lat": 35.138105443326374, "B03002_001E": 3622, "B03002_001M": 363, "B03002_012E": 230, "B03002_012M": 166, "B19013_001E": 135875, "B19013_001M": 27305, "B01003_001E": 3622, "state": "37", "county": "119", "tract": "002908", "latino_share": 0.06350082827167311, "camera_count": 0, "arterial_road_m": 7989.8142352433588, "land_area_km2": 3.817833, "pop_density_per_km2": 948.70571866291698, "arterial_km_per_km2": 2.0927615836636542, "log_income": 11.81949062442351, "city": "Charlotte" }, "geometry": { "type": "Polygon", "coordinates": [ [ [ -80.801649, 35.141407 ], [ -80.801726, 35.146843 ], [ -80.80192, 35.14835 ], [ -80.802069, 35.148874 ], [ -80.797349, 35.151908 ], [ -80.79497, 35.154443 ], [ -80.79328, 35.151339 ], [ -80.788157, 35.145039 ], [ -80.786092, 35.142723 ], [ -80.785759, 35.14225 ], [ -80.785234, 35.141327 ], [ -80.783735, 35.137823 ], [ -80.781878, 35.133343 ], [ -80.78123, 35.128417 ], [ -80.78496, 35.124616 ], [ -80.78585, 35.124745 ], [ -80.788416, 35.125111 ], [ -80.78825, 35.126586 ], [ -80.792149, 35.126783 ], [ -80.796042, 35.12867 ], [ -80.800981, 35.133749 ], [ -80.80317, 35.138568 ], [ -80.801649, 35.141407 ] ] ] } },
{ "type": "Feature", "properties": { "STATEFP": "37", "COUNTYFP": "119", "TRACTCE": "005536", "GEOIDFQ": "1400000US37119005536", "GEOID": "37119005536", "NAME": "55.36", "NAMELSAD": "Census Tract 55.36", "STUSPS": "NC", "NAMELSADCO": "Mecklenburg County", "STATE_NAME": "North Carolina", "LSAD": "CT", "ALAND": 11716125, "AWATER": 42166, "centroid_lon": -80.776276950134729, "centroid_lat": 35.295496955479464, "B03002_001E": 5841, "B03002_001M": 929, "B03002_012E": 572, "B03002_012M": 247, "B19013_001E": 72206, "B19013_001M": 14941, "B01003_001E": 5841, "state": "37", "county": "119", "tract": "005536", "latino_share": 0.097928436911487754, "camera_count": 6, "arterial_road_m": 52820.313669560855, "land_area_km2": 11.716125, "pop_density_per_km2": 498.54367378292739, "arterial_km_per_km2": 4.5083433020355157, "log_income": 11.187278423921171, "city": "Charlotte" }, "geometry": { "type": "Polygon", "coordinates": [ [ [ -80.804969, 35.28187 ], [ -80.800544, 35.287431 ], [ -80.800022, 35.288309 ], [ -80.798717, 35.290994 ], [ -80.798265, 35.292718 ], [ -80.798575, 35.295988 ], [ -80.799088, 35.296848 ], [ -80.797986, 35.295638 ], [ -80.79325, 35.295888 ], [ -80.790092, 35.295901 ], [ -80.789506, 35.29898 ], [ -80.78884, 35.299888 ], [ -80.787217, 35.301604 ], [ -80.786119, 35.3024 ], [ -80.786027, 35.303075 ], [ -80.784623, 35.303137 ], [ -80.781806, 35.304126 ], [ -80.780469, 35.30492 ], [ -80.77937, 35.306319 ], [ -80.778987, 35.307331 ], [ -80.777905, 35.308119 ], [ -80.776655, 35.307922 ], [ -80.77802, 35.310085 ], [ -80.778089, 35.310839 ], [ -80.776737, 35.313831 ], [ -80.776315, 35.317441 ], [ -80.7639, 35.313842 ], [ -80.761781, 35.313198 ], [ -80.76004, 35.312521 ], [ -80.758863, 35.311958 ], [ -80.754356, 35.308928 ], [ -80.749784, 35.305661 ], [ -80.75373, 35.299704 ], [ -80.756259, 35.291469 ], [ -80.757019, 35.290178 ], [ -80.758952, 35.288379 ], [ -80.762297, 35.285244 ], [ -80.763927, 35.284525 ], [ -80.770748, 35.28427 ], [ -80.772239, 35.284217 ], [ -80.77367, 35.28403 ], [ -80.790476, 35.279539 ], [ -80.793526, 35.278725 ], [ -80.803193, 35.276267 ], [ -80.809067, 35.276659 ], [ -80.804969, 35.28187 ] ] ] } },
{ "type": "Feature", "properties": { "STATEFP": "37", "COUNTYFP": "119", "TRACTCE": "005854", "GEOIDFQ": "1400000US37119005854", "GEOID": "37119005854", "NAME": "58.54", "NAMELSAD": "Census Tract 58.54", "STUSPS": "NC", "NAMELSADCO": "Mecklenburg County", "STATE_NAME": "North Carolina", "LSAD": "CT", "ALAND": 2579853, "AWATER": 1192, "centroid_lon": -80.861435313631233, "centroid_lat": 35.059004732958797, "B03002_001E": 3104, "B03002_001M": 888, "B03002_012E": 663, "B03002_012M": 504, "B19013_001E": 126684, "B19013_001M": 12872, "B01003_001E": 3104, "state": "37", "county": "119", "tract": "005854", "latino_share": 0.21359536082474226, "camera_count": 1, "arterial_road_m": 9852.2914974965825, "land_area_km2": 2.579853, "pop_density_per_km2": 1203.1693278648047, "arterial_km_per_km2": 3.8189352251839859, "log_income": 11.749451075777696, "city": "Charlotte" }, "geometry": { "type": "Polygon", "coordinates": [ [ [ -80.876949, 35.062879 ], [ -80.875929, 35.062307 ], [ -80.874528, 35.060476 ], [ -80.870536, 35.060577 ], [ -80.869653, 35.062522 ], [ -80.872217, 35.065623 ], [ -80.869436, 35.066347 ], [ -80.867377, 35.065745 ], [ -80.868421, 35.062462 ], [ -80.864304, 35.062014 ], [ -80.863562, 35.060291 ], [ -80.861183, 35.061103 ], [ -80.858187, 35.065352 ], [ -80.855431, 35.065035 ], [ -80.845631, 35.065023 ], [ -80.849784, 35.05692 ], [ -80.850137, 35.054656 ], [ -80.857073, 35.056227 ], [ -80.859029, 35.055738 ], [ -80.862473, 35.052922 ], [ -80.868229, 35.050247 ], [ -80.876063, 35.058986 ], [ -80.876531, 35.059977 ], [ -80.876949, 35.062879 ] ] ] } },
{ "type": "Feature", "properties": { "STATEFP": "37", "COUNTYFP": "119", "TRACTCE": "005723", "GEOIDFQ": "1400000US37119005723", "GEOID": "37119005723", "NAME": "57.23", "NAMELSAD": "Census Tract 57.23", "STUSPS": "NC", "NAMELSADCO": "Mecklenburg County", "STATE_NAME": "North Carolina", "LSAD": "CT", "ALAND": 2962758, "AWATER": 26516, "centroid_lon": -80.721263647614549, "centroid_lat": 35.152834833273218, "B03002_001E": 3732, "B03002_001M": 643, "B03002_012E": 723, "B03002_012M": 427, "B19013_001E": 72816, "B19013_001M": 12797, "B01003_001E": 3732, "state": "37", "county": "119", "tract": "005723", "latino_share": 0.1937299035369775, "camera_count": 0, "arterial_road_m": 6068.7413562069269, "land_area_km2": 2.962758, "pop_density_per_km2": 1259.6371353988411, "arterial_km_per_km2": 2.0483419017708928, "log_income": 11.195690990256423, "city": "Charlotte" }, "geometry": { "type": "Polygon", "coordinates": [ [ [ -80.734944, 35.161085 ], [ -80.732139, 35.162727 ], [ -80.731053, 35.161221 ], [ -80.727592, 35.159059 ], [ -80.726512, 35.159038 ], [ -80.720889, 35.161244 ], [ -80.717593, 35.162017 ], [ -80.715936, 35.162911 ], [ -80.713849, 35.161008 ], [ -80.712196, 35.151866 ], [ -80.71263, 35.149766 ], [ -80.714535, 35.147584 ], [ -80.714985, 35.146455 ], [ -80.714592, 35.14075 ], [ -80.71383, 35.138206 ], [ -80.714817, 35.136344 ], [ -80.71516, 35.136787 ], [ -80.720322, 35.142582 ], [ -80.72252, 35.145089 ], [ -80.724318, 35.147133 ], [ -80.726121, 35.149196 ], [ -80.731288, 35.155032 ], [ -80.736366, 35.159765 ], [ -80.734944, 35.161085 ] ] ] } },
{ "type": "Feature", "properties": { "STATEFP": "37", "COUNTYFP": "119", "TRACTCE": "003702", "GEOIDFQ": "1400000US37119003702", "GEOID": "37119003702", "NAME": "37.02", "NAMELSAD": "Census Tract 37.02", "STUSPS": "NC", "NAMELSADCO": "Mecklenburg County", "STATE_NAME": "North Carolina", "LSAD": "CT", "ALAND": 1931000, "AWATER": 0, "centroid_lon": -80.876098077904658, "centroid_lat": 35.203078768086669, "B03002_001E": 2239, "B03002_001M": 455, "B03002_012E": 49, "B03002_012M": 36, "B19013_001E": 76583, "B19013_001M": 42811, "B01003_001E": 2239, "state": "37", "county": "119", "tract": "003702", "latino_share": 0.02188476998660116, "camera_count": 0, "arterial_road_m": 9246.9306866676616, "land_area_km2": 1.931, "pop_density_per_km2": 1159.5028482651476, "arterial_km_per_km2": 4.7886746176424975, "log_income": 11.246130398983224, "city": "Charlotte" }, "geometry": { "type": "Polygon", "coordinates": [ [ [ -80.882411, 35.20102 ], [ -80.882208, 35.201521 ], [ -80.881912, 35.205054 ], [ -80.88253, 35.20659 ], [ -80.882985, 35.207836 ], [ -80.879935, 35.210721 ], [ -80.876517, 35.213363 ], [ -80.875507, 35.212408 ], [ -80.87474, 35.210712 ], [ -80.874174, 35.209703 ], [ -80.873661, 35.209073 ], [ -80.869459, 35.205589 ], [ -80.867985, 35.204364 ], [ -80.867091, 35.203719 ], [ -80.866335, 35.203115 ], [ -80.869442, 35.199404 ], [ -80.872022, 35.195986 ], [ -80.872709, 35.194858 ], [ -80.873068, 35.194506 ], [ -80.877215, 35.195861 ], [ -80.886495, 35.19921 ], [ -80.882411, 35.20102 ] ] ] } },
{ "type": "Feature", "properties": { "STATEFP": "37", "COUNTYFP": "119", "TRACTCE": "006014", "GEOIDFQ": "1400000US37119006014", "GEOID": "37119006014", "NAME": "60.14", "NAMELSAD": "Census Tract 60.14", "STUSPS": "NC", "NAMELSADCO": "Mecklenburg County", "STATE_NAME": "North Carolina", "LSAD": "CT", "ALAND": 5661572, "AWATER": 507565, "centroid_lon": -80.969933800097863, "centroid_lat": 35.330364619093473, "B03002_001E": 3878, "B03002_001M": 562, "B03002_012E": 486, "B03002_012M": 460, "B19013_001E": 121300, "B19013_001M": 40710, "B01003_001E": 3878, "state": "37", "county": "119", "tract": "006014", "latino_share": 0.12532233109850438, "camera_count": 0, "arterial_road_m": 3793.5601579089134, "land_area_km2": 5.661572, "pop_density_per_km2": 684.96876839153515, "arterial_km_per_km2": 0.67005421072255433, "log_income": 11.706022094932141, "city": "Charlotte" }, "geometry": { "type": "Polygon", "coordinates": [ [ [ -80.984894, 35.340059 ], [ -80.983481, 35.341602 ], [ -80.981471, 35.342653 ], [ -80.976254, 35.344114 ], [ -80.974434, 35.34539 ], [ -80.97267, 35.350257 ], [ -80.969918, 35.347528 ], [ -80.96949, 35.347007 ], [ -80.969037, 35.346351 ], [ -80.968596, 35.34555 ], [ -80.968098, 35.344522 ], [ -80.96662, 35.341555 ], [ -80.963071, 35.338137 ], [ -80.962974, 35.336729 ], [ -80.95751, 35.328074 ], [ -80.95251, 35.320802 ], [ -80.954567, 35.318842 ], [ -80.956843, 35.317296 ], [ -80.960431, 35.315954 ], [ -80.9641, 35.315254 ], [ -80.965582, 35.316103 ], [ -80.970452, 35.317737 ], [ -80.970765, 35.317813 ], [ -80.972803, 35.318307 ], [ -80.975911, 35.320334 ], [ -80.976177, 35.320493 ], [ -80.979758, 35.322678 ], [ -80.981549, 35.324818 ], [ -80.983622, 35.324811 ], [ -80.982655, 35.325824 ], [ -80.981687, 35.327216 ], [ -80.980804, 35.32979 ], [ -80.981805, 35.333168 ], [ -80.982994, 35.335078 ], [ -80.984667, 35.33634 ], [ -80.985302, 35.337217 ], [ -80.984894, 35.340059 ] ] ] } },
{ "type": "Feature", "properties": { "STATEFP": "37", "COUNTYFP": "119", "TRACTCE": "002202", "GEOIDFQ": "1400000US37119002202", "GEOID": "37119002202", "NAME": "22.02", "NAMELSAD": "Census Tract 22.02", "STUSPS": "NC", "NAMELSADCO": "Mecklenburg County", "STATE_NAME": "North Carolina", "LSAD": "CT", "ALAND": 2220624, "AWATER": 7869, "centroid_lon": -80.810632767699389, "centroid_lat": 35.18126542524849, "B03002_001E": 2925, "B03002_001M": 523, "B03002_012E": 9, "B03002_012M": 14, "B19013_001E": 122981, "B19013_001M": 41621, "B01003_001E": 2925, "state": "37", "county": "119", "tract": "002202", "latino_share": 0.0030769230769230769, "camera_count": 1, "arterial_road_m": 7596.215941625348, "land_area_km2": 2.220624, "pop_density_per_km2": 1317.1973283185266, "arterial_km_per_km2": 3.4207573824408581, "log_income": 11.719785150877881, "city": "Charlotte" }, "geometry": { "type": "Polygon", "coordinates": [ [ [ -80.82007, 35.182795 ], [ -80.81614, 35.186251 ], [ -80.8158, 35.186751 ], [ -80.813672, 35.192436 ], [ -80.811987, 35.197549 ], [ -80.812522, 35.19951 ], [ -80.811155, 35.198392 ], [ -80.810607, 35.19715 ], [ -80.810874, 35.190623 ], [ -80.81075, 35.189482 ], [ -80.809149, 35.186132 ], [ -80.805235, 35.181358 ], [ -80.798858, 35.176611 ], [ -80.798232, 35.175937 ], [ -80.800245, 35.175403 ], [ -80.808235, 35.171247 ], [ -80.814057, 35.174995 ], [ -80.817302, 35.177172 ], [ -80.818201, 35.178299 ], [ -80.82007, 35.182795 ] ] ] } },
{ "type": "Feature", "properties": { "STATEFP": "37", "COUNTYFP": "119", "TRACTCE": "002201", "GEOIDFQ": "1400000US37119002201", "GEOID": "37119002201", "NAME": "22.01", "NAMELSAD": "Census Tract 22.01", "STUSPS": "NC", "NAMELSADCO": "Mecklenburg County", "STATE_NAME": "North Carolina", "LSAD": "CT", "ALAND": 2122048, "AWATER": 0, "centroid_lon": -80.799155824113711, "centroid_lat": 35.184319618183906, "B03002_001E": 2680, "B03002_001M": 469, "B03002_012E": 243, "B03002_012M": 277, "B19013_001E": 167500, "B19013_001M": 51224, "B01003_001E": 2680, "state": "37", "county": "119", "tract": "002201", "latino_share": 0.090671641791044782, "camera_count": 0, "arterial_road_m": 5159.2109073017327, "land_area_km2": 2.122048, "pop_density_per_km2": 1262.9309044847241, "arterial_km_per_km2": 2.4312413796962806, "log_income": 12.028738630247258, "city": "Charlotte" }, "geometry": { "type": "Polygon", "coordinates": [ [ [ -80.810874, 35.190623 ], [ -80.807097, 35.190365 ], [ -80.801596, 35.191037 ], [ -80.801137, 35.189781 ], [ -80.797214, 35.19059 ], [ -80.793677, 35.191093 ], [ -80.793423, 35.189366 ], [ -80.792069, 35.186608 ], [ -80.791773, 35.186028 ], [ -80.78892, 35.181289 ], [ -80.788841, 35.179204 ], [ -80.790135, 35.179039 ], [ -80.790544, 35.1789 ], [ -80.792756, 35.177775 ], [ -80.793775, 35.177242 ], [ -80.798232, 35.175937 ], [ -80.798858, 35.176611 ], [ -80.805235, 35.181358 ], [ -80.809149, 35.186132 ], [ -80.81075, 35.189482 ], [ -80.810874, 35.190623 ] ] ] } },
{ "type": "Feature", "properties": { "STATEFP": "37", "COUNTYFP": "119", "TRACTCE": "003020", "GEOIDFQ": "1400000US37119003020", "GEOID": "37119003020", "NAME": "30.20", "NAMELSAD": "Census Tract 30.20", "STUSPS": "NC", "NAMELSADCO": "Mecklenburg County", "STATE_NAME": "North Carolina", "LSAD": "CT", "ALAND": 6309683, "AWATER": 38359, "centroid_lon": -80.811486729924667, "centroid_lat": 35.11746966060209, "B03002_001E": 4270, "B03002_001M": 606, "B03002_012E": 88, "B03002_012M": 71, "B19013_001E": 242399, "B19013_001M": 34194, "B01003_001E": 4270, "state": "37", "county": "119", "tract": "003020", "latino_share": 0.020608899297423888, "camera_count": 0, "arterial_road_m": 7565.4857378156903, "land_area_km2": 6.309683, "pop_density_per_km2": 676.73764276271891, "arterial_km_per_km2": 1.1990278652375548, "log_income": 12.398340407756246, "city": "Charlotte" }, "geometry": { "type": "Polygon", "coordinates": [ [ [ -80.827402, 35.10579 ], [ -80.826864, 35.106576 ], [ -80.826405, 35.110399 ], [ -80.825544, 35.112265 ], [ -80.825039, 35.113367 ], [ -80.824073, 35.115463 ], [ -80.817627, 35.122941 ], [ -80.815125, 35.127747 ], [ -80.813476, 35.129183 ], [ -80.810447, 35.131856 ], [ -80.809177, 35.132571 ], [ -80.806815, 35.133955 ], [ -80.805408, 35.136625 ], [ -80.80317, 35.138568 ], [ -80.800981, 35.133749 ], [ -80.796042, 35.12867 ], [ -80.792149, 35.126783 ], [ -80.78825, 35.126586 ], [ -80.788416, 35.125111 ], [ -80.78979, 35.124422 ], [ -80.792495, 35.11953 ], [ -80.795723, 35.119555 ], [ -80.798709, 35.120868 ], [ -80.801553, 35.118161 ], [ -80.805705, 35.118915 ], [ -80.80692, 35.118138 ], [ -80.808311, 35.11679 ], [ -80.808916, 35.114976 ], [ -80.807283, 35.113102 ], [ -80.80765, 35.112296 ], [ -80.811767, 35.111053 ], [ -80.813272, 35.111178 ], [ -80.811727, 35.108356 ], [ -80.81257, 35.106728 ], [ -80.814876, 35.105438 ], [ -80.818246, 35.103479 ], [ -80.818672, 35.099571 ], [ -80.820673, 35.097242 ], [ -80.821356, 35.093341 ], [ -80.824767, 35.092135 ], [ -80.826328, 35.095371 ], [ -80.827398, 35.096699 ], [ -80.826707, 35.101345 ], [ -80.826921, 35.105454 ], [ -80.827402, 35.10579 ] ] ] } },
{ "type": "Feature", "properties": { "STATEFP": "37", "COUNTYFP": "119", "TRACTCE": "005931", "GEOIDFQ": "1400000US37119005931", "GEOID": "37119005931", "NAME": "59.31", "NAMELSAD": "Census Tract 59.31", "STUSPS": "NC", "NAMELSADCO": "Mecklenburg County", "STATE_NAME": "North Carolina", "LSAD": "CT", "ALAND": 2220845, "AWATER": 11750, "centroid_lon": -80.971691994210985, "centroid_lat": 35.102885069277207, "B03002_001E": 4162, "B03002_001M": 702, "B03002_012E": 834, "B03002_012M": 325, "B19013_001E": 90607, "B19013_001M": 20922, "B01003_001E": 4162, "state": "37", "county": "119", "tract": "005931", "latino_share": 0.20038443056222971, "camera_count": 0, "arterial_road_m": 4775.7183213543949, "land_area_km2": 2.220845, "pop_density_per_km2": 1874.061449583379, "arterial_km_per_km2": 2.1504059587023834, "log_income": 11.414286751739619, "city": "Charlotte" }, "geometry": { "type": "Polygon", "coordinates": [ [ [ -80.981637, 35.106214 ], [ -80.978685, 35.107996 ], [ -80.971835, 35.112049 ], [ -80.970664, 35.112659 ], [ -80.969417, 35.113039 ], [ -80.966229, 35.105933 ], [ -80.966034, 35.104856 ], [ -80.964791, 35.101559 ], [ -80.962043, 35.097727 ], [ -80.96042, 35.096771 ], [ -80.959479, 35.095469 ], [ -80.961324, 35.094991 ], [ -80.96354, 35.093802 ], [ -80.964224, 35.093861 ], [ -80.971897, 35.09705 ], [ -80.975775, 35.097863 ], [ -80.978648, 35.099651 ], [ -80.97988, 35.100037 ], [ -80.983592, 35.105249 ], [ -80.981637, 35.106214 ] ] ] } },
{ "type": "Feature", "properties": { "STATEFP": "37", "COUNTYFP": "119", "TRACTCE": "005927", "GEOIDFQ": "1400000US37119005927", "GEOID": "37119005927", "NAME": "59.27", "NAMELSAD": "Census Tract 59.27", "STUSPS": "NC", "NAMELSADCO": "Mecklenburg County", "STATE_NAME": "North Carolina", "LSAD": "CT", "ALAND": 2909356, "AWATER": 40885, "centroid_lon": -80.932047364347952, "centroid_lat": 35.152821444656738, "B03002_001E": 7905, "B03002_001M": 2602, "B03002_012E": 1191, "B03002_012M": 599, "B19013_001E": 92292, "B19013_001M": 20313, "B01003_001E": 7905, "state": "37", "county": "119", "tract": "005927", "latino_share": 0.15066413662239089, "camera_count": 7, "arterial_road_m": 10842.307272919388, "land_area_km2": 2.909356, "pop_density_per_km2": 2717.0961546129111, "arterial_km_per_km2": 3.726703529206941, "log_income": 11.432712742845053, "city": "Charlotte" }, "geometry": { "type": "Polygon", "coordinates": [ [ [ -80.947681, 35.154257 ], [ -80.943141, 35.155813 ], [ -80.941493, 35.155687 ], [ -80.93939, 35.153761 ], [ -80.933921, 35.155136 ], [ -80.93279, 35.154353 ], [ -80.932546, 35.158881 ], [ -80.930452, 35.163186 ], [ -80.921222, 35.163741 ], [ -80.921003, 35.159972 ], [ -80.920592, 35.159507 ], [ -80.921761, 35.158037 ], [ -80.922372, 35.156731 ], [ -80.926163, 35.147036 ], [ -80.926926, 35.145683 ], [ -80.92778, 35.144715 ], [ -80.931831, 35.141493 ], [ -80.941935, 35.147967 ], [ -80.944396, 35.149905 ], [ -80.947681, 35.154257 ] ] ] } },
{ "type": "Feature", "properties": { "STATEFP": "37", "COUNTYFP": "119", "TRACTCE": "004306", "GEOIDFQ": "1400000US37119004306", "GEOID": "37119004306", "NAME": "43.06", "NAMELSAD": "Census Tract 43.06", "STUSPS": "NC", "NAMELSADCO": "Mecklenburg County", "STATE_NAME": "North Carolina", "LSAD": "CT", "ALAND": 1552853, "AWATER": 1968, "centroid_lon": -80.910049262905446, "centroid_lat": 35.243369347254351, "B03002_001E": 3130, "B03002_001M": 1539, "B03002_012E": 702, "B03002_012M": 347, "B19013_001E": 57917, "B19013_001M": 21292, "B01003_001E": 3130, "state": "37", "county": "119", "tract": "004306", "latino_share": 0.2242811501597444, "camera_count": 0, "arterial_road_m": 6153.0841841476677, "land_area_km2": 1.552853, "pop_density_per_km2": 2015.6447519501201, "arterial_km_per_km2": 3.9624382888448988, "log_income": 10.966766230138051, "city": "Charlotte" }, "geometry": { "type": "Polygon", "coordinates": [ [ [ -80.919849, 35.244656 ], [ -80.91775, 35.245121 ], [ -80.913545, 35.24722 ], [ -80.909789, 35.248665 ], [ -80.909401, 35.248659 ], [ -80.902112, 35.246761 ], [ -80.897984, 35.245978 ], [ -80.897191, 35.245678 ], [ -80.899937, 35.242473 ], [ -80.910361, 35.239205 ], [ -80.915403, 35.237959 ], [ -80.919792, 35.238365 ], [ -80.919491, 35.240918 ], [ -80.919849, 35.244656 ] ] ] } },
{ "type": "Feature", "properties": { "STATEFP": "37", "COUNTYFP": "119", "TRACTCE": "000104", "GEOIDFQ": "1400000US37119000104", "GEOID": "37119000104", "NAME": "1.04", "NAMELSAD": "Census Tract 1.04", "STUSPS": "NC", "NAMELSADCO": "Mecklenburg County", "STATE_NAME": "North Carolina", "LSAD": "CT", "ALAND": 611898, "AWATER": 0, "centroid_lon": -80.83887229765817, "centroid_lat": 35.228441039604952, "B03002_001E": 1919, "B03002_001M": 275, "B03002_012E": 93, "B03002_012M": 73, "B19013_001E": 109805, "B19013_001M": 8019, "B01003_001E": 1919, "state": "37", "county": "119", "tract": "000104", "latino_share": 0.048462741010943201, "camera_count": 2, "arterial_road_m": 8109.016742594712, "land_area_km2": 0.611898, "pop_density_per_km2": 3136.1436056336183, "arterial_km_per_km2": 13.252236063191432, "log_income": 11.606461344361394, "city": "Charlotte" }, "geometry": { "type": "Polygon", "coordinates": [ [ [ -80.845138, 35.228969 ], [ -80.841829, 35.231258 ], [ -80.839796, 35.231163 ], [ -80.837512, 35.232782 ], [ -80.836577, 35.233447 ], [ -80.833429, 35.230813 ], [ -80.836596, 35.22843 ], [ -80.834669, 35.226815 ], [ -80.836821, 35.225307 ], [ -80.835844, 35.22447 ], [ -80.83802, 35.222916 ], [ -80.843083, 35.2272 ], [ -80.845138, 35.228969 ] ] ] } },
{ "type": "Feature", "properties": { "STATEFP": "37", "COUNTYFP": "119", "TRACTCE": "003401", "GEOIDFQ": "1400000US37119003401", "GEOID": "37119003401", "NAME": "34.01", "NAMELSAD": "Census Tract 34.01", "STUSPS": "NC", "NAMELSADCO": "Mecklenburg County", "STATE_NAME": "North Carolina", "LSAD": "CT", "ALAND": 709650, "AWATER": 0, "centroid_lon": -80.858985964824484, "centroid_lat": 35.202837286684471, "B03002_001E": 2235, "B03002_001M": 405, "B03002_012E": 271, "B03002_012M": 211, "B19013_001E": 141419, "B19013_001M": 11151, "B01003_001E": 2235, "state": "37", "county": "119", "tract": "003401", "latino_share": 0.12125279642058165, "camera_count": 4, "arterial_road_m": 1745.6760028807241, "land_area_km2": 0.70965, "pop_density_per_km2": 3149.439864722046, "arterial_km_per_km2": 2.4599112279020985, "log_income": 11.859482393997606, "city": "Charlotte" }, "geometry": { "type": "Polygon", "coordinates": [ [ [ -80.866335, 35.203115 ], [ -80.860993, 35.209742 ], [ -80.860383, 35.210354 ], [ -80.859917, 35.20984 ], [ -80.861046, 35.20693 ], [ -80.856135, 35.203263 ], [ -80.852453, 35.202593 ], [ -80.85168, 35.197226 ], [ -80.851528, 35.19664 ], [ -80.852113, 35.196609 ], [ -80.854115, 35.197764 ], [ -80.854636, 35.200191 ], [ -80.856892, 35.199734 ], [ -80.862034, 35.200791 ], [ -80.86528, 35.202407 ], [ -80.866335, 35.203115 ] ] ] } },
{ "type": "Feature", "properties": { "STATEFP": "37", "COUNTYFP": "119", "TRACTCE": "005535", "GEOIDFQ": "1400000US37119005535", "GEOID": "37119005535", "NAME": "55.35", "NAMELSAD": "Census Tract 55.35", "STUSPS": "NC", "NAMELSADCO": "Mecklenburg County", "STATE_NAME": "North Carolina", "LSAD": "CT", "ALAND": 2706477, "AWATER": 14970, "centroid_lon": -80.788559109637561, "centroid_lat": 35.306091049521335, "B03002_001E": 4011, "B03002_001M": 659, "B03002_012E": 317, "B03002_012M": 252, "B19013_001E": 69315, "B19013_001M": 27985, "B01003_001E": 4011, "state": "37", "county": "119", "tract": "005535", "latino_share": 0.079032660184492648, "camera_count": 0, "arterial_road_m": 9144.4444234950661, "land_area_km2": 2.706477, "pop_density_per_km2": 1482.0004012596448, "arterial_km_per_km2": 3.378726079510399, "log_income": 11.146416611972477, "city": "Charlotte" }, "geometry": { "type": "Polygon", "coordinates": [ [ [ -80.801645, 35.300421 ], [ -80.794703, 35.30843 ], [ -80.792313, 35.310946 ], [ -80.791206, 35.31154 ], [ -80.78321, 35.314657 ], [ -80.778953, 35.318432 ], [ -80.777273, 35.317727 ], [ -80.776315, 35.317441 ], [ -80.776737, 35.313831 ], [ -80.778089, 35.310839 ], [ -80.77802, 35.310085 ], [ -80.776655, 35.307922 ], [ -80.777905, 35.308119 ], [ -80.778987, 35.307331 ], [ -80.77937, 35.306319 ], [ -80.780469, 35.30492 ], [ -80.781806, 35.304126 ], [ -80.784623, 35.303137 ], [ -80.786027, 35.303075 ], [ -80.786119, 35.3024 ], [ -80.787217, 35.301604 ], [ -80.78884, 35.299888 ], [ -80.789506, 35.29898 ], [ -80.790092, 35.295901 ], [ -80.79325, 35.295888 ], [ -80.797986, 35.295638 ], [ -80.799088, 35.296848 ], [ -80.800795, 35.29875 ], [ -80.801645, 35.300421 ] ] ] } },
{ "type": "Feature", "properties": { "STATEFP": "37", "COUNTYFP": "119", "TRACTCE": "005850", "GEOIDFQ": "1400000US37119005850", "GEOID": "37119005850", "NAME": "58.50", "NAMELSAD": "Census Tract 58.50", "STUSPS": "NC", "NAMELSADCO": "Mecklenburg County", "STATE_NAME": "North Carolina", "LSAD": "CT", "ALAND": 3879711, "AWATER": 9786, "centroid_lon": -80.759776474331389, "centroid_lat": 35.051628773977029, "B03002_001E": 2960, "B03002_001M": 551, "B03002_012E": 226, "B03002_012M": 333, "B19013_001E": 126730, "B19013_001M": 13772, "B01003_001E": 2960, "state": "37", "county": "119", "tract": "005850", "latino_share": 0.076351351351351349, "camera_count": 5, "arterial_road_m": 6559.6916592260459, "land_area_km2": 3.879711, "pop_density_per_km2": 762.9434254252443, "arterial_km_per_km2": 1.6907681162916635, "log_income": 11.74981411807611, "city": "Charlotte" }, "geometry": { "type": "Polygon", "coordinates": [ [ [ -80.769836, 35.059872 ], [ -80.763469, 35.060544 ], [ -80.757136, 35.062694 ], [ -80.752448, 35.059517 ], [ -80.751704, 35.059342 ], [ -80.751509, 35.0593 ], [ -80.748059, 35.056975 ], [ -80.742656, 35.055853 ], [ -80.741806, 35.055916 ], [ -80.751695, 35.048377 ], [ -80.752817, 35.047519 ], [ -80.767555, 35.036286 ], [ -80.768277, 35.038347 ], [ -80.769353, 35.045942 ], [ -80.76948, 35.049473 ], [ -80.769526, 35.051 ], [ -80.76979, 35.058386 ], [ -80.769836, 35.059872 ] ] ] } },
{ "type": "Feature", "properties": { "STATEFP": "37", "COUNTYFP": "119", "TRACTCE": "005852", "GEOIDFQ": "1400000US37119005852", "GEOID": "37119005852", "NAME": "58.52", "NAMELSAD": "Census Tract 58.52", "STUSPS": "NC", "NAMELSADCO": "Mecklenburg County", "STATE_NAME": "North Carolina", "LSAD": "CT", "ALAND": 1559397, "AWATER": 0, "centroid_lon": -80.830710256449976, "centroid_lat": 35.078779196301305, "B03002_001E": 2022, "B03002_001M": 510, "B03002_012E": 204, "B03002_012M": 128, "B19013_001E": 53690, "B19013_001M": 31442, "B01003_001E": 2022, "state": "37", "county": "119", "tract": "005852", "latino_share": 0.10089020771513353, "camera_count": 0, "arterial_road_m": 1750.0543884845379, "land_area_km2": 1.559397, "pop_density_per_km2": 1296.6550532032575, "arterial_km_per_km2": 1.1222635342279983, "log_income": 10.890982043416615, "city": "Charlotte" }, "geometry": { "type": "Polygon", "coordinates": [ [ [ -80.838958, 35.077404 ], [ -80.839189, 35.080216 ], [ -80.834085, 35.085355 ], [ -80.832627, 35.084192 ], [ -80.82997, 35.082977 ], [ -80.826652, 35.0829 ], [ -80.82296, 35.084092 ], [ -80.821351, 35.079389 ], [ -80.821437, 35.078134 ], [ -80.82231, 35.076926 ], [ -80.824099, 35.07701 ], [ -80.827066, 35.073203 ], [ -80.830609, 35.072971 ], [ -80.833862, 35.073543 ], [ -80.836947, 35.075282 ], [ -80.838126, 35.07517 ], [ -80.840644, 35.074468 ], [ -80.838958, 35.077404 ] ] ] } },
{ "type": "Feature", "properties": { "STATEFP": "37", "COUNTYFP": "119", "TRACTCE": "005626", "GEOIDFQ": "1400000US37119005626", "GEOID": "37119005626", "NAME": "56.26", "NAMELSAD": "Census Tract 56.26", "STUSPS": "NC", "NAMELSADCO": "Mecklenburg County", "STATE_NAME": "North Carolina", "LSAD": "CT", "ALAND": 6485341, "AWATER": 54861, "centroid_lon": -80.691261226150331, "centroid_lat": 35.231264737998906, "B03002_001E": 3859, "B03002_001M": 841, "B03002_012E": 991, "B03002_012M": 547, "B19013_001E": 61200, "B19013_001M": 39094, "B01003_001E": 3859, "state": "37", "county": "119", "tract": "005626", "latino_share": 0.25680228038351904, "camera_count": 4, "arterial_road_m": 4656.0945634891268, "land_area_km2": 6.485341, "pop_density_per_km2": 595.03424723541912, "arterial_km_per_km2": 0.71794136399136554, "log_income": 11.021902468500418, "city": "Charlotte" }, "geometry": { "type": "Polygon", "coordinates": [ [ [ -80.720028, 35.229903 ], [ -80.719986, 35.230026 ], [ -80.715235, 35.228994 ], [ -80.709716, 35.230562 ], [ -80.704736, 35.23232 ], [ -80.70079, 35.238329 ], [ -80.696815, 35.242009 ], [ -80.69082, 35.243422 ], [ -80.686643, 35.243477 ], [ -80.681391, 35.241874 ], [ -80.676974, 35.242131 ], [ -80.674871, 35.241052 ], [ -80.67311, 35.240007 ], [ -80.66991, 35.237154 ], [ -80.673179, 35.232956 ], [ -80.675491, 35.231788 ], [ -80.677007, 35.231004 ], [ -80.685146, 35.223119 ], [ -80.685954, 35.221085 ], [ -80.68712, 35.215152 ], [ -80.693991, 35.217243 ], [ -80.698217, 35.22009 ], [ -80.705423, 35.224943 ], [ -80.709791, 35.227443 ], [ -80.719991, 35.227743 ], [ -80.721491, 35.227743 ], [ -80.720028, 35.229903 ] ] ] } },
{ "type": "Feature", "properties": { "STATEFP": "37", "COUNTYFP": "119", "TRACTCE": "005530", "GEOIDFQ": "1400000US37119005530", "GEOID": "37119005530", "NAME": "55.30", "NAMELSAD": "Census Tract 55.30", "STUSPS": "NC", "NAMELSADCO": "Mecklenburg County", "STATE_NAME": "North Carolina", "LSAD": "CT", "ALAND": 6000633, "AWATER": 25414, "centroid_lon": -80.768819160955488, "centroid_lat": 35.357875156926063, "B03002_001E": 3640, "B03002_001M": 506, "B03002_012E": 111, "B03002_012M": 84, "B19013_001E": 85747, "B19013_001M": 10228, "B01003_001E": 3640, "state": "37", "county": "119", "tract": "005530", "latino_share": 0.030494505494505494, "camera_count": 1, "arterial_road_m": 18252.871238019383, "land_area_km2": 6.000633, "pop_density_per_km2": 606.60267008497271, "arterial_km_per_km2": 3.0418242938735607, "log_income": 11.359156378993442, "city": "Charlotte" }, "geometry": { "type": "Polygon", "coordinates": [ [ [ -80.787393, 35.366155 ], [ -80.786808, 35.368289 ], [ -80.786084, 35.369078 ], [ -80.768175, 35.368493 ], [ -80.765888, 35.368266 ], [ -80.763411, 35.367481 ], [ -80.745319, 35.360515 ], [ -80.7452, 35.360199 ], [ -80.749268, 35.360192 ], [ -80.749505, 35.359531 ], [ -80.75284, 35.359254 ], [ -80.756221, 35.356538 ], [ -80.757719, 35.353586 ], [ -80.757971, 35.353059 ], [ -80.759093, 35.350499 ], [ -80.759739, 35.346252 ], [ -80.76183, 35.34467 ], [ -80.764314, 35.342948 ], [ -80.767733, 35.341614 ], [ -80.771061, 35.342989 ], [ -80.775327, 35.350003 ], [ -80.77847, 35.352033 ], [ -80.780837, 35.354351 ], [ -80.783323, 35.36221 ], [ -80.78567, 35.363421 ], [ -80.787525, 35.365364 ], [ -80.787393, 35.366155 ] ] ] } },
{ "type": "Feature", "properties": { "STATEFP": "37", "COUNTYFP": "119", "TRACTCE": "000101", "GEOIDFQ": "1400000US37119000101", "GEOID": "37119000101", "NAME": "1.01", "NAMELSAD": "Census Tract 1.01", "STUSPS": "NC", "NAMELSADCO": "Mecklenburg County", "STATE_NAME": "North Carolina", "LSAD": "CT", "ALAND": 652831, "AWATER": 0, "centroid_lon": -80.845180401855387, "centroid_lat": 35.222225421398704, "B03002_001E": 1249, "B03002_001M": 368, "B03002_012E": 251, "B03002_012M": 280, "B19013_001E": 106601, "B19013_001M": 16694, "B01003_001E": 1249, "state": "37", "county": "119", "tract": "000101", "latino_share": 0.20096076861489193, "camera_count": 6, "arterial_road_m": 10337.503832765078, "land_area_km2": 0.652831, "pop_density_per_km2": 1913.2057148021463, "arterial_km_per_km2": 15.834885035736779, "log_income": 11.576848171532921, "city": "Charlotte" }, "geometry": { "type": "Polygon", "coordinates": [ [ [ -80.852578, 35.2196 ], [ -80.850254, 35.221886 ], [ -80.849104, 35.223034 ], [ -80.846379, 35.22492 ], [ -80.843083, 35.2272 ], [ -80.83802, 35.222916 ], [ -80.83921, 35.2221 ], [ -80.84358, 35.219106 ], [ -80.844629, 35.219973 ], [ -80.84679, 35.219281 ], [ -80.848903, 35.218653 ], [ -80.850552, 35.217675 ], [ -80.85137, 35.218458 ], [ -80.852578, 35.2196 ] ] ] } },
{ "type": "Feature", "properties": { "STATEFP": "37", "COUNTYFP": "119", "TRACTCE": "005924", "GEOIDFQ": "1400000US37119005924", "GEOID": "37119005924", "NAME": "59.24", "NAMELSAD": "Census Tract 59.24", "STUSPS": "NC", "NAMELSADCO": "Mecklenburg County", "STATE_NAME": "North Carolina", "LSAD": "CT", "ALAND": 8051697, "AWATER": 271925, "centroid_lon": -80.996052133470414, "centroid_lat": 35.132541210330778, "B03002_001E": 7058, "B03002_001M": 1371, "B03002_012E": 1281, "B03002_012M": 419, "B19013_001E": 100682, "B19013_001M": 30092, "B01003_001E": 7058, "state": "37", "county": "119", "tract": "005924", "latino_share": 0.18149617455369793, "camera_count": 0, "arterial_road_m": 3815.4864500337831, "land_area_km2": 8.051697, "pop_density_per_km2": 876.58539560045529, "arterial_km_per_km2": 0.47387357597209417, "log_income": 11.519722313970501, "city": "Charlotte" }, "geometry": { "type": "Polygon", "coordinates": [ [ [ -81.015235, 35.126584 ], [ -81.014166, 35.132664 ], [ -81.012938, 35.134817 ], [ -81.010486, 35.137094 ], [ -81.009034, 35.141579 ], [ -81.007686, 35.143778 ], [ -81.005823, 35.144801 ], [ -81.003865, 35.144799 ], [ -81.002094, 35.145828 ], [ -81.002073, 35.145849 ], [ -81.001923, 35.146007 ], [ -81.001421, 35.146447 ], [ -80.998697, 35.147039 ], [ -80.990804, 35.150119 ], [ -80.982171, 35.139051 ], [ -80.98102, 35.137939 ], [ -80.977827, 35.136417 ], [ -80.981796, 35.121423 ], [ -80.983352, 35.119169 ], [ -80.984666, 35.118039 ], [ -80.986476, 35.116604 ], [ -80.986853, 35.116134 ], [ -80.988128, 35.116272 ], [ -80.995024, 35.119946 ], [ -80.995311, 35.120099 ], [ -80.997104, 35.121061 ], [ -80.9987, 35.121686 ], [ -81.00497, 35.122304 ], [ -81.007858, 35.121993 ], [ -81.01184, 35.121161 ], [ -81.014265, 35.122366 ], [ -81.015235, 35.126584 ] ] ] } },
{ "type": "Feature", "properties": { "STATEFP": "37", "COUNTYFP": "119", "TRACTCE": "003301", "GEOIDFQ": "1400000US37119003301", "GEOID": "37119003301", "NAME": "33.01", "NAMELSAD": "Census Tract 33.01", "STUSPS": "NC", "NAMELSADCO": "Mecklenburg County", "STATE_NAME": "North Carolina", "LSAD": "CT", "ALAND": 530196, "AWATER": 0, "centroid_lon": -80.862543860865628, "centroid_lat": 35.199061879279022, "B03002_001E": 1606, "B03002_001M": 229, "B03002_012E": 140, "B03002_012M": 81, "B19013_001E": 84107, "B19013_001M": 15092, "B01003_001E": 1606, "state": "37", "county": "119", "tract": "003301", "latino_share": 0.08717310087173101, "camera_count": 0, "arterial_road_m": 1433.1100417114271, "land_area_km2": 0.530196, "pop_density_per_km2": 3029.0684954243338, "arterial_km_per_km2": 2.7029816175743067, "log_income": 11.339845076742208, "city": "Charlotte" }, "geometry": { "type": "Polygon", "coordinates": [ [ [ -80.869442, 35.199404 ], [ -80.866335, 35.203115 ], [ -80.86528, 35.202407 ], [ -80.862034, 35.200791 ], [ -80.856892, 35.199734 ], [ -80.854636, 35.200191 ], [ -80.854115, 35.197764 ], [ -80.856873, 35.198301 ], [ -80.863307, 35.195223 ], [ -80.866743, 35.198105 ], [ -80.86782, 35.198898 ], [ -80.869442, 35.199404 ] ] ] } },
{ "type": "Feature", "properties": { "STATEFP": "37", "COUNTYFP": "119", "TRACTCE": "002907", "GEOIDFQ": "1400000US37119002907", "GEOID": "37119002907", "NAME": "29.07", "NAMELSAD": "Census Tract 29.07", "STUSPS": "NC", "NAMELSADCO": "Mecklenburg County", "STATE_NAME": "North Carolina", "LSAD": "CT", "ALAND": 2464633, "AWATER": 1295, "centroid_lon": -80.806674683253775, "centroid_lat": 35.148013493562004, "B03002_001E": 4223, "B03002_001M": 939, "B03002_012E": 232, "B03002_012M": 193, "B19013_001E": 134250, "B19013_001M": 29097, "B01003_001E": 4223, "state": "37", "county": "119", "tract": "002907", "latino_share": 0.054937248401610232, "camera_count": 0, "arterial_road_m": 4144.6798585404476, "land_area_km2": 2.464633, "pop_density_per_km2": 1713.4396885864953, "arterial_km_per_km2": 1.6816620805371216, "log_income": 11.807459012371112, "city": "Charlotte" }, "geometry": { "type": "Polygon", "coordinates": [ [ [ -80.820585, 35.142689 ], [ -80.81756, 35.143256 ], [ -80.815377, 35.146384 ], [ -80.812619, 35.147385 ], [ -80.812216, 35.150703 ], [ -80.811106, 35.153116 ], [ -80.809405, 35.154 ], [ -80.806795, 35.156602 ], [ -80.803289, 35.156852 ], [ -80.800194, 35.158008 ], [ -80.799658, 35.159872 ], [ -80.798933, 35.158684 ], [ -80.79497, 35.154443 ], [ -80.797349, 35.151908 ], [ -80.802069, 35.148874 ], [ -80.80192, 35.14835 ], [ -80.801726, 35.146843 ], [ -80.801649, 35.141407 ], [ -80.80317, 35.138568 ], [ -80.8074, 35.139144 ], [ -80.812845, 35.140898 ], [ -80.816688, 35.140317 ], [ -80.819996, 35.141032 ], [ -80.820585, 35.142689 ] ] ] } },
{ "type": "Feature", "properties": { "STATEFP": "37", "COUNTYFP": "119", "TRACTCE": "006012", "GEOIDFQ": "1400000US37119006012", "GEOID": "37119006012", "NAME": "60.12", "NAMELSAD": "Census Tract 60.12", "STUSPS": "NC", "NAMELSADCO": "Mecklenburg County", "STATE_NAME": "North Carolina", "LSAD": "CT", "ALAND": 6626579, "AWATER": 27709, "centroid_lon": -80.949857451190354, "centroid_lat": 35.256751077665534, "B03002_001E": 5005, "B03002_001M": 1077, "B03002_012E": 990, "B03002_012M": 527, "B19013_001E": 75357, "B19013_001M": 18234, "B01003_001E": 5005, "state": "37", "county": "119", "tract": "006012", "latino_share": 0.19780219780219779, "camera_count": 0, "arterial_road_m": 12530.274808392827, "land_area_km2": 6.626579, "pop_density_per_km2": 755.29168217869278, "arterial_km_per_km2": 1.8909115560823806, "log_income": 11.229992099540651, "city": "Charlotte" }, "geometry": { "type": "Polygon", "coordinates": [ [ [ -80.96996, 35.250567 ], [ -80.968373, 35.251738 ], [ -80.967287, 35.252524 ], [ -80.9667, 35.254918 ], [ -80.96669, 35.25493 ], [ -80.965946, 35.256686 ], [ -80.962355, 35.255309 ], [ -80.959805, 35.25509 ], [ -80.958104, 35.257809 ], [ -80.956758, 35.258011 ], [ -80.958881, 35.260078 ], [ -80.958885, 35.263455 ], [ -80.954791, 35.265432 ], [ -80.953188, 35.265444 ], [ -80.953375, 35.267377 ], [ -80.951424, 35.270788 ], [ -80.95304, 35.274717 ], [ -80.942062, 35.275806 ], [ -80.939778, 35.276643 ], [ -80.936761, 35.275786 ], [ -80.936662, 35.275092 ], [ -80.940277, 35.26836 ], [ -80.940587, 35.266833 ], [ -80.940618, 35.266129 ], [ -80.939834, 35.259863 ], [ -80.939926, 35.257991 ], [ -80.941581, 35.252105 ], [ -80.941355, 35.250816 ], [ -80.937301, 35.246997 ], [ -80.936927, 35.245608 ], [ -80.938887, 35.241166 ], [ -80.946628, 35.24112 ], [ -80.951008, 35.242226 ], [ -80.960376, 35.245802 ], [ -80.960883, 35.245996 ], [ -80.970482, 35.249674 ], [ -80.96996, 35.250567 ] ] ] } },
{ "type": "Feature", "properties": { "STATEFP": "37", "COUNTYFP": "119", "TRACTCE": "005851", "GEOIDFQ": "1400000US37119005851", "GEOID": "37119005851", "NAME": "58.51", "NAMELSAD": "Census Tract 58.51", "STUSPS": "NC", "NAMELSADCO": "Mecklenburg County", "STATE_NAME": "North Carolina", "LSAD": "CT", "ALAND": 4567741, "AWATER": 6384, "centroid_lon": -80.739856655826443, "centroid_lat": 35.069350671833554, "B03002_001E": 4218, "B03002_001M": 739, "B03002_012E": 353, "B03002_012M": 254, "B19013_001E": 101419, "B19013_001M": 19371, "B01003_001E": 4218, "state": "37", "county": "119", "tract": "005851", "latino_share": 0.083688952110004738, "camera_count": 0, "arterial_road_m": 6072.2688680706196, "land_area_km2": 4.567741, "pop_density_per_km2": 923.43239251087141, "arterial_km_per_km2": 1.3293811685186661, "log_income": 11.527015729312232, "city": "Charlotte" }, "geometry": { "type": "Polygon", "coordinates": [ [ [ -80.752645, 35.06537 ], [ -80.750427, 35.067256 ], [ -80.748936, 35.068824 ], [ -80.743579, 35.076504 ], [ -80.739409, 35.081792 ], [ -80.73656, 35.084425 ], [ -80.731969, 35.087873 ], [ -80.731261, 35.082997 ], [ -80.730261, 35.081194 ], [ -80.73013, 35.080975 ], [ -80.729106, 35.078317 ], [ -80.729916, 35.075952 ], [ -80.728978, 35.069548 ], [ -80.728414, 35.06635 ], [ -80.733809, 35.062199 ], [ -80.735736, 35.060685 ], [ -80.736466, 35.060113 ], [ -80.740373, 35.057042 ], [ -80.741579, 35.056094 ], [ -80.741806, 35.055916 ], [ -80.742656, 35.055853 ], [ -80.748059, 35.056975 ], [ -80.751509, 35.0593 ], [ -80.751704, 35.059342 ], [ -80.752448, 35.059517 ], [ -80.757136, 35.062694 ], [ -80.752645, 35.06537 ] ] ] } },
{ "type": "Feature", "properties": { "STATEFP": "37", "COUNTYFP": "119", "TRACTCE": "003110", "GEOIDFQ": "1400000US37119003110", "GEOID": "37119003110", "NAME": "31.10", "NAMELSAD": "Census Tract 31.10", "STUSPS": "NC", "NAMELSADCO": "Mecklenburg County", "STATE_NAME": "North Carolina", "LSAD": "CT", "ALAND": 2072077, "AWATER": 0, "centroid_lon": -80.869314709798473, "centroid_lat": 35.168965343345384, "B03002_001E": 2196, "B03002_001M": 488, "B03002_012E": 220, "B03002_012M": 183, "B19013_001E": 108750, "B19013_001M": 49020, "B01003_001E": 2196, "state": "37", "county": "119", "tract": "003110", "latino_share": 0.10018214936247723, "camera_count": 2, "arterial_road_m": 5801.5870629140982, "land_area_km2": 2.072077, "pop_density_per_km2": 1059.8061751566181, "arterial_km_per_km2": 2.799889706277372, "log_income": 11.596806948950931, "city": "Charlotte" }, "geometry": { "type": "Polygon", "coordinates": [ [ [ -80.87943, 35.177948 ], [ -80.871426, 35.174687 ], [ -80.866947, 35.173235 ], [ -80.862565, 35.172525 ], [ -80.859652, 35.172709 ], [ -80.857285, 35.172471 ], [ -80.858927, 35.171015 ], [ -80.859633, 35.168851 ], [ -80.861736, 35.168186 ], [ -80.86031, 35.166318 ], [ -80.860341, 35.164896 ], [ -80.8608, 35.163421 ], [ -80.863083, 35.160827 ], [ -80.867038, 35.162573 ], [ -80.868073, 35.162826 ], [ -80.870451, 35.163121 ], [ -80.876139, 35.164923 ], [ -80.877194, 35.162943 ], [ -80.877903, 35.170681 ], [ -80.87943, 35.177948 ] ] ] } },
{ "type": "Feature", "properties": { "STATEFP": "37", "COUNTYFP": "119", "TRACTCE": "003022", "GEOIDFQ": "1400000US37119003022", "GEOID": "37119003022", "NAME": "30.22", "NAMELSAD": "Census Tract 30.22", "STUSPS": "NC", "NAMELSADCO": "Mecklenburg County", "STATE_NAME": "North Carolina", "LSAD": "CT", "ALAND": 2989133, "AWATER": 3876, "centroid_lon": -80.843813736467894, "centroid_lat": 35.13833512036593, "B03002_001E": 3774, "B03002_001M": 609, "B03002_012E": 82, "B03002_012M": 104, "B19013_001E": 162361, "B19013_001M": 39067, "B01003_001E": 3774, "state": "37", "county": "119", "tract": "003022", "latino_share": 0.021727609962904081, "camera_count": 0, "arterial_road_m": 6340.7043364753463, "land_area_km2": 2.989133, "pop_density_per_km2": 1262.5734619369564, "arterial_km_per_km2": 2.1212519939645866, "log_income": 11.997577530086367, "city": "Charlotte" }, "geometry": { "type": "Polygon", "coordinates": [ [ [ -80.854651, 35.125719 ], [ -80.853535, 35.133619 ], [ -80.853129, 35.136614 ], [ -80.852502, 35.137653 ], [ -80.848228, 35.140028 ], [ -80.847354, 35.140641 ], [ -80.845498, 35.144112 ], [ -80.841669, 35.151593 ], [ -80.837499, 35.150975 ], [ -80.836893, 35.150809 ], [ -80.831953, 35.14873 ], [ -80.830893, 35.148421 ], [ -80.832978, 35.144203 ], [ -80.833618, 35.142934 ], [ -80.837955, 35.139196 ], [ -80.83864, 35.138121 ], [ -80.838885, 35.137585 ], [ -80.839061, 35.133119 ], [ -80.840843, 35.132376 ], [ -80.841696, 35.131718 ], [ -80.844159, 35.128603 ], [ -80.84921, 35.126848 ], [ -80.854474, 35.122415 ], [ -80.854651, 35.125719 ] ] ] } },
{ "type": "Feature", "properties": { "STATEFP": "37", "COUNTYFP": "119", "TRACTCE": "002910", "GEOIDFQ": "1400000US37119002910", "GEOID": "37119002910", "NAME": "29.10", "NAMELSAD": "Census Tract 29.10", "STUSPS": "NC", "NAMELSADCO": "Mecklenburg County", "STATE_NAME": "North Carolina", "LSAD": "CT", "ALAND": 1908604, "AWATER": 0, "centroid_lon": -80.842343687005339, "centroid_lat": 35.160379157383446, "B03002_001E": 3174, "B03002_001M": 511, "B03002_012E": 89, "B03002_012M": 78, "B19013_001E": 113281, "B19013_001M": 37565, "B01003_001E": 3174, "state": "37", "county": "119", "tract": "002910", "latino_share": 0.028040327662255827, "camera_count": 0, "arterial_road_m": 4829.1773348326478, "land_area_km2": 1.908604, "pop_density_per_km2": 1662.9955716324603, "arterial_km_per_km2": 2.5302144053101889, "log_income": 11.637626736572198, "city": "Charlotte" }, "geometry": { "type": "Polygon", "coordinates": [ [ [ -80.848782, 35.16004 ], [ -80.847194, 35.162682 ], [ -80.847531, 35.164288 ], [ -80.84452, 35.167264 ], [ -80.847068, 35.169077 ], [ -80.845372, 35.171114 ], [ -80.842315, 35.171132 ], [ -80.841182, 35.170966 ], [ -80.841742, 35.16882 ], [ -80.837956, 35.168172 ], [ -80.835988, 35.165925 ], [ -80.836714, 35.162863 ], [ -80.838635, 35.160474 ], [ -80.838645, 35.158019 ], [ -80.836649, 35.156492 ], [ -80.836127, 35.152993 ], [ -80.836893, 35.150809 ], [ -80.837499, 35.150975 ], [ -80.841669, 35.151593 ], [ -80.843246, 35.151893 ], [ -80.84628, 35.152422 ], [ -80.848407, 35.154496 ], [ -80.848585, 35.158323 ], [ -80.8487, 35.159327 ], [ -80.848782, 35.16004 ] ] ] } },
{ "type": "Feature", "properties": { "STATEFP": "37", "COUNTYFP": "119", "TRACTCE": "005824", "GEOIDFQ": "1400000US37119005824", "GEOID": "37119005824", "NAME": "58.24", "NAMELSAD": "Census Tract 58.24", "STUSPS": "NC", "NAMELSADCO": "Mecklenburg County", "STATE_NAME": "North Carolina", "LSAD": "CT", "ALAND": 14804812, "AWATER": 56080, "centroid_lon": -80.896710492793062, "centroid_lat": 35.107889708546715, "B03002_001E": 4942, "B03002_001M": 884, "B03002_012E": 1508, "B03002_012M": 512, "B19013_001E": 99667, "B19013_001M": 27729, "B01003_001E": 4942, "state": "37", "county": "119", "tract": "005824", "latino_share": 0.30513961958721164, "camera_count": 3, "arterial_road_m": 38822.692111696633, "land_area_km2": 14.804812, "pop_density_per_km2": 333.81038543414127, "arterial_km_per_km2": 2.622302269809075, "log_income": 11.509589908180727, "city": "Charlotte" }, "geometry": { "type": "Polygon", "coordinates": [ [ [ -80.920123328603793, 35.091408078367103 ], [ -80.9154, 35.105661 ], [ -80.915382, 35.106509 ], [ -80.91588, 35.109007 ], [ -80.916026, 35.110244 ], [ -80.913173, 35.113619 ], [ -80.904713, 35.118423 ], [ -80.902483, 35.122228 ], [ -80.900098, 35.125281 ], [ -80.896443, 35.127054 ], [ -80.893281, 35.127985 ], [ -80.892779, 35.128617 ], [ -80.891839, 35.130922 ], [ -80.891848, 35.13554 ], [ -80.886168, 35.136845 ], [ -80.884322, 35.137279 ], [ -80.883184, 35.139658 ], [ -80.881044, 35.141214 ], [ -80.877563, 35.140408 ], [ -80.877113, 35.140335 ], [ -80.876794, 35.138944 ], [ -80.876335, 35.137719 ], [ -80.875262, 35.132084 ], [ -80.876265, 35.128913 ], [ -80.87675, 35.128156 ], [ -80.87729, 35.12736 ], [ -80.881165, 35.119627 ], [ -80.883277, 35.115793 ], [ -80.882057, 35.109515 ], [ -80.880706, 35.104397 ], [ -80.880871, 35.101757 ], [ -80.88094, 35.101468 ], [ -80.880977, 35.101296 ], [ -80.88107, 35.10097 ], [ -80.884001, 35.094259 ], [ -80.886597, 35.08842 ], [ -80.886759, 35.085208 ], [ -80.891334, 35.085857 ], [ -80.892856, 35.087061 ], [ -80.899363, 35.090659 ], [ -80.899676, 35.088818 ], [ -80.899022, 35.086282 ], [ -80.904492, 35.084935 ], [ -80.905374, 35.083746 ], [ -80.906231, 35.079743 ], [ -80.906445165836899, 35.076647267156098 ], [ -80.906553, 35.076763 ], [ -80.9184204988033, 35.089570386988903 ], [ -80.920123328603793, 35.091408078367103 ] ] ] } },
{ "type": "Feature", "properties": { "STATEFP": "37", "COUNTYFP": "119", "TRACTCE": "005839", "GEOIDFQ": "1400000US37119005839", "GEOID": "37119005839", "NAME": "58.39", "NAMELSAD": "Census Tract 58.39", "STUSPS": "NC", "NAMELSADCO": "Mecklenburg County", "STATE_NAME": "North Carolina", "LSAD": "CT", "ALAND": 2682831, "AWATER": 4975, "centroid_lon": -80.836743826749441, "centroid_lat": 35.068898541764007, "B03002_001E": 2560, "B03002_001M": 385, "B03002_012E": 349, "B03002_012M": 193, "B19013_001E": 93864, "B19013_001M": 20498, "B01003_001E": 2560, "state": "37", "county": "119", "tract": "005839", "latino_share": 0.136328125, "camera_count": 0, "arterial_road_m": 21643.032203815084, "land_area_km2": 2.682831, "pop_density_per_km2": 954.21590103886524, "arterial_km_per_km2": 8.0672365138971056, "log_income": 11.44960220510346, "city": "Charlotte" }, "geometry": { "type": "Polygon", "coordinates": [ [ [ -80.858187, 35.065352 ], [ -80.855294, 35.066357 ], [ -80.852716, 35.068933 ], [ -80.848457, 35.07001 ], [ -80.84825, 35.071445 ], [ -80.843446, 35.073884 ], [ -80.840688, 35.07443 ], [ -80.840644, 35.074468 ], [ -80.838126, 35.07517 ], [ -80.836947, 35.075282 ], [ -80.833862, 35.073543 ], [ -80.830609, 35.072971 ], [ -80.827066, 35.073203 ], [ -80.824099, 35.07701 ], [ -80.82231, 35.076926 ], [ -80.823201, 35.076056 ], [ -80.824537, 35.072237 ], [ -80.822625, 35.065874 ], [ -80.820998, 35.063611 ], [ -80.826853, 35.063415 ], [ -80.835946, 35.064814 ], [ -80.845631, 35.065023 ], [ -80.855431, 35.065035 ], [ -80.858187, 35.065352 ] ] ] } },
{ "type": "Feature", "properties": { "STATEFP": "37", "COUNTYFP": "119", "TRACTCE": "001504", "GEOIDFQ": "1400000US37119001504", "GEOID": "37119001504", "NAME": "15.04", "NAMELSAD": "Census Tract 15.04", "STUSPS": "NC", "NAMELSADCO": "Mecklenburg County", "STATE_NAME": "North Carolina", "LSAD": "CT", "ALAND": 3519177, "AWATER": 10623, "centroid_lon": -80.760577470234921, "centroid_lat": 35.24298699811466, "B03002_001E": 6061, "B03002_001M": 1434, "B03002_012E": 1084, "B03002_012M": 639, "B19013_001E": 52207, "B19013_001M": 6964, "B01003_001E": 6061, "state": "37", "county": "119", "tract": "001504", "latino_share": 0.17884837485563437, "camera_count": 1, "arterial_road_m": 5902.5935883282136, "land_area_km2": 3.519177, "pop_density_per_km2": 1722.2776802644482, "arterial_km_per_km2": 1.6772653345734565, "log_income": 10.862971864497039, "city": "Charlotte" }, "geometry": { "type": "Polygon", "coordinates": [ [ [ -80.781027, 35.249517 ], [ -80.776518, 35.250767 ], [ -80.771613, 35.249307 ], [ -80.765187, 35.249304 ], [ -80.761998, 35.250226 ], [ -80.76093, 35.250594 ], [ -80.759466, 35.251098 ], [ -80.75808, 35.251126 ], [ -80.757764, 35.251036 ], [ -80.752495, 35.247682 ], [ -80.752333, 35.244586 ], [ -80.75099, 35.242853 ], [ -80.750702, 35.242511 ], [ -80.746664, 35.237878 ], [ -80.737895, 35.236914 ], [ -80.739239, 35.232378 ], [ -80.739917, 35.231733 ], [ -80.759239, 35.237858 ], [ -80.769301, 35.241145 ], [ -80.780691, 35.244679 ], [ -80.781212, 35.247156 ], [ -80.781027, 35.249517 ] ] ] } },
{ "type": "Feature", "properties": { "STATEFP": "37", "COUNTYFP": "119", "TRACTCE": "001922", "GEOIDFQ": "1400000US37119001922", "GEOID": "37119001922", "NAME": "19.22", "NAMELSAD": "Census Tract 19.22", "STUSPS": "NC", "NAMELSADCO": "Mecklenburg County", "STATE_NAME": "North Carolina", "LSAD": "CT", "ALAND": 3775089, "AWATER": 81795, "centroid_lon": -80.704989851583306, "centroid_lat": 35.218452411509347, "B03002_001E": 5898, "B03002_001M": 976, "B03002_012E": 1932, "B03002_012M": 674, "B19013_001E": 60114, "B19013_001M": 7588, "B01003_001E": 5898, "state": "37", "county": "119", "tract": "001922", "latino_share": 0.32756866734486267, "camera_count": 4, "arterial_road_m": 10258.483721275525, "land_area_km2": 3.775089, "pop_density_per_km2": 1562.3472718126645, "arterial_km_per_km2": 2.7174150652542299, "log_income": 11.003998038487318, "city": "Charlotte" }, "geometry": { "type": "Polygon", "coordinates": [ [ [ -80.726571, 35.227706 ], [ -80.721491, 35.227743 ], [ -80.719991, 35.227743 ], [ -80.709791, 35.227443 ], [ -80.705423, 35.224943 ], [ -80.698217, 35.22009 ], [ -80.693991, 35.217243 ], [ -80.68712, 35.215152 ], [ -80.682026, 35.213669 ], [ -80.671358, 35.208974 ], [ -80.671455, 35.208579 ], [ -80.682244, 35.210882 ], [ -80.689522, 35.211655 ], [ -80.692493, 35.211517 ], [ -80.697918, 35.210766 ], [ -80.704096, 35.209409 ], [ -80.705307, 35.209461 ], [ -80.709171, 35.21227 ], [ -80.708577, 35.212475 ], [ -80.70966, 35.214294 ], [ -80.709003, 35.21605 ], [ -80.710022, 35.218378 ], [ -80.710319, 35.218927 ], [ -80.7143, 35.219927 ], [ -80.714836, 35.217863 ], [ -80.716006, 35.217565 ], [ -80.717784, 35.218185 ], [ -80.721646, 35.219587 ], [ -80.723085, 35.219443 ], [ -80.724913, 35.223178 ], [ -80.725763, 35.22502 ], [ -80.726571, 35.227706 ] ] ] } },
{ "type": "Feature", "properties": { "STATEFP": "37", "COUNTYFP": "119", "TRACTCE": "005922", "GEOIDFQ": "1400000US37119005922", "GEOID": "37119005922", "NAME": "59.22", "NAMELSAD": "Census Tract 59.22", "STUSPS": "NC", "NAMELSADCO": "Mecklenburg County", "STATE_NAME": "North Carolina", "LSAD": "CT", "ALAND": 3646393, "AWATER": 453167, "centroid_lon": -80.995813140203296, "centroid_lat": 35.158117232720627, "B03002_001E": 4054, "B03002_001M": 469, "B03002_012E": 603, "B03002_012M": 342, "B19013_001E": 128906, "B19013_001M": 17994, "B01003_001E": 4054, "state": "37", "county": "119", "tract": "005922", "latino_share": 0.14874198322644303, "camera_count": 0, "arterial_road_m": 1943.6977062335254, "land_area_km2": 3.646393, "pop_density_per_km2": 1111.783617399441, "arterial_km_per_km2": 0.53304668647442155, "log_income": 11.766838735555371, "city": "Charlotte" }, "geometry": { "type": "Polygon", "coordinates": [ [ [ -81.00951, 35.153126 ], [ -81.007467, 35.154506 ], [ -81.005806, 35.157023 ], [ -81.005836, 35.160877 ], [ -81.007188, 35.164653 ], [ -81.005042, 35.164608 ], [ -81.004365, 35.164649 ], [ -80.999656, 35.16559 ], [ -80.998069, 35.168838 ], [ -80.996959, 35.169682 ], [ -80.99575, 35.169764 ], [ -80.991258, 35.168498 ], [ -80.990389, 35.168647 ], [ -80.988971, 35.168459 ], [ -80.988749, 35.168087 ], [ -80.987248, 35.165065 ], [ -80.985019, 35.164915 ], [ -80.982801, 35.164062 ], [ -80.982999, 35.163223 ], [ -80.980754, 35.159578 ], [ -80.980929, 35.159346 ], [ -80.983879, 35.156873 ], [ -80.989089, 35.152189 ], [ -80.990804, 35.150119 ], [ -80.998697, 35.147039 ], [ -81.001421, 35.146447 ], [ -81.001923, 35.146007 ], [ -81.002073, 35.145849 ], [ -81.002094, 35.145828 ], [ -81.005432, 35.14998 ], [ -81.009537, 35.150437 ], [ -81.00951, 35.153126 ] ] ] } },
{ "type": "Feature", "properties": { "STATEFP": "37", "COUNTYFP": "119", "TRACTCE": "005923", "GEOIDFQ": "1400000US37119005923", "GEOID": "37119005923", "NAME": "59.23", "NAMELSAD": "Census Tract 59.23", "STUSPS": "NC", "NAMELSADCO": "Mecklenburg County", "STATE_NAME": "North Carolina", "LSAD": "CT", "ALAND": 3044876, "AWATER": 5271, "centroid_lon": -80.979273674384117, "centroid_lat": 35.149785971391459, "B03002_001E": 5659, "B03002_001M": 785, "B03002_012E": 962, "B03002_012M": 490, "B19013_001E": 108941, "B19013_001M": 5072, "B01003_001E": 5659, "state": "37", "county": "119", "tract": "005923", "latino_share": 0.16999469871001943, "camera_count": 0, "arterial_road_m": 4488.3517963414824, "land_area_km2": 3.044876, "pop_density_per_km2": 1858.532170111361, "arterial_km_per_km2": 1.474067185770942, "log_income": 11.598561730260323, "city": "Charlotte" }, "geometry": { "type": "Polygon", "coordinates": [ [ [ -80.989089, 35.152189 ], [ -80.983879, 35.156873 ], [ -80.980929, 35.159346 ], [ -80.980754, 35.159578 ], [ -80.975095, 35.160205 ], [ -80.970677, 35.159418 ], [ -80.970058, 35.154323 ], [ -80.97002, 35.153573 ], [ -80.970816, 35.151258 ], [ -80.971635, 35.148996 ], [ -80.972425, 35.145933 ], [ -80.9749, 35.141653 ], [ -80.977556, 35.137425 ], [ -80.977827, 35.136417 ], [ -80.98102, 35.137939 ], [ -80.982171, 35.139051 ], [ -80.990804, 35.150119 ], [ -80.989089, 35.152189 ] ] ] } },
{ "type": "Feature", "properties": { "STATEFP": "37", "COUNTYFP": "119", "TRACTCE": "003903", "GEOIDFQ": "1400000US37119003903", "GEOID": "37119003903", "NAME": "39.03", "NAMELSAD": "Census Tract 39.03", "STUSPS": "NC", "NAMELSADCO": "Mecklenburg County", "STATE_NAME": "North Carolina", "LSAD": "CT", "ALAND": 5408345, "AWATER": 1162, "centroid_lon": -80.920433773041339, "centroid_lat": 35.207733060536498, "B03002_001E": 2334, "B03002_001M": 373, "B03002_012E": 478, "B03002_012M": 268, "B19013_001E": 23235, "B19013_001M": 9894, "B01003_001E": 2334, "state": "37", "county": "119", "tract": "003903", "latino_share": 0.20479862896315337, "camera_count": 0, "arterial_road_m": 18247.490400245573, "land_area_km2": 5.408345, "pop_density_per_km2": 431.55530943384719, "arterial_km_per_km2": 3.3739508852052849, "log_income": 10.053415041519079, "city": "Charlotte" }, "geometry": { "type": "Polygon", "coordinates": [ [ [ -80.935634, 35.197072 ], [ -80.93325, 35.196982 ], [ -80.93186, 35.197467 ], [ -80.927137, 35.203502 ], [ -80.927637, 35.203912 ], [ -80.929033, 35.208005 ], [ -80.927851, 35.214042 ], [ -80.926134, 35.214212 ], [ -80.923069, 35.215688 ], [ -80.924748, 35.225037 ], [ -80.923499, 35.225057 ], [ -80.915894, 35.225841 ], [ -80.911761, 35.22407 ], [ -80.908794, 35.222741 ], [ -80.900394, 35.222341 ], [ -80.904894, 35.221641 ], [ -80.907594, 35.220441 ], [ -80.909894, 35.218641 ], [ -80.911994, 35.216042 ], [ -80.912994, 35.212442 ], [ -80.912602, 35.209114 ], [ -80.91122, 35.203246 ], [ -80.91388, 35.199216 ], [ -80.91716, 35.195569 ], [ -80.918122, 35.194344 ], [ -80.921294, 35.190345 ], [ -80.921576, 35.189703 ], [ -80.923921, 35.190217 ], [ -80.929171, 35.189837 ], [ -80.933317, 35.193883 ], [ -80.935634, 35.197072 ] ] ] } },
{ "type": "Feature", "properties": { "STATEFP": "37", "COUNTYFP": "119", "TRACTCE": "005613", "GEOIDFQ": "1400000US37119005613", "GEOID": "37119005613", "NAME": "56.13", "NAMELSAD": "Census Tract 56.13", "STUSPS": "NC", "NAMELSADCO": "Mecklenburg County", "STATE_NAME": "North Carolina", "LSAD": "CT", "ALAND": 5624626, "AWATER": 99785, "centroid_lon": -80.720544819451476, "centroid_lat": 35.279648787028222, "B03002_001E": 3756, "B03002_001M": 608, "B03002_012E": 601, "B03002_012M": 410, "B19013_001E": 85938, "B19013_001M": 25000, "B01003_001E": 3756, "state": "37", "county": "119", "tract": "005613", "latino_share": 0.16001064962726305, "camera_count": 0, "arterial_road_m": 12571.32583824281, "land_area_km2": 5.624626, "pop_density_per_km2": 667.7777331328341, "arterial_km_per_km2": 2.2350509772992568, "log_income": 11.36138138500792, "city": "Charlotte" }, "geometry": { "type": "Polygon", "coordinates": [ [ [ -80.740513, 35.271995 ], [ -80.736379, 35.278506 ], [ -80.729901, 35.2885 ], [ -80.728131, 35.291751 ], [ -80.724895, 35.290967 ], [ -80.722436, 35.28867 ], [ -80.716492, 35.285137 ], [ -80.712481, 35.28447 ], [ -80.710289, 35.288006 ], [ -80.707679, 35.291608 ], [ -80.707143, 35.29185 ], [ -80.705807, 35.291858 ], [ -80.703147, 35.291308 ], [ -80.702909, 35.290964 ], [ -80.700541, 35.287359 ], [ -80.700634, 35.285795 ], [ -80.700698, 35.284054 ], [ -80.69951, 35.281094 ], [ -80.699074, 35.276922 ], [ -80.699198, 35.274902 ], [ -80.703223, 35.274661 ], [ -80.705765, 35.27523 ], [ -80.707541, 35.276856 ], [ -80.708164, 35.277431 ], [ -80.708974, 35.278179 ], [ -80.709198, 35.278344 ], [ -80.709435, 35.278451 ], [ -80.712926, 35.278342 ], [ -80.713597, 35.278061 ], [ -80.716527, 35.27681 ], [ -80.720622, 35.274708 ], [ -80.724035, 35.271748 ], [ -80.726985, 35.267546 ], [ -80.735614, 35.265129 ], [ -80.739885, 35.271547 ], [ -80.740513, 35.271995 ] ] ] } },
{ "type": "Feature", "properties": { "STATEFP": "37", "COUNTYFP": "119", "TRACTCE": "005845", "GEOIDFQ": "1400000US37119005845", "GEOID": "37119005845", "NAME": "58.45", "NAMELSAD": "Census Tract 58.45", "STUSPS": "NC", "NAMELSADCO": "Mecklenburg County", "STATE_NAME": "North Carolina", "LSAD": "CT", "ALAND": 4776667, "AWATER": 27563, "centroid_lon": -80.785170173456279, "centroid_lat": 35.053068587918411, "B03002_001E": 6760, "B03002_001M": 1607, "B03002_012E": 204, "B03002_012M": 174, "B19013_001E": 136067, "B19013_001M": 21930, "B01003_001E": 6760, "state": "37", "county": "119", "tract": "005845", "latino_share": 0.030177514792899408, "camera_count": 2, "arterial_road_m": 22532.068699923017, "land_area_km2": 4.776667, "pop_density_per_km2": 1415.2127414366546, "arterial_km_per_km2": 4.7171110525232383, "log_income": 11.820902690466291, "city": "Charlotte" }, "geometry": { "type": "Polygon", "coordinates": [ [ [ -80.802538, 35.033198 ], [ -80.800347, 35.036558 ], [ -80.800302, 35.039618 ], [ -80.799256, 35.042401 ], [ -80.799295, 35.046105 ], [ -80.798368, 35.04859 ], [ -80.796839, 35.050323 ], [ -80.796715, 35.053181 ], [ -80.792412, 35.055025 ], [ -80.792435, 35.055135 ], [ -80.792425, 35.055556 ], [ -80.79249, 35.056078 ], [ -80.792444, 35.05658 ], [ -80.79195, 35.057422 ], [ -80.790484, 35.058736 ], [ -80.78934, 35.060382 ], [ -80.789793, 35.061586 ], [ -80.79459, 35.06226 ], [ -80.797903, 35.062264 ], [ -80.7967, 35.062803 ], [ -80.795014, 35.063567 ], [ -80.79332, 35.063983 ], [ -80.79219, 35.064043 ], [ -80.787898, 35.063759 ], [ -80.783966, 35.064359 ], [ -80.775935, 35.063619 ], [ -80.772891, 35.064596 ], [ -80.770055, 35.064738 ], [ -80.769836, 35.059872 ], [ -80.76979, 35.058386 ], [ -80.769526, 35.051 ], [ -80.776472, 35.049734 ], [ -80.780025, 35.04744 ], [ -80.781917, 35.046914 ], [ -80.787575, 35.046373 ], [ -80.789243, 35.045743 ], [ -80.790677, 35.044747 ], [ -80.793923, 35.040618 ], [ -80.796133, 35.037801 ], [ -80.798134, 35.034115 ], [ -80.80039, 35.033044 ], [ -80.802538, 35.033198 ] ] ] } },
{ "type": "Feature", "properties": { "STATEFP": "37", "COUNTYFP": "119", "TRACTCE": "003012", "GEOIDFQ": "1400000US37119003012", "GEOID": "37119003012", "NAME": "30.12", "NAMELSAD": "Census Tract 30.12", "STUSPS": "NC", "NAMELSADCO": "Mecklenburg County", "STATE_NAME": "North Carolina", "LSAD": "CT", "ALAND": 4415303, "AWATER": 62442, "centroid_lon": -80.847562219702809, "centroid_lat": 35.108636900309541, "B03002_001E": 3954, "B03002_001M": 524, "B03002_012E": 419, "B03002_012M": 210, "B19013_001E": 98938, "B19013_001M": 37259, "B01003_001E": 3954, "state": "37", "county": "119", "tract": "003012", "latino_share": 0.10596863935255438, "camera_count": 0, "arterial_road_m": 5627.7225821076536, "land_area_km2": 4.415303, "pop_density_per_km2": 895.52177959247649, "arterial_km_per_km2": 1.2745948765254964, "log_income": 11.502248670306113, "city": "Charlotte" }, "geometry": { "type": "Polygon", "coordinates": [ [ [ -80.859556, 35.09807 ], [ -80.859201, 35.099253 ], [ -80.857466, 35.104551 ], [ -80.85736, 35.105794 ], [ -80.858334, 35.107995 ], [ -80.858393, 35.109159 ], [ -80.855558, 35.118146 ], [ -80.851556, 35.117646 ], [ -80.848074, 35.119678 ], [ -80.844811, 35.119687 ], [ -80.842836, 35.119066 ], [ -80.838669, 35.118385 ], [ -80.833681, 35.118941 ], [ -80.830955, 35.120018 ], [ -80.829757, 35.118072 ], [ -80.828721, 35.117201 ], [ -80.830387, 35.115946 ], [ -80.831473, 35.110413 ], [ -80.834789, 35.109508 ], [ -80.839737, 35.109955 ], [ -80.844086, 35.10771 ], [ -80.8437, 35.106297 ], [ -80.844948, 35.104733 ], [ -80.846712, 35.101368 ], [ -80.846755, 35.100943 ], [ -80.849588, 35.096369 ], [ -80.852723, 35.092109 ], [ -80.85395, 35.089824 ], [ -80.857903, 35.093566 ], [ -80.859539, 35.096543 ], [ -80.859687, 35.097319 ], [ -80.859556, 35.09807 ] ] ] } },
{ "type": "Feature", "properties": { "STATEFP": "37", "COUNTYFP": "119", "TRACTCE": "005918", "GEOIDFQ": "1400000US37119005918", "GEOID": "37119005918", "NAME": "59.18", "NAMELSAD": "Census Tract 59.18", "STUSPS": "NC", "NAMELSADCO": "Mecklenburg County", "STATE_NAME": "North Carolina", "LSAD": "CT", "ALAND": 5058802, "AWATER": 49309, "centroid_lon": -80.979887220959739, "centroid_lat": 35.090438043706207, "B03002_001E": 7392, "B03002_001M": 1695, "B03002_012E": 1967, "B03002_012M": 1050, "B19013_001E": 124198, "B19013_001M": 24870, "B01003_001E": 7392, "state": "37", "county": "119", "tract": "005918", "latino_share": 0.26609848484848486, "camera_count": 6, "arterial_road_m": 5341.2540968116937, "land_area_km2": 5.058802, "pop_density_per_km2": 1461.2155209869848, "arterial_km_per_km2": 1.0558337916391458, "log_income": 11.729632345292279, "city": "Charlotte" }, "geometry": { "type": "Polygon", "coordinates": [ [ [ -80.992635, 35.087905 ], [ -80.991822, 35.09341 ], [ -80.991998, 35.09675 ], [ -80.991417, 35.097923 ], [ -80.988469, 35.100218 ], [ -80.988646, 35.102809 ], [ -80.983592, 35.105249 ], [ -80.97988, 35.100037 ], [ -80.978648, 35.099651 ], [ -80.975775, 35.097863 ], [ -80.971897, 35.09705 ], [ -80.964224, 35.093861 ], [ -80.96354, 35.093802 ], [ -80.961324, 35.094991 ], [ -80.959479, 35.095469 ], [ -80.958528, 35.095377 ], [ -80.957382, 35.09399 ], [ -80.957631073233401, 35.092792968077802 ], [ -80.95787, 35.092639 ], [ -80.972181502834502, 35.084434790824702 ], [ -80.978361039768103, 35.080892310751402 ], [ -80.98416, 35.077568 ], [ -80.989035753456406, 35.074772876461402 ], [ -80.989013, 35.075875 ], [ -80.990101, 35.079621 ], [ -80.990776, 35.081669 ], [ -80.992355, 35.086437 ], [ -80.992635, 35.087905 ] ] ] } },
{ "type": "Feature", "properties": { "STATEFP": "37", "COUNTYFP": "119", "TRACTCE": "001300", "GEOIDFQ": "1400000US37119001300", "GEOID": "37119001300", "NAME": "13", "NAMELSAD": "Census Tract 13", "STUSPS": "NC", "NAMELSADCO": "Mecklenburg County", "STATE_NAME": "North Carolina", "LSAD": "CT", "ALAND": 2609449, "AWATER": 5865, "centroid_lon": -80.789080645045814, "centroid_lat": 35.239213984218587, "B03002_001E": 3920, "B03002_001M": 461, "B03002_012E": 510, "B03002_012M": 306, "B19013_001E": 61192, "B19013_001M": 8399, "B01003_001E": 3920, "state": "37", "county": "119", "tract": "001300", "latino_share": 0.13010204081632654, "camera_count": 0, "arterial_road_m": 6100.4804503115947, "land_area_km2": 2.609449, "pop_density_per_km2": 1502.2328468577082, "arterial_km_per_km2": 2.3378423760386173, "log_income": 11.021771741001702, "city": "Charlotte" }, "geometry": { "type": "Polygon", "coordinates": [ [ [ -80.807771, 35.232822 ], [ -80.805402, 35.2348 ], [ -80.805007, 35.235052 ], [ -80.802635, 35.23638 ], [ -80.800172, 35.237596 ], [ -80.799633, 35.238066 ], [ -80.795667, 35.242018 ], [ -80.794725, 35.242949 ], [ -80.792724, 35.244929 ], [ -80.788655, 35.246313 ], [ -80.781027, 35.249517 ], [ -80.781212, 35.247156 ], [ -80.780691, 35.244679 ], [ -80.779562, 35.241929 ], [ -80.775653, 35.236789 ], [ -80.774559, 35.23438 ], [ -80.774517, 35.233812 ], [ -80.776311, 35.233531 ], [ -80.783452, 35.235289 ], [ -80.786139, 35.235472 ], [ -80.788415, 35.234688 ], [ -80.790806, 35.235375 ], [ -80.795249, 35.233599 ], [ -80.796568, 35.234947 ], [ -80.799208, 35.233414 ], [ -80.79895, 35.23255 ], [ -80.801843, 35.231596 ], [ -80.807853, 35.23245 ], [ -80.807771, 35.232822 ] ] ] } },
{ "type": "Feature", "properties": { "STATEFP": "37", "COUNTYFP": "119", "TRACTCE": "002100", "GEOIDFQ": "1400000US37119002100", "GEOID": "37119002100", "NAME": "21", "NAMELSAD": "Census Tract 21", "STUSPS": "NC", "NAMELSADCO": "Mecklenburg County", "STATE_NAME": "North Carolina", "LSAD": "CT", "ALAND": 1588645, "AWATER": 0, "centroid_lon": -80.785631983579378, "centroid_lat": 35.185091494726898, "B03002_001E": 3114, "B03002_001M": 604, "B03002_012E": 294, "B03002_012M": 150, "B19013_001E": 60858, "B19013_001M": 19068, "B01003_001E": 3114, "state": "37", "county": "119", "tract": "002100", "latino_share": 0.094412331406551059, "camera_count": 0, "arterial_road_m": 3594.7031027145795, "land_area_km2": 1.588645, "pop_density_per_km2": 1960.1610177226503, "arterial_km_per_km2": 2.2627478780436028, "log_income": 11.016298560604051, "city": "Charlotte" }, "geometry": { "type": "Polygon", "coordinates": [ [ [ -80.793677, 35.191093 ], [ -80.791557, 35.192859 ], [ -80.790598, 35.194289 ], [ -80.784624, 35.191062 ], [ -80.780492, 35.185744 ], [ -80.776402, 35.182152 ], [ -80.777186, 35.180476 ], [ -80.781914, 35.177006 ], [ -80.783185, 35.17699 ], [ -80.785794, 35.17847 ], [ -80.788841, 35.179204 ], [ -80.78892, 35.181289 ], [ -80.791773, 35.186028 ], [ -80.792069, 35.186608 ], [ -80.793423, 35.189366 ], [ -80.793677, 35.191093 ] ] ] } },
{ "type": "Feature", "properties": { "STATEFP": "37", "COUNTYFP": "119", "TRACTCE": "001916", "GEOIDFQ": "1400000US37119001916", "GEOID": "37119001916", "NAME": "19.16", "NAMELSAD": "Census Tract 19.16", "STUSPS": "NC", "NAMELSADCO": "Mecklenburg County", "STATE_NAME": "North Carolina", "LSAD": "CT", "ALAND": 3604271, "AWATER": 65577, "centroid_lon": -80.705039176389562, "centroid_lat": 35.202845927240169, "B03002_001E": 4485, "B03002_001M": 598, "B03002_012E": 898, "B03002_012M": 328, "B19013_001E": 46696, "B19013_001M": 6453, "B01003_001E": 4485, "state": "37", "county": "119", "tract": "001916", "latino_share": 0.20022296544035675, "camera_count": 5, "arterial_road_m": 5670.7919014659628, "land_area_km2": 3.604271, "pop_density_per_km2": 1244.3570419649357, "arterial_km_per_km2": 1.5733533636804677, "log_income": 10.751413786883626, "city": "Charlotte" }, "geometry": { "type": "Polygon", "coordinates": [ [ [ -80.723972, 35.203104 ], [ -80.713213, 35.206896 ], [ -80.704096, 35.209409 ], [ -80.697918, 35.210766 ], [ -80.692493, 35.211517 ], [ -80.689522, 35.211655 ], [ -80.688879, 35.207319 ], [ -80.692095, 35.205378 ], [ -80.692393, 35.201898 ], [ -80.692285, 35.201405 ], [ -80.693708, 35.200758 ], [ -80.694602, 35.200615 ], [ -80.694588, 35.200578 ], [ -80.696027, 35.198761 ], [ -80.698777, 35.197673 ], [ -80.699373, 35.196172 ], [ -80.704926, 35.19324 ], [ -80.705177, 35.192641 ], [ -80.708394, 35.194801 ], [ -80.713535, 35.196333 ], [ -80.720844, 35.199593 ], [ -80.722936, 35.201001 ], [ -80.723972, 35.203104 ] ] ] } },
{ "type": "Feature", "properties": { "STATEFP": "37", "COUNTYFP": "119", "TRACTCE": "003902", "GEOIDFQ": "1400000US37119003902", "GEOID": "37119003902", "NAME": "39.02", "NAMELSAD": "Census Tract 39.02", "STUSPS": "NC", "NAMELSADCO": "Mecklenburg County", "STATE_NAME": "North Carolina", "LSAD": "CT", "ALAND": 5912205, "AWATER": 22975, "centroid_lon": -80.900330707304448, "centroid_lat": 35.210265984019294, "B03002_001E": 5039, "B03002_001M": 750, "B03002_012E": 704, "B03002_012M": 250, "B19013_001E": 38010, "B19013_001M": 9949, "B01003_001E": 5039, "state": "37", "county": "119", "tract": "003902", "latino_share": 0.1397102599722167, "camera_count": 1, "arterial_road_m": 11367.209299781694, "land_area_km2": 5.912205, "pop_density_per_km2": 852.30468158664996, "arterial_km_per_km2": 1.9226683276005641, "log_income": 10.545604561983295, "city": "Charlotte" }, "geometry": { "type": "Polygon", "coordinates": [ [ [ -80.91716, 35.195569 ], [ -80.91388, 35.199216 ], [ -80.91122, 35.203246 ], [ -80.912602, 35.209114 ], [ -80.912994, 35.212442 ], [ -80.911994, 35.216042 ], [ -80.909894, 35.218641 ], [ -80.907594, 35.220441 ], [ -80.904894, 35.221641 ], [ -80.900394, 35.222341 ], [ -80.899661, 35.222341 ], [ -80.896375, 35.222341 ], [ -80.883233, 35.222242 ], [ -80.883727, 35.216166 ], [ -80.88711, 35.215026 ], [ -80.885315, 35.211539 ], [ -80.885158, 35.209564 ], [ -80.883359, 35.20923 ], [ -80.882985, 35.207836 ], [ -80.883921, 35.206937 ], [ -80.884692, 35.206508 ], [ -80.889023, 35.208179 ], [ -80.892729, 35.205071 ], [ -80.893499, 35.204738 ], [ -80.894467, 35.203844 ], [ -80.897706, 35.200628 ], [ -80.899057, 35.200117 ], [ -80.904255, 35.19816 ], [ -80.906356, 35.196809 ], [ -80.90836, 35.194024 ], [ -80.909026, 35.193774 ], [ -80.914977, 35.193364 ], [ -80.916118, 35.194414 ], [ -80.918122, 35.194344 ], [ -80.91716, 35.195569 ] ] ] } },
{ "type": "Feature", "properties": { "STATEFP": "37", "COUNTYFP": "119", "TRACTCE": "003105", "GEOIDFQ": "1400000US37119003105", "GEOID": "37119003105", "NAME": "31.05", "NAMELSAD": "Census Tract 31.05", "STUSPS": "NC", "NAMELSADCO": "Mecklenburg County", "STATE_NAME": "North Carolina", "LSAD": "CT", "ALAND": 3391363, "AWATER": 20172, "centroid_lon": -80.858144225067903, "centroid_lat": 35.132274311569994, "B03002_001E": 3654, "B03002_001M": 689, "B03002_012E": 76, "B03002_012M": 85, "B19013_001E": 126071, "B19013_001M": 37436, "B01003_001E": 3654, "state": "37", "county": "119", "tract": "003105", "latino_share": 0.02079912424740011, "camera_count": 0, "arterial_road_m": 4786.4627791610437, "land_area_km2": 3.391363, "pop_density_per_km2": 1077.4429042246436, "arterial_km_per_km2": 1.4113684613416622, "log_income": 11.744600519295069, "city": "Charlotte" }, "geometry": { "type": "Polygon", "coordinates": [ [ [ -80.86698, 35.12327 ], [ -80.864894, 35.126816 ], [ -80.86412, 35.127694 ], [ -80.865106, 35.131865 ], [ -80.864249, 35.13622 ], [ -80.864, 35.136488 ], [ -80.860962, 35.139792 ], [ -80.859135, 35.146585 ], [ -80.857795, 35.148011 ], [ -80.856346, 35.148286 ], [ -80.851782, 35.145579 ], [ -80.845498, 35.144112 ], [ -80.847354, 35.140641 ], [ -80.848228, 35.140028 ], [ -80.852502, 35.137653 ], [ -80.853129, 35.136614 ], [ -80.853535, 35.133619 ], [ -80.854651, 35.125719 ], [ -80.854474, 35.122415 ], [ -80.8545, 35.121675 ], [ -80.855558, 35.118146 ], [ -80.862069, 35.117138 ], [ -80.862962, 35.117471 ], [ -80.864639, 35.118012 ], [ -80.868109, 35.118317 ], [ -80.86698, 35.12327 ] ] ] } },
{ "type": "Feature", "properties": { "STATEFP": "37", "COUNTYFP": "119", "TRACTCE": "005816", "GEOIDFQ": "1400000US37119005816", "GEOID": "37119005816", "NAME": "58.16", "NAMELSAD": "Census Tract 58.16", "STUSPS": "NC", "NAMELSADCO": "Mecklenburg County", "STATE_NAME": "North Carolina", "LSAD": "CT", "ALAND": 5255978, "AWATER": 152103, "centroid_lon": -80.808434403069938, "centroid_lat": 35.068478865357484, "B03002_001E": 4153, "B03002_001M": 407, "B03002_012E": 363, "B03002_012M": 214, "B19013_001E": 139708, "B19013_001M": 25396, "B01003_001E": 4153, "state": "37", "county": "119", "tract": "005816", "latino_share": 0.087406693956176257, "camera_count": 0, "arterial_road_m": 23567.883942606029, "land_area_km2": 5.255978, "pop_density_per_km2": 790.14790396763465, "arterial_km_per_km2": 4.4840149526132018, "log_income": 11.84730980917452, "city": "Charlotte" }, "geometry": { "type": "Polygon", "coordinates": [ [ [ -80.823201, 35.076056 ], [ -80.82231, 35.076926 ], [ -80.818236, 35.077191 ], [ -80.816965, 35.076329 ], [ -80.815599, 35.075372 ], [ -80.812896, 35.076129 ], [ -80.808929, 35.078583 ], [ -80.804826, 35.078462 ], [ -80.802147, 35.077554 ], [ -80.798652, 35.07866 ], [ -80.7936, 35.07918 ], [ -80.793575, 35.078467 ], [ -80.791937, 35.077438 ], [ -80.792708, 35.076937 ], [ -80.794148, 35.072314 ], [ -80.793615, 35.070747 ], [ -80.79421, 35.068644 ], [ -80.792955, 35.067228 ], [ -80.79332, 35.063983 ], [ -80.795014, 35.063567 ], [ -80.7967, 35.062803 ], [ -80.797903, 35.062264 ], [ -80.807405, 35.058959 ], [ -80.807518, 35.0586 ], [ -80.809157, 35.056619 ], [ -80.811997, 35.054356 ], [ -80.814172, 35.053221 ], [ -80.816337, 35.057209 ], [ -80.818095, 35.060251 ], [ -80.820998, 35.063611 ], [ -80.822625, 35.065874 ], [ -80.824537, 35.072237 ], [ -80.823201, 35.076056 ] ] ] } },
{ "type": "Feature", "properties": { "STATEFP": "37", "COUNTYFP": "119", "TRACTCE": "001400", "GEOIDFQ": "1400000US37119001400", "GEOID": "37119001400", "NAME": "14", "NAMELSAD": "Census Tract 14", "STUSPS": "NC", "NAMELSADCO": "Mecklenburg County", "STATE_NAME": "North Carolina", "LSAD": "CT", "ALAND": 2111896, "AWATER": 0, "centroid_lon": -80.7964327481792, "centroid_lat": 35.246304422758001, "B03002_001E": 3743, "B03002_001M": 462, "B03002_012E": 330, "B03002_012M": 160, "B19013_001E": 101645, "B19013_001M": 13047, "B01003_001E": 3743, "state": "37", "county": "119", "tract": "001400", "latino_share": 0.088164573871226296, "camera_count": 0, "arterial_road_m": 6917.976248264642, "land_area_km2": 2.111896, "pop_density_per_km2": 1772.3410622492772, "arterial_km_per_km2": 3.2757182400386391, "log_income": 11.529241629455164, "city": "Charlotte" }, "geometry": { "type": "Polygon", "coordinates": [ [ [ -80.810166, 35.244443 ], [ -80.804559, 35.247688 ], [ -80.805919, 35.249154 ], [ -80.797593, 35.250525 ], [ -80.791124, 35.251456 ], [ -80.780009, 35.253838 ], [ -80.781027, 35.249517 ], [ -80.788655, 35.246313 ], [ -80.792724, 35.244929 ], [ -80.794725, 35.242949 ], [ -80.795667, 35.242018 ], [ -80.799633, 35.238066 ], [ -80.800172, 35.237596 ], [ -80.802635, 35.23638 ], [ -80.802566, 35.237257 ], [ -80.80339, 35.240785 ], [ -80.808356, 35.241766 ], [ -80.809147, 35.242005 ], [ -80.811009, 35.243199 ], [ -80.810166, 35.244443 ] ] ] } },
{ "type": "Feature", "properties": { "STATEFP": "37", "COUNTYFP": "119", "TRACTCE": "004200", "GEOIDFQ": "1400000US37119004200", "GEOID": "37119004200", "NAME": "42", "NAMELSAD": "Census Tract 42", "STUSPS": "NC", "NAMELSADCO": "Mecklenburg County", "STATE_NAME": "North Carolina", "LSAD": "CT", "ALAND": 2753257, "AWATER": 0, "centroid_lon": -80.883084217686431, "centroid_lat": 35.244938848299462, "B03002_001E": 2666, "B03002_001M": 640, "B03002_012E": 261, "B03002_012M": 191, "B19013_001E": 44688, "B19013_001M": 18658, "B01003_001E": 2666, "state": "37", "county": "119", "tract": "004200", "latino_share": 0.097899474868717182, "camera_count": 0, "arterial_road_m": 9590.0659226353819, "land_area_km2": 2.753257, "pop_density_per_km2": 968.30771700571358, "arterial_km_per_km2": 3.4831713576449208, "log_income": 10.707460288184958, "city": "Charlotte" }, "geometry": { "type": "Polygon", "coordinates": [ [ [ -80.894863, 35.250395 ], [ -80.894531, 35.250843 ], [ -80.893008, 35.252133 ], [ -80.888857, 35.254272 ], [ -80.885212, 35.257468 ], [ -80.883494, 35.254341 ], [ -80.881794, 35.248841 ], [ -80.876892, 35.246303 ], [ -80.872992, 35.24484 ], [ -80.870793, 35.241941 ], [ -80.868152, 35.240669 ], [ -80.867805, 35.240353 ], [ -80.871498, 35.239939 ], [ -80.87444, 35.236596 ], [ -80.874506, 35.236526 ], [ -80.875615, 35.23531 ], [ -80.876255, 35.233102 ], [ -80.878854, 35.234657 ], [ -80.880562, 35.235927 ], [ -80.8852, 35.239415 ], [ -80.896181, 35.247801 ], [ -80.894863, 35.250395 ] ] ] } },
{ "type": "Feature", "properties": { "STATEFP": "37", "COUNTYFP": "119", "TRACTCE": "001917", "GEOIDFQ": "1400000US37119001917", "GEOID": "37119001917", "NAME": "19.17", "NAMELSAD": "Census Tract 19.17", "STUSPS": "NC", "NAMELSADCO": "Mecklenburg County", "STATE_NAME": "North Carolina", "LSAD": "CT", "ALAND": 3840163, "AWATER": 36860, "centroid_lon": -80.687068130792454, "centroid_lat": 35.199950871672442, "B03002_001E": 4302, "B03002_001M": 513, "B03002_012E": 1586, "B03002_012M": 472, "B19013_001E": 54839, "B19013_001M": 20342, "B01003_001E": 4302, "state": "37", "county": "119", "tract": "001917", "latino_share": 0.36866573686657367, "camera_count": 2, "arterial_road_m": 5730.7413035351383, "land_area_km2": 3.840163, "pop_density_per_km2": 1120.2649470868814, "arterial_km_per_km2": 1.4923172020393767, "log_income": 10.912156898644932, "city": "Charlotte" }, "geometry": { "type": "Polygon", "coordinates": [ [ [ -80.704926, 35.19324 ], [ -80.699373, 35.196172 ], [ -80.698777, 35.197673 ], [ -80.696027, 35.198761 ], [ -80.694588, 35.200578 ], [ -80.694602, 35.200615 ], [ -80.693708, 35.200758 ], [ -80.692285, 35.201405 ], [ -80.692393, 35.201898 ], [ -80.692095, 35.205378 ], [ -80.688879, 35.207319 ], [ -80.689522, 35.211655 ], [ -80.682244, 35.210882 ], [ -80.671455, 35.208579 ], [ -80.670104, 35.208392 ], [ -80.670115, 35.207994 ], [ -80.670237, 35.205413 ], [ -80.671468, 35.204907 ], [ -80.672629, 35.204426 ], [ -80.672868, 35.204306 ], [ -80.676475, 35.20026 ], [ -80.678451, 35.198827 ], [ -80.680204, 35.197604 ], [ -80.68502, 35.194198 ], [ -80.68602, 35.19274 ], [ -80.686141, 35.192508 ], [ -80.689058, 35.187034 ], [ -80.690027, 35.18764 ], [ -80.691278, 35.18802 ], [ -80.69317, 35.188535 ], [ -80.701602, 35.190338 ], [ -80.705177, 35.192641 ], [ -80.704926, 35.19324 ] ] ] } },
{ "type": "Feature", "properties": { "STATEFP": "37", "COUNTYFP": "119", "TRACTCE": "006105", "GEOIDFQ": "1400000US37119006105", "GEOID": "37119006105", "NAME": "61.05", "NAMELSAD": "Census Tract 61.05", "STUSPS": "NC", "NAMELSADCO": "Mecklenburg County", "STATE_NAME": "North Carolina", "LSAD": "CT", "ALAND": 7581178, "AWATER": 82507, "centroid_lon": -80.89697538149619, "centroid_lat": 35.3411269714124, "B03002_001E": 2730, "B03002_001M": 356, "B03002_012E": 55, "B03002_012M": 51, "B19013_001E": 101343, "B19013_001M": 19176, "B01003_001E": 2730, "state": "37", "county": "119", "tract": "006105", "latino_share": 0.020146520146520148, "camera_count": 5, "arterial_road_m": 13266.360649792499, "land_area_km2": 7.581178, "pop_density_per_km2": 360.10234821026495, "arterial_km_per_km2": 1.749907553917412, "log_income": 11.526266081907302, "city": "Charlotte" }, "geometry": { "type": "Polygon", "coordinates": [ [ [ -80.913215, 35.346141 ], [ -80.910322, 35.348006 ], [ -80.908969, 35.350677 ], [ -80.905862, 35.350192 ], [ -80.905115, 35.350539 ], [ -80.90207, 35.355439 ], [ -80.900799, 35.358637 ], [ -80.897511, 35.361519 ], [ -80.897265, 35.36046 ], [ -80.889329, 35.353744 ], [ -80.88864, 35.352009 ], [ -80.888548, 35.351582 ], [ -80.888252, 35.350237 ], [ -80.887571, 35.34786 ], [ -80.885437, 35.346558 ], [ -80.883863, 35.34533 ], [ -80.879305, 35.34219 ], [ -80.878868, 35.341745 ], [ -80.876685, 35.338034 ], [ -80.8742, 35.333366 ], [ -80.875062, 35.333406 ], [ -80.876584, 35.333517 ], [ -80.878723, 35.33368 ], [ -80.880455, 35.333801 ], [ -80.88121, 35.333776 ], [ -80.881569, 35.333763 ], [ -80.885022, 35.333684 ], [ -80.885925, 35.333445 ], [ -80.888521, 35.332509 ], [ -80.891668, 35.331381 ], [ -80.893203, 35.329854 ], [ -80.896911, 35.327976 ], [ -80.897382, 35.327736 ], [ -80.897825, 35.32749 ], [ -80.898451, 35.326881 ], [ -80.898971, 35.326223 ], [ -80.899581, 35.325633 ], [ -80.900129, 35.325227 ], [ -80.901142, 35.324743 ], [ -80.901544, 35.324352 ], [ -80.901794, 35.323781 ], [ -80.901982, 35.322707 ], [ -80.904012, 35.324951 ], [ -80.905121, 35.326137 ], [ -80.90555, 35.326469 ], [ -80.905946, 35.326695 ], [ -80.907426, 35.327261 ], [ -80.910089, 35.328848 ], [ -80.912151, 35.333005 ], [ -80.912805, 35.334479 ], [ -80.913988, 35.335995 ], [ -80.91276, 35.336615 ], [ -80.908425, 35.341112 ], [ -80.910089, 35.341729 ], [ -80.914948, 35.343953 ], [ -80.913215, 35.346141 ] ] ] } },
{ "type": "Feature", "properties": { "STATEFP": "37", "COUNTYFP": "119", "TRACTCE": "001911", "GEOIDFQ": "1400000US37119001911", "GEOID": "37119001911", "NAME": "19.11", "NAMELSAD": "Census Tract 19.11", "STUSPS": "NC", "NAMELSADCO": "Mecklenburg County", "STATE_NAME": "North Carolina", "LSAD": "CT", "ALAND": 3144234, "AWATER": 2315, "centroid_lon": -80.718509659105123, "centroid_lat": 35.188640199352619, "B03002_001E": 6091, "B03002_001M": 1160, "B03002_012E": 1608, "B03002_012M": 599, "B19013_001E": 58594, "B19013_001M": 4258, "B01003_001E": 6091, "state": "37", "county": "119", "tract": "001911", "latino_share": 0.2639960597603021, "camera_count": 0, "arterial_road_m": 2540.2954313470832, "land_area_km2": 3.144234, "pop_density_per_km2": 1937.1967862442809, "arterial_km_per_km2": 0.80792187583592168, "log_income": 10.978387581244487, "city": "Charlotte" }, "geometry": { "type": "Polygon", "coordinates": [ [ [ -80.72943, 35.187313 ], [ -80.728685, 35.188548 ], [ -80.725434, 35.193889 ], [ -80.720844, 35.199593 ], [ -80.713535, 35.196333 ], [ -80.708394, 35.194801 ], [ -80.705177, 35.192641 ], [ -80.708733, 35.187172 ], [ -80.710719, 35.185691 ], [ -80.711105, 35.185434 ], [ -80.712716, 35.184102 ], [ -80.712328, 35.183794 ], [ -80.712561, 35.183425 ], [ -80.713976, 35.183466 ], [ -80.715656, 35.182694 ], [ -80.715948, 35.181553 ], [ -80.715875, 35.180262 ], [ -80.718159, 35.178858 ], [ -80.719579, 35.17596 ], [ -80.722628, 35.177958 ], [ -80.724079, 35.17924 ], [ -80.729972, 35.185905 ], [ -80.72943, 35.187313 ] ] ] } },
{ "type": "Feature", "properties": { "STATEFP": "37", "COUNTYFP": "119", "TRACTCE": "005828", "GEOIDFQ": "1400000US37119005828", "GEOID": "37119005828", "NAME": "58.28", "NAMELSAD": "Census Tract 58.28", "STUSPS": "NC", "NAMELSADCO": "Mecklenburg County", "STATE_NAME": "North Carolina", "LSAD": "CT", "ALAND": 3194374, "AWATER": 2241, "centroid_lon": -80.865790446746075, "centroid_lat": 35.106394758931401, "B03002_001E": 3708, "B03002_001M": 486, "B03002_012E": 145, "B03002_012M": 82, "B19013_001E": 100179, "B19013_001M": 32269, "B01003_001E": 3708, "state": "37", "county": "119", "tract": "005828", "latino_share": 0.039104638619201729, "camera_count": 2, "arterial_road_m": 6242.2901514583464, "land_area_km2": 3.194374, "pop_density_per_km2": 1160.7908153522412, "arterial_km_per_km2": 1.9541513146107332, "log_income": 11.514713864829446, "city": "Charlotte" }, "geometry": { "type": "Polygon", "coordinates": [ [ [ -80.877334, 35.098647 ], [ -80.87585, 35.103562 ], [ -80.872394, 35.108634 ], [ -80.870546, 35.11006 ], [ -80.868557, 35.115428 ], [ -80.868109, 35.118317 ], [ -80.864639, 35.118012 ], [ -80.862962, 35.117471 ], [ -80.862069, 35.117138 ], [ -80.855558, 35.118146 ], [ -80.858393, 35.109159 ], [ -80.858334, 35.107995 ], [ -80.85736, 35.105794 ], [ -80.857466, 35.104551 ], [ -80.859201, 35.099253 ], [ -80.859556, 35.09807 ], [ -80.859687, 35.097319 ], [ -80.864997, 35.0973 ], [ -80.866896, 35.096721 ], [ -80.867698, 35.096792 ], [ -80.868836, 35.095998 ], [ -80.870597, 35.09665 ], [ -80.873303, 35.096752 ], [ -80.876082, 35.096445 ], [ -80.877334, 35.098647 ] ] ] } },
{ "type": "Feature", "properties": { "STATEFP": "37", "COUNTYFP": "119", "TRACTCE": "003109", "GEOIDFQ": "1400000US37119003109", "GEOID": "37119003109", "NAME": "31.09", "NAMELSAD": "Census Tract 31.09", "STUSPS": "NC", "NAMELSADCO": "Mecklenburg County", "STATE_NAME": "North Carolina", "LSAD": "CT", "ALAND": 757961, "AWATER": 37679, "centroid_lon": -80.875003657417182, "centroid_lat": 35.122121427307846, "B03002_001E": 4264, "B03002_001M": 677, "B03002_012E": 2939, "B03002_012M": 739, "B19013_001E": 54964, "B19013_001M": 8427, "B01003_001E": 4264, "state": "37", "county": "119", "tract": "003109", "latino_share": 0.68925891181988741, "camera_count": 0, "arterial_road_m": 2327.3234200993293, "land_area_km2": 0.757961, "pop_density_per_km2": 5625.6192600938575, "arterial_km_per_km2": 3.0705055010737086, "log_income": 10.914433704451666, "city": "Charlotte" }, "geometry": { "type": "Polygon", "coordinates": [ [ [ -80.87729, 35.12736 ], [ -80.87675, 35.128156 ], [ -80.874931, 35.127324 ], [ -80.874233, 35.126731 ], [ -80.873282, 35.12548 ], [ -80.872412, 35.125196 ], [ -80.870777, 35.125103 ], [ -80.870098, 35.124824 ], [ -80.86954, 35.124009 ], [ -80.869615, 35.123298 ], [ -80.870496, 35.121268 ], [ -80.869604, 35.119384 ], [ -80.869735, 35.118448 ], [ -80.871011, 35.1184 ], [ -80.876049, 35.117622 ], [ -80.881165, 35.119627 ], [ -80.87729, 35.12736 ] ] ] } },
{ "type": "Feature", "properties": { "STATEFP": "37", "COUNTYFP": "119", "TRACTCE": "003006", "GEOIDFQ": "1400000US37119003006", "GEOID": "37119003006", "NAME": "30.06", "NAMELSAD": "Census Tract 30.06", "STUSPS": "NC", "NAMELSADCO": "Mecklenburg County", "STATE_NAME": "North Carolina", "LSAD": "CT", "ALAND": 2982445, "AWATER": 768, "centroid_lon": -80.82975151135436, "centroid_lat": 35.133417750236426, "B03002_001E": 4449, "B03002_001M": 498, "B03002_012E": 38, "B03002_012M": 33, "B19013_001E": 143462, "B19013_001M": 49254, "B01003_001E": 4449, "state": "37", "county": "119", "tract": "003006", "latino_share": 0.0085412452236457628, "camera_count": 1, "arterial_road_m": 2633.9115248760022, "land_area_km2": 2.982445, "pop_density_per_km2": 1491.7291014587026, "arterial_km_per_km2": 0.88313833947516296, "log_income": 11.873825470751518, "city": "Charlotte" }, "geometry": { "type": "Polygon", "coordinates": [ [ [ -80.838885, 35.137585 ], [ -80.83864, 35.138121 ], [ -80.837955, 35.139196 ], [ -80.833618, 35.142934 ], [ -80.832978, 35.144203 ], [ -80.829185, 35.14378 ], [ -80.82552, 35.141911 ], [ -80.822812, 35.142188 ], [ -80.819996, 35.141032 ], [ -80.820098, 35.137754 ], [ -80.821308, 35.136245 ], [ -80.820831, 35.13521 ], [ -80.82303, 35.135359 ], [ -80.823864, 35.134445 ], [ -80.823033, 35.131295 ], [ -80.820896, 35.130779 ], [ -80.822834, 35.127615 ], [ -80.826, 35.125771 ], [ -80.827663, 35.123955 ], [ -80.827215, 35.12281 ], [ -80.828721, 35.117201 ], [ -80.829757, 35.118072 ], [ -80.830955, 35.120018 ], [ -80.834043, 35.126315 ], [ -80.837004, 35.129434 ], [ -80.839061, 35.133119 ], [ -80.838885, 35.137585 ] ] ] } },
{ "type": "Feature", "properties": { "STATEFP": "37", "COUNTYFP": "119", "TRACTCE": "005512", "GEOIDFQ": "1400000US37119005512", "GEOID": "37119005512", "NAME": "55.12", "NAMELSAD": "Census Tract 55.12", "STUSPS": "NC", "NAMELSADCO": "Mecklenburg County", "STATE_NAME": "North Carolina", "LSAD": "CT", "ALAND": 4384933, "AWATER": 47000, "centroid_lon": -80.805140289106092, "centroid_lat": 35.312953351880182, "B03002_001E": 5913, "B03002_001M": 796, "B03002_012E": 922, "B03002_012M": 298, "B19013_001E": 59216, "B19013_001M": 8763, "B01003_001E": 5913, "state": "37", "county": "119", "tract": "005512", "latino_share": 0.15592761711483172, "camera_count": 0, "arterial_road_m": 7338.0979391897663, "land_area_km2": 4.384933, "pop_density_per_km2": 1348.4812652781695, "arterial_km_per_km2": 1.6734800598298232, "log_income": 10.988947054625937, "city": "Charlotte" }, "geometry": { "type": "Polygon", "coordinates": [ [ [ -80.819333, 35.309806 ], [ -80.812832, 35.312822 ], [ -80.810936, 35.314066 ], [ -80.812516, 35.316813 ], [ -80.812617, 35.318336 ], [ -80.811423, 35.321074 ], [ -80.812182, 35.322657 ], [ -80.811077, 35.3238 ], [ -80.8077, 35.324935 ], [ -80.807133, 35.326862 ], [ -80.803446, 35.327205 ], [ -80.801332, 35.328667 ], [ -80.802052, 35.325617 ], [ -80.798147, 35.325368 ], [ -80.797534, 35.322924 ], [ -80.796502, 35.32008 ], [ -80.796569, 35.315419 ], [ -80.791571, 35.313051 ], [ -80.791206, 35.31154 ], [ -80.792313, 35.310946 ], [ -80.794703, 35.30843 ], [ -80.801645, 35.300421 ], [ -80.800795, 35.29875 ], [ -80.80333, 35.300391 ], [ -80.805455, 35.301162 ], [ -80.819193, 35.30584 ], [ -80.82152, 35.307358 ], [ -80.819333, 35.309806 ] ] ] } },
{ "type": "Feature", "properties": { "STATEFP": "37", "COUNTYFP": "119", "TRACTCE": "005513", "GEOIDFQ": "1400000US37119005513", "GEOID": "37119005513", "NAME": "55.13", "NAMELSAD": "Census Tract 55.13", "STUSPS": "NC", "NAMELSADCO": "Mecklenburg County", "STATE_NAME": "North Carolina", "LSAD": "CT", "ALAND": 3326891, "AWATER": 17195, "centroid_lon": -80.789459780029858, "centroid_lat": 35.352087245504769, "B03002_001E": 3975, "B03002_001M": 647, "B03002_012E": 347, "B03002_012M": 173, "B19013_001E": 98750, "B19013_001M": 10053, "B01003_001E": 3975, "state": "37", "county": "119", "tract": "005513", "latino_share": 0.087295597484276732, "camera_count": 2, "arterial_road_m": 4513.917059191006, "land_area_km2": 3.326891, "pop_density_per_km2": 1194.8092077558297, "arterial_km_per_km2": 1.3567974000924605, "log_income": 11.500346682763368, "city": "Charlotte" }, "geometry": { "type": "Polygon", "coordinates": [ [ [ -80.799949, 35.36032 ], [ -80.797178, 35.361175 ], [ -80.791309, 35.363755 ], [ -80.789334, 35.364419 ], [ -80.787525, 35.365364 ], [ -80.78567, 35.363421 ], [ -80.783323, 35.36221 ], [ -80.780837, 35.354351 ], [ -80.77847, 35.352033 ], [ -80.780283, 35.350447 ], [ -80.781874, 35.347259 ], [ -80.785586, 35.345842 ], [ -80.786907, 35.343721 ], [ -80.787463, 35.338578 ], [ -80.791666, 35.338301 ], [ -80.793295, 35.33753 ], [ -80.794671, 35.337624 ], [ -80.796656, 35.337778 ], [ -80.796431, 35.339489 ], [ -80.795409, 35.342923 ], [ -80.795765, 35.347544 ], [ -80.795974, 35.350276 ], [ -80.795921, 35.350756 ], [ -80.795366, 35.351753 ], [ -80.79514, 35.352201 ], [ -80.794718, 35.352997 ], [ -80.794256, 35.354197 ], [ -80.794225, 35.354494 ], [ -80.794324, 35.354978 ], [ -80.794676, 35.355331 ], [ -80.797739, 35.356874 ], [ -80.799949, 35.36032 ] ] ] } },
{ "type": "Feature", "properties": { "STATEFP": "37", "COUNTYFP": "119", "TRACTCE": "001508", "GEOIDFQ": "1400000US37119001508", "GEOID": "37119001508", "NAME": "15.08", "NAMELSAD": "Census Tract 15.08", "STUSPS": "NC", "NAMELSADCO": "Mecklenburg County", "STATE_NAME": "North Carolina", "LSAD": "CT", "ALAND": 5658429, "AWATER": 120769, "centroid_lon": -80.727632252203989, "centroid_lat": 35.24292598351461, "B03002_001E": 6046, "B03002_001M": 726, "B03002_012E": 938, "B03002_012M": 540, "B19013_001E": 66027, "B19013_001M": 7495, "B01003_001E": 6046, "state": "37", "county": "119", "tract": "001508", "latino_share": 0.15514389679126694, "camera_count": 2, "arterial_road_m": 9425.9168118324105, "land_area_km2": 5.658429, "pop_density_per_km2": 1068.4944531423828, "arterial_km_per_km2": 1.6658186948766893, "log_income": 11.097819028262782, "city": "Charlotte" }, "geometry": { "type": "Polygon", "coordinates": [ [ [ -80.739239, 35.232378 ], [ -80.737895, 35.236914 ], [ -80.737675, 35.237509 ], [ -80.737781, 35.238951 ], [ -80.737932, 35.239573 ], [ -80.737448, 35.246385 ], [ -80.737439, 35.246477 ], [ -80.736377, 35.254836 ], [ -80.736216, 35.258278 ], [ -80.727304, 35.258616 ], [ -80.720786, 35.255718 ], [ -80.717718, 35.255408 ], [ -80.718715, 35.249732 ], [ -80.718534, 35.24924 ], [ -80.717082, 35.247225 ], [ -80.716554, 35.240851 ], [ -80.716379, 35.236548 ], [ -80.719986, 35.230026 ], [ -80.720028, 35.229903 ], [ -80.721491, 35.227743 ], [ -80.726571, 35.227706 ], [ -80.729391, 35.228343 ], [ -80.735794, 35.230433 ], [ -80.739917, 35.231733 ], [ -80.739239, 35.232378 ] ] ] } },
{ "type": "Feature", "properties": { "STATEFP": "37", "COUNTYFP": "119", "TRACTCE": "005510", "GEOIDFQ": "1400000US37119005510", "GEOID": "37119005510", "NAME": "55.10", "NAMELSAD": "Census Tract 55.10", "STUSPS": "NC", "NAMELSADCO": "Mecklenburg County", "STATE_NAME": "North Carolina", "LSAD": "CT", "ALAND": 7723613, "AWATER": 53379, "centroid_lon": -80.826843907103353, "centroid_lat": 35.324473418608214, "B03002_001E": 7718, "B03002_001M": 1344, "B03002_012E": 2173, "B03002_012M": 1061, "B19013_001E": 71346, "B19013_001M": 10356, "B01003_001E": 7718, "state": "37", "county": "119", "tract": "005510", "latino_share": 0.28154962425498836, "camera_count": 0, "arterial_road_m": 11632.077416797583, "land_area_km2": 7.723613, "pop_density_per_km2": 999.27326757567994, "arterial_km_per_km2": 1.5060409444126193, "log_income": 11.175296559665634, "city": "Charlotte" }, "geometry": { "type": "Polygon", "coordinates": [ [ [ -80.843471, 35.328072 ], [ -80.842651, 35.335729 ], [ -80.839078, 35.337659 ], [ -80.833301, 35.33907 ], [ -80.824174, 35.338887 ], [ -80.825148, 35.335232 ], [ -80.812535, 35.332498 ], [ -80.808635, 35.329356 ], [ -80.807133, 35.326862 ], [ -80.8077, 35.324935 ], [ -80.811077, 35.3238 ], [ -80.812182, 35.322657 ], [ -80.811423, 35.321074 ], [ -80.812617, 35.318336 ], [ -80.812516, 35.316813 ], [ -80.810936, 35.314066 ], [ -80.812832, 35.312822 ], [ -80.819333, 35.309806 ], [ -80.82152, 35.307358 ], [ -80.825232, 35.309833 ], [ -80.829076, 35.31264 ], [ -80.830548, 35.315434 ], [ -80.830685, 35.316226 ], [ -80.829503, 35.319487 ], [ -80.838867, 35.309974 ], [ -80.839717, 35.313895 ], [ -80.842856, 35.3229 ], [ -80.8434, 35.325267 ], [ -80.843471, 35.328072 ] ] ] } },
{ "type": "Feature", "properties": { "STATEFP": "37", "COUNTYFP": "119", "TRACTCE": "005847", "GEOIDFQ": "1400000US37119005847", "GEOID": "37119005847", "NAME": "58.47", "NAMELSAD": "Census Tract 58.47", "STUSPS": "NC", "NAMELSADCO": "Mecklenburg County", "STATE_NAME": "North Carolina", "LSAD": "CT", "ALAND": 6474987, "AWATER": 28889, "centroid_lon": -80.762556542366241, "centroid_lat": 35.077093163944284, "B03002_001E": 5379, "B03002_001M": 859, "B03002_012E": 335, "B03002_012M": 177, "B19013_001E": 168375, "B19013_001M": 20904, "B01003_001E": 5379, "state": "37", "county": "119", "tract": "005847", "latino_share": 0.062279234058375162, "camera_count": 0, "arterial_road_m": 19065.426103147518, "land_area_km2": 6.474987, "pop_density_per_km2": 830.73525861905216, "arterial_km_per_km2": 2.9444732635212274, "log_income": 12.033948913712665, "city": "Charlotte" }, "geometry": { "type": "Polygon", "coordinates": [ [ [ -80.774732, 35.08832 ], [ -80.771147, 35.093778 ], [ -80.769932, 35.093431 ], [ -80.767128, 35.094492 ], [ -80.763689, 35.095082 ], [ -80.760382, 35.094163 ], [ -80.75724, 35.090845 ], [ -80.756202, 35.088313 ], [ -80.756566, 35.087312 ], [ -80.75535, 35.085138 ], [ -80.752208, 35.081687 ], [ -80.753398, 35.07921 ], [ -80.750812, 35.075824 ], [ -80.752028, 35.074991 ], [ -80.751134, 35.073795 ], [ -80.749682, 35.07248 ], [ -80.745239, 35.076014 ], [ -80.743579, 35.076504 ], [ -80.748936, 35.068824 ], [ -80.750427, 35.067256 ], [ -80.752645, 35.06537 ], [ -80.757136, 35.062694 ], [ -80.763469, 35.060544 ], [ -80.769836, 35.059872 ], [ -80.770055, 35.064738 ], [ -80.770835, 35.067523 ], [ -80.772811, 35.069046 ], [ -80.773732, 35.071524 ], [ -80.772726, 35.0761 ], [ -80.772273, 35.07808 ], [ -80.772179, 35.079344 ], [ -80.772226, 35.08025 ], [ -80.774732, 35.08832 ] ] ] } },
{ "type": "Feature", "properties": { "STATEFP": "37", "COUNTYFP": "119", "TRACTCE": "004500", "GEOIDFQ": "1400000US37119004500", "GEOID": "37119004500", "NAME": "45", "NAMELSAD": "Census Tract 45", "STUSPS": "NC", "NAMELSADCO": "Mecklenburg County", "STATE_NAME": "North Carolina", "LSAD": "CT", "ALAND": 3606672, "AWATER": 242, "centroid_lon": -80.872556880005135, "centroid_lat": 35.253131138365809, "B03002_001E": 3090, "B03002_001M": 533, "B03002_012E": 216, "B03002_012M": 134, "B19013_001E": 38688, "B19013_001M": 16154, "B01003_001E": 3090, "state": "37", "county": "119", "tract": "004500", "latino_share": 0.069902912621359226, "camera_count": 0, "arterial_road_m": 11337.414833257444, "land_area_km2": 3.606672, "pop_density_per_km2": 856.74549834307084, "arterial_km_per_km2": 3.1434560262916738, "log_income": 10.56328475341452, "city": "Charlotte" }, "geometry": { "type": "Polygon", "coordinates": [ [ [ -80.8837, 35.258715 ], [ -80.880103, 35.260751 ], [ -80.872672, 35.267026 ], [ -80.870032, 35.268084 ], [ -80.868043, 35.26118 ], [ -80.86849, 35.258838 ], [ -80.866934, 35.258056 ], [ -80.865137, 35.257408 ], [ -80.865084, 35.253566 ], [ -80.865253, 35.252729 ], [ -80.865796, 35.250876 ], [ -80.866251, 35.250476 ], [ -80.85989, 35.243569 ], [ -80.858713, 35.241733 ], [ -80.867168, 35.240596 ], [ -80.867805, 35.240353 ], [ -80.868152, 35.240669 ], [ -80.870793, 35.241941 ], [ -80.872992, 35.24484 ], [ -80.876892, 35.246303 ], [ -80.881794, 35.248841 ], [ -80.883494, 35.254341 ], [ -80.885212, 35.257468 ], [ -80.8837, 35.258715 ] ] ] } },
{ "type": "Feature", "properties": { "STATEFP": "37", "COUNTYFP": "119", "TRACTCE": "002008", "GEOIDFQ": "1400000US37119002008", "GEOID": "37119002008", "NAME": "20.08", "NAMELSAD": "Census Tract 20.08", "STUSPS": "NC", "NAMELSADCO": "Mecklenburg County", "STATE_NAME": "North Carolina", "LSAD": "CT", "ALAND": 3737525, "AWATER": 10091, "centroid_lon": -80.767352025362953, "centroid_lat": 35.153333472016307, "B03002_001E": 3183, "B03002_001M": 420, "B03002_012E": 139, "B03002_012M": 158, "B19013_001E": 163672, "B19013_001M": 39881, "B01003_001E": 3183, "state": "37", "county": "119", "tract": "002008", "latino_share": 0.043669494187873074, "camera_count": 0, "arterial_road_m": 1614.6312637844355, "land_area_km2": 3.737525, "pop_density_per_km2": 851.63309944415084, "arterial_km_per_km2": 0.43200547522342603, "log_income": 12.005619704135663, "city": "Charlotte" }, "geometry": { "type": "Polygon", "coordinates": [ [ [ -80.77859, 35.161545 ], [ -80.776254, 35.163649 ], [ -80.77486, 35.164625 ], [ -80.773575, 35.166307 ], [ -80.772623, 35.167636 ], [ -80.771722, 35.168517 ], [ -80.768438, 35.166944 ], [ -80.768885, 35.165945 ], [ -80.766597, 35.164984 ], [ -80.764662, 35.162701 ], [ -80.762699, 35.162499 ], [ -80.762615, 35.160251 ], [ -80.760028, 35.157724 ], [ -80.760531, 35.156549 ], [ -80.759527, 35.155344 ], [ -80.757394, 35.151248 ], [ -80.756691, 35.146081 ], [ -80.76076, 35.143638 ], [ -80.761928, 35.142321 ], [ -80.76805, 35.137351 ], [ -80.769568, 35.138749 ], [ -80.771693, 35.1441 ], [ -80.772535, 35.148346 ], [ -80.773215, 35.151462 ], [ -80.774833, 35.15413 ], [ -80.77551, 35.155725 ], [ -80.776789, 35.159022 ], [ -80.779175, 35.161253 ], [ -80.77859, 35.161545 ] ] ] } },
{ "type": "Feature", "properties": { "STATEFP": "37", "COUNTYFP": "119", "TRACTCE": "006114", "GEOIDFQ": "1400000US37119006114", "GEOID": "37119006114", "NAME": "61.14", "NAMELSAD": "Census Tract 61.14", "STUSPS": "NC", "NAMELSADCO": "Mecklenburg County", "STATE_NAME": "North Carolina", "LSAD": "CT", "ALAND": 3383249, "AWATER": 23559, "centroid_lon": -80.866074319771442, "centroid_lat": 35.337200538807899, "B03002_001E": 3572, "B03002_001M": 551, "B03002_012E": 968, "B03002_012M": 419, "B19013_001E": 66541, "B19013_001M": 20974, "B01003_001E": 3572, "state": "37", "county": "119", "tract": "006114", "latino_share": 0.27099664053751399, "camera_count": 0, "arterial_road_m": 5710.464437319948, "land_area_km2": 3.383249, "pop_density_per_km2": 1055.7898635305885, "arterial_km_per_km2": 1.6878640730611161, "log_income": 11.105573578013793, "city": "Charlotte" }, "geometry": { "type": "Polygon", "coordinates": [ [ [ -80.883863, 35.34533 ], [ -80.876978, 35.345768 ], [ -80.876354, 35.345396 ], [ -80.874211, 35.342977 ], [ -80.871015, 35.341948 ], [ -80.867061, 35.344326 ], [ -80.864658, 35.344721 ], [ -80.86357, 35.345228 ], [ -80.862408, 35.34854 ], [ -80.860313, 35.347105 ], [ -80.857106, 35.346987 ], [ -80.85857, 35.342026 ], [ -80.85823, 35.340785 ], [ -80.854303, 35.336439 ], [ -80.853998, 35.336027 ], [ -80.852411, 35.332359 ], [ -80.853708, 35.331982 ], [ -80.857981, 35.33003 ], [ -80.862063, 35.329457 ], [ -80.866842, 35.325366 ], [ -80.867049, 35.325664 ], [ -80.86725, 35.325888 ], [ -80.868175, 35.326804 ], [ -80.873184, 35.331084 ], [ -80.873767, 35.332259 ], [ -80.8742, 35.333366 ], [ -80.876685, 35.338034 ], [ -80.878868, 35.341745 ], [ -80.879305, 35.34219 ], [ -80.883863, 35.34533 ] ] ] } },
{ "type": "Feature", "properties": { "STATEFP": "37", "COUNTYFP": "119", "TRACTCE": "005623", "GEOIDFQ": "1400000US37119005623", "GEOID": "37119005623", "NAME": "56.23", "NAMELSAD": "Census Tract 56.23", "STUSPS": "NC", "NAMELSADCO": "Mecklenburg County", "STATE_NAME": "North Carolina", "LSAD": "CT", "ALAND": 2540429, "AWATER": 3202, "centroid_lon": -80.738049454349365, "centroid_lat": 35.289079930570516, "B03002_001E": 3702, "B03002_001M": 472, "B03002_012E": 322, "B03002_012M": 224, "B19013_001E": 42009, "B19013_001M": 15762, "B01003_001E": 3702, "state": "37", "county": "119", "tract": "005623", "latino_share": 0.086980010804970281, "camera_count": 3, "arterial_road_m": 7513.6612535909171, "land_area_km2": 2.540429, "pop_density_per_km2": 1457.2341915479628, "arterial_km_per_km2": 2.9576348142738556, "log_income": 10.645639160023887, "city": "Charlotte" }, "geometry": { "type": "Polygon", "coordinates": [ [ [ -80.748301, 35.285346 ], [ -80.74757, 35.287009 ], [ -80.744034, 35.291551 ], [ -80.743989, 35.295581 ], [ -80.743354, 35.295873 ], [ -80.737048, 35.29876 ], [ -80.734052, 35.300127 ], [ -80.734087, 35.298534 ], [ -80.732855, 35.295756 ], [ -80.727598, 35.292911 ], [ -80.728131, 35.291751 ], [ -80.729901, 35.2885 ], [ -80.736379, 35.278506 ], [ -80.741764, 35.280868 ], [ -80.745443, 35.283165 ], [ -80.74816, 35.283402 ], [ -80.748301, 35.285346 ] ] ] } },
{ "type": "Feature", "properties": { "STATEFP": "37", "COUNTYFP": "119", "TRACTCE": "003021", "GEOIDFQ": "1400000US37119003021", "GEOID": "37119003021", "NAME": "30.21", "NAMELSAD": "Census Tract 30.21", "STUSPS": "NC", "NAMELSADCO": "Mecklenburg County", "STATE_NAME": "North Carolina", "LSAD": "CT", "ALAND": 2088140, "AWATER": 8600, "centroid_lon": -80.84263610321797, "centroid_lat": 35.123737567433153, "B03002_001E": 2805, "B03002_001M": 422, "B03002_012E": 39, "B03002_012M": 42, "B19013_001E": 172619, "B19013_001M": 73050, "B01003_001E": 2805, "state": "37", "county": "119", "tract": "003021", "latino_share": 0.013903743315508022, "camera_count": 2, "arterial_road_m": 2608.1432563439339, "land_area_km2": 2.08814, "pop_density_per_km2": 1343.3007365406534, "arterial_km_per_km2": 1.2490270079323866, "log_income": 12.058842132685383, "city": "Charlotte" }, "geometry": { "type": "Polygon", "coordinates": [ [ [ -80.8545, 35.121675 ], [ -80.854474, 35.122415 ], [ -80.84921, 35.126848 ], [ -80.844159, 35.128603 ], [ -80.841696, 35.131718 ], [ -80.840843, 35.132376 ], [ -80.839061, 35.133119 ], [ -80.837004, 35.129434 ], [ -80.834043, 35.126315 ], [ -80.830955, 35.120018 ], [ -80.833681, 35.118941 ], [ -80.838669, 35.118385 ], [ -80.842836, 35.119066 ], [ -80.844811, 35.119687 ], [ -80.848074, 35.119678 ], [ -80.851556, 35.117646 ], [ -80.855558, 35.118146 ], [ -80.8545, 35.121675 ] ] ] } },
{ "type": "Feature", "properties": { "STATEFP": "37", "COUNTYFP": "119", "TRACTCE": "000502", "GEOIDFQ": "1400000US37119000502", "GEOID": "37119000502", "NAME": "5.02", "NAMELSAD": "Census Tract 5.02", "STUSPS": "NC", "NAMELSADCO": "Mecklenburg County", "STATE_NAME": "North Carolina", "LSAD": "CT", "ALAND": 672660, "AWATER": 0, "centroid_lon": -80.848461127594945, "centroid_lat": 35.236467446686639, "B03002_001E": 1569, "B03002_001M": 609, "B03002_012E": 261, "B03002_012M": 220, "B19013_001E": 90463, "B19013_001M": 17660, "B01003_001E": 1569, "state": "37", "county": "119", "tract": "000502", "latino_share": 0.16634799235181644, "camera_count": 0, "arterial_road_m": 3432.0047059662502, "land_area_km2": 0.67266, "pop_density_per_km2": 2332.5305503523323, "arterial_km_per_km2": 5.1021388308599445, "log_income": 11.412696206311244, "city": "Charlotte" }, "geometry": { "type": "Polygon", "coordinates": [ [ [ -80.854419, 35.237481 ], [ -80.850497, 35.241046 ], [ -80.848393, 35.239442 ], [ -80.841842, 35.237654 ], [ -80.840585, 35.23731 ], [ -80.841519, 35.236122 ], [ -80.844749, 35.233802 ], [ -80.845393, 35.234342 ], [ -80.848427, 35.231802 ], [ -80.852873, 35.235067 ], [ -80.855789, 35.235923 ], [ -80.854419, 35.237481 ] ] ] } },
{ "type": "Feature", "properties": { "STATEFP": "37", "COUNTYFP": "119", "TRACTCE": "003111", "GEOIDFQ": "1400000US37119003111", "GEOID": "37119003111", "NAME": "31.11", "NAMELSAD": "Census Tract 31.11", "STUSPS": "NC", "NAMELSADCO": "Mecklenburg County", "STATE_NAME": "North Carolina", "LSAD": "CT", "ALAND": 1928455, "AWATER": 0, "centroid_lon": -80.853663473264305, "centroid_lat": 35.165348853224735, "B03002_001E": 3802, "B03002_001M": 1155, "B03002_012E": 301, "B03002_012M": 183, "B19013_001E": 92031, "B19013_001M": 28359, "B01003_001E": 3802, "state": "37", "county": "119", "tract": "003111", "latino_share": 0.079168858495528668, "camera_count": 0, "arterial_road_m": 5787.0945664063001, "land_area_km2": 1.928455, "pop_density_per_km2": 1971.5264291881324, "arterial_km_per_km2": 3.0008968663548283, "log_income": 11.429880755795818, "city": "Charlotte" }, "geometry": { "type": "Polygon", "coordinates": [ [ [ -80.863083, 35.160827 ], [ -80.8608, 35.163421 ], [ -80.860341, 35.164896 ], [ -80.86031, 35.166318 ], [ -80.861736, 35.168186 ], [ -80.859633, 35.168851 ], [ -80.858927, 35.171015 ], [ -80.857285, 35.172471 ], [ -80.855677, 35.172368 ], [ -80.851159, 35.172073 ], [ -80.847418, 35.172375 ], [ -80.846524, 35.17275 ], [ -80.846578, 35.1723 ], [ -80.845372, 35.171114 ], [ -80.847068, 35.169077 ], [ -80.84452, 35.167264 ], [ -80.847531, 35.164288 ], [ -80.847194, 35.162682 ], [ -80.848782, 35.16004 ], [ -80.850487, 35.159738 ], [ -80.852131, 35.156233 ], [ -80.853103, 35.156915 ], [ -80.861303, 35.160236 ], [ -80.863083, 35.160827 ] ] ] } },
{ "type": "Feature", "properties": { "STATEFP": "37", "COUNTYFP": "119", "TRACTCE": "005527", "GEOIDFQ": "1400000US37119005527", "GEOID": "37119005527", "NAME": "55.27", "NAMELSAD": "Census Tract 55.27", "STUSPS": "NC", "NAMELSADCO": "Mecklenburg County", "STATE_NAME": "North Carolina", "LSAD": "CT", "ALAND": 2079801, "AWATER": 96, "centroid_lon": -80.77671190614538, "centroid_lat": 35.340095742550979, "B03002_001E": 3028, "B03002_001M": 708, "B03002_012E": 400, "B03002_012M": 382, "B19013_001E": 80597, "B19013_001M": 15500, "B01003_001E": 3028, "state": "37", "county": "119", "tract": "005527", "latino_share": 0.13210039630118892, "camera_count": 0, "arterial_road_m": 3630.426344090537, "land_area_km2": 2.079801, "pop_density_per_km2": 1455.9085220172508, "arterial_km_per_km2": 1.7455642843188062, "log_income": 11.297216706958334, "city": "Charlotte" }, "geometry": { "type": "Polygon", "coordinates": [ [ [ -80.785586, 35.345842 ], [ -80.781874, 35.347259 ], [ -80.780283, 35.350447 ], [ -80.77847, 35.352033 ], [ -80.775327, 35.350003 ], [ -80.771061, 35.342989 ], [ -80.767733, 35.341614 ], [ -80.770012, 35.340284 ], [ -80.773068, 35.334011 ], [ -80.772251, 35.329009 ], [ -80.773345, 35.326245 ], [ -80.773943, 35.326223 ], [ -80.775653, 35.326757 ], [ -80.776739, 35.327302 ], [ -80.7786, 35.32869 ], [ -80.77757, 35.330831 ], [ -80.779263, 35.332568 ], [ -80.777621, 35.33386 ], [ -80.780028, 35.335518 ], [ -80.778278, 35.336152 ], [ -80.781252, 35.336939 ], [ -80.782381, 35.338097 ], [ -80.780565, 35.33922 ], [ -80.782865, 35.340781 ], [ -80.784047, 35.343609 ], [ -80.785586, 35.345842 ] ] ] } },
{ "type": "Feature", "properties": { "STATEFP": "37", "COUNTYFP": "119", "TRACTCE": "005856", "GEOIDFQ": "1400000US37119005856", "GEOID": "37119005856", "NAME": "58.56", "NAMELSAD": "Census Tract 58.56", "STUSPS": "NC", "NAMELSADCO": "Mecklenburg County", "STATE_NAME": "North Carolina", "LSAD": "CT", "ALAND": 982612, "AWATER": 0, "centroid_lon": -80.862991395198776, "centroid_lat": 35.035137547778682, "B03002_001E": 2625, "B03002_001M": 293, "B03002_012E": 142, "B03002_012M": 115, "B19013_001E": 120847, "B19013_001M": 11617, "B01003_001E": 2625, "state": "37", "county": "119", "tract": "005856", "latino_share": 0.054095238095238092, "camera_count": 0, "arterial_road_m": 2.6524302060936598, "land_area_km2": 0.982612, "pop_density_per_km2": 2671.4511933499693, "arterial_km_per_km2": 0.0026993667959414902, "log_income": 11.70228056166132, "city": "Charlotte" }, "geometry": { "type": "Polygon", "coordinates": [ [ [ -80.868605, 35.038235 ], [ -80.867563, 35.038783 ], [ -80.863648, 35.040347 ], [ -80.861545, 35.040534 ], [ -80.855036, 35.033271 ], [ -80.857606, 35.032407 ], [ -80.861876, 35.029817 ], [ -80.864377803826102, 35.029604141273502 ], [ -80.8705476598941, 35.036795827689303 ], [ -80.868605, 35.038235 ] ] ] } },
{ "type": "Feature", "properties": { "STATEFP": "37", "COUNTYFP": "119", "TRACTCE": "002909", "GEOIDFQ": "1400000US37119002909", "GEOID": "37119002909", "NAME": "29.09", "NAMELSAD": "Census Tract 29.09", "STUSPS": "NC", "NAMELSADCO": "Mecklenburg County", "STATE_NAME": "North Carolina", "LSAD": "CT", "ALAND": 2065159, "AWATER": 1323, "centroid_lon": -80.832613862469955, "centroid_lat": 35.160417418040389, "B03002_001E": 1542, "B03002_001M": 264, "B03002_012E": 18, "B03002_012M": 29, "B19013_001E": 156250, "B19013_001M": 50314, "B01003_001E": 1542, "state": "37", "county": "119", "tract": "002909", "latino_share": 0.011673151750972763, "camera_count": 13, "arterial_road_m": 8454.5918509853946, "land_area_km2": 2.065159, "pop_density_per_km2": 746.67374279655951, "arterial_km_per_km2": 4.0939181200989339, "log_income": 11.959212567598648, "city": "Charlotte" }, "geometry": { "type": "Polygon", "coordinates": [ [ [ -80.838635, 35.160474 ], [ -80.836714, 35.162863 ], [ -80.835988, 35.165925 ], [ -80.837956, 35.168172 ], [ -80.837485, 35.16994 ], [ -80.838327, 35.172177 ], [ -80.833949, 35.17275 ], [ -80.833082, 35.173931 ], [ -80.830317, 35.172082 ], [ -80.830726, 35.168684 ], [ -80.82999, 35.166316 ], [ -80.827701, 35.161968 ], [ -80.827647, 35.15809 ], [ -80.824527, 35.154896 ], [ -80.829767, 35.15013 ], [ -80.830893, 35.148421 ], [ -80.831953, 35.14873 ], [ -80.836893, 35.150809 ], [ -80.836127, 35.152993 ], [ -80.836649, 35.156492 ], [ -80.838645, 35.158019 ], [ -80.838635, 35.160474 ] ] ] } },
{ "type": "Feature", "properties": { "STATEFP": "37", "COUNTYFP": "119", "TRACTCE": "005861", "GEOIDFQ": "1400000US37119005861", "GEOID": "37119005861", "NAME": "58.61", "NAMELSAD": "Census Tract 58.61", "STUSPS": "NC", "NAMELSADCO": "Mecklenburg County", "STATE_NAME": "North Carolina", "LSAD": "CT", "ALAND": 1621419, "AWATER": 7280, "centroid_lon": -80.807703823324957, "centroid_lat": 35.045999283593495, "B03002_001E": 2666, "B03002_001M": 448, "B03002_012E": 177, "B03002_012M": 123, "B19013_001E": 84803, "B19013_001M": 23869, "B01003_001E": 2666, "state": "37", "county": "119", "tract": "005861", "latino_share": 0.066391597899474866, "camera_count": 0, "arterial_road_m": 4154.3524389217737, "land_area_km2": 1.621419, "pop_density_per_km2": 1644.2387809690156, "arterial_km_per_km2": 2.5621708139116257, "log_income": 11.348086198512721, "city": "Charlotte" }, "geometry": { "type": "Polygon", "coordinates": [ [ [ -80.81798, 35.043461 ], [ -80.815836, 35.045885 ], [ -80.815907, 35.047273 ], [ -80.814877, 35.04998 ], [ -80.814172, 35.053221 ], [ -80.811997, 35.054356 ], [ -80.809942, 35.052146 ], [ -80.808527, 35.047948 ], [ -80.802121, 35.050407 ], [ -80.800933, 35.050311 ], [ -80.798368, 35.04859 ], [ -80.799295, 35.046105 ], [ -80.799256, 35.042401 ], [ -80.800302, 35.039618 ], [ -80.805428, 35.040504 ], [ -80.808026, 35.04123 ], [ -80.816263, 35.042847 ], [ -80.81798, 35.043461 ] ] ] } },
{ "type": "Feature", "properties": { "STATEFP": "37", "COUNTYFP": "119", "TRACTCE": "002006", "GEOIDFQ": "1400000US37119002006", "GEOID": "37119002006", "NAME": "20.06", "NAMELSAD": "Census Tract 20.06", "STUSPS": "NC", "NAMELSADCO": "Mecklenburg County", "STATE_NAME": "North Carolina", "LSAD": "CT", "ALAND": 4019907, "AWATER": 2449, "centroid_lon": -80.783224427322878, "centroid_lat": 35.171053033261288, "B03002_001E": 3988, "B03002_001M": 486, "B03002_012E": 218, "B03002_012M": 178, "B19013_001E": 143649, "B19013_001M": 20275, "B01003_001E": 3988, "state": "37", "county": "119", "tract": "002006", "latino_share": 0.054663991975927785, "camera_count": 0, "arterial_road_m": 4471.2307408004535, "land_area_km2": 4.019907, "pop_density_per_km2": 992.06275170047468, "arterial_km_per_km2": 1.1122721846053785, "log_income": 11.875128103018778, "city": "Charlotte" }, "geometry": { "type": "Polygon", "coordinates": [ [ [ -80.798232, 35.175937 ], [ -80.793775, 35.177242 ], [ -80.792756, 35.177775 ], [ -80.790544, 35.1789 ], [ -80.790135, 35.179039 ], [ -80.788841, 35.179204 ], [ -80.785794, 35.17847 ], [ -80.783185, 35.17699 ], [ -80.781914, 35.177006 ], [ -80.777186, 35.180476 ], [ -80.776402, 35.182152 ], [ -80.769655, 35.177386 ], [ -80.77058, 35.17621 ], [ -80.769643, 35.173326 ], [ -80.769984, 35.170396 ], [ -80.771722, 35.168517 ], [ -80.772623, 35.167636 ], [ -80.773575, 35.166307 ], [ -80.77486, 35.164625 ], [ -80.776254, 35.163649 ], [ -80.77859, 35.161545 ], [ -80.779175, 35.161253 ], [ -80.784052, 35.161765 ], [ -80.787088, 35.160339 ], [ -80.787663, 35.160851 ], [ -80.792862, 35.164437 ], [ -80.794175, 35.165562 ], [ -80.795943, 35.170017 ], [ -80.798232, 35.175937 ] ] ] } },
{ "type": "Feature", "properties": { "STATEFP": "37", "COUNTYFP": "119", "TRACTCE": "005930", "GEOIDFQ": "1400000US37119005930", "GEOID": "37119005930", "NAME": "59.30", "NAMELSAD": "Census Tract 59.30", "STUSPS": "NC", "NAMELSADCO": "Mecklenburg County", "STATE_NAME": "North Carolina", "LSAD": "CT", "ALAND": 5117350, "AWATER": 3140, "centroid_lon": -80.964117811148057, "centroid_lat": 35.125780302574171, "B03002_001E": 3098, "B03002_001M": 706, "B03002_012E": 1062, "B03002_012M": 548, "B19013_001E": 53191, "B19013_001M": 19801, "B01003_001E": 3098, "state": "37", "county": "119", "tract": "005930", "latino_share": 0.34280180761781792, "camera_count": 0, "arterial_road_m": 7817.5646943829415, "land_area_km2": 5.11735, "pop_density_per_km2": 605.39146237798855, "arterial_km_per_km2": 1.527658787142357, "log_income": 10.881644488086049, "city": "Charlotte" }, "geometry": { "type": "Polygon", "coordinates": [ [ [ -80.981796, 35.121423 ], [ -80.977827, 35.136417 ], [ -80.97115, 35.133749 ], [ -80.967988, 35.132875 ], [ -80.956831, 35.132507 ], [ -80.952079, 35.132212 ], [ -80.941828, 35.12964 ], [ -80.943659, 35.125511 ], [ -80.945192, 35.123746 ], [ -80.946302, 35.122938 ], [ -80.953294, 35.1195 ], [ -80.962298, 35.115202 ], [ -80.963816, 35.119538 ], [ -80.96495, 35.120992 ], [ -80.966772, 35.121711 ], [ -80.970415, 35.121503 ], [ -80.972269, 35.11823 ], [ -80.975533, 35.115892 ], [ -80.978578, 35.116929 ], [ -80.983352, 35.119169 ], [ -80.981796, 35.121423 ] ] ] } },
{ "type": "Feature", "properties": { "STATEFP": "37", "COUNTYFP": "119", "TRACTCE": "002800", "GEOIDFQ": "1400000US37119002800", "GEOID": "37119002800", "NAME": "28", "NAMELSAD": "Census Tract 28", "STUSPS": "NC", "NAMELSADCO": "Mecklenburg County", "STATE_NAME": "North Carolina", "LSAD": "CT", "ALAND": 2805675, "AWATER": 20241, "centroid_lon": -80.821330401125891, "centroid_lat": 35.192554859717511, "B03002_001E": 3681, "B03002_001M": 346, "B03002_012E": 40, "B03002_012M": 30, "B19013_001E": 242125, "B19013_001M": 62986, "B01003_001E": 3681, "state": "37", "county": "119", "tract": "002800", "latino_share": 0.010866612333604999, "camera_count": 0, "arterial_road_m": 5085.7965281862171, "land_area_km2": 2.805675, "pop_density_per_km2": 1311.9837472266033, "arterial_km_per_km2": 1.8126819849719646, "log_income": 12.397209400709297, "city": "Charlotte" }, "geometry": { "type": "Polygon", "coordinates": [ [ [ -80.830352, 35.189215 ], [ -80.829637, 35.190575 ], [ -80.827216, 35.195922 ], [ -80.825322, 35.200484 ], [ -80.824856, 35.202472 ], [ -80.824292, 35.202488 ], [ -80.821162, 35.203361 ], [ -80.819653, 35.204543 ], [ -80.818503, 35.204423 ], [ -80.815504, 35.201491 ], [ -80.812522, 35.19951 ], [ -80.811987, 35.197549 ], [ -80.813672, 35.192436 ], [ -80.8158, 35.186751 ], [ -80.81614, 35.186251 ], [ -80.82007, 35.182795 ], [ -80.820211, 35.182771 ], [ -80.829193, 35.1799 ], [ -80.82925, 35.180205 ], [ -80.82824, 35.182195 ], [ -80.828065, 35.18559 ], [ -80.830001, 35.187488 ], [ -80.830352, 35.189215 ] ] ] } },
{ "type": "Feature", "properties": { "STATEFP": "37", "COUNTYFP": "119", "TRACTCE": "001918", "GEOIDFQ": "1400000US37119001918", "GEOID": "37119001918", "NAME": "19.18", "NAMELSAD": "Census Tract 19.18", "STUSPS": "NC", "NAMELSADCO": "Mecklenburg County", "STATE_NAME": "North Carolina", "LSAD": "CT", "ALAND": 2002770, "AWATER": 4786, "centroid_lon": -80.755390803170826, "centroid_lat": 35.198655274638831, "B03002_001E": 3998, "B03002_001M": 680, "B03002_012E": 1039, "B03002_012M": 626, "B19013_001E": 50833, "B19013_001M": 6269, "B01003_001E": 3998, "state": "37", "county": "119", "tract": "001918", "latino_share": 0.25987993996998499, "camera_count": 0, "arterial_road_m": 5802.4462462269648, "land_area_km2": 2.00277, "pop_density_per_km2": 1996.2352142282939, "arterial_km_per_km2": 2.897210486589556, "log_income": 10.836301028962945, "city": "Charlotte" }, "geometry": { "type": "Polygon", "coordinates": [ [ [ -80.770147, 35.198801 ], [ -80.76877, 35.198804 ], [ -80.760584, 35.201723 ], [ -80.753462, 35.203923 ], [ -80.750362, 35.203934 ], [ -80.74626, 35.20341 ], [ -80.745327, 35.20329 ], [ -80.741152, 35.203099 ], [ -80.740991, 35.199401 ], [ -80.741283, 35.198868 ], [ -80.741654, 35.198267 ], [ -80.750119, 35.196872 ], [ -80.758248, 35.19363 ], [ -80.759472, 35.193082 ], [ -80.762606, 35.190594 ], [ -80.766327, 35.194732 ], [ -80.769455, 35.198291 ], [ -80.770147, 35.198801 ] ] ] } },
{ "type": "Feature", "properties": { "STATEFP": "37", "COUNTYFP": "119", "TRACTCE": "004307", "GEOIDFQ": "1400000US37119004307", "GEOID": "37119004307", "NAME": "43.07", "NAMELSAD": "Census Tract 43.07", "STUSPS": "NC", "NAMELSADCO": "Mecklenburg County", "STATE_NAME": "North Carolina", "LSAD": "CT", "ALAND": 3344979, "AWATER": 7339, "centroid_lon": -80.915631061475651, "centroid_lat": 35.252432104112096, "B03002_001E": 4595, "B03002_001M": 1907, "B03002_012E": 445, "B03002_012M": 197, "B19013_001E": 68875, "B19013_001M": 20014, "B01003_001E": 4595, "state": "37", "county": "119", "tract": "004307", "latino_share": 0.096844396082698583, "camera_count": 0, "arterial_road_m": 6596.6256515589912, "land_area_km2": 3.344979, "pop_density_per_km2": 1373.7007018579191, "arterial_km_per_km2": 1.9720977774625763, "log_income": 11.140048546455215, "city": "Charlotte" }, "geometry": { "type": "Polygon", "coordinates": [ [ [ -80.927183, 35.255597 ], [ -80.926485, 35.259197 ], [ -80.926081, 35.259621 ], [ -80.924232, 35.260819 ], [ -80.92124, 35.263445 ], [ -80.917143, 35.26041 ], [ -80.910964, 35.25753 ], [ -80.904842, 35.254299 ], [ -80.900911, 35.252189 ], [ -80.897763, 35.249436 ], [ -80.896181, 35.247801 ], [ -80.897191, 35.245678 ], [ -80.897984, 35.245978 ], [ -80.902112, 35.246761 ], [ -80.909401, 35.248659 ], [ -80.909789, 35.248665 ], [ -80.913545, 35.24722 ], [ -80.91775, 35.245121 ], [ -80.919849, 35.244656 ], [ -80.927088, 35.244589 ], [ -80.927051, 35.249737 ], [ -80.927673, 35.253361 ], [ -80.927183, 35.255597 ] ] ] } },
{ "type": "Feature", "properties": { "STATEFP": "37", "COUNTYFP": "119", "TRACTCE": "001505", "GEOIDFQ": "1400000US37119001505", "GEOID": "37119001505", "NAME": "15.05", "NAMELSAD": "Census Tract 15.05", "STUSPS": "NC", "NAMELSADCO": "Mecklenburg County", "STATE_NAME": "North Carolina", "LSAD": "CT", "ALAND": 5239455, "AWATER": 16974, "centroid_lon": -80.754490191819926, "centroid_lat": 35.274730610470229, "B03002_001E": 5081, "B03002_001M": 1090, "B03002_012E": 2749, "B03002_012M": 1095, "B19013_001E": 54349, "B19013_001M": 6861, "B01003_001E": 5081, "state": "37", "county": "119", "tract": "001505", "latino_share": 0.54103522928557368, "camera_count": 0, "arterial_road_m": 7116.6430527686653, "land_area_km2": 5.239455, "pop_density_per_km2": 969.75735071682061, "arterial_km_per_km2": 1.3582792585810288, "log_income": 10.903181493116058, "city": "Charlotte" }, "geometry": { "type": "Polygon", "coordinates": [ [ [ -80.768419, 35.267423 ], [ -80.767631, 35.270896 ], [ -80.76636, 35.277001 ], [ -80.765574, 35.280623 ], [ -80.762297, 35.285244 ], [ -80.758952, 35.288379 ], [ -80.757892, 35.289015 ], [ -80.755599, 35.288047 ], [ -80.753886, 35.284769 ], [ -80.751056, 35.283391 ], [ -80.74816, 35.283402 ], [ -80.745443, 35.283165 ], [ -80.741764, 35.280868 ], [ -80.736379, 35.278506 ], [ -80.740513, 35.271995 ], [ -80.742276, 35.269658 ], [ -80.745039, 35.267535 ], [ -80.749017, 35.265795 ], [ -80.753271, 35.2647 ], [ -80.762407, 35.262265 ], [ -80.763125, 35.263064 ], [ -80.769088, 35.266036 ], [ -80.768419, 35.267423 ] ] ] } },
{ "type": "Feature", "properties": { "STATEFP": "37", "COUNTYFP": "119", "TRACTCE": "005301", "GEOIDFQ": "1400000US37119005301", "GEOID": "37119005301", "NAME": "53.01", "NAMELSAD": "Census Tract 53.01", "STUSPS": "NC", "NAMELSADCO": "Mecklenburg County", "STATE_NAME": "North Carolina", "LSAD": "CT", "ALAND": 5750028, "AWATER": 1388, "centroid_lon": -80.804716834221878, "centroid_lat": 35.262911782385167, "B03002_001E": 4561, "B03002_001M": 985, "B03002_012E": 1617, "B03002_012M": 913, "B19013_001E": 50878, "B19013_001M": 8374, "B01003_001E": 4561, "state": "37", "county": "119", "tract": "005301", "latino_share": 0.35452751589563691, "camera_count": 2, "arterial_road_m": 17057.680908672126, "land_area_km2": 5.750028, "pop_density_per_km2": 793.21352869933844, "arterial_km_per_km2": 2.9665387557542546, "log_income": 10.837185889065317, "city": "Charlotte" }, "geometry": { "type": "Polygon", "coordinates": [ [ [ -80.819893, 35.260941 ], [ -80.814657, 35.26919 ], [ -80.811492, 35.273641 ], [ -80.809594, 35.276078 ], [ -80.809067, 35.276659 ], [ -80.803193, 35.276267 ], [ -80.793526, 35.278725 ], [ -80.793522, 35.273669 ], [ -80.794943, 35.265756 ], [ -80.794987, 35.26492 ], [ -80.795176, 35.260891 ], [ -80.794765, 35.258342 ], [ -80.794476, 35.257009 ], [ -80.791124, 35.251456 ], [ -80.797593, 35.250525 ], [ -80.805919, 35.249154 ], [ -80.811692, 35.247242 ], [ -80.810698, 35.249728 ], [ -80.8117, 35.251251 ], [ -80.816392, 35.256842 ], [ -80.818892, 35.259042 ], [ -80.819893, 35.260941 ] ] ] } },
{ "type": "Feature", "properties": { "STATEFP": "37", "COUNTYFP": "119", "TRACTCE": "003805", "GEOIDFQ": "1400000US37119003805", "GEOID": "37119003805", "NAME": "38.05", "NAMELSAD": "Census Tract 38.05", "STUSPS": "NC", "NAMELSADCO": "Mecklenburg County", "STATE_NAME": "North Carolina", "LSAD": "CT", "ALAND": 8193759, "AWATER": 90168, "centroid_lon": -80.913127062994633, "centroid_lat": 35.179121856526194, "B03002_001E": 3973, "B03002_001M": 629, "B03002_012E": 146, "B03002_012M": 160, "B19013_001E": 82876, "B19013_001M": 20408, "B01003_001E": 3973, "state": "37", "county": "119", "tract": "003805", "latino_share": 0.036748049332997731, "camera_count": 0, "arterial_road_m": 19567.870221608504, "land_area_km2": 8.193759, "pop_density_per_km2": 484.88123704883191, "arterial_km_per_km2": 2.3881432467819113, "log_income": 11.325100793780374, "city": "Charlotte" }, "geometry": { "type": "Polygon", "coordinates": [ [ [ -80.932324, 35.187544 ], [ -80.929171, 35.189837 ], [ -80.923921, 35.190217 ], [ -80.921576, 35.189703 ], [ -80.921294, 35.190345 ], [ -80.918122, 35.194344 ], [ -80.916118, 35.194414 ], [ -80.914977, 35.193364 ], [ -80.909026, 35.193774 ], [ -80.907095, 35.190342 ], [ -80.904211, 35.188651 ], [ -80.895549, 35.185736 ], [ -80.893396, 35.184418 ], [ -80.89132, 35.182417 ], [ -80.889935, 35.18005 ], [ -80.894262, 35.175693 ], [ -80.904718, 35.169636 ], [ -80.911556, 35.165112 ], [ -80.912843, 35.164338 ], [ -80.915771, 35.16263 ], [ -80.920592, 35.159507 ], [ -80.921003, 35.159972 ], [ -80.921222, 35.163741 ], [ -80.924084, 35.16691 ], [ -80.930596, 35.181755 ], [ -80.932577, 35.186437 ], [ -80.932324, 35.187544 ] ] ] } },
{ "type": "Feature", "properties": { "STATEFP": "37", "COUNTYFP": "119", "TRACTCE": "001910", "GEOIDFQ": "1400000US37119001910", "GEOID": "37119001910", "NAME": "19.10", "NAMELSAD": "Census Tract 19.10", "STUSPS": "NC", "NAMELSADCO": "Mecklenburg County", "STATE_NAME": "North Carolina", "LSAD": "CT", "ALAND": 2630807, "AWATER": 1147, "centroid_lon": -80.733180714657678, "centroid_lat": 35.195616675474909, "B03002_001E": 5336, "B03002_001M": 892, "B03002_012E": 2164, "B03002_012M": 836, "B19013_001E": 47868, "B19013_001M": 10167, "B01003_001E": 5336, "state": "37", "county": "119", "tract": "001910", "latino_share": 0.40554722638680657, "camera_count": 0, "arterial_road_m": 6608.416436987206, "land_area_km2": 2.630807, "pop_density_per_km2": 2028.2749741809264, "arterial_km_per_km2": 2.5119350970965204, "log_income": 10.776202501693406, "city": "Charlotte" }, "geometry": { "type": "Polygon", "coordinates": [ [ [ -80.74381, 35.194979 ], [ -80.741654, 35.198267 ], [ -80.741283, 35.198868 ], [ -80.740991, 35.199401 ], [ -80.741152, 35.203099 ], [ -80.734631, 35.202801 ], [ -80.727623, 35.202356 ], [ -80.725949, 35.202503 ], [ -80.723972, 35.203104 ], [ -80.722936, 35.201001 ], [ -80.720844, 35.199593 ], [ -80.725434, 35.193889 ], [ -80.728685, 35.188548 ], [ -80.72943, 35.187313 ], [ -80.729972, 35.185905 ], [ -80.734398, 35.18736 ], [ -80.73574, 35.187219 ], [ -80.736545, 35.186707 ], [ -80.73826, 35.187484 ], [ -80.739246, 35.189761 ], [ -80.741793, 35.190565 ], [ -80.74332, 35.192502 ], [ -80.74381, 35.194979 ] ] ] } },
{ "type": "Feature", "properties": { "STATEFP": "37", "COUNTYFP": "119", "TRACTCE": "005618", "GEOIDFQ": "1400000US37119005618", "GEOID": "37119005618", "NAME": "56.18", "NAMELSAD": "Census Tract 56.18", "STUSPS": "NC", "NAMELSADCO": "Mecklenburg County", "STATE_NAME": "North Carolina", "LSAD": "CT", "ALAND": 6663492, "AWATER": 22261, "centroid_lon": -80.681232602626039, "centroid_lat": 35.267577384105579, "B03002_001E": 3485, "B03002_001M": 562, "B03002_012E": 389, "B03002_012M": 207, "B19013_001E": 123125, "B19013_001M": 20476, "B01003_001E": 3485, "state": "37", "county": "119", "tract": "005618", "latino_share": 0.11162123385939741, "camera_count": 0, "arterial_road_m": 11406.090586581497, "land_area_km2": 6.663492, "pop_density_per_km2": 522.99905214863315, "arterial_km_per_km2": 1.7117287132004506, "log_income": 11.72095537847439, "city": "Charlotte" }, "geometry": { "type": "Polygon", "coordinates": [ [ [ -80.697423, 35.274687 ], [ -80.693211, 35.274852 ], [ -80.688617, 35.278876 ], [ -80.683162, 35.279968 ], [ -80.679573, 35.283017 ], [ -80.677893, 35.283548 ], [ -80.674564, 35.284346 ], [ -80.673368, 35.284566 ], [ -80.672489, 35.284568 ], [ -80.671456, 35.281507 ], [ -80.670534, 35.278849 ], [ -80.67013, 35.275834 ], [ -80.668407, 35.273662 ], [ -80.667494, 35.27025 ], [ -80.667093, 35.26879 ], [ -80.666095, 35.267747 ], [ -80.666535, 35.264915 ], [ -80.668915, 35.263037 ], [ -80.670845, 35.261737 ], [ -80.672411, 35.260696 ], [ -80.673025, 35.260379 ], [ -80.674715, 35.259656 ], [ -80.677091, 35.258649 ], [ -80.67682, 35.258247 ], [ -80.673136, 35.25782 ], [ -80.677336, 35.252631 ], [ -80.680613, 35.25022 ], [ -80.683077, 35.249456 ], [ -80.689305, 35.250707 ], [ -80.689991, 35.256608 ], [ -80.690206, 35.258606 ], [ -80.690222, 35.262182 ], [ -80.691814, 35.263225 ], [ -80.693676, 35.26451 ], [ -80.69623, 35.268993 ], [ -80.697423, 35.274687 ] ] ] } },
{ "type": "Feature", "properties": { "STATEFP": "37", "COUNTYFP": "119", "TRACTCE": "002400", "GEOIDFQ": "1400000US37119002400", "GEOID": "37119002400", "NAME": "24", "NAMELSAD": "Census Tract 24", "STUSPS": "NC", "NAMELSADCO": "Mecklenburg County", "STATE_NAME": "North Carolina", "LSAD": "CT", "ALAND": 1426970, "AWATER": 0, "centroid_lon": -80.816931801734896, "centroid_lat": 35.207234291961825, "B03002_001E": 3263, "B03002_001M": 474, "B03002_012E": 333, "B03002_012M": 246, "B19013_001E": 95618, "B19013_001M": 13413, "B01003_001E": 3263, "state": "37", "county": "119", "tract": "002400", "latino_share": 0.10205332516089488, "camera_count": 0, "arterial_road_m": 3756.5189248323077, "land_area_km2": 1.42697, "pop_density_per_km2": 2286.6633496149184, "arterial_km_per_km2": 2.6325142959083285, "log_income": 11.468116365835016, "city": "Charlotte" }, "geometry": { "type": "Polygon", "coordinates": [ [ [ -80.824608, 35.210786 ], [ -80.823931, 35.211182 ], [ -80.82131, 35.211435 ], [ -80.818733, 35.212257 ], [ -80.817883, 35.212226 ], [ -80.815093, 35.215543 ], [ -80.814493, 35.213843 ], [ -80.811266, 35.209341 ], [ -80.808899, 35.206472 ], [ -80.807992, 35.205187 ], [ -80.809103, 35.204608 ], [ -80.811551, 35.202198 ], [ -80.812522, 35.19951 ], [ -80.815504, 35.201491 ], [ -80.818503, 35.204423 ], [ -80.819653, 35.204543 ], [ -80.821162, 35.203361 ], [ -80.824292, 35.202488 ], [ -80.824856, 35.202472 ], [ -80.824176, 35.207473 ], [ -80.825875, 35.209645 ], [ -80.824608, 35.210786 ] ] ] } },
{ "type": "Feature", "properties": { "STATEFP": "37", "COUNTYFP": "119", "TRACTCE": "003017", "GEOIDFQ": "1400000US37119003017", "GEOID": "37119003017", "NAME": "30.17", "NAMELSAD": "Census Tract 30.17", "STUSPS": "NC", "NAMELSADCO": "Mecklenburg County", "STATE_NAME": "North Carolina", "LSAD": "CT", "ALAND": 3373007, "AWATER": 53416, "centroid_lon": -80.799721132781968, "centroid_lat": 35.099570921292546, "B03002_001E": 3676, "B03002_001M": 516, "B03002_012E": 239, "B03002_012M": 160, "B19013_001E": 127375, "B19013_001M": 36740, "B01003_001E": 3676, "state": "37", "county": "119", "tract": "003017", "latino_share": 0.065016322089227419, "camera_count": 0, "arterial_road_m": 4718.4525097188853, "land_area_km2": 3.373007, "pop_density_per_km2": 1089.8287492436275, "arterial_km_per_km2": 1.3988860710098987, "log_income": 11.754890770525027, "city": "Charlotte" }, "geometry": { "type": "Polygon", "coordinates": [ [ [ -80.808563, 35.101723 ], [ -80.807969, 35.104241 ], [ -80.807928, 35.105146 ], [ -80.806986, 35.105364 ], [ -80.802368, 35.108931 ], [ -80.793074, 35.110916 ], [ -80.790784, 35.109325 ], [ -80.792308, 35.107638 ], [ -80.791826, 35.103435 ], [ -80.791169, 35.101821 ], [ -80.789418, 35.101307 ], [ -80.784124, 35.098088 ], [ -80.788848, 35.095731 ], [ -80.793992, 35.093418 ], [ -80.803498, 35.091528 ], [ -80.806929, 35.08864 ], [ -80.81188, 35.087489 ], [ -80.808563, 35.101723 ] ] ] } },
{ "type": "Feature", "properties": { "STATEFP": "37", "COUNTYFP": "119", "TRACTCE": "003808", "GEOIDFQ": "1400000US37119003808", "GEOID": "37119003808", "NAME": "38.08", "NAMELSAD": "Census Tract 38.08", "STUSPS": "NC", "NAMELSADCO": "Mecklenburg County", "STATE_NAME": "North Carolina", "LSAD": "CT", "ALAND": 1732532, "AWATER": 53771, "centroid_lon": -80.884548717949912, "centroid_lat": 35.145034451665417, "B03002_001E": 6076, "B03002_001M": 1327, "B03002_012E": 3880, "B03002_012M": 1011, "B19013_001E": 52022, "B19013_001M": 7895, "B01003_001E": 6076, "state": "37", "county": "119", "tract": "003808", "latino_share": 0.63857801184990126, "camera_count": 0, "arterial_road_m": 2188.7279807488453, "land_area_km2": 1.732532, "pop_density_per_km2": 3507.0059312035796, "arterial_km_per_km2": 1.2633117199271617, "log_income": 10.859421985014835, "city": "Charlotte" }, "geometry": { "type": "Polygon", "coordinates": [ [ [ -80.894178, 35.140357 ], [ -80.891019, 35.140697 ], [ -80.888894, 35.141893 ], [ -80.888243, 35.141648 ], [ -80.888525, 35.142351 ], [ -80.88854, 35.145751 ], [ -80.889244, 35.148491 ], [ -80.888485, 35.149481 ], [ -80.889216, 35.152994 ], [ -80.886173, 35.153438 ], [ -80.882711, 35.152973 ], [ -80.877854, 35.152926 ], [ -80.877296, 35.152834 ], [ -80.878494, 35.146344 ], [ -80.877676, 35.142785 ], [ -80.877113, 35.140335 ], [ -80.877563, 35.140408 ], [ -80.881044, 35.141214 ], [ -80.883184, 35.139658 ], [ -80.884322, 35.137279 ], [ -80.886168, 35.136845 ], [ -80.891848, 35.13554 ], [ -80.892046, 35.137145 ], [ -80.894178, 35.140357 ] ] ] } },
{ "type": "Feature", "properties": { "STATEFP": "37", "COUNTYFP": "119", "TRACTCE": "980100", "GEOIDFQ": "1400000US37119980100", "GEOID": "37119980100", "NAME": "9801", "NAMELSAD": "Census Tract 9801", "STUSPS": "NC", "NAMELSADCO": "Mecklenburg County", "STATE_NAME": "North Carolina", "LSAD": "CT", "ALAND": 15435678, "AWATER": 17679, "centroid_lon": -80.949203546325037, "centroid_lat": 35.211944399791662, "B03002_001E": 0, "B03002_001M": 14, "B03002_012E": 0, "B03002_012M": 14, "B19013_001E": -666666666, "B19013_001M": -222222222, "B01003_001E": 0, "state": "37", "county": "119", "tract": "980100", "latino_share": null, "camera_count": 1, "arterial_road_m": 22882.706205143077, "land_area_km2": 15.435678, "pop_density_per_km2": 0.0, "arterial_km_per_km2": 1.4824555296594732, "log_income": null, "city": "Charlotte" }, "geometry": { "type": "Polygon", "coordinates": [ [ [ -80.970956, 35.229657 ], [ -80.970057, 35.229748 ], [ -80.965139, 35.230604 ], [ -80.959322, 35.232909 ], [ -80.957235, 35.233596 ], [ -80.952755, 35.233181 ], [ -80.946211, 35.228575 ], [ -80.943438, 35.227859 ], [ -80.926044, 35.225034 ], [ -80.924748, 35.225037 ], [ -80.923069, 35.215688 ], [ -80.926134, 35.214212 ], [ -80.927851, 35.214042 ], [ -80.929033, 35.208005 ], [ -80.927637, 35.203912 ], [ -80.927137, 35.203502 ], [ -80.93186, 35.197467 ], [ -80.93325, 35.196982 ], [ -80.935634, 35.197072 ], [ -80.933317, 35.193883 ], [ -80.941662, 35.193277 ], [ -80.946821, 35.19263 ], [ -80.955798, 35.19013 ], [ -80.957565, 35.190329 ], [ -80.963819, 35.190986 ], [ -80.96428, 35.192967 ], [ -80.966687, 35.194761 ], [ -80.967705, 35.19975 ], [ -80.967693, 35.203281 ], [ -80.967757, 35.20343 ], [ -80.968536, 35.203409 ], [ -80.968442, 35.206577 ], [ -80.96845, 35.206869 ], [ -80.968629, 35.210971 ], [ -80.968739, 35.212023 ], [ -80.968868, 35.21443 ], [ -80.969003, 35.215509 ], [ -80.969181, 35.21704 ], [ -80.969441, 35.218344 ], [ -80.969693, 35.219317 ], [ -80.969735, 35.219478 ], [ -80.970384, 35.221777 ], [ -80.970755, 35.223404 ], [ -80.971098, 35.226061 ], [ -80.970956, 35.229657 ] ] ] } },
{ "type": "Feature", "properties": { "STATEFP": "37", "COUNTYFP": "119", "TRACTCE": "005619", "GEOIDFQ": "1400000US37119005619", "GEOID": "37119005619", "NAME": "56.19", "NAMELSAD": "Census Tract 56.19", "STUSPS": "NC", "NAMELSADCO": "Mecklenburg County", "STATE_NAME": "North Carolina", "LSAD": "CT", "ALAND": 5725112, "AWATER": 28265, "centroid_lon": -80.669001733043402, "centroid_lat": 35.251517571231105, "B03002_001E": 5435, "B03002_001M": 576, "B03002_012E": 711, "B03002_012M": 347, "B19013_001E": 89271, "B19013_001M": 20623, "B01003_001E": 5435, "state": "37", "county": "119", "tract": "005619", "latino_share": 0.13081876724931002, "camera_count": 0, "arterial_road_m": 11473.225324881871, "land_area_km2": 5.725112, "pop_density_per_km2": 949.32640619083077, "arterial_km_per_km2": 2.0040176200713402, "log_income": 11.399431966082213, "city": "Charlotte" }, "geometry": { "type": "Polygon", "coordinates": [ [ [ -80.690895, 35.246121 ], [ -80.690335, 35.247436 ], [ -80.689356, 35.249225 ], [ -80.689305, 35.250707 ], [ -80.683077, 35.249456 ], [ -80.680613, 35.25022 ], [ -80.677336, 35.252631 ], [ -80.673136, 35.25782 ], [ -80.67682, 35.258247 ], [ -80.677091, 35.258649 ], [ -80.674715, 35.259656 ], [ -80.673025, 35.260379 ], [ -80.672411, 35.260696 ], [ -80.670845, 35.261737 ], [ -80.668915, 35.263037 ], [ -80.666535, 35.264915 ], [ -80.666095, 35.267747 ], [ -80.659884, 35.264637 ], [ -80.659243, 35.26432 ], [ -80.651447, 35.260427 ], [ -80.653878, 35.257391 ], [ -80.655192, 35.251689 ], [ -80.656713, 35.248067 ], [ -80.663212, 35.242497 ], [ -80.66809, 35.237725 ], [ -80.66991, 35.237154 ], [ -80.67311, 35.240007 ], [ -80.674871, 35.241052 ], [ -80.676974, 35.242131 ], [ -80.681391, 35.241874 ], [ -80.686643, 35.243477 ], [ -80.69082, 35.243422 ], [ -80.690895, 35.246121 ] ] ] } },
{ "type": "Feature", "properties": { "STATEFP": "37", "COUNTYFP": "119", "TRACTCE": "001925", "GEOIDFQ": "1400000US37119001925", "GEOID": "37119001925", "NAME": "19.25", "NAMELSAD": "Census Tract 19.25", "STUSPS": "NC", "NAMELSADCO": "Mecklenburg County", "STATE_NAME": "North Carolina", "LSAD": "CT", "ALAND": 2246396, "AWATER": 22105, "centroid_lon": -80.72967151961393, "centroid_lat": 35.215881441492101, "B03002_001E": 4929, "B03002_001M": 706, "B03002_012E": 1299, "B03002_012M": 543, "B19013_001E": 49792, "B19013_001M": 2700, "B01003_001E": 4929, "state": "37", "county": "119", "tract": "001925", "latino_share": 0.26354230066950701, "camera_count": 0, "arterial_road_m": 6087.5982195974066, "land_area_km2": 2.246396, "pop_density_per_km2": 2194.1812574452592, "arterial_km_per_km2": 2.709939930269377, "log_income": 10.815609607538063, "city": "Charlotte" }, "geometry": { "type": "Polygon", "coordinates": [ [ [ -80.735794, 35.230433 ], [ -80.729391, 35.228343 ], [ -80.726571, 35.227706 ], [ -80.725763, 35.22502 ], [ -80.724913, 35.223178 ], [ -80.723085, 35.219443 ], [ -80.722362, 35.217402 ], [ -80.726053, 35.211788 ], [ -80.726044, 35.208118 ], [ -80.725949, 35.202503 ], [ -80.727623, 35.202356 ], [ -80.734631, 35.202801 ], [ -80.733927, 35.206323 ], [ -80.736312, 35.210419 ], [ -80.736135, 35.211736 ], [ -80.733752, 35.211989 ], [ -80.730496, 35.217733 ], [ -80.728917, 35.222726 ], [ -80.735795, 35.223082 ], [ -80.735416, 35.224166 ], [ -80.736687, 35.226011 ], [ -80.735794, 35.230433 ] ] ] } },
{ "type": "Feature", "properties": { "STATEFP": "37", "COUNTYFP": "119", "TRACTCE": "005610", "GEOIDFQ": "1400000US37119005610", "GEOID": "37119005610", "NAME": "56.10", "NAMELSAD": "Census Tract 56.10", "STUSPS": "NC", "NAMELSADCO": "Mecklenburg County", "STATE_NAME": "North Carolina", "LSAD": "CT", "ALAND": 2364906, "AWATER": 0, "centroid_lon": -80.70676044380231, "centroid_lat": 35.32160474982097, "B03002_001E": 2643, "B03002_001M": 346, "B03002_012E": 304, "B03002_012M": 214, "B19013_001E": 49375, "B19013_001M": 13735, "B01003_001E": 2643, "state": "37", "county": "119", "tract": "005610", "latino_share": 0.11502080968596293, "camera_count": 3, "arterial_road_m": 7869.0491011013482, "land_area_km2": 2.364906, "pop_density_per_km2": 1117.5919888570625, "arterial_km_per_km2": 3.3274257417002402, "log_income": 10.807199502203423, "city": "Charlotte" }, "geometry": { "type": "Polygon", "coordinates": [ [ [ -80.720295, 35.333888 ], [ -80.719815, 35.333636 ], [ -80.70551, 35.326432 ], [ -80.701006, 35.324279 ], [ -80.697731, 35.322698 ], [ -80.693761, 35.315117 ], [ -80.697738, 35.314772 ], [ -80.707637, 35.312393 ], [ -80.708985, 35.313997 ], [ -80.71124, 35.317866 ], [ -80.718936, 35.330735 ], [ -80.721084, 35.333481 ], [ -80.720295, 35.333888 ] ] ] } },
{ "type": "Feature", "properties": { "STATEFP": "37", "COUNTYFP": "119", "TRACTCE": "005846", "GEOIDFQ": "1400000US37119005846", "GEOID": "37119005846", "NAME": "58.46", "NAMELSAD": "Census Tract 58.46", "STUSPS": "NC", "NAMELSADCO": "Mecklenburg County", "STATE_NAME": "North Carolina", "LSAD": "CT", "ALAND": 4363645, "AWATER": 80854, "centroid_lon": -80.783234798949124, "centroid_lat": 35.038960444950874, "B03002_001E": 3910, "B03002_001M": 380, "B03002_012E": 359, "B03002_012M": 261, "B19013_001E": 230616, "B19013_001M": 30597, "B01003_001E": 3910, "state": "37", "county": "119", "tract": "005846", "latino_share": 0.091815856777493612, "camera_count": 3, "arterial_road_m": 4156.5503399249665, "land_area_km2": 4.363645, "pop_density_per_km2": 896.03989325437794, "arterial_km_per_km2": 0.95254090099560496, "log_income": 12.348509268625213, "city": "Charlotte" }, "geometry": { "type": "Polygon", "coordinates": [ [ [ -80.803462, 35.031502 ], [ -80.802538, 35.033198 ], [ -80.80039, 35.033044 ], [ -80.798134, 35.034115 ], [ -80.796133, 35.037801 ], [ -80.793923, 35.040618 ], [ -80.790677, 35.044747 ], [ -80.789243, 35.045743 ], [ -80.787575, 35.046373 ], [ -80.781917, 35.046914 ], [ -80.780025, 35.04744 ], [ -80.776472, 35.049734 ], [ -80.769526, 35.051 ], [ -80.76948, 35.049473 ], [ -80.769353, 35.045942 ], [ -80.768277, 35.038347 ], [ -80.767555, 35.036286 ], [ -80.773162, 35.032949 ], [ -80.776664, 35.03307 ], [ -80.779795, 35.032738 ], [ -80.780961, 35.033281 ], [ -80.789952, 35.031162 ], [ -80.790224, 35.030726 ], [ -80.792806, 35.029914 ], [ -80.796894, 35.029831 ], [ -80.800369, 35.027946 ], [ -80.804506, 35.027749 ], [ -80.803462, 35.031502 ] ] ] } },
{ "type": "Feature", "properties": { "STATEFP": "37", "COUNTYFP": "119", "TRACTCE": "005516", "GEOIDFQ": "1400000US37119005516", "GEOID": "37119005516", "NAME": "55.16", "NAMELSAD": "Census Tract 55.16", "STUSPS": "NC", "NAMELSADCO": "Mecklenburg County", "STATE_NAME": "North Carolina", "LSAD": "CT", "ALAND": 1210608, "AWATER": 14870, "centroid_lon": -80.765542359618379, "centroid_lat": 35.385715344628437, "B03002_001E": 1808, "B03002_001M": 506, "B03002_012E": 120, "B03002_012M": 96, "B19013_001E": 117250, "B19013_001M": 49399, "B01003_001E": 1808, "state": "37", "county": "119", "tract": "005516", "latino_share": 0.06637168141592921, "camera_count": 0, "arterial_road_m": 3431.4650065107076, "land_area_km2": 1.210608, "pop_density_per_km2": 1493.4644410081546, "arterial_km_per_km2": 2.8344972166966582, "log_income": 11.672063686308526, "city": "Charlotte" }, "geometry": { "type": "Polygon", "coordinates": [ [ [ -80.775521, 35.392196 ], [ -80.76914, 35.387648 ], [ -80.765583, 35.386956 ], [ -80.761046, 35.388348 ], [ -80.758378, 35.388542 ], [ -80.756966, 35.387794 ], [ -80.754277, 35.383519 ], [ -80.753946, 35.382431 ], [ -80.754345, 35.381408 ], [ -80.75799, 35.381867 ], [ -80.768825, 35.382549 ], [ -80.77196, 35.382783 ], [ -80.773422, 35.384844 ], [ -80.778003, 35.391177 ], [ -80.775521, 35.392196 ] ] ] } },
{ "type": "Feature", "properties": { "STATEFP": "37", "COUNTYFP": "119", "TRACTCE": "000501", "GEOIDFQ": "1400000US37119000501", "GEOID": "37119000501", "NAME": "5.01", "NAMELSAD": "Census Tract 5.01", "STUSPS": "NC", "NAMELSADCO": "Mecklenburg County", "STATE_NAME": "North Carolina", "LSAD": "CT", "ALAND": 910099, "AWATER": 1212, "centroid_lon": -80.854158516164546, "centroid_lat": 35.230042824672424, "B03002_001E": 2063, "B03002_001M": 310, "B03002_012E": 342, "B03002_012M": 277, "B19013_001E": 81696, "B19013_001M": 38192, "B01003_001E": 2063, "state": "37", "county": "119", "tract": "000501", "latino_share": 0.16577799321376635, "camera_count": 0, "arterial_road_m": 6727.8385315230798, "land_area_km2": 0.910099, "pop_density_per_km2": 2266.7863606047254, "arterial_km_per_km2": 7.3924249246764147, "log_income": 11.31076032004121, "city": "Charlotte" }, "geometry": { "type": "Polygon", "coordinates": [ [ [ -80.859072, 35.232665 ], [ -80.858495, 35.233607 ], [ -80.85799, 35.234179 ], [ -80.855789, 35.235923 ], [ -80.852873, 35.235067 ], [ -80.848427, 35.231802 ], [ -80.849437, 35.230798 ], [ -80.848229, 35.229769 ], [ -80.850164, 35.228311 ], [ -80.848937, 35.227142 ], [ -80.851471, 35.224657 ], [ -80.853939, 35.22365 ], [ -80.857692, 35.227672 ], [ -80.860434, 35.229011 ], [ -80.859072, 35.232665 ] ] ] } }
]
}
