{
"type": "FeatureCollection",
"name": "denver_tracts_analysis_table",
"crs": { "type": "name", "properties": { "name": "urn:ogc:def:crs:EPSG::4269" } },
"features": [
{ "type": "Feature", "properties": { "STATEFP": "08", "COUNTYFP": "031", "TRACTCE": "000904", "GEOIDFQ": "1400000US08031000904", "GEOID": "08031000904", "NAME": "9.04", "NAMELSAD": "Census Tract 9.04", "STUSPS": "CO", "NAMELSADCO": "Denver County", "STATE_NAME": "Colorado", "LSAD": "CT", "ALAND": 1241246, "AWATER": 0, "centroid_lon": -105.04660826778975, "centroid_lat": 39.730474268799256, "B03002_001E": 4373, "B03002_001M": 645, "B03002_012E": 3248, "B03002_012M": 637, "B19013_001E": 47933, "B19013_001M": 5798, "B01003_001E": 4373, "state": "08", "county": "031", "tract": "000904", "latino_share": 0.7427395380745484, "camera_count": 3, "arterial_road_m": 5061.8994994767017, "land_area_km2": 1.241246, "pop_density_per_km2": 3523.0727833161191, "arterial_km_per_km2": 4.0780792038618472, "log_income": 10.777559481473872, "city": "Denver", "crime_count_raw": 2384, "crime_rate_annual_per_km2_1000": 0.34087350269013283 }, "geometry": { "type": "Polygon", "coordinates": [ [ [ -105.055591, 39.734508 ], [ -105.053228, 39.734922 ], [ -105.049868, 39.735277 ], [ -105.045537, 39.734846 ], [ -105.04205, 39.73505 ], [ -105.0393, 39.734344 ], [ -105.039384, 39.732994 ], [ -105.039471, 39.730622 ], [ -105.039468, 39.728256 ], [ -105.039454, 39.725707 ], [ -105.043984, 39.725719 ], [ -105.046267, 39.725728 ], [ -105.048501, 39.725805 ], [ -105.053253, 39.7258 ], [ -105.053227, 39.73311 ], [ -105.055588, 39.733105 ], [ -105.055591, 39.734508 ] ] ] } },
{ "type": "Feature", "properties": { "STATEFP": "08", "COUNTYFP": "031", "TRACTCE": "000202", "GEOIDFQ": "1400000US08031000202", "GEOID": "08031000202", "NAME": "2.02", "NAMELSAD": "Census Tract 2.02", "STUSPS": "CO", "NAMELSADCO": "Denver County", "STATE_NAME": "Colorado", "LSAD": "CT", "ALAND": 1785694, "AWATER": 0, "centroid_lon": -105.01215762335372, "centroid_lat": 39.780035419287969, "B03002_001E": 3802, "B03002_001M": 675, "B03002_012E": 1219, "B03002_012M": 575, "B19013_001E": 92621, "B19013_001M": 18567, "B01003_001E": 3802, "state": "08", "county": "031", "tract": "000202", "latino_share": 0.3206207259337191, "camera_count": 0, "arterial_road_m": 8389.1018631789084, "land_area_km2": 1.785694, "pop_density_per_km2": 2129.1441870779654, "arterial_km_per_km2": 4.69795041209687, "log_income": 11.436271176780604, "city": "Denver", "crime_count_raw": 1507, "crime_rate_annual_per_km2_1000": 0.14977904842876569 }, "geometry": { "type": "Polygon", "coordinates": [ [ [ -105.025321, 39.78438 ], [ -105.025137, 39.784386 ], [ -105.019763, 39.783716 ], [ -105.015834, 39.783708 ], [ -105.015833, 39.78357 ], [ -105.006425, 39.783141 ], [ -105.002581, 39.783501 ], [ -104.998334, 39.782399 ], [ -104.998194, 39.776547 ], [ -105.004178, 39.776556 ], [ -105.006433, 39.776537 ], [ -105.01118, 39.776554 ], [ -105.015854, 39.776564 ], [ -105.017421, 39.776573 ], [ -105.025275, 39.776643 ], [ -105.025248, 39.780263 ], [ -105.025321, 39.78438 ] ] ] } },
{ "type": "Feature", "properties": { "STATEFP": "08", "COUNTYFP": "031", "TRACTCE": "001402", "GEOIDFQ": "1400000US08031001402", "GEOID": "08031001402", "NAME": "14.02", "NAMELSAD": "Census Tract 14.02", "STUSPS": "CO", "NAMELSADCO": "Denver County", "STATE_NAME": "Colorado", "LSAD": "CT", "ALAND": 1671506, "AWATER": 0, "centroid_lon": -105.01291038271974, "centroid_lat": 39.685934869121368, "B03002_001E": 3971, "B03002_001M": 730, "B03002_012E": 2695, "B03002_012M": 632, "B19013_001E": 60303, "B19013_001M": 19587, "B01003_001E": 3971, "state": "08", "county": "031", "tract": "001402", "latino_share": 0.67867036011080328, "camera_count": 0, "arterial_road_m": 3934.6650661153817, "land_area_km2": 1.671506, "pop_density_per_km2": 2375.7019119285246, "arterial_km_per_km2": 2.3539640695967483, "log_income": 11.007137132721505, "city": "Denver", "crime_count_raw": 1248, "crime_rate_annual_per_km2_1000": 0.132510868265063 }, "geometry": { "type": "Polygon", "coordinates": [ [ [ -105.025057, 39.689485 ], [ -105.015708, 39.689513 ], [ -105.01176, 39.689495 ], [ -105.006367, 39.689464 ], [ -105.002745, 39.689446 ], [ -104.999755, 39.689116 ], [ -105.001409, 39.683223 ], [ -105.001425, 39.682487 ], [ -105.006364, 39.682241 ], [ -105.015693, 39.682338 ], [ -105.025038, 39.68227 ], [ -105.025044, 39.684971 ], [ -105.025054, 39.685885 ], [ -105.025057, 39.689485 ] ] ] } },
{ "type": "Feature", "properties": { "STATEFP": "08", "COUNTYFP": "031", "TRACTCE": "003603", "GEOIDFQ": "1400000US08031003603", "GEOID": "08031003603", "NAME": "36.03", "NAMELSAD": "Census Tract 36.03", "STUSPS": "CO", "NAMELSADCO": "Denver County", "STATE_NAME": "Colorado", "LSAD": "CT", "ALAND": 1984692, "AWATER": 0, "centroid_lon": -104.95019281460958, "centroid_lat": 39.756493274005507, "B03002_001E": 3427, "B03002_001M": 340, "B03002_012E": 546, "B03002_012M": 235, "B19013_001E": 115938, "B19013_001M": 24868, "B01003_001E": 3427, "state": "08", "county": "031", "tract": "003603", "latino_share": 0.15932302305223228, "camera_count": 1, "arterial_road_m": 12758.481644845124, "land_area_km2": 1.984692, "pop_density_per_km2": 1726.7162864565385, "arterial_km_per_km2": 6.4284441338228424, "log_income": 11.660810844443056, "city": "Denver", "crime_count_raw": 1089, "crime_rate_annual_per_km2_1000": 0.097382207439062202 }, "geometry": { "type": "Polygon", "coordinates": [ [ [ -104.959758, 39.754466 ], [ -104.959763, 39.758228 ], [ -104.959752, 39.761991 ], [ -104.956104, 39.761984 ], [ -104.951183, 39.761962 ], [ -104.949914, 39.761953 ], [ -104.946262, 39.761934 ], [ -104.942711, 39.761716 ], [ -104.940658, 39.761948 ], [ -104.940495, 39.76196 ], [ -104.940508, 39.758294 ], [ -104.940508, 39.754664 ], [ -104.940547, 39.75442 ], [ -104.94058, 39.751036 ], [ -104.954945, 39.75115 ], [ -104.959766, 39.750716 ], [ -104.959758, 39.754466 ] ] ] } },
{ "type": "Feature", "properties": { "STATEFP": "08", "COUNTYFP": "031", "TRACTCE": "004103", "GEOIDFQ": "1400000US08031004103", "GEOID": "08031004103", "NAME": "41.03", "NAMELSAD": "Census Tract 41.03", "STUSPS": "CO", "NAMELSADCO": "Denver County", "STATE_NAME": "Colorado", "LSAD": "CT", "ALAND": 1899572, "AWATER": 0, "centroid_lon": -104.93140515152645, "centroid_lat": 39.756518472706716, "B03002_001E": 6237, "B03002_001M": 1109, "B03002_012E": 521, "B03002_012M": 140, "B19013_001E": 159583, "B19013_001M": 40738, "B01003_001E": 6237, "state": "08", "county": "031", "tract": "004103", "latino_share": 0.083533750200416867, "camera_count": 0, "arterial_road_m": 7300.4786504834847, "land_area_km2": 1.899572, "pop_density_per_km2": 3283.3712015127617, "arterial_km_per_km2": 3.8432229209966691, "log_income": 11.980319442033856, "city": "Denver", "crime_count_raw": 1140, "crime_rate_annual_per_km2_1000": 0.10651087344217401 }, "geometry": { "type": "Polygon", "coordinates": [ [ [ -104.940547, 39.75442 ], [ -104.940508, 39.754664 ], [ -104.940508, 39.758294 ], [ -104.940495, 39.76196 ], [ -104.931853, 39.761999 ], [ -104.922291, 39.762006 ], [ -104.92229, 39.758373 ], [ -104.922293, 39.754699 ], [ -104.922283, 39.75107 ], [ -104.931701, 39.751055 ], [ -104.94058, 39.751036 ], [ -104.940547, 39.75442 ] ] ] } },
{ "type": "Feature", "properties": { "STATEFP": "08", "COUNTYFP": "031", "TRACTCE": "004006", "GEOIDFQ": "1400000US08031004006", "GEOID": "08031004006", "NAME": "40.06", "NAMELSAD": "Census Tract 40.06", "STUSPS": "CO", "NAMELSADCO": "Denver County", "STATE_NAME": "Colorado", "LSAD": "CT", "ALAND": 1953043, "AWATER": 0, "centroid_lon": -104.95004606709544, "centroid_lat": 39.672942484882462, "B03002_001E": 4633, "B03002_001M": 575, "B03002_012E": 336, "B03002_012M": 196, "B19013_001E": 63199, "B19013_001M": 10059, "B01003_001E": 4633, "state": "08", "county": "031", "tract": "004006", "latino_share": 0.072523203108137271, "camera_count": 0, "arterial_road_m": 5667.1850641339533, "land_area_km2": 1.953043, "pop_density_per_km2": 2372.1955942598292, "arterial_km_per_km2": 2.9017205786733591, "log_income": 11.054043757224957, "city": "Denver", "crime_count_raw": 1443, "crime_rate_annual_per_km2_1000": 0.13112919045912758 }, "geometry": { "type": "Polygon", "coordinates": [ [ [ -104.959393, 39.678425 ], [ -104.956583, 39.678472 ], [ -104.950828, 39.678424 ], [ -104.940924, 39.678378 ], [ -104.940748, 39.678414 ], [ -104.94068, 39.668329 ], [ -104.94068, 39.66756 ], [ -104.945362, 39.667564 ], [ -104.945822, 39.667565 ], [ -104.948509, 39.66694 ], [ -104.950194, 39.667253 ], [ -104.950744, 39.667531 ], [ -104.959379, 39.667594 ], [ -104.959385, 39.673028 ], [ -104.959393, 39.678425 ] ] ] } },
{ "type": "Feature", "properties": { "STATEFP": "08", "COUNTYFP": "031", "TRACTCE": "005102", "GEOIDFQ": "1400000US08031005102", "GEOID": "08031005102", "NAME": "51.02", "NAMELSAD": "Census Tract 51.02", "STUSPS": "CO", "NAMELSADCO": "Denver County", "STATE_NAME": "Colorado", "LSAD": "CT", "ALAND": 1624912, "AWATER": 0, "centroid_lon": -104.92699717636479, "centroid_lat": 39.687548140279844, "B03002_001E": 3660, "B03002_001M": 499, "B03002_012E": 464, "B03002_012M": 289, "B19013_001E": 140750, "B19013_001M": 22669, "B01003_001E": 3660, "state": "08", "county": "031", "tract": "005102", "latino_share": 0.126775956284153, "camera_count": 0, "arterial_road_m": 5303.510161743985, "land_area_km2": 1.624912, "pop_density_per_km2": 2252.4296700375162, "arterial_km_per_km2": 3.2638753124747586, "log_income": 11.854740546001937, "city": "Denver", "crime_count_raw": 679, "crime_rate_annual_per_km2_1000": 0.07416257191849436 }, "geometry": { "type": "Polygon", "coordinates": [ [ [ -104.931735, 39.696601 ], [ -104.928183, 39.696634 ], [ -104.924154, 39.696739 ], [ -104.923757, 39.696804 ], [ -104.922252, 39.6959 ], [ -104.922324, 39.69299 ], [ -104.92234, 39.689361 ], [ -104.922319, 39.686159 ], [ -104.922234, 39.682091 ], [ -104.922266, 39.67847 ], [ -104.931616, 39.678462 ], [ -104.931676, 39.684273 ], [ -104.931685, 39.68571 ], [ -104.931697, 39.689341 ], [ -104.931724, 39.692973 ], [ -104.931735, 39.696601 ] ] ] } },
{ "type": "Feature", "properties": { "STATEFP": "08", "COUNTYFP": "031", "TRACTCE": "006813", "GEOIDFQ": "1400000US08031006813", "GEOID": "08031006813", "NAME": "68.13", "NAMELSAD": "Census Tract 68.13", "STUSPS": "CO", "NAMELSADCO": "Denver County", "STATE_NAME": "Colorado", "LSAD": "CT", "ALAND": 1042128, "AWATER": 0, "centroid_lon": -104.87109239016901, "centroid_lat": 39.668088630282433, "B03002_001E": 4576, "B03002_001M": 724, "B03002_012E": 1592, "B03002_012M": 580, "B19013_001E": 66585, "B19013_001M": 15478, "B01003_001E": 4576, "state": "08", "county": "031", "tract": "006813", "latino_share": 0.34790209790209792, "camera_count": 0, "arterial_road_m": 1459.7155252664315, "land_area_km2": 1.042128, "pop_density_per_km2": 4391.015307140774, "arterial_km_per_km2": 1.4007065593347763, "log_income": 11.106234605936246, "city": "Denver", "crime_count_raw": 2002, "crime_rate_annual_per_km2_1000": 0.34094777655892172 }, "geometry": { "type": "Polygon", "coordinates": [ [ [ -104.87926, 39.663928 ], [ -104.875981, 39.664104 ], [ -104.875436, 39.668956 ], [ -104.877459, 39.672066 ], [ -104.875312, 39.672062 ], [ -104.875291, 39.674766 ], [ -104.871874, 39.674744 ], [ -104.870882, 39.674764 ], [ -104.868216, 39.672621 ], [ -104.866051, 39.670847 ], [ -104.866174, 39.667515 ], [ -104.866334, 39.660309 ], [ -104.86637, 39.659355 ], [ -104.867425, 39.659996 ], [ -104.86886, 39.66217 ], [ -104.870101, 39.662842 ], [ -104.874387, 39.663837 ], [ -104.878752, 39.66327 ], [ -104.87926, 39.663928 ] ] ] } },
{ "type": "Feature", "properties": { "STATEFP": "08", "COUNTYFP": "031", "TRACTCE": "980200", "GEOIDFQ": "1400000US08031980200", "GEOID": "08031980200", "NAME": "9802", "NAMELSAD": "Census Tract 9802", "STUSPS": "CO", "NAMELSADCO": "Denver County", "STATE_NAME": "Colorado", "LSAD": "CT", "ALAND": 1671280, "AWATER": 0, "centroid_lon": -105.00825996535634, "centroid_lat": 39.745788017341567, "B03002_001E": 692, "B03002_001M": 64, "B03002_012E": 96, "B03002_012M": 34, "B19013_001E": 180104, "B19013_001M": 68157, "B01003_001E": 692, "state": "08", "county": "031", "tract": "980200", "latino_share": 0.13872832369942195, "camera_count": 2, "arterial_road_m": 14393.735384041629, "land_area_km2": 1.67128, "pop_density_per_km2": 414.05389880809918, "arterial_km_per_km2": 8.6124021014082786, "log_income": 12.10128974080081, "city": "Denver", "crime_count_raw": 3246, "crime_rate_annual_per_km2_1000": 0.3447022780884203 }, "geometry": { "type": "Polygon", "coordinates": [ [ [ -105.016261, 39.743389 ], [ -105.015677, 39.744744 ], [ -105.015133, 39.749855 ], [ -105.012528, 39.751401 ], [ -105.009489, 39.753926 ], [ -105.008186, 39.754791 ], [ -105.007827, 39.753508 ], [ -105.00604, 39.752084 ], [ -105.003355, 39.749991 ], [ -105.001404, 39.748466 ], [ -105.000421, 39.745519 ], [ -105.000255, 39.743588 ], [ -104.999597, 39.742133 ], [ -104.998567, 39.740193 ], [ -105.000146, 39.740206 ], [ -105.002821, 39.740158 ], [ -105.017385, 39.740515 ], [ -105.016261, 39.743389 ] ] ] } },
{ "type": "Feature", "properties": { "STATEFP": "08", "COUNTYFP": "031", "TRACTCE": "002405", "GEOIDFQ": "1400000US08031002405", "GEOID": "08031002405", "NAME": "24.05", "NAMELSAD": "Census Tract 24.05", "STUSPS": "CO", "NAMELSADCO": "Denver County", "STATE_NAME": "Colorado", "LSAD": "CT", "ALAND": 569896, "AWATER": 0, "centroid_lon": -104.98250622797562, "centroid_lat": 39.750879352643068, "B03002_001E": 4475, "B03002_001M": 558, "B03002_012E": 748, "B03002_012M": 337, "B19013_001E": 103520, "B19013_001M": 20087, "B01003_001E": 4475, "state": "08", "county": "031", "tract": "002405", "latino_share": 0.16715083798882682, "camera_count": 1, "arterial_road_m": 5888.782133777011, "land_area_km2": 0.569896, "pop_density_per_km2": 7852.3098951387628, "arterial_km_per_km2": 10.333082060195213, "log_income": 11.547520109734727, "city": "Denver", "crime_count_raw": 4851, "crime_rate_annual_per_km2_1000": 1.5107079687722473 }, "geometry": { "type": "Polygon", "coordinates": [ [ [ -104.987397, 39.748911 ], [ -104.987383, 39.75158 ], [ -104.985476, 39.753051 ], [ -104.981854, 39.755866 ], [ -104.980098, 39.754524 ], [ -104.978151, 39.75324 ], [ -104.97812, 39.750735 ], [ -104.978177, 39.7475 ], [ -104.981074, 39.747545 ], [ -104.98359, 39.747551 ], [ -104.985479, 39.747576 ], [ -104.9874, 39.747357 ], [ -104.987397, 39.748911 ] ] ] } },
{ "type": "Feature", "properties": { "STATEFP": "08", "COUNTYFP": "031", "TRACTCE": "002404", "GEOIDFQ": "1400000US08031002404", "GEOID": "08031002404", "NAME": "24.04", "NAMELSAD": "Census Tract 24.04", "STUSPS": "CO", "NAMELSADCO": "Denver County", "STATE_NAME": "Colorado", "LSAD": "CT", "ALAND": 371688, "AWATER": 0, "centroid_lon": -104.97653105852923, "centroid_lat": 39.757204873572896, "B03002_001E": 1500, "B03002_001M": 453, "B03002_012E": 195, "B03002_012M": 122, "B19013_001E": 109306, "B19013_001M": 83785, "B01003_001E": 1500, "state": "08", "county": "031", "tract": "002404", "latino_share": 0.13, "camera_count": 0, "arterial_road_m": 4329.1900844533075, "land_area_km2": 0.371688, "pop_density_per_km2": 4035.6427971847352, "arterial_km_per_km2": 11.64737652131171, "log_income": 11.601906567442962, "city": "Denver", "crime_count_raw": 1001, "crime_rate_annual_per_km2_1000": 0.47796972795704457 }, "geometry": { "type": "Polygon", "coordinates": [ [ [ -104.981854, 39.755866 ], [ -104.977027, 39.759603 ], [ -104.973925, 39.762034 ], [ -104.97334, 39.762046 ], [ -104.973324, 39.759507 ], [ -104.973349, 39.75824 ], [ -104.973359, 39.754547 ], [ -104.978118, 39.754571 ], [ -104.978151, 39.75324 ], [ -104.980098, 39.754524 ], [ -104.981854, 39.755866 ] ] ] } },
{ "type": "Feature", "properties": { "STATEFP": "08", "COUNTYFP": "031", "TRACTCE": "000404", "GEOIDFQ": "1400000US08031000404", "GEOID": "08031000404", "NAME": "4.04", "NAMELSAD": "Census Tract 4.04", "STUSPS": "CO", "NAMELSADCO": "Denver County", "STATE_NAME": "Colorado", "LSAD": "CT", "ALAND": 683430, "AWATER": 0, "centroid_lon": -105.01696666975258, "centroid_lat": 39.759410964361805, "B03002_001E": 2611, "B03002_001M": 365, "B03002_012E": 210, "B03002_012M": 105, "B19013_001E": 156198, "B19013_001M": 37297, "B01003_001E": 2611, "state": "08", "county": "031", "tract": "000404", "latino_share": 0.080428954423592491, "camera_count": 0, "arterial_road_m": 5109.7446303199786, "land_area_km2": 0.68343, "pop_density_per_km2": 3820.4351579532654, "arterial_km_per_km2": 7.4766174009334954, "log_income": 11.958879712208438, "city": "Denver", "crime_count_raw": 1853, "crime_rate_annual_per_km2_1000": 0.48120068259703064 }, "geometry": { "type": "Polygon", "coordinates": [ [ [ -105.025241, 39.762021 ], [ -105.018968, 39.76202 ], [ -105.015835, 39.762025 ], [ -105.011185, 39.762037 ], [ -105.011008, 39.759643 ], [ -105.008965, 39.758085 ], [ -105.010215, 39.757175 ], [ -105.012692, 39.755368 ], [ -105.014639, 39.756078 ], [ -105.015835, 39.756303 ], [ -105.020538, 39.758038 ], [ -105.021368, 39.75846 ], [ -105.025233, 39.758476 ], [ -105.025241, 39.762021 ] ] ] } },
{ "type": "Feature", "properties": { "STATEFP": "08", "COUNTYFP": "031", "TRACTCE": "000902", "GEOIDFQ": "1400000US08031000902", "GEOID": "08031000902", "NAME": "9.02", "NAMELSAD": "Census Tract 9.02", "STUSPS": "CO", "NAMELSADCO": "Denver County", "STATE_NAME": "Colorado", "LSAD": "CT", "ALAND": 1874238, "AWATER": 0, "centroid_lon": -105.04645559495093, "centroid_lat": 39.718546065149489, "B03002_001E": 5147, "B03002_001M": 526, "B03002_012E": 3833, "B03002_012M": 557, "B19013_001E": 80592, "B19013_001M": 17975, "B01003_001E": 5147, "state": "08", "county": "031", "tract": "000902", "latino_share": 0.7447056537789003, "camera_count": 0, "arterial_road_m": 7193.9028021455915, "land_area_km2": 1.874238, "pop_density_per_km2": 2746.1827153221734, "arterial_km_per_km2": 3.8383080495356463, "log_income": 11.297154667985431, "city": "Denver", "crime_count_raw": 1638, "crime_rate_annual_per_km2_1000": 0.15510793382348953 }, "geometry": { "type": "Polygon", "coordinates": [ [ [ -105.053278, 39.718427 ], [ -105.053271, 39.720414 ], [ -105.053253, 39.7258 ], [ -105.048501, 39.725805 ], [ -105.046267, 39.725728 ], [ -105.043984, 39.725719 ], [ -105.039454, 39.725707 ], [ -105.03945, 39.722949 ], [ -105.039716, 39.72133 ], [ -105.039701, 39.719735 ], [ -105.0397, 39.714963 ], [ -105.039697, 39.71125 ], [ -105.043259, 39.711266 ], [ -105.046087, 39.711283 ], [ -105.05325, 39.711343 ], [ -105.053271, 39.715004 ], [ -105.053278, 39.718427 ] ] ] } },
{ "type": "Feature", "properties": { "STATEFP": "08", "COUNTYFP": "031", "TRACTCE": "000600", "GEOIDFQ": "1400000US08031000600", "GEOID": "08031000600", "NAME": "6", "NAMELSAD": "Census Tract 6", "STUSPS": "CO", "NAMELSADCO": "Denver County", "STATE_NAME": "Colorado", "LSAD": "CT", "ALAND": 1278945, "AWATER": 0, "centroid_lon": -105.01913813235856, "centroid_lat": 39.752167685661, "B03002_001E": 4903, "B03002_001M": 637, "B03002_012E": 1473, "B03002_012M": 577, "B19013_001E": 105662, "B19013_001M": 23342, "B01003_001E": 4903, "state": "08", "county": "031", "tract": "000600", "latino_share": 0.30042830919844993, "camera_count": 1, "arterial_road_m": 13420.51068317076, "land_area_km2": 1.278945, "pop_density_per_km2": 3833.628498488989, "arterial_km_per_km2": 10.493422847089406, "log_income": 11.568000599178193, "city": "Denver", "crime_count_raw": 2685, "crime_rate_annual_per_km2_1000": 0.37259521722002403 }, "geometry": { "type": "Polygon", "coordinates": [ [ [ -105.025228, 39.751206 ], [ -105.025222, 39.754837 ], [ -105.025233, 39.758476 ], [ -105.021368, 39.75846 ], [ -105.020538, 39.758038 ], [ -105.015835, 39.756303 ], [ -105.014639, 39.756078 ], [ -105.012692, 39.755368 ], [ -105.011707, 39.755009 ], [ -105.009489, 39.753926 ], [ -105.012528, 39.751401 ], [ -105.015133, 39.749855 ], [ -105.015677, 39.744744 ], [ -105.016261, 39.743389 ], [ -105.018982, 39.746384 ], [ -105.020482, 39.746392 ], [ -105.020509, 39.747599 ], [ -105.023616, 39.747588 ], [ -105.025213, 39.746363 ], [ -105.025268, 39.749998 ], [ -105.025228, 39.751206 ] ] ] } },
{ "type": "Feature", "properties": { "STATEFP": "08", "COUNTYFP": "031", "TRACTCE": "000303", "GEOIDFQ": "1400000US08031000303", "GEOID": "08031000303", "NAME": "3.03", "NAMELSAD": "Census Tract 3.03", "STUSPS": "CO", "NAMELSADCO": "Denver County", "STATE_NAME": "Colorado", "LSAD": "CT", "ALAND": 1463503, "AWATER": 0, "centroid_lon": -105.03230226176436, "centroid_lat": 39.763966905588603, "B03002_001E": 5576, "B03002_001M": 595, "B03002_012E": 513, "B03002_012M": 183, "B19013_001E": 102444, "B19013_001M": 44606, "B01003_001E": 5576, "state": "08", "county": "031", "tract": "000303", "latino_share": 0.09200143472022955, "camera_count": 1, "arterial_road_m": 6300.9565116450885, "land_area_km2": 1.463503, "pop_density_per_km2": 3810.0366039563978, "arterial_km_per_km2": 4.3053936422713779, "log_income": 11.537071586798307, "city": "Denver", "crime_count_raw": 2039, "crime_rate_annual_per_km2_1000": 0.24726831134059521 }, "geometry": { "type": "Polygon", "coordinates": [ [ [ -105.039337, 39.769432 ], [ -105.034643, 39.769547 ], [ -105.029969, 39.769402 ], [ -105.025238, 39.769288 ], [ -105.025287, 39.766078 ], [ -105.025233, 39.765609 ], [ -105.025281, 39.764664 ], [ -105.025241, 39.762021 ], [ -105.025233, 39.758476 ], [ -105.02993, 39.758485 ], [ -105.034613, 39.758518 ], [ -105.039303, 39.758499 ], [ -105.03931, 39.763957 ], [ -105.039337, 39.769432 ] ] ] } },
{ "type": "Feature", "properties": { "STATEFP": "08", "COUNTYFP": "031", "TRACTCE": "001000", "GEOIDFQ": "1400000US08031001000", "GEOID": "08031001000", "NAME": "10", "NAMELSAD": "Census Tract 10", "STUSPS": "CO", "NAMELSADCO": "Denver County", "STATE_NAME": "Colorado", "LSAD": "CT", "ALAND": 2486719, "AWATER": 0, "centroid_lon": -105.01524957205955, "centroid_lat": 39.71718200029693, "B03002_001E": 3600, "B03002_001M": 557, "B03002_012E": 2649, "B03002_012M": 491, "B19013_001E": 49549, "B19013_001M": 7129, "B01003_001E": 3600, "state": "08", "county": "031", "tract": "001000", "latino_share": 0.73583333333333334, "camera_count": 1, "arterial_road_m": 11295.25576591517, "land_area_km2": 2.486719, "pop_density_per_km2": 1447.6907121391682, "arterial_km_per_km2": 4.5422324620977159, "log_income": 10.810717357919769, "city": "Denver", "crime_count_raw": 2690, "crime_rate_annual_per_km2_1000": 0.19198638075231561 }, "geometry": { "type": "Polygon", "coordinates": [ [ [ -105.025135, 39.725542 ], [ -105.018669, 39.725319 ], [ -105.015768, 39.725502 ], [ -105.01573, 39.724463 ], [ -105.012057, 39.722234 ], [ -105.009953, 39.721694 ], [ -105.006676, 39.718578 ], [ -105.002548, 39.715803 ], [ -105.000143, 39.711202 ], [ -105.001564, 39.711174 ], [ -105.011009, 39.711189 ], [ -105.0157, 39.71119 ], [ -105.025092, 39.711174 ], [ -105.025087, 39.714824 ], [ -105.025078, 39.71664 ], [ -105.025102, 39.720269 ], [ -105.025136, 39.725426 ], [ -105.025135, 39.725542 ] ] ] } },
{ "type": "Feature", "properties": { "STATEFP": "08", "COUNTYFP": "031", "TRACTCE": "001101", "GEOIDFQ": "1400000US08031001101", "GEOID": "08031001101", "NAME": "11.01", "NAMELSAD": "Census Tract 11.01", "STUSPS": "CO", "NAMELSADCO": "Denver County", "STATE_NAME": "Colorado", "LSAD": "CT", "ALAND": 898886, "AWATER": 0, "centroid_lon": -105.0047058013771, "centroid_lat": 39.772918014607647, "B03002_001E": 2681, "B03002_001M": 273, "B03002_012E": 852, "B03002_012M": 169, "B19013_001E": 91895, "B19013_001M": 31408, "B01003_001E": 2681, "state": "08", "county": "031", "tract": "001101", "latino_share": 0.3177918687057068, "camera_count": 0, "arterial_road_m": 1662.0827206333317, "land_area_km2": 0.898886, "pop_density_per_km2": 2982.5806609514443, "arterial_km_per_km2": 1.8490472881247808, "log_income": 11.428401899899574, "city": "Denver", "crime_count_raw": 1549, "crime_rate_annual_per_km2_1000": 0.30583814826085776 }, "geometry": { "type": "Polygon", "coordinates": [ [ [ -105.011221, 39.772914 ], [ -105.01118, 39.776554 ], [ -105.006433, 39.776537 ], [ -105.004178, 39.776556 ], [ -104.998194, 39.776547 ], [ -104.99821, 39.772977 ], [ -104.998203, 39.769296 ], [ -105.004137, 39.769287 ], [ -105.011202, 39.769286 ], [ -105.011221, 39.772914 ] ] ] } },
{ "type": "Feature", "properties": { "STATEFP": "08", "COUNTYFP": "031", "TRACTCE": "003701", "GEOIDFQ": "1400000US08031003701", "GEOID": "08031003701", "NAME": "37.01", "NAMELSAD": "Census Tract 37.01", "STUSPS": "CO", "NAMELSADCO": "Denver County", "STATE_NAME": "Colorado", "LSAD": "CT", "ALAND": 1873267, "AWATER": 120383, "centroid_lon": -104.95017066053585, "centroid_lat": 39.745606332554758, "B03002_001E": 3799, "B03002_001M": 461, "B03002_012E": 423, "B03002_012M": 270, "B19013_001E": 96746, "B19013_001M": 22498, "B01003_001E": 3799, "state": "08", "county": "031", "tract": "003701", "latino_share": 0.11134509081337195, "camera_count": 1, "arterial_road_m": 8387.0351345469589, "land_area_km2": 1.873267, "pop_density_per_km2": 2028.0077532994496, "arterial_km_per_km2": 4.4772235535815019, "log_income": 11.479844266368104, "city": "Denver", "crime_count_raw": 2345, "crime_rate_annual_per_km2_1000": 0.22217133195096905 }, "geometry": { "type": "Polygon", "coordinates": [ [ [ -104.959784, 39.746935 ], [ -104.959766, 39.750716 ], [ -104.954945, 39.75115 ], [ -104.94058, 39.751036 ], [ -104.940593, 39.74739 ], [ -104.940653, 39.743752 ], [ -104.940593, 39.740128 ], [ -104.940744, 39.740128 ], [ -104.94947, 39.74016 ], [ -104.95006, 39.740163 ], [ -104.954165, 39.740182 ], [ -104.95811, 39.740196 ], [ -104.959781, 39.739988 ], [ -104.959777, 39.741617 ], [ -104.959783, 39.743259 ], [ -104.95979, 39.744766 ], [ -104.959784, 39.746935 ] ] ] } },
{ "type": "Feature", "properties": { "STATEFP": "08", "COUNTYFP": "031", "TRACTCE": "004102", "GEOIDFQ": "1400000US08031004102", "GEOID": "08031004102", "NAME": "41.02", "NAMELSAD": "Census Tract 41.02", "STUSPS": "CO", "NAMELSADCO": "Denver County", "STATE_NAME": "Colorado", "LSAD": "CT", "ALAND": 3925730, "AWATER": 0, "centroid_lon": -104.91279688620953, "centroid_lat": 39.772974550369277, "B03002_001E": 4186, "B03002_001M": 590, "B03002_012E": 1457, "B03002_012M": 606, "B19013_001E": 58389, "B19013_001M": 10999, "B01003_001E": 4186, "state": "08", "county": "031", "tract": "004102", "latino_share": 0.34806497849976109, "camera_count": 1, "arterial_road_m": 25942.099316407999, "land_area_km2": 3.92573, "pop_density_per_km2": 1066.2984973495375, "arterial_km_per_km2": 6.6082230098371504, "log_income": 10.974882794910684, "city": "Denver", "crime_count_raw": 3801, "crime_rate_annual_per_km2_1000": 0.17183922168745738 }, "geometry": { "type": "Polygon", "coordinates": [ [ [ -104.922306, 39.765611 ], [ -104.922289, 39.769236 ], [ -104.922274, 39.783776 ], [ -104.903439, 39.783888 ], [ -104.902207, 39.781591 ], [ -104.903568, 39.778301 ], [ -104.903449, 39.765642 ], [ -104.903439, 39.761982 ], [ -104.912851, 39.761994 ], [ -104.922291, 39.762006 ], [ -104.922306, 39.765611 ] ] ] } },
{ "type": "Feature", "properties": { "STATEFP": "08", "COUNTYFP": "031", "TRACTCE": "004202", "GEOIDFQ": "1400000US08031004202", "GEOID": "08031004202", "NAME": "42.02", "NAMELSAD": "Census Tract 42.02", "STUSPS": "CO", "NAMELSADCO": "Denver County", "STATE_NAME": "Colorado", "LSAD": "CT", "ALAND": 1952597, "AWATER": 0, "centroid_lon": -104.9128802726518, "centroid_lat": 39.745596776443996, "B03002_001E": 4364, "B03002_001M": 530, "B03002_012E": 448, "B03002_012M": 191, "B19013_001E": 144704, "B19013_001M": 22575, "B01003_001E": 4364, "state": "08", "county": "031", "tract": "004202", "latino_share": 0.10265811182401467, "camera_count": 2, "arterial_road_m": 12194.017362808043, "land_area_km2": 1.952597, "pop_density_per_km2": 2234.9721934428867, "arterial_km_per_km2": 6.2450251448752834, "log_income": 11.882445555637641, "city": "Denver", "crime_count_raw": 1257, "crime_rate_annual_per_km2_1000": 0.11425297415557818 }, "geometry": { "type": "Polygon", "coordinates": [ [ [ -104.922275, 39.743733 ], [ -104.92228, 39.747415 ], [ -104.922283, 39.75107 ], [ -104.912849, 39.75108 ], [ -104.911682, 39.751007 ], [ -104.903427, 39.751015 ], [ -104.903447, 39.747441 ], [ -104.903455, 39.743784 ], [ -104.903455, 39.740145 ], [ -104.912803, 39.740153 ], [ -104.922321, 39.740142 ], [ -104.922275, 39.743733 ] ] ] } },
{ "type": "Feature", "properties": { "STATEFP": "08", "COUNTYFP": "031", "TRACTCE": "004504", "GEOIDFQ": "1400000US08031004504", "GEOID": "08031004504", "NAME": "45.04", "NAMELSAD": "Census Tract 45.04", "STUSPS": "CO", "NAMELSADCO": "Denver County", "STATE_NAME": "Colorado", "LSAD": "CT", "ALAND": 899287, "AWATER": 0, "centroid_lon": -105.04676747251158, "centroid_lat": 39.707809792200557, "B03002_001E": 3914, "B03002_001M": 638, "B03002_012E": 3365, "B03002_012M": 701, "B19013_001E": 65368, "B19013_001M": 22226, "B01003_001E": 3914, "state": "08", "county": "031", "tract": "004504", "latino_share": 0.85973428717424627, "camera_count": 1, "arterial_road_m": 2594.2617837660964, "land_area_km2": 0.899287, "pop_density_per_km2": 4352.3369069051378, "arterial_km_per_km2": 2.8847984945474545, "log_income": 11.087788121064543, "city": "Denver", "crime_count_raw": 1191, "crime_rate_annual_per_km2_1000": 0.23504894180161345 }, "geometry": { "type": "Polygon", "coordinates": [ [ [ -105.05325, 39.711343 ], [ -105.046087, 39.711283 ], [ -105.043259, 39.711266 ], [ -105.039697, 39.71125 ], [ -105.03969, 39.706339 ], [ -105.043062, 39.703971 ], [ -105.043194, 39.704281 ], [ -105.049913, 39.704312 ], [ -105.053245, 39.703268 ], [ -105.053246, 39.705814 ], [ -105.05325, 39.711343 ] ] ] } },
{ "type": "Feature", "properties": { "STATEFP": "08", "COUNTYFP": "031", "TRACTCE": "002901", "GEOIDFQ": "1400000US08031002901", "GEOID": "08031002901", "NAME": "29.01", "NAMELSAD": "Census Tract 29.01", "STUSPS": "CO", "NAMELSADCO": "Denver County", "STATE_NAME": "Colorado", "LSAD": "CT", "ALAND": 995466, "AWATER": 0, "centroid_lon": -104.98393654744639, "centroid_lat": 39.703838765891021, "B03002_001E": 3760, "B03002_001M": 329, "B03002_012E": 426, "B03002_012M": 173, "B19013_001E": 93200, "B19013_001M": 17691, "B01003_001E": 3760, "state": "08", "county": "031", "tract": "002901", "latino_share": 0.11329787234042553, "camera_count": 1, "arterial_road_m": 10203.638373858306, "land_area_km2": 0.995466, "pop_density_per_km2": 3777.125486957867, "arterial_km_per_km2": 10.250112383404662, "log_income": 11.442503000673682, "city": "Denver", "crime_count_raw": 1657, "crime_rate_annual_per_km2_1000": 0.2954207057012237 }, "geometry": { "type": "Polygon", "coordinates": [ [ [ -104.987575, 39.711157 ], [ -104.980383, 39.711118 ], [ -104.980448, 39.707496 ], [ -104.980419, 39.703964 ], [ -104.980418, 39.695142 ], [ -104.982771, 39.697152 ], [ -104.982769, 39.696658 ], [ -104.987431, 39.696633 ], [ -104.987488, 39.70388 ], [ -104.987623, 39.707535 ], [ -104.987575, 39.711157 ] ] ] } },
{ "type": "Feature", "properties": { "STATEFP": "08", "COUNTYFP": "031", "TRACTCE": "003401", "GEOIDFQ": "1400000US08031003401", "GEOID": "08031003401", "NAME": "34.01", "NAMELSAD": "Census Tract 34.01", "STUSPS": "CO", "NAMELSADCO": "Denver County", "STATE_NAME": "Colorado", "LSAD": "CT", "ALAND": 1128054, "AWATER": 0, "centroid_lon": -104.96681190093781, "centroid_lat": 39.711817031053279, "B03002_001E": 2793, "B03002_001M": 293, "B03002_012E": 226, "B03002_012M": 172, "B19013_001E": 160329, "B19013_001M": 52685, "B01003_001E": 2793, "state": "08", "county": "031", "tract": "003401", "latino_share": 0.080916577157178662, "camera_count": 0, "arterial_road_m": 4585.2741720959775, "land_area_km2": 1.128054, "pop_density_per_km2": 2475.9453004909342, "arterial_km_per_km2": 4.0647647826220892, "log_income": 11.984983233027524, "city": "Denver", "crime_count_raw": 580, "crime_rate_annual_per_km2_1000": 0.091252118944887897 }, "geometry": { "type": "Polygon", "coordinates": [ [ [ -104.973391, 39.716531 ], [ -104.973248, 39.718401 ], [ -104.970587, 39.717699 ], [ -104.966309, 39.714424 ], [ -104.960207, 39.715572 ], [ -104.959307, 39.715312 ], [ -104.959261, 39.711117 ], [ -104.959328, 39.707489 ], [ -104.965173, 39.70749 ], [ -104.968705, 39.707497 ], [ -104.973374, 39.70749 ], [ -104.973393, 39.711108 ], [ -104.973391, 39.716531 ] ] ] } },
{ "type": "Feature", "properties": { "STATEFP": "08", "COUNTYFP": "031", "TRACTCE": "004005", "GEOIDFQ": "1400000US08031004005", "GEOID": "08031004005", "NAME": "40.05", "NAMELSAD": "Census Tract 40.05", "STUSPS": "CO", "NAMELSADCO": "Denver County", "STATE_NAME": "Colorado", "LSAD": "CT", "ALAND": 1056271, "AWATER": 0, "centroid_lon": -104.95041929326037, "centroid_lat": 39.681397515030596, "B03002_001E": 3803, "B03002_001M": 443, "B03002_012E": 827, "B03002_012M": 239, "B19013_001E": 68301, "B19013_001M": 17024, "B01003_001E": 3803, "state": "08", "county": "031", "tract": "004005", "latino_share": 0.2174599000788851, "camera_count": 0, "arterial_road_m": 9040.3221353530462, "land_area_km2": 1.056271, "pop_density_per_km2": 3600.4017908283008, "arterial_km_per_km2": 8.5587147004443427, "log_income": 11.131679686740132, "city": "Denver", "crime_count_raw": 1315, "crime_rate_annual_per_km2_1000": 0.22095063327089842 }, "geometry": { "type": "Polygon", "coordinates": [ [ [ -104.959447, 39.684727 ], [ -104.950487, 39.68468 ], [ -104.947859, 39.684504 ], [ -104.940687, 39.682961 ], [ -104.94042, 39.682897 ], [ -104.940748, 39.678414 ], [ -104.940924, 39.678378 ], [ -104.950828, 39.678424 ], [ -104.956583, 39.678472 ], [ -104.959393, 39.678425 ], [ -104.959447, 39.684727 ] ] ] } },
{ "type": "Feature", "properties": { "STATEFP": "08", "COUNTYFP": "031", "TRACTCE": "005001", "GEOIDFQ": "1400000US08031005001", "GEOID": "08031005001", "NAME": "50.01", "NAMELSAD": "Census Tract 50.01", "STUSPS": "CO", "NAMELSADCO": "Denver County", "STATE_NAME": "Colorado", "LSAD": "CT", "ALAND": 1542074, "AWATER": 0, "centroid_lon": -104.91715553415537, "centroid_lat": 39.702552070784961, "B03002_001E": 2711, "B03002_001M": 310, "B03002_012E": 189, "B03002_012M": 106, "B19013_001E": 133056, "B19013_001M": 46857, "B01003_001E": 2711, "state": "08", "county": "031", "tract": "005001", "latino_share": 0.069715971966064189, "camera_count": 3, "arterial_road_m": 11759.801789179981, "land_area_km2": 1.542074, "pop_density_per_km2": 1758.021988568642, "arterial_km_per_km2": 7.6259646354065902, "log_income": 11.798525371217686, "city": "Denver", "crime_count_raw": 918, "crime_rate_annual_per_km2_1000": 0.1056531185362717 }, "geometry": { "type": "Polygon", "coordinates": [ [ [ -104.922286, 39.711339 ], [ -104.917647, 39.711385 ], [ -104.912782, 39.711382 ], [ -104.912792, 39.71121 ], [ -104.912794, 39.703805 ], [ -104.912763, 39.702834 ], [ -104.91289, 39.695308 ], [ -104.912889, 39.69093 ], [ -104.913979, 39.691723 ], [ -104.922088, 39.696252 ], [ -104.921639, 39.697322 ], [ -104.921642, 39.703863 ], [ -104.922232, 39.705858 ], [ -104.922286, 39.711214 ], [ -104.922286, 39.711339 ] ] ] } },
{ "type": "Feature", "properties": { "STATEFP": "08", "COUNTYFP": "031", "TRACTCE": "008388", "GEOIDFQ": "1400000US08031008388", "GEOID": "08031008388", "NAME": "83.88", "NAMELSAD": "Census Tract 83.88", "STUSPS": "CO", "NAMELSADCO": "Denver County", "STATE_NAME": "Colorado", "LSAD": "CT", "ALAND": 8813341, "AWATER": 0, "centroid_lon": -104.79146188528341, "centroid_lat": 39.785971155003402, "B03002_001E": 14568, "B03002_001M": 1174, "B03002_012E": 5847, "B03002_012M": 1452, "B19013_001E": 93363, "B19013_001M": 7999, "B01003_001E": 14568, "state": "08", "county": "031", "tract": "008388", "latino_share": 0.40135914332784184, "camera_count": 8, "arterial_road_m": 47837.606333158372, "land_area_km2": 8.813341, "pop_density_per_km2": 1652.948637752698, "arterial_km_per_km2": 5.4278628653036769, "log_income": 11.444250400120255, "city": "Denver", "crime_count_raw": 6269, "crime_rate_annual_per_km2_1000": 0.12624161742300963 }, "geometry": { "type": "Polygon", "coordinates": [ [ [ -104.809902, 39.776759 ], [ -104.809849, 39.780344 ], [ -104.809797, 39.783754 ], [ -104.809753, 39.790429 ], [ -104.809722, 39.79479 ], [ -104.80969, 39.798317 ], [ -104.795503, 39.79827 ], [ -104.790895, 39.798251 ], [ -104.78863, 39.798397 ], [ -104.783909, 39.798367 ], [ -104.775134, 39.79845 ], [ -104.772117, 39.79839 ], [ -104.772147, 39.792535 ], [ -104.772114, 39.783753 ], [ -104.772147, 39.777991 ], [ -104.772157, 39.776409 ], [ -104.78156, 39.776483 ], [ -104.781577, 39.772795 ], [ -104.790592, 39.772822 ], [ -104.801625, 39.772833 ], [ -104.809884, 39.772823 ], [ -104.809898, 39.775047 ], [ -104.809902, 39.776759 ] ] ] } },
{ "type": "Feature", "properties": { "STATEFP": "08", "COUNTYFP": "031", "TRACTCE": "015500", "GEOIDFQ": "1400000US08031015500", "GEOID": "08031015500", "NAME": "155", "NAMELSAD": "Census Tract 155", "STUSPS": "CO", "NAMELSADCO": "Denver County", "STATE_NAME": "Colorado", "LSAD": "CT", "ALAND": 591740, "AWATER": 0, "centroid_lon": -104.93564776219414, "centroid_lat": 39.693097578809358, "B03002_001E": 3387, "B03002_001M": 420, "B03002_012E": 864, "B03002_012M": 399, "B19013_001E": 58373, "B19013_001M": 5344, "B01003_001E": 3387, "state": "08", "county": "031", "tract": "015500", "latino_share": 0.25509300265721879, "camera_count": 0, "arterial_road_m": 2525.3402541482442, "land_area_km2": 0.59174, "pop_density_per_km2": 5723.7976138168788, "arterial_km_per_km2": 4.2676517628489608, "log_income": 10.974608733142299, "city": "Denver", "crime_count_raw": 1285, "crime_rate_annual_per_km2_1000": 0.38540474250914508 }, "geometry": { "type": "MultiPolygon", "coordinates": [ [ [ [ -104.934135, 39.700181 ], [ -104.932878, 39.700215 ], [ -104.931714, 39.700208 ], [ -104.931651, 39.698398 ], [ -104.934076, 39.698436 ], [ -104.934135, 39.700181 ] ] ], [ [ [ -104.940625, 39.6954 ], [ -104.939505, 39.694762 ], [ -104.936213, 39.694782 ], [ -104.936457, 39.697853 ], [ -104.935868, 39.696599 ], [ -104.934027, 39.6966 ], [ -104.931735, 39.696601 ], [ -104.931724, 39.692973 ], [ -104.931697, 39.689341 ], [ -104.940549, 39.689321 ], [ -104.940562, 39.692941 ], [ -104.940625, 39.6954 ] ] ] ] } },
{ "type": "Feature", "properties": { "STATEFP": "08", "COUNTYFP": "031", "TRACTCE": "004309", "GEOIDFQ": "1400000US08031004309", "GEOID": "08031004309", "NAME": "43.09", "NAMELSAD": "Census Tract 43.09", "STUSPS": "CO", "NAMELSADCO": "Denver County", "STATE_NAME": "Colorado", "LSAD": "CT", "ALAND": 1332722, "AWATER": 0, "centroid_lon": -104.91765942365407, "centroid_lat": 39.732807056172746, "B03002_001E": 4133, "B03002_001M": 756, "B03002_012E": 786, "B03002_012M": 552, "B19013_001E": 113719, "B19013_001M": 9038, "B01003_001E": 4133, "state": "08", "county": "031", "tract": "004309", "latino_share": 0.19017662714735059, "camera_count": 0, "arterial_road_m": 7331.9484299424403, "land_area_km2": 1.332722, "pop_density_per_km2": 3101.1718873103318, "arterial_km_per_km2": 5.50148375275747, "log_income": 11.64148577219831, "city": "Denver", "crime_count_raw": 1853, "crime_rate_annual_per_km2_1000": 0.2467633778892287 }, "geometry": { "type": "Polygon", "coordinates": [ [ [ -104.922808, 39.729255 ], [ -104.92233, 39.733652 ], [ -104.922334, 39.736679 ], [ -104.922321, 39.740142 ], [ -104.912803, 39.740153 ], [ -104.912793, 39.734272 ], [ -104.91279, 39.733649 ], [ -104.912794, 39.725638 ], [ -104.919461, 39.725633 ], [ -104.922799, 39.725631 ], [ -104.922808, 39.729255 ] ] ] } },
{ "type": "Feature", "properties": { "STATEFP": "08", "COUNTYFP": "031", "TRACTCE": "001707", "GEOIDFQ": "1400000US08031001707", "GEOID": "08031001707", "NAME": "17.07", "NAMELSAD": "Census Tract 17.07", "STUSPS": "CO", "NAMELSADCO": "Denver County", "STATE_NAME": "Colorado", "LSAD": "CT", "ALAND": 638897, "AWATER": 0, "centroid_lon": -104.9948463852954, "centroid_lat": 39.743363498816791, "B03002_001E": 1883, "B03002_001M": 512, "B03002_012E": 182, "B03002_012M": 140, "B19013_001E": 125852, "B19013_001M": 78805, "B01003_001E": 1883, "state": "08", "county": "031", "tract": "001707", "latino_share": 0.096654275092936809, "camera_count": 1, "arterial_road_m": 8324.1502191267064, "land_area_km2": 0.638897, "pop_density_per_km2": 2947.2669303502753, "arterial_km_per_km2": 13.028939279925723, "log_income": 11.74286189237203, "city": "Denver", "crime_count_raw": 6780, "crime_rate_annual_per_km2_1000": 1.883404913892438 }, "geometry": { "type": "Polygon", "coordinates": [ [ [ -105.000421, 39.745519 ], [ -104.996553, 39.748529 ], [ -104.993945, 39.746531 ], [ -104.987397, 39.741471 ], [ -104.987389, 39.740106 ], [ -104.988532, 39.740563 ], [ -104.990423, 39.740116 ], [ -104.998567, 39.740193 ], [ -104.999597, 39.742133 ], [ -105.000255, 39.743588 ], [ -105.000421, 39.745519 ] ] ] } },
{ "type": "Feature", "properties": { "STATEFP": "08", "COUNTYFP": "031", "TRACTCE": "002101", "GEOIDFQ": "1400000US08031002101", "GEOID": "08031002101", "NAME": "21.01", "NAMELSAD": "Census Tract 21.01", "STUSPS": "CO", "NAMELSADCO": "Denver County", "STATE_NAME": "Colorado", "LSAD": "CT", "ALAND": 880925, "AWATER": 0, "centroid_lon": -104.99381748553714, "centroid_lat": 39.722030463798959, "B03002_001E": 3194, "B03002_001M": 587, "B03002_012E": 567, "B03002_012M": 207, "B19013_001E": 143581, "B19013_001M": 32913, "B01003_001E": 3194, "state": "08", "county": "031", "tract": "002101", "latino_share": 0.17752035065748278, "camera_count": 0, "arterial_road_m": 4891.3179108027452, "land_area_km2": 0.880925, "pop_density_per_km2": 3625.7343133637937, "arterial_km_per_km2": 5.5524793947302502, "log_income": 11.874654614864543, "city": "Denver", "crime_count_raw": 1846, "crime_rate_annual_per_km2_1000": 0.37190979432813592 }, "geometry": { "type": "Polygon", "coordinates": [ [ [ -105.000182, 39.720925 ], [ -105.000148, 39.725707 ], [ -104.992157, 39.725668 ], [ -104.987435, 39.725637 ], [ -104.98745, 39.720943 ], [ -104.987497, 39.718358 ], [ -104.992144, 39.718388 ], [ -104.998931, 39.718394 ], [ -105.000186, 39.718401 ], [ -105.000182, 39.720925 ] ] ] } },
{ "type": "Feature", "properties": { "STATEFP": "08", "COUNTYFP": "031", "TRACTCE": "005003", "GEOIDFQ": "1400000US08031005003", "GEOID": "08031005003", "NAME": "50.03", "NAMELSAD": "Census Tract 50.03", "STUSPS": "CO", "NAMELSADCO": "Denver County", "STATE_NAME": "Colorado", "LSAD": "CT", "ALAND": 978109, "AWATER": 0, "centroid_lon": -104.90788341868523, "centroid_lat": 39.705790544579813, "B03002_001E": 2615, "B03002_001M": 403, "B03002_012E": 532, "B03002_012M": 270, "B19013_001E": 56997, "B19013_001M": 11101, "B01003_001E": 2615, "state": "08", "county": "031", "tract": "005003", "latino_share": 0.20344168260038242, "camera_count": 3, "arterial_road_m": 2669.0024987213383, "land_area_km2": 0.978109, "pop_density_per_km2": 2673.5261611947135, "arterial_km_per_km2": 2.7287372866636934, "log_income": 10.950753913852649, "city": "Denver", "crime_count_raw": 1179, "crime_rate_annual_per_km2_1000": 0.21392985865237726 }, "geometry": { "type": "Polygon", "coordinates": [ [ [ -104.912792, 39.71121 ], [ -104.912782, 39.711382 ], [ -104.910094, 39.711382 ], [ -104.906471, 39.711394 ], [ -104.903494, 39.711281 ], [ -104.903544, 39.698535 ], [ -104.908217, 39.700215 ], [ -104.910562, 39.701079 ], [ -104.912763, 39.702834 ], [ -104.912794, 39.703805 ], [ -104.912792, 39.71121 ] ] ] } },
{ "type": "Feature", "properties": { "STATEFP": "08", "COUNTYFP": "031", "TRACTCE": "006903", "GEOIDFQ": "1400000US08031006903", "GEOID": "08031006903", "NAME": "69.03", "NAMELSAD": "Census Tract 69.03", "STUSPS": "CO", "NAMELSADCO": "Denver County", "STATE_NAME": "Colorado", "LSAD": "CT", "ALAND": 936328, "AWATER": 0, "centroid_lon": -104.90825247471206, "centroid_lat": 39.672924424347258, "B03002_001E": 2593, "B03002_001M": 752, "B03002_012E": 416, "B03002_012M": 272, "B19013_001E": 79712, "B19013_001M": 41294, "B01003_001E": 2593, "state": "08", "county": "031", "tract": "006903", "latino_share": 0.1604319321249518, "camera_count": 1, "arterial_road_m": 3767.9752605841927, "land_area_km2": 0.936328, "pop_density_per_km2": 2769.3286967814697, "arterial_km_per_km2": 4.0242044033545854, "log_income": 11.286175418061907, "city": "Denver", "crime_count_raw": 943, "crime_rate_annual_per_km2_1000": 0.17874279148596678 }, "geometry": { "type": "Polygon", "coordinates": [ [ [ -104.912795, 39.674853 ], [ -104.912738, 39.678369 ], [ -104.912811, 39.678461 ], [ -104.906253, 39.678442 ], [ -104.905631, 39.678314 ], [ -104.903579, 39.676675 ], [ -104.903524, 39.67464 ], [ -104.903522, 39.671225 ], [ -104.903509, 39.667624 ], [ -104.904757, 39.667634 ], [ -104.906177, 39.667642 ], [ -104.912874, 39.667631 ], [ -104.912795, 39.674853 ] ] ] } },
{ "type": "Feature", "properties": { "STATEFP": "08", "COUNTYFP": "031", "TRACTCE": "002705", "GEOIDFQ": "1400000US08031002705", "GEOID": "08031002705", "NAME": "27.05", "NAMELSAD": "Census Tract 27.05", "STUSPS": "CO", "NAMELSADCO": "Denver County", "STATE_NAME": "Colorado", "LSAD": "CT", "ALAND": 229175, "AWATER": 0, "centroid_lon": -104.98365311272303, "centroid_lat": 39.733628793560676, "B03002_001E": 2715, "B03002_001M": 342, "B03002_012E": 510, "B03002_012M": 291, "B19013_001E": 70101, "B19013_001M": 11308, "B01003_001E": 2715, "state": "08", "county": "031", "tract": "002705", "latino_share": 0.18784530386740331, "camera_count": 0, "arterial_road_m": 2342.2388003406413, "land_area_km2": 0.229175, "pop_density_per_km2": 11846.841933020618, "arterial_km_per_km2": 10.22030675396811, "log_income": 11.157692338256169, "city": "Denver", "crime_count_raw": 1905, "crime_rate_annual_per_km2_1000": 1.475273679419874 }, "geometry": { "type": "Polygon", "coordinates": [ [ [ -104.987415, 39.733855 ], [ -104.9874, 39.735259 ], [ -104.985869, 39.735274 ], [ -104.979868, 39.735151 ], [ -104.979861, 39.733691 ], [ -104.979832, 39.732021 ], [ -104.982256, 39.732034 ], [ -104.983581, 39.73204 ], [ -104.987403, 39.732043 ], [ -104.987415, 39.733855 ] ] ] } },
{ "type": "Feature", "properties": { "STATEFP": "08", "COUNTYFP": "031", "TRACTCE": "002805", "GEOIDFQ": "1400000US08031002805", "GEOID": "08031002805", "NAME": "28.05", "NAMELSAD": "Census Tract 28.05", "STUSPS": "CO", "NAMELSADCO": "Denver County", "STATE_NAME": "Colorado", "LSAD": "CT", "ALAND": 359752, "AWATER": 0, "centroid_lon": -104.97687953511711, "centroid_lat": 39.713813613937631, "B03002_001E": 3227, "B03002_001M": 420, "B03002_012E": 76, "B03002_012M": 64, "B19013_001E": 111938, "B19013_001M": 32199, "B01003_001E": 3227, "state": "08", "county": "031", "tract": "002805", "latino_share": 0.023551286024171055, "camera_count": 0, "arterial_road_m": 2032.0644002019699, "land_area_km2": 0.359752, "pop_density_per_km2": 8970.0682692521514, "arterial_km_per_km2": 5.6485145327947306, "log_income": 11.625700425571427, "city": "Denver", "crime_count_raw": 1002, "crime_rate_annual_per_km2_1000": 0.49432133908639492 }, "geometry": { "type": "Polygon", "coordinates": [ [ [ -104.980387, 39.714728 ], [ -104.980299, 39.716522 ], [ -104.976911, 39.716529 ], [ -104.973391, 39.716531 ], [ -104.973393, 39.711108 ], [ -104.976907, 39.711102 ], [ -104.980383, 39.711118 ], [ -104.980387, 39.714728 ] ] ] } },
{ "type": "Feature", "properties": { "STATEFP": "08", "COUNTYFP": "031", "TRACTCE": "003204", "GEOIDFQ": "1400000US08031003204", "GEOID": "08031003204", "NAME": "32.04", "NAMELSAD": "Census Tract 32.04", "STUSPS": "CO", "NAMELSADCO": "Denver County", "STATE_NAME": "Colorado", "LSAD": "CT", "ALAND": 248528, "AWATER": 0, "centroid_lon": -104.96888045420614, "centroid_lat": 39.738438400610526, "B03002_001E": 2262, "B03002_001M": 373, "B03002_012E": 217, "B03002_012M": 137, "B19013_001E": 91364, "B19013_001M": 32290, "B01003_001E": 2262, "state": "08", "county": "031", "tract": "003204", "latino_share": 0.095932802829354555, "camera_count": 0, "arterial_road_m": 2185.3824592563255, "land_area_km2": 0.248528, "pop_density_per_km2": 9101.5901628790325, "arterial_km_per_km2": 8.7933048157806191, "log_income": 11.422606806768524, "city": "Denver", "crime_count_raw": 1320, "crime_rate_annual_per_km2_1000": 0.94263478169960357 }, "geometry": { "type": "Polygon", "coordinates": [ [ [ -104.972991, 39.740038 ], [ -104.969688, 39.740025 ], [ -104.964766, 39.739999 ], [ -104.964773, 39.73682 ], [ -104.969527, 39.736872 ], [ -104.973008, 39.736875 ], [ -104.972991, 39.740038 ] ] ] } },
{ "type": "Feature", "properties": { "STATEFP": "08", "COUNTYFP": "031", "TRACTCE": "003802", "GEOIDFQ": "1400000US08031003802", "GEOID": "08031003802", "NAME": "38.02", "NAMELSAD": "Census Tract 38.02", "STUSPS": "CO", "NAMELSADCO": "Denver County", "STATE_NAME": "Colorado", "LSAD": "CT", "ALAND": 1012138, "AWATER": 0, "centroid_lon": -104.94462654277538, "centroid_lat": 39.719414191810095, "B03002_001E": 3220, "B03002_001M": 478, "B03002_012E": 189, "B03002_012M": 138, "B19013_001E": 159830, "B19013_001M": 46528, "B01003_001E": 3220, "state": "08", "county": "031", "tract": "003802", "latino_share": 0.058695652173913045, "camera_count": 1, "arterial_road_m": 5033.1659980575132, "land_area_km2": 1.012138, "pop_density_per_km2": 3181.384356678635, "arterial_km_per_km2": 4.9728060778841554, "log_income": 11.981866029362699, "city": "Denver", "crime_count_raw": 1118, "crime_rate_annual_per_km2_1000": 0.19604100817858838 }, "geometry": { "type": "Polygon", "coordinates": [ [ [ -104.949797, 39.720971 ], [ -104.949794, 39.725609 ], [ -104.949507, 39.725607 ], [ -104.940615, 39.725598 ], [ -104.940632, 39.720942 ], [ -104.940628, 39.717792 ], [ -104.940645, 39.711564 ], [ -104.941349, 39.711611 ], [ -104.946183, 39.711493 ], [ -104.946169, 39.714655 ], [ -104.946167, 39.71782 ], [ -104.949796, 39.717775 ], [ -104.949797, 39.720971 ] ] ] } },
{ "type": "Feature", "properties": { "STATEFP": "08", "COUNTYFP": "031", "TRACTCE": "006817", "GEOIDFQ": "1400000US08031006817", "GEOID": "08031006817", "NAME": "68.17", "NAMELSAD": "Census Tract 68.17", "STUSPS": "CO", "NAMELSADCO": "Denver County", "STATE_NAME": "Colorado", "LSAD": "CT", "ALAND": 912242, "AWATER": 0, "centroid_lon": -104.89671917525723, "centroid_lat": 39.663660748404787, "B03002_001E": 2092, "B03002_001M": 586, "B03002_012E": 124, "B03002_012M": 116, "B19013_001E": 158750, "B19013_001M": 50554, "B01003_001E": 2092, "state": "08", "county": "031", "tract": "006817", "latino_share": 0.059273422562141492, "camera_count": 0, "arterial_road_m": 3104.1146342371694, "land_area_km2": 0.912242, "pop_density_per_km2": 2293.251132923062, "arterial_km_per_km2": 3.4027315495637884, "log_income": 11.975085916754939, "city": "Denver", "crime_count_raw": 178, "crime_rate_annual_per_km2_1000": 0.034630183516786248 }, "geometry": { "type": "Polygon", "coordinates": [ [ [ -104.903509, 39.667624 ], [ -104.898817, 39.667626 ], [ -104.898131, 39.667562 ], [ -104.894329, 39.667588 ], [ -104.890824, 39.664903 ], [ -104.890204, 39.66451 ], [ -104.887116, 39.661925 ], [ -104.889475, 39.660357 ], [ -104.894638, 39.660339 ], [ -104.902026, 39.660298 ], [ -104.904112, 39.659972 ], [ -104.902787, 39.664953 ], [ -104.904757, 39.667634 ], [ -104.903509, 39.667624 ] ] ] } },
{ "type": "Feature", "properties": { "STATEFP": "08", "COUNTYFP": "031", "TRACTCE": "004004", "GEOIDFQ": "1400000US08031004004", "GEOID": "08031004004", "NAME": "40.04", "NAMELSAD": "Census Tract 40.04", "STUSPS": "CO", "NAMELSADCO": "Denver County", "STATE_NAME": "Colorado", "LSAD": "CT", "ALAND": 1428118, "AWATER": 0, "centroid_lon": -104.92181453987133, "centroid_lat": 39.647564054329671, "B03002_001E": 1902, "B03002_001M": 177, "B03002_012E": 151, "B03002_012M": 129, "B19013_001E": 118654, "B19013_001M": 25211, "B01003_001E": 1902, "state": "08", "county": "031", "tract": "004004", "latino_share": 0.079390115667718197, "camera_count": 0, "arterial_road_m": 6856.2083576991708, "land_area_km2": 1.428118, "pop_density_per_km2": 1331.8227205314968, "arterial_km_per_km2": 4.8008696464151921, "log_income": 11.683966973895737, "city": "Denver", "crime_count_raw": 366, "crime_rate_annual_per_km2_1000": 0.045484334687013329 }, "geometry": { "type": "Polygon", "coordinates": [ [ [ -104.931703, 39.653044 ], [ -104.920458, 39.65309 ], [ -104.918448, 39.653079 ], [ -104.913339, 39.643895 ], [ -104.910095, 39.638688 ], [ -104.911388, 39.638653 ], [ -104.913227, 39.638669 ], [ -104.914264, 39.639428 ], [ -104.92246, 39.645849 ], [ -104.931873, 39.645826 ], [ -104.931703, 39.653044 ] ] ] } },
{ "type": "Feature", "properties": { "STATEFP": "08", "COUNTYFP": "031", "TRACTCE": "000302", "GEOIDFQ": "1400000US08031000302", "GEOID": "08031000302", "NAME": "3.02", "NAMELSAD": "Census Tract 3.02", "STUSPS": "CO", "NAMELSADCO": "Denver County", "STATE_NAME": "Colorado", "LSAD": "CT", "ALAND": 1444047, "AWATER": 0, "centroid_lon": -105.04627025441241, "centroid_lat": 39.76393254069626, "B03002_001E": 4970, "B03002_001M": 723, "B03002_012E": 689, "B03002_012M": 315, "B19013_001E": 127554, "B19013_001M": 37956, "B01003_001E": 4970, "state": "08", "county": "031", "tract": "000302", "latino_share": 0.1386317907444668, "camera_count": 0, "arterial_road_m": 3365.5950177591744, "land_area_km2": 1.444047, "pop_density_per_km2": 3441.7162322278982, "arterial_km_per_km2": 2.3306686124199381, "log_income": 11.756295083329118, "city": "Denver", "crime_count_raw": 1338, "crime_rate_annual_per_km2_1000": 0.16444460840972158 }, "geometry": { "type": "Polygon", "coordinates": [ [ [ -105.053241, 39.763903 ], [ -105.053243, 39.764814 ], [ -105.05324, 39.769333 ], [ -105.046285, 39.76938 ], [ -105.044012, 39.769362 ], [ -105.040499, 39.769456 ], [ -105.039337, 39.769432 ], [ -105.03931, 39.763957 ], [ -105.039303, 39.758499 ], [ -105.044006, 39.758499 ], [ -105.053239, 39.758472 ], [ -105.053244, 39.762084 ], [ -105.053241, 39.763903 ] ] ] } },
{ "type": "Feature", "properties": { "STATEFP": "08", "COUNTYFP": "031", "TRACTCE": "003601", "GEOIDFQ": "1400000US08031003601", "GEOID": "08031003601", "NAME": "36.01", "NAMELSAD": "Census Tract 36.01", "STUSPS": "CO", "NAMELSADCO": "Denver County", "STATE_NAME": "Colorado", "LSAD": "CT", "ALAND": 1326341, "AWATER": 0, "centroid_lon": -104.96619289827768, "centroid_lat": 39.76719440407814, "B03002_001E": 4487, "B03002_001M": 527, "B03002_012E": 1764, "B03002_012M": 420, "B19013_001E": 111087, "B19013_001M": 14178, "B01003_001E": 4487, "state": "08", "county": "031", "tract": "003601", "latino_share": 0.39313572542901715, "camera_count": 1, "arterial_road_m": 6492.2730499579338, "land_area_km2": 1.326341, "pop_density_per_km2": 3382.9912518726333, "arterial_km_per_km2": 4.8948747342937704, "log_income": 11.618068957080148, "city": "Denver", "crime_count_raw": 2350, "crime_rate_annual_per_km2_1000": 0.31445428827153038 }, "geometry": { "type": "Polygon", "coordinates": [ [ [ -104.973338, 39.767919 ], [ -104.973343, 39.768163 ], [ -104.973347, 39.769187 ], [ -104.971915, 39.7703 ], [ -104.968476, 39.77291 ], [ -104.9594, 39.772893 ], [ -104.95973, 39.771914 ], [ -104.959746, 39.768154 ], [ -104.959752, 39.761991 ], [ -104.963449, 39.761993 ], [ -104.97334, 39.762046 ], [ -104.973319, 39.765764 ], [ -104.973352, 39.766493 ], [ -104.973338, 39.767919 ] ] ] } },
{ "type": "Feature", "properties": { "STATEFP": "08", "COUNTYFP": "031", "TRACTCE": "004404", "GEOIDFQ": "1400000US08031004404", "GEOID": "08031004404", "NAME": "44.04", "NAMELSAD": "Census Tract 44.04", "STUSPS": "CO", "NAMELSADCO": "Denver County", "STATE_NAME": "Colorado", "LSAD": "CT", "ALAND": 1304208, "AWATER": 0, "centroid_lon": -104.89405228721537, "centroid_lat": 39.736509596914942, "B03002_001E": 5640, "B03002_001M": 841, "B03002_012E": 1090, "B03002_012M": 402, "B19013_001E": 58204, "B19013_001M": 11741, "B01003_001E": 5640, "state": "08", "county": "031", "tract": "004404", "latino_share": 0.19326241134751773, "camera_count": 1, "arterial_road_m": 7691.9089008212104, "land_area_km2": 1.304208, "pop_density_per_km2": 4324.4635824960433, "arterial_km_per_km2": 5.8977623974252653, "log_income": 10.971709359880169, "city": "Denver", "crime_count_raw": 4737, "crime_rate_annual_per_km2_1000": 0.64461644253278527 }, "geometry": { "type": "Polygon", "coordinates": [ [ [ -104.903458, 39.735625 ], [ -104.903455, 39.740145 ], [ -104.89403, 39.740153 ], [ -104.884646, 39.740156 ], [ -104.884659, 39.737274 ], [ -104.88468, 39.735625 ], [ -104.884708, 39.732846 ], [ -104.891337, 39.732854 ], [ -104.896513, 39.732864 ], [ -104.903458, 39.732894 ], [ -104.903458, 39.735625 ] ] ] } },
{ "type": "Feature", "properties": { "STATEFP": "08", "COUNTYFP": "031", "TRACTCE": "004003", "GEOIDFQ": "1400000US08031004003", "GEOID": "08031004003", "NAME": "40.03", "NAMELSAD": "Census Tract 40.03", "STUSPS": "CO", "NAMELSADCO": "Denver County", "STATE_NAME": "Colorado", "LSAD": "CT", "ALAND": 2615057, "AWATER": 0, "centroid_lon": -104.93120336938409, "centroid_lat": 39.659878695412168, "B03002_001E": 4865, "B03002_001M": 1372, "B03002_012E": 407, "B03002_012M": 171, "B19013_001E": 122332, "B19013_001M": 21610, "B01003_001E": 4865, "state": "08", "county": "031", "tract": "004003", "latino_share": 0.083658787255909556, "camera_count": 0, "arterial_road_m": 6970.7371035730985, "land_area_km2": 2.615057, "pop_density_per_km2": 1860.3800987894335, "arterial_km_per_km2": 2.6656157412909538, "log_income": 11.71449393912664, "city": "Denver", "crime_count_raw": 1873, "crime_rate_annual_per_km2_1000": 0.12711636694324613 }, "geometry": { "type": "Polygon", "coordinates": [ [ [ -104.940686, 39.66346 ], [ -104.94068, 39.66756 ], [ -104.94068, 39.668329 ], [ -104.936789, 39.667548 ], [ -104.931622, 39.667473 ], [ -104.930436, 39.667471 ], [ -104.925662, 39.667486 ], [ -104.92348, 39.664106 ], [ -104.918448, 39.653079 ], [ -104.920458, 39.65309 ], [ -104.931703, 39.653044 ], [ -104.940683, 39.653013 ], [ -104.940686, 39.66346 ] ] ] } },
{ "type": "Feature", "properties": { "STATEFP": "08", "COUNTYFP": "031", "TRACTCE": "004602", "GEOIDFQ": "1400000US08031004602", "GEOID": "08031004602", "NAME": "46.02", "NAMELSAD": "Census Tract 46.02", "STUSPS": "CO", "NAMELSADCO": "Denver County", "STATE_NAME": "Colorado", "LSAD": "CT", "ALAND": 1906083, "AWATER": 32470, "centroid_lon": -105.03205747858132, "centroid_lat": 39.68957803143482, "B03002_001E": 6814, "B03002_001M": 1040, "B03002_012E": 4201, "B03002_012M": 1045, "B19013_001E": 59596, "B19013_001M": 11072, "B01003_001E": 6814, "state": "08", "county": "031", "tract": "004602", "latino_share": 0.61652480187848546, "camera_count": 0, "arterial_road_m": 8160.5412158728614, "land_area_km2": 1.906083, "pop_density_per_km2": 3574.870559151936, "arterial_km_per_km2": 4.2813147254725328, "log_income": 10.99534373670723, "city": "Denver", "crime_count_raw": 2280, "crime_rate_annual_per_km2_1000": 0.21229408466084362 }, "geometry": { "type": "Polygon", "coordinates": [ [ [ -105.039055, 39.689465 ], [ -105.03905, 39.696758 ], [ -105.035073, 39.697234 ], [ -105.032074, 39.696731 ], [ -105.025059, 39.696746 ], [ -105.025064, 39.693108 ], [ -105.025057, 39.689485 ], [ -105.025054, 39.685885 ], [ -105.025044, 39.684971 ], [ -105.025038, 39.68227 ], [ -105.029789, 39.682239 ], [ -105.038276, 39.682213 ], [ -105.038347, 39.6827 ], [ -105.039065, 39.684389 ], [ -105.039055, 39.689465 ] ] ] } },
{ "type": "Feature", "properties": { "STATEFP": "08", "COUNTYFP": "031", "TRACTCE": "002704", "GEOIDFQ": "1400000US08031002704", "GEOID": "08031002704", "NAME": "27.04", "NAMELSAD": "Census Tract 27.04", "STUSPS": "CO", "NAMELSADCO": "Denver County", "STATE_NAME": "Colorado", "LSAD": "CT", "ALAND": 344920, "AWATER": 0, "centroid_lon": -104.98363724592299, "centroid_lat": 39.737639369585651, "B03002_001E": 2174, "B03002_001M": 325, "B03002_012E": 358, "B03002_012M": 102, "B19013_001E": 52404, "B19013_001M": 13304, "B01003_001E": 2174, "state": "08", "county": "031", "tract": "002704", "latino_share": 0.16467341306347746, "camera_count": 0, "arterial_road_m": 4159.1102544580172, "land_area_km2": 0.34492, "pop_density_per_km2": 6302.9108199002667, "arterial_km_per_km2": 12.058188143505792, "log_income": 10.866738203273561, "city": "Denver", "crime_count_raw": 3426, "crime_rate_annual_per_km2_1000": 1.7628438115028322 }, "geometry": { "type": "Polygon", "coordinates": [ [ [ -104.987393, 39.736849 ], [ -104.987389, 39.740106 ], [ -104.986258, 39.740113 ], [ -104.983584, 39.740045 ], [ -104.97991, 39.740021 ], [ -104.97988, 39.736877 ], [ -104.979868, 39.735151 ], [ -104.985869, 39.735274 ], [ -104.9874, 39.735259 ], [ -104.987393, 39.736849 ] ] ] } },
{ "type": "Feature", "properties": { "STATEFP": "08", "COUNTYFP": "031", "TRACTCE": "000704", "GEOIDFQ": "1400000US08031000704", "GEOID": "08031000704", "NAME": "7.04", "NAMELSAD": "Census Tract 7.04", "STUSPS": "CO", "NAMELSADCO": "Denver County", "STATE_NAME": "Colorado", "LSAD": "CT", "ALAND": 720670, "AWATER": 0, "centroid_lon": -105.04617402093058, "centroid_lat": 39.73766207457632, "B03002_001E": 3260, "B03002_001M": 779, "B03002_012E": 719, "B03002_012M": 222, "B19013_001E": 135076, "B19013_001M": 30206, "B01003_001E": 3260, "state": "08", "county": "031", "tract": "000704", "latino_share": 0.22055214723926381, "camera_count": 1, "arterial_road_m": 1503.5066239116063, "land_area_km2": 0.72067, "pop_density_per_km2": 4523.568346122358, "arterial_km_per_km2": 2.0862622613839985, "log_income": 11.813592861979329, "city": "Denver", "crime_count_raw": 1940, "crime_rate_annual_per_km2_1000": 0.47776038988014918 }, "geometry": { "type": "Polygon", "coordinates": [ [ [ -105.053206, 39.740306 ], [ -105.053206, 39.740411 ], [ -105.046343, 39.740351 ], [ -105.039326, 39.740342 ], [ -105.039311, 39.73847 ], [ -105.0393, 39.734344 ], [ -105.04205, 39.73505 ], [ -105.045537, 39.734846 ], [ -105.049868, 39.735277 ], [ -105.053228, 39.734922 ], [ -105.053206, 39.740306 ] ] ] } },
{ "type": "Feature", "properties": { "STATEFP": "08", "COUNTYFP": "031", "TRACTCE": "015800", "GEOIDFQ": "1400000US08031015800", "GEOID": "08031015800", "NAME": "158", "NAMELSAD": "Census Tract 158", "STUSPS": "CO", "NAMELSADCO": "Denver County", "STATE_NAME": "Colorado", "LSAD": "CT", "ALAND": 6175356, "AWATER": 0, "centroid_lon": -104.77209066262958, "centroid_lat": 39.813488579974937, "B03002_001E": 3681, "B03002_001M": 613, "B03002_012E": 702, "B03002_012M": 313, "B19013_001E": 74422, "B19013_001M": 14271, "B01003_001E": 3681, "state": "08", "county": "031", "tract": "015800", "latino_share": 0.19070904645476772, "camera_count": 2, "arterial_road_m": 21610.702611311721, "land_area_km2": 6.175356, "pop_density_per_km2": 596.07899528383462, "arterial_km_per_km2": 3.4995071719446975, "log_income": 11.217506876035603, "city": "Denver", "crime_count_raw": 7507, "crime_rate_annual_per_km2_1000": 0.21574923822524233 }, "geometry": { "type": "Polygon", "coordinates": [ [ [ -104.784212, 39.819913 ], [ -104.783461, 39.822165 ], [ -104.780634, 39.825293 ], [ -104.777406, 39.826994 ], [ -104.772902, 39.82782 ], [ -104.756747, 39.827766 ], [ -104.753052, 39.82733 ], [ -104.753082, 39.823381 ], [ -104.762462, 39.823443 ], [ -104.762658, 39.805574 ], [ -104.762834, 39.799878 ], [ -104.762606, 39.798433 ], [ -104.772117, 39.79839 ], [ -104.775134, 39.79845 ], [ -104.783909, 39.798367 ], [ -104.784212, 39.819913 ] ] ] } },
{ "type": "Feature", "properties": { "STATEFP": "08", "COUNTYFP": "031", "TRACTCE": "004506", "GEOIDFQ": "1400000US08031004506", "GEOID": "08031004506", "NAME": "45.06", "NAMELSAD": "Census Tract 45.06", "STUSPS": "CO", "NAMELSADCO": "Denver County", "STATE_NAME": "Colorado", "LSAD": "CT", "ALAND": 958641, "AWATER": 0, "centroid_lon": -105.03202907586198, "centroid_lat": 39.700426522965429, "B03002_001E": 3125, "B03002_001M": 339, "B03002_012E": 2244, "B03002_012M": 379, "B19013_001E": 54267, "B19013_001M": 16180, "B01003_001E": 3125, "state": "08", "county": "031", "tract": "004506", "latino_share": 0.71808, "camera_count": 0, "arterial_road_m": 3403.9339900950795, "land_area_km2": 0.958641, "pop_density_per_km2": 3259.8230202964405, "arterial_km_per_km2": 3.5507911617540659, "log_income": 10.901671586369744, "city": "Denver", "crime_count_raw": 1311, "crime_rate_annual_per_km2_1000": 0.24271216630546993 }, "geometry": { "type": "Polygon", "coordinates": [ [ [ -105.039107, 39.703969 ], [ -105.032435, 39.704021 ], [ -105.025084, 39.703947 ], [ -105.025083, 39.702078 ], [ -105.02508, 39.700411 ], [ -105.025059, 39.696746 ], [ -105.032074, 39.696731 ], [ -105.035073, 39.697234 ], [ -105.03905, 39.696758 ], [ -105.039099, 39.700369 ], [ -105.039115, 39.702179 ], [ -105.039107, 39.703969 ] ] ] } },
{ "type": "Feature", "properties": { "STATEFP": "08", "COUNTYFP": "031", "TRACTCE": "004302", "GEOIDFQ": "1400000US08031004302", "GEOID": "08031004302", "NAME": "43.02", "NAMELSAD": "Census Tract 43.02", "STUSPS": "CO", "NAMELSADCO": "Denver County", "STATE_NAME": "Colorado", "LSAD": "CT", "ALAND": 1104052, "AWATER": 0, "centroid_lon": -104.9264726357857, "centroid_lat": 39.732959297752295, "B03002_001E": 3012, "B03002_001M": 629, "B03002_012E": 666, "B03002_012M": 529, "B19013_001E": 122717, "B19013_001M": 24960, "B01003_001E": 3012, "state": "08", "county": "031", "tract": "004302", "latino_share": 0.22111553784860558, "camera_count": 0, "arterial_road_m": 4709.9227638369575, "land_area_km2": 1.104052, "pop_density_per_km2": 2728.1323705767481, "arterial_km_per_km2": 4.2660334511752689, "log_income": 11.717636170409188, "city": "Denver", "crime_count_raw": 509, "crime_rate_annual_per_km2_1000": 0.081822568377567961 }, "geometry": { "type": "Polygon", "coordinates": [ [ [ -104.930452, 39.729238 ], [ -104.930459, 39.732563 ], [ -104.930412, 39.732865 ], [ -104.930381, 39.73649 ], [ -104.930379, 39.740134 ], [ -104.922321, 39.740142 ], [ -104.922334, 39.736679 ], [ -104.92233, 39.733652 ], [ -104.922808, 39.729255 ], [ -104.922799, 39.725631 ], [ -104.930521, 39.725615 ], [ -104.930452, 39.729238 ] ] ] } },
{ "type": "Feature", "properties": { "STATEFP": "08", "COUNTYFP": "031", "TRACTCE": "008390", "GEOIDFQ": "1400000US08031008390", "GEOID": "08031008390", "NAME": "83.90", "NAMELSAD": "Census Tract 83.90", "STUSPS": "CO", "NAMELSADCO": "Denver County", "STATE_NAME": "Colorado", "LSAD": "CT", "ALAND": 2288743, "AWATER": 0, "centroid_lon": -104.76286404108527, "centroid_lat": 39.776673407314895, "B03002_001E": 9853, "B03002_001M": 1061, "B03002_012E": 3488, "B03002_012M": 839, "B19013_001E": 101172, "B19013_001M": 19270, "B01003_001E": 9853, "state": "08", "county": "031", "tract": "008390", "latino_share": 0.35400385669339285, "camera_count": 0, "arterial_road_m": 13046.127818171517, "land_area_km2": 2.288743, "pop_density_per_km2": 4304.9831282935647, "arterial_km_per_km2": 5.7001278947315255, "log_income": 11.524577317710676, "city": "Denver", "crime_count_raw": 1792, "crime_rate_annual_per_km2_1000": 0.13895872814314697 }, "geometry": { "type": "Polygon", "coordinates": [ [ [ -104.772157, 39.776409 ], [ -104.772147, 39.777991 ], [ -104.772114, 39.783753 ], [ -104.761141, 39.783792 ], [ -104.757548, 39.783641 ], [ -104.755275, 39.782939 ], [ -104.756274, 39.780283 ], [ -104.75496, 39.778493 ], [ -104.75342, 39.776425 ], [ -104.753297, 39.774831 ], [ -104.753442, 39.769302 ], [ -104.760946, 39.769222 ], [ -104.764574, 39.769188 ], [ -104.764559, 39.771568 ], [ -104.772166, 39.7715 ], [ -104.772157, 39.776409 ] ] ] } },
{ "type": "Feature", "properties": { "STATEFP": "08", "COUNTYFP": "031", "TRACTCE": "002709", "GEOIDFQ": "1400000US08031002709", "GEOID": "08031002709", "NAME": "27.09", "NAMELSAD": "Census Tract 27.09", "STUSPS": "CO", "NAMELSADCO": "Denver County", "STATE_NAME": "Colorado", "LSAD": "CT", "ALAND": 203506, "AWATER": 0, "centroid_lon": -104.97642305568051, "centroid_lat": 39.733595247147704, "B03002_001E": 2468, "B03002_001M": 398, "B03002_012E": 305, "B03002_012M": 136, "B19013_001E": 69134, "B19013_001M": 3934, "B01003_001E": 2468, "state": "08", "county": "031", "tract": "002709", "latino_share": 0.12358184764991896, "camera_count": 0, "arterial_road_m": 2024.4368930604201, "land_area_km2": 0.203506, "pop_density_per_km2": 12127.406562951461, "arterial_km_per_km2": 9.9477995393768239, "log_income": 11.143801929264502, "city": "Denver", "crime_count_raw": 1300, "crime_rate_annual_per_km2_1000": 1.1337335230608598 }, "geometry": { "type": "Polygon", "coordinates": [ [ [ -104.979868, 39.735151 ], [ -104.972999, 39.735157 ], [ -104.972978, 39.733708 ], [ -104.972979, 39.732049 ], [ -104.978681, 39.732026 ], [ -104.979832, 39.732021 ], [ -104.979861, 39.733691 ], [ -104.979868, 39.735151 ] ] ] } },
{ "type": "Feature", "properties": { "STATEFP": "08", "COUNTYFP": "031", "TRACTCE": "000501", "GEOIDFQ": "1400000US08031000501", "GEOID": "08031000501", "NAME": "5.01", "NAMELSAD": "Census Tract 5.01", "STUSPS": "CO", "NAMELSADCO": "Denver County", "STATE_NAME": "Colorado", "LSAD": "CT", "ALAND": 1313701, "AWATER": 716678, "centroid_lon": -105.0457750582385, "centroid_lat": 39.750916985992795, "B03002_001E": 1866, "B03002_001M": 205, "B03002_012E": 310, "B03002_012M": 125, "B19013_001E": 155000, "B19013_001M": 32891, "B01003_001E": 1866, "state": "08", "county": "031", "tract": "000501", "latino_share": 0.16613076098606644, "camera_count": 0, "arterial_road_m": 4017.0385467032888, "land_area_km2": 1.313701, "pop_density_per_km2": 1420.4145387725214, "arterial_km_per_km2": 3.057802762351014, "log_income": 11.951180395901384, "city": "Denver", "crime_count_raw": 719, "crime_rate_annual_per_km2_1000": 0.097135328682596722 }, "geometry": { "type": "Polygon", "coordinates": [ [ [ -105.053239, 39.758472 ], [ -105.044006, 39.758499 ], [ -105.039303, 39.758499 ], [ -105.039319, 39.754863 ], [ -105.039306, 39.747576 ], [ -105.036956, 39.747578 ], [ -105.035771, 39.746378 ], [ -105.035765, 39.74395 ], [ -105.039308, 39.743953 ], [ -105.046323, 39.74397 ], [ -105.053212, 39.74398 ], [ -105.053219, 39.747616 ], [ -105.053227, 39.751249 ], [ -105.053231, 39.753046 ], [ -105.053236, 39.754848 ], [ -105.053239, 39.758472 ] ] ] } },
{ "type": "Feature", "properties": { "STATEFP": "08", "COUNTYFP": "031", "TRACTCE": "003602", "GEOIDFQ": "1400000US08031003602", "GEOID": "08031003602", "NAME": "36.02", "NAMELSAD": "Census Tract 36.02", "STUSPS": "CO", "NAMELSADCO": "Denver County", "STATE_NAME": "Colorado", "LSAD": "CT", "ALAND": 1999338, "AWATER": 0, "centroid_lon": -104.95013469546544, "centroid_lat": 39.767413636316221, "B03002_001E": 3957, "B03002_001M": 470, "B03002_012E": 1468, "B03002_012M": 485, "B19013_001E": 70658, "B19013_001M": 12267, "B01003_001E": 3957, "state": "08", "county": "031", "tract": "003602", "latino_share": 0.37098812231488504, "camera_count": 1, "arterial_road_m": 5253.9993438274178, "land_area_km2": 1.999338, "pop_density_per_km2": 1979.1551003382119, "arterial_km_per_km2": 2.6278694967171221, "log_income": 11.165606615955522, "city": "Denver", "crime_count_raw": 2483, "crime_rate_annual_per_km2_1000": 0.220412059890366 }, "geometry": { "type": "Polygon", "coordinates": [ [ [ -104.959746, 39.768154 ], [ -104.95973, 39.771914 ], [ -104.9594, 39.772893 ], [ -104.949824, 39.772903 ], [ -104.940487, 39.772886 ], [ -104.940618, 39.768095 ], [ -104.940628, 39.765674 ], [ -104.940658, 39.761948 ], [ -104.942711, 39.761716 ], [ -104.946262, 39.761934 ], [ -104.949914, 39.761953 ], [ -104.951183, 39.761962 ], [ -104.956104, 39.761984 ], [ -104.959752, 39.761991 ], [ -104.959746, 39.768154 ] ] ] } },
{ "type": "Feature", "properties": { "STATEFP": "08", "COUNTYFP": "031", "TRACTCE": "003003", "GEOIDFQ": "1400000US08031003003", "GEOID": "08031003003", "NAME": "30.03", "NAMELSAD": "Census Tract 30.03", "STUSPS": "CO", "NAMELSADCO": "Denver County", "STATE_NAME": "Colorado", "LSAD": "CT", "ALAND": 1087788, "AWATER": 0, "centroid_lon": -104.96719091692297, "centroid_lat": 39.682745578369484, "B03002_001E": 3018, "B03002_001M": 315, "B03002_012E": 343, "B03002_012M": 131, "B19013_001E": 81174, "B19013_001M": 19093, "B01003_001E": 3018, "state": "08", "county": "031", "tract": "003003", "latino_share": 0.11365142478462557, "camera_count": 0, "arterial_road_m": 11574.204191174258, "land_area_km2": 1.087788, "pop_density_per_km2": 2774.4376661628921, "arterial_km_per_km2": 10.640128583119376, "log_income": 11.304350277831416, "city": "Denver", "crime_count_raw": 1050, "crime_rate_annual_per_km2_1000": 0.17131283008851592 }, "geometry": { "type": "Polygon", "coordinates": [ [ [ -104.973424, 39.68756 ], [ -104.973424, 39.689823 ], [ -104.968727, 39.687516 ], [ -104.964238, 39.685341 ], [ -104.959447, 39.684727 ], [ -104.959393, 39.678425 ], [ -104.959511, 39.678475 ], [ -104.965232, 39.678469 ], [ -104.973431, 39.678512 ], [ -104.973424, 39.68756 ] ] ] } },
{ "type": "Feature", "properties": { "STATEFP": "08", "COUNTYFP": "031", "TRACTCE": "002804", "GEOIDFQ": "1400000US08031002804", "GEOID": "08031002804", "NAME": "28.04", "NAMELSAD": "Census Tract 28.04", "STUSPS": "CO", "NAMELSADCO": "Denver County", "STATE_NAME": "Colorado", "LSAD": "CT", "ALAND": 204354, "AWATER": 0, "centroid_lon": -104.97737693646991, "centroid_lat": 39.718210401236433, "B03002_001E": 1834, "B03002_001M": 315, "B03002_012E": 141, "B03002_012M": 87, "B19013_001E": 84301, "B19013_001M": 8623, "B01003_001E": 1834, "state": "08", "county": "031", "tract": "002804", "latino_share": 0.076881134133042525, "camera_count": 0, "arterial_road_m": 2318.2832058948024, "land_area_km2": 0.204354, "pop_density_per_km2": 8974.6224688530692, "arterial_km_per_km2": 11.344447409371984, "log_income": 11.342149006315793, "city": "Denver", "crime_count_raw": 670, "crime_rate_annual_per_km2_1000": 0.58188413172351616 }, "geometry": { "type": "Polygon", "coordinates": [ [ [ -104.980305, 39.721486 ], [ -104.977538, 39.719747 ], [ -104.976083, 39.7191 ], [ -104.973248, 39.718401 ], [ -104.973391, 39.716531 ], [ -104.976911, 39.716529 ], [ -104.980299, 39.716522 ], [ -104.980278, 39.718323 ], [ -104.980286, 39.720919 ], [ -104.980305, 39.721486 ] ] ] } },
{ "type": "Feature", "properties": { "STATEFP": "08", "COUNTYFP": "031", "TRACTCE": "006815", "GEOIDFQ": "1400000US08031006815", "GEOID": "08031006815", "NAME": "68.15", "NAMELSAD": "Census Tract 68.15", "STUSPS": "CO", "NAMELSADCO": "Denver County", "STATE_NAME": "Colorado", "LSAD": "CT", "ALAND": 1154635, "AWATER": 0, "centroid_lon": -104.90837780700033, "centroid_lat": 39.649588003680215, "B03002_001E": 2234, "B03002_001M": 393, "B03002_012E": 173, "B03002_012M": 85, "B19013_001E": 138409, "B19013_001M": 28680, "B01003_001E": 2234, "state": "08", "county": "031", "tract": "006815", "latino_share": 0.077439570277529096, "camera_count": 10, "arterial_road_m": 8223.8113766006536, "land_area_km2": 1.154635, "pop_density_per_km2": 1934.8105678417853, "arterial_km_per_km2": 7.1224338224639423, "log_income": 11.837968348953153, "city": "Denver", "crime_count_raw": 1216, "crime_rate_annual_per_km2_1000": 0.18691050511955484 }, "geometry": { "type": "Polygon", "coordinates": [ [ [ -104.918448, 39.653079 ], [ -104.91293, 39.653089 ], [ -104.909095, 39.6531 ], [ -104.900801, 39.65311 ], [ -104.899796, 39.651087 ], [ -104.898103, 39.649007 ], [ -104.900369, 39.648063 ], [ -104.902403, 39.645912 ], [ -104.903282, 39.645904 ], [ -104.912656, 39.645726 ], [ -104.912731, 39.644237 ], [ -104.913339, 39.643895 ], [ -104.918448, 39.653079 ] ] ] } },
{ "type": "Feature", "properties": { "STATEFP": "08", "COUNTYFP": "031", "TRACTCE": "004310", "GEOIDFQ": "1400000US08031004310", "GEOID": "08031004310", "NAME": "43.10", "NAMELSAD": "Census Tract 43.10", "STUSPS": "CO", "NAMELSADCO": "Denver County", "STATE_NAME": "Colorado", "LSAD": "CT", "ALAND": 1289540, "AWATER": 0, "centroid_lon": -104.90812017094912, "centroid_lat": 39.732888948257013, "B03002_001E": 2255, "B03002_001M": 475, "B03002_012E": 178, "B03002_012M": 109, "B19013_001E": 144531, "B19013_001M": 27866, "B01003_001E": 2255, "state": "08", "county": "031", "tract": "004310", "latino_share": 0.078935698447893568, "camera_count": 1, "arterial_road_m": 9776.0196576269154, "land_area_km2": 1.28954, "pop_density_per_km2": 1748.6855778029376, "arterial_km_per_km2": 7.5810131191176051, "log_income": 11.88124929639771, "city": "Denver", "crime_count_raw": 771, "crime_rate_annual_per_km2_1000": 0.10611197899981149 }, "geometry": { "type": "Polygon", "coordinates": [ [ [ -104.912803, 39.740153 ], [ -104.903455, 39.740145 ], [ -104.903458, 39.735625 ], [ -104.903458, 39.732894 ], [ -104.903407, 39.725641 ], [ -104.912794, 39.725638 ], [ -104.91279, 39.733649 ], [ -104.912793, 39.734272 ], [ -104.912803, 39.740153 ] ] ] } },
{ "type": "Feature", "properties": { "STATEFP": "08", "COUNTYFP": "031", "TRACTCE": "002708", "GEOIDFQ": "1400000US08031002708", "GEOID": "08031002708", "NAME": "27.08", "NAMELSAD": "Census Tract 27.08", "STUSPS": "CO", "NAMELSADCO": "Denver County", "STATE_NAME": "Colorado", "LSAD": "CT", "ALAND": 318865, "AWATER": 0, "centroid_lon": -104.97644284520942, "centroid_lat": 39.737588777250501, "B03002_001E": 2545, "B03002_001M": 336, "B03002_012E": 225, "B03002_012M": 154, "B19013_001E": 68961, "B19013_001M": 18852, "B01003_001E": 2545, "state": "08", "county": "031", "tract": "002708", "latino_share": 0.088408644400785857, "camera_count": 0, "arterial_road_m": 4123.2906839960078, "land_area_km2": 0.318865, "pop_density_per_km2": 7981.4341492481144, "arterial_km_per_km2": 12.931148555018607, "log_income": 11.141296406392527, "city": "Denver", "crime_count_raw": 4018, "crime_rate_annual_per_km2_1000": 2.2363920243900801 }, "geometry": { "type": "Polygon", "coordinates": [ [ [ -104.97991, 39.740021 ], [ -104.97764, 39.740006 ], [ -104.973412, 39.740029 ], [ -104.972991, 39.740038 ], [ -104.973008, 39.736875 ], [ -104.972999, 39.735157 ], [ -104.979868, 39.735151 ], [ -104.97988, 39.736877 ], [ -104.97991, 39.740021 ] ] ] } },
{ "type": "Feature", "properties": { "STATEFP": "08", "COUNTYFP": "031", "TRACTCE": "002706", "GEOIDFQ": "1400000US08031002706", "GEOID": "08031002706", "NAME": "27.06", "NAMELSAD": "Census Tract 27.06", "STUSPS": "CO", "NAMELSADCO": "Denver County", "STATE_NAME": "Colorado", "LSAD": "CT", "ALAND": 340238, "AWATER": 0, "centroid_lon": -104.98365468971025, "centroid_lat": 39.729661180989275, "B03002_001E": 3368, "B03002_001M": 367, "B03002_012E": 309, "B03002_012M": 167, "B19013_001E": 74428, "B19013_001M": 22034, "B01003_001E": 3368, "state": "08", "county": "031", "tract": "002706", "latino_share": 0.091745843230403801, "camera_count": 0, "arterial_road_m": 2618.6820874260143, "land_area_km2": 0.340238, "pop_density_per_km2": 9898.9530857811296, "arterial_km_per_km2": 7.6966185065337038, "log_income": 11.217587494107532, "city": "Denver", "crime_count_raw": 2131, "crime_rate_annual_per_km2_1000": 1.1115921907314514 }, "geometry": { "type": "Polygon", "coordinates": [ [ [ -104.987404, 39.729094 ], [ -104.987403, 39.732043 ], [ -104.983581, 39.73204 ], [ -104.982256, 39.732034 ], [ -104.979832, 39.732021 ], [ -104.979932, 39.729062 ], [ -104.979938, 39.727268 ], [ -104.981138, 39.727264 ], [ -104.983623, 39.727283 ], [ -104.987415, 39.727275 ], [ -104.987404, 39.729094 ] ] ] } },
{ "type": "Feature", "properties": { "STATEFP": "08", "COUNTYFP": "031", "TRACTCE": "003502", "GEOIDFQ": "1400000US08031003502", "GEOID": "08031003502", "NAME": "35.02", "NAMELSAD": "Census Tract 35.02", "STUSPS": "CO", "NAMELSADCO": "Denver County", "STATE_NAME": "Colorado", "LSAD": "CT", "ALAND": 2078926, "AWATER": 0, "centroid_lon": -104.94817327628066, "centroid_lat": 39.786448417369407, "B03002_001E": 3320, "B03002_001M": 671, "B03002_012E": 3036, "B03002_012M": 689, "B19013_001E": 57047, "B19013_001M": 8769, "B01003_001E": 3320, "state": "08", "county": "031", "tract": "003502", "latino_share": 0.91445783132530123, "camera_count": 0, "arterial_road_m": 19738.101941498895, "land_area_km2": 2.078926, "pop_density_per_km2": 1596.9784398290271, "arterial_km_per_km2": 9.4943744710003593, "log_income": 10.9516307684562, "city": "Denver", "crime_count_raw": 1418, "crime_rate_annual_per_km2_1000": 0.12105481107509178 }, "geometry": { "type": "Polygon", "coordinates": [ [ [ -104.959269, 39.782474 ], [ -104.957408, 39.784791 ], [ -104.953504, 39.790031 ], [ -104.949712, 39.794621 ], [ -104.940476, 39.794601 ], [ -104.940484, 39.791919 ], [ -104.939882, 39.790994 ], [ -104.940323, 39.789103 ], [ -104.940506, 39.779951 ], [ -104.949745, 39.779965 ], [ -104.959324, 39.780001 ], [ -104.959269, 39.782474 ] ] ] } },
{ "type": "Feature", "properties": { "STATEFP": "08", "COUNTYFP": "031", "TRACTCE": "004503", "GEOIDFQ": "1400000US08031004503", "GEOID": "08031004503", "NAME": "45.03", "NAMELSAD": "Census Tract 45.03", "STUSPS": "CO", "NAMELSADCO": "Denver County", "STATE_NAME": "Colorado", "LSAD": "CT", "ALAND": 1017830, "AWATER": 0, "centroid_lon": -105.0459318442214, "centroid_lat": 39.70058510740536, "B03002_001E": 4596, "B03002_001M": 1154, "B03002_012E": 4032, "B03002_012M": 1179, "B19013_001E": 44873, "B19013_001M": 9024, "B01003_001E": 4596, "state": "08", "county": "031", "tract": "004503", "latino_share": 0.87728459530026115, "camera_count": 3, "arterial_road_m": 4179.7680544276063, "land_area_km2": 1.01783, "pop_density_per_km2": 4515.4888340882071, "arterial_km_per_km2": 4.1065482982694617, "log_income": 10.711591556552261, "city": "Denver", "crime_count_raw": 1658, "crime_rate_annual_per_km2_1000": 0.28910402164967147 }, "geometry": { "type": "Polygon", "coordinates": [ [ [ -105.053245, 39.703268 ], [ -105.049913, 39.704312 ], [ -105.043194, 39.704281 ], [ -105.043062, 39.703971 ], [ -105.03969, 39.706339 ], [ -105.039691, 39.704138 ], [ -105.039107, 39.703969 ], [ -105.039115, 39.702179 ], [ -105.039099, 39.700369 ], [ -105.03905, 39.696758 ], [ -105.046048, 39.696748 ], [ -105.053225, 39.696769 ], [ -105.053225, 39.696889 ], [ -105.053245, 39.700438 ], [ -105.053245, 39.703268 ] ] ] } },
{ "type": "Feature", "properties": { "STATEFP": "08", "COUNTYFP": "031", "TRACTCE": "005503", "GEOIDFQ": "1400000US08031005503", "GEOID": "08031005503", "NAME": "55.03", "NAMELSAD": "Census Tract 55.03", "STUSPS": "CO", "NAMELSADCO": "Denver County", "STATE_NAME": "Colorado", "LSAD": "CT", "ALAND": 2020259, "AWATER": 0, "centroid_lon": -105.04069373674437, "centroid_lat": 39.633257674864652, "B03002_001E": 4937, "B03002_001M": 611, "B03002_012E": 1018, "B03002_012M": 165, "B19013_001E": 102500, "B19013_001M": 11678, "B01003_001E": 4937, "state": "08", "county": "031", "tract": "005503", "latino_share": 0.2061980960097225, "camera_count": 1, "arterial_road_m": 3057.2029423288777, "land_area_km2": 2.020259, "pop_density_per_km2": 2443.7460741419791, "arterial_km_per_km2": 1.5132727745941872, "log_income": 11.5376180775606, "city": "Denver", "crime_count_raw": 809, "crime_rate_annual_per_km2_1000": 0.071070001665938312 }, "geometry": { "type": "Polygon", "coordinates": [ [ [ -105.053294, 39.634902 ], [ -105.053342, 39.63877 ], [ -105.053273, 39.639768 ], [ -105.04917, 39.638674 ], [ -105.045304, 39.638638 ], [ -105.044909, 39.638595 ], [ -105.034707, 39.638593 ], [ -105.034739, 39.635023 ], [ -105.034756, 39.633177 ], [ -105.030059, 39.633183 ], [ -105.029712, 39.632425 ], [ -105.02536, 39.631445 ], [ -105.025422, 39.628558 ], [ -105.027612, 39.628316 ], [ -105.02932, 39.627792 ], [ -105.034821, 39.628176 ], [ -105.034822, 39.627809 ], [ -105.036802, 39.628129 ], [ -105.038005, 39.626836 ], [ -105.040156, 39.627886 ], [ -105.041905, 39.627777 ], [ -105.042807, 39.627579 ], [ -105.044161, 39.628039 ], [ -105.044139, 39.631456 ], [ -105.045711, 39.631466 ], [ -105.05341, 39.631504 ], [ -105.053294, 39.634902 ] ] ] } },
{ "type": "Feature", "properties": { "STATEFP": "08", "COUNTYFP": "031", "TRACTCE": "000703", "GEOIDFQ": "1400000US08031000703", "GEOID": "08031000703", "NAME": "7.03", "NAMELSAD": "Census Tract 7.03", "STUSPS": "CO", "NAMELSADCO": "Denver County", "STATE_NAME": "Colorado", "LSAD": "CT", "ALAND": 477774, "AWATER": 0, "centroid_lon": -105.04625036753869, "centroid_lat": 39.7421664421841, "B03002_001E": 2690, "B03002_001M": 316, "B03002_012E": 705, "B03002_012M": 178, "B19013_001E": 68867, "B19013_001M": 15589, "B01003_001E": 2690, "state": "08", "county": "031", "tract": "000703", "latino_share": 0.26208178438661711, "camera_count": 1, "arterial_road_m": 1798.7301079308845, "land_area_km2": 0.477774, "pop_density_per_km2": 5630.2770766094436, "arterial_km_per_km2": 3.7648137151265759, "log_income": 11.139932387258906, "city": "Denver", "crime_count_raw": 1852, "crime_rate_annual_per_km2_1000": 0.68796021628045445 }, "geometry": { "type": "Polygon", "coordinates": [ [ [ -105.053212, 39.74398 ], [ -105.046323, 39.74397 ], [ -105.039308, 39.743953 ], [ -105.039324, 39.741526 ], [ -105.039326, 39.740342 ], [ -105.046343, 39.740351 ], [ -105.053206, 39.740411 ], [ -105.05321, 39.743273 ], [ -105.053212, 39.74398 ] ] ] } },
{ "type": "Feature", "properties": { "STATEFP": "08", "COUNTYFP": "031", "TRACTCE": "008306", "GEOIDFQ": "1400000US08031008306", "GEOID": "08031008306", "NAME": "83.06", "NAMELSAD": "Census Tract 83.06", "STUSPS": "CO", "NAMELSADCO": "Denver County", "STATE_NAME": "Colorado", "LSAD": "CT", "ALAND": 1366939, "AWATER": 0, "centroid_lon": -104.83848439220129, "centroid_lat": 39.78576841845689, "B03002_001E": 6316, "B03002_001M": 926, "B03002_012E": 3813, "B03002_012M": 908, "B19013_001E": 64194, "B19013_001M": 19579, "B01003_001E": 6316, "state": "08", "county": "031", "tract": "008306", "latino_share": 0.60370487650411653, "camera_count": 0, "arterial_road_m": 6825.0270208213178, "land_area_km2": 1.366939, "pop_density_per_km2": 4620.5426869816429, "arterial_km_per_km2": 4.9929272782628322, "log_income": 11.069665027366662, "city": "Denver", "crime_count_raw": 1581, "crime_rate_annual_per_km2_1000": 0.20527099602041829 }, "geometry": { "type": "Polygon", "coordinates": [ [ [ -104.847087, 39.789276 ], [ -104.84378, 39.789291 ], [ -104.84019, 39.78932 ], [ -104.83632, 39.790963 ], [ -104.835584, 39.791055 ], [ -104.834468, 39.791131 ], [ -104.828184, 39.788695 ], [ -104.831204, 39.784332 ], [ -104.832413, 39.782677 ], [ -104.838472, 39.780511 ], [ -104.839796, 39.77932 ], [ -104.841626, 39.780529 ], [ -104.842927, 39.781296 ], [ -104.84701, 39.782386 ], [ -104.847049, 39.786407 ], [ -104.847087, 39.789276 ] ] ] } },
{ "type": "Feature", "properties": { "STATEFP": "08", "COUNTYFP": "031", "TRACTCE": "011903", "GEOIDFQ": "1400000US08031011903", "GEOID": "08031011903", "NAME": "119.03", "NAMELSAD": "Census Tract 119.03", "STUSPS": "CO", "NAMELSADCO": "Denver County", "STATE_NAME": "Colorado", "LSAD": "CT", "ALAND": 1052078, "AWATER": 0, "centroid_lon": -105.07505637801013, "centroid_lat": 39.66505411411562, "B03002_001E": 2247, "B03002_001M": 243, "B03002_012E": 650, "B03002_012M": 206, "B19013_001E": 105489, "B19013_001M": 30022, "B01003_001E": 2247, "state": "08", "county": "031", "tract": "011903", "latino_share": 0.28927458834000891, "camera_count": 0, "arterial_road_m": 3131.2961830398499, "land_area_km2": 1.052078, "pop_density_per_km2": 2135.7732031275245, "arterial_km_per_km2": 2.9762966082741484, "log_income": 11.5663619610594, "city": "Denver", "crime_count_raw": 524, "crime_rate_annual_per_km2_1000": 0.08839510214456768 }, "geometry": { "type": "Polygon", "coordinates": [ [ [ -105.081455, 39.665551 ], [ -105.081451, 39.667743 ], [ -105.081348, 39.670133 ], [ -105.07667, 39.669061 ], [ -105.074504, 39.67025 ], [ -105.071997, 39.669344 ], [ -105.071991, 39.667763 ], [ -105.067297, 39.667775 ], [ -105.067289, 39.664173 ], [ -105.067291, 39.663317 ], [ -105.070092, 39.663569 ], [ -105.071756, 39.660679 ], [ -105.071972, 39.659951 ], [ -105.076676, 39.659312 ], [ -105.079163, 39.662041 ], [ -105.081453, 39.662056 ], [ -105.081455, 39.665551 ] ] ] } },
{ "type": "Feature", "properties": { "STATEFP": "08", "COUNTYFP": "031", "TRACTCE": "007088", "GEOIDFQ": "1400000US08031007088", "GEOID": "08031007088", "NAME": "70.88", "NAMELSAD": "Census Tract 70.88", "STUSPS": "CO", "NAMELSADCO": "Denver County", "STATE_NAME": "Colorado", "LSAD": "CT", "ALAND": 2441409, "AWATER": 1067, "centroid_lon": -104.89332346544715, "centroid_lat": 39.702468126394919, "B03002_001E": 4905, "B03002_001M": 725, "B03002_012E": 1573, "B03002_012M": 527, "B19013_001E": 69311, "B19013_001M": 10182, "B01003_001E": 4905, "state": "08", "county": "031", "tract": "007088", "latino_share": 0.32069317023445465, "camera_count": 3, "arterial_road_m": 7147.4994510274682, "land_area_km2": 2.441409, "pop_density_per_km2": 2009.0857369658258, "arterial_km_per_km2": 2.9276124774781564, "log_income": 11.146358902740426, "city": "Denver", "crime_count_raw": 1496, "crime_rate_annual_per_km2_1000": 0.1087516629248674 }, "geometry": { "type": "Polygon", "coordinates": [ [ [ -104.903494, 39.711281 ], [ -104.89291, 39.711192 ], [ -104.89232, 39.707425 ], [ -104.890371, 39.705676 ], [ -104.89006, 39.704625 ], [ -104.886001, 39.702838 ], [ -104.884532, 39.702587 ], [ -104.881711, 39.701844 ], [ -104.879786, 39.700261 ], [ -104.875628, 39.700143 ], [ -104.875336, 39.700148 ], [ -104.875318, 39.698438 ], [ -104.877728, 39.698438 ], [ -104.87772, 39.696508 ], [ -104.882313, 39.696573 ], [ -104.884057, 39.696491 ], [ -104.885773, 39.696523 ], [ -104.891715, 39.69659 ], [ -104.894099, 39.696596 ], [ -104.894766, 39.696597 ], [ -104.897402, 39.69627 ], [ -104.899099, 39.695395 ], [ -104.899757, 39.69715 ], [ -104.903544, 39.698535 ], [ -104.903494, 39.711281 ] ] ] } },
{ "type": "Feature", "properties": { "STATEFP": "08", "COUNTYFP": "031", "TRACTCE": "006814", "GEOIDFQ": "1400000US08031006814", "GEOID": "08031006814", "NAME": "68.14", "NAMELSAD": "Census Tract 68.14", "STUSPS": "CO", "NAMELSADCO": "Denver County", "STATE_NAME": "Colorado", "LSAD": "CT", "ALAND": 2077433, "AWATER": 0, "centroid_lon": -104.87776898027943, "centroid_lat": 39.659301516158294, "B03002_001E": 4925, "B03002_001M": 776, "B03002_012E": 1597, "B03002_012M": 926, "B19013_001E": 66134, "B19013_001M": 13825, "B01003_001E": 4925, "state": "08", "county": "031", "tract": "006814", "latino_share": 0.32426395939086294, "camera_count": 0, "arterial_road_m": 7683.0563008546414, "land_area_km2": 2.077433, "pop_density_per_km2": 2370.714242047758, "arterial_km_per_km2": 3.698341318759566, "log_income": 11.099438265759151, "city": "Denver", "crime_count_raw": 1580, "crime_rate_annual_per_km2_1000": 0.13498170670006865 }, "geometry": { "type": "Polygon", "coordinates": [ [ [ -104.888352, 39.665674 ], [ -104.890005, 39.667578 ], [ -104.88505, 39.667493 ], [ -104.87926, 39.663928 ], [ -104.878752, 39.66327 ], [ -104.874387, 39.663837 ], [ -104.870101, 39.662842 ], [ -104.86886, 39.66217 ], [ -104.867425, 39.659996 ], [ -104.86637, 39.659355 ], [ -104.866702, 39.655109 ], [ -104.867541, 39.654055 ], [ -104.869156, 39.653233 ], [ -104.875658, 39.653049 ], [ -104.877, 39.65305 ], [ -104.88014, 39.653057 ], [ -104.884785, 39.653068 ], [ -104.884696, 39.657235 ], [ -104.884691, 39.657912 ], [ -104.884715, 39.659892 ], [ -104.885111, 39.660301 ], [ -104.887116, 39.661925 ], [ -104.890204, 39.66451 ], [ -104.888352, 39.665674 ] ] ] } },
{ "type": "Feature", "properties": { "STATEFP": "08", "COUNTYFP": "031", "TRACTCE": "008312", "GEOIDFQ": "1400000US08031008312", "GEOID": "08031008312", "NAME": "83.12", "NAMELSAD": "Census Tract 83.12", "STUSPS": "CO", "NAMELSADCO": "Denver County", "STATE_NAME": "Colorado", "LSAD": "CT", "ALAND": 2572312, "AWATER": 0, "centroid_lon": -104.83003466314219, "centroid_lat": 39.77686035077938, "B03002_001E": 7050, "B03002_001M": 860, "B03002_012E": 4084, "B03002_012M": 986, "B19013_001E": 80657, "B19013_001M": 13592, "B01003_001E": 7050, "state": "08", "county": "031", "tract": "008312", "latino_share": 0.57929078014184399, "camera_count": 9, "arterial_road_m": 18551.513733641637, "land_area_km2": 2.572312, "pop_density_per_km2": 2740.725075340783, "arterial_km_per_km2": 7.2119998404709991, "log_income": 11.297960874579218, "city": "Denver", "crime_count_raw": 2635, "crime_rate_annual_per_km2_1000": 0.18180332843835592 }, "geometry": { "type": "Polygon", "coordinates": [ [ [ -104.84701, 39.782386 ], [ -104.842927, 39.781296 ], [ -104.841626, 39.780529 ], [ -104.839796, 39.77932 ], [ -104.838472, 39.780511 ], [ -104.832413, 39.782677 ], [ -104.831204, 39.784332 ], [ -104.828953, 39.783369 ], [ -104.8257, 39.780629 ], [ -104.824699, 39.778834 ], [ -104.823984, 39.779109 ], [ -104.821601, 39.779107 ], [ -104.819552, 39.779086 ], [ -104.811549, 39.776845 ], [ -104.809902, 39.776759 ], [ -104.809898, 39.775047 ], [ -104.809884, 39.772823 ], [ -104.828163, 39.772374 ], [ -104.847033, 39.774008 ], [ -104.84701, 39.782386 ] ] ] } },
{ "type": "Feature", "properties": { "STATEFP": "08", "COUNTYFP": "031", "TRACTCE": "008391", "GEOIDFQ": "1400000US08031008391", "GEOID": "08031008391", "NAME": "83.91", "NAMELSAD": "Census Tract 83.91", "STUSPS": "CO", "NAMELSADCO": "Denver County", "STATE_NAME": "Colorado", "LSAD": "CT", "ALAND": 2304139, "AWATER": 0, "centroid_lon": -104.74443557824974, "centroid_lat": 39.775643923753911, "B03002_001E": 7075, "B03002_001M": 788, "B03002_012E": 3256, "B03002_012M": 749, "B19013_001E": 90303, "B19013_001M": 20236, "B01003_001E": 7075, "state": "08", "county": "031", "tract": "008391", "latino_share": 0.46021201413427559, "camera_count": 0, "arterial_road_m": 10269.603510102865, "land_area_km2": 2.304139, "pop_density_per_km2": 3070.5612812421473, "arterial_km_per_km2": 4.4570242984919153, "log_income": 11.410925961444581, "city": "Denver", "crime_count_raw": 906, "crime_rate_annual_per_km2_1000": 0.069785368636342326 }, "geometry": { "type": "Polygon", "coordinates": [ [ [ -104.755275, 39.782939 ], [ -104.750275, 39.781291 ], [ -104.74301, 39.781193 ], [ -104.740373, 39.781794 ], [ -104.734532, 39.781862 ], [ -104.73454, 39.77965 ], [ -104.734581, 39.774838 ], [ -104.734749, 39.769211 ], [ -104.745432, 39.769262 ], [ -104.753442, 39.769302 ], [ -104.753297, 39.774831 ], [ -104.75342, 39.776425 ], [ -104.75496, 39.778493 ], [ -104.756274, 39.780283 ], [ -104.755275, 39.782939 ] ] ] } },
{ "type": "Feature", "properties": { "STATEFP": "08", "COUNTYFP": "031", "TRACTCE": "000301", "GEOIDFQ": "1400000US08031000301", "GEOID": "08031000301", "NAME": "3.01", "NAMELSAD": "Census Tract 3.01", "STUSPS": "CO", "NAMELSADCO": "Denver County", "STATE_NAME": "Colorado", "LSAD": "CT", "ALAND": 1926792, "AWATER": 0, "centroid_lon": -105.03922492508245, "centroid_lat": 39.773031673805647, "B03002_001E": 5547, "B03002_001M": 509, "B03002_012E": 765, "B03002_012M": 259, "B19013_001E": 132875, "B19013_001M": 23495, "B01003_001E": 5547, "state": "08", "county": "031", "tract": "000301", "latino_share": 0.13791238507301243, "camera_count": 1, "arterial_road_m": 5687.542400561756, "land_area_km2": 1.926792, "pop_density_per_km2": 2878.8784674214962, "arterial_km_per_km2": 2.9518196051061847, "log_income": 11.797164115644248, "city": "Denver", "crime_count_raw": 1800, "crime_rate_annual_per_km2_1000": 0.16579923593175439 }, "geometry": { "type": "Polygon", "coordinates": [ [ [ -105.053245, 39.776583 ], [ -105.046286, 39.77657 ], [ -105.043972, 39.776573 ], [ -105.042727, 39.776701 ], [ -105.040433, 39.776688 ], [ -105.034615, 39.776751 ], [ -105.029941, 39.776684 ], [ -105.025275, 39.776643 ], [ -105.025278, 39.772927 ], [ -105.025238, 39.769288 ], [ -105.029969, 39.769402 ], [ -105.034643, 39.769547 ], [ -105.039337, 39.769432 ], [ -105.040499, 39.769456 ], [ -105.044012, 39.769362 ], [ -105.046285, 39.76938 ], [ -105.05324, 39.769333 ], [ -105.053241, 39.772938 ], [ -105.053245, 39.776583 ] ] ] } },
{ "type": "Feature", "properties": { "STATEFP": "08", "COUNTYFP": "031", "TRACTCE": "000800", "GEOIDFQ": "1400000US08031000800", "GEOID": "08031000800", "NAME": "8", "NAMELSAD": "Census Tract 8", "STUSPS": "CO", "NAMELSADCO": "Denver County", "STATE_NAME": "Colorado", "LSAD": "CT", "ALAND": 1655100, "AWATER": 0, "centroid_lon": -105.02109729892118, "centroid_lat": 39.735873428437927, "B03002_001E": 1038, "B03002_001M": 352, "B03002_012E": 530, "B03002_012M": 252, "B19013_001E": 26462, "B19013_001M": 2955, "B01003_001E": 1038, "state": "08", "county": "031", "tract": "000800", "latino_share": 0.51059730250481694, "camera_count": 3, "arterial_road_m": 14208.25375542379, "land_area_km2": 1.6551, "pop_density_per_km2": 627.15243791915896, "arterial_km_per_km2": 8.5845288837072022, "log_income": 10.183465020602357, "city": "Denver", "crime_count_raw": 2508, "crime_rate_annual_per_km2_1000": 0.26893550863987326 }, "geometry": { "type": "Polygon", "coordinates": [ [ [ -105.025236, 39.736565 ], [ -105.025075, 39.738011 ], [ -105.025219, 39.74273 ], [ -105.025213, 39.746363 ], [ -105.023616, 39.747588 ], [ -105.020509, 39.747599 ], [ -105.020482, 39.746392 ], [ -105.018982, 39.746384 ], [ -105.016261, 39.743389 ], [ -105.017385, 39.740515 ], [ -105.018044, 39.738479 ], [ -105.016995, 39.734777 ], [ -105.016966, 39.729831 ], [ -105.01565, 39.72735 ], [ -105.015768, 39.725502 ], [ -105.018669, 39.725319 ], [ -105.025135, 39.725542 ], [ -105.025154, 39.729321 ], [ -105.025156, 39.731194 ], [ -105.025162, 39.732988 ], [ -105.025236, 39.736565 ] ] ] } },
{ "type": "Feature", "properties": { "STATEFP": "08", "COUNTYFP": "031", "TRACTCE": "001301", "GEOIDFQ": "1400000US08031001301", "GEOID": "08031001301", "NAME": "13.01", "NAMELSAD": "Census Tract 13.01", "STUSPS": "CO", "NAMELSADCO": "Denver County", "STATE_NAME": "Colorado", "LSAD": "CT", "ALAND": 1830813, "AWATER": 57105, "centroid_lon": -105.01820071429572, "centroid_lat": 39.704112726034744, "B03002_001E": 4646, "B03002_001M": 827, "B03002_012E": 2943, "B03002_012M": 681, "B19013_001E": 79714, "B19013_001M": 13483, "B01003_001E": 4646, "state": "08", "county": "031", "tract": "001301", "latino_share": 0.63344812742143775, "camera_count": 1, "arterial_road_m": 5460.2410933674046, "land_area_km2": 1.830813, "pop_density_per_km2": 2537.6704229214015, "arterial_km_per_km2": 2.9824133285963144, "log_income": 11.286200508072321, "city": "Denver", "crime_count_raw": 1912, "crime_rate_annual_per_km2_1000": 0.18534836295122717 }, "geometry": { "type": "Polygon", "coordinates": [ [ [ -105.025092, 39.711174 ], [ -105.0157, 39.71119 ], [ -105.011009, 39.711189 ], [ -105.010983, 39.703972 ], [ -105.011033, 39.701372 ], [ -105.012139, 39.699143 ], [ -105.012621, 39.698316 ], [ -105.012707, 39.696747 ], [ -105.01569, 39.696762 ], [ -105.025059, 39.696746 ], [ -105.02508, 39.700411 ], [ -105.025083, 39.702078 ], [ -105.025084, 39.703947 ], [ -105.025082, 39.707512 ], [ -105.025078, 39.707654 ], [ -105.025092, 39.711174 ] ] ] } },
{ "type": "Feature", "properties": { "STATEFP": "08", "COUNTYFP": "031", "TRACTCE": "004801", "GEOIDFQ": "1400000US08031004801", "GEOID": "08031004801", "NAME": "48.01", "NAMELSAD": "Census Tract 48.01", "STUSPS": "CO", "NAMELSADCO": "Denver County", "STATE_NAME": "Colorado", "LSAD": "CT", "ALAND": 1401480, "AWATER": 0, "centroid_lon": -105.04802434765119, "centroid_lat": 39.66062045206926, "B03002_001E": 2968, "B03002_001M": 484, "B03002_012E": 1218, "B03002_012M": 332, "B19013_001E": 111250, "B19013_001M": 22873, "B01003_001E": 2968, "state": "08", "county": "031", "tract": "004801", "latino_share": 0.41037735849056606, "camera_count": 3, "arterial_road_m": 3726.3581615444409, "land_area_km2": 1.40148, "pop_density_per_km2": 2117.7612238490738, "arterial_km_per_km2": 2.6588735918774726, "log_income": 11.619535200028487, "city": "Denver", "crime_count_raw": 888, "crime_rate_annual_per_km2_1000": 0.11245296621455819 }, "geometry": { "type": "Polygon", "coordinates": [ [ [ -105.053256, 39.667785 ], [ -105.041751, 39.667718 ], [ -105.041881, 39.666407 ], [ -105.044092, 39.662517 ], [ -105.04397, 39.660138 ], [ -105.043388, 39.659239 ], [ -105.041823, 39.656417 ], [ -105.041369, 39.654273 ], [ -105.04865, 39.653444 ], [ -105.053076, 39.653346 ], [ -105.053189, 39.654286 ], [ -105.053216, 39.656164 ], [ -105.053242, 39.662573 ], [ -105.053256, 39.667785 ] ] ] } },
{ "type": "Feature", "properties": { "STATEFP": "08", "COUNTYFP": "031", "TRACTCE": "001102", "GEOIDFQ": "1400000US08031001102", "GEOID": "08031001102", "NAME": "11.02", "NAMELSAD": "Census Tract 11.02", "STUSPS": "CO", "NAMELSADCO": "Denver County", "STATE_NAME": "Colorado", "LSAD": "CT", "ALAND": 1328939, "AWATER": 0, "centroid_lon": -105.00559056622151, "centroid_lat": 39.763491061408928, "B03002_001E": 4833, "B03002_001M": 638, "B03002_012E": 570, "B03002_012M": 211, "B19013_001E": 121220, "B19013_001M": 23075, "B01003_001E": 4833, "state": "08", "county": "031", "tract": "001102", "latino_share": 0.11793916821849783, "camera_count": 7, "arterial_road_m": 13672.162672212082, "land_area_km2": 1.328939, "pop_density_per_km2": 3636.735771920306, "arterial_km_per_km2": 10.288028774994247, "log_income": 11.705362355505276, "city": "Denver", "crime_count_raw": 2941, "crime_rate_annual_per_km2_1000": 0.39276685567947439 }, "geometry": { "type": "Polygon", "coordinates": [ [ [ -105.012692, 39.755368 ], [ -105.010215, 39.757175 ], [ -105.008965, 39.758085 ], [ -105.011008, 39.759643 ], [ -105.011185, 39.762037 ], [ -105.0112, 39.765639 ], [ -105.011202, 39.769286 ], [ -105.004137, 39.769287 ], [ -104.998203, 39.769296 ], [ -104.998192, 39.767075 ], [ -104.998355, 39.762093 ], [ -105.000024, 39.761391 ], [ -105.002911, 39.760591 ], [ -105.004115, 39.759701 ], [ -105.007719, 39.755264 ], [ -105.008186, 39.754791 ], [ -105.009489, 39.753926 ], [ -105.011707, 39.755009 ], [ -105.012692, 39.755368 ] ] ] } },
{ "type": "Feature", "properties": { "STATEFP": "08", "COUNTYFP": "031", "TRACTCE": "002402", "GEOIDFQ": "1400000US08031002402", "GEOID": "08031002402", "NAME": "24.02", "NAMELSAD": "Census Tract 24.02", "STUSPS": "CO", "NAMELSADCO": "Denver County", "STATE_NAME": "Colorado", "LSAD": "CT", "ALAND": 411253, "AWATER": 0, "centroid_lon": -104.97558754300424, "centroid_lat": 39.750014232822686, "B03002_001E": 1857, "B03002_001M": 251, "B03002_012E": 405, "B03002_012M": 218, "B19013_001E": 84688, "B19013_001M": 60730, "B01003_001E": 1857, "state": "08", "county": "031", "tract": "002402", "latino_share": 0.21809369951534732, "camera_count": 0, "arterial_road_m": 3384.2427405736898, "land_area_km2": 0.411253, "pop_density_per_km2": 4515.4685801684127, "arterial_km_per_km2": 8.2291016492856954, "log_income": 11.346729194097769, "city": "Denver", "crime_count_raw": 1403, "crime_rate_annual_per_km2_1000": 0.60547113858727952 }, "geometry": { "type": "Polygon", "coordinates": [ [ [ -104.97812, 39.750735 ], [ -104.978151, 39.75324 ], [ -104.978118, 39.754571 ], [ -104.973359, 39.754547 ], [ -104.973357, 39.750723 ], [ -104.973339, 39.746975 ], [ -104.97339, 39.744834 ], [ -104.973383, 39.743778 ], [ -104.977544, 39.746963 ], [ -104.978177, 39.7475 ], [ -104.97812, 39.750735 ] ] ] } },
{ "type": "Feature", "properties": { "STATEFP": "08", "COUNTYFP": "031", "TRACTCE": "003202", "GEOIDFQ": "1400000US08031003202", "GEOID": "08031003202", "NAME": "32.02", "NAMELSAD": "Census Tract 32.02", "STUSPS": "CO", "NAMELSADCO": "Denver County", "STATE_NAME": "Colorado", "LSAD": "CT", "ALAND": 507637, "AWATER": 0, "centroid_lon": -104.96230605772664, "centroid_lat": 39.734562693883262, "B03002_001E": 3356, "B03002_001M": 333, "B03002_012E": 162, "B03002_012M": 95, "B19013_001E": 76182, "B19013_001M": 11963, "B01003_001E": 3356, "state": "08", "county": "031", "tract": "003202", "latino_share": 0.048271752085816445, "camera_count": 0, "arterial_road_m": 2904.8796503181266, "land_area_km2": 0.507637, "pop_density_per_km2": 6611.0232311671525, "arterial_km_per_km2": 5.7223560345643181, "log_income": 11.240880493297846, "city": "Denver", "crime_count_raw": 1694, "crime_rate_annual_per_km2_1000": 0.59224989349411783 }, "geometry": { "type": "Polygon", "coordinates": [ [ [ -104.964619, 39.730484 ], [ -104.964491, 39.733456 ], [ -104.964888, 39.735471 ], [ -104.964773, 39.73682 ], [ -104.964766, 39.739999 ], [ -104.959781, 39.739988 ], [ -104.959784, 39.73681 ], [ -104.959795, 39.733453 ], [ -104.959839, 39.731079 ], [ -104.960192, 39.729108 ], [ -104.965881, 39.729093 ], [ -104.964619, 39.730484 ] ] ] } },
{ "type": "Feature", "properties": { "STATEFP": "08", "COUNTYFP": "031", "TRACTCE": "004201", "GEOIDFQ": "1400000US08031004201", "GEOID": "08031004201", "NAME": "42.01", "NAMELSAD": "Census Tract 42.01", "STUSPS": "CO", "NAMELSADCO": "Denver County", "STATE_NAME": "Colorado", "LSAD": "CT", "ALAND": 1904500, "AWATER": 0, "centroid_lon": -104.93144537680767, "centroid_lat": 39.745592976457395, "B03002_001E": 4723, "B03002_001M": 385, "B03002_012E": 412, "B03002_012M": 272, "B19013_001E": 168281, "B19013_001M": 16287, "B01003_001E": 4723, "state": "08", "county": "031", "tract": "004201", "latino_share": 0.087232691086174041, "camera_count": 0, "arterial_road_m": 6955.6111455525224, "land_area_km2": 1.9045, "pop_density_per_km2": 2479.9159884484116, "arterial_km_per_km2": 3.6521980286440128, "log_income": 12.033390480163625, "city": "Denver", "crime_count_raw": 1275, "crime_rate_annual_per_km2_1000": 0.11881576318784649 }, "geometry": { "type": "Polygon", "coordinates": [ [ [ -104.940593, 39.74739 ], [ -104.94058, 39.751036 ], [ -104.931701, 39.751055 ], [ -104.922283, 39.75107 ], [ -104.92228, 39.747415 ], [ -104.922275, 39.743733 ], [ -104.922321, 39.740142 ], [ -104.930379, 39.740134 ], [ -104.932087, 39.740133 ], [ -104.940593, 39.740128 ], [ -104.940653, 39.743752 ], [ -104.940593, 39.74739 ] ] ] } },
{ "type": "Feature", "properties": { "STATEFP": "08", "COUNTYFP": "031", "TRACTCE": "004306", "GEOIDFQ": "1400000US08031004306", "GEOID": "08031004306", "NAME": "43.06", "NAMELSAD": "Census Tract 43.06", "STUSPS": "CO", "NAMELSADCO": "Denver County", "STATE_NAME": "Colorado", "LSAD": "CT", "ALAND": 2557986, "AWATER": 0, "centroid_lon": -104.91301943646697, "centroid_lat": 39.718548847497424, "B03002_001E": 5662, "B03002_001M": 805, "B03002_012E": 960, "B03002_012M": 563, "B19013_001E": 130078, "B19013_001M": 42734, "B01003_001E": 5662, "state": "08", "county": "031", "tract": "004306", "latino_share": 0.16955139526669022, "camera_count": 0, "arterial_road_m": 11855.67275384479, "land_area_km2": 2.557986, "pop_density_per_km2": 2213.4601205792369, "arterial_km_per_km2": 4.6347684286953834, "log_income": 11.775889549509687, "city": "Denver", "crime_count_raw": 1989, "crime_rate_annual_per_km2_1000": 0.13800075870092945 }, "geometry": { "type": "Polygon", "coordinates": [ [ [ -104.922799, 39.725631 ], [ -104.919461, 39.725633 ], [ -104.912794, 39.725638 ], [ -104.903407, 39.725641 ], [ -104.903494, 39.725253 ], [ -104.903534, 39.722384 ], [ -104.903705, 39.717058 ], [ -104.903454, 39.713323 ], [ -104.903494, 39.711281 ], [ -104.906471, 39.711394 ], [ -104.910094, 39.711382 ], [ -104.912782, 39.711382 ], [ -104.917647, 39.711385 ], [ -104.922286, 39.711339 ], [ -104.922263, 39.717838 ], [ -104.922262, 39.717896 ], [ -104.92278, 39.721933 ], [ -104.922799, 39.725631 ] ] ] } },
{ "type": "Feature", "properties": { "STATEFP": "08", "COUNTYFP": "031", "TRACTCE": "002902", "GEOIDFQ": "1400000US08031002902", "GEOID": "08031002902", "NAME": "29.02", "NAMELSAD": "Census Tract 29.02", "STUSPS": "CO", "NAMELSADCO": "Denver County", "STATE_NAME": "Colorado", "LSAD": "CT", "ALAND": 1263474, "AWATER": 0, "centroid_lon": -104.97673707256557, "centroid_lat": 39.701612901271822, "B03002_001E": 4218, "B03002_001M": 503, "B03002_012E": 277, "B03002_012M": 209, "B19013_001E": 160827, "B19013_001M": 19923, "B01003_001E": 4218, "state": "08", "county": "031", "tract": "002902", "latino_share": 0.065670934091986724, "camera_count": 0, "arterial_road_m": 9867.0251471013416, "land_area_km2": 1.263474, "pop_density_per_km2": 3338.4145617559207, "arterial_km_per_km2": 7.809440595612843, "log_income": 11.988084532079382, "city": "Denver", "crime_count_raw": 1112, "crime_rate_annual_per_km2_1000": 0.15620082813828803 }, "geometry": { "type": "Polygon", "coordinates": [ [ [ -104.980448, 39.707496 ], [ -104.980383, 39.711118 ], [ -104.976907, 39.711102 ], [ -104.973393, 39.711108 ], [ -104.973374, 39.70749 ], [ -104.973379, 39.703861 ], [ -104.973414, 39.69297 ], [ -104.973424, 39.689823 ], [ -104.975787, 39.691119 ], [ -104.979255, 39.694143 ], [ -104.980418, 39.695142 ], [ -104.980419, 39.703964 ], [ -104.980448, 39.707496 ] ] ] } },
{ "type": "Feature", "properties": { "STATEFP": "08", "COUNTYFP": "031", "TRACTCE": "003901", "GEOIDFQ": "1400000US08031003901", "GEOID": "08031003901", "NAME": "39.01", "NAMELSAD": "Census Tract 39.01", "STUSPS": "CO", "NAMELSADCO": "Denver County", "STATE_NAME": "Colorado", "LSAD": "CT", "ALAND": 3003056, "AWATER": 0, "centroid_lon": -104.95042656350103, "centroid_lat": 39.704991733330871, "B03002_001E": 5672, "B03002_001M": 802, "B03002_012E": 380, "B03002_012M": 226, "B19013_001E": 156295, "B19013_001M": 34698, "B01003_001E": 5672, "state": "08", "county": "031", "tract": "003901", "latino_share": 0.066995768688293378, "camera_count": 1, "arterial_road_m": 12965.604479968619, "land_area_km2": 3.003056, "pop_density_per_km2": 1888.7426674694045, "arterial_km_per_km2": 4.3174700971172761, "log_income": 11.959500526134608, "city": "Denver", "crime_count_raw": 1422, "crime_rate_annual_per_km2_1000": 0.084039027812181782 }, "geometry": { "type": "Polygon", "coordinates": [ [ [ -104.959328, 39.707489 ], [ -104.959261, 39.711117 ], [ -104.959307, 39.715312 ], [ -104.954033, 39.715443 ], [ -104.951683, 39.714538 ], [ -104.950121, 39.713356 ], [ -104.95002, 39.713164 ], [ -104.948642, 39.711971 ], [ -104.946183, 39.711493 ], [ -104.941349, 39.711611 ], [ -104.940645, 39.711564 ], [ -104.940684, 39.711076 ], [ -104.940738, 39.706344 ], [ -104.940691, 39.703813 ], [ -104.940729, 39.697724 ], [ -104.94, 39.697723 ], [ -104.94, 39.697921 ], [ -104.938538, 39.697928 ], [ -104.93853, 39.696605 ], [ -104.940612, 39.69657 ], [ -104.950018, 39.696578 ], [ -104.959321, 39.696581 ], [ -104.959359, 39.703863 ], [ -104.959328, 39.707489 ] ] ] } },
{ "type": "Feature", "properties": { "STATEFP": "08", "COUNTYFP": "031", "TRACTCE": "004002", "GEOIDFQ": "1400000US08031004002", "GEOID": "08031004002", "NAME": "40.02", "NAMELSAD": "Census Tract 40.02", "STUSPS": "CO", "NAMELSADCO": "Denver County", "STATE_NAME": "Colorado", "LSAD": "CT", "ALAND": 2367835, "AWATER": 51146, "centroid_lon": -104.94957684386769, "centroid_lat": 39.660617836138364, "B03002_001E": 3269, "B03002_001M": 281, "B03002_012E": 325, "B03002_012M": 160, "B19013_001E": 165972, "B19013_001M": 25090, "B01003_001E": 3269, "state": "08", "county": "031", "tract": "004002", "latino_share": 0.099418782502294273, "camera_count": 0, "arterial_road_m": 4348.2111178024907, "land_area_km2": 2.367835, "pop_density_per_km2": 1380.5860627957607, "arterial_km_per_km2": 1.8363657593550609, "log_income": 12.019574378412708, "city": "Denver", "crime_count_raw": 311, "crime_rate_annual_per_km2_1000": 0.023310619071199988 }, "geometry": { "type": "Polygon", "coordinates": [ [ [ -104.959449, 39.660344 ], [ -104.959443, 39.661526 ], [ -104.959434, 39.663924 ], [ -104.959379, 39.667594 ], [ -104.950744, 39.667531 ], [ -104.950194, 39.667253 ], [ -104.948509, 39.66694 ], [ -104.945822, 39.667565 ], [ -104.945362, 39.667564 ], [ -104.94068, 39.66756 ], [ -104.940686, 39.66346 ], [ -104.940683, 39.653013 ], [ -104.954983, 39.652987 ], [ -104.954375, 39.655886 ], [ -104.953541, 39.655957 ], [ -104.953788, 39.656683 ], [ -104.959485, 39.656691 ], [ -104.959449, 39.660344 ] ] ] } },
{ "type": "Feature", "properties": { "STATEFP": "08", "COUNTYFP": "031", "TRACTCE": "006804", "GEOIDFQ": "1400000US08031006804", "GEOID": "08031006804", "NAME": "68.04", "NAMELSAD": "Census Tract 68.04", "STUSPS": "CO", "NAMELSADCO": "Denver County", "STATE_NAME": "Colorado", "LSAD": "CT", "ALAND": 2223326, "AWATER": 0, "centroid_lon": -104.89435764348207, "centroid_lat": 39.63037459567429, "B03002_001E": 3199, "B03002_001M": 354, "B03002_012E": 201, "B03002_012M": 118, "B19013_001E": 97280, "B19013_001M": 16187, "B01003_001E": 3199, "state": "08", "county": "031", "tract": "006804", "latino_share": 0.062832135042200685, "camera_count": 0, "arterial_road_m": 24803.175750500483, "land_area_km2": 2.223326, "pop_density_per_km2": 1438.8353304913448, "arterial_km_per_km2": 11.15588795817639, "log_income": 11.485348697199994, "city": "Denver", "crime_count_raw": 1518, "crime_rate_annual_per_km2_1000": 0.12117512572613054 }, "geometry": { "type": "Polygon", "coordinates": [ [ [ -104.905889, 39.633953 ], [ -104.901898, 39.635411 ], [ -104.901537, 39.634659 ], [ -104.892917, 39.635678 ], [ -104.886811, 39.638541 ], [ -104.8851, 39.639871 ], [ -104.88512, 39.638948 ], [ -104.885231, 39.631345 ], [ -104.885264, 39.624129 ], [ -104.889666, 39.624124 ], [ -104.894527, 39.624108 ], [ -104.901864, 39.624094 ], [ -104.904454, 39.628544 ], [ -104.904533, 39.628677 ], [ -104.907082, 39.634296 ], [ -104.905889, 39.633953 ] ] ] } },
{ "type": "Feature", "properties": { "STATEFP": "08", "COUNTYFP": "031", "TRACTCE": "008389", "GEOIDFQ": "1400000US08031008389", "GEOID": "08031008389", "NAME": "83.89", "NAMELSAD": "Census Tract 83.89", "STUSPS": "CO", "NAMELSADCO": "Denver County", "STATE_NAME": "Colorado", "LSAD": "CT", "ALAND": 5688856, "AWATER": 0, "centroid_lon": -104.75265570019396, "centroid_lat": 39.790467839442734, "B03002_001E": 15718, "B03002_001M": 2247, "B03002_012E": 6509, "B03002_012M": 1851, "B19013_001E": 118986, "B19013_001M": 11443, "B01003_001E": 15718, "state": "08", "county": "031", "tract": "008389", "latino_share": 0.41411121007761803, "camera_count": 1, "arterial_road_m": 22578.880303584348, "land_area_km2": 5.688856, "pop_density_per_km2": 2762.945660779601, "arterial_km_per_km2": 3.9689667489534535, "log_income": 11.686761118113886, "city": "Denver", "crime_count_raw": 1924, "crime_rate_annual_per_km2_1000": 0.060024006589225416 }, "geometry": { "type": "Polygon", "coordinates": [ [ [ -104.772117, 39.79839 ], [ -104.762606, 39.798433 ], [ -104.734399, 39.798442 ], [ -104.734403, 39.796801 ], [ -104.734519, 39.782949 ], [ -104.734532, 39.781862 ], [ -104.740373, 39.781794 ], [ -104.74301, 39.781193 ], [ -104.750275, 39.781291 ], [ -104.755275, 39.782939 ], [ -104.757548, 39.783641 ], [ -104.761141, 39.783792 ], [ -104.772114, 39.783753 ], [ -104.772147, 39.792535 ], [ -104.772117, 39.79839 ] ] ] } },
{ "type": "Feature", "properties": { "STATEFP": "08", "COUNTYFP": "031", "TRACTCE": "004308", "GEOIDFQ": "1400000US08031004308", "GEOID": "08031004308", "NAME": "43.08", "NAMELSAD": "Census Tract 43.08", "STUSPS": "CO", "NAMELSADCO": "Denver County", "STATE_NAME": "Colorado", "LSAD": "CT", "ALAND": 791214, "AWATER": 0, "centroid_lon": -104.93575975405892, "centroid_lat": 39.729738561694781, "B03002_001E": 3830, "B03002_001M": 508, "B03002_012E": 395, "B03002_012M": 146, "B19013_001E": 68734, "B19013_001M": 9281, "B01003_001E": 3830, "state": "08", "county": "031", "tract": "004308", "latino_share": 0.10313315926892951, "camera_count": 0, "arterial_road_m": 5036.8987645345933, "land_area_km2": 0.791214, "pop_density_per_km2": 4840.6625767491478, "arterial_km_per_km2": 6.3660384732001623, "log_income": 11.137999261170897, "city": "Denver", "crime_count_raw": 2372, "crime_rate_annual_per_km2_1000": 0.53206608339941819 }, "geometry": { "type": "Polygon", "coordinates": [ [ [ -104.940608, 39.729226 ], [ -104.940602, 39.732076 ], [ -104.940615, 39.734689 ], [ -104.939434, 39.734687 ], [ -104.934995, 39.73371 ], [ -104.93125, 39.732875 ], [ -104.930412, 39.732865 ], [ -104.930459, 39.732563 ], [ -104.930452, 39.729238 ], [ -104.930521, 39.725615 ], [ -104.940615, 39.725598 ], [ -104.940608, 39.729226 ] ] ] } },
{ "type": "Feature", "properties": { "STATEFP": "08", "COUNTYFP": "031", "TRACTCE": "001602", "GEOIDFQ": "1400000US08031001602", "GEOID": "08031001602", "NAME": "16.02", "NAMELSAD": "Census Tract 16.02", "STUSPS": "CO", "NAMELSADCO": "Denver County", "STATE_NAME": "Colorado", "LSAD": "CT", "ALAND": 970382, "AWATER": 0, "centroid_lon": -104.99298608107675, "centroid_lat": 39.760911091074163, "B03002_001E": 5708, "B03002_001M": 798, "B03002_012E": 938, "B03002_012M": 562, "B19013_001E": 117733, "B19013_001M": 16178, "B01003_001E": 5708, "state": "08", "county": "031", "tract": "001602", "latino_share": 0.16433076384022424, "camera_count": 3, "arterial_road_m": 7140.4425747817586, "land_area_km2": 0.970382, "pop_density_per_km2": 5882.2195795058033, "arterial_km_per_km2": 7.3583831674348437, "log_income": 11.676174627782746, "city": "Denver", "crime_count_raw": 3867, "crime_rate_annual_per_km2_1000": 0.70725543611321529 }, "geometry": { "type": "Polygon", "coordinates": [ [ [ -105.002911, 39.760591 ], [ -105.000024, 39.761391 ], [ -104.998355, 39.762093 ], [ -104.995506, 39.762989 ], [ -104.994798, 39.763486 ], [ -104.991971, 39.765542 ], [ -104.984805, 39.767446 ], [ -104.983642, 39.766552 ], [ -104.987575, 39.763732 ], [ -104.988165, 39.761984 ], [ -104.987741, 39.759395 ], [ -104.990714, 39.7571 ], [ -104.99191, 39.756164 ], [ -104.994272, 39.754334 ], [ -104.995989, 39.755629 ], [ -104.998574, 39.757748 ], [ -104.99983, 39.758671 ], [ -105.000395, 39.758987 ], [ -105.001738, 39.759707 ], [ -105.002911, 39.760591 ] ] ] } },
{ "type": "Feature", "properties": { "STATEFP": "08", "COUNTYFP": "031", "TRACTCE": "001603", "GEOIDFQ": "1400000US08031001603", "GEOID": "08031001603", "NAME": "16.03", "NAMELSAD": "Census Tract 16.03", "STUSPS": "CO", "NAMELSADCO": "Denver County", "STATE_NAME": "Colorado", "LSAD": "CT", "ALAND": 949345, "AWATER": 0, "centroid_lon": -104.98572309607998, "centroid_lat": 39.756798064031081, "B03002_001E": 5571, "B03002_001M": 822, "B03002_012E": 910, "B03002_012M": 647, "B19013_001E": 70334, "B19013_001M": 15595, "B01003_001E": 5571, "state": "08", "county": "031", "tract": "001603", "latino_share": 0.16334589840244121, "camera_count": 1, "arterial_road_m": 11949.263052521575, "land_area_km2": 0.949345, "pop_density_per_km2": 5868.2565347687087, "arterial_km_per_km2": 12.586849936031237, "log_income": 11.161010602418157, "city": "Denver", "crime_count_raw": 9461, "crime_rate_annual_per_km2_1000": 1.7687148790188578 }, "geometry": { "type": "Polygon", "coordinates": [ [ [ -104.994272, 39.754334 ], [ -104.99191, 39.756164 ], [ -104.990714, 39.7571 ], [ -104.987741, 39.759395 ], [ -104.982239, 39.763653 ], [ -104.980515, 39.76228 ], [ -104.97963, 39.761613 ], [ -104.977027, 39.759603 ], [ -104.981854, 39.755866 ], [ -104.985476, 39.753051 ], [ -104.987383, 39.75158 ], [ -104.987397, 39.748911 ], [ -104.989101, 39.750253 ], [ -104.99169, 39.752288 ], [ -104.992597, 39.752944 ], [ -104.994272, 39.754334 ] ] ] } },
{ "type": "Feature", "properties": { "STATEFP": "08", "COUNTYFP": "031", "TRACTCE": "004113", "GEOIDFQ": "1400000US08031004113", "GEOID": "08031004113", "NAME": "41.13", "NAMELSAD": "Census Tract 41.13", "STUSPS": "CO", "NAMELSADCO": "Denver County", "STATE_NAME": "Colorado", "LSAD": "CT", "ALAND": 2718834, "AWATER": 0, "centroid_lon": -104.89517410524779, "centroid_lat": 39.770025291076962, "B03002_001E": 1955, "B03002_001M": 325, "B03002_012E": 288, "B03002_012M": 136, "B19013_001E": 151250, "B19013_001M": 22753, "B01003_001E": 1955, "state": "08", "county": "031", "tract": "004113", "latino_share": 0.14731457800511508, "camera_count": 5, "arterial_road_m": 23328.448441556229, "land_area_km2": 2.718834, "pop_density_per_km2": 719.05824334990655, "arterial_km_per_km2": 8.5803136350200955, "log_income": 11.926689375893089, "city": "Denver", "crime_count_raw": 6125, "crime_rate_annual_per_km2_1000": 0.3998234432218265 }, "geometry": { "type": "Polygon", "coordinates": [ [ [ -104.903568, 39.778301 ], [ -104.896346, 39.778247 ], [ -104.882862, 39.777127 ], [ -104.883084, 39.772888 ], [ -104.889592, 39.769126 ], [ -104.890257, 39.768065 ], [ -104.890192, 39.760267 ], [ -104.890202, 39.759868 ], [ -104.89212, 39.760021 ], [ -104.896396, 39.760043 ], [ -104.898733, 39.760044 ], [ -104.903456, 39.761423 ], [ -104.903439, 39.761982 ], [ -104.903449, 39.765642 ], [ -104.903568, 39.778301 ] ] ] } },
{ "type": "Feature", "properties": { "STATEFP": "08", "COUNTYFP": "031", "TRACTCE": "006902", "GEOIDFQ": "1400000US08031006902", "GEOID": "08031006902", "NAME": "69.02", "NAMELSAD": "Census Tract 69.02", "STUSPS": "CO", "NAMELSADCO": "Denver County", "STATE_NAME": "Colorado", "LSAD": "CT", "ALAND": 1053097, "AWATER": 0, "centroid_lon": -104.92031732238387, "centroid_lat": 39.674593185514148, "B03002_001E": 3070, "B03002_001M": 470, "B03002_012E": 481, "B03002_012M": 204, "B19013_001E": 47205, "B19013_001M": 12100, "B01003_001E": 3070, "state": "08", "county": "031", "tract": "006902", "latino_share": 0.15667752442996744, "camera_count": 0, "arterial_road_m": 9521.8317027680787, "land_area_km2": 1.053097, "pop_density_per_km2": 2915.2110394389124, "arterial_km_per_km2": 9.0417423112667485, "log_income": 10.762255098166618, "city": "Denver", "crime_count_raw": 2176, "crime_rate_annual_per_km2_1000": 0.36672065329696402 }, "geometry": { "type": "Polygon", "coordinates": [ [ [ -104.931616, 39.678462 ], [ -104.922266, 39.67847 ], [ -104.912811, 39.678461 ], [ -104.912738, 39.678369 ], [ -104.912795, 39.674853 ], [ -104.912874, 39.667631 ], [ -104.916378, 39.667585 ], [ -104.917544, 39.66758 ], [ -104.917559, 39.672983 ], [ -104.919234, 39.673889 ], [ -104.920487, 39.674141 ], [ -104.921047, 39.674836 ], [ -104.922253, 39.675616 ], [ -104.925781, 39.676583 ], [ -104.925725, 39.675281 ], [ -104.930242, 39.674832 ], [ -104.926429, 39.669394 ], [ -104.92266, 39.667578 ], [ -104.925662, 39.667486 ], [ -104.93076, 39.674779 ], [ -104.933977, 39.678445 ], [ -104.931616, 39.678462 ] ] ] } },
{ "type": "Feature", "properties": { "STATEFP": "08", "COUNTYFP": "031", "TRACTCE": "003801", "GEOIDFQ": "1400000US08031003801", "GEOID": "08031003801", "NAME": "38.01", "NAMELSAD": "Census Tract 38.01", "STUSPS": "CO", "NAMELSADCO": "Denver County", "STATE_NAME": "Colorado", "LSAD": "CT", "ALAND": 1176699, "AWATER": 0, "centroid_lon": -104.95335315237652, "centroid_lat": 39.719370400171663, "B03002_001E": 3245, "B03002_001M": 628, "B03002_012E": 175, "B03002_012M": 139, "B19013_001E": 91506, "B19013_001M": 25369, "B01003_001E": 3245, "state": "08", "county": "031", "tract": "003801", "latino_share": 0.053929121725731895, "camera_count": 0, "arterial_road_m": 9131.4835453819396, "land_area_km2": 1.176699, "pop_density_per_km2": 2757.7145897124074, "arterial_km_per_km2": 7.7602543601906184, "log_income": 11.424159822884238, "city": "Denver", "crime_count_raw": 3391, "crime_rate_annual_per_km2_1000": 0.5114548009046318 }, "geometry": { "type": "Polygon", "coordinates": [ [ [ -104.96017, 39.725606 ], [ -104.949794, 39.725609 ], [ -104.949797, 39.720971 ], [ -104.949796, 39.717775 ], [ -104.946167, 39.71782 ], [ -104.946169, 39.714655 ], [ -104.946183, 39.711493 ], [ -104.948642, 39.711971 ], [ -104.95002, 39.713164 ], [ -104.950121, 39.713356 ], [ -104.951683, 39.714538 ], [ -104.954033, 39.715443 ], [ -104.959307, 39.715312 ], [ -104.95931, 39.718344 ], [ -104.959439, 39.71942 ], [ -104.959443, 39.72255 ], [ -104.959459, 39.72496 ], [ -104.96017, 39.725606 ] ] ] } },
{ "type": "Feature", "properties": { "STATEFP": "08", "COUNTYFP": "031", "TRACTCE": "003205", "GEOIDFQ": "1400000US08031003205", "GEOID": "08031003205", "NAME": "32.05", "NAMELSAD": "Census Tract 32.05", "STUSPS": "CO", "NAMELSADCO": "Denver County", "STATE_NAME": "Colorado", "LSAD": "CT", "ALAND": 607923, "AWATER": 0, "centroid_lon": -104.96887169142867, "centroid_lat": 39.733003127191587, "B03002_001E": 3261, "B03002_001M": 535, "B03002_012E": 189, "B03002_012M": 129, "B19013_001E": 78929, "B19013_001M": 13790, "B01003_001E": 3261, "state": "08", "county": "031", "tract": "003205", "latino_share": 0.057957681692732292, "camera_count": 0, "arterial_road_m": 1767.0078036526329, "land_area_km2": 0.607923, "pop_density_per_km2": 5364.1661855202055, "arterial_km_per_km2": 2.9066309444660474, "log_income": 11.276303993168243, "city": "Denver", "crime_count_raw": 1286, "crime_rate_annual_per_km2_1000": 0.37543715316984605 }, "geometry": { "type": "Polygon", "coordinates": [ [ [ -104.973008, 39.736875 ], [ -104.969527, 39.736872 ], [ -104.964773, 39.73682 ], [ -104.964888, 39.735471 ], [ -104.964491, 39.733456 ], [ -104.964619, 39.730484 ], [ -104.965881, 39.729093 ], [ -104.969461, 39.729085 ], [ -104.972935, 39.729078 ], [ -104.972979, 39.732049 ], [ -104.972978, 39.733708 ], [ -104.972999, 39.735157 ], [ -104.973008, 39.736875 ] ] ] } },
{ "type": "Feature", "properties": { "STATEFP": "08", "COUNTYFP": "031", "TRACTCE": "000706", "GEOIDFQ": "1400000US08031000706", "GEOID": "08031000706", "NAME": "7.06", "NAMELSAD": "Census Tract 7.06", "STUSPS": "CO", "NAMELSADCO": "Denver County", "STATE_NAME": "Colorado", "LSAD": "CT", "ALAND": 675099, "AWATER": 0, "centroid_lon": -105.02861484056491, "centroid_lat": 39.740856241887258, "B03002_001E": 3774, "B03002_001M": 507, "B03002_012E": 641, "B03002_012M": 227, "B19013_001E": 76250, "B19013_001M": 26137, "B01003_001E": 3774, "state": "08", "county": "031", "tract": "000706", "latino_share": 0.16984631690514043, "camera_count": 0, "arterial_road_m": 5672.7608904262943, "land_area_km2": 0.675099, "pop_density_per_km2": 5590.2912017348563, "arterial_km_per_km2": 8.4028577888965827, "log_income": 11.241772694469658, "city": "Denver", "crime_count_raw": 2483, "crime_rate_annual_per_km2_1000": 0.65276086469848804 }, "geometry": { "type": "Polygon", "coordinates": [ [ [ -105.032276, 39.740335 ], [ -105.031502, 39.741517 ], [ -105.031505, 39.742745 ], [ -105.031511, 39.746374 ], [ -105.025213, 39.746363 ], [ -105.025219, 39.74273 ], [ -105.025075, 39.738011 ], [ -105.025236, 39.736565 ], [ -105.026007, 39.736187 ], [ -105.032161, 39.734973 ], [ -105.032266, 39.738473 ], [ -105.032276, 39.740335 ] ] ] } },
{ "type": "Feature", "properties": { "STATEFP": "08", "COUNTYFP": "031", "TRACTCE": "002603", "GEOIDFQ": "1400000US08031002603", "GEOID": "08031002603", "NAME": "26.03", "NAMELSAD": "Census Tract 26.03", "STUSPS": "CO", "NAMELSADCO": "Denver County", "STATE_NAME": "Colorado", "LSAD": "CT", "ALAND": 289792, "AWATER": 0, "centroid_lon": -104.9838703721789, "centroid_lat": 39.745323174776189, "B03002_001E": 2716, "B03002_001M": 368, "B03002_012E": 638, "B03002_012M": 324, "B19013_001E": 100012, "B19013_001M": 10432, "B01003_001E": 2716, "state": "08", "county": "031", "tract": "002603", "latino_share": 0.23490427098674521, "camera_count": 0, "arterial_road_m": 3283.525257577181, "land_area_km2": 0.289792, "pop_density_per_km2": 9372.2393992932866, "arterial_km_per_km2": 11.330627683225144, "log_income": 11.513045457770804, "city": "Denver", "crime_count_raw": 2115, "crime_rate_annual_per_km2_1000": 1.2952954313587499 }, "geometry": { "type": "Polygon", "coordinates": [ [ [ -104.9874, 39.747357 ], [ -104.985479, 39.747576 ], [ -104.98359, 39.747551 ], [ -104.981074, 39.747545 ], [ -104.98108, 39.746181 ], [ -104.97988, 39.744861 ], [ -104.979892, 39.743263 ], [ -104.983588, 39.743271 ], [ -104.987376, 39.743357 ], [ -104.9874, 39.747357 ] ] ] } },
{ "type": "Feature", "properties": { "STATEFP": "08", "COUNTYFP": "031", "TRACTCE": "002602", "GEOIDFQ": "1400000US08031002602", "GEOID": "08031002602", "NAME": "26.02", "NAMELSAD": "Census Tract 26.02", "STUSPS": "CO", "NAMELSADCO": "Denver County", "STATE_NAME": "Colorado", "LSAD": "CT", "ALAND": 393281, "AWATER": 0, "centroid_lon": -104.97721113456156, "centroid_lat": 39.743379142826143, "B03002_001E": 2865, "B03002_001M": 491, "B03002_012E": 323, "B03002_012M": 147, "B19013_001E": 94517, "B19013_001M": 15251, "B01003_001E": 2865, "state": "08", "county": "031", "tract": "002602", "latino_share": 0.11273996509598604, "camera_count": 0, "arterial_road_m": 5585.8979909068139, "land_area_km2": 0.393281, "pop_density_per_km2": 7284.8675628876044, "arterial_km_per_km2": 14.203325334574551, "log_income": 11.456534991482711, "city": "Denver", "crime_count_raw": 2744, "crime_rate_annual_per_km2_1000": 1.2383003501313312 }, "geometry": { "type": "Polygon", "coordinates": [ [ [ -104.981074, 39.747545 ], [ -104.978177, 39.7475 ], [ -104.977544, 39.746963 ], [ -104.973383, 39.743778 ], [ -104.973387, 39.743248 ], [ -104.973392, 39.741653 ], [ -104.973412, 39.740029 ], [ -104.97764, 39.740006 ], [ -104.97991, 39.740021 ], [ -104.979892, 39.743263 ], [ -104.97988, 39.744861 ], [ -104.98108, 39.746181 ], [ -104.981074, 39.747545 ] ] ] } },
{ "type": "Feature", "properties": { "STATEFP": "08", "COUNTYFP": "031", "TRACTCE": "003102", "GEOIDFQ": "1400000US08031003102", "GEOID": "08031003102", "NAME": "31.02", "NAMELSAD": "Census Tract 31.02", "STUSPS": "CO", "NAMELSADCO": "Denver County", "STATE_NAME": "Colorado", "LSAD": "CT", "ALAND": 868796, "AWATER": 0, "centroid_lon": -104.96659455149801, "centroid_lat": 39.743385452649314, "B03002_001E": 4258, "B03002_001M": 429, "B03002_012E": 701, "B03002_012M": 249, "B19013_001E": 68235, "B19013_001M": 35908, "B01003_001E": 4258, "state": "08", "county": "031", "tract": "003102", "latino_share": 0.16463128229215593, "camera_count": 1, "arterial_road_m": 7091.2594474559619, "land_area_km2": 0.868796, "pop_density_per_km2": 4901.0354559643456, "arterial_km_per_km2": 8.1621686189346665, "log_income": 11.130712908672214, "city": "Denver", "crime_count_raw": 4147, "crime_rate_annual_per_km2_1000": 0.84715148568528686 }, "geometry": { "type": "Polygon", "coordinates": [ [ [ -104.973392, 39.741653 ], [ -104.973387, 39.743248 ], [ -104.973383, 39.743778 ], [ -104.97339, 39.744834 ], [ -104.973339, 39.746975 ], [ -104.968432, 39.747101 ], [ -104.968434, 39.746081 ], [ -104.964754, 39.746068 ], [ -104.964757, 39.746943 ], [ -104.959784, 39.746935 ], [ -104.95979, 39.744766 ], [ -104.959783, 39.743259 ], [ -104.959777, 39.741617 ], [ -104.959781, 39.739988 ], [ -104.964766, 39.739999 ], [ -104.969688, 39.740025 ], [ -104.972991, 39.740038 ], [ -104.973412, 39.740029 ], [ -104.973392, 39.741653 ] ] ] } },
{ "type": "Feature", "properties": { "STATEFP": "08", "COUNTYFP": "031", "TRACTCE": "003702", "GEOIDFQ": "1400000US08031003702", "GEOID": "08031003702", "NAME": "37.02", "NAMELSAD": "Census Tract 37.02", "STUSPS": "CO", "NAMELSADCO": "Denver County", "STATE_NAME": "Colorado", "LSAD": "CT", "ALAND": 706200, "AWATER": 0, "centroid_lon": -104.954381763104, "centroid_lat": 39.736505511017612, "B03002_001E": 4854, "B03002_001M": 577, "B03002_012E": 347, "B03002_012M": 188, "B19013_001E": 76028, "B19013_001M": 11886, "B01003_001E": 4854, "state": "08", "county": "031", "tract": "003702", "latino_share": 0.071487433044911411, "camera_count": 0, "arterial_road_m": 4285.1874602723929, "land_area_km2": 0.7062, "pop_density_per_km2": 6873.4069668649099, "arterial_km_per_km2": 6.0679516571401768, "log_income": 11.238856972470728, "city": "Denver", "crime_count_raw": 1716, "crime_rate_annual_per_km2_1000": 0.43125527914770712 }, "geometry": { "type": "Polygon", "coordinates": [ [ [ -104.959784, 39.73681 ], [ -104.959781, 39.739988 ], [ -104.95811, 39.740196 ], [ -104.954165, 39.740182 ], [ -104.95006, 39.740163 ], [ -104.94947, 39.74016 ], [ -104.949491, 39.736778 ], [ -104.949493, 39.732103 ], [ -104.954051, 39.732099 ], [ -104.954053, 39.733682 ], [ -104.959795, 39.733453 ], [ -104.959784, 39.73681 ] ] ] } },
{ "type": "Feature", "properties": { "STATEFP": "08", "COUNTYFP": "031", "TRACTCE": "003300", "GEOIDFQ": "1400000US08031003300", "GEOID": "08031003300", "NAME": "33", "NAMELSAD": "Census Tract 33", "STUSPS": "CO", "NAMELSADCO": "Denver County", "STATE_NAME": "Colorado", "LSAD": "CT", "ALAND": 1288718, "AWATER": 0, "centroid_lon": -104.95075350786904, "centroid_lat": 39.729089441638926, "B03002_001E": 3346, "B03002_001M": 381, "B03002_012E": 229, "B03002_012M": 125, "B19013_001E": 146632, "B19013_001M": 37701, "B01003_001E": 3346, "state": "08", "county": "031", "tract": "003300", "latino_share": 0.06843992827256426, "camera_count": 0, "arterial_road_m": 8470.2809788575287, "land_area_km2": 1.288718, "pop_density_per_km2": 2596.3787267656694, "arterial_km_per_km2": 6.572641166537232, "log_income": 11.895681325651683, "city": "Denver", "crime_count_raw": 921, "crime_rate_annual_per_km2_1000": 0.12683718355453635 }, "geometry": { "type": "Polygon", "coordinates": [ [ [ -104.960192, 39.729108 ], [ -104.959839, 39.731079 ], [ -104.959795, 39.733453 ], [ -104.954053, 39.733682 ], [ -104.954051, 39.732099 ], [ -104.949493, 39.732103 ], [ -104.940602, 39.732076 ], [ -104.940608, 39.729226 ], [ -104.940615, 39.725598 ], [ -104.949507, 39.725607 ], [ -104.949794, 39.725609 ], [ -104.96017, 39.725606 ], [ -104.960192, 39.729108 ] ] ] } },
{ "type": "Feature", "properties": { "STATEFP": "08", "COUNTYFP": "031", "TRACTCE": "004104", "GEOIDFQ": "1400000US08031004104", "GEOID": "08031004104", "NAME": "41.04", "NAMELSAD": "Census Tract 41.04", "STUSPS": "CO", "NAMELSADCO": "Denver County", "STATE_NAME": "Colorado", "LSAD": "CT", "ALAND": 1963411, "AWATER": 0, "centroid_lon": -104.91285215588806, "centroid_lat": 39.75651696023747, "B03002_001E": 4727, "B03002_001M": 591, "B03002_012E": 594, "B03002_012M": 218, "B19013_001E": 135510, "B19013_001M": 27456, "B01003_001E": 4727, "state": "08", "county": "031", "tract": "004104", "latino_share": 0.12566109583245189, "camera_count": 1, "arterial_road_m": 13322.472101045758, "land_area_km2": 1.963411, "pop_density_per_km2": 2407.5448288717948, "arterial_km_per_km2": 6.7853710206603495, "log_income": 11.81680071731676, "city": "Denver", "crime_count_raw": 828, "crime_rate_annual_per_km2_1000": 0.074845203089792089 }, "geometry": { "type": "Polygon", "coordinates": [ [ [ -104.92229, 39.758373 ], [ -104.922291, 39.762006 ], [ -104.912851, 39.761994 ], [ -104.903439, 39.761982 ], [ -104.903456, 39.761423 ], [ -104.903459, 39.758409 ], [ -104.903403, 39.754729 ], [ -104.903427, 39.751015 ], [ -104.911682, 39.751007 ], [ -104.912849, 39.75108 ], [ -104.922283, 39.75107 ], [ -104.922293, 39.754699 ], [ -104.92229, 39.758373 ] ] ] } },
{ "type": "Feature", "properties": { "STATEFP": "08", "COUNTYFP": "031", "TRACTCE": "004403", "GEOIDFQ": "1400000US08031004403", "GEOID": "08031004403", "NAME": "44.03", "NAMELSAD": "Census Tract 44.03", "STUSPS": "CO", "NAMELSADCO": "Denver County", "STATE_NAME": "Colorado", "LSAD": "CT", "ALAND": 1465389, "AWATER": 0, "centroid_lon": -104.89481473171467, "centroid_lat": 39.744391977651823, "B03002_001E": 3901, "B03002_001M": 540, "B03002_012E": 1207, "B03002_012M": 277, "B19013_001E": 85336, "B19013_001M": 11189, "B01003_001E": 3901, "state": "08", "county": "031", "tract": "004403", "latino_share": 0.30940784414252753, "camera_count": 2, "arterial_road_m": 7345.4181127350694, "land_area_km2": 1.465389, "pop_density_per_km2": 2662.0917722188442, "arterial_km_per_km2": 5.0126062859316329, "log_income": 11.354351684305319, "city": "Denver", "crime_count_raw": 4295, "crime_rate_annual_per_km2_1000": 0.52018173058882722 }, "geometry": { "type": "Polygon", "coordinates": [ [ [ -104.903455, 39.743784 ], [ -104.903447, 39.747441 ], [ -104.903427, 39.751015 ], [ -104.898735, 39.751015 ], [ -104.898767, 39.747441 ], [ -104.894015, 39.747457 ], [ -104.884664, 39.747467 ], [ -104.884652, 39.743807 ], [ -104.884646, 39.740156 ], [ -104.89403, 39.740153 ], [ -104.903455, 39.740145 ], [ -104.903455, 39.743784 ] ] ] } },
{ "type": "Feature", "properties": { "STATEFP": "08", "COUNTYFP": "031", "TRACTCE": "012010", "GEOIDFQ": "1400000US08031012010", "GEOID": "08031012010", "NAME": "120.10", "NAMELSAD": "Census Tract 120.10", "STUSPS": "CO", "NAMELSADCO": "Denver County", "STATE_NAME": "Colorado", "LSAD": "CT", "ALAND": 3057388, "AWATER": 2647171, "centroid_lon": -105.07079323848579, "centroid_lat": 39.625919790312032, "B03002_001E": 5401, "B03002_001M": 697, "B03002_012E": 654, "B03002_012M": 322, "B19013_001E": 96750, "B19013_001M": 11615, "B01003_001E": 5401, "state": "08", "county": "031", "tract": "012010", "latino_share": 0.12108868728013331, "camera_count": 5, "arterial_road_m": 9247.4165499181527, "land_area_km2": 3.057388, "pop_density_per_km2": 1766.5405895489876, "arterial_km_per_km2": 3.0246133463983482, "log_income": 11.479885610892028, "city": "Denver", "crime_count_raw": 909, "crime_rate_annual_per_km2_1000": 0.052766486918476019 }, "geometry": { "type": "Polygon", "coordinates": [ [ [ -105.097029, 39.618362 ], [ -105.093172, 39.618324 ], [ -105.091362, 39.618336 ], [ -105.087252, 39.618317 ], [ -105.085607, 39.618482 ], [ -105.084297, 39.618584 ], [ -105.074796, 39.618511 ], [ -105.065141, 39.618582 ], [ -105.065088, 39.619785 ], [ -105.066126, 39.620755 ], [ -105.076116, 39.624225 ], [ -105.074517, 39.624227 ], [ -105.076273, 39.625095 ], [ -105.080232, 39.629461 ], [ -105.080952, 39.631327 ], [ -105.08167, 39.631326 ], [ -105.08178, 39.631325 ], [ -105.083712, 39.631327 ], [ -105.083735, 39.630155 ], [ -105.081811, 39.63015 ], [ -105.08173, 39.627313 ], [ -105.083813, 39.627318 ], [ -105.083789, 39.628527 ], [ -105.08558, 39.628527 ], [ -105.085626, 39.626107 ], [ -105.087391, 39.626046 ], [ -105.087384, 39.62709 ], [ -105.088626, 39.627087 ], [ -105.091164, 39.627081 ], [ -105.090953, 39.629228 ], [ -105.087234, 39.629988 ], [ -105.083624, 39.633557 ], [ -105.082347, 39.635575 ], [ -105.08191, 39.636922 ], [ -105.081676, 39.638759 ], [ -105.081565, 39.636166 ], [ -105.080299, 39.636209 ], [ -105.079722, 39.636705 ], [ -105.073307, 39.636563 ], [ -105.073271, 39.63874 ], [ -105.059431, 39.638812 ], [ -105.059138, 39.638243 ], [ -105.059541, 39.635375 ], [ -105.057009, 39.631679 ], [ -105.053457, 39.629526 ], [ -105.05344, 39.627901 ], [ -105.05344, 39.627714 ], [ -105.05578, 39.625998 ], [ -105.055809, 39.624244 ], [ -105.053483, 39.624253 ], [ -105.053516, 39.620864 ], [ -105.05724, 39.620914 ], [ -105.056809, 39.619639 ], [ -105.05808, 39.617503 ], [ -105.058232, 39.614409 ], [ -105.084295, 39.614343 ], [ -105.091401, 39.614332 ], [ -105.097006, 39.614514 ], [ -105.097029, 39.618362 ] ], [ [ -105.081605, 39.635002 ], [ -105.08087, 39.635001 ], [ -105.08087, 39.635683 ], [ -105.081573, 39.635688 ], [ -105.081605, 39.635002 ] ] ] } },
{ "type": "Feature", "properties": { "STATEFP": "08", "COUNTYFP": "031", "TRACTCE": "012001", "GEOIDFQ": "1400000US08031012001", "GEOID": "08031012001", "NAME": "120.01", "NAMELSAD": "Census Tract 120.01", "STUSPS": "CO", "NAMELSADCO": "Denver County", "STATE_NAME": "Colorado", "LSAD": "CT", "ALAND": 1963357, "AWATER": 10200, "centroid_lon": -105.06250988315453, "centroid_lat": 39.643808557628766, "B03002_001E": 2355, "B03002_001M": 304, "B03002_012E": 360, "B03002_012M": 158, "B19013_001E": 94352, "B19013_001M": 9599, "B01003_001E": 2355, "state": "08", "county": "031", "tract": "012001", "latino_share": 0.15286624203821655, "camera_count": 2, "arterial_road_m": 4602.7286432246419, "land_area_km2": 1.963357, "pop_density_per_km2": 1199.4762032579913, "arterial_km_per_km2": 2.3443157017417833, "log_income": 11.454787748240285, "city": "Denver", "crime_count_raw": 394, "crime_rate_annual_per_km2_1000": 0.03561572594268396 }, "geometry": { "type": "Polygon", "coordinates": [ [ [ -105.074454, 39.644104 ], [ -105.072326, 39.64535 ], [ -105.072049, 39.645815 ], [ -105.063223, 39.645992 ], [ -105.063197, 39.649626 ], [ -105.057091, 39.649701 ], [ -105.057073, 39.651248 ], [ -105.053581, 39.65116 ], [ -105.053754, 39.651727 ], [ -105.057165, 39.651986 ], [ -105.05715, 39.652946 ], [ -105.057122, 39.653349 ], [ -105.053076, 39.653346 ], [ -105.053008, 39.651797 ], [ -105.053184, 39.651659 ], [ -105.053074, 39.650914 ], [ -105.053291, 39.645578 ], [ -105.053273, 39.639768 ], [ -105.053342, 39.63877 ], [ -105.059045, 39.63876 ], [ -105.059138, 39.638243 ], [ -105.059431, 39.638812 ], [ -105.073271, 39.63874 ], [ -105.076803, 39.638735 ], [ -105.074454, 39.644104 ] ] ] } },
{ "type": "Feature", "properties": { "STATEFP": "08", "COUNTYFP": "031", "TRACTCE": "001403", "GEOIDFQ": "1400000US08031001403", "GEOID": "08031001403", "NAME": "14.03", "NAMELSAD": "Census Tract 14.03", "STUSPS": "CO", "NAMELSADCO": "Denver County", "STATE_NAME": "Colorado", "LSAD": "CT", "ALAND": 2899255, "AWATER": 42621, "centroid_lon": -104.99315265183968, "centroid_lat": 39.68129896896933, "B03002_001E": 3866, "B03002_001M": 891, "B03002_012E": 966, "B03002_012M": 621, "B19013_001E": 92750, "B19013_001M": 30915, "B01003_001E": 3866, "state": "08", "county": "031", "tract": "001403", "latino_share": 0.24987066735644076, "camera_count": 0, "arterial_road_m": 13635.84480325233, "land_area_km2": 2.899255, "pop_density_per_km2": 1333.4460059567027, "arterial_km_per_km2": 4.7032236913456495, "log_income": 11.437662980469682, "city": "Denver", "crime_count_raw": 2937, "crime_rate_annual_per_km2_1000": 0.17978869740101575 }, "geometry": { "type": "Polygon", "coordinates": [ [ [ -105.001844, 39.66768 ], [ -104.999111, 39.668896 ], [ -104.997865, 39.672284 ], [ -104.997982, 39.67847 ], [ -104.998603, 39.680116 ], [ -105.001194, 39.681714 ], [ -105.001425, 39.682487 ], [ -105.001409, 39.683223 ], [ -104.999755, 39.689116 ], [ -104.999501, 39.68971 ], [ -104.994836, 39.692048 ], [ -104.993915, 39.69293 ], [ -104.992384, 39.69666 ], [ -104.987431, 39.696633 ], [ -104.987513, 39.687573 ], [ -104.987567, 39.678518 ], [ -104.987572, 39.667682 ], [ -104.991132, 39.667674 ], [ -105.000355, 39.667728 ], [ -105.001844, 39.66768 ] ] ] } },
{ "type": "Feature", "properties": { "STATEFP": "08", "COUNTYFP": "031", "TRACTCE": "003002", "GEOIDFQ": "1400000US08031003002", "GEOID": "08031003002", "NAME": "30.02", "NAMELSAD": "Census Tract 30.02", "STUSPS": "CO", "NAMELSADCO": "Denver County", "STATE_NAME": "Colorado", "LSAD": "CT", "ALAND": 1441148, "AWATER": 0, "centroid_lon": -104.9805662442359, "centroid_lat": 39.673148155524565, "B03002_001E": 2703, "B03002_001M": 315, "B03002_012E": 246, "B03002_012M": 128, "B19013_001E": 126250, "B19013_001M": 35073, "B01003_001E": 2703, "state": "08", "county": "031", "tract": "003002", "latino_share": 0.091009988901220862, "camera_count": 0, "arterial_road_m": 7425.3574557438405, "land_area_km2": 1.441148, "pop_density_per_km2": 1875.5880728419286, "arterial_km_per_km2": 5.1523906328453704, "log_income": 11.746019347137606, "city": "Denver", "crime_count_raw": 908, "crime_rate_annual_per_km2_1000": 0.11182067752416458 }, "geometry": { "type": "Polygon", "coordinates": [ [ [ -104.987567, 39.678518 ], [ -104.982885, 39.678564 ], [ -104.978128, 39.678531 ], [ -104.973431, 39.678512 ], [ -104.973477, 39.674884 ], [ -104.973475, 39.669491 ], [ -104.974586, 39.667687 ], [ -104.978292, 39.667698 ], [ -104.982835, 39.667696 ], [ -104.987572, 39.667682 ], [ -104.987567, 39.678518 ] ] ] } },
{ "type": "Feature", "properties": { "STATEFP": "08", "COUNTYFP": "031", "TRACTCE": "003004", "GEOIDFQ": "1400000US08031003004", "GEOID": "08031003004", "NAME": "30.04", "NAMELSAD": "Census Tract 30.04", "STUSPS": "CO", "NAMELSADCO": "Denver County", "STATE_NAME": "Colorado", "LSAD": "CT", "ALAND": 2160776, "AWATER": 0, "centroid_lon": -104.96603551154274, "centroid_lat": 39.670308585552533, "B03002_001E": 6371, "B03002_001M": 850, "B03002_012E": 499, "B03002_012M": 224, "B19013_001E": 130060, "B19013_001M": 59593, "B01003_001E": 6371, "state": "08", "county": "031", "tract": "003004", "latino_share": 0.078323654057447817, "camera_count": 0, "arterial_road_m": 8534.7106559099084, "land_area_km2": 2.160776, "pop_density_per_km2": 2948.4777690977689, "arterial_km_per_km2": 3.9498359181654688, "log_income": 11.775751161423143, "city": "Denver", "crime_count_raw": 1483, "crime_rate_annual_per_km2_1000": 0.12180812489878516 }, "geometry": { "type": "Polygon", "coordinates": [ [ [ -104.974586, 39.667687 ], [ -104.973475, 39.669491 ], [ -104.973477, 39.674884 ], [ -104.973431, 39.678512 ], [ -104.965232, 39.678469 ], [ -104.959511, 39.678475 ], [ -104.959393, 39.678425 ], [ -104.959385, 39.673028 ], [ -104.959379, 39.667594 ], [ -104.959434, 39.663924 ], [ -104.959443, 39.661526 ], [ -104.96307, 39.661559 ], [ -104.963084, 39.660371 ], [ -104.967619, 39.660409 ], [ -104.968785, 39.660417 ], [ -104.968805, 39.665839 ], [ -104.973489, 39.665866 ], [ -104.973486, 39.667684 ], [ -104.974586, 39.667687 ] ] ] } },
{ "type": "Feature", "properties": { "STATEFP": "08", "COUNTYFP": "031", "TRACTCE": "004303", "GEOIDFQ": "1400000US08031004303", "GEOID": "08031004303", "NAME": "43.03", "NAMELSAD": "Census Tract 43.03", "STUSPS": "CO", "NAMELSADCO": "Denver County", "STATE_NAME": "Colorado", "LSAD": "CT", "ALAND": 2495203, "AWATER": 0, "centroid_lon": -104.93159011146551, "centroid_lat": 39.718363661870455, "B03002_001E": 3813, "B03002_001M": 406, "B03002_012E": 212, "B03002_012M": 117, "B19013_001E": 250001, "B19013_001M": -333333333, "B01003_001E": 3813, "state": "08", "county": "031", "tract": "004303", "latino_share": 0.055599265670076059, "camera_count": 2, "arterial_road_m": 9082.785652265291, "land_area_km2": 2.495203, "pop_density_per_km2": 1528.1321800270359, "arterial_km_per_km2": 3.6400988826421297, "log_income": 12.429220196836383, "city": "Denver", "crime_count_raw": 765, "crime_rate_annual_per_km2_1000": 0.054412716157664208 }, "geometry": { "type": "Polygon", "coordinates": [ [ [ -104.940645, 39.711564 ], [ -104.940628, 39.717792 ], [ -104.940632, 39.720942 ], [ -104.940615, 39.725598 ], [ -104.930521, 39.725615 ], [ -104.922799, 39.725631 ], [ -104.92278, 39.721933 ], [ -104.922262, 39.717896 ], [ -104.922263, 39.717838 ], [ -104.922286, 39.711339 ], [ -104.930497, 39.711343 ], [ -104.93165, 39.711214 ], [ -104.931648, 39.711098 ], [ -104.940684, 39.711076 ], [ -104.940645, 39.711564 ] ] ] } },
{ "type": "Feature", "properties": { "STATEFP": "08", "COUNTYFP": "031", "TRACTCE": "015300", "GEOIDFQ": "1400000US08031015300", "GEOID": "08031015300", "NAME": "153", "NAMELSAD": "Census Tract 153", "STUSPS": "CO", "NAMELSADCO": "Denver County", "STATE_NAME": "Colorado", "LSAD": "CT", "ALAND": 1137447, "AWATER": 0, "centroid_lon": -104.92628747830237, "centroid_lat": 39.704017078444174, "B03002_001E": 3870, "B03002_001M": 571, "B03002_012E": 734, "B03002_012M": 348, "B19013_001E": 64216, "B19013_001M": 19183, "B01003_001E": 3870, "state": "08", "county": "031", "tract": "015300", "latino_share": 0.1896640826873385, "camera_count": 0, "arterial_road_m": 4542.00349670786, "land_area_km2": 1.137447, "pop_density_per_km2": 3402.3563295696413, "arterial_km_per_km2": 3.9931561617445555, "log_income": 11.070007679811413, "city": "Denver", "crime_count_raw": 1355, "crime_rate_annual_per_km2_1000": 0.21142336453488964 }, "geometry": { "type": "Polygon", "coordinates": [ [ [ -104.934025, 39.703762 ], [ -104.931712, 39.702057 ], [ -104.931543, 39.70386 ], [ -104.926992, 39.703891 ], [ -104.926963, 39.706699 ], [ -104.92959, 39.706414 ], [ -104.92958, 39.708587 ], [ -104.93157, 39.709096 ], [ -104.931648, 39.711098 ], [ -104.93165, 39.711214 ], [ -104.930497, 39.711343 ], [ -104.922286, 39.711339 ], [ -104.922286, 39.711214 ], [ -104.922232, 39.705858 ], [ -104.921642, 39.703863 ], [ -104.921639, 39.697322 ], [ -104.922088, 39.696252 ], [ -104.922252, 39.6959 ], [ -104.923757, 39.696804 ], [ -104.924154, 39.696739 ], [ -104.928183, 39.696634 ], [ -104.928185, 39.698428 ], [ -104.928778, 39.70022 ], [ -104.931654, 39.700221 ], [ -104.934143, 39.70132 ], [ -104.934025, 39.703762 ] ] ] } },
{ "type": "Feature", "properties": { "STATEFP": "08", "COUNTYFP": "031", "TRACTCE": "005300", "GEOIDFQ": "1400000US08031005300", "GEOID": "08031005300", "NAME": "53", "NAMELSAD": "Census Tract 53", "STUSPS": "CO", "NAMELSADCO": "Denver County", "STATE_NAME": "Colorado", "LSAD": "CT", "ALAND": 1136449, "AWATER": 0, "centroid_lon": -104.93598808669016, "centroid_lat": 39.673796343237377, "B03002_001E": 2032, "B03002_001M": 281, "B03002_012E": 153, "B03002_012M": 75, "B19013_001E": 66295, "B19013_001M": 15327, "B01003_001E": 2032, "state": "08", "county": "031", "tract": "005300", "latino_share": 0.075295275590551186, "camera_count": 0, "arterial_road_m": 6003.1911496674402, "land_area_km2": 1.136449, "pop_density_per_km2": 1788.0256835106545, "arterial_km_per_km2": 5.2824113969632078, "log_income": 11.101869758548819, "city": "Denver", "crime_count_raw": 1900, "crime_rate_annual_per_km2_1000": 0.29672115054040754 }, "geometry": { "type": "Polygon", "coordinates": [ [ [ -104.940748, 39.678414 ], [ -104.94042, 39.682897 ], [ -104.936416, 39.681015 ], [ -104.933977, 39.678445 ], [ -104.93076, 39.674779 ], [ -104.925662, 39.667486 ], [ -104.930436, 39.667471 ], [ -104.929257, 39.66938 ], [ -104.927201, 39.668965 ], [ -104.929651, 39.672382 ], [ -104.931641, 39.673374 ], [ -104.933885, 39.673347 ], [ -104.933878, 39.671192 ], [ -104.931695, 39.670564 ], [ -104.931622, 39.667473 ], [ -104.936789, 39.667548 ], [ -104.94068, 39.668329 ], [ -104.940748, 39.678414 ] ] ] } },
{ "type": "Feature", "properties": { "STATEFP": "08", "COUNTYFP": "031", "TRACTCE": "006701", "GEOIDFQ": "1400000US08031006701", "GEOID": "08031006701", "NAME": "67.01", "NAMELSAD": "Census Tract 67.01", "STUSPS": "CO", "NAMELSADCO": "Denver County", "STATE_NAME": "Colorado", "LSAD": "CT", "ALAND": 1018161, "AWATER": 0, "centroid_lon": -104.9093295080895, "centroid_lat": 39.630173991246792, "B03002_001E": 4369, "B03002_001M": 420, "B03002_012E": 503, "B03002_012M": 199, "B19013_001E": 88938, "B19013_001M": 7997, "B01003_001E": 4369, "state": "08", "county": "031", "tract": "006701", "latino_share": 0.1151293202105745, "camera_count": 0, "arterial_road_m": 12354.47501539595, "land_area_km2": 1.018161, "pop_density_per_km2": 4291.0698799109368, "arterial_km_per_km2": 12.134107489283078, "log_income": 11.395694776741914, "city": "Denver", "crime_count_raw": 1606, "crime_rate_annual_per_km2_1000": 0.27994578792737512 }, "geometry": { "type": "Polygon", "coordinates": [ [ [ -104.913227, 39.638669 ], [ -104.911388, 39.638653 ], [ -104.910095, 39.638688 ], [ -104.907082, 39.634296 ], [ -104.904533, 39.628677 ], [ -104.904454, 39.628544 ], [ -104.901864, 39.624094 ], [ -104.904031, 39.624088 ], [ -104.913407, 39.624083 ], [ -104.913227, 39.638669 ] ], [ [ -104.904032, 39.624116 ], [ -104.902904, 39.624181 ], [ -104.902796, 39.624304 ], [ -104.903787, 39.626828 ], [ -104.904049, 39.625436 ], [ -104.904032, 39.624116 ] ] ] } },
{ "type": "Feature", "properties": { "STATEFP": "08", "COUNTYFP": "031", "TRACTCE": "015400", "GEOIDFQ": "1400000US08031015400", "GEOID": "08031015400", "NAME": "154", "NAMELSAD": "Census Tract 154", "STUSPS": "CO", "NAMELSADCO": "Denver County", "STATE_NAME": "Colorado", "LSAD": "CT", "ALAND": 2648852, "AWATER": 0, "centroid_lon": -105.04387438450607, "centroid_lat": 39.78764313375806, "B03002_001E": 4626, "B03002_001M": 610, "B03002_012E": 1271, "B03002_012M": 494, "B19013_001E": 113886, "B19013_001M": 19383, "B01003_001E": 4626, "state": "08", "county": "031", "tract": "015400", "latino_share": 0.27475140510159968, "camera_count": 1, "arterial_road_m": 13460.800549994934, "land_area_km2": 2.648852, "pop_density_per_km2": 1746.4169383566918, "arterial_km_per_km2": 5.0817488293022537, "log_income": 11.64295322704305, "city": "Denver", "crime_count_raw": 1481, "crime_rate_annual_per_km2_1000": 0.099229823568125292 }, "geometry": { "type": "Polygon", "coordinates": [ [ [ -105.065005, 39.790321 ], [ -105.064405, 39.79108 ], [ -105.053246, 39.791063 ], [ -105.044843, 39.791099 ], [ -105.034618, 39.791142 ], [ -105.034645, 39.792051 ], [ -105.029953, 39.792032 ], [ -105.025262, 39.791106 ], [ -105.025149, 39.794003 ], [ -105.025137, 39.784386 ], [ -105.025321, 39.78438 ], [ -105.032525, 39.783454 ], [ -105.034601, 39.783487 ], [ -105.043941, 39.783642 ], [ -105.047709, 39.785025 ], [ -105.050315, 39.784947 ], [ -105.053184, 39.783687 ], [ -105.053183, 39.783797 ], [ -105.062659, 39.783847 ], [ -105.062653, 39.78834 ], [ -105.064992, 39.788359 ], [ -105.065008, 39.790159 ], [ -105.065005, 39.790321 ] ] ] } },
{ "type": "Feature", "properties": { "STATEFP": "08", "COUNTYFP": "031", "TRACTCE": "001901", "GEOIDFQ": "1400000US08031001901", "GEOID": "08031001901", "NAME": "19.01", "NAMELSAD": "Census Tract 19.01", "STUSPS": "CO", "NAMELSADCO": "Denver County", "STATE_NAME": "Colorado", "LSAD": "CT", "ALAND": 2335153, "AWATER": 0, "centroid_lon": -105.00864219926606, "centroid_lat": 39.733139728702739, "B03002_001E": 3774, "B03002_001M": 664, "B03002_012E": 1686, "B03002_012M": 682, "B19013_001E": 77832, "B19013_001M": 23860, "B01003_001E": 3774, "state": "08", "county": "031", "tract": "001901", "latino_share": 0.44674085850556439, "camera_count": 0, "arterial_road_m": 23154.651046846906, "land_area_km2": 2.335153, "pop_density_per_km2": 1616.1681911206674, "arterial_km_per_km2": 9.9156890562832096, "log_income": 11.262307936655263, "city": "Denver", "crime_count_raw": 4024, "crime_rate_annual_per_km2_1000": 0.30583521150939902 }, "geometry": { "type": "Polygon", "coordinates": [ [ [ -105.017385, 39.740515 ], [ -105.002821, 39.740158 ], [ -105.000146, 39.740206 ], [ -105.000158, 39.733688 ], [ -105.000169, 39.726481 ], [ -105.000273, 39.726016 ], [ -105.002862, 39.725764 ], [ -105.003543, 39.725766 ], [ -105.005976, 39.725603 ], [ -105.015768, 39.725502 ], [ -105.01565, 39.72735 ], [ -105.016966, 39.729831 ], [ -105.016995, 39.734777 ], [ -105.018044, 39.738479 ], [ -105.017385, 39.740515 ] ] ] } },
{ "type": "Feature", "properties": { "STATEFP": "08", "COUNTYFP": "031", "TRACTCE": "000102", "GEOIDFQ": "1400000US08031000102", "GEOID": "08031000102", "NAME": "1.02", "NAMELSAD": "Census Tract 1.02", "STUSPS": "CO", "NAMELSADCO": "Denver County", "STATE_NAME": "Colorado", "LSAD": "CT", "ALAND": 1706895, "AWATER": 243474, "centroid_lon": -105.0395578305821, "centroid_lat": 39.780324897235474, "B03002_001E": 3621, "B03002_001M": 417, "B03002_012E": 942, "B03002_012M": 326, "B19013_001E": 158906, "B19013_001M": 38975, "B01003_001E": 3621, "state": "08", "county": "031", "tract": "000102", "latino_share": 0.26014913007456503, "camera_count": 0, "arterial_road_m": 11297.995634507231, "land_area_km2": 1.706895, "pop_density_per_km2": 2121.3958679356374, "arterial_km_per_km2": 6.619033762772303, "log_income": 11.976068111409162, "city": "Denver", "crime_count_raw": 1219, "crime_rate_annual_per_km2_1000": 0.12674818631553175 }, "geometry": { "type": "Polygon", "coordinates": [ [ [ -105.053208, 39.780205 ], [ -105.053184, 39.783687 ], [ -105.050315, 39.784947 ], [ -105.047709, 39.785025 ], [ -105.043941, 39.783642 ], [ -105.034601, 39.783487 ], [ -105.032525, 39.783454 ], [ -105.025321, 39.78438 ], [ -105.025248, 39.780263 ], [ -105.025275, 39.776643 ], [ -105.029941, 39.776684 ], [ -105.034615, 39.776751 ], [ -105.040433, 39.776688 ], [ -105.042727, 39.776701 ], [ -105.043972, 39.776573 ], [ -105.046286, 39.77657 ], [ -105.053245, 39.776583 ], [ -105.053208, 39.780205 ] ] ] } },
{ "type": "Feature", "properties": { "STATEFP": "08", "COUNTYFP": "031", "TRACTCE": "004700", "GEOIDFQ": "1400000US08031004700", "GEOID": "08031004700", "NAME": "47", "NAMELSAD": "Census Tract 47", "STUSPS": "CO", "NAMELSADCO": "Denver County", "STATE_NAME": "Colorado", "LSAD": "CT", "ALAND": 2389463, "AWATER": 110616, "centroid_lon": -105.04803226964445, "centroid_lat": 39.675599285716281, "B03002_001E": 5768, "B03002_001M": 797, "B03002_012E": 2460, "B03002_012M": 705, "B19013_001E": 89688, "B19013_001M": 32641, "B01003_001E": 5768, "state": "08", "county": "031", "tract": "004700", "latino_share": 0.42649098474341191, "camera_count": 0, "arterial_road_m": 7965.7054598094419, "land_area_km2": 2.389463, "pop_density_per_km2": 2413.9314984161711, "arterial_km_per_km2": 3.3336801866400281, "log_income": 11.40409225983343, "city": "Denver", "crime_count_raw": 1769, "crime_rate_annual_per_km2_1000": 0.13139304489836526 }, "geometry": { "type": "Polygon", "coordinates": [ [ [ -105.06262, 39.67928 ], [ -105.061422, 39.678258 ], [ -105.057794, 39.678697 ], [ -105.057797, 39.682272 ], [ -105.057265, 39.682272 ], [ -105.053221, 39.682291 ], [ -105.044264, 39.682237 ], [ -105.038276, 39.682213 ], [ -105.038316, 39.679188 ], [ -105.038578, 39.677799 ], [ -105.038653, 39.672317 ], [ -105.038686, 39.667701 ], [ -105.041751, 39.667718 ], [ -105.053256, 39.667785 ], [ -105.053261, 39.67328 ], [ -105.053234, 39.674299 ], [ -105.053251, 39.675037 ], [ -105.062622, 39.675008 ], [ -105.06262, 39.67928 ] ] ] } },
{ "type": "Feature", "properties": { "STATEFP": "08", "COUNTYFP": "031", "TRACTCE": "004505", "GEOIDFQ": "1400000US08031004505", "GEOID": "08031004505", "NAME": "45.05", "NAMELSAD": "Census Tract 45.05", "STUSPS": "CO", "NAMELSADCO": "Denver County", "STATE_NAME": "Colorado", "LSAD": "CT", "ALAND": 1000565, "AWATER": 0, "centroid_lon": -105.03239461209787, "centroid_lat": 39.707601141335822, "B03002_001E": 4136, "B03002_001M": 830, "B03002_012E": 3277, "B03002_012M": 811, "B19013_001E": 39931, "B19013_001M": 7660, "B01003_001E": 4136, "state": "08", "county": "031", "tract": "004505", "latino_share": 0.79231141199226307, "camera_count": 1, "arterial_road_m": 4440.0578916253298, "land_area_km2": 1.000565, "pop_density_per_km2": 4133.6644795690436, "arterial_km_per_km2": 4.437550675493676, "log_income": 10.594908243570373, "city": "Denver", "crime_count_raw": 2043, "crime_rate_annual_per_km2_1000": 0.36238308154726406 }, "geometry": { "type": "Polygon", "coordinates": [ [ [ -105.039697, 39.71125 ], [ -105.032455, 39.711209 ], [ -105.025092, 39.711174 ], [ -105.025078, 39.707654 ], [ -105.025082, 39.707512 ], [ -105.025084, 39.703947 ], [ -105.032435, 39.704021 ], [ -105.039107, 39.703969 ], [ -105.039691, 39.704138 ], [ -105.03969, 39.706339 ], [ -105.039697, 39.71125 ] ] ] } },
{ "type": "Feature", "properties": { "STATEFP": "08", "COUNTYFP": "031", "TRACTCE": "001401", "GEOIDFQ": "1400000US08031001401", "GEOID": "08031001401", "NAME": "14.01", "NAMELSAD": "Census Tract 14.01", "STUSPS": "CO", "NAMELSADCO": "Denver County", "STATE_NAME": "Colorado", "LSAD": "CT", "ALAND": 2088740, "AWATER": 0, "centroid_lon": -105.00985273889489, "centroid_lat": 39.693234950961106, "B03002_001E": 5083, "B03002_001M": 609, "B03002_012E": 3064, "B03002_012M": 594, "B19013_001E": 42656, "B19013_001M": 11256, "B01003_001E": 5083, "state": "08", "county": "031", "tract": "001401", "latino_share": 0.60279362581152862, "camera_count": 1, "arterial_road_m": 9704.5474359464952, "land_area_km2": 2.08874, "pop_density_per_km2": 2433.5245171730326, "arterial_km_per_km2": 4.6461251452772938, "log_income": 10.660923222978436, "city": "Denver", "crime_count_raw": 2129, "crime_rate_annual_per_km2_1000": 0.18089898576264443 }, "geometry": { "type": "Polygon", "coordinates": [ [ [ -105.025059, 39.696746 ], [ -105.01569, 39.696762 ], [ -105.012707, 39.696747 ], [ -105.006595, 39.696724 ], [ -104.992384, 39.69666 ], [ -104.993915, 39.69293 ], [ -104.994836, 39.692048 ], [ -104.999501, 39.68971 ], [ -104.999755, 39.689116 ], [ -105.002745, 39.689446 ], [ -105.006367, 39.689464 ], [ -105.01176, 39.689495 ], [ -105.015708, 39.689513 ], [ -105.025057, 39.689485 ], [ -105.025064, 39.693108 ], [ -105.025059, 39.696746 ] ] ] } },
{ "type": "Feature", "properties": { "STATEFP": "08", "COUNTYFP": "031", "TRACTCE": "000401", "GEOIDFQ": "1400000US08031000401", "GEOID": "08031000401", "NAME": "4.01", "NAMELSAD": "Census Tract 4.01", "STUSPS": "CO", "NAMELSADCO": "Denver County", "STATE_NAME": "Colorado", "LSAD": "CT", "ALAND": 978390, "AWATER": 0, "centroid_lon": -105.01825225320688, "centroid_lat": 39.772936114768989, "B03002_001E": 3371, "B03002_001M": 506, "B03002_012E": 1242, "B03002_012M": 269, "B19013_001E": 117401, "B19013_001M": 18804, "B01003_001E": 3371, "state": "08", "county": "031", "tract": "000401", "latino_share": 0.36843666567784039, "camera_count": 2, "arterial_road_m": 4111.3232798963645, "land_area_km2": 0.97839, "pop_density_per_km2": 3445.4563108780753, "arterial_km_per_km2": 4.2021313381129861, "log_income": 11.67335070422742, "city": "Denver", "crime_count_raw": 1005, "crime_rate_annual_per_km2_1000": 0.1823051388314896 }, "geometry": { "type": "Polygon", "coordinates": [ [ [ -105.025275, 39.776643 ], [ -105.017421, 39.776573 ], [ -105.015854, 39.776564 ], [ -105.01118, 39.776554 ], [ -105.011221, 39.772914 ], [ -105.011202, 39.769286 ], [ -105.015868, 39.769282 ], [ -105.017422, 39.769272 ], [ -105.018975, 39.76927 ], [ -105.025238, 39.769288 ], [ -105.025278, 39.772927 ], [ -105.025275, 39.776643 ] ] ] } },
{ "type": "Feature", "properties": { "STATEFP": "08", "COUNTYFP": "031", "TRACTCE": "002000", "GEOIDFQ": "1400000US08031002000", "GEOID": "08031002000", "NAME": "20", "NAMELSAD": "Census Tract 20", "STUSPS": "CO", "NAMELSADCO": "Denver County", "STATE_NAME": "Colorado", "LSAD": "CT", "ALAND": 787300, "AWATER": 0, "centroid_lon": -104.99120732316254, "centroid_lat": 39.735404090706076, "B03002_001E": 3992, "B03002_001M": 450, "B03002_012E": 926, "B03002_012M": 218, "B19013_001E": 106688, "B19013_001M": 24037, "B01003_001E": 3992, "state": "08", "county": "031", "tract": "002000", "latino_share": 0.23196392785571143, "camera_count": 1, "arterial_road_m": 11358.390230637373, "land_area_km2": 0.7873, "pop_density_per_km2": 5070.4940937380925, "arterial_km_per_km2": 14.427016678060932, "log_income": 11.577663966110466, "city": "Denver", "crime_count_raw": 8892, "crime_rate_annual_per_km2_1000": 2.0044907513185821 }, "geometry": { "type": "Polygon", "coordinates": [ [ [ -104.998567, 39.740193 ], [ -104.990423, 39.740116 ], [ -104.988532, 39.740563 ], [ -104.987389, 39.740106 ], [ -104.987393, 39.736849 ], [ -104.9874, 39.735259 ], [ -104.987415, 39.733855 ], [ -104.987403, 39.732043 ], [ -104.987404, 39.729094 ], [ -104.987415, 39.727275 ], [ -104.987423, 39.726943 ], [ -104.989966, 39.728571 ], [ -104.99098, 39.729847 ], [ -104.993847, 39.73373 ], [ -104.996131, 39.736858 ], [ -104.997545, 39.738696 ], [ -104.998567, 39.740193 ] ] ] } },
{ "type": "Feature", "properties": { "STATEFP": "08", "COUNTYFP": "031", "TRACTCE": "002300", "GEOIDFQ": "1400000US08031002300", "GEOID": "08031002300", "NAME": "23", "NAMELSAD": "Census Tract 23", "STUSPS": "CO", "NAMELSADCO": "Denver County", "STATE_NAME": "Colorado", "LSAD": "CT", "ALAND": 1458490, "AWATER": 0, "centroid_lon": -104.96655965013095, "centroid_lat": 39.756363948716384, "B03002_001E": 4352, "B03002_001M": 740, "B03002_012E": 924, "B03002_012M": 569, "B19013_001E": 111635, "B19013_001M": 41621, "B01003_001E": 4352, "state": "08", "county": "031", "tract": "002300", "latino_share": 0.21231617647058823, "camera_count": 0, "arterial_road_m": 9508.6206611597463, "land_area_km2": 1.45849, "pop_density_per_km2": 2983.9080144533045, "arterial_km_per_km2": 6.5194966445842928, "log_income": 11.622989899832538, "city": "Denver", "crime_count_raw": 2216, "crime_rate_annual_per_km2_1000": 0.26965666215709699 }, "geometry": { "type": "Polygon", "coordinates": [ [ [ -104.973359, 39.754547 ], [ -104.973349, 39.75824 ], [ -104.973324, 39.759507 ], [ -104.97334, 39.762046 ], [ -104.963449, 39.761993 ], [ -104.959752, 39.761991 ], [ -104.959763, 39.758228 ], [ -104.959758, 39.754466 ], [ -104.959766, 39.750716 ], [ -104.973357, 39.750723 ], [ -104.973359, 39.754547 ] ] ] } },
{ "type": "Feature", "properties": { "STATEFP": "08", "COUNTYFP": "031", "TRACTCE": "000503", "GEOIDFQ": "1400000US08031000503", "GEOID": "08031000503", "NAME": "5.03", "NAMELSAD": "Census Tract 5.03", "STUSPS": "CO", "NAMELSADCO": "Denver County", "STATE_NAME": "Colorado", "LSAD": "CT", "ALAND": 514451, "AWATER": 0, "centroid_lon": -105.03693216739912, "centroid_lat": 39.752862331284405, "B03002_001E": 2576, "B03002_001M": 471, "B03002_012E": 396, "B03002_012M": 226, "B19013_001E": 149063, "B19013_001M": 80962, "B01003_001E": 2576, "state": "08", "county": "031", "tract": "000503", "latino_share": 0.15372670807453417, "camera_count": 0, "arterial_road_m": 1107.8842473798138, "land_area_km2": 0.514451, "pop_density_per_km2": 5007.2796048603268, "arterial_km_per_km2": 2.1535272501750677, "log_income": 11.912124314356866, "city": "Denver", "crime_count_raw": 749, "crime_rate_annual_per_km2_1000": 0.25839413753492485 }, "geometry": { "type": "Polygon", "coordinates": [ [ [ -105.039319, 39.754863 ], [ -105.039303, 39.758499 ], [ -105.034613, 39.758518 ], [ -105.034631, 39.754862 ], [ -105.03461, 39.749995 ], [ -105.034933, 39.746385 ], [ -105.035771, 39.746378 ], [ -105.036956, 39.747578 ], [ -105.039306, 39.747576 ], [ -105.039319, 39.754863 ] ] ] } },
{ "type": "Feature", "properties": { "STATEFP": "08", "COUNTYFP": "031", "TRACTCE": "003006", "GEOIDFQ": "1400000US08031003006", "GEOID": "08031003006", "NAME": "30.06", "NAMELSAD": "Census Tract 30.06", "STUSPS": "CO", "NAMELSADCO": "Denver County", "STATE_NAME": "Colorado", "LSAD": "CT", "ALAND": 1214967, "AWATER": 0, "centroid_lon": -104.98048050002274, "centroid_lat": 39.683052240432211, "B03002_001E": 3739, "B03002_001M": 573, "B03002_012E": 289, "B03002_012M": 247, "B19013_001E": 176071, "B19013_001M": 59142, "B01003_001E": 3739, "state": "08", "county": "031", "tract": "003006", "latino_share": 0.077293393955603099, "camera_count": 1, "arterial_road_m": 6047.3197142685112, "land_area_km2": 1.214967, "pop_density_per_km2": 3077.4498402014215, "arterial_km_per_km2": 4.9773530591929749, "log_income": 12.078642601763628, "city": "Denver", "crime_count_raw": 1062, "crime_rate_annual_per_km2_1000": 0.15513324923693894 }, "geometry": { "type": "Polygon", "coordinates": [ [ [ -104.987513, 39.687573 ], [ -104.982799, 39.68757 ], [ -104.978108, 39.687582 ], [ -104.973424, 39.68756 ], [ -104.973431, 39.678512 ], [ -104.978128, 39.678531 ], [ -104.982885, 39.678564 ], [ -104.987567, 39.678518 ], [ -104.987513, 39.687573 ] ] ] } },
{ "type": "Feature", "properties": { "STATEFP": "08", "COUNTYFP": "031", "TRACTCE": "000504", "GEOIDFQ": "1400000US08031000504", "GEOID": "08031000504", "NAME": "5.04", "NAMELSAD": "Census Tract 5.04", "STUSPS": "CO", "NAMELSADCO": "Denver County", "STATE_NAME": "Colorado", "LSAD": "CT", "ALAND": 1079452, "AWATER": 0, "centroid_lon": -105.02995112648627, "centroid_lat": 39.752410118883382, "B03002_001E": 3486, "B03002_001M": 503, "B03002_012E": 418, "B03002_012M": 208, "B19013_001E": 137102, "B19013_001M": 42892, "B01003_001E": 3486, "state": "08", "county": "031", "tract": "000504", "latino_share": 0.11990820424555364, "camera_count": 0, "arterial_road_m": 4754.5169418917922, "land_area_km2": 1.079452, "pop_density_per_km2": 3229.4164075845888, "arterial_km_per_km2": 4.4045654108675434, "log_income": 11.828480453336054, "city": "Denver", "crime_count_raw": 1348, "crime_rate_annual_per_km2_1000": 0.22163146187263641 }, "geometry": { "type": "Polygon", "coordinates": [ [ [ -105.03461, 39.749995 ], [ -105.034631, 39.754862 ], [ -105.034613, 39.758518 ], [ -105.02993, 39.758485 ], [ -105.025233, 39.758476 ], [ -105.025222, 39.754837 ], [ -105.025228, 39.751206 ], [ -105.025268, 39.749998 ], [ -105.025213, 39.746363 ], [ -105.031511, 39.746374 ], [ -105.034933, 39.746385 ], [ -105.03461, 39.749995 ] ] ] } },
{ "type": "Feature", "properties": { "STATEFP": "08", "COUNTYFP": "031", "TRACTCE": "006816", "GEOIDFQ": "1400000US08031006816", "GEOID": "08031006816", "NAME": "68.16", "NAMELSAD": "Census Tract 68.16", "STUSPS": "CO", "NAMELSADCO": "Denver County", "STATE_NAME": "Colorado", "LSAD": "CT", "ALAND": 1847835, "AWATER": 17849, "centroid_lon": -104.9024856410325, "centroid_lat": 39.640954145598521, "B03002_001E": 5451, "B03002_001M": 767, "B03002_012E": 1280, "B03002_012M": 584, "B19013_001E": 61118, "B19013_001M": 15199, "B01003_001E": 5451, "state": "08", "county": "031", "tract": "006816", "latino_share": 0.23481929921115391, "camera_count": 0, "arterial_road_m": 13148.299620452382, "land_area_km2": 1.847835, "pop_density_per_km2": 2949.9387120603301, "arterial_km_per_km2": 7.1155160609320545, "log_income": 11.020561700791919, "city": "Denver", "crime_count_raw": 1592, "crime_rate_annual_per_km2_1000": 0.15290607089073061 }, "geometry": { "type": "Polygon", "coordinates": [ [ [ -104.912731, 39.644237 ], [ -104.912656, 39.645726 ], [ -104.903282, 39.645904 ], [ -104.902403, 39.645912 ], [ -104.900369, 39.648063 ], [ -104.898103, 39.649007 ], [ -104.894185, 39.643304 ], [ -104.89445, 39.641835 ], [ -104.894011, 39.638678 ], [ -104.893778, 39.638154 ], [ -104.892917, 39.635678 ], [ -104.901537, 39.634659 ], [ -104.901898, 39.635411 ], [ -104.905889, 39.633953 ], [ -104.907082, 39.634296 ], [ -104.910095, 39.638688 ], [ -104.913339, 39.643895 ], [ -104.912731, 39.644237 ] ] ] } },
{ "type": "Feature", "properties": { "STATEFP": "08", "COUNTYFP": "031", "TRACTCE": "007091", "GEOIDFQ": "1400000US08031007091", "GEOID": "08031007091", "NAME": "70.91", "NAMELSAD": "Census Tract 70.91", "STUSPS": "CO", "NAMELSADCO": "Denver County", "STATE_NAME": "Colorado", "LSAD": "CT", "ALAND": 757393, "AWATER": 0, "centroid_lon": -104.88084990059876, "centroid_lat": 39.704522639261718, "B03002_001E": 3465, "B03002_001M": 397, "B03002_012E": 268, "B03002_012M": 150, "B19013_001E": 43131, "B19013_001M": 5702, "B01003_001E": 3465, "state": "08", "county": "031", "tract": "007091", "latino_share": 0.077344877344877341, "camera_count": 0, "arterial_road_m": 3016.122663684936, "land_area_km2": 0.757393, "pop_density_per_km2": 4574.9036497564675, "arterial_km_per_km2": 3.9822425922670743, "log_income": 10.671997275090702, "city": "Denver", "crime_count_raw": 673, "crime_rate_annual_per_km2_1000": 0.1577025193744328 }, "geometry": { "type": "Polygon", "coordinates": [ [ [ -104.890371, 39.705676 ], [ -104.885763, 39.706469 ], [ -104.885372, 39.707063 ], [ -104.884017, 39.707029 ], [ -104.879022, 39.708157 ], [ -104.875373, 39.709029 ], [ -104.875373, 39.708897 ], [ -104.875335, 39.703438 ], [ -104.87535, 39.70195 ], [ -104.875336, 39.700148 ], [ -104.875628, 39.700143 ], [ -104.879786, 39.700261 ], [ -104.881711, 39.701844 ], [ -104.884532, 39.702587 ], [ -104.886001, 39.702838 ], [ -104.89006, 39.704625 ], [ -104.890371, 39.705676 ] ] ] } },
{ "type": "Feature", "properties": { "STATEFP": "08", "COUNTYFP": "031", "TRACTCE": "004108", "GEOIDFQ": "1400000US08031004108", "GEOID": "08031004108", "NAME": "41.08", "NAMELSAD": "Census Tract 41.08", "STUSPS": "CO", "NAMELSADCO": "Denver County", "STATE_NAME": "Colorado", "LSAD": "CT", "ALAND": 2302497, "AWATER": 0, "centroid_lon": -104.87521128087401, "centroid_lat": 39.755709941154855, "B03002_001E": 8159, "B03002_001M": 840, "B03002_012E": 1140, "B03002_012M": 528, "B19013_001E": 189418, "B19013_001M": 27302, "B01003_001E": 8159, "state": "08", "county": "031", "tract": "004108", "latino_share": 0.13972300527025372, "camera_count": 0, "arterial_road_m": 17707.081590192585, "land_area_km2": 2.302497, "pop_density_per_km2": 3543.5442478318109, "arterial_km_per_km2": 7.6903820461840295, "log_income": 12.151711492177206, "city": "Denver", "crime_count_raw": 1444, "crime_rate_annual_per_km2_1000": 0.11130456441679479 }, "geometry": { "type": "Polygon", "coordinates": [ [ [ -104.890679, 39.758977 ], [ -104.890202, 39.759868 ], [ -104.890192, 39.760267 ], [ -104.875299, 39.759956 ], [ -104.87022, 39.759921 ], [ -104.86851, 39.758978 ], [ -104.865866, 39.758846 ], [ -104.863138, 39.758887 ], [ -104.860285, 39.757607 ], [ -104.85552, 39.757796 ], [ -104.854351, 39.758062 ], [ -104.848208, 39.756419 ], [ -104.846916, 39.755241 ], [ -104.846932, 39.754888 ], [ -104.84694, 39.754687 ], [ -104.85404, 39.75471 ], [ -104.865915, 39.754737 ], [ -104.86594, 39.75474 ], [ -104.875192, 39.754738 ], [ -104.877889, 39.754728 ], [ -104.879901, 39.754652 ], [ -104.880138, 39.747428 ], [ -104.884664, 39.747467 ], [ -104.885229, 39.748535 ], [ -104.890336, 39.752602 ], [ -104.890422, 39.753814 ], [ -104.890715, 39.754645 ], [ -104.890679, 39.758977 ] ] ] } },
{ "type": "Feature", "properties": { "STATEFP": "08", "COUNTYFP": "031", "TRACTCE": "003501", "GEOIDFQ": "1400000US08031003501", "GEOID": "08031003501", "NAME": "35.01", "NAMELSAD": "Census Tract 35.01", "STUSPS": "CO", "NAMELSADCO": "Denver County", "STATE_NAME": "Colorado", "LSAD": "CT", "ALAND": 4665474, "AWATER": 20, "centroid_lon": -104.96165149924853, "centroid_lat": 39.780766556608896, "B03002_001E": 3362, "B03002_001M": 415, "B03002_012E": 2487, "B03002_012M": 434, "B19013_001E": 70556, "B19013_001M": 23573, "B01003_001E": 3362, "state": "08", "county": "031", "tract": "003501", "latino_share": 0.73973825104104696, "camera_count": 4, "arterial_road_m": 28574.188587145632, "land_area_km2": 4.665474, "pop_density_per_km2": 720.61273945584094, "arterial_km_per_km2": 6.1246056857557525, "log_income": 11.164161999731368, "city": "Denver", "crime_count_raw": 3705, "crime_rate_annual_per_km2_1000": 0.14094098196249011 }, "geometry": { "type": "Polygon", "coordinates": [ [ [ -104.977833, 39.776356 ], [ -104.977832, 39.779503 ], [ -104.975613, 39.783188 ], [ -104.975424, 39.785541 ], [ -104.974861, 39.786722 ], [ -104.968861, 39.791041 ], [ -104.96019, 39.791025 ], [ -104.955445, 39.794625 ], [ -104.949712, 39.794621 ], [ -104.953504, 39.790031 ], [ -104.957408, 39.784791 ], [ -104.959269, 39.782474 ], [ -104.959324, 39.780001 ], [ -104.949745, 39.779965 ], [ -104.940506, 39.779951 ], [ -104.940487, 39.772886 ], [ -104.949824, 39.772903 ], [ -104.9594, 39.772893 ], [ -104.968476, 39.77291 ], [ -104.971915, 39.7703 ], [ -104.97281, 39.770942 ], [ -104.978415, 39.775306 ], [ -104.977833, 39.776356 ] ] ] } },
{ "type": "Feature", "properties": { "STATEFP": "08", "COUNTYFP": "031", "TRACTCE": "001705", "GEOIDFQ": "1400000US08031001705", "GEOID": "08031001705", "NAME": "17.05", "NAMELSAD": "Census Tract 17.05", "STUSPS": "CO", "NAMELSADCO": "Denver County", "STATE_NAME": "Colorado", "LSAD": "CT", "ALAND": 377140, "AWATER": 0, "centroid_lon": -105.0011537345619, "centroid_lat": 39.754445992874679, "B03002_001E": 3784, "B03002_001M": 507, "B03002_012E": 250, "B03002_012M": 152, "B19013_001E": 123452, "B19013_001M": 36788, "B01003_001E": 3784, "state": "08", "county": "031", "tract": "001705", "latino_share": 0.066067653276955601, "camera_count": 1, "arterial_road_m": 3478.2296463954663, "land_area_km2": 0.37714, "pop_density_per_km2": 10033.409344010182, "arterial_km_per_km2": 9.2226484764158307, "log_income": 11.723607695533142, "city": "Denver", "crime_count_raw": 4922, "crime_rate_annual_per_km2_1000": 2.3162416505629064 }, "geometry": { "type": "Polygon", "coordinates": [ [ [ -105.005218, 39.752843 ], [ -105.004136, 39.754435 ], [ -105.002831, 39.756258 ], [ -105.00231, 39.756689 ], [ -105.001188, 39.757615 ], [ -105.000395, 39.758987 ], [ -104.99983, 39.758671 ], [ -104.998574, 39.757748 ], [ -104.995989, 39.755629 ], [ -105.000919, 39.751906 ], [ -105.003355, 39.749991 ], [ -105.00604, 39.752084 ], [ -105.005218, 39.752843 ] ] ] } },
{ "type": "Feature", "properties": { "STATEFP": "08", "COUNTYFP": "031", "TRACTCE": "001703", "GEOIDFQ": "1400000US08031001703", "GEOID": "08031001703", "NAME": "17.03", "NAMELSAD": "Census Tract 17.03", "STUSPS": "CO", "NAMELSADCO": "Denver County", "STATE_NAME": "Colorado", "LSAD": "CT", "ALAND": 272487, "AWATER": 0, "centroid_lon": -105.00451816768532, "centroid_lat": 39.756472099032663, "B03002_001E": 2980, "B03002_001M": 477, "B03002_012E": 434, "B03002_012M": 211, "B19013_001E": 113406, "B19013_001M": 5191, "B01003_001E": 2980, "state": "08", "county": "031", "tract": "001703", "latino_share": 0.14563758389261744, "camera_count": 1, "arterial_road_m": 998.79675688300688, "land_area_km2": 0.272487, "pop_density_per_km2": 10936.301548330746, "arterial_km_per_km2": 3.6654840667004551, "log_income": 11.638729578929011, "city": "Denver", "crime_count_raw": 951, "crime_rate_annual_per_km2_1000": 0.61941195557717843 }, "geometry": { "type": "Polygon", "coordinates": [ [ [ -105.008186, 39.754791 ], [ -105.007719, 39.755264 ], [ -105.004115, 39.759701 ], [ -105.002911, 39.760591 ], [ -105.001738, 39.759707 ], [ -105.000395, 39.758987 ], [ -105.001188, 39.757615 ], [ -105.00231, 39.756689 ], [ -105.002831, 39.756258 ], [ -105.004136, 39.754435 ], [ -105.005218, 39.752843 ], [ -105.00604, 39.752084 ], [ -105.007827, 39.753508 ], [ -105.008186, 39.754791 ] ] ] } },
{ "type": "Feature", "properties": { "STATEFP": "08", "COUNTYFP": "031", "TRACTCE": "002102", "GEOIDFQ": "1400000US08031002102", "GEOID": "08031002102", "NAME": "21.02", "NAMELSAD": "Census Tract 21.02", "STUSPS": "CO", "NAMELSADCO": "Denver County", "STATE_NAME": "Colorado", "LSAD": "CT", "ALAND": 2977258, "AWATER": 0, "centroid_lon": -104.99682269398565, "centroid_lat": 39.713100558792867, "B03002_001E": 3410, "B03002_001M": 447, "B03002_012E": 444, "B03002_012M": 271, "B19013_001E": 98073, "B19013_001M": 16891, "B01003_001E": 3410, "state": "08", "county": "031", "tract": "002102", "latino_share": 0.13020527859237538, "camera_count": 4, "arterial_road_m": 33777.376936710309, "land_area_km2": 2.977258, "pop_density_per_km2": 1145.3491769944023, "arterial_km_per_km2": 11.345129289000251, "log_income": 11.493467378313106, "city": "Denver", "crime_count_raw": 4758, "crime_rate_annual_per_km2_1000": 0.28363042843419189 }, "geometry": { "type": "Polygon", "coordinates": [ [ [ -105.015768, 39.725502 ], [ -105.005976, 39.725603 ], [ -105.003543, 39.725766 ], [ -105.002862, 39.725764 ], [ -105.000273, 39.726016 ], [ -105.000169, 39.726481 ], [ -105.000148, 39.725707 ], [ -105.000182, 39.720925 ], [ -105.000186, 39.718401 ], [ -104.998931, 39.718394 ], [ -104.992144, 39.718388 ], [ -104.987497, 39.718358 ], [ -104.987525, 39.714779 ], [ -104.987575, 39.711157 ], [ -104.987623, 39.707535 ], [ -104.987488, 39.70388 ], [ -104.987431, 39.696633 ], [ -104.992384, 39.69666 ], [ -104.992492, 39.699352 ], [ -104.997805, 39.705845 ], [ -105.000143, 39.711202 ], [ -105.002548, 39.715803 ], [ -105.006676, 39.718578 ], [ -105.009953, 39.721694 ], [ -105.012057, 39.722234 ], [ -105.01573, 39.724463 ], [ -105.015768, 39.725502 ] ] ] } },
{ "type": "Feature", "properties": { "STATEFP": "08", "COUNTYFP": "031", "TRACTCE": "001601", "GEOIDFQ": "1400000US08031001601", "GEOID": "08031001601", "NAME": "16.01", "NAMELSAD": "Census Tract 16.01", "STUSPS": "CO", "NAMELSADCO": "Denver County", "STATE_NAME": "Colorado", "LSAD": "CT", "ALAND": 1278840, "AWATER": 0, "centroid_lon": -104.97909993503873, "centroid_lat": 39.766690240097297, "B03002_001E": 3650, "B03002_001M": 546, "B03002_012E": 690, "B03002_012M": 210, "B19013_001E": 111767, "B19013_001M": 7842, "B01003_001E": 3650, "state": "08", "county": "031", "tract": "001601", "latino_share": 0.18904109589041096, "camera_count": 3, "arterial_road_m": 9365.6017487475092, "land_area_km2": 1.27884, "pop_density_per_km2": 2854.1490725970411, "arterial_km_per_km2": 7.3235133001372414, "log_income": 11.62417162618558, "city": "Denver", "crime_count_raw": 4257, "crime_rate_annual_per_km2_1000": 0.59078885310877127 }, "geometry": { "type": "Polygon", "coordinates": [ [ [ -104.988165, 39.761984 ], [ -104.987575, 39.763732 ], [ -104.983642, 39.766552 ], [ -104.984805, 39.767446 ], [ -104.978523, 39.775124 ], [ -104.978415, 39.775306 ], [ -104.97281, 39.770942 ], [ -104.971915, 39.7703 ], [ -104.973347, 39.769187 ], [ -104.973343, 39.768163 ], [ -104.973338, 39.767919 ], [ -104.973352, 39.766493 ], [ -104.973319, 39.765764 ], [ -104.97334, 39.762046 ], [ -104.973925, 39.762034 ], [ -104.977027, 39.759603 ], [ -104.97963, 39.761613 ], [ -104.980515, 39.76228 ], [ -104.982239, 39.763653 ], [ -104.987741, 39.759395 ], [ -104.988165, 39.761984 ] ] ] } },
{ "type": "Feature", "properties": { "STATEFP": "08", "COUNTYFP": "031", "TRACTCE": "001704", "GEOIDFQ": "1400000US08031001704", "GEOID": "08031001704", "NAME": "17.04", "NAMELSAD": "Census Tract 17.04", "STUSPS": "CO", "NAMELSADCO": "Denver County", "STATE_NAME": "Colorado", "LSAD": "CT", "ALAND": 489769, "AWATER": 0, "centroid_lon": -104.99767011921627, "centroid_lat": 39.750918128008195, "B03002_001E": 2839, "B03002_001M": 408, "B03002_012E": 159, "B03002_012M": 131, "B19013_001E": 92648, "B19013_001M": 20088, "B01003_001E": 2839, "state": "08", "county": "031", "tract": "001704", "latino_share": 0.056005635787249028, "camera_count": 2, "arterial_road_m": 6377.0740349055786, "land_area_km2": 0.489769, "pop_density_per_km2": 5796.6102387043684, "arterial_km_per_km2": 13.020575077037497, "log_income": 11.436562644864214, "city": "Denver", "crime_count_raw": 5269, "crime_rate_annual_per_km2_1000": 1.9093333563980932 }, "geometry": { "type": "Polygon", "coordinates": [ [ [ -105.003355, 39.749991 ], [ -105.000919, 39.751906 ], [ -104.995989, 39.755629 ], [ -104.994272, 39.754334 ], [ -104.992597, 39.752944 ], [ -104.99169, 39.752288 ], [ -104.996553, 39.748529 ], [ -105.000421, 39.745519 ], [ -105.001404, 39.748466 ], [ -105.003355, 39.749991 ] ] ] } },
{ "type": "Feature", "properties": { "STATEFP": "08", "COUNTYFP": "031", "TRACTCE": "001706", "GEOIDFQ": "1400000US08031001706", "GEOID": "08031001706", "NAME": "17.06", "NAMELSAD": "Census Tract 17.06", "STUSPS": "CO", "NAMELSADCO": "Denver County", "STATE_NAME": "Colorado", "LSAD": "CT", "ALAND": 477572, "AWATER": 0, "centroid_lon": -104.990905948438, "centroid_lat": 39.747468112848708, "B03002_001E": 2521, "B03002_001M": 421, "B03002_012E": 269, "B03002_012M": 170, "B19013_001E": 107721, "B19013_001M": 14997, "B01003_001E": 2521, "state": "08", "county": "031", "tract": "001706", "latino_share": 0.10670368901229671, "camera_count": 0, "arterial_road_m": 7991.2474978405571, "land_area_km2": 0.477572, "pop_density_per_km2": 5278.7851884113807, "arterial_km_per_km2": 16.733073751896168, "log_income": 11.58729983020959, "city": "Denver", "crime_count_raw": 5515, "crime_rate_annual_per_km2_1000": 2.0495169516240304 }, "geometry": { "type": "Polygon", "coordinates": [ [ [ -104.996553, 39.748529 ], [ -104.99169, 39.752288 ], [ -104.989101, 39.750253 ], [ -104.987397, 39.748911 ], [ -104.9874, 39.747357 ], [ -104.987376, 39.743357 ], [ -104.987397, 39.741471 ], [ -104.993945, 39.746531 ], [ -104.996553, 39.748529 ] ] ] } },
{ "type": "Feature", "properties": { "STATEFP": "08", "COUNTYFP": "031", "TRACTCE": "005004", "GEOIDFQ": "1400000US08031005004", "GEOID": "08031005004", "NAME": "50.04", "NAMELSAD": "Census Tract 50.04", "STUSPS": "CO", "NAMELSADCO": "Denver County", "STATE_NAME": "Colorado", "LSAD": "CT", "ALAND": 1131438, "AWATER": 0, "centroid_lon": -104.9077787321277, "centroid_lat": 39.694172930147552, "B03002_001E": 5060, "B03002_001M": 735, "B03002_012E": 740, "B03002_012M": 296, "B19013_001E": 57607, "B19013_001M": 16391, "B01003_001E": 5060, "state": "08", "county": "031", "tract": "005004", "latino_share": 0.14624505928853754, "camera_count": 2, "arterial_road_m": 7283.4846381460593, "land_area_km2": 1.131438, "pop_density_per_km2": 4472.1849540142721, "arterial_km_per_km2": 6.4373696465436545, "log_income": 10.961399367077858, "city": "Denver", "crime_count_raw": 2020, "crime_rate_annual_per_km2_1000": 0.31685857369452869 }, "geometry": { "type": "Polygon", "coordinates": [ [ [ -104.91289, 39.695308 ], [ -104.912763, 39.702834 ], [ -104.910562, 39.701079 ], [ -104.908217, 39.700215 ], [ -104.903544, 39.698535 ], [ -104.903507, 39.696622 ], [ -104.900115, 39.692985 ], [ -104.903511, 39.69297 ], [ -104.903512, 39.689354 ], [ -104.903538, 39.687376 ], [ -104.903431, 39.685456 ], [ -104.904692, 39.68604 ], [ -104.908423, 39.688208 ], [ -104.911466, 39.69027 ], [ -104.912889, 39.69093 ], [ -104.91289, 39.695308 ] ] ] } },
{ "type": "Feature", "properties": { "STATEFP": "08", "COUNTYFP": "031", "TRACTCE": "003005", "GEOIDFQ": "1400000US08031003005", "GEOID": "08031003005", "NAME": "30.05", "NAMELSAD": "Census Tract 30.05", "STUSPS": "CO", "NAMELSADCO": "Denver County", "STATE_NAME": "Colorado", "LSAD": "CT", "ALAND": 905917, "AWATER": 0, "centroid_lon": -104.98181704717845, "centroid_lat": 39.691394002610949, "B03002_001E": 3339, "B03002_001M": 492, "B03002_012E": 511, "B03002_012M": 272, "B19013_001E": 159375, "B19013_001M": 37948, "B01003_001E": 3339, "state": "08", "county": "031", "tract": "003005", "latino_share": 0.15303983228511531, "camera_count": 0, "arterial_road_m": 9253.5041661193718, "land_area_km2": 0.905917, "pop_density_per_km2": 3685.7681222451947, "arterial_km_per_km2": 10.214516524272502, "log_income": 11.979015194894828, "city": "Denver", "crime_count_raw": 1152, "crime_rate_annual_per_km2_1000": 0.22568823688663184 }, "geometry": { "type": "Polygon", "coordinates": [ [ [ -104.987431, 39.696633 ], [ -104.982769, 39.696658 ], [ -104.982771, 39.697152 ], [ -104.980418, 39.695142 ], [ -104.979255, 39.694143 ], [ -104.975787, 39.691119 ], [ -104.973424, 39.689823 ], [ -104.973424, 39.68756 ], [ -104.978108, 39.687582 ], [ -104.982799, 39.68757 ], [ -104.987513, 39.687573 ], [ -104.987431, 39.696633 ] ] ] } },
{ "type": "Feature", "properties": { "STATEFP": "08", "COUNTYFP": "031", "TRACTCE": "002707", "GEOIDFQ": "1400000US08031002707", "GEOID": "08031002707", "NAME": "27.07", "NAMELSAD": "Census Tract 27.07", "STUSPS": "CO", "NAMELSADCO": "Denver County", "STATE_NAME": "Colorado", "LSAD": "CT", "ALAND": 315263, "AWATER": 0, "centroid_lon": -104.97642468210923, "centroid_lat": 39.729643206710804, "B03002_001E": 3373, "B03002_001M": 491, "B03002_012E": 568, "B03002_012M": 197, "B19013_001E": 102199, "B19013_001M": 18658, "B01003_001E": 3373, "state": "08", "county": "031", "tract": "002707", "latino_share": 0.16839608656981916, "camera_count": 0, "arterial_road_m": 3037.6769415623071, "land_area_km2": 0.315263, "pop_density_per_km2": 10699.003688983483, "arterial_km_per_km2": 9.6353740894500994, "log_income": 11.534677171968058, "city": "Denver", "crime_count_raw": 1304, "crime_rate_annual_per_km2_1000": 0.73409022587638406 }, "geometry": { "type": "Polygon", "coordinates": [ [ [ -104.979932, 39.729062 ], [ -104.979832, 39.732021 ], [ -104.978681, 39.732026 ], [ -104.972979, 39.732049 ], [ -104.972935, 39.729078 ], [ -104.972939, 39.727283 ], [ -104.977558, 39.727261 ], [ -104.979938, 39.727268 ], [ -104.979932, 39.729062 ] ] ] } },
{ "type": "Feature", "properties": { "STATEFP": "08", "COUNTYFP": "031", "TRACTCE": "001800", "GEOIDFQ": "1400000US08031001800", "GEOID": "08031001800", "NAME": "18", "NAMELSAD": "Census Tract 18", "STUSPS": "CO", "NAMELSADCO": "Denver County", "STATE_NAME": "Colorado", "LSAD": "CT", "ALAND": 975124, "AWATER": 0, "centroid_lon": -104.99582440554893, "centroid_lat": 39.730957439797606, "B03002_001E": 3342, "B03002_001M": 420, "B03002_012E": 1000, "B03002_012M": 325, "B19013_001E": 72250, "B19013_001M": 21070, "B01003_001E": 3342, "state": "08", "county": "031", "tract": "001800", "latino_share": 0.29922202274087373, "camera_count": 3, "arterial_road_m": 11169.376695442403, "land_area_km2": 0.975124, "pop_density_per_km2": 3427.2564309769837, "arterial_km_per_km2": 11.454314215876547, "log_income": 11.187887605974678, "city": "Denver", "crime_count_raw": 4500, "crime_rate_annual_per_km2_1000": 0.81902568647530205 }, "geometry": { "type": "Polygon", "coordinates": [ [ [ -105.000158, 39.733688 ], [ -105.000146, 39.740206 ], [ -104.998567, 39.740193 ], [ -104.997545, 39.738696 ], [ -104.996131, 39.736858 ], [ -104.993847, 39.73373 ], [ -104.99098, 39.729847 ], [ -104.989966, 39.728571 ], [ -104.987423, 39.726943 ], [ -104.987435, 39.725637 ], [ -104.992157, 39.725668 ], [ -105.000148, 39.725707 ], [ -105.000169, 39.726481 ], [ -105.000158, 39.733688 ] ] ] } },
{ "type": "Feature", "properties": { "STATEFP": "08", "COUNTYFP": "031", "TRACTCE": "005104", "GEOIDFQ": "1400000US08031005104", "GEOID": "08031005104", "NAME": "51.04", "NAMELSAD": "Census Tract 51.04", "STUSPS": "CO", "NAMELSADCO": "Denver County", "STATE_NAME": "Colorado", "LSAD": "CT", "ALAND": 742038, "AWATER": 0, "centroid_lon": -104.93564727465369, "centroid_lat": 39.684738416303965, "B03002_001E": 3731, "B03002_001M": 481, "B03002_012E": 997, "B03002_012M": 278, "B19013_001E": 65692, "B19013_001M": 6996, "B01003_001E": 3731, "state": "08", "county": "031", "tract": "005104", "latino_share": 0.267220584293755, "camera_count": 0, "arterial_road_m": 7273.5954642678926, "land_area_km2": 0.742038, "pop_density_per_km2": 5028.0443858670315, "arterial_km_per_km2": 9.8021873061324261, "log_income": 11.092732431457451, "city": "Denver", "crime_count_raw": 1891, "crime_rate_annual_per_km2_1000": 0.45228297149674085 }, "geometry": { "type": "Polygon", "coordinates": [ [ [ -104.940549, 39.689321 ], [ -104.931697, 39.689341 ], [ -104.931685, 39.68571 ], [ -104.931676, 39.684273 ], [ -104.931616, 39.678462 ], [ -104.933977, 39.678445 ], [ -104.936416, 39.681015 ], [ -104.94042, 39.682897 ], [ -104.94041, 39.683101 ], [ -104.940595, 39.685684 ], [ -104.940549, 39.689321 ] ] ] } },
{ "type": "Feature", "properties": { "STATEFP": "08", "COUNTYFP": "031", "TRACTCE": "007006", "GEOIDFQ": "1400000US08031007006", "GEOID": "08031007006", "NAME": "70.06", "NAMELSAD": "Census Tract 70.06", "STUSPS": "CO", "NAMELSADCO": "Denver County", "STATE_NAME": "Colorado", "LSAD": "CT", "ALAND": 1838348, "AWATER": 0, "centroid_lon": -104.8635068254498, "centroid_lat": 39.65398862813128, "B03002_001E": 4282, "B03002_001M": 732, "B03002_012E": 1349, "B03002_012M": 820, "B19013_001E": 55962, "B19013_001M": 10858, "B01003_001E": 4282, "state": "08", "county": "031", "tract": "007006", "latino_share": 0.31503970107426438, "camera_count": 0, "arterial_road_m": 3446.3224113436399, "land_area_km2": 1.838348, "pop_density_per_km2": 2329.2651880927874, "arterial_km_per_km2": 1.8746844511178731, "log_income": 10.932428167954919, "city": "Denver", "crime_count_raw": 2113, "crime_rate_annual_per_km2_1000": 0.20399363851463012 }, "geometry": { "type": "Polygon", "coordinates": [ [ [ -104.875658, 39.653049 ], [ -104.869156, 39.653233 ], [ -104.867541, 39.654055 ], [ -104.866702, 39.655109 ], [ -104.86637, 39.659355 ], [ -104.866334, 39.660309 ], [ -104.861022, 39.660281 ], [ -104.858978, 39.66034 ], [ -104.856441, 39.66034 ], [ -104.855437, 39.660804 ], [ -104.853367, 39.65998 ], [ -104.848678, 39.659218 ], [ -104.8486, 39.657096 ], [ -104.847296, 39.657102 ], [ -104.853199, 39.655488 ], [ -104.855931, 39.654141 ], [ -104.857595, 39.653167 ], [ -104.868196, 39.647068 ], [ -104.871188, 39.646229 ], [ -104.875573, 39.64499 ], [ -104.875454, 39.651466 ], [ -104.877, 39.65305 ], [ -104.875658, 39.653049 ] ] ] } },
{ "type": "Feature", "properties": { "STATEFP": "08", "COUNTYFP": "031", "TRACTCE": "004112", "GEOIDFQ": "1400000US08031004112", "GEOID": "08031004112", "NAME": "41.12", "NAMELSAD": "Census Tract 41.12", "STUSPS": "CO", "NAMELSADCO": "Denver County", "STATE_NAME": "Colorado", "LSAD": "CT", "ALAND": 1569577, "AWATER": 0, "centroid_lon": -104.89579817341189, "centroid_lat": 39.753854599721429, "B03002_001E": 5879, "B03002_001M": 728, "B03002_012E": 680, "B03002_012M": 328, "B19013_001E": 99792, "B19013_001M": 29213, "B01003_001E": 5879, "state": "08", "county": "031", "tract": "004112", "latino_share": 0.11566592957986052, "camera_count": 0, "arterial_road_m": 11858.024338616304, "land_area_km2": 1.569577, "pop_density_per_km2": 3745.5951507954055, "arterial_km_per_km2": 7.5549172411524275, "log_income": 11.510843298765904, "city": "Denver", "crime_count_raw": 2527, "crime_rate_annual_per_km2_1000": 0.285737650907193 }, "geometry": { "type": "Polygon", "coordinates": [ [ [ -104.903456, 39.761423 ], [ -104.898733, 39.760044 ], [ -104.896396, 39.760043 ], [ -104.89212, 39.760021 ], [ -104.890202, 39.759868 ], [ -104.890679, 39.758977 ], [ -104.890715, 39.754645 ], [ -104.890422, 39.753814 ], [ -104.890336, 39.752602 ], [ -104.885229, 39.748535 ], [ -104.884664, 39.747467 ], [ -104.894015, 39.747457 ], [ -104.898767, 39.747441 ], [ -104.898735, 39.751015 ], [ -104.903427, 39.751015 ], [ -104.903403, 39.754729 ], [ -104.903459, 39.758409 ], [ -104.903456, 39.761423 ] ] ] } },
{ "type": "Feature", "properties": { "STATEFP": "08", "COUNTYFP": "031", "TRACTCE": "012015", "GEOIDFQ": "1400000US08031012015", "GEOID": "08031012015", "NAME": "120.15", "NAMELSAD": "Census Tract 120.15", "STUSPS": "CO", "NAMELSADCO": "Denver County", "STATE_NAME": "Colorado", "LSAD": "CT", "ALAND": 1507923, "AWATER": 14530, "centroid_lon": -105.09576665277604, "centroid_lat": 39.633428277605198, "B03002_001E": 3816, "B03002_001M": 368, "B03002_012E": 899, "B03002_012M": 271, "B19013_001E": 93641, "B19013_001M": 15954, "B01003_001E": 3816, "state": "08", "county": "031", "tract": "012015", "latino_share": 0.23558700209643607, "camera_count": 0, "arterial_road_m": 4563.5130462896605, "land_area_km2": 1.507923, "pop_density_per_km2": 2530.6331954615721, "arterial_km_per_km2": 3.0263568141673418, "log_income": 11.447223600744749, "city": "Denver", "crime_count_raw": 881, "crime_rate_annual_per_km2_1000": 0.10369112756526926 }, "geometry": { "type": "Polygon", "coordinates": [ [ [ -105.109902, 39.634246 ], [ -105.109875, 39.635072 ], [ -105.109555, 39.635071 ], [ -105.100542, 39.635088 ], [ -105.091103, 39.635083 ], [ -105.0911, 39.638719 ], [ -105.085844, 39.6387 ], [ -105.081676, 39.638759 ], [ -105.08191, 39.636922 ], [ -105.082347, 39.635575 ], [ -105.083624, 39.633557 ], [ -105.087234, 39.629988 ], [ -105.088227, 39.631255 ], [ -105.089859, 39.631372 ], [ -105.094738, 39.631344 ], [ -105.096349, 39.629457 ], [ -105.099742, 39.629712 ], [ -105.10102, 39.62916 ], [ -105.102396, 39.627834 ], [ -105.106732, 39.629747 ], [ -105.109883, 39.629897 ], [ -105.109902, 39.634246 ] ] ] } },
{ "type": "Feature", "properties": { "STATEFP": "08", "COUNTYFP": "031", "TRACTCE": "011902", "GEOIDFQ": "1400000US08031011902", "GEOID": "08031011902", "NAME": "119.02", "NAMELSAD": "Census Tract 119.02", "STUSPS": "CO", "NAMELSADCO": "Denver County", "STATE_NAME": "Colorado", "LSAD": "CT", "ALAND": 2446002, "AWATER": 0, "centroid_lon": -105.06151145629339, "centroid_lat": 39.659438568797462, "B03002_001E": 5847, "B03002_001M": 985, "B03002_012E": 2069, "B03002_012M": 694, "B19013_001E": 66958, "B19013_001M": 23738, "B01003_001E": 5847, "state": "08", "county": "031", "tract": "011902", "latino_share": 0.35385667863861808, "camera_count": 0, "arterial_road_m": 6879.8241052051844, "land_area_km2": 2.446002, "pop_density_per_km2": 2390.4314060250153, "arterial_km_per_km2": 2.8126813081940178, "log_income": 11.111820836139026, "city": "Denver", "crime_count_raw": 1915, "crime_rate_annual_per_km2_1000": 0.13894944763829198 }, "geometry": { "type": "Polygon", "coordinates": [ [ [ -105.071756, 39.660679 ], [ -105.070092, 39.663569 ], [ -105.067291, 39.663317 ], [ -105.067289, 39.664173 ], [ -105.067297, 39.667775 ], [ -105.066558, 39.667776 ], [ -105.053256, 39.667785 ], [ -105.053242, 39.662573 ], [ -105.053216, 39.656164 ], [ -105.053189, 39.654286 ], [ -105.053076, 39.653346 ], [ -105.057122, 39.653349 ], [ -105.05715, 39.652946 ], [ -105.058059, 39.651251 ], [ -105.062002, 39.65124 ], [ -105.0639, 39.650295 ], [ -105.063926, 39.64962 ], [ -105.070833, 39.649579 ], [ -105.069917, 39.649991 ], [ -105.067477, 39.653321 ], [ -105.067278, 39.653319 ], [ -105.067283, 39.653503 ], [ -105.067288, 39.656879 ], [ -105.070144, 39.656874 ], [ -105.070016, 39.659071 ], [ -105.071972, 39.659951 ], [ -105.071756, 39.660679 ] ], [ [ -105.06356, 39.651859 ], [ -105.062589, 39.651854 ], [ -105.06256, 39.652978 ], [ -105.063539, 39.652979 ], [ -105.06356, 39.651859 ] ] ] } },
{ "type": "Feature", "properties": { "STATEFP": "08", "COUNTYFP": "031", "TRACTCE": "000903", "GEOIDFQ": "1400000US08031000903", "GEOID": "08031000903", "NAME": "9.03", "NAMELSAD": "Census Tract 9.03", "STUSPS": "CO", "NAMELSADCO": "Denver County", "STATE_NAME": "Colorado", "LSAD": "CT", "ALAND": 1980812, "AWATER": 17393, "centroid_lon": -105.03237807507797, "centroid_lat": 39.718390140038593, "B03002_001E": 4928, "B03002_001M": 725, "B03002_012E": 3383, "B03002_012M": 706, "B19013_001E": 61591, "B19013_001M": 11255, "B01003_001E": 4928, "state": "08", "county": "031", "tract": "000903", "latino_share": 0.68648538961038963, "camera_count": 5, "arterial_road_m": 10147.766030294051, "land_area_km2": 1.980812, "pop_density_per_km2": 2487.8686114583311, "arterial_km_per_km2": 5.1230333975632467, "log_income": 11.028271034951294, "city": "Denver", "crime_count_raw": 2754, "crime_rate_annual_per_km2_1000": 0.24675475579767686 }, "geometry": { "type": "Polygon", "coordinates": [ [ [ -105.039716, 39.72133 ], [ -105.03945, 39.722949 ], [ -105.039454, 39.725707 ], [ -105.032484, 39.725622 ], [ -105.025135, 39.725542 ], [ -105.025136, 39.725426 ], [ -105.025102, 39.720269 ], [ -105.025078, 39.71664 ], [ -105.025087, 39.714824 ], [ -105.025092, 39.711174 ], [ -105.032455, 39.711209 ], [ -105.039697, 39.71125 ], [ -105.0397, 39.714963 ], [ -105.039701, 39.719735 ], [ -105.039716, 39.72133 ] ] ] } },
{ "type": "Feature", "properties": { "STATEFP": "08", "COUNTYFP": "031", "TRACTCE": "004101", "GEOIDFQ": "1400000US08031004101", "GEOID": "08031004101", "NAME": "41.01", "NAMELSAD": "Census Tract 41.01", "STUSPS": "CO", "NAMELSADCO": "Denver County", "STATE_NAME": "Colorado", "LSAD": "CT", "ALAND": 4693585, "AWATER": 0, "centroid_lon": -104.93185369663334, "centroid_lat": 39.775696233847526, "B03002_001E": 4437, "B03002_001M": 522, "B03002_012E": 746, "B03002_012M": 335, "B19013_001E": 79753, "B19013_001M": 17224, "B01003_001E": 4437, "state": "08", "county": "031", "tract": "004101", "latino_share": 0.16813162046427765, "camera_count": 0, "arterial_road_m": 26910.336540349876, "land_area_km2": 4.693585, "pop_density_per_km2": 945.33283193976467, "arterial_km_per_km2": 5.7334290399236139, "log_income": 11.286689637494428, "city": "Denver", "crime_count_raw": 3526, "crime_rate_annual_per_km2_1000": 0.13332834088966872 }, "geometry": { "type": "Polygon", "coordinates": [ [ [ -104.940628, 39.765674 ], [ -104.940618, 39.768095 ], [ -104.940487, 39.772886 ], [ -104.940506, 39.779951 ], [ -104.940323, 39.789103 ], [ -104.939882, 39.790994 ], [ -104.931646, 39.791047 ], [ -104.927034, 39.791054 ], [ -104.927002, 39.783778 ], [ -104.922274, 39.783776 ], [ -104.922289, 39.769236 ], [ -104.922306, 39.765611 ], [ -104.922291, 39.762006 ], [ -104.931853, 39.761999 ], [ -104.940495, 39.76196 ], [ -104.940658, 39.761948 ], [ -104.940628, 39.765674 ] ] ] } },
{ "type": "Feature", "properties": { "STATEFP": "08", "COUNTYFP": "031", "TRACTCE": "003902", "GEOIDFQ": "1400000US08031003902", "GEOID": "08031003902", "NAME": "39.02", "NAMELSAD": "Census Tract 39.02", "STUSPS": "CO", "NAMELSADCO": "Denver County", "STATE_NAME": "Colorado", "LSAD": "CT", "ALAND": 2192999, "AWATER": 0, "centroid_lon": -104.94975337445108, "centroid_lat": 39.690415102193747, "B03002_001E": 4319, "B03002_001M": 378, "B03002_012E": 229, "B03002_012M": 117, "B19013_001E": 161188, "B19013_001M": 18090, "B01003_001E": 4319, "state": "08", "county": "031", "tract": "003902", "latino_share": 0.053021532762213476, "camera_count": 0, "arterial_road_m": 13639.771379665744, "land_area_km2": 2.192999, "pop_density_per_km2": 1969.4491424756693, "arterial_km_per_km2": 6.2196888277950624, "log_income": 11.990326664596401, "city": "Denver", "crime_count_raw": 2506, "crime_rate_annual_per_km2_1000": 0.2028091230692001 }, "geometry": { "type": "Polygon", "coordinates": [ [ [ -104.959344, 39.691147 ], [ -104.959343, 39.692962 ], [ -104.959321, 39.696581 ], [ -104.950018, 39.696578 ], [ -104.940612, 39.69657 ], [ -104.940625, 39.6954 ], [ -104.940562, 39.692941 ], [ -104.940549, 39.689321 ], [ -104.940595, 39.685684 ], [ -104.94041, 39.683101 ], [ -104.94042, 39.682897 ], [ -104.940687, 39.682961 ], [ -104.947859, 39.684504 ], [ -104.950487, 39.68468 ], [ -104.959447, 39.684727 ], [ -104.959344, 39.691147 ] ] ] } },
{ "type": "Feature", "properties": { "STATEFP": "08", "COUNTYFP": "031", "TRACTCE": "008304", "GEOIDFQ": "1400000US08031008304", "GEOID": "08031008304", "NAME": "83.04", "NAMELSAD": "Census Tract 83.04", "STUSPS": "CO", "NAMELSADCO": "Denver County", "STATE_NAME": "Colorado", "LSAD": "CT", "ALAND": 934491, "AWATER": 0, "centroid_lon": -104.84160282064221, "centroid_lat": 39.793909814974633, "B03002_001E": 3487, "B03002_001M": 704, "B03002_012E": 2427, "B03002_012M": 710, "B19013_001E": 59253, "B19013_001M": 12412, "B01003_001E": 3487, "state": "08", "county": "031", "tract": "008304", "latino_share": 0.6960137654143963, "camera_count": 1, "arterial_road_m": 3266.0373648508994, "land_area_km2": 0.934491, "pop_density_per_km2": 3731.4431064611645, "arterial_km_per_km2": 3.4949907113614787, "log_income": 10.989571690626967, "city": "Denver", "crime_count_raw": 675, "crime_rate_annual_per_km2_1000": 0.12819571352188663 }, "geometry": { "type": "Polygon", "coordinates": [ [ [ -104.847181, 39.798236 ], [ -104.835673, 39.798108 ], [ -104.835661, 39.794812 ], [ -104.835684, 39.793226 ], [ -104.835584, 39.791055 ], [ -104.83632, 39.790963 ], [ -104.84019, 39.78932 ], [ -104.84378, 39.789291 ], [ -104.847087, 39.789276 ], [ -104.847165, 39.796293 ], [ -104.847181, 39.798236 ] ] ] } },
{ "type": "Feature", "properties": { "STATEFP": "08", "COUNTYFP": "031", "TRACTCE": "008386", "GEOIDFQ": "1400000US08031008386", "GEOID": "08031008386", "NAME": "83.86", "NAMELSAD": "Census Tract 83.86", "STUSPS": "CO", "NAMELSADCO": "Denver County", "STATE_NAME": "Colorado", "LSAD": "CT", "ALAND": 1292146, "AWATER": 0, "centroid_lon": -104.81479523187805, "centroid_lat": 39.791965335866202, "B03002_001E": 3989, "B03002_001M": 511, "B03002_012E": 3211, "B03002_012M": 532, "B19013_001E": 95900, "B19013_001M": 23740, "B01003_001E": 3989, "state": "08", "county": "031", "tract": "008386", "latino_share": 0.8049636500376034, "camera_count": 0, "arterial_road_m": 5838.0225419903927, "land_area_km2": 1.292146, "pop_density_per_km2": 3087.1124470454579, "arterial_km_per_km2": 4.5180827414165217, "log_income": 11.471061260871529, "city": "Denver", "crime_count_raw": 973, "crime_rate_annual_per_km2_1000": 0.13364296642159318 }, "geometry": { "type": "Polygon", "coordinates": [ [ [ -104.820278, 39.79582 ], [ -104.820038, 39.79826 ], [ -104.80969, 39.798317 ], [ -104.809722, 39.79479 ], [ -104.809753, 39.790429 ], [ -104.809797, 39.783754 ], [ -104.810799, 39.783851 ], [ -104.818442, 39.786096 ], [ -104.817179, 39.788735 ], [ -104.820037, 39.789299 ], [ -104.818935, 39.791943 ], [ -104.823707, 39.792968 ], [ -104.820278, 39.79582 ] ] ] } },
{ "type": "Feature", "properties": { "STATEFP": "08", "COUNTYFP": "031", "TRACTCE": "002802", "GEOIDFQ": "1400000US08031002802", "GEOID": "08031002802", "NAME": "28.02", "NAMELSAD": "Census Tract 28.02", "STUSPS": "CO", "NAMELSADCO": "Denver County", "STATE_NAME": "Colorado", "LSAD": "CT", "ALAND": 886798, "AWATER": 0, "centroid_lon": -104.9841644983814, "centroid_lat": 39.717682324415954, "B03002_001E": 4822, "B03002_001M": 647, "B03002_012E": 497, "B03002_012M": 226, "B19013_001E": 85899, "B19013_001M": 12588, "B01003_001E": 4822, "state": "08", "county": "031", "tract": "002802", "latino_share": 0.1030692658647864, "camera_count": 0, "arterial_road_m": 7489.1586992579341, "land_area_km2": 0.886798, "pop_density_per_km2": 5437.540454534178, "arterial_km_per_km2": 8.4451686847037699, "log_income": 11.360927466461046, "city": "Denver", "crime_count_raw": 3182, "crime_rate_annual_per_km2_1000": 0.63682532294899719 }, "geometry": { "type": "Polygon", "coordinates": [ [ [ -104.987525, 39.714779 ], [ -104.987497, 39.718358 ], [ -104.98745, 39.720943 ], [ -104.987435, 39.725637 ], [ -104.987423, 39.726943 ], [ -104.982969, 39.723163 ], [ -104.980305, 39.721486 ], [ -104.980286, 39.720919 ], [ -104.980278, 39.718323 ], [ -104.980299, 39.716522 ], [ -104.980387, 39.714728 ], [ -104.980383, 39.711118 ], [ -104.987575, 39.711157 ], [ -104.987525, 39.714779 ] ] ] } },
{ "type": "Feature", "properties": { "STATEFP": "08", "COUNTYFP": "031", "TRACTCE": "000201", "GEOIDFQ": "1400000US08031000201", "GEOID": "08031000201", "NAME": "2.01", "NAMELSAD": "Census Tract 2.01", "STUSPS": "CO", "NAMELSADCO": "Denver County", "STATE_NAME": "Colorado", "LSAD": "CT", "ALAND": 2079465, "AWATER": 0, "centroid_lon": -105.01182653155931, "centroid_lat": 39.787561192143627, "B03002_001E": 3930, "B03002_001M": 415, "B03002_012E": 1961, "B03002_012M": 399, "B19013_001E": 92237, "B19013_001M": 21855, "B01003_001E": 3930, "state": "08", "county": "031", "tract": "000201", "latino_share": 0.49898218829516539, "camera_count": 0, "arterial_road_m": 11170.639727981699, "land_area_km2": 2.079465, "pop_density_per_km2": 1889.9091833716845, "arterial_km_per_km2": 5.3718815791473764, "log_income": 11.432116630563204, "city": "Denver", "crime_count_raw": 1544, "crime_rate_annual_per_km2_1000": 0.1317772788034689 }, "geometry": { "type": "Polygon", "coordinates": [ [ [ -105.025149, 39.794003 ], [ -105.021843, 39.794461 ], [ -105.020542, 39.791087 ], [ -105.015832, 39.791072 ], [ -105.006416, 39.791049 ], [ -104.99779, 39.791026 ], [ -104.99798, 39.782514 ], [ -104.998334, 39.782399 ], [ -105.002581, 39.783501 ], [ -105.006425, 39.783141 ], [ -105.015833, 39.78357 ], [ -105.015834, 39.783708 ], [ -105.019763, 39.783716 ], [ -105.025137, 39.784386 ], [ -105.025149, 39.794003 ] ] ] } },
{ "type": "Feature", "properties": { "STATEFP": "08", "COUNTYFP": "031", "TRACTCE": "004601", "GEOIDFQ": "1400000US08031004601", "GEOID": "08031004601", "NAME": "46.01", "NAMELSAD": "Census Tract 46.01", "STUSPS": "CO", "NAMELSADCO": "Denver County", "STATE_NAME": "Colorado", "LSAD": "CT", "ALAND": 1963145, "AWATER": 0, "centroid_lon": -105.04609737068205, "centroid_lat": 39.68947412627876, "B03002_001E": 6131, "B03002_001M": 979, "B03002_012E": 3914, "B03002_012M": 907, "B19013_001E": 97875, "B19013_001M": 16147, "B01003_001E": 6131, "state": "08", "county": "031", "tract": "004601", "latino_share": 0.63839504159190996, "camera_count": 0, "arterial_road_m": 5179.2861246434795, "land_area_km2": 1.963145, "pop_density_per_km2": 3123.0500039477474, "arterial_km_per_km2": 2.6382595909336701, "log_income": 11.491446433293104, "city": "Denver", "crime_count_raw": 1655, "crime_rate_annual_per_km2_1000": 0.14962028375558242 }, "geometry": { "type": "Polygon", "coordinates": [ [ [ -105.053194, 39.691364 ], [ -105.053225, 39.696769 ], [ -105.046048, 39.696748 ], [ -105.03905, 39.696758 ], [ -105.039055, 39.689465 ], [ -105.039065, 39.684389 ], [ -105.038347, 39.6827 ], [ -105.038276, 39.682213 ], [ -105.044264, 39.682237 ], [ -105.053221, 39.682291 ], [ -105.053183, 39.683498 ], [ -105.053266, 39.689559 ], [ -105.053194, 39.691364 ] ] ] } },
{ "type": "Feature", "properties": { "STATEFP": "08", "COUNTYFP": "031", "TRACTCE": "005502", "GEOIDFQ": "1400000US08031005502", "GEOID": "08031005502", "NAME": "55.02", "NAMELSAD": "Census Tract 55.02", "STUSPS": "CO", "NAMELSADCO": "Denver County", "STATE_NAME": "Colorado", "LSAD": "CT", "ALAND": 2898735, "AWATER": 0, "centroid_lon": -105.04296251926456, "centroid_lat": 39.645937009067623, "B03002_001E": 2066, "B03002_001M": 230, "B03002_012E": 792, "B03002_012M": 214, "B19013_001E": 111128, "B19013_001M": 3970, "B01003_001E": 2066, "state": "08", "county": "031", "tract": "005502", "latino_share": 0.38334946757018395, "camera_count": 0, "arterial_road_m": 9593.798443021793, "land_area_km2": 2.898735, "pop_density_per_km2": 712.7246885279269, "arterial_km_per_km2": 3.3096500518404732, "log_income": 11.618437969077226, "city": "Denver", "crime_count_raw": 480, "crime_rate_annual_per_km2_1000": 0.029388510634182793 }, "geometry": { "type": "Polygon", "coordinates": [ [ [ -105.053291, 39.645578 ], [ -105.053074, 39.650914 ], [ -105.053184, 39.651659 ], [ -105.053008, 39.651797 ], [ -105.053076, 39.653346 ], [ -105.04865, 39.653444 ], [ -105.041369, 39.654273 ], [ -105.037907, 39.654568 ], [ -105.033562, 39.653286 ], [ -105.034615, 39.653276 ], [ -105.034603, 39.649589 ], [ -105.034646, 39.646921 ], [ -105.03466, 39.643711 ], [ -105.029979, 39.642245 ], [ -105.029998, 39.638575 ], [ -105.034707, 39.638593 ], [ -105.044909, 39.638595 ], [ -105.045304, 39.638638 ], [ -105.04917, 39.638674 ], [ -105.053273, 39.639768 ], [ -105.053291, 39.645578 ] ] ] } },
{ "type": "Feature", "properties": { "STATEFP": "08", "COUNTYFP": "031", "TRACTCE": "001500", "GEOIDFQ": "1400000US08031001500", "GEOID": "08031001500", "NAME": "15", "NAMELSAD": "Census Tract 15", "STUSPS": "CO", "NAMELSADCO": "Denver County", "STATE_NAME": "Colorado", "LSAD": "CT", "ALAND": 5302194, "AWATER": 2641, "centroid_lon": -104.98682644960229, "centroid_lat": 39.780458518760163, "B03002_001E": 4345, "B03002_001M": 555, "B03002_012E": 2014, "B03002_012M": 472, "B19013_001E": 63713, "B19013_001M": 13934, "B01003_001E": 4345, "state": "08", "county": "031", "tract": "001500", "latino_share": 0.46352128883774452, "camera_count": 20, "arterial_road_m": 46663.540487941907, "land_area_km2": 5.302194, "pop_density_per_km2": 819.47209023283563, "arterial_km_per_km2": 8.8007984030652047, "log_income": 11.062143902371083, "city": "Denver", "crime_count_raw": 4201, "crime_rate_annual_per_km2_1000": 0.14061832543272029 }, "geometry": { "type": "Polygon", "coordinates": [ [ [ -104.998192, 39.767075 ], [ -104.998203, 39.769296 ], [ -104.99821, 39.772977 ], [ -104.998194, 39.776547 ], [ -104.998334, 39.782399 ], [ -104.99798, 39.782514 ], [ -104.99779, 39.791026 ], [ -104.996737, 39.791019 ], [ -104.993242, 39.791026 ], [ -104.990629, 39.792047 ], [ -104.988848, 39.791036 ], [ -104.97595, 39.791038 ], [ -104.975951, 39.792422 ], [ -104.973065, 39.792418 ], [ -104.973057, 39.794114 ], [ -104.974676, 39.794125 ], [ -104.974667, 39.795608 ], [ -104.97116, 39.795567 ], [ -104.971644, 39.798291 ], [ -104.968716, 39.798396 ], [ -104.968773, 39.793215 ], [ -104.967523, 39.793269 ], [ -104.967936, 39.791831 ], [ -104.968861, 39.791041 ], [ -104.974861, 39.786722 ], [ -104.975424, 39.785541 ], [ -104.975613, 39.783188 ], [ -104.977832, 39.779503 ], [ -104.977833, 39.776356 ], [ -104.978415, 39.775306 ], [ -104.978523, 39.775124 ], [ -104.984805, 39.767446 ], [ -104.991971, 39.765542 ], [ -104.994798, 39.763486 ], [ -104.995506, 39.762989 ], [ -104.998355, 39.762093 ], [ -104.998192, 39.767075 ] ] ] } },
{ "type": "Feature", "properties": { "STATEFP": "08", "COUNTYFP": "031", "TRACTCE": "004406", "GEOIDFQ": "1400000US08031004406", "GEOID": "08031004406", "NAME": "44.06", "NAMELSAD": "Census Tract 44.06", "STUSPS": "CO", "NAMELSADCO": "Denver County", "STATE_NAME": "Colorado", "LSAD": "CT", "ALAND": 1700468, "AWATER": 0, "centroid_lon": -104.89781374962313, "centroid_lat": 39.725046232244075, "B03002_001E": 3824, "B03002_001M": 629, "B03002_012E": 162, "B03002_012M": 101, "B19013_001E": 125327, "B19013_001M": 62608, "B01003_001E": 3824, "state": "08", "county": "031", "tract": "004406", "latino_share": 0.042364016736401673, "camera_count": 0, "arterial_road_m": 10642.655264566543, "land_area_km2": 1.700468, "pop_density_per_km2": 2248.7926853078093, "arterial_km_per_km2": 6.2586624767808292, "log_income": 11.738681600512248, "city": "Denver", "crime_count_raw": 1473, "crime_rate_annual_per_km2_1000": 0.15373726029845283 }, "geometry": { "type": "Polygon", "coordinates": [ [ [ -104.903534, 39.722384 ], [ -104.903494, 39.725253 ], [ -104.903407, 39.725641 ], [ -104.903458, 39.732894 ], [ -104.896513, 39.732864 ], [ -104.891337, 39.732854 ], [ -104.892686, 39.731002 ], [ -104.891923, 39.725829 ], [ -104.89115, 39.720388 ], [ -104.890963, 39.719969 ], [ -104.895601, 39.717353 ], [ -104.896355, 39.717145 ], [ -104.903705, 39.717058 ], [ -104.903534, 39.722384 ] ] ] } },
{ "type": "Feature", "properties": { "STATEFP": "08", "COUNTYFP": "031", "TRACTCE": "015700", "GEOIDFQ": "1400000US08031015700", "GEOID": "08031015700", "NAME": "157", "NAMELSAD": "Census Tract 157", "STUSPS": "CO", "NAMELSADCO": "Denver County", "STATE_NAME": "Colorado", "LSAD": "CT", "ALAND": 2103357, "AWATER": 0, "centroid_lon": -105.03444130946789, "centroid_lat": 39.661426674195759, "B03002_001E": 5811, "B03002_001M": 813, "B03002_012E": 3045, "B03002_012M": 671, "B19013_001E": 82065, "B19013_001M": 2528, "B01003_001E": 5811, "state": "08", "county": "031", "tract": "015700", "latino_share": 0.52400619514713476, "camera_count": 0, "arterial_road_m": 3701.3773437150785, "land_area_km2": 2.103357, "pop_density_per_km2": 2762.7264415883751, "arterial_km_per_km2": 1.7597475576970902, "log_income": 11.315266895166037, "city": "Denver", "crime_count_raw": 1779, "crime_rate_annual_per_km2_1000": 0.15010937305606722 }, "geometry": { "type": "Polygon", "coordinates": [ [ [ -105.044092, 39.662517 ], [ -105.041881, 39.666407 ], [ -105.041751, 39.667718 ], [ -105.038686, 39.667701 ], [ -105.037767, 39.667698 ], [ -105.029869, 39.667705 ], [ -105.025108, 39.667715 ], [ -105.025111, 39.666943 ], [ -105.025124, 39.665038 ], [ -105.025269, 39.656817 ], [ -105.033076, 39.656954 ], [ -105.032586, 39.65669 ], [ -105.032157, 39.653775 ], [ -105.032162, 39.653276 ], [ -105.033562, 39.653286 ], [ -105.037907, 39.654568 ], [ -105.041369, 39.654273 ], [ -105.041823, 39.656417 ], [ -105.043388, 39.659239 ], [ -105.04397, 39.660138 ], [ -105.044092, 39.662517 ] ] ] } },
{ "type": "Feature", "properties": { "STATEFP": "08", "COUNTYFP": "031", "TRACTCE": "003703", "GEOIDFQ": "1400000US08031003703", "GEOID": "08031003703", "NAME": "37.03", "NAMELSAD": "Census Tract 37.03", "STUSPS": "CO", "NAMELSADCO": "Denver County", "STATE_NAME": "Colorado", "LSAD": "CT", "ALAND": 681502, "AWATER": 0, "centroid_lon": -104.94504447553031, "centroid_lat": 39.736116697090921, "B03002_001E": 3032, "B03002_001M": 404, "B03002_012E": 499, "B03002_012M": 232, "B19013_001E": 90142, "B19013_001M": 21614, "B01003_001E": 3032, "state": "08", "county": "031", "tract": "003703", "latino_share": 0.1645778364116095, "camera_count": 0, "arterial_road_m": 4602.2734333835087, "land_area_km2": 0.681502, "pop_density_per_km2": 4448.9964813015949, "arterial_km_per_km2": 6.7531326883611618, "log_income": 11.409141483706506, "city": "Denver", "crime_count_raw": 1133, "crime_rate_annual_per_km2_1000": 0.29505815969362065 }, "geometry": { "type": "Polygon", "coordinates": [ [ [ -104.949491, 39.736778 ], [ -104.94947, 39.74016 ], [ -104.940744, 39.740128 ], [ -104.940593, 39.740128 ], [ -104.940593, 39.736683 ], [ -104.940615, 39.734689 ], [ -104.940602, 39.732076 ], [ -104.949493, 39.732103 ], [ -104.949491, 39.736778 ] ] ] } },
{ "type": "Feature", "properties": { "STATEFP": "08", "COUNTYFP": "031", "TRACTCE": "006810", "GEOIDFQ": "1400000US08031006810", "GEOID": "08031006810", "NAME": "68.10", "NAMELSAD": "Census Tract 68.10", "STUSPS": "CO", "NAMELSADCO": "Denver County", "STATE_NAME": "Colorado", "LSAD": "CT", "ALAND": 2251981, "AWATER": 0, "centroid_lon": -104.8888879341733, "centroid_lat": 39.64627115038131, "B03002_001E": 6255, "B03002_001M": 854, "B03002_012E": 1549, "B03002_012M": 661, "B19013_001E": 66742, "B19013_001M": 11419, "B01003_001E": 6255, "state": "08", "county": "031", "tract": "006810", "latino_share": 0.24764188649080734, "camera_count": 5, "arterial_road_m": 11128.997081346408, "land_area_km2": 2.251981, "pop_density_per_km2": 2777.5545175558768, "arterial_km_per_km2": 4.941869883159054, "log_income": 11.108589718892622, "city": "Denver", "crime_count_raw": 1464, "crime_rate_annual_per_km2_1000": 0.11537752242944876 }, "geometry": { "type": "Polygon", "coordinates": [ [ [ -104.900801, 39.65311 ], [ -104.898759, 39.653113 ], [ -104.894083, 39.653093 ], [ -104.884785, 39.653068 ], [ -104.88014, 39.653057 ], [ -104.880313, 39.645902 ], [ -104.880313, 39.645889 ], [ -104.880368, 39.642193 ], [ -104.88034, 39.641993 ], [ -104.880332, 39.64131 ], [ -104.88512, 39.638948 ], [ -104.8851, 39.639871 ], [ -104.886811, 39.638541 ], [ -104.892917, 39.635678 ], [ -104.893778, 39.638154 ], [ -104.894011, 39.638678 ], [ -104.89445, 39.641835 ], [ -104.894185, 39.643304 ], [ -104.898103, 39.649007 ], [ -104.899796, 39.651087 ], [ -104.900801, 39.65311 ] ] ] } },
{ "type": "Feature", "properties": { "STATEFP": "08", "COUNTYFP": "031", "TRACTCE": "007013", "GEOIDFQ": "1400000US08031007013", "GEOID": "08031007013", "NAME": "70.13", "NAMELSAD": "Census Tract 70.13", "STUSPS": "CO", "NAMELSADCO": "Denver County", "STATE_NAME": "Colorado", "LSAD": "CT", "ALAND": 1254010, "AWATER": 0, "centroid_lon": -104.89751415321921, "centroid_lat": 39.68482757514532, "B03002_001E": 4090, "B03002_001M": 611, "B03002_012E": 529, "B03002_012M": 358, "B19013_001E": 85128, "B19013_001M": 14787, "B01003_001E": 4090, "state": "08", "county": "031", "tract": "007013", "latino_share": 0.1293398533007335, "camera_count": 1, "arterial_road_m": 3904.3364028674168, "land_area_km2": 1.25401, "pop_density_per_km2": 3261.5369893382031, "arterial_km_per_km2": 3.1134810750053163, "log_income": 11.351911285121567, "city": "Denver", "crime_count_raw": 673, "crime_rate_annual_per_km2_1000": 0.09524866967293702 }, "geometry": { "type": "Polygon", "coordinates": [ [ [ -104.903512, 39.689354 ], [ -104.89881, 39.689341 ], [ -104.898798, 39.691579 ], [ -104.898801, 39.692975 ], [ -104.89409, 39.692713 ], [ -104.894061, 39.686428 ], [ -104.894058, 39.685694 ], [ -104.891527, 39.68569 ], [ -104.889328, 39.685684 ], [ -104.889311, 39.683805 ], [ -104.889314, 39.682727 ], [ -104.889308, 39.682056 ], [ -104.894046, 39.682061 ], [ -104.894528, 39.678455 ], [ -104.897446, 39.678505 ], [ -104.898317, 39.678473 ], [ -104.90344, 39.678598 ], [ -104.903443, 39.684857 ], [ -104.903431, 39.685456 ], [ -104.903538, 39.687376 ], [ -104.903512, 39.689354 ] ], [ [ -104.899347, 39.683737 ], [ -104.898783, 39.683402 ], [ -104.898786, 39.685704 ], [ -104.902671, 39.685712 ], [ -104.899347, 39.683737 ] ] ] } },
{ "type": "Feature", "properties": { "STATEFP": "08", "COUNTYFP": "031", "TRACTCE": "002604", "GEOIDFQ": "1400000US08031002604", "GEOID": "08031002604", "NAME": "26.04", "NAMELSAD": "Census Tract 26.04", "STUSPS": "CO", "NAMELSADCO": "Denver County", "STATE_NAME": "Colorado", "LSAD": "CT", "ALAND": 230082, "AWATER": 0, "centroid_lon": -104.98364280486689, "centroid_lat": 39.741676045417776, "B03002_001E": 2241, "B03002_001M": 310, "B03002_012E": 637, "B03002_012M": 311, "B19013_001E": 33528, "B19013_001M": 18460, "B01003_001E": 2241, "state": "08", "county": "031", "tract": "002604", "latino_share": 0.28424810352521196, "camera_count": 2, "arterial_road_m": 3191.1352239444368, "land_area_km2": 0.230082, "pop_density_per_km2": 9740.0057370850391, "arterial_km_per_km2": 13.869556175382849, "log_income": 10.420136189604907, "city": "Denver", "crime_count_raw": 3145, "crime_rate_annual_per_km2_1000": 2.4259556670162188 }, "geometry": { "type": "Polygon", "coordinates": [ [ [ -104.987397, 39.741471 ], [ -104.987376, 39.743357 ], [ -104.983588, 39.743271 ], [ -104.979892, 39.743263 ], [ -104.97991, 39.740021 ], [ -104.983584, 39.740045 ], [ -104.986258, 39.740113 ], [ -104.987389, 39.740106 ], [ -104.987397, 39.741471 ] ] ] } },
{ "type": "Feature", "properties": { "STATEFP": "08", "COUNTYFP": "031", "TRACTCE": "000403", "GEOIDFQ": "1400000US08031000403", "GEOID": "08031000403", "NAME": "4.03", "NAMELSAD": "Census Tract 4.03", "STUSPS": "CO", "NAMELSADCO": "Denver County", "STATE_NAME": "Colorado", "LSAD": "CT", "ALAND": 971806, "AWATER": 0, "centroid_lon": -105.01823091975658, "centroid_lat": 39.765651185562341, "B03002_001E": 3900, "B03002_001M": 611, "B03002_012E": 978, "B03002_012M": 519, "B19013_001E": 114787, "B19013_001M": 40733, "B01003_001E": 3900, "state": "08", "county": "031", "tract": "000403", "latino_share": 0.25076923076923074, "camera_count": 1, "arterial_road_m": 3401.2100465289413, "land_area_km2": 0.971806, "pop_density_per_km2": 4013.1466568430328, "arterial_km_per_km2": 3.4998858275509122, "log_income": 11.650833516037304, "city": "Denver", "crime_count_raw": 1139, "crime_rate_annual_per_km2_1000": 0.2080122933509225 }, "geometry": { "type": "Polygon", "coordinates": [ [ [ -105.025238, 39.769288 ], [ -105.018975, 39.76927 ], [ -105.017422, 39.769272 ], [ -105.015868, 39.769282 ], [ -105.011202, 39.769286 ], [ -105.0112, 39.765639 ], [ -105.011185, 39.762037 ], [ -105.015835, 39.762025 ], [ -105.018968, 39.76202 ], [ -105.025241, 39.762021 ], [ -105.025281, 39.764664 ], [ -105.025233, 39.765609 ], [ -105.025287, 39.766078 ], [ -105.025238, 39.769288 ] ] ] } },
{ "type": "Feature", "properties": { "STATEFP": "08", "COUNTYFP": "031", "TRACTCE": "005200", "GEOIDFQ": "1400000US08031005200", "GEOID": "08031005200", "NAME": "52", "NAMELSAD": "Census Tract 52", "STUSPS": "CO", "NAMELSADCO": "Denver County", "STATE_NAME": "Colorado", "LSAD": "CT", "ALAND": 2051682, "AWATER": 0, "centroid_lon": -104.91506321819703, "centroid_lat": 39.685493578462648, "B03002_001E": 3370, "B03002_001M": 401, "B03002_012E": 266, "B03002_012M": 152, "B19013_001E": 100188, "B19013_001M": 18181, "B01003_001E": 3370, "state": "08", "county": "031", "tract": "005200", "latino_share": 0.078931750741839765, "camera_count": 0, "arterial_road_m": 7793.7347982038682, "land_area_km2": 2.051682, "pop_density_per_km2": 1642.5547428890052, "arterial_km_per_km2": 3.7987050616049993, "log_income": 11.514803699982, "city": "Denver", "crime_count_raw": 769, "crime_rate_annual_per_km2_1000": 0.06652136399851212 }, "geometry": { "type": "Polygon", "coordinates": [ [ [ -104.922324, 39.69299 ], [ -104.922252, 39.6959 ], [ -104.922088, 39.696252 ], [ -104.913979, 39.691723 ], [ -104.912889, 39.69093 ], [ -104.911466, 39.69027 ], [ -104.908423, 39.688208 ], [ -104.904692, 39.68604 ], [ -104.903431, 39.685456 ], [ -104.903443, 39.684857 ], [ -104.905223, 39.686058 ], [ -104.905191, 39.683862 ], [ -104.904591, 39.680318 ], [ -104.908096, 39.680306 ], [ -104.908094, 39.679726 ], [ -104.906253, 39.678442 ], [ -104.912811, 39.678461 ], [ -104.922266, 39.67847 ], [ -104.922234, 39.682091 ], [ -104.922319, 39.686159 ], [ -104.92234, 39.689361 ], [ -104.922324, 39.69299 ] ], [ [ -104.91104, 39.679887 ], [ -104.908201, 39.680307 ], [ -104.908205, 39.68207 ], [ -104.911032, 39.682073 ], [ -104.91104, 39.679887 ] ] ] } },
{ "type": "Feature", "properties": { "STATEFP": "08", "COUNTYFP": "031", "TRACTCE": "004603", "GEOIDFQ": "1400000US08031004603", "GEOID": "08031004603", "NAME": "46.03", "NAMELSAD": "Census Tract 46.03", "STUSPS": "CO", "NAMELSADCO": "Denver County", "STATE_NAME": "Colorado", "LSAD": "CT", "ALAND": 1867748, "AWATER": 0, "centroid_lon": -105.03180621110421, "centroid_lat": 39.674933955126832, "B03002_001E": 5117, "B03002_001M": 536, "B03002_012E": 2691, "B03002_012M": 556, "B19013_001E": 76016, "B19013_001M": 14782, "B01003_001E": 5117, "state": "08", "county": "031", "tract": "004603", "latino_share": 0.52589407856165726, "camera_count": 2, "arterial_road_m": 8687.7725702199314, "land_area_km2": 1.867748, "pop_density_per_km2": 2739.6629523897227, "arterial_km_per_km2": 4.6514693471602868, "log_income": 11.238699123426702, "city": "Denver", "crime_count_raw": 1247, "crime_rate_annual_per_km2_1000": 0.11849309073609053 }, "geometry": { "type": "Polygon", "coordinates": [ [ [ -105.038653, 39.672317 ], [ -105.038578, 39.677799 ], [ -105.038316, 39.679188 ], [ -105.038276, 39.682213 ], [ -105.029789, 39.682239 ], [ -105.025038, 39.68227 ], [ -105.025058, 39.678636 ], [ -105.025073, 39.673339 ], [ -105.025062, 39.671786 ], [ -105.025108, 39.667715 ], [ -105.029869, 39.667705 ], [ -105.037767, 39.667698 ], [ -105.038686, 39.667701 ], [ -105.038653, 39.672317 ] ] ] } },
{ "type": "Feature", "properties": { "STATEFP": "08", "COUNTYFP": "031", "TRACTCE": "012016", "GEOIDFQ": "1400000US08031012016", "GEOID": "08031012016", "NAME": "120.16", "NAMELSAD": "Census Tract 120.16", "STUSPS": "CO", "NAMELSADCO": "Denver County", "STATE_NAME": "Colorado", "LSAD": "CT", "ALAND": 990616, "AWATER": 3606, "centroid_lon": -105.09872293638146, "centroid_lat": 39.627374388639474, "B03002_001E": 2703, "B03002_001M": 494, "B03002_012E": 383, "B03002_012M": 196, "B19013_001E": 72243, "B19013_001M": 4762, "B01003_001E": 2703, "state": "08", "county": "031", "tract": "012016", "latino_share": 0.14169441361450241, "camera_count": 0, "arterial_road_m": 2574.1996567521273, "land_area_km2": 0.990616, "pop_density_per_km2": 2728.605231492324, "arterial_km_per_km2": 2.5985847762928596, "log_income": 11.187790715467797, "city": "Denver", "crime_count_raw": 463, "crime_rate_annual_per_km2_1000": 0.082950786271667784 }, "geometry": { "type": "Polygon", "coordinates": [ [ [ -105.109883, 39.629897 ], [ -105.106732, 39.629747 ], [ -105.102396, 39.627834 ], [ -105.10102, 39.62916 ], [ -105.099742, 39.629712 ], [ -105.096349, 39.629457 ], [ -105.094738, 39.631344 ], [ -105.089859, 39.631372 ], [ -105.088227, 39.631255 ], [ -105.087234, 39.629988 ], [ -105.090953, 39.629228 ], [ -105.091164, 39.627081 ], [ -105.091256, 39.624198 ], [ -105.098516, 39.624222 ], [ -105.107503, 39.624218 ], [ -105.107496, 39.627093 ], [ -105.109617, 39.627083 ], [ -105.109924, 39.627085 ], [ -105.109883, 39.629897 ] ] ] } },
{ "type": "Feature", "properties": { "STATEFP": "08", "COUNTYFP": "031", "TRACTCE": "003203", "GEOIDFQ": "1400000US08031003203", "GEOID": "08031003203", "NAME": "32.03", "NAMELSAD": "Census Tract 32.03", "STUSPS": "CO", "NAMELSADCO": "Denver County", "STATE_NAME": "Colorado", "LSAD": "CT", "ALAND": 1683151, "AWATER": 0, "centroid_lon": -104.96599786164654, "centroid_lat": 39.722335061117207, "B03002_001E": 3306, "B03002_001M": 532, "B03002_012E": 273, "B03002_012M": 155, "B19013_001E": 250001, "B19013_001M": -333333333, "B01003_001E": 3306, "state": "08", "county": "031", "tract": "003203", "latino_share": 0.082577132486388385, "camera_count": 0, "arterial_road_m": 7924.5080905031527, "land_area_km2": 1.683151, "pop_density_per_km2": 1964.1731490519865, "arterial_km_per_km2": 4.7081385392654331, "log_income": 12.429220196836383, "city": "Denver", "crime_count_raw": 817, "crime_rate_annual_per_km2_1000": 0.086147728616453978 }, "geometry": { "type": "Polygon", "coordinates": [ [ [ -104.972931, 39.720105 ], [ -104.97291, 39.721952 ], [ -104.972916, 39.723738 ], [ -104.972914, 39.725576 ], [ -104.972939, 39.727283 ], [ -104.972935, 39.729078 ], [ -104.969461, 39.729085 ], [ -104.965881, 39.729093 ], [ -104.960192, 39.729108 ], [ -104.96017, 39.725606 ], [ -104.959459, 39.72496 ], [ -104.959443, 39.72255 ], [ -104.959439, 39.71942 ], [ -104.95931, 39.718344 ], [ -104.959307, 39.715312 ], [ -104.960207, 39.715572 ], [ -104.966309, 39.714424 ], [ -104.970587, 39.717699 ], [ -104.973248, 39.718401 ], [ -104.972931, 39.720105 ] ] ] } },
{ "type": "Feature", "properties": { "STATEFP": "08", "COUNTYFP": "031", "TRACTCE": "003402", "GEOIDFQ": "1400000US08031003402", "GEOID": "08031003402", "NAME": "34.02", "NAMELSAD": "Census Tract 34.02", "STUSPS": "CO", "NAMELSADCO": "Denver County", "STATE_NAME": "Colorado", "LSAD": "CT", "ALAND": 2735576, "AWATER": 54418, "centroid_lon": -104.96607051102607, "centroid_lat": 39.697031836951702, "B03002_001E": 4879, "B03002_001M": 576, "B03002_012E": 526, "B03002_012M": 262, "B19013_001E": 250001, "B19013_001M": -333333333, "B01003_001E": 4879, "state": "08", "county": "031", "tract": "003402", "latino_share": 0.10780897724943636, "camera_count": 0, "arterial_road_m": 10591.743352215633, "land_area_km2": 2.735576, "pop_density_per_km2": 1783.5366299455764, "arterial_km_per_km2": 3.8718512489565757, "log_income": 12.429220196836383, "city": "Denver", "crime_count_raw": 1242, "crime_rate_annual_per_km2_1000": 0.080578219199758175 }, "geometry": { "type": "Polygon", "coordinates": [ [ [ -104.973414, 39.69297 ], [ -104.973379, 39.703861 ], [ -104.973374, 39.70749 ], [ -104.968705, 39.707497 ], [ -104.965173, 39.70749 ], [ -104.959328, 39.707489 ], [ -104.959359, 39.703863 ], [ -104.959321, 39.696581 ], [ -104.959343, 39.692962 ], [ -104.959344, 39.691147 ], [ -104.959447, 39.684727 ], [ -104.964238, 39.685341 ], [ -104.968727, 39.687516 ], [ -104.973424, 39.689823 ], [ -104.973414, 39.69297 ] ] ] } },
{ "type": "Feature", "properties": { "STATEFP": "08", "COUNTYFP": "031", "TRACTCE": "006812", "GEOIDFQ": "1400000US08031006812", "GEOID": "08031006812", "NAME": "68.12", "NAMELSAD": "Census Tract 68.12", "STUSPS": "CO", "NAMELSADCO": "Denver County", "STATE_NAME": "Colorado", "LSAD": "CT", "ALAND": 1987595, "AWATER": 0, "centroid_lon": -104.91104470499774, "centroid_lat": 39.660113731387469, "B03002_001E": 4146, "B03002_001M": 642, "B03002_012E": 455, "B03002_012M": 424, "B19013_001E": 82500, "B19013_001M": 9434, "B01003_001E": 4146, "state": "08", "county": "031", "tract": "006812", "latino_share": 0.10974433188615533, "camera_count": 3, "arterial_road_m": 10951.743596428738, "land_area_km2": 1.987595, "pop_density_per_km2": 2085.9380306350135, "arterial_km_per_km2": 5.5100478701288429, "log_income": 11.320553572322773, "city": "Denver", "crime_count_raw": 1813, "crime_rate_annual_per_km2_1000": 0.1618880391341582 }, "geometry": { "type": "Polygon", "coordinates": [ [ [ -104.925662, 39.667486 ], [ -104.92266, 39.667578 ], [ -104.920702, 39.668168 ], [ -104.920805, 39.667585 ], [ -104.922221, 39.666947 ], [ -104.921619, 39.662486 ], [ -104.921016, 39.660338 ], [ -104.918875, 39.660338 ], [ -104.916757, 39.65901 ], [ -104.915513, 39.657519 ], [ -104.916572, 39.656119 ], [ -104.912985, 39.656209 ], [ -104.912985, 39.656541 ], [ -104.91297, 39.663133 ], [ -104.915939, 39.663471 ], [ -104.916378, 39.667585 ], [ -104.912874, 39.667631 ], [ -104.906177, 39.667642 ], [ -104.904757, 39.667634 ], [ -104.902787, 39.664953 ], [ -104.904112, 39.659972 ], [ -104.903555, 39.657671 ], [ -104.902467, 39.656817 ], [ -104.900801, 39.65311 ], [ -104.909095, 39.6531 ], [ -104.91293, 39.653089 ], [ -104.918448, 39.653079 ], [ -104.92348, 39.664106 ], [ -104.925662, 39.667486 ] ] ] } },
{ "type": "Feature", "properties": { "STATEFP": "08", "COUNTYFP": "031", "TRACTCE": "004307", "GEOIDFQ": "1400000US08031004307", "GEOID": "08031004307", "NAME": "43.07", "NAMELSAD": "Census Tract 43.07", "STUSPS": "CO", "NAMELSADCO": "Denver County", "STATE_NAME": "Colorado", "LSAD": "CT", "ALAND": 614543, "AWATER": 0, "centroid_lon": -104.9352043672358, "centroid_lat": 39.736941703404028, "B03002_001E": 2313, "B03002_001M": 484, "B03002_012E": 306, "B03002_012M": 192, "B19013_001E": 64088, "B19013_001M": 5736, "B01003_001E": 2313, "state": "08", "county": "031", "tract": "004307", "latino_share": 0.13229571984435798, "camera_count": 0, "arterial_road_m": 3554.4985870715532, "land_area_km2": 0.614543, "pop_density_per_km2": 3763.7724292685789, "arterial_km_per_km2": 5.7839705066554394, "log_income": 11.068012417894952, "city": "Denver", "crime_count_raw": 694, "crime_rate_annual_per_km2_1000": 0.20042507208264729 }, "geometry": { "type": "Polygon", "coordinates": [ [ [ -104.940593, 39.736683 ], [ -104.940593, 39.740128 ], [ -104.932087, 39.740133 ], [ -104.930379, 39.740134 ], [ -104.930381, 39.73649 ], [ -104.930412, 39.732865 ], [ -104.93125, 39.732875 ], [ -104.934995, 39.73371 ], [ -104.939434, 39.734687 ], [ -104.940615, 39.734689 ], [ -104.940593, 39.736683 ] ] ] } },
{ "type": "Feature", "properties": { "STATEFP": "08", "COUNTYFP": "031", "TRACTCE": "004111", "GEOIDFQ": "1400000US08031004111", "GEOID": "08031004111", "NAME": "41.11", "NAMELSAD": "Census Tract 41.11", "STUSPS": "CO", "NAMELSADCO": "Denver County", "STATE_NAME": "Colorado", "LSAD": "CT", "ALAND": 5444225, "AWATER": 1749, "centroid_lon": -104.88951253394171, "centroid_lat": 39.788175248301052, "B03002_001E": 6972, "B03002_001M": 657, "B03002_012E": 1052, "B03002_012M": 391, "B19013_001E": 174732, "B19013_001M": 37648, "B01003_001E": 6972, "state": "08", "county": "031", "tract": "004111", "latino_share": 0.15088927137119909, "camera_count": 1, "arterial_road_m": 44353.690356027662, "land_area_km2": 5.444225, "pop_density_per_km2": 1280.6230455207121, "arterial_km_per_km2": 8.1469245587806647, "log_income": 12.071008650498905, "city": "Denver", "crime_count_raw": 5701, "crime_rate_annual_per_km2_1000": 0.1858488292760857 }, "geometry": { "type": "Polygon", "coordinates": [ [ [ -104.902207, 39.781591 ], [ -104.903439, 39.783888 ], [ -104.903479, 39.786798 ], [ -104.903485, 39.787288 ], [ -104.903539, 39.793532 ], [ -104.903561, 39.798391 ], [ -104.901405, 39.798383 ], [ -104.901416, 39.800202 ], [ -104.899069, 39.800202 ], [ -104.899069, 39.798374 ], [ -104.896191, 39.798344 ], [ -104.884474, 39.798322 ], [ -104.875474, 39.798335 ], [ -104.875438, 39.791498 ], [ -104.875846, 39.79034 ], [ -104.876284, 39.789408 ], [ -104.876253, 39.782565 ], [ -104.876159, 39.776514 ], [ -104.882862, 39.777127 ], [ -104.896346, 39.778247 ], [ -104.903568, 39.778301 ], [ -104.902207, 39.781591 ] ] ] } },
{ "type": "Feature", "properties": { "STATEFP": "08", "COUNTYFP": "031", "TRACTCE": "980001", "GEOIDFQ": "1400000US08031980001", "GEOID": "08031980001", "NAME": "9800.01", "NAMELSAD": "Census Tract 9800.01", "STUSPS": "CO", "NAMELSADCO": "Denver County", "STATE_NAME": "Colorado", "LSAD": "CT", "ALAND": 103458747, "AWATER": 78494, "centroid_lon": -104.68170196760732, "centroid_lat": 39.860486601907155, "B03002_001E": 0, "B03002_001M": 13, "B03002_012E": 0, "B03002_012M": 13, "B19013_001E": -666666666, "B19013_001M": -222222222, "B01003_001E": 0, "state": "08", "county": "031", "tract": "980001", "latino_share": null, "camera_count": 15, "arterial_road_m": 93912.042264626638, "land_area_km2": 103.458747, "pop_density_per_km2": 0.0, "arterial_km_per_km2": 0.90772452777363166, "log_income": null, "city": "Denver", "crime_count_raw": 11217, "crime_rate_annual_per_km2_1000": 0.019242183846675621 }, "geometry": { "type": "Polygon", "coordinates": [ [ [ -104.790859, 39.841802 ], [ -104.786472, 39.841793 ], [ -104.772186, 39.841761 ], [ -104.762317, 39.841788 ], [ -104.762279, 39.84539 ], [ -104.753063, 39.845339 ], [ -104.730962, 39.845248 ], [ -104.73039, 39.896131 ], [ -104.703311, 39.895949 ], [ -104.703185, 39.906926 ], [ -104.692139, 39.906851 ], [ -104.692054, 39.914178 ], [ -104.679582, 39.914016 ], [ -104.679664, 39.907008 ], [ -104.678083, 39.906991 ], [ -104.659163, 39.906787 ], [ -104.640361, 39.906711 ], [ -104.630939, 39.906645 ], [ -104.630945, 39.899291 ], [ -104.607274, 39.899124 ], [ -104.599581, 39.899038 ], [ -104.59981, 39.881307 ], [ -104.605154, 39.881346 ], [ -104.605261, 39.873114 ], [ -104.619152, 39.87322 ], [ -104.619743, 39.826852 ], [ -104.619799, 39.822417 ], [ -104.625566, 39.82249 ], [ -104.640346, 39.822553 ], [ -104.65539, 39.822605 ], [ -104.655445, 39.812999 ], [ -104.659171, 39.813025 ], [ -104.666182, 39.813075 ], [ -104.666062, 39.822791 ], [ -104.716084, 39.823207 ], [ -104.753082, 39.823381 ], [ -104.753052, 39.82733 ], [ -104.756747, 39.827766 ], [ -104.772902, 39.82782 ], [ -104.777406, 39.826994 ], [ -104.780634, 39.825293 ], [ -104.783461, 39.822165 ], [ -104.784212, 39.819913 ], [ -104.783909, 39.798367 ], [ -104.78863, 39.798397 ], [ -104.790895, 39.798251 ], [ -104.790859, 39.841802 ] ] ] } },
{ "type": "Feature", "properties": { "STATEFP": "08", "COUNTYFP": "031", "TRACTCE": "003101", "GEOIDFQ": "1400000US08031003101", "GEOID": "08031003101", "NAME": "31.01", "NAMELSAD": "Census Tract 31.01", "STUSPS": "CO", "NAMELSADCO": "Denver County", "STATE_NAME": "Colorado", "LSAD": "CT", "ALAND": 516843, "AWATER": 0, "centroid_lon": -104.96653058465968, "centroid_lat": 39.748709921339859, "B03002_001E": 1775, "B03002_001M": 287, "B03002_012E": 150, "B03002_012M": 143, "B19013_001E": 108833, "B19013_001M": 28577, "B01003_001E": 1775, "state": "08", "county": "031", "tract": "003101", "latino_share": 0.084507042253521125, "camera_count": 1, "arterial_road_m": 2616.7538448989822, "land_area_km2": 0.516843, "pop_density_per_km2": 3434.3117735946889, "arterial_km_per_km2": 5.0629569228933775, "log_income": 11.597569876238687, "city": "Denver", "crime_count_raw": 981, "crime_rate_annual_per_km2_1000": 0.33686448217869291 }, "geometry": { "type": "Polygon", "coordinates": [ [ [ -104.973357, 39.750723 ], [ -104.959766, 39.750716 ], [ -104.959784, 39.746935 ], [ -104.964757, 39.746943 ], [ -104.964754, 39.746068 ], [ -104.968434, 39.746081 ], [ -104.968432, 39.747101 ], [ -104.973339, 39.746975 ], [ -104.973357, 39.750723 ] ] ] } },
{ "type": "Feature", "properties": { "STATEFP": "08", "COUNTYFP": "031", "TRACTCE": "001302", "GEOIDFQ": "1400000US08031001302", "GEOID": "08031001302", "NAME": "13.02", "NAMELSAD": "Census Tract 13.02", "STUSPS": "CO", "NAMELSADCO": "Denver County", "STATE_NAME": "Colorado", "LSAD": "CT", "ALAND": 2101761, "AWATER": 13495, "centroid_lon": -105.00347352920471, "centroid_lat": 39.703092341537605, "B03002_001E": 3472, "B03002_001M": 695, "B03002_012E": 2017, "B03002_012M": 367, "B19013_001E": 86316, "B19013_001M": 30966, "B01003_001E": 3472, "state": "08", "county": "031", "tract": "001302", "latino_share": 0.58093317972350234, "camera_count": 1, "arterial_road_m": 7914.9711698547153, "land_area_km2": 2.101761, "pop_density_per_km2": 1651.94805689134, "arterial_km_per_km2": 3.7658759344448369, "log_income": 11.365770259655356, "city": "Denver", "crime_count_raw": 1597, "crime_rate_annual_per_km2_1000": 0.13485480993078047 }, "geometry": { "type": "Polygon", "coordinates": [ [ [ -105.012621, 39.698316 ], [ -105.012139, 39.699143 ], [ -105.011033, 39.701372 ], [ -105.010983, 39.703972 ], [ -105.011009, 39.711189 ], [ -105.001564, 39.711174 ], [ -105.000143, 39.711202 ], [ -104.997805, 39.705845 ], [ -104.992492, 39.699352 ], [ -104.992384, 39.69666 ], [ -105.006595, 39.696724 ], [ -105.012707, 39.696747 ], [ -105.012621, 39.698316 ] ] ] } },
{ "type": "Feature", "properties": { "STATEFP": "08", "COUNTYFP": "031", "TRACTCE": "007037", "GEOIDFQ": "1400000US08031007037", "GEOID": "08031007037", "NAME": "70.37", "NAMELSAD": "Census Tract 70.37", "STUSPS": "CO", "NAMELSADCO": "Denver County", "STATE_NAME": "Colorado", "LSAD": "CT", "ALAND": 1058750, "AWATER": 0, "centroid_lon": -104.87091308274374, "centroid_lat": 39.703697855454621, "B03002_001E": 4130, "B03002_001M": 634, "B03002_012E": 1357, "B03002_012M": 440, "B19013_001E": 65167, "B19013_001M": 8841, "B01003_001E": 4130, "state": "08", "county": "031", "tract": "007037", "latino_share": 0.32857142857142857, "camera_count": 1, "arterial_road_m": 2877.8400899812732, "land_area_km2": 1.05875, "pop_density_per_km2": 3900.8264462809916, "arterial_km_per_km2": 2.7181488453187939, "log_income": 11.084708484815879, "city": "Denver", "crime_count_raw": 1435, "crime_rate_annual_per_km2_1000": 0.24054887598486857 }, "geometry": { "type": "Polygon", "coordinates": [ [ [ -104.875373, 39.709029 ], [ -104.870625, 39.710174 ], [ -104.865971, 39.711053 ], [ -104.865967, 39.703807 ], [ -104.868617, 39.703056 ], [ -104.870648, 39.700535 ], [ -104.870662, 39.698377 ], [ -104.868301, 39.698371 ], [ -104.868309, 39.700192 ], [ -104.865964, 39.699279 ], [ -104.865962, 39.696559 ], [ -104.874196, 39.696472 ], [ -104.875309, 39.696505 ], [ -104.875318, 39.698438 ], [ -104.875336, 39.700148 ], [ -104.87535, 39.70195 ], [ -104.875335, 39.703438 ], [ -104.875373, 39.708897 ], [ -104.875373, 39.709029 ] ] ] } },
{ "type": "Feature", "properties": { "STATEFP": "08", "COUNTYFP": "031", "TRACTCE": "000905", "GEOIDFQ": "1400000US08031000905", "GEOID": "08031000905", "NAME": "9.05", "NAMELSAD": "Census Tract 9.05", "STUSPS": "CO", "NAMELSADCO": "Denver County", "STATE_NAME": "Colorado", "LSAD": "CT", "ALAND": 1312927, "AWATER": 0, "centroid_lon": -105.03205478607079, "centroid_lat": 39.730474567022689, "B03002_001E": 2880, "B03002_001M": 575, "B03002_012E": 1642, "B03002_012M": 457, "B19013_001E": 90811, "B19013_001M": 19793, "B01003_001E": 2880, "state": "08", "county": "031", "tract": "000905", "latino_share": 0.57013888888888886, "camera_count": 2, "arterial_road_m": 7130.022334515942, "land_area_km2": 1.312927, "pop_density_per_km2": 2193.5720721715679, "arterial_km_per_km2": 5.4306312038033662, "log_income": 11.416535702626327, "city": "Denver", "crime_count_raw": 1613, "crime_rate_annual_per_km2_1000": 0.21804123939922002 }, "geometry": { "type": "Polygon", "coordinates": [ [ [ -105.039471, 39.730622 ], [ -105.039384, 39.732994 ], [ -105.0393, 39.734344 ], [ -105.036848, 39.734314 ], [ -105.03461, 39.735952 ], [ -105.032161, 39.734973 ], [ -105.026007, 39.736187 ], [ -105.025236, 39.736565 ], [ -105.025162, 39.732988 ], [ -105.025156, 39.731194 ], [ -105.025154, 39.729321 ], [ -105.025135, 39.725542 ], [ -105.032484, 39.725622 ], [ -105.039454, 39.725707 ], [ -105.039468, 39.728256 ], [ -105.039471, 39.730622 ] ] ] } },
{ "type": "Feature", "properties": { "STATEFP": "08", "COUNTYFP": "031", "TRACTCE": "002801", "GEOIDFQ": "1400000US08031002801", "GEOID": "08031002801", "NAME": "28.01", "NAMELSAD": "Census Tract 28.01", "STUSPS": "CO", "NAMELSADCO": "Denver County", "STATE_NAME": "Colorado", "LSAD": "CT", "ALAND": 753261, "AWATER": 0, "centroid_lon": -104.97825301216514, "centroid_lat": 39.723926942235281, "B03002_001E": 2984, "B03002_001M": 290, "B03002_012E": 243, "B03002_012M": 98, "B19013_001E": 92243, "B19013_001M": 17466, "B01003_001E": 2984, "state": "08", "county": "031", "tract": "002801", "latino_share": 0.081434316353887398, "camera_count": 0, "arterial_road_m": 7641.625784722979, "land_area_km2": 0.753261, "pop_density_per_km2": 3961.4423154789642, "arterial_km_per_km2": 10.144725114831353, "log_income": 11.432181678264875, "city": "Denver", "crime_count_raw": 1504, "crime_rate_annual_per_km2_1000": 0.35436205206777455 }, "geometry": { "type": "Polygon", "coordinates": [ [ [ -104.987415, 39.727275 ], [ -104.983623, 39.727283 ], [ -104.981138, 39.727264 ], [ -104.979938, 39.727268 ], [ -104.977558, 39.727261 ], [ -104.972939, 39.727283 ], [ -104.972914, 39.725576 ], [ -104.972916, 39.723738 ], [ -104.97291, 39.721952 ], [ -104.972931, 39.720105 ], [ -104.973248, 39.718401 ], [ -104.976083, 39.7191 ], [ -104.977538, 39.719747 ], [ -104.980305, 39.721486 ], [ -104.982969, 39.723163 ], [ -104.987423, 39.726943 ], [ -104.987415, 39.727275 ] ] ] } },
{ "type": "Feature", "properties": { "STATEFP": "08", "COUNTYFP": "031", "TRACTCE": "008305", "GEOIDFQ": "1400000US08031008305", "GEOID": "08031008305", "NAME": "83.05", "NAMELSAD": "Census Tract 83.05", "STUSPS": "CO", "NAMELSADCO": "Denver County", "STATE_NAME": "Colorado", "LSAD": "CT", "ALAND": 1026177, "AWATER": 0, "centroid_lon": -104.82868320485994, "centroid_lat": 39.794349180909201, "B03002_001E": 4907, "B03002_001M": 927, "B03002_012E": 3895, "B03002_012M": 902, "B19013_001E": 84542, "B19013_001M": 10734, "B01003_001E": 4907, "state": "08", "county": "031", "tract": "008305", "latino_share": 0.79376401059710622, "camera_count": 0, "arterial_road_m": 4843.5562790841468, "land_area_km2": 1.026177, "pop_density_per_km2": 4781.8261372063498, "arterial_km_per_km2": 4.7200008176797441, "log_income": 11.345003731281214, "city": "Denver", "crime_count_raw": 783, "crime_rate_annual_per_km2_1000": 0.13542047717766661 }, "geometry": { "type": "Polygon", "coordinates": [ [ [ -104.835661, 39.794812 ], [ -104.835673, 39.798108 ], [ -104.829131, 39.798059 ], [ -104.827186, 39.798216 ], [ -104.820038, 39.79826 ], [ -104.820278, 39.79582 ], [ -104.823707, 39.792968 ], [ -104.824824, 39.790561 ], [ -104.828184, 39.788695 ], [ -104.834468, 39.791131 ], [ -104.835584, 39.791055 ], [ -104.835684, 39.793226 ], [ -104.835661, 39.794812 ] ] ] } },
{ "type": "Feature", "properties": { "STATEFP": "08", "COUNTYFP": "031", "TRACTCE": "000705", "GEOIDFQ": "1400000US08031000705", "GEOID": "08031000705", "NAME": "7.05", "NAMELSAD": "Census Tract 7.05", "STUSPS": "CO", "NAMELSADCO": "Denver County", "STATE_NAME": "Colorado", "LSAD": "CT", "ALAND": 736183, "AWATER": 0, "centroid_lon": -105.03546048967085, "centroid_lat": 39.740303097967534, "B03002_001E": 2566, "B03002_001M": 329, "B03002_012E": 901, "B03002_012M": 333, "B19013_001E": 145227, "B19013_001M": 55154, "B01003_001E": 2566, "state": "08", "county": "031", "tract": "000705", "latino_share": 0.35113016367887762, "camera_count": 1, "arterial_road_m": 1997.0389555096428, "land_area_km2": 0.736183, "pop_density_per_km2": 3485.5463926768207, "arterial_km_per_km2": 2.7126936583833676, "log_income": 11.886053314499421, "city": "Denver", "crime_count_raw": 2175, "crime_rate_annual_per_km2_1000": 0.5243464487647258 }, "geometry": { "type": "Polygon", "coordinates": [ [ [ -105.039324, 39.741526 ], [ -105.039308, 39.743953 ], [ -105.035765, 39.74395 ], [ -105.035771, 39.746378 ], [ -105.034933, 39.746385 ], [ -105.031511, 39.746374 ], [ -105.031505, 39.742745 ], [ -105.031502, 39.741517 ], [ -105.032276, 39.740335 ], [ -105.032266, 39.738473 ], [ -105.032161, 39.734973 ], [ -105.03461, 39.735952 ], [ -105.036848, 39.734314 ], [ -105.0393, 39.734344 ], [ -105.039311, 39.73847 ], [ -105.039326, 39.740342 ], [ -105.039324, 39.741526 ] ] ] } },
{ "type": "Feature", "properties": { "STATEFP": "08", "COUNTYFP": "031", "TRACTCE": "004110", "GEOIDFQ": "1400000US08031004110", "GEOID": "08031004110", "NAME": "41.10", "NAMELSAD": "Census Tract 41.10", "STUSPS": "CO", "NAMELSADCO": "Denver County", "STATE_NAME": "Colorado", "LSAD": "CT", "ALAND": 6465796, "AWATER": 32253, "centroid_lon": -104.86531975881813, "centroid_lat": 39.76809125450923, "B03002_001E": 5095, "B03002_001M": 384, "B03002_012E": 1091, "B03002_012M": 333, "B19013_001E": 188594, "B19013_001M": 65958, "B01003_001E": 5095, "state": "08", "county": "031", "tract": "004110", "latino_share": 0.21413150147203142, "camera_count": 2, "arterial_road_m": 30607.997756162837, "land_area_km2": 6.465796, "pop_density_per_km2": 787.99269262438838, "arterial_km_per_km2": 4.7338328886594683, "log_income": 12.147351835313827, "city": "Denver", "crime_count_raw": 3202, "crime_rate_annual_per_km2_1000": 0.08789095502282171 }, "geometry": { "type": "Polygon", "coordinates": [ [ [ -104.890257, 39.768065 ], [ -104.889592, 39.769126 ], [ -104.883084, 39.772888 ], [ -104.882862, 39.777127 ], [ -104.876159, 39.776514 ], [ -104.865886, 39.775633 ], [ -104.847033, 39.774008 ], [ -104.828163, 39.772374 ], [ -104.828323, 39.769156 ], [ -104.833009, 39.769177 ], [ -104.832972, 39.766391 ], [ -104.837614, 39.767169 ], [ -104.856394, 39.768581 ], [ -104.856399, 39.76781 ], [ -104.856338, 39.758127 ], [ -104.85552, 39.757796 ], [ -104.860285, 39.757607 ], [ -104.863138, 39.758887 ], [ -104.865866, 39.758846 ], [ -104.86851, 39.758978 ], [ -104.87022, 39.759921 ], [ -104.875299, 39.759956 ], [ -104.890192, 39.760267 ], [ -104.890257, 39.768065 ] ] ] } },
{ "type": "Feature", "properties": { "STATEFP": "08", "COUNTYFP": "031", "TRACTCE": "004109", "GEOIDFQ": "1400000US08031004109", "GEOID": "08031004109", "NAME": "41.09", "NAMELSAD": "Census Tract 41.09", "STUSPS": "CO", "NAMELSADCO": "Denver County", "STATE_NAME": "Colorado", "LSAD": "CT", "ALAND": 4644254, "AWATER": 0, "centroid_lon": -104.87328510541049, "centroid_lat": 39.797110830494375, "B03002_001E": 3536, "B03002_001M": 400, "B03002_012E": 695, "B03002_012M": 361, "B19013_001E": 202167, "B19013_001M": 20643, "B01003_001E": 3536, "state": "08", "county": "031", "tract": "004109", "latino_share": 0.1965497737556561, "camera_count": 0, "arterial_road_m": 10279.922929009464, "land_area_km2": 4.644254, "pop_density_per_km2": 761.37093276982694, "arterial_km_per_km2": 2.2134712978681752, "log_income": 12.216849367501389, "city": "Denver", "crime_count_raw": 1334, "crime_rate_annual_per_km2_1000": 0.050978226191717789 }, "geometry": { "type": "Polygon", "coordinates": [ [ [ -104.884405, 39.812815 ], [ -104.880056, 39.812822 ], [ -104.866074, 39.812847 ], [ -104.866041, 39.798386 ], [ -104.866096, 39.7979 ], [ -104.8659, 39.782434 ], [ -104.865886, 39.775633 ], [ -104.876159, 39.776514 ], [ -104.876253, 39.782565 ], [ -104.876284, 39.789408 ], [ -104.875846, 39.79034 ], [ -104.875438, 39.791498 ], [ -104.875474, 39.798335 ], [ -104.884474, 39.798322 ], [ -104.884405, 39.812815 ] ] ] } },
{ "type": "Feature", "properties": { "STATEFP": "08", "COUNTYFP": "031", "TRACTCE": "006818", "GEOIDFQ": "1400000US08031006818", "GEOID": "08031006818", "NAME": "68.18", "NAMELSAD": "Census Tract 68.18", "STUSPS": "CO", "NAMELSADCO": "Denver County", "STATE_NAME": "Colorado", "LSAD": "CT", "ALAND": 1259085, "AWATER": 0, "centroid_lon": -104.89349817060159, "centroid_lat": 39.656934942223089, "B03002_001E": 4416, "B03002_001M": 770, "B03002_012E": 862, "B03002_012M": 433, "B19013_001E": 67804, "B19013_001M": 6260, "B01003_001E": 4416, "state": "08", "county": "031", "tract": "006818", "latino_share": 0.19519927536231885, "camera_count": 10, "arterial_road_m": 6042.568133475751, "land_area_km2": 1.259085, "pop_density_per_km2": 3507.3088790669412, "arterial_km_per_km2": 4.7991741093538165, "log_income": 11.124376469238378, "city": "Denver", "crime_count_raw": 1970, "crime_rate_annual_per_km2_1000": 0.27768730800402736 }, "geometry": { "type": "Polygon", "coordinates": [ [ [ -104.904112, 39.659972 ], [ -104.902026, 39.660298 ], [ -104.894638, 39.660339 ], [ -104.889475, 39.660357 ], [ -104.887116, 39.661925 ], [ -104.885111, 39.660301 ], [ -104.884715, 39.659892 ], [ -104.884691, 39.657912 ], [ -104.884696, 39.657235 ], [ -104.884785, 39.653068 ], [ -104.894083, 39.653093 ], [ -104.898759, 39.653113 ], [ -104.900801, 39.65311 ], [ -104.902467, 39.656817 ], [ -104.903555, 39.657671 ], [ -104.904112, 39.659972 ] ] ] } },
{ "type": "Feature", "properties": { "STATEFP": "08", "COUNTYFP": "031", "TRACTCE": "008387", "GEOIDFQ": "1400000US08031008387", "GEOID": "08031008387", "NAME": "83.87", "NAMELSAD": "Census Tract 83.87", "STUSPS": "CO", "NAMELSADCO": "Denver County", "STATE_NAME": "Colorado", "LSAD": "CT", "ALAND": 1737987, "AWATER": 0, "centroid_lon": -104.82018652894237, "centroid_lat": 39.784051102516571, "B03002_001E": 6684, "B03002_001M": 745, "B03002_012E": 4131, "B03002_012M": 636, "B19013_001E": 120219, "B19013_001M": 9195, "B01003_001E": 6684, "state": "08", "county": "031", "tract": "008387", "latino_share": 0.61804308797127472, "camera_count": 0, "arterial_road_m": 8509.003914070996, "land_area_km2": 1.737987, "pop_density_per_km2": 3845.8285361167837, "arterial_km_per_km2": 4.8958961799317233, "log_income": 11.697070358475044, "city": "Denver", "crime_count_raw": 968, "crime_rate_annual_per_km2_1000": 0.098849320402996113 }, "geometry": { "type": "Polygon", "coordinates": [ [ [ -104.831204, 39.784332 ], [ -104.828184, 39.788695 ], [ -104.824824, 39.790561 ], [ -104.823707, 39.792968 ], [ -104.818935, 39.791943 ], [ -104.820037, 39.789299 ], [ -104.817179, 39.788735 ], [ -104.818442, 39.786096 ], [ -104.810799, 39.783851 ], [ -104.809797, 39.783754 ], [ -104.809849, 39.780344 ], [ -104.809902, 39.776759 ], [ -104.811549, 39.776845 ], [ -104.819552, 39.779086 ], [ -104.821601, 39.779107 ], [ -104.823984, 39.779109 ], [ -104.824699, 39.778834 ], [ -104.8257, 39.780629 ], [ -104.828953, 39.783369 ], [ -104.831204, 39.784332 ] ] ] } },
{ "type": "Feature", "properties": { "STATEFP": "08", "COUNTYFP": "031", "TRACTCE": "980100", "GEOIDFQ": "1400000US08031980100", "GEOID": "08031980100", "NAME": "9801", "NAMELSAD": "Census Tract 9801", "STUSPS": "CO", "NAMELSADCO": "Denver County", "STATE_NAME": "Colorado", "LSAD": "CT", "ALAND": 4225561, "AWATER": 0, "centroid_lon": -104.85642028332131, "centroid_lat": 39.786566206109825, "B03002_001E": 0, "B03002_001M": 13, "B03002_012E": 0, "B03002_012M": 13, "B19013_001E": -666666666, "B19013_001M": -222222222, "B01003_001E": 0, "state": "08", "county": "031", "tract": "980100", "latino_share": null, "camera_count": 2, "arterial_road_m": 17751.575346540219, "land_area_km2": 4.225561, "pop_density_per_km2": 0.0, "arterial_km_per_km2": 4.2009984819862307, "log_income": null, "city": "Denver", "crime_count_raw": 2441, "crime_rate_annual_per_km2_1000": 0.10252464119307035 }, "geometry": { "type": "Polygon", "coordinates": [ [ [ -104.866041, 39.798386 ], [ -104.847181, 39.798236 ], [ -104.847165, 39.796293 ], [ -104.847087, 39.789276 ], [ -104.847049, 39.786407 ], [ -104.84701, 39.782386 ], [ -104.847033, 39.774008 ], [ -104.865886, 39.775633 ], [ -104.8659, 39.782434 ], [ -104.866096, 39.7979 ], [ -104.866041, 39.798386 ] ] ] } },
{ "type": "Feature", "properties": { "STATEFP": "08", "COUNTYFP": "031", "TRACTCE": "007090", "GEOIDFQ": "1400000US08031007090", "GEOID": "08031007090", "NAME": "70.90", "NAMELSAD": "Census Tract 70.90", "STUSPS": "CO", "NAMELSADCO": "Denver County", "STATE_NAME": "Colorado", "LSAD": "CT", "ALAND": 204903, "AWATER": 0, "centroid_lon": -104.88980329928195, "centroid_lat": 39.707889810619236, "B03002_001E": 1622, "B03002_001M": 319, "B03002_012E": 189, "B03002_012M": 141, "B19013_001E": 58813, "B19013_001M": 3517, "B01003_001E": 1622, "state": "08", "county": "031", "tract": "007090", "latino_share": 0.11652281134401973, "camera_count": 0, "arterial_road_m": 412.4047650628616, "land_area_km2": 0.204903, "pop_density_per_km2": 7915.940713410736, "arterial_km_per_km2": 2.0126829039245964, "log_income": 10.982118197885645, "city": "Denver", "crime_count_raw": 549, "crime_rate_annual_per_km2_1000": 0.47552010281363455 }, "geometry": { "type": "Polygon", "coordinates": [ [ [ -104.89291, 39.711192 ], [ -104.885822, 39.707218 ], [ -104.885372, 39.707063 ], [ -104.885763, 39.706469 ], [ -104.890371, 39.705676 ], [ -104.89232, 39.707425 ], [ -104.89291, 39.711192 ] ] ] } },
{ "type": "Feature", "properties": { "STATEFP": "08", "COUNTYFP": "031", "TRACTCE": "004407", "GEOIDFQ": "1400000US08031004407", "GEOID": "08031004407", "NAME": "44.07", "NAMELSAD": "Census Tract 44.07", "STUSPS": "CO", "NAMELSADCO": "Denver County", "STATE_NAME": "Colorado", "LSAD": "CT", "ALAND": 4307778, "AWATER": 0, "centroid_lon": -104.885379629718, "centroid_lat": 39.717615487501746, "B03002_001E": 6101, "B03002_001M": 826, "B03002_012E": 1382, "B03002_012M": 904, "B19013_001E": 100579, "B19013_001M": 16444, "B01003_001E": 6101, "state": "08", "county": "031", "tract": "004407", "latino_share": 0.2265202425831831, "camera_count": 3, "arterial_road_m": 14954.551449402017, "land_area_km2": 4.307778, "pop_density_per_km2": 1416.2753976644108, "arterial_km_per_km2": 3.4715232422381135, "log_income": 11.51869876734207, "city": "Denver", "crime_count_raw": 1858, "crime_rate_annual_per_km2_1000": 0.076548599574500498 }, "geometry": { "type": "Polygon", "coordinates": [ [ [ -104.903705, 39.717058 ], [ -104.896355, 39.717145 ], [ -104.895601, 39.717353 ], [ -104.890963, 39.719969 ], [ -104.89115, 39.720388 ], [ -104.891923, 39.725829 ], [ -104.892686, 39.731002 ], [ -104.891337, 39.732854 ], [ -104.884708, 39.732846 ], [ -104.885135, 39.730193 ], [ -104.886613, 39.729219 ], [ -104.881934, 39.72496 ], [ -104.879735, 39.725623 ], [ -104.87533, 39.725576 ], [ -104.87534, 39.720134 ], [ -104.87534, 39.719711 ], [ -104.874947, 39.71845 ], [ -104.87432, 39.718201 ], [ -104.870596, 39.718176 ], [ -104.870625, 39.710174 ], [ -104.875373, 39.709029 ], [ -104.879022, 39.708157 ], [ -104.884017, 39.707029 ], [ -104.885372, 39.707063 ], [ -104.885822, 39.707218 ], [ -104.89291, 39.711192 ], [ -104.903494, 39.711281 ], [ -104.903454, 39.713323 ], [ -104.903705, 39.717058 ] ] ] } }
]
}
