{
"type": "FeatureCollection",
"name": "el_paso_tracts_analysis_table",
"crs": { "type": "name", "properties": { "name": "urn:ogc:def:crs:EPSG::4269" } },
"features": [
{ "type": "Feature", "properties": { "STATEFP": "48", "COUNTYFP": "141", "TRACTCE": "003403", "GEOIDFQ": "1400000US48141003403", "GEOID": "48141003403", "NAME": "34.03", "NAMELSAD": "Census Tract 34.03", "STUSPS": "TX", "NAMELSADCO": "El Paso County", "STATE_NAME": "Texas", "LSAD": "CT", "ALAND": 3148506, "AWATER": 0, "centroid_lon": -106.38620220544367, "centroid_lat": 31.783123276975864, "B03002_001E": 5584, "B03002_001M": 1783, "B03002_012E": 4720, "B03002_012M": 1793, "B19013_001E": 65586, "B19013_001M": 25785, "B01003_001E": 5584, "state": "48", "county": "141", "tract": "003403", "latino_share": 0.8452722063037249, "camera_count": 3, "arterial_road_m": 21649.100917688276, "land_area_km2": 3.148506, "pop_density_per_km2": 1773.5395771835913, "arterial_km_per_km2": 6.8759916346636398, "log_income": 11.091117537521891, "city": "El Paso" }, "geometry": { "type": "Polygon", "coordinates": [ [ [ -106.398282, 31.789486 ], [ -106.394673, 31.789973 ], [ -106.387993, 31.790848 ], [ -106.37809, 31.792163 ], [ -106.377805, 31.790755 ], [ -106.378418, 31.788249 ], [ -106.377734, 31.784498 ], [ -106.37818, 31.782773 ], [ -106.377319, 31.782885 ], [ -106.377211, 31.780539 ], [ -106.379278, 31.779068 ], [ -106.375468, 31.776292 ], [ -106.374534, 31.775752 ], [ -106.374637, 31.775659 ], [ -106.377265, 31.771598 ], [ -106.392635, 31.778682 ], [ -106.397765, 31.781069 ], [ -106.398282, 31.789486 ] ] ] } },
{ "type": "Feature", "properties": { "STATEFP": "48", "COUNTYFP": "141", "TRACTCE": "004004", "GEOIDFQ": "1400000US48141004004", "GEOID": "48141004004", "NAME": "40.04", "NAMELSAD": "Census Tract 40.04", "STUSPS": "TX", "NAMELSADCO": "El Paso County", "STATE_NAME": "Texas", "LSAD": "CT", "ALAND": 3286002, "AWATER": 0, "centroid_lon": -106.31080950771144, "centroid_lat": 31.694296192668222, "B03002_001E": 5243, "B03002_001M": 701, "B03002_012E": 4934, "B03002_012M": 664, "B19013_001E": 53177, "B19013_001M": 11949, "B01003_001E": 5243, "state": "48", "county": "141", "tract": "004004", "latino_share": 0.94106427617776078, "camera_count": 0, "arterial_road_m": 14162.218761741946, "land_area_km2": 3.286002, "pop_density_per_km2": 1595.5559369714322, "arterial_km_per_km2": 4.3098630986049145, "log_income": 10.881381251020752, "city": "El Paso" }, "geometry": { "type": "Polygon", "coordinates": [ [ [ -106.320988, 31.702893 ], [ -106.317523, 31.704952 ], [ -106.316269, 31.706002 ], [ -106.315586, 31.706603 ], [ -106.311974, 31.704852 ], [ -106.307526, 31.69954 ], [ -106.297824, 31.689304 ], [ -106.296432, 31.6878 ], [ -106.296604, 31.687625 ], [ -106.298062, 31.686499 ], [ -106.299199, 31.685885 ], [ -106.308157, 31.682364 ], [ -106.312022, 31.686747 ], [ -106.312066, 31.686696 ], [ -106.317067, 31.692216 ], [ -106.324804, 31.698941 ], [ -106.320988, 31.702893 ] ] ] } },
{ "type": "Feature", "properties": { "STATEFP": "48", "COUNTYFP": "141", "TRACTCE": "000204", "GEOIDFQ": "1400000US48141000204", "GEOID": "48141000204", "NAME": "2.04", "NAMELSAD": "Census Tract 2.04", "STUSPS": "TX", "NAMELSADCO": "El Paso County", "STATE_NAME": "Texas", "LSAD": "CT", "ALAND": 2647092, "AWATER": 0, "centroid_lon": -106.40049023974227, "centroid_lat": 31.889673246472675, "B03002_001E": 5198, "B03002_001M": 616, "B03002_012E": 3570, "B03002_012M": 542, "B19013_001E": 50451, "B19013_001M": 10987, "B01003_001E": 5198, "state": "48", "county": "141", "tract": "000204", "latino_share": 0.68680261639091955, "camera_count": 0, "arterial_road_m": 10547.920880579915, "land_area_km2": 2.647092, "pop_density_per_km2": 1963.6642776299427, "arterial_km_per_km2": 3.9847201686151887, "log_income": 10.828757847190859, "city": "El Paso" }, "geometry": { "type": "Polygon", "coordinates": [ [ [ -106.406835, 31.89883 ], [ -106.39934, 31.898948 ], [ -106.394025, 31.898948 ], [ -106.388574, 31.898914 ], [ -106.39752, 31.884806 ], [ -106.406135, 31.871217 ], [ -106.406222, 31.871801 ], [ -106.40626, 31.876749 ], [ -106.406356, 31.880717 ], [ -106.406455, 31.88477 ], [ -106.406603, 31.891989 ], [ -106.406679, 31.895562 ], [ -106.406835, 31.89883 ] ] ] } },
{ "type": "Feature", "properties": { "STATEFP": "48", "COUNTYFP": "141", "TRACTCE": "001001", "GEOIDFQ": "1400000US48141001001", "GEOID": "48141001001", "NAME": "10.01", "NAMELSAD": "Census Tract 10.01", "STUSPS": "TX", "NAMELSADCO": "El Paso County", "STATE_NAME": "Texas", "LSAD": "CT", "ALAND": 1056031, "AWATER": 0, "centroid_lon": -106.46189472600379, "centroid_lat": 31.799683580847304, "B03002_001E": 2838, "B03002_001M": 494, "B03002_012E": 2739, "B03002_012M": 483, "B19013_001E": 50337, "B19013_001M": 18848, "B01003_001E": 2838, "state": "48", "county": "141", "tract": "001001", "latino_share": 0.96511627906976749, "camera_count": 0, "arterial_road_m": 2628.8589484820059, "land_area_km2": 1.056031, "pop_density_per_km2": 2687.4211079030824, "arterial_km_per_km2": 2.4893766835272886, "log_income": 10.826495672157808, "city": "El Paso" }, "geometry": { "type": "Polygon", "coordinates": [ [ [ -106.468734, 31.799296 ], [ -106.465922, 31.799533 ], [ -106.465905, 31.80493 ], [ -106.462878, 31.804912 ], [ -106.461366, 31.804912 ], [ -106.456827, 31.804941 ], [ -106.45685, 31.800409 ], [ -106.456851, 31.7995 ], [ -106.456875, 31.794888 ], [ -106.461417, 31.794899 ], [ -106.461418, 31.794988 ], [ -106.468523, 31.79503 ], [ -106.467441, 31.797727 ], [ -106.468734, 31.799296 ] ] ] } },
{ "type": "Feature", "properties": { "STATEFP": "48", "COUNTYFP": "141", "TRACTCE": "000106", "GEOIDFQ": "1400000US48141000106", "GEOID": "48141000106", "NAME": "1.06", "NAMELSAD": "Census Tract 1.06", "STUSPS": "TX", "NAMELSADCO": "El Paso County", "STATE_NAME": "Texas", "LSAD": "CT", "ALAND": 2629548, "AWATER": 0, "centroid_lon": -106.43034837703752, "centroid_lat": 31.920589298367421, "B03002_001E": 6105, "B03002_001M": 681, "B03002_012E": 3825, "B03002_012M": 576, "B19013_001E": 73516, "B19013_001M": 10871, "B01003_001E": 6105, "state": "48", "county": "141", "tract": "000106", "latino_share": 0.62653562653562656, "camera_count": 2, "arterial_road_m": 5989.6874060842583, "land_area_km2": 2.629548, "pop_density_per_km2": 2321.6917888549665, "arterial_km_per_km2": 2.2778391594617244, "log_income": 11.205258348585364, "city": "El Paso" }, "geometry": { "type": "Polygon", "coordinates": [ [ [ -106.441206, 31.918646 ], [ -106.440224, 31.921209 ], [ -106.439357, 31.922345 ], [ -106.437595, 31.923829 ], [ -106.432825, 31.926222 ], [ -106.423603, 31.930694 ], [ -106.421775, 31.928748 ], [ -106.419299, 31.928153 ], [ -106.419449, 31.927108 ], [ -106.422068, 31.924407 ], [ -106.422117, 31.923178 ], [ -106.422254, 31.92056 ], [ -106.422855, 31.919635 ], [ -106.423259, 31.918826 ], [ -106.422125, 31.915606 ], [ -106.422322, 31.914006 ], [ -106.424052, 31.913762 ], [ -106.432317, 31.913604 ], [ -106.438798, 31.91348 ], [ -106.4412, 31.912852 ], [ -106.441296, 31.917792 ], [ -106.441206, 31.918646 ] ] ] } },
{ "type": "Feature", "properties": { "STATEFP": "48", "COUNTYFP": "141", "TRACTCE": "001900", "GEOIDFQ": "1400000US48141001900", "GEOID": "48141001900", "NAME": "19", "NAMELSAD": "Census Tract 19", "STUSPS": "TX", "NAMELSADCO": "El Paso County", "STATE_NAME": "Texas", "LSAD": "CT", "ALAND": 616185, "AWATER": 0, "centroid_lon": -106.48088325912404, "centroid_lat": 31.752516314273606, "B03002_001E": 2150, "B03002_001M": 426, "B03002_012E": 2071, "B03002_012M": 432, "B19013_001E": 14699, "B19013_001M": 2213, "B01003_001E": 2150, "state": "48", "county": "141", "tract": "001900", "latino_share": 0.96325581395348836, "camera_count": 1, "arterial_road_m": 6433.7502059138669, "land_area_km2": 0.616185, "pop_density_per_km2": 3489.2118438455982, "arterial_km_per_km2": 10.441263915729639, "log_income": 9.5955347432419877, "city": "El Paso" }, "geometry": { "type": "Polygon", "coordinates": [ [ [ -106.486069, 31.755539 ], [ -106.483009, 31.75632 ], [ -106.479942, 31.757054 ], [ -106.479138, 31.754457 ], [ -106.477842, 31.753819 ], [ -106.477023, 31.751198 ], [ -106.473951, 31.751919 ], [ -106.473319434990998, 31.750650608987101 ], [ -106.475542, 31.750109 ], [ -106.482707276301994, 31.748297996099399 ], [ -106.483435, 31.750598 ], [ -106.484457, 31.750368 ], [ -106.485006, 31.752123 ], [ -106.486069, 31.755539 ] ] ] } },
{ "type": "Feature", "properties": { "STATEFP": "48", "COUNTYFP": "141", "TRACTCE": "000208", "GEOIDFQ": "1400000US48141000208", "GEOID": "48141000208", "NAME": "2.08", "NAMELSAD": "Census Tract 2.08", "STUSPS": "TX", "NAMELSADCO": "El Paso County", "STATE_NAME": "Texas", "LSAD": "CT", "ALAND": 4223987, "AWATER": 0, "centroid_lon": -106.38599912523871, "centroid_lat": 31.918051221714649, "B03002_001E": 5252, "B03002_001M": 1104, "B03002_012E": 4214, "B03002_012M": 1111, "B19013_001E": 66250, "B19013_001M": 12070, "B01003_001E": 5252, "state": "48", "county": "141", "tract": "000208", "latino_share": 0.80236100533130239, "camera_count": 0, "arterial_road_m": 8600.1560080005693, "land_area_km2": 4.223987, "pop_density_per_km2": 1243.3750387962841, "arterial_km_per_km2": 2.0360280483819122, "log_income": 11.101190743848468, "city": "El Paso" }, "geometry": { "type": "Polygon", "coordinates": [ [ [ -106.40159, 31.910199 ], [ -106.391886, 31.92485 ], [ -106.389433, 31.928353 ], [ -106.387614, 31.928402 ], [ -106.377434, 31.928403 ], [ -106.373489, 31.92833 ], [ -106.370643, 31.927172 ], [ -106.384007, 31.906116 ], [ -106.385298, 31.906558 ], [ -106.394207, 31.906573 ], [ -106.394289, 31.910198 ], [ -106.40159, 31.910199 ] ] ] } },
{ "type": "Feature", "properties": { "STATEFP": "48", "COUNTYFP": "141", "TRACTCE": "010328", "GEOIDFQ": "1400000US48141010328", "GEOID": "48141010328", "NAME": "103.28", "NAMELSAD": "Census Tract 103.28", "STUSPS": "TX", "NAMELSADCO": "El Paso County", "STATE_NAME": "Texas", "LSAD": "CT", "ALAND": 2875641, "AWATER": 0, "centroid_lon": -106.27611900250744, "centroid_lat": 31.771687667672108, "B03002_001E": 4513, "B03002_001M": 715, "B03002_012E": 3949, "B03002_012M": 716, "B19013_001E": 74109, "B19013_001M": 9263, "B01003_001E": 4513, "state": "48", "county": "141", "tract": "010328", "latino_share": 0.87502769776202083, "camera_count": 4, "arterial_road_m": 15985.582333697508, "land_area_km2": 2.875641, "pop_density_per_km2": 1569.3892248719503, "arterial_km_per_km2": 5.5589631437642977, "log_income": 11.213292261398694, "city": "El Paso" }, "geometry": { "type": "Polygon", "coordinates": [ [ [ -106.28502, 31.782647 ], [ -106.282291, 31.782673 ], [ -106.280329, 31.782545 ], [ -106.276857, 31.780146 ], [ -106.274721, 31.778405 ], [ -106.273421, 31.777319 ], [ -106.272187, 31.77663 ], [ -106.267436, 31.776362 ], [ -106.267297, 31.763168 ], [ -106.267286, 31.762238 ], [ -106.267278, 31.760774 ], [ -106.269705, 31.76073 ], [ -106.272656, 31.760991 ], [ -106.277078, 31.764533 ], [ -106.280399, 31.766942 ], [ -106.284866, 31.76734 ], [ -106.284895, 31.772049 ], [ -106.284919, 31.774145 ], [ -106.284957, 31.777029 ], [ -106.28502, 31.782647 ] ] ] } },
{ "type": "Feature", "properties": { "STATEFP": "48", "COUNTYFP": "141", "TRACTCE": "010367", "GEOIDFQ": "1400000US48141010367", "GEOID": "48141010367", "NAME": "103.67", "NAMELSAD": "Census Tract 103.67", "STUSPS": "TX", "NAMELSADCO": "El Paso County", "STATE_NAME": "Texas", "LSAD": "CT", "ALAND": 3986504, "AWATER": 0, "centroid_lon": -106.22682632016931, "centroid_lat": 31.790610336383921, "B03002_001E": 11044, "B03002_001M": 1061, "B03002_012E": 9261, "B03002_012M": 1077, "B19013_001E": 114045, "B19013_001M": 12649, "B01003_001E": 11044, "state": "48", "county": "141", "tract": "010367", "latino_share": 0.83855487142339735, "camera_count": 2, "arterial_road_m": 16768.088383321785, "land_area_km2": 3.986504, "pop_density_per_km2": 2770.3471512884471, "arterial_km_per_km2": 4.2062138613988056, "log_income": 11.644348386330647, "city": "El Paso" }, "geometry": { "type": "Polygon", "coordinates": [ [ [ -106.243597, 31.784473 ], [ -106.239807, 31.788001 ], [ -106.236202, 31.791358 ], [ -106.229416, 31.797676 ], [ -106.223886, 31.802824 ], [ -106.222231, 31.804365 ], [ -106.221321, 31.805211 ], [ -106.21788, 31.80246 ], [ -106.21719, 31.801605 ], [ -106.216995, 31.801035 ], [ -106.216739, 31.789626 ], [ -106.216645, 31.782174 ], [ -106.225128, 31.782172 ], [ -106.233926, 31.782101 ], [ -106.242388, 31.782275 ], [ -106.244648, 31.783494 ], [ -106.243597, 31.784473 ] ] ] } },
{ "type": "Feature", "properties": { "STATEFP": "48", "COUNTYFP": "141", "TRACTCE": "010230", "GEOIDFQ": "1400000US48141010230", "GEOID": "48141010230", "NAME": "102.30", "NAMELSAD": "Census Tract 102.30", "STUSPS": "TX", "NAMELSADCO": "El Paso County", "STATE_NAME": "Texas", "LSAD": "CT", "ALAND": 1944686, "AWATER": 50101, "centroid_lon": -106.59634328130642, "centroid_lat": 31.869430331757883, "B03002_001E": 2096, "B03002_001M": 396, "B03002_012E": 1681, "B03002_012M": 230, "B19013_001E": 79000, "B19013_001M": 22427, "B01003_001E": 2096, "state": "48", "county": "141", "tract": "010230", "latino_share": 0.8020038167938931, "camera_count": 0, "arterial_road_m": 5194.8798995470715, "land_area_km2": 1.944686, "pop_density_per_km2": 1077.808962475176, "arterial_km_per_km2": 2.6713206654169732, "log_income": 11.277203131449159, "city": "El Paso" }, "geometry": { "type": "Polygon", "coordinates": [ [ [ -106.604202, 31.873798 ], [ -106.602939, 31.877363 ], [ -106.601979, 31.878696 ], [ -106.597579, 31.878046 ], [ -106.594625, 31.878845 ], [ -106.594333, 31.878093 ], [ -106.592231, 31.872682 ], [ -106.587386, 31.860188 ], [ -106.588603, 31.859919 ], [ -106.597688, 31.859911 ], [ -106.597068, 31.86126 ], [ -106.59598, 31.864522 ], [ -106.595974, 31.866114 ], [ -106.602505, 31.866127 ], [ -106.603681, 31.865854 ], [ -106.603115, 31.868978 ], [ -106.604202, 31.873798 ] ] ] } },
{ "type": "Feature", "properties": { "STATEFP": "48", "COUNTYFP": "141", "TRACTCE": "004202", "GEOIDFQ": "1400000US48141004202", "GEOID": "48141004202", "NAME": "42.02", "NAMELSAD": "Census Tract 42.02", "STUSPS": "TX", "NAMELSADCO": "El Paso County", "STATE_NAME": "Texas", "LSAD": "CT", "ALAND": 2066980, "AWATER": 95116, "centroid_lon": -106.36484701309735, "centroid_lat": 31.759288488311253, "B03002_001E": 5168, "B03002_001M": 936, "B03002_012E": 4908, "B03002_012M": 853, "B19013_001E": 46580, "B19013_001M": 9028, "B01003_001E": 5168, "state": "48", "county": "141", "tract": "004202", "latino_share": 0.94969040247678016, "camera_count": 0, "arterial_road_m": 14328.747170324979, "land_area_km2": 2.06698, "pop_density_per_km2": 2500.2660886897793, "arterial_km_per_km2": 6.9322137467827352, "log_income": 10.748926543438332, "city": "El Paso" }, "geometry": { "type": "Polygon", "coordinates": [ [ [ -106.376086, 31.761031 ], [ -106.371075, 31.768155 ], [ -106.370653, 31.768397 ], [ -106.3642, 31.764407 ], [ -106.361011, 31.762436 ], [ -106.355635, 31.759092 ], [ -106.349674, 31.755412 ], [ -106.350109, 31.754875 ], [ -106.351705, 31.754649 ], [ -106.352508, 31.7544 ], [ -106.353961, 31.753688 ], [ -106.359448, 31.753693 ], [ -106.36521, 31.753671 ], [ -106.366923, 31.753649 ], [ -106.367635, 31.753693 ], [ -106.373642, 31.756688 ], [ -106.373359, 31.757711 ], [ -106.374218, 31.759447 ], [ -106.376086, 31.761031 ] ] ] } },
{ "type": "Feature", "properties": { "STATEFP": "48", "COUNTYFP": "141", "TRACTCE": "003701", "GEOIDFQ": "1400000US48141003701", "GEOID": "48141003701", "NAME": "37.01", "NAMELSAD": "Census Tract 37.01", "STUSPS": "TX", "NAMELSADCO": "El Paso County", "STATE_NAME": "Texas", "LSAD": "CT", "ALAND": 1858979, "AWATER": 15124, "centroid_lon": -106.39517452959812, "centroid_lat": 31.74889015374897, "B03002_001E": 4369, "B03002_001M": 604, "B03002_012E": 4088, "B03002_012M": 560, "B19013_001E": 34338, "B19013_001M": 6678, "B01003_001E": 4369, "state": "48", "county": "141", "tract": "003701", "latino_share": 0.93568322270542459, "camera_count": 0, "arterial_road_m": 8052.1717517424859, "land_area_km2": 1.858979, "pop_density_per_km2": 2350.2148222223059, "arterial_km_per_km2": 4.331502266428231, "log_income": 10.444007891637158, "city": "El Paso" }, "geometry": { "type": "Polygon", "coordinates": [ [ [ -106.403308, 31.745714 ], [ -106.398164, 31.752468 ], [ -106.398164, 31.752922 ], [ -106.399009, 31.757461 ], [ -106.396516, 31.759592 ], [ -106.393892, 31.757369 ], [ -106.387692, 31.752157 ], [ -106.388919, 31.750931 ], [ -106.386781, 31.749213 ], [ -106.391835, 31.743054 ], [ -106.394602172681999, 31.739423990764301 ], [ -106.404166875559, 31.744581791977101 ], [ -106.403308, 31.745714 ] ] ] } },
{ "type": "Feature", "properties": { "STATEFP": "48", "COUNTYFP": "141", "TRACTCE": "003901", "GEOIDFQ": "1400000US48141003901", "GEOID": "48141003901", "NAME": "39.01", "NAMELSAD": "Census Tract 39.01", "STUSPS": "TX", "NAMELSADCO": "El Paso County", "STATE_NAME": "Texas", "LSAD": "CT", "ALAND": 2087387, "AWATER": 0, "centroid_lon": -106.33578702912578, "centroid_lat": 31.702488975376852, "B03002_001E": 2945, "B03002_001M": 522, "B03002_012E": 2725, "B03002_012M": 525, "B19013_001E": 40777, "B19013_001M": 24477, "B01003_001E": 2945, "state": "48", "county": "141", "tract": "003901", "latino_share": 0.9252971137521222, "camera_count": 1, "arterial_road_m": 9042.6845302166876, "land_area_km2": 2.087387, "pop_density_per_km2": 1410.854815134903, "arterial_km_per_km2": 4.3320594265541983, "log_income": 10.615873475949103, "city": "El Paso" }, "geometry": { "type": "Polygon", "coordinates": [ [ [ -106.345783, 31.711819 ], [ -106.340924, 31.712674 ], [ -106.33508, 31.707691 ], [ -106.332074, 31.70516 ], [ -106.324804, 31.698941 ], [ -106.327227, 31.696653 ], [ -106.328265, 31.69353 ], [ -106.327859, 31.691837 ], [ -106.330675, 31.692965 ], [ -106.335209, 31.694743 ], [ -106.337124, 31.695825 ], [ -106.34094, 31.701661 ], [ -106.343289, 31.705382 ], [ -106.347136, 31.710867 ], [ -106.345783, 31.711819 ] ] ] } },
{ "type": "Feature", "properties": { "STATEFP": "48", "COUNTYFP": "141", "TRACTCE": "004312", "GEOIDFQ": "1400000US48141004312", "GEOID": "48141004312", "NAME": "43.12", "NAMELSAD": "Census Tract 43.12", "STUSPS": "TX", "NAMELSADCO": "El Paso County", "STATE_NAME": "Texas", "LSAD": "CT", "ALAND": 3142764, "AWATER": 0, "centroid_lon": -106.33493486653644, "centroid_lat": 31.758095618973435, "B03002_001E": 5941, "B03002_001M": 1565, "B03002_012E": 4782, "B03002_012M": 1566, "B19013_001E": 65862, "B19013_001M": 8258, "B01003_001E": 5941, "state": "48", "county": "141", "tract": "004312", "latino_share": 0.80491499747517248, "camera_count": 3, "arterial_road_m": 15243.282537722533, "land_area_km2": 3.142764, "pop_density_per_km2": 1890.3742056355488, "arterial_km_per_km2": 4.8502790975467871, "log_income": 11.095316922915371, "city": "El Paso" }, "geometry": { "type": "Polygon", "coordinates": [ [ [ -106.342257, 31.756371 ], [ -106.339985, 31.759124 ], [ -106.33969, 31.760286 ], [ -106.339744, 31.76558 ], [ -106.339811, 31.772126 ], [ -106.332351, 31.77219 ], [ -106.330719, 31.772127 ], [ -106.331122, 31.767963 ], [ -106.329587, 31.765639 ], [ -106.329902, 31.759091 ], [ -106.329462, 31.757413 ], [ -106.326915, 31.753817 ], [ -106.326657, 31.752816 ], [ -106.327862, 31.748686 ], [ -106.331852, 31.744386 ], [ -106.336587, 31.747314 ], [ -106.345255, 31.752676 ], [ -106.342257, 31.756371 ] ] ] } },
{ "type": "Feature", "properties": { "STATEFP": "48", "COUNTYFP": "141", "TRACTCE": "000108", "GEOIDFQ": "1400000US48141000108", "GEOID": "48141000108", "NAME": "1.08", "NAMELSAD": "Census Tract 1.08", "STUSPS": "TX", "NAMELSADCO": "El Paso County", "STATE_NAME": "Texas", "LSAD": "CT", "ALAND": 2494180, "AWATER": 0, "centroid_lon": -106.40135293928341, "centroid_lat": 31.919635864502261, "B03002_001E": 4043, "B03002_001M": 567, "B03002_012E": 2500, "B03002_012M": 493, "B19013_001E": 42156, "B19013_001M": 6794, "B01003_001E": 4043, "state": "48", "county": "141", "tract": "000108", "latino_share": 0.61835270838486267, "camera_count": 1, "arterial_road_m": 8224.3396471871984, "land_area_km2": 2.49418, "pop_density_per_km2": 1620.9736266027312, "arterial_km_per_km2": 3.2974122345569277, "log_income": 10.649132302053827, "city": "El Paso" }, "geometry": { "type": "Polygon", "coordinates": [ [ [ -106.407585, 31.92837 ], [ -106.393687, 31.928463 ], [ -106.391572, 31.928408 ], [ -106.389433, 31.928353 ], [ -106.391886, 31.92485 ], [ -106.40159, 31.910199 ], [ -106.403988, 31.906572 ], [ -106.406969, 31.902037 ], [ -106.407077, 31.906461 ], [ -106.407157, 31.910102 ], [ -106.407263, 31.913756 ], [ -106.407276, 31.914292 ], [ -106.40736, 31.91823 ], [ -106.407482, 31.923117 ], [ -106.407585, 31.92837 ] ] ] } },
{ "type": "Feature", "properties": { "STATEFP": "48", "COUNTYFP": "141", "TRACTCE": "004320", "GEOIDFQ": "1400000US48141004320", "GEOID": "48141004320", "NAME": "43.20", "NAMELSAD": "Census Tract 43.20", "STUSPS": "TX", "NAMELSADCO": "El Paso County", "STATE_NAME": "Texas", "LSAD": "CT", "ALAND": 1311025, "AWATER": 0, "centroid_lon": -106.28495730992199, "centroid_lat": 31.752076687115952, "B03002_001E": 2822, "B03002_001M": 358, "B03002_012E": 2647, "B03002_012M": 335, "B19013_001E": 49773, "B19013_001M": 6786, "B01003_001E": 2822, "state": "48", "county": "141", "tract": "004320", "latino_share": 0.93798724309000714, "camera_count": 0, "arterial_road_m": 4078.6055214696162, "land_area_km2": 1.311025, "pop_density_per_km2": 2152.5142541141472, "arterial_km_per_km2": 3.1110051459503945, "log_income": 10.815227947311465, "city": "El Paso" }, "geometry": { "type": "Polygon", "coordinates": [ [ [ -106.29278, 31.754595 ], [ -106.292684, 31.754986 ], [ -106.292541, 31.75541 ], [ -106.287412, 31.75537 ], [ -106.284374, 31.755385 ], [ -106.279776, 31.755386 ], [ -106.279635, 31.756293 ], [ -106.277307, 31.758579 ], [ -106.274111, 31.756069 ], [ -106.275626, 31.754642 ], [ -106.284716, 31.745819 ], [ -106.286616, 31.74386 ], [ -106.2873, 31.744749 ], [ -106.287062, 31.746469 ], [ -106.287328, 31.747712 ], [ -106.288123, 31.748535 ], [ -106.295213, 31.750528 ], [ -106.29278, 31.754595 ] ] ] } },
{ "type": "Feature", "properties": { "STATEFP": "48", "COUNTYFP": "141", "TRACTCE": "010307", "GEOIDFQ": "1400000US48141010307", "GEOID": "48141010307", "NAME": "103.07", "NAMELSAD": "Census Tract 103.07", "STUSPS": "TX", "NAMELSADCO": "El Paso County", "STATE_NAME": "Texas", "LSAD": "CT", "ALAND": 2338513, "AWATER": 0, "centroid_lon": -106.33008965220297, "centroid_lat": 31.776955095939133, "B03002_001E": 5566, "B03002_001M": 1367, "B03002_012E": 4968, "B03002_012M": 1389, "B19013_001E": 58300, "B19013_001M": 8965, "B01003_001E": 5566, "state": "48", "county": "141", "tract": "010307", "latino_share": 0.8925619834710744, "camera_count": 1, "arterial_road_m": 6114.8052689559709, "land_area_km2": 2.338513, "pop_density_per_km2": 2380.1449895724336, "arterial_km_per_km2": 2.6148262887381732, "log_income": 10.973357372338583, "city": "El Paso" }, "geometry": { "type": "Polygon", "coordinates": [ [ [ -106.339855, 31.777589 ], [ -106.339161, 31.779223 ], [ -106.338069, 31.78329 ], [ -106.336085, 31.784987 ], [ -106.335152, 31.784157 ], [ -106.332193, 31.783791 ], [ -106.327796, 31.783789 ], [ -106.32325, 31.783783 ], [ -106.323227, 31.77922 ], [ -106.322529, 31.776788 ], [ -106.322113, 31.775604 ], [ -106.32135, 31.774189 ], [ -106.319577, 31.771256 ], [ -106.319116, 31.769031 ], [ -106.325048, 31.769132 ], [ -106.327764, 31.770642 ], [ -106.330205, 31.772003 ], [ -106.330719, 31.772127 ], [ -106.332351, 31.77219 ], [ -106.339811, 31.772126 ], [ -106.339855, 31.777589 ] ] ] } },
{ "type": "Feature", "properties": { "STATEFP": "48", "COUNTYFP": "141", "TRACTCE": "010326", "GEOIDFQ": "1400000US48141010326", "GEOID": "48141010326", "NAME": "103.26", "NAMELSAD": "Census Tract 103.26", "STUSPS": "TX", "NAMELSADCO": "El Paso County", "STATE_NAME": "Texas", "LSAD": "CT", "ALAND": 1729453, "AWATER": 0, "centroid_lon": -106.2935967055701, "centroid_lat": 31.772290261128997, "B03002_001E": 4809, "B03002_001M": 744, "B03002_012E": 3962, "B03002_012M": 743, "B19013_001E": 68246, "B19013_001M": 20396, "B01003_001E": 4809, "state": "48", "county": "141", "tract": "010326", "latino_share": 0.82387190684133915, "camera_count": 2, "arterial_road_m": 6831.5355676629215, "land_area_km2": 1.729453, "pop_density_per_km2": 2780.6479852300122, "arterial_km_per_km2": 3.9501134564876419, "log_income": 11.130874103271079, "city": "El Paso" }, "geometry": { "type": "Polygon", "coordinates": [ [ [ -106.303658, 31.775742 ], [ -106.302111, 31.775736 ], [ -106.300007, 31.775935 ], [ -106.298483, 31.776641 ], [ -106.297253, 31.777 ], [ -106.293559, 31.777034 ], [ -106.284957, 31.777029 ], [ -106.284919, 31.774145 ], [ -106.284895, 31.772049 ], [ -106.284866, 31.76734 ], [ -106.285305, 31.767359 ], [ -106.290779, 31.767347 ], [ -106.296154, 31.767412 ], [ -106.297404, 31.767751 ], [ -106.299547, 31.769005 ], [ -106.301928, 31.769413 ], [ -106.30358, 31.769409 ], [ -106.303631, 31.772771 ], [ -106.303658, 31.775742 ] ] ] } },
{ "type": "Feature", "properties": { "STATEFP": "48", "COUNTYFP": "141", "TRACTCE": "010322", "GEOIDFQ": "1400000US48141010322", "GEOID": "48141010322", "NAME": "103.22", "NAMELSAD": "Census Tract 103.22", "STUSPS": "TX", "NAMELSADCO": "El Paso County", "STATE_NAME": "Texas", "LSAD": "CT", "ALAND": 2164311, "AWATER": 0, "centroid_lon": -106.29360305541793, "centroid_lat": 31.797243281837552, "B03002_001E": 5658, "B03002_001M": 1131, "B03002_012E": 4771, "B03002_012M": 1156, "B19013_001E": 81375, "B19013_001M": 16136, "B01003_001E": 5658, "state": "48", "county": "141", "tract": "010322", "latino_share": 0.84323082361258395, "camera_count": 0, "arterial_road_m": 10320.749668400123, "land_area_km2": 2.164311, "pop_density_per_km2": 2614.2268832898781, "arterial_km_per_km2": 4.7686075006781019, "log_income": 11.30682337951087, "city": "El Paso" }, "geometry": { "type": "Polygon", "coordinates": [ [ [ -106.302517, 31.802066 ], [ -106.293935, 31.803205 ], [ -106.292547, 31.803384 ], [ -106.285335, 31.804334 ], [ -106.285291, 31.804069 ], [ -106.285271, 31.798035 ], [ -106.285151, 31.798036 ], [ -106.28509, 31.791475 ], [ -106.293789, 31.791341 ], [ -106.298047, 31.791295 ], [ -106.302323, 31.790518 ], [ -106.3024, 31.798115 ], [ -106.302439, 31.801681 ], [ -106.302463, 31.801798 ], [ -106.302517, 31.802066 ] ] ] } },
{ "type": "Feature", "properties": { "STATEFP": "48", "COUNTYFP": "141", "TRACTCE": "010323", "GEOIDFQ": "1400000US48141010323", "GEOID": "48141010323", "NAME": "103.23", "NAMELSAD": "Census Tract 103.23", "STUSPS": "TX", "NAMELSADCO": "El Paso County", "STATE_NAME": "Texas", "LSAD": "CT", "ALAND": 1569767, "AWATER": 0, "centroid_lon": -106.2935918231684, "centroid_lat": 31.786923777880183, "B03002_001E": 3891, "B03002_001M": 490, "B03002_012E": 3242, "B03002_012M": 539, "B19013_001E": 72602, "B19013_001M": 20746, "B01003_001E": 3891, "state": "48", "county": "141", "tract": "010323", "latino_share": 0.83320483166281156, "camera_count": 0, "arterial_road_m": 10965.112999736088, "land_area_km2": 1.569767, "pop_density_per_km2": 2478.7118088225834, "arterial_km_per_km2": 6.985185062328414, "log_income": 11.192747748642809, "city": "El Paso" }, "geometry": { "type": "Polygon", "coordinates": [ [ [ -106.302323, 31.790518 ], [ -106.298047, 31.791295 ], [ -106.293789, 31.791341 ], [ -106.28509, 31.791475 ], [ -106.28502, 31.782647 ], [ -106.293619, 31.782584 ], [ -106.302299, 31.782519 ], [ -106.302323, 31.790518 ] ] ] } },
{ "type": "Feature", "properties": { "STATEFP": "48", "COUNTYFP": "141", "TRACTCE": "010601", "GEOIDFQ": "1400000US48141010601", "GEOID": "48141010601", "NAME": "106.01", "NAMELSAD": "Census Tract 106.01", "STUSPS": "TX", "NAMELSADCO": "El Paso County", "STATE_NAME": "Texas", "LSAD": "CT", "ALAND": 1568045, "AWATER": 0, "centroid_lon": -106.4506109483505, "centroid_lat": 31.822680613353864, "B03002_001E": 707, "B03002_001M": 365, "B03002_012E": 184, "B03002_012M": 129, "B19013_001E": 62742, "B19013_001M": 20053, "B01003_001E": 707, "state": "48", "county": "141", "tract": "010601", "latino_share": 0.26025459688826025, "camera_count": 0, "arterial_road_m": 12171.100894116997, "land_area_km2": 1.568045, "pop_density_per_km2": 450.8799173493108, "arterial_km_per_km2": 7.7619589323756637, "log_income": 11.046786358826644, "city": "El Paso" }, "geometry": { "type": "Polygon", "coordinates": [ [ [ -106.464343, 31.823158 ], [ -106.462343, 31.824424 ], [ -106.455686, 31.825676 ], [ -106.445002, 31.825837 ], [ -106.438346, 31.825954 ], [ -106.437052, 31.825998 ], [ -106.43484, 31.825929 ], [ -106.435047, 31.825601 ], [ -106.439108, 31.81906 ], [ -106.439514, 31.819059 ], [ -106.44297, 31.81906 ], [ -106.442933, 31.821691 ], [ -106.444644, 31.821655 ], [ -106.446155, 31.821634 ], [ -106.452212, 31.821517 ], [ -106.455854, 31.82147 ], [ -106.455829, 31.818266 ], [ -106.46433, 31.818264 ], [ -106.464343, 31.823158 ] ] ] } },
{ "type": "Feature", "properties": { "STATEFP": "48", "COUNTYFP": "141", "TRACTCE": "000207", "GEOIDFQ": "1400000US48141000207", "GEOID": "48141000207", "NAME": "2.07", "NAMELSAD": "Census Tract 2.07", "STUSPS": "TX", "NAMELSADCO": "El Paso County", "STATE_NAME": "Texas", "LSAD": "CT", "ALAND": 1917431, "AWATER": 0, "centroid_lon": -106.39653276858667, "centroid_lat": 31.903723758989141, "B03002_001E": 4294, "B03002_001M": 717, "B03002_012E": 3428, "B03002_012M": 638, "B19013_001E": 52212, "B19013_001M": 18197, "B01003_001E": 4294, "state": "48", "county": "141", "tract": "000207", "latino_share": 0.79832324173265024, "camera_count": 0, "arterial_road_m": 13422.41405881195, "land_area_km2": 1.917431, "pop_density_per_km2": 2239.4547704715319, "arterial_km_per_km2": 7.0002070785399582, "log_income": 10.863067632508681, "city": "El Paso" }, "geometry": { "type": "Polygon", "coordinates": [ [ [ -106.406969, 31.902037 ], [ -106.403988, 31.906572 ], [ -106.40159, 31.910199 ], [ -106.394289, 31.910198 ], [ -106.394207, 31.906573 ], [ -106.385298, 31.906558 ], [ -106.384007, 31.906116 ], [ -106.388574, 31.898914 ], [ -106.394025, 31.898948 ], [ -106.39934, 31.898948 ], [ -106.406835, 31.89883 ], [ -106.406969, 31.902037 ] ] ] } },
{ "type": "Feature", "properties": { "STATEFP": "48", "COUNTYFP": "141", "TRACTCE": "001700", "GEOIDFQ": "1400000US48141001700", "GEOID": "48141001700", "NAME": "17", "NAMELSAD": "Census Tract 17", "STUSPS": "TX", "NAMELSADCO": "El Paso County", "STATE_NAME": "Texas", "LSAD": "CT", "ALAND": 1127843, "AWATER": 0, "centroid_lon": -106.48745341783287, "centroid_lat": 31.759628114412251, "B03002_001E": 1058, "B03002_001M": 169, "B03002_012E": 886, "B03002_012M": 98, "B19013_001E": 28542, "B19013_001M": 15161, "B01003_001E": 1058, "state": "48", "county": "141", "tract": "001700", "latino_share": 0.83742911153119093, "camera_count": 0, "arterial_road_m": 17274.547332652764, "land_area_km2": 1.127843, "pop_density_per_km2": 938.07382765154375, "arterial_km_per_km2": 15.316446821634543, "log_income": 10.259131965660336, "city": "El Paso" }, "geometry": { "type": "Polygon", "coordinates": [ [ [ -106.495117, 31.75744 ], [ -106.493323, 31.758017 ], [ -106.493502, 31.759248 ], [ -106.491416, 31.760644 ], [ -106.49248, 31.763363 ], [ -106.489091, 31.765547 ], [ -106.486543, 31.767182 ], [ -106.485266, 31.765731 ], [ -106.484527, 31.764896 ], [ -106.487175, 31.763375 ], [ -106.485263, 31.761202 ], [ -106.482723, 31.762839 ], [ -106.480801, 31.760661 ], [ -106.48014, 31.759864 ], [ -106.479345, 31.758659 ], [ -106.478941, 31.757321 ], [ -106.479942, 31.757054 ], [ -106.483009, 31.75632 ], [ -106.486069, 31.755539 ], [ -106.489227, 31.75482 ], [ -106.492239, 31.75433 ], [ -106.495062, 31.756438 ], [ -106.495117, 31.75744 ] ] ] } },
{ "type": "Feature", "properties": { "STATEFP": "48", "COUNTYFP": "141", "TRACTCE": "004105", "GEOIDFQ": "1400000US48141004105", "GEOID": "48141004105", "NAME": "41.05", "NAMELSAD": "Census Tract 41.05", "STUSPS": "TX", "NAMELSADCO": "El Paso County", "STATE_NAME": "Texas", "LSAD": "CT", "ALAND": 1532286, "AWATER": 13082, "centroid_lon": -106.34860921963534, "centroid_lat": 31.741359719343116, "B03002_001E": 3110, "B03002_001M": 405, "B03002_012E": 3038, "B03002_012M": 417, "B19013_001E": 34641, "B19013_001M": 3635, "B01003_001E": 3110, "state": "48", "county": "141", "tract": "004105", "latino_share": 0.97684887459807079, "camera_count": 2, "arterial_road_m": 6024.7322306722217, "land_area_km2": 1.532286, "pop_density_per_km2": 2029.6472068530286, "arterial_km_per_km2": 3.9318588244441455, "log_income": 10.452793230619966, "city": "El Paso" }, "geometry": { "type": "Polygon", "coordinates": [ [ [ -106.35402, 31.741897 ], [ -106.352747, 31.741725 ], [ -106.350852, 31.741182 ], [ -106.350726, 31.742096 ], [ -106.350776, 31.747991 ], [ -106.3508, 31.751478 ], [ -106.351705, 31.754649 ], [ -106.350109, 31.754875 ], [ -106.349674, 31.755412 ], [ -106.345255, 31.752676 ], [ -106.345974, 31.751665 ], [ -106.345893, 31.73927 ], [ -106.345807, 31.738478 ], [ -106.344761, 31.735603 ], [ -106.344063, 31.733113 ], [ -106.346436, 31.729702 ], [ -106.34823, 31.729836 ], [ -106.352418, 31.731827 ], [ -106.35226, 31.733601 ], [ -106.352054, 31.740174 ], [ -106.353944, 31.740276 ], [ -106.353995, 31.741382 ], [ -106.35402, 31.741897 ] ] ] } },
{ "type": "Feature", "properties": { "STATEFP": "48", "COUNTYFP": "141", "TRACTCE": "000403", "GEOIDFQ": "1400000US48141000403", "GEOID": "48141000403", "NAME": "4.03", "NAMELSAD": "Census Tract 4.03", "STUSPS": "TX", "NAMELSADCO": "El Paso County", "STATE_NAME": "Texas", "LSAD": "CT", "ALAND": 1759947, "AWATER": 0, "centroid_lon": -106.44533113033651, "centroid_lat": 31.860591381724511, "B03002_001E": 4002, "B03002_001M": 695, "B03002_012E": 3628, "B03002_012M": 798, "B19013_001E": 51724, "B19013_001M": 22128, "B01003_001E": 4002, "state": "48", "county": "141", "tract": "000403", "latino_share": 0.90654672663668168, "camera_count": 1, "arterial_road_m": 5762.5525739356317, "land_area_km2": 1.759947, "pop_density_per_km2": 2273.9321127283947, "arterial_km_per_km2": 3.2742761991898801, "log_income": 10.853677169415743, "city": "El Paso" }, "geometry": { "type": "Polygon", "coordinates": [ [ [ -106.450204, 31.869478 ], [ -106.441451, 31.869693 ], [ -106.440881, 31.869629 ], [ -106.44075, 31.864467 ], [ -106.440639, 31.858938 ], [ -106.440524, 31.853312 ], [ -106.440457, 31.851713 ], [ -106.44976, 31.851442 ], [ -106.449804, 31.853158 ], [ -106.449876, 31.856185 ], [ -106.44998, 31.860544 ], [ -106.450204, 31.869478 ] ] ] } },
{ "type": "Feature", "properties": { "STATEFP": "48", "COUNTYFP": "141", "TRACTCE": "001202", "GEOIDFQ": "1400000US48141001202", "GEOID": "48141001202", "NAME": "12.02", "NAMELSAD": "Census Tract 12.02", "STUSPS": "TX", "NAMELSADCO": "El Paso County", "STATE_NAME": "Texas", "LSAD": "CT", "ALAND": 3153661, "AWATER": 90060, "centroid_lon": -106.56760598639764, "centroid_lat": 31.851077978903053, "B03002_001E": 5458, "B03002_001M": 1151, "B03002_012E": 4567, "B03002_012M": 1155, "B19013_001E": 59840, "B19013_001M": 9714, "B01003_001E": 5458, "state": "48", "county": "141", "tract": "001202", "latino_share": 0.83675338951997069, "camera_count": 3, "arterial_road_m": 16449.162077407382, "land_area_km2": 3.153661, "pop_density_per_km2": 1730.6869698423513, "arterial_km_per_km2": 5.2158941869171676, "log_income": 10.99942961264836, "city": "El Paso" }, "geometry": { "type": "Polygon", "coordinates": [ [ [ -106.577039, 31.863622 ], [ -106.567724, 31.863458 ], [ -106.566151, 31.862664 ], [ -106.563017, 31.859893 ], [ -106.561078, 31.859528 ], [ -106.563109, 31.854836 ], [ -106.564066, 31.854157 ], [ -106.562035, 31.852473 ], [ -106.560536, 31.849858 ], [ -106.561059, 31.849578 ], [ -106.560419, 31.848532 ], [ -106.559592, 31.841395 ], [ -106.559132, 31.837251 ], [ -106.570159, 31.839303 ], [ -106.572638, 31.846035 ], [ -106.57434, 31.852561 ], [ -106.575617, 31.857745 ], [ -106.577039, 31.863622 ] ] ] } },
{ "type": "Feature", "properties": { "STATEFP": "48", "COUNTYFP": "141", "TRACTCE": "004104", "GEOIDFQ": "1400000US48141004104", "GEOID": "48141004104", "NAME": "41.04", "NAMELSAD": "Census Tract 41.04", "STUSPS": "TX", "NAMELSADCO": "El Paso County", "STATE_NAME": "Texas", "LSAD": "CT", "ALAND": 4058692, "AWATER": 0, "centroid_lon": -106.33452421519667, "centroid_lat": 31.71422235464183, "B03002_001E": 6794, "B03002_001M": 1758, "B03002_012E": 6515, "B03002_012M": 1758, "B19013_001E": 41928, "B19013_001M": 3534, "B01003_001E": 6794, "state": "48", "county": "141", "tract": "004104", "latino_share": 0.95893435384162495, "camera_count": 0, "arterial_road_m": 13029.110926672234, "land_area_km2": 4.058692, "pop_density_per_km2": 1673.9383032760309, "arterial_km_per_km2": 3.2101748362951006, "log_income": 10.643709140482002, "city": "El Paso" }, "geometry": { "type": "Polygon", "coordinates": [ [ [ -106.351402, 31.722802 ], [ -106.349908, 31.727191 ], [ -106.347943, 31.72859 ], [ -106.343109, 31.725821 ], [ -106.339901, 31.723984 ], [ -106.337205, 31.722842 ], [ -106.336153, 31.722406 ], [ -106.334237, 31.721597 ], [ -106.329976, 31.719732 ], [ -106.327059, 31.716444 ], [ -106.317523, 31.704952 ], [ -106.320988, 31.702893 ], [ -106.324804, 31.698941 ], [ -106.332074, 31.70516 ], [ -106.33508, 31.707691 ], [ -106.340924, 31.712674 ], [ -106.343159, 31.714571 ], [ -106.352, 31.722099 ], [ -106.351402, 31.722802 ] ] ] } },
{ "type": "Feature", "properties": { "STATEFP": "48", "COUNTYFP": "141", "TRACTCE": "002100", "GEOIDFQ": "1400000US48141002100", "GEOID": "48141002100", "NAME": "21", "NAMELSAD": "Census Tract 21", "STUSPS": "TX", "NAMELSADCO": "El Paso County", "STATE_NAME": "Texas", "LSAD": "CT", "ALAND": 1646387, "AWATER": 5060, "centroid_lon": -106.47478244656841, "centroid_lat": 31.765490092519219, "B03002_001E": 1966, "B03002_001M": 427, "B03002_012E": 1767, "B03002_012M": 429, "B19013_001E": 12736, "B19013_001M": 5846, "B01003_001E": 1966, "state": "48", "county": "141", "tract": "002100", "latino_share": 0.89877924720244151, "camera_count": 6, "arterial_road_m": 10630.758622851537, "land_area_km2": 1.646387, "pop_density_per_km2": 1194.1299342135233, "arterial_km_per_km2": 6.4570229374087242, "log_income": 9.4521879080841646, "city": "El Paso" }, "geometry": { "type": "Polygon", "coordinates": [ [ [ -106.487175, 31.763375 ], [ -106.484527, 31.764896 ], [ -106.473482, 31.771973 ], [ -106.473494, 31.769955 ], [ -106.469324, 31.772538 ], [ -106.468946, 31.771697 ], [ -106.466389, 31.768797 ], [ -106.463508, 31.765423 ], [ -106.467672, 31.763346 ], [ -106.467672, 31.764007 ], [ -106.473624, 31.761026 ], [ -106.474419, 31.760795 ], [ -106.479345, 31.758659 ], [ -106.48014, 31.759864 ], [ -106.480801, 31.760661 ], [ -106.482723, 31.762839 ], [ -106.485263, 31.761202 ], [ -106.487175, 31.763375 ] ] ] } },
{ "type": "Feature", "properties": { "STATEFP": "48", "COUNTYFP": "141", "TRACTCE": "010348", "GEOIDFQ": "1400000US48141010348", "GEOID": "48141010348", "NAME": "103.48", "NAMELSAD": "Census Tract 103.48", "STUSPS": "TX", "NAMELSADCO": "El Paso County", "STATE_NAME": "Texas", "LSAD": "CT", "ALAND": 1382784, "AWATER": 0, "centroid_lon": -106.2718246519144, "centroid_lat": 31.784724015259052, "B03002_001E": 3915, "B03002_001M": 803, "B03002_012E": 3586, "B03002_012M": 734, "B19013_001E": 65807, "B19013_001M": 13032, "B01003_001E": 3915, "state": "48", "county": "141", "tract": "010348", "latino_share": 0.91596424010217115, "camera_count": 4, "arterial_road_m": 12016.695419063479, "land_area_km2": 1.382784, "pop_density_per_km2": 2831.2447931130241, "arterial_km_per_km2": 8.6902187319664375, "log_income": 11.094481494633865, "city": "El Paso" }, "geometry": { "type": "Polygon", "coordinates": [ [ [ -106.276466, 31.780552 ], [ -106.276251, 31.783197 ], [ -106.27633, 31.787697 ], [ -106.276391, 31.792313 ], [ -106.267608, 31.792372 ], [ -106.267689, 31.786136 ], [ -106.267665, 31.783906 ], [ -106.267436, 31.776362 ], [ -106.272187, 31.77663 ], [ -106.273421, 31.777319 ], [ -106.274721, 31.778405 ], [ -106.276857, 31.780146 ], [ -106.276466, 31.780552 ] ] ] } },
{ "type": "Feature", "properties": { "STATEFP": "48", "COUNTYFP": "141", "TRACTCE": "010225", "GEOIDFQ": "1400000US48141010225", "GEOID": "48141010225", "NAME": "102.25", "NAMELSAD": "Census Tract 102.25", "STUSPS": "TX", "NAMELSADCO": "El Paso County", "STATE_NAME": "Texas", "LSAD": "CT", "ALAND": 3567286, "AWATER": 3763, "centroid_lon": -106.56910955568713, "centroid_lat": 31.870750691355795, "B03002_001E": 5076, "B03002_001M": 646, "B03002_012E": 4351, "B03002_012M": 664, "B19013_001E": 69556, "B19013_001M": 7561, "B01003_001E": 5076, "state": "48", "county": "141", "tract": "010225", "latino_share": 0.85717100078802211, "camera_count": 5, "arterial_road_m": 11590.42357418804, "land_area_km2": 3.567286, "pop_density_per_km2": 1422.9304855287744, "arterial_km_per_km2": 3.2490872820928964, "log_income": 11.14988746250196, "city": "El Paso" }, "geometry": { "type": "Polygon", "coordinates": [ [ [ -106.581831, 31.883158 ], [ -106.576471, 31.884076 ], [ -106.576069, 31.88404 ], [ -106.575242, 31.879496 ], [ -106.574182, 31.876056 ], [ -106.569211, 31.879018 ], [ -106.564494, 31.876649 ], [ -106.560908, 31.875202 ], [ -106.55976, 31.874392 ], [ -106.557771, 31.870914 ], [ -106.557314, 31.86903 ], [ -106.557281, 31.868561 ], [ -106.557772, 31.863937 ], [ -106.557775, 31.859513 ], [ -106.561078, 31.859528 ], [ -106.563017, 31.859893 ], [ -106.566151, 31.862664 ], [ -106.567724, 31.863458 ], [ -106.577039, 31.863622 ], [ -106.577937, 31.867305 ], [ -106.580916, 31.87944 ], [ -106.580943, 31.879549 ], [ -106.581831, 31.883158 ] ] ] } },
{ "type": "Feature", "properties": { "STATEFP": "48", "COUNTYFP": "141", "TRACTCE": "004314", "GEOIDFQ": "1400000US48141004314", "GEOID": "48141004314", "NAME": "43.14", "NAMELSAD": "Census Tract 43.14", "STUSPS": "TX", "NAMELSADCO": "El Paso County", "STATE_NAME": "Texas", "LSAD": "CT", "ALAND": 1803201, "AWATER": 0, "centroid_lon": -106.29722952226294, "centroid_lat": 31.760318466399198, "B03002_001E": 4872, "B03002_001M": 428, "B03002_012E": 3964, "B03002_012M": 404, "B19013_001E": 47107, "B19013_001M": 10635, "B01003_001E": 4872, "state": "48", "county": "141", "tract": "004314", "latino_share": 0.81362889983579634, "camera_count": 1, "arterial_road_m": 7179.813282846857, "land_area_km2": 1.803201, "pop_density_per_km2": 2701.8618556666729, "arterial_km_per_km2": 3.9817043595510744, "log_income": 10.760176888919194, "city": "El Paso" }, "geometry": { "type": "Polygon", "coordinates": [ [ [ -106.30358, 31.769409 ], [ -106.301928, 31.769413 ], [ -106.299547, 31.769005 ], [ -106.297404, 31.767751 ], [ -106.296154, 31.767412 ], [ -106.290779, 31.767347 ], [ -106.291378, 31.761118 ], [ -106.292239, 31.759542 ], [ -106.292177, 31.756421 ], [ -106.292541, 31.75541 ], [ -106.292684, 31.754986 ], [ -106.29278, 31.754595 ], [ -106.295213, 31.750528 ], [ -106.299181, 31.751494 ], [ -106.301928, 31.751497 ], [ -106.301992, 31.758842 ], [ -106.302023, 31.760723 ], [ -106.30207, 31.765104 ], [ -106.302333, 31.765863 ], [ -106.303416, 31.767668 ], [ -106.30358, 31.769409 ] ] ] } },
{ "type": "Feature", "properties": { "STATEFP": "48", "COUNTYFP": "141", "TRACTCE": "004310", "GEOIDFQ": "1400000US48141004310", "GEOID": "48141004310", "NAME": "43.10", "NAMELSAD": "Census Tract 43.10", "STUSPS": "TX", "NAMELSADCO": "El Paso County", "STATE_NAME": "Texas", "LSAD": "CT", "ALAND": 1915320, "AWATER": 12181, "centroid_lon": -106.34436060869014, "centroid_lat": 31.793033771904465, "B03002_001E": 5300, "B03002_001M": 646, "B03002_012E": 4448, "B03002_012M": 652, "B19013_001E": 52083, "B19013_001M": 9890, "B01003_001E": 5300, "state": "48", "county": "141", "tract": "004310", "latino_share": 0.83924528301886792, "camera_count": 1, "arterial_road_m": 9054.0463481267834, "land_area_km2": 1.91532, "pop_density_per_km2": 2767.1616231230291, "arterial_km_per_km2": 4.7271716204742731, "log_income": 10.860593878910057, "city": "El Paso" }, "geometry": { "type": "Polygon", "coordinates": [ [ [ -106.359321, 31.794622 ], [ -106.348528, 31.795936 ], [ -106.348177, 31.795991 ], [ -106.340992, 31.796939 ], [ -106.332655, 31.798042 ], [ -106.331122, 31.793342 ], [ -106.331054, 31.792082 ], [ -106.332585, 31.7917 ], [ -106.333822, 31.790465 ], [ -106.335432, 31.789036 ], [ -106.340688, 31.788879 ], [ -106.343032, 31.788925 ], [ -106.347514, 31.790521 ], [ -106.348415, 31.790496 ], [ -106.35263, 31.789937 ], [ -106.359202, 31.789069 ], [ -106.359397, 31.794001 ], [ -106.359321, 31.794622 ] ] ] } },
{ "type": "Feature", "properties": { "STATEFP": "48", "COUNTYFP": "141", "TRACTCE": "010224", "GEOIDFQ": "1400000US48141010224", "GEOID": "48141010224", "NAME": "102.24", "NAMELSAD": "Census Tract 102.24", "STUSPS": "TX", "NAMELSADCO": "El Paso County", "STATE_NAME": "Texas", "LSAD": "CT", "ALAND": 33299570, "AWATER": 5613, "centroid_lon": -106.36974975995906, "centroid_lat": 31.979312268861179, "B03002_001E": 5091, "B03002_001M": 573, "B03002_012E": 3497, "B03002_012M": 492, "B19013_001E": 74384, "B19013_001M": 6804, "B01003_001E": 5091, "state": "48", "county": "141", "tract": "010224", "latino_share": 0.68689844824199564, "camera_count": 3, "arterial_road_m": 41974.488112884428, "land_area_km2": 33.29957, "pop_density_per_km2": 152.88485707172794, "arterial_km_per_km2": 1.2605114153991905, "log_income": 11.216996143930366, "city": "El Paso" }, "geometry": { "type": "Polygon", "coordinates": [ [ [ -106.408964681989005, 32.0013528679562 ], [ -106.394298, 32.001484 ], [ -106.377179820505006, 32.0011777046509 ], [ -106.376861, 32.001172 ], [ -106.360959545230003, 32.001257069305197 ], [ -106.356808566918005, 32.001279276131299 ], [ -106.340645302761004, 32.001365746059498 ], [ -106.327377040936, 32.0014367283583 ], [ -106.326502039229993, 32.001441409426 ], [ -106.323469336526003, 32.001457633722197 ], [ -106.364622, 31.936652 ], [ -106.373287, 31.941154 ], [ -106.374478, 31.942106 ], [ -106.367565, 31.948369 ], [ -106.377458, 31.95436 ], [ -106.38309, 31.958302 ], [ -106.388913, 31.962609 ], [ -106.396165, 31.967374 ], [ -106.397258, 31.970077 ], [ -106.399394, 31.970085 ], [ -106.399396, 31.973687 ], [ -106.40863, 31.973687 ], [ -106.408899, 31.986346 ], [ -106.408964681989005, 32.0013528679562 ] ] ] } },
{ "type": "Feature", "properties": { "STATEFP": "48", "COUNTYFP": "141", "TRACTCE": "004309", "GEOIDFQ": "1400000US48141004309", "GEOID": "48141004309", "NAME": "43.09", "NAMELSAD": "Census Tract 43.09", "STUSPS": "TX", "NAMELSADCO": "El Paso County", "STATE_NAME": "Texas", "LSAD": "CT", "ALAND": 5073803, "AWATER": 0, "centroid_lon": -106.31078012171933, "centroid_lat": 31.739832245231582, "B03002_001E": 5511, "B03002_001M": 1120, "B03002_012E": 4883, "B03002_012M": 1125, "B19013_001E": 62389, "B19013_001M": 8271, "B01003_001E": 5511, "state": "48", "county": "141", "tract": "004309", "latino_share": 0.88604608963890397, "camera_count": 11, "arterial_road_m": 30817.258593218354, "land_area_km2": 5.073803, "pop_density_per_km2": 1086.167515766773, "arterial_km_per_km2": 6.0737988040170965, "log_income": 11.04114425676673, "city": "El Paso" }, "geometry": { "type": "Polygon", "coordinates": [ [ [ -106.319599, 31.74609 ], [ -106.318965, 31.747601 ], [ -106.318977, 31.754204 ], [ -106.315194, 31.754227 ], [ -106.310764, 31.752851 ], [ -106.308092, 31.752676 ], [ -106.305301, 31.752667 ], [ -106.301928, 31.751497 ], [ -106.30186, 31.746127 ], [ -106.301836, 31.744501 ], [ -106.301825, 31.742602 ], [ -106.301751, 31.734996 ], [ -106.30172, 31.731763 ], [ -106.302927, 31.72842 ], [ -106.302914, 31.725158 ], [ -106.302938, 31.723748 ], [ -106.30476, 31.720658 ], [ -106.315117, 31.730604 ], [ -106.315692, 31.731159 ], [ -106.324837, 31.739864 ], [ -106.319599, 31.74609 ] ] ] } },
{ "type": "Feature", "properties": { "STATEFP": "48", "COUNTYFP": "141", "TRACTCE": "010226", "GEOIDFQ": "1400000US48141010226", "GEOID": "48141010226", "NAME": "102.26", "NAMELSAD": "Census Tract 102.26", "STUSPS": "TX", "NAMELSADCO": "El Paso County", "STATE_NAME": "Texas", "LSAD": "CT", "ALAND": 7588871, "AWATER": 0, "centroid_lon": -106.56953079140176, "centroid_lat": 31.893046248686652, "B03002_001E": 5427, "B03002_001M": 1295, "B03002_012E": 3687, "B03002_012M": 1066, "B19013_001E": 92763, "B19013_001M": 42095, "B01003_001E": 5427, "state": "48", "county": "141", "tract": "010226", "latino_share": 0.67938087341072417, "camera_count": 6, "arterial_road_m": 33020.068115667411, "land_area_km2": 7.588871, "pop_density_per_km2": 715.12613668093707, "arterial_km_per_km2": 4.3511173290028795, "log_income": 11.437803132373013, "city": "El Paso" }, "geometry": { "type": "Polygon", "coordinates": [ [ [ -106.582678, 31.908361 ], [ -106.57922, 31.90835 ], [ -106.566463, 31.907349 ], [ -106.55797, 31.905646 ], [ -106.556792, 31.898485 ], [ -106.556856, 31.897062 ], [ -106.557631, 31.884833 ], [ -106.558046, 31.879508 ], [ -106.55805, 31.879448 ], [ -106.558467, 31.875242 ], [ -106.55976, 31.874392 ], [ -106.560908, 31.875202 ], [ -106.564494, 31.876649 ], [ -106.569211, 31.879018 ], [ -106.574182, 31.876056 ], [ -106.575242, 31.879496 ], [ -106.576069, 31.88404 ], [ -106.576471, 31.884076 ], [ -106.581831, 31.883158 ], [ -106.582356, 31.885306 ], [ -106.582654, 31.887352 ], [ -106.582678, 31.908361 ] ] ] } },
{ "type": "Feature", "properties": { "STATEFP": "48", "COUNTYFP": "141", "TRACTCE": "000113", "GEOIDFQ": "1400000US48141000113", "GEOID": "48141000113", "NAME": "1.13", "NAMELSAD": "Census Tract 1.13", "STUSPS": "TX", "NAMELSADCO": "El Paso County", "STATE_NAME": "Texas", "LSAD": "CT", "ALAND": 1781782, "AWATER": 0, "centroid_lon": -106.41916900973038, "centroid_lat": 31.891595499548298, "B03002_001E": 3148, "B03002_001M": 394, "B03002_012E": 2082, "B03002_012M": 371, "B19013_001E": 70929, "B19013_001M": 11656, "B01003_001E": 3148, "state": "48", "county": "141", "tract": "000113", "latino_share": 0.66137229987293522, "camera_count": 0, "arterial_road_m": 5399.5603196289685, "land_area_km2": 1.781782, "pop_density_per_km2": 1766.7705701370876, "arterial_km_per_km2": 3.0304270217282299, "log_income": 11.169434655689869, "city": "El Paso" }, "geometry": { "type": "Polygon", "coordinates": [ [ [ -106.424209, 31.898721 ], [ -106.412252, 31.898925 ], [ -106.410483, 31.89882 ], [ -106.4091, 31.898835 ], [ -106.414521, 31.890632 ], [ -106.418503, 31.884609 ], [ -106.422634, 31.878352 ], [ -106.423488, 31.877062 ], [ -106.424534, 31.882454 ], [ -106.423557, 31.883585 ], [ -106.423564, 31.890884 ], [ -106.423595, 31.892806 ], [ -106.426518, 31.893885 ], [ -106.424209, 31.898721 ] ] ] } },
{ "type": "Feature", "properties": { "STATEFP": "48", "COUNTYFP": "141", "TRACTCE": "003602", "GEOIDFQ": "1400000US48141003602", "GEOID": "48141003602", "NAME": "36.02", "NAMELSAD": "Census Tract 36.02", "STUSPS": "TX", "NAMELSADCO": "El Paso County", "STATE_NAME": "Texas", "LSAD": "CT", "ALAND": 2986037, "AWATER": 199356, "centroid_lon": -106.40719271026256, "centroid_lat": 31.756353845519005, "B03002_001E": 2894, "B03002_001M": 1048, "B03002_012E": 2804, "B03002_012M": 1044, "B19013_001E": 19076, "B19013_001M": 4733, "B01003_001E": 2894, "state": "48", "county": "141", "tract": "003602", "latino_share": 0.96890117484450589, "camera_count": 0, "arterial_road_m": 12949.740827487742, "land_area_km2": 2.986037, "pop_density_per_km2": 969.17754200634488, "arterial_km_per_km2": 4.3367650258478845, "log_income": 9.8561862794181145, "city": "El Paso" }, "geometry": { "type": "Polygon", "coordinates": [ [ [ -106.421963, 31.754267 ], [ -106.417914, 31.753845 ], [ -106.415819, 31.755138 ], [ -106.412017, 31.759638 ], [ -106.414149, 31.760785 ], [ -106.414214, 31.765958 ], [ -106.408904, 31.764799 ], [ -106.408944, 31.768531 ], [ -106.405122, 31.768145 ], [ -106.403494, 31.765173 ], [ -106.396633, 31.759676 ], [ -106.396516, 31.759592 ], [ -106.399009, 31.757461 ], [ -106.398164, 31.752922 ], [ -106.398164, 31.752468 ], [ -106.403308, 31.745714 ], [ -106.404166875559, 31.744581791977101 ], [ -106.41794, 31.752009 ], [ -106.421849, 31.752928 ], [ -106.421974510604997, 31.752944588844901 ], [ -106.421963, 31.754267 ] ] ] } },
{ "type": "Feature", "properties": { "STATEFP": "48", "COUNTYFP": "141", "TRACTCE": "003904", "GEOIDFQ": "1400000US48141003904", "GEOID": "48141003904", "NAME": "39.04", "NAMELSAD": "Census Tract 39.04", "STUSPS": "TX", "NAMELSADCO": "El Paso County", "STATE_NAME": "Texas", "LSAD": "CT", "ALAND": 1592783, "AWATER": 17809, "centroid_lon": -106.34525110314381, "centroid_lat": 31.698316238118512, "B03002_001E": 3357, "B03002_001M": 795, "B03002_012E": 3119, "B03002_012M": 745, "B19013_001E": 44651, "B19013_001M": 8019, "B01003_001E": 3357, "state": "48", "county": "141", "tract": "003904", "latino_share": 0.92910336610068511, "camera_count": 0, "arterial_road_m": 10619.086660317917, "land_area_km2": 1.592783, "pop_density_per_km2": 2107.6317364010038, "arterial_km_per_km2": 6.6670015063683605, "log_income": 10.706631982470423, "city": "El Paso" }, "geometry": { "type": "Polygon", "coordinates": [ [ [ -106.356175, 31.702315 ], [ -106.350122, 31.703769 ], [ -106.349225, 31.70396 ], [ -106.343289, 31.705382 ], [ -106.34094, 31.701661 ], [ -106.337124, 31.695825 ], [ -106.335209, 31.694743 ], [ -106.336464, 31.693053 ], [ -106.336881, 31.692767 ], [ -106.337654, 31.692588 ], [ -106.339848, 31.692599 ], [ -106.343467, 31.691956 ], [ -106.346981507671003, 31.6910803606232 ], [ -106.349538, 31.696711 ], [ -106.357006, 31.702187 ], [ -106.356175, 31.702315 ] ] ] } },
{ "type": "Feature", "properties": { "STATEFP": "48", "COUNTYFP": "141", "TRACTCE": "000205", "GEOIDFQ": "1400000US48141000205", "GEOID": "48141000205", "NAME": "2.05", "NAMELSAD": "Census Tract 2.05", "STUSPS": "TX", "NAMELSADCO": "El Paso County", "STATE_NAME": "Texas", "LSAD": "CT", "ALAND": 1974214, "AWATER": 0, "centroid_lon": -106.41234574394912, "centroid_lat": 31.886457684310052, "B03002_001E": 4308, "B03002_001M": 882, "B03002_012E": 3234, "B03002_012M": 766, "B19013_001E": 43545, "B19013_001M": 8266, "B01003_001E": 4308, "state": "48", "county": "141", "tract": "000205", "latino_share": 0.75069637883008355, "camera_count": 0, "arterial_road_m": 7906.5281146558482, "land_area_km2": 1.974214, "pop_density_per_km2": 2182.134256975181, "arterial_km_per_km2": 4.0048992230101943, "log_income": 10.68155016512684, "city": "El Paso" }, "geometry": { "type": "Polygon", "coordinates": [ [ [ -106.422634, 31.878352 ], [ -106.418503, 31.884609 ], [ -106.414521, 31.890632 ], [ -106.4091, 31.898835 ], [ -106.406969, 31.902037 ], [ -106.406835, 31.89883 ], [ -106.406679, 31.895562 ], [ -106.406603, 31.891989 ], [ -106.406455, 31.88477 ], [ -106.406356, 31.880717 ], [ -106.412763, 31.880602 ], [ -106.412693, 31.877379 ], [ -106.41693, 31.877308 ], [ -106.421524, 31.877828 ], [ -106.422634, 31.878352 ] ] ] } },
{ "type": "Feature", "properties": { "STATEFP": "48", "COUNTYFP": "141", "TRACTCE": "010317", "GEOIDFQ": "1400000US48141010317", "GEOID": "48141010317", "NAME": "103.17", "NAMELSAD": "Census Tract 103.17", "STUSPS": "TX", "NAMELSADCO": "El Paso County", "STATE_NAME": "Texas", "LSAD": "CT", "ALAND": 1291829, "AWATER": 0, "centroid_lon": -106.30782591597522, "centroid_lat": 31.776726470448668, "B03002_001E": 3648, "B03002_001M": 352, "B03002_012E": 3367, "B03002_012M": 406, "B19013_001E": 62460, "B19013_001M": 16041, "B01003_001E": 3648, "state": "48", "county": "141", "tract": "010317", "latino_share": 0.92297149122807021, "camera_count": 1, "arterial_road_m": 4516.4553335907149, "land_area_km2": 1.291829, "pop_density_per_km2": 2823.903163654013, "arterial_km_per_km2": 3.4961711910715079, "log_income": 11.042281630837069, "city": "El Paso" }, "geometry": { "type": "Polygon", "coordinates": [ [ [ -106.312688, 31.783796 ], [ -106.306759, 31.783727 ], [ -106.30375, 31.782687 ], [ -106.302299, 31.782519 ], [ -106.302318, 31.782101 ], [ -106.302684, 31.781007 ], [ -106.303631, 31.77951 ], [ -106.303679, 31.779207 ], [ -106.30367, 31.777253 ], [ -106.303658, 31.775742 ], [ -106.303631, 31.772771 ], [ -106.30358, 31.769409 ], [ -106.308193, 31.76941 ], [ -106.311355, 31.769407 ], [ -106.311908, 31.771003 ], [ -106.311888, 31.77548 ], [ -106.312456, 31.775864 ], [ -106.311634, 31.776794 ], [ -106.312076, 31.777266 ], [ -106.312381, 31.780239 ], [ -106.312688, 31.783796 ] ] ] } },
{ "type": "Feature", "properties": { "STATEFP": "48", "COUNTYFP": "141", "TRACTCE": "001112", "GEOIDFQ": "1400000US48141001112", "GEOID": "48141001112", "NAME": "11.12", "NAMELSAD": "Census Tract 11.12", "STUSPS": "TX", "NAMELSADCO": "El Paso County", "STATE_NAME": "Texas", "LSAD": "CT", "ALAND": 1964538, "AWATER": 0, "centroid_lon": -106.54909693979506, "centroid_lat": 31.847495984776891, "B03002_001E": 4222, "B03002_001M": 729, "B03002_012E": 2718, "B03002_012M": 520, "B19013_001E": 80761, "B19013_001M": 24467, "B01003_001E": 4222, "state": "48", "county": "141", "tract": "001112", "latino_share": 0.6437707247749882, "camera_count": 0, "arterial_road_m": 4350.6844239581596, "land_area_km2": 1.964538, "pop_density_per_km2": 2149.1057948484581, "arterial_km_per_km2": 2.2146094521756057, "log_income": 11.299249454717621, "city": "El Paso" }, "geometry": { "type": "Polygon", "coordinates": [ [ [ -106.560536, 31.849858 ], [ -106.557085, 31.849461 ], [ -106.555141, 31.851556 ], [ -106.552194, 31.852921 ], [ -106.55007, 31.853706 ], [ -106.543693, 31.852375 ], [ -106.541804, 31.852374 ], [ -106.540117, 31.849104 ], [ -106.537117, 31.846997 ], [ -106.536082, 31.844836 ], [ -106.535649, 31.84337 ], [ -106.539922, 31.843158 ], [ -106.543712, 31.843593 ], [ -106.545497, 31.844168 ], [ -106.546185, 31.84425 ], [ -106.550228, 31.845447 ], [ -106.550898, 31.845123 ], [ -106.550397, 31.844828 ], [ -106.552472, 31.843129 ], [ -106.557218, 31.841636 ], [ -106.559592, 31.841395 ], [ -106.560419, 31.848532 ], [ -106.561059, 31.849578 ], [ -106.560536, 31.849858 ] ] ] } },
{ "type": "Feature", "properties": { "STATEFP": "48", "COUNTYFP": "141", "TRACTCE": "010337", "GEOIDFQ": "1400000US48141010337", "GEOID": "48141010337", "NAME": "103.37", "NAMELSAD": "Census Tract 103.37", "STUSPS": "TX", "NAMELSADCO": "El Paso County", "STATE_NAME": "Texas", "LSAD": "CT", "ALAND": 2596199, "AWATER": 0, "centroid_lon": -106.27699231356918, "centroid_lat": 31.73499016904238, "B03002_001E": 8541, "B03002_001M": 2719, "B03002_012E": 8017, "B03002_012M": 2688, "B19013_001E": 71463, "B19013_001M": 11644, "B01003_001E": 8541, "state": "48", "county": "141", "tract": "010337", "latino_share": 0.93864887015571952, "camera_count": 0, "arterial_road_m": 18195.989554412055, "land_area_km2": 2.596199, "pop_density_per_km2": 3289.8094483512245, "arterial_km_per_km2": 7.0087037066157318, "log_income": 11.176935112224328, "city": "El Paso" }, "geometry": { "type": "Polygon", "coordinates": [ [ [ -106.290412, 31.739866 ], [ -106.286616, 31.74386 ], [ -106.284442, 31.742319 ], [ -106.282144, 31.740376 ], [ -106.28117, 31.739763 ], [ -106.276286, 31.739653 ], [ -106.272785, 31.739686 ], [ -106.268032, 31.741137 ], [ -106.267445, 31.741045 ], [ -106.267028, 31.741053 ], [ -106.267039, 31.74053 ], [ -106.267129, 31.736399 ], [ -106.266862, 31.726176 ], [ -106.267456, 31.726172 ], [ -106.272959, 31.726544 ], [ -106.275403, 31.727757 ], [ -106.278757, 31.729709 ], [ -106.28139, 31.731277 ], [ -106.28457, 31.733176 ], [ -106.288262, 31.735978 ], [ -106.291871, 31.737949 ], [ -106.290412, 31.739866 ] ] ] } },
{ "type": "Feature", "properties": { "STATEFP": "48", "COUNTYFP": "141", "TRACTCE": "001116", "GEOIDFQ": "1400000US48141001116", "GEOID": "48141001116", "NAME": "11.16", "NAMELSAD": "Census Tract 11.16", "STUSPS": "TX", "NAMELSADCO": "El Paso County", "STATE_NAME": "Texas", "LSAD": "CT", "ALAND": 1594651, "AWATER": 0, "centroid_lon": -106.55985469968918, "centroid_lat": 31.832699943644318, "B03002_001E": 2599, "B03002_001M": 789, "B03002_012E": 2106, "B03002_012M": 789, "B19013_001E": 53422, "B19013_001M": 3803, "B01003_001E": 2599, "state": "48", "county": "141", "tract": "001116", "latino_share": 0.81031165833012697, "camera_count": 7, "arterial_road_m": 12720.615250999117, "land_area_km2": 1.594651, "pop_density_per_km2": 1629.8237043716774, "arterial_km_per_km2": 7.9770528165718497, "log_income": 10.885977925124486, "city": "El Paso" }, "geometry": { "type": "Polygon", "coordinates": [ [ [ -106.570159, 31.839303 ], [ -106.559132, 31.837251 ], [ -106.556745, 31.836788 ], [ -106.55058, 31.835593 ], [ -106.550398, 31.835569 ], [ -106.551623, 31.831769 ], [ -106.553288, 31.830351 ], [ -106.554034, 31.829682 ], [ -106.555226, 31.827985 ], [ -106.55698, 31.824787 ], [ -106.556497, 31.823014 ], [ -106.556314, 31.822187 ], [ -106.567022, 31.833056 ], [ -106.568079, 31.834382 ], [ -106.570159, 31.839303 ] ] ] } },
{ "type": "Feature", "properties": { "STATEFP": "48", "COUNTYFP": "141", "TRACTCE": "010349", "GEOIDFQ": "1400000US48141010349", "GEOID": "48141010349", "NAME": "103.49", "NAMELSAD": "Census Tract 103.49", "STUSPS": "TX", "NAMELSADCO": "El Paso County", "STATE_NAME": "Texas", "LSAD": "CT", "ALAND": 881315, "AWATER": 0, "centroid_lon": -106.28042970049864, "centroid_lat": 31.78676071323488, "B03002_001E": 2569, "B03002_001M": 359, "B03002_012E": 2032, "B03002_012M": 459, "B19013_001E": 92250, "B19013_001M": 24456, "B01003_001E": 2569, "state": "48", "county": "141", "tract": "010349", "latino_share": 0.79096924873491636, "camera_count": 0, "arterial_road_m": 2622.0430234315791, "land_area_km2": 0.881315, "pop_density_per_km2": 2914.9623006530014, "arterial_km_per_km2": 2.9751485262721946, "log_income": 11.432257561902773, "city": "El Paso" }, "geometry": { "type": "Polygon", "coordinates": [ [ [ -106.28509, 31.791475 ], [ -106.280629, 31.791305 ], [ -106.276391, 31.792313 ], [ -106.27633, 31.787697 ], [ -106.276251, 31.783197 ], [ -106.276466, 31.780552 ], [ -106.276857, 31.780146 ], [ -106.280329, 31.782545 ], [ -106.282291, 31.782673 ], [ -106.28502, 31.782647 ], [ -106.28509, 31.791475 ] ] ] } },
{ "type": "Feature", "properties": { "STATEFP": "48", "COUNTYFP": "141", "TRACTCE": "004313", "GEOIDFQ": "1400000US48141004313", "GEOID": "48141004313", "NAME": "43.13", "NAMELSAD": "Census Tract 43.13", "STUSPS": "TX", "NAMELSADCO": "El Paso County", "STATE_NAME": "Texas", "LSAD": "CT", "ALAND": 2890250, "AWATER": 54180, "centroid_lon": -106.3245137025697, "centroid_lat": 31.756436587585711, "B03002_001E": 3552, "B03002_001M": 580, "B03002_012E": 2728, "B03002_012M": 524, "B19013_001E": 63835, "B19013_001M": 5182, "B01003_001E": 3552, "state": "48", "county": "141", "tract": "004313", "latino_share": 0.76801801801801806, "camera_count": 0, "arterial_road_m": 12792.252434099348, "land_area_km2": 2.89025, "pop_density_per_km2": 1228.9594325750368, "arterial_km_per_km2": 4.4260020531439661, "log_income": 11.064056908254452, "city": "El Paso" }, "geometry": { "type": "Polygon", "coordinates": [ [ [ -106.327862, 31.748686 ], [ -106.326657, 31.752816 ], [ -106.326915, 31.753817 ], [ -106.329462, 31.757413 ], [ -106.329902, 31.759091 ], [ -106.329587, 31.765639 ], [ -106.331122, 31.767963 ], [ -106.330719, 31.772127 ], [ -106.330205, 31.772003 ], [ -106.327764, 31.770642 ], [ -106.325048, 31.769132 ], [ -106.319116, 31.769031 ], [ -106.31908, 31.765101 ], [ -106.319038, 31.760446 ], [ -106.318977, 31.754204 ], [ -106.318965, 31.747601 ], [ -106.319599, 31.74609 ], [ -106.324837, 31.739864 ], [ -106.325453, 31.740342 ], [ -106.331852, 31.744386 ], [ -106.327862, 31.748686 ] ] ] } },
{ "type": "Feature", "properties": { "STATEFP": "48", "COUNTYFP": "141", "TRACTCE": "000114", "GEOIDFQ": "1400000US48141000114", "GEOID": "48141000114", "NAME": "1.14", "NAMELSAD": "Census Tract 1.14", "STUSPS": "TX", "NAMELSADCO": "El Paso County", "STATE_NAME": "Texas", "LSAD": "CT", "ALAND": 5148341, "AWATER": 0, "centroid_lon": -106.43305418966006, "centroid_lat": 31.884413520213879, "B03002_001E": 3501, "B03002_001M": 919, "B03002_012E": 2320, "B03002_012M": 807, "B19013_001E": 63510, "B19013_001M": 15648, "B01003_001E": 3501, "state": "48", "county": "141", "tract": "000114", "latino_share": 0.66266780919737223, "camera_count": 5, "arterial_road_m": 24414.987324736787, "land_area_km2": 5.148341, "pop_density_per_km2": 680.02488568647641, "arterial_km_per_km2": 4.742301903610656, "log_income": 11.05895265279702, "city": "El Paso" }, "geometry": { "type": "Polygon", "coordinates": [ [ [ -106.441922, 31.898269 ], [ -106.440799, 31.898269 ], [ -106.434943, 31.898532 ], [ -106.43318, 31.898598 ], [ -106.428945, 31.898584 ], [ -106.426081, 31.898583 ], [ -106.424325, 31.898708 ], [ -106.424209, 31.898721 ], [ -106.426518, 31.893885 ], [ -106.423595, 31.892806 ], [ -106.423564, 31.890884 ], [ -106.423557, 31.883585 ], [ -106.424534, 31.882454 ], [ -106.423488, 31.877062 ], [ -106.428248, 31.86986 ], [ -106.434657, 31.869748 ], [ -106.440881, 31.869629 ], [ -106.441451, 31.869693 ], [ -106.441352, 31.873359 ], [ -106.441922, 31.898269 ] ] ] } },
{ "type": "Feature", "properties": { "STATEFP": "48", "COUNTYFP": "141", "TRACTCE": "004201", "GEOIDFQ": "1400000US48141004201", "GEOID": "48141004201", "NAME": "42.01", "NAMELSAD": "Census Tract 42.01", "STUSPS": "TX", "NAMELSADCO": "El Paso County", "STATE_NAME": "Texas", "LSAD": "CT", "ALAND": 1854660, "AWATER": 0, "centroid_lon": -106.35809926782446, "centroid_lat": 31.747660664825549, "B03002_001E": 4949, "B03002_001M": 782, "B03002_012E": 4615, "B03002_012M": 786, "B19013_001E": 40438, "B19013_001M": 8018, "B01003_001E": 4949, "state": "48", "county": "141", "tract": "004201", "latino_share": 0.93251161850878961, "camera_count": 2, "arterial_road_m": 5862.5801736985923, "land_area_km2": 1.85466, "pop_density_per_km2": 2668.4136175902863, "arterial_km_per_km2": 3.160999953467801, "log_income": 10.607525215927247, "city": "El Paso" }, "geometry": { "type": "Polygon", "coordinates": [ [ [ -106.367476, 31.746171 ], [ -106.365144, 31.748672 ], [ -106.365169, 31.749981 ], [ -106.365195, 31.753168 ], [ -106.36521, 31.753671 ], [ -106.359448, 31.753693 ], [ -106.353961, 31.753688 ], [ -106.352508, 31.7544 ], [ -106.351705, 31.754649 ], [ -106.3508, 31.751478 ], [ -106.350776, 31.747991 ], [ -106.350726, 31.742096 ], [ -106.350852, 31.741182 ], [ -106.352747, 31.741725 ], [ -106.35402, 31.741897 ], [ -106.353995, 31.741382 ], [ -106.36107, 31.741293 ], [ -106.362636, 31.74251 ], [ -106.365211, 31.743349 ], [ -106.367476, 31.746171 ] ] ] } },
{ "type": "Feature", "properties": { "STATEFP": "48", "COUNTYFP": "141", "TRACTCE": "003804", "GEOIDFQ": "1400000US48141003804", "GEOID": "48141003804", "NAME": "38.04", "NAMELSAD": "Census Tract 38.04", "STUSPS": "TX", "NAMELSADCO": "El Paso County", "STATE_NAME": "Texas", "LSAD": "CT", "ALAND": 1769645, "AWATER": 0, "centroid_lon": -106.35043740305763, "centroid_lat": 31.712579066249351, "B03002_001E": 3528, "B03002_001M": 675, "B03002_012E": 3514, "B03002_012M": 674, "B19013_001E": 38992, "B19013_001M": 5275, "B01003_001E": 3528, "state": "48", "county": "141", "tract": "003804", "latino_share": 0.99603174603174605, "camera_count": 0, "arterial_road_m": 5647.71518812045, "land_area_km2": 1.769645, "pop_density_per_km2": 1993.620189360013, "arterial_km_per_km2": 3.1914396323106895, "log_income": 10.571111775864987, "city": "El Paso" }, "geometry": { "type": "Polygon", "coordinates": [ [ [ -106.357055, 31.71212 ], [ -106.356708, 31.715883 ], [ -106.355514, 31.718909 ], [ -106.356088, 31.719287 ], [ -106.355717, 31.719398 ], [ -106.353762, 31.720485 ], [ -106.353269, 31.720767 ], [ -106.352, 31.722099 ], [ -106.343159, 31.714571 ], [ -106.340924, 31.712674 ], [ -106.345783, 31.711819 ], [ -106.347136, 31.710867 ], [ -106.343289, 31.705382 ], [ -106.349225, 31.70396 ], [ -106.356184, 31.708293 ], [ -106.356542, 31.709419 ], [ -106.357109, 31.711284 ], [ -106.357055, 31.71212 ] ] ] } },
{ "type": "Feature", "properties": { "STATEFP": "48", "COUNTYFP": "141", "TRACTCE": "003803", "GEOIDFQ": "1400000US48141003803", "GEOID": "48141003803", "NAME": "38.03", "NAMELSAD": "Census Tract 38.03", "STUSPS": "TX", "NAMELSADCO": "El Paso County", "STATE_NAME": "Texas", "LSAD": "CT", "ALAND": 2581170, "AWATER": 17447, "centroid_lon": -106.35986064422723, "centroid_lat": 31.715171331147477, "B03002_001E": 2632, "B03002_001M": 369, "B03002_012E": 2515, "B03002_012M": 372, "B19013_001E": 64625, "B19013_001M": 12615, "B01003_001E": 2632, "state": "48", "county": "141", "tract": "003803", "latino_share": 0.95554711246200608, "camera_count": 0, "arterial_road_m": 12683.203728434306, "land_area_km2": 2.58117, "pop_density_per_km2": 1019.6926200134047, "arterial_km_per_km2": 4.9137421124661707, "log_income": 11.076356611810731, "city": "El Paso" }, "geometry": { "type": "Polygon", "coordinates": [ [ [ -106.367995, 31.711114 ], [ -106.36787, 31.711545 ], [ -106.3667, 31.713326 ], [ -106.366088, 31.714289 ], [ -106.363334, 31.721261 ], [ -106.363792, 31.723189 ], [ -106.363805, 31.7247 ], [ -106.363831, 31.727493 ], [ -106.361985, 31.729288 ], [ -106.363528, 31.731912 ], [ -106.352, 31.722099 ], [ -106.353269, 31.720767 ], [ -106.353762, 31.720485 ], [ -106.355717, 31.719398 ], [ -106.356088, 31.719287 ], [ -106.355514, 31.718909 ], [ -106.356708, 31.715883 ], [ -106.357055, 31.71212 ], [ -106.357109, 31.711284 ], [ -106.356542, 31.709419 ], [ -106.356184, 31.708293 ], [ -106.349225, 31.70396 ], [ -106.350122, 31.703769 ], [ -106.356175, 31.702315 ], [ -106.357006, 31.702187 ], [ -106.368301051686998, 31.7095172159088 ], [ -106.367995, 31.711114 ] ] ] } },
{ "type": "Feature", "properties": { "STATEFP": "48", "COUNTYFP": "141", "TRACTCE": "004303", "GEOIDFQ": "1400000US48141004303", "GEOID": "48141004303", "NAME": "43.03", "NAMELSAD": "Census Tract 43.03", "STUSPS": "TX", "NAMELSADCO": "El Paso County", "STATE_NAME": "Texas", "LSAD": "CT", "ALAND": 2475478, "AWATER": 0, "centroid_lon": -106.35098492310981, "centroid_lat": 31.777903909494061, "B03002_001E": 5560, "B03002_001M": 930, "B03002_012E": 4046, "B03002_012M": 453, "B19013_001E": 53618, "B19013_001M": 22089, "B01003_001E": 5560, "state": "48", "county": "141", "tract": "004303", "latino_share": 0.72769784172661867, "camera_count": 3, "arterial_road_m": 9264.5593470654167, "land_area_km2": 2.475478, "pop_density_per_km2": 2246.0308675738588, "arterial_km_per_km2": 3.7425335014350427, "log_income": 10.889640111579199, "city": "El Paso" }, "geometry": { "type": "Polygon", "coordinates": [ [ [ -106.360678, 31.787233 ], [ -106.359646, 31.786857 ], [ -106.35605, 31.785523 ], [ -106.355844, 31.785425 ], [ -106.350993, 31.783624 ], [ -106.348622, 31.782737 ], [ -106.339161, 31.779223 ], [ -106.339855, 31.777589 ], [ -106.339811, 31.772126 ], [ -106.341659, 31.772104 ], [ -106.345199, 31.770655 ], [ -106.346938, 31.770517 ], [ -106.348829, 31.770479 ], [ -106.350201, 31.770953 ], [ -106.352181, 31.773094 ], [ -106.355823, 31.773206 ], [ -106.356001, 31.773206 ], [ -106.357139, 31.7732 ], [ -106.360667, 31.77405 ], [ -106.360734, 31.778137 ], [ -106.360678, 31.787233 ] ] ] } },
{ "type": "Feature", "properties": { "STATEFP": "48", "COUNTYFP": "141", "TRACTCE": "000112", "GEOIDFQ": "1400000US48141000112", "GEOID": "48141000112", "NAME": "1.12", "NAMELSAD": "Census Tract 1.12", "STUSPS": "TX", "NAMELSADCO": "El Paso County", "STATE_NAME": "Texas", "LSAD": "CT", "ALAND": 1570493, "AWATER": 0, "centroid_lon": -106.42896207225165, "centroid_lat": 31.905873650703267, "B03002_001E": 4731, "B03002_001M": 1000, "B03002_012E": 3659, "B03002_012M": 967, "B19013_001E": 65652, "B19013_001M": 16107, "B01003_001E": 4731, "state": "48", "county": "141", "tract": "000112", "latino_share": 0.7734094271824139, "camera_count": 0, "arterial_road_m": 8560.6713901127514, "land_area_km2": 1.570493, "pop_density_per_km2": 3012.4298548290253, "arterial_km_per_km2": 5.4509452701239374, "log_income": 11.092123343851826, "city": "El Paso" }, "geometry": { "type": "Polygon", "coordinates": [ [ [ -106.435302, 31.90074 ], [ -106.433635, 31.904433 ], [ -106.433691, 31.90669 ], [ -106.433758, 31.909548 ], [ -106.433783, 31.910265 ], [ -106.432525, 31.912314 ], [ -106.432317, 31.913604 ], [ -106.424052, 31.913762 ], [ -106.423805, 31.910536 ], [ -106.423787, 31.90835 ], [ -106.42378, 31.90537 ], [ -106.423627, 31.902822 ], [ -106.424418, 31.902813 ], [ -106.424325, 31.898708 ], [ -106.426081, 31.898583 ], [ -106.428945, 31.898584 ], [ -106.43318, 31.898598 ], [ -106.434943, 31.898532 ], [ -106.435302, 31.90074 ] ] ] } },
{ "type": "Feature", "properties": { "STATEFP": "48", "COUNTYFP": "141", "TRACTCE": "000302", "GEOIDFQ": "1400000US48141000302", "GEOID": "48141000302", "NAME": "3.02", "NAMELSAD": "Census Tract 3.02", "STUSPS": "TX", "NAMELSADCO": "El Paso County", "STATE_NAME": "Texas", "LSAD": "CT", "ALAND": 2135794, "AWATER": 0, "centroid_lon": -106.41754127618751, "centroid_lat": 31.861863823157037, "B03002_001E": 5182, "B03002_001M": 761, "B03002_012E": 4701, "B03002_012M": 786, "B19013_001E": 30494, "B19013_001M": 12651, "B01003_001E": 5182, "state": "48", "county": "141", "tract": "000302", "latino_share": 0.90717869548436902, "camera_count": 5, "arterial_road_m": 10026.083419194256, "land_area_km2": 2.135794, "pop_density_per_km2": 2426.2639561680571, "arterial_km_per_km2": 4.6943120072414546, "log_income": 10.325285221931852, "city": "El Paso" }, "geometry": { "type": "Polygon", "coordinates": [ [ [ -106.423177, 31.869933 ], [ -106.41719, 31.870042 ], [ -106.415203, 31.870077 ], [ -106.407224, 31.870223 ], [ -106.406896, 31.870017 ], [ -106.416211, 31.855343 ], [ -106.420259, 31.848932 ], [ -106.421604, 31.846806 ], [ -106.422461, 31.846962 ], [ -106.422502, 31.848925 ], [ -106.422785, 31.848932 ], [ -106.422852, 31.851665 ], [ -106.422919, 31.854597 ], [ -106.422939, 31.855386 ], [ -106.423024, 31.858947 ], [ -106.423036, 31.859761 ], [ -106.423128, 31.863047 ], [ -106.423164, 31.864554 ], [ -106.423198, 31.866063 ], [ -106.423177, 31.869933 ] ] ] } },
{ "type": "Feature", "properties": { "STATEFP": "48", "COUNTYFP": "141", "TRACTCE": "000401", "GEOIDFQ": "1400000US48141000401", "GEOID": "48141000401", "NAME": "4.01", "NAMELSAD": "Census Tract 4.01", "STUSPS": "TX", "NAMELSADCO": "El Paso County", "STATE_NAME": "Texas", "LSAD": "CT", "ALAND": 16373007, "AWATER": 3207, "centroid_lon": -106.47073003301311, "centroid_lat": 31.849690845156932, "B03002_001E": 5436, "B03002_001M": 535, "B03002_012E": 3339, "B03002_012M": 527, "B19013_001E": 76320, "B19013_001M": 19721, "B01003_001E": 5436, "state": "48", "county": "141", "tract": "000401", "latino_share": 0.61423841059602646, "camera_count": 0, "arterial_road_m": 11265.392200510489, "land_area_km2": 16.373007, "pop_density_per_km2": 332.00987454534157, "arterial_km_per_km2": 0.68804662457607746, "log_income": 11.242690306122169, "city": "El Paso" }, "geometry": { "type": "Polygon", "coordinates": [ [ [ -106.494943, 31.868905 ], [ -106.490341, 31.869298 ], [ -106.490329, 31.868508 ], [ -106.456563, 31.869325 ], [ -106.450204, 31.869478 ], [ -106.44998, 31.860544 ], [ -106.449876, 31.856185 ], [ -106.449804, 31.853158 ], [ -106.44976, 31.851442 ], [ -106.452819, 31.851383 ], [ -106.452658, 31.847305 ], [ -106.453349, 31.847064 ], [ -106.453479, 31.846213 ], [ -106.453943, 31.844777 ], [ -106.45695, 31.840373 ], [ -106.457379, 31.838646 ], [ -106.457268, 31.837057 ], [ -106.454402, 31.832487 ], [ -106.454184, 31.830182 ], [ -106.454147, 31.828379 ], [ -106.454661, 31.826679 ], [ -106.455686, 31.825676 ], [ -106.462343, 31.824424 ], [ -106.464343, 31.823158 ], [ -106.46433, 31.818264 ], [ -106.465893, 31.818263 ], [ -106.465905, 31.819007 ], [ -106.465844, 31.820944 ], [ -106.465522, 31.821791 ], [ -106.471591, 31.821929 ], [ -106.473795, 31.82281 ], [ -106.475354, 31.824116 ], [ -106.47597, 31.83244 ], [ -106.478735, 31.836494 ], [ -106.480623, 31.836487 ], [ -106.482472, 31.83803 ], [ -106.483809, 31.840065 ], [ -106.486614, 31.842154 ], [ -106.489275, 31.842642 ], [ -106.49009, 31.844068 ], [ -106.491796, 31.848627 ], [ -106.493743, 31.850705 ], [ -106.493647, 31.86146 ], [ -106.493867, 31.863114 ], [ -106.494943, 31.868905 ] ] ] } },
{ "type": "Feature", "properties": { "STATEFP": "48", "COUNTYFP": "141", "TRACTCE": "000800", "GEOIDFQ": "1400000US48141000800", "GEOID": "48141000800", "NAME": "8", "NAMELSAD": "Census Tract 8", "STUSPS": "TX", "NAMELSADCO": "El Paso County", "STATE_NAME": "Texas", "LSAD": "CT", "ALAND": 1856509, "AWATER": 0, "centroid_lon": -106.45168869479166, "centroid_lat": 31.816787586044875, "B03002_001E": 4905, "B03002_001M": 1250, "B03002_012E": 4588, "B03002_012M": 1242, "B19013_001E": 25618, "B19013_001M": 8793, "B01003_001E": 4905, "state": "48", "county": "141", "tract": "000800", "latino_share": 0.93537206931702344, "camera_count": 0, "arterial_road_m": 9179.5416659829843, "land_area_km2": 1.856509, "pop_density_per_km2": 2642.055600053649, "arterial_km_per_km2": 4.9445177297729153, "log_income": 10.151050508391082, "city": "El Paso" }, "geometry": { "type": "Polygon", "coordinates": [ [ [ -106.465893, 31.818263 ], [ -106.46433, 31.818264 ], [ -106.455829, 31.818266 ], [ -106.455854, 31.82147 ], [ -106.452212, 31.821517 ], [ -106.446155, 31.821634 ], [ -106.444644, 31.821655 ], [ -106.442933, 31.821691 ], [ -106.44297, 31.81906 ], [ -106.439514, 31.819059 ], [ -106.439108, 31.81906 ], [ -106.439843, 31.817349 ], [ -106.440583, 31.814834 ], [ -106.441002, 31.812584 ], [ -106.441611, 31.812586 ], [ -106.444239, 31.812997 ], [ -106.4462, 31.813039 ], [ -106.447712, 31.813045 ], [ -106.44922, 31.813049 ], [ -106.453757, 31.813064 ], [ -106.46132, 31.813091 ], [ -106.462819, 31.813959 ], [ -106.465841, 31.813946 ], [ -106.465893, 31.818263 ] ] ] } },
{ "type": "Feature", "properties": { "STATEFP": "48", "COUNTYFP": "141", "TRACTCE": "001114", "GEOIDFQ": "1400000US48141001114", "GEOID": "48141001114", "NAME": "11.14", "NAMELSAD": "Census Tract 11.14", "STUSPS": "TX", "NAMELSADCO": "El Paso County", "STATE_NAME": "Texas", "LSAD": "CT", "ALAND": 3183017, "AWATER": 1571, "centroid_lon": -106.53284454801118, "centroid_lat": 31.818279409969854, "B03002_001E": 4490, "B03002_001M": 1207, "B03002_012E": 3496, "B03002_012M": 1198, "B19013_001E": 33170, "B19013_001M": 10303, "B01003_001E": 4490, "state": "48", "county": "141", "tract": "001114", "latino_share": 0.77861915367483292, "camera_count": 2, "arterial_road_m": 18807.752903858189, "land_area_km2": 3.183017, "pop_density_per_km2": 1410.6113790784027, "arterial_km_per_km2": 5.9087817953401407, "log_income": 10.409401131941099, "city": "El Paso" }, "geometry": { "type": "Polygon", "coordinates": [ [ [ -106.545348, 31.818209 ], [ -106.543478, 31.818846 ], [ -106.54148, 31.819528 ], [ -106.538991, 31.8214 ], [ -106.536701, 31.82307 ], [ -106.536259, 31.823339 ], [ -106.529216, 31.827579 ], [ -106.527754, 31.828637 ], [ -106.527611, 31.828756 ], [ -106.525803, 31.827127 ], [ -106.522987, 31.824626 ], [ -106.522857, 31.824514 ], [ -106.515696, 31.818142 ], [ -106.51793, 31.817659 ], [ -106.520846, 31.815913 ], [ -106.522719, 31.816082 ], [ -106.522662, 31.81472 ], [ -106.527048, 31.813991 ], [ -106.527031, 31.815596 ], [ -106.531012, 31.815704 ], [ -106.532095, 31.814653 ], [ -106.536544, 31.812606 ], [ -106.533145, 31.809478 ], [ -106.54282, 31.809764 ], [ -106.544943, 31.810771 ], [ -106.549433, 31.815192 ], [ -106.545348, 31.818209 ] ] ] } },
{ "type": "Feature", "properties": { "STATEFP": "48", "COUNTYFP": "141", "TRACTCE": "001109", "GEOIDFQ": "1400000US48141001109", "GEOID": "48141001109", "NAME": "11.09", "NAMELSAD": "Census Tract 11.09", "STUSPS": "TX", "NAMELSADCO": "El Paso County", "STATE_NAME": "Texas", "LSAD": "CT", "ALAND": 3517050, "AWATER": 0, "centroid_lon": -106.52560794474637, "centroid_lat": 31.848141440838493, "B03002_001E": 5440, "B03002_001M": 679, "B03002_012E": 3855, "B03002_012M": 690, "B19013_001E": 113233, "B19013_001M": 20426, "B01003_001E": 5440, "state": "48", "county": "141", "tract": "001109", "latino_share": 0.70863970588235292, "camera_count": 0, "arterial_road_m": 4954.4770052127205, "land_area_km2": 3.51705, "pop_density_per_km2": 1546.7508281087844, "arterial_km_per_km2": 1.4087024651946152, "log_income": 11.637202921702315, "city": "El Paso" }, "geometry": { "type": "Polygon", "coordinates": [ [ [ -106.541804, 31.852374 ], [ -106.534723, 31.852992 ], [ -106.533383, 31.853455 ], [ -106.531847, 31.854398 ], [ -106.52929, 31.854341 ], [ -106.524147, 31.855381 ], [ -106.52063, 31.857415 ], [ -106.518725, 31.857233 ], [ -106.518309, 31.856298 ], [ -106.521465, 31.854757 ], [ -106.514877, 31.853124 ], [ -106.514862, 31.852417 ], [ -106.512574, 31.852322 ], [ -106.510322, 31.852963 ], [ -106.510087, 31.849367 ], [ -106.511208, 31.848172 ], [ -106.514074, 31.844514 ], [ -106.522584, 31.842249 ], [ -106.526405, 31.838196 ], [ -106.527866, 31.838628 ], [ -106.533393, 31.840152 ], [ -106.533943, 31.840618 ], [ -106.534541, 31.842148 ], [ -106.535649, 31.84337 ], [ -106.536082, 31.844836 ], [ -106.537117, 31.846997 ], [ -106.540117, 31.849104 ], [ -106.541804, 31.852374 ] ] ] } },
{ "type": "Feature", "properties": { "STATEFP": "48", "COUNTYFP": "141", "TRACTCE": "003502", "GEOIDFQ": "1400000US48141003502", "GEOID": "48141003502", "NAME": "35.02", "NAMELSAD": "Census Tract 35.02", "STUSPS": "TX", "NAMELSADCO": "El Paso County", "STATE_NAME": "Texas", "LSAD": "CT", "ALAND": 2521779, "AWATER": 0, "centroid_lon": -106.35909332648222, "centroid_lat": 31.734466897027179, "B03002_001E": 3963, "B03002_001M": 852, "B03002_012E": 3751, "B03002_012M": 859, "B19013_001E": 27222, "B19013_001M": 7563, "B01003_001E": 3963, "state": "48", "county": "141", "tract": "003502", "latino_share": 0.94650517284885183, "camera_count": 1, "arterial_road_m": 13488.914807939358, "land_area_km2": 2.521779, "pop_density_per_km2": 1571.5096366493653, "arterial_km_per_km2": 5.3489678548117645, "log_income": 10.21178074889202, "city": "El Paso" }, "geometry": { "type": "Polygon", "coordinates": [ [ [ -106.372761, 31.741719 ], [ -106.364911, 31.741662 ], [ -106.3643, 31.741812 ], [ -106.362636, 31.74251 ], [ -106.36107, 31.741293 ], [ -106.353995, 31.741382 ], [ -106.353944, 31.740276 ], [ -106.352054, 31.740174 ], [ -106.35226, 31.733601 ], [ -106.352418, 31.731827 ], [ -106.34823, 31.729836 ], [ -106.346436, 31.729702 ], [ -106.347943, 31.72859 ], [ -106.349908, 31.727191 ], [ -106.351402, 31.722802 ], [ -106.352, 31.722099 ], [ -106.363528, 31.731912 ], [ -106.365486, 31.733579 ], [ -106.371794, 31.738943 ], [ -106.375096, 31.741743 ], [ -106.372761, 31.741719 ] ] ] } },
{ "type": "Feature", "properties": { "STATEFP": "48", "COUNTYFP": "141", "TRACTCE": "001502", "GEOIDFQ": "1400000US48141001502", "GEOID": "48141001502", "NAME": "15.02", "NAMELSAD": "Census Tract 15.02", "STUSPS": "TX", "NAMELSADCO": "El Paso County", "STATE_NAME": "Texas", "LSAD": "CT", "ALAND": 2665431, "AWATER": 0, "centroid_lon": -106.49966760776574, "centroid_lat": 31.776181707048842, "B03002_001E": 2577, "B03002_001M": 472, "B03002_012E": 1312, "B03002_012M": 316, "B19013_001E": 88889, "B19013_001M": 35150, "B01003_001E": 2577, "state": "48", "county": "141", "tract": "001502", "latino_share": 0.50911913077221571, "camera_count": 2, "arterial_road_m": 8522.1018416129118, "land_area_km2": 2.665431, "pop_density_per_km2": 966.8230016083703, "arterial_km_per_km2": 3.1972697254638791, "log_income": 11.395143679313064, "city": "El Paso" }, "geometry": { "type": "Polygon", "coordinates": [ [ [ -106.508667, 31.776017 ], [ -106.506728, 31.777048 ], [ -106.507237, 31.782464 ], [ -106.505449, 31.782541 ], [ -106.503751, 31.782875 ], [ -106.497723, 31.782403 ], [ -106.496201, 31.7838 ], [ -106.493623, 31.785251 ], [ -106.493256, 31.784523 ], [ -106.489846, 31.784783 ], [ -106.487084, 31.787673 ], [ -106.486274, 31.786574 ], [ -106.487484, 31.783116 ], [ -106.491768, 31.779709 ], [ -106.491955, 31.777459 ], [ -106.491709, 31.775348 ], [ -106.494171, 31.772484 ], [ -106.49653, 31.770976 ], [ -106.495893, 31.770255 ], [ -106.497595, 31.769167 ], [ -106.498444, 31.768617 ], [ -106.500999, 31.766973 ], [ -106.504446, 31.765012 ], [ -106.506717, 31.766451 ], [ -106.507403, 31.7686 ], [ -106.509597, 31.771276 ], [ -106.508667, 31.776017 ] ] ] } },
{ "type": "Feature", "properties": { "STATEFP": "48", "COUNTYFP": "141", "TRACTCE": "002202", "GEOIDFQ": "1400000US48141002202", "GEOID": "48141002202", "NAME": "22.02", "NAMELSAD": "Census Tract 22.02", "STUSPS": "TX", "NAMELSADCO": "El Paso County", "STATE_NAME": "Texas", "LSAD": "CT", "ALAND": 1173050, "AWATER": 0, "centroid_lon": -106.48416306640581, "centroid_lat": 31.770458149701852, "B03002_001E": 3766, "B03002_001M": 687, "B03002_012E": 3105, "B03002_012M": 609, "B19013_001E": 29808, "B19013_001M": 13738, "B01003_001E": 3766, "state": "48", "county": "141", "tract": "002202", "latino_share": 0.82448220924057358, "camera_count": 0, "arterial_road_m": 11097.128642370553, "land_area_km2": 1.17305, "pop_density_per_km2": 3210.4343378372619, "arterial_km_per_km2": 9.4600644835007497, "log_income": 10.30253209284137, "city": "El Paso" }, "geometry": { "type": "Polygon", "coordinates": [ [ [ -106.491651, 31.772986 ], [ -106.490377, 31.771529 ], [ -106.488681, 31.772623 ], [ -106.487579, 31.775142 ], [ -106.486138, 31.776193 ], [ -106.481858, 31.771332 ], [ -106.475825, 31.77521 ], [ -106.473908, 31.773043 ], [ -106.473476, 31.773319 ], [ -106.473482, 31.771973 ], [ -106.484527, 31.764896 ], [ -106.485266, 31.765731 ], [ -106.486543, 31.767182 ], [ -106.489091, 31.765547 ], [ -106.48973, 31.766268 ], [ -106.491647, 31.768446 ], [ -106.494201, 31.771348 ], [ -106.491651, 31.772986 ] ] ] } },
{ "type": "Feature", "properties": { "STATEFP": "48", "COUNTYFP": "141", "TRACTCE": "002400", "GEOIDFQ": "1400000US48141002400", "GEOID": "48141002400", "NAME": "24", "NAMELSAD": "Census Tract 24", "STUSPS": "TX", "NAMELSADCO": "El Paso County", "STATE_NAME": "Texas", "LSAD": "CT", "ALAND": 1367045, "AWATER": 0, "centroid_lon": -106.45498669371062, "centroid_lat": 31.789774786554833, "B03002_001E": 3229, "B03002_001M": 692, "B03002_012E": 2855, "B03002_012M": 665, "B19013_001E": 42600, "B19013_001M": 19721, "B01003_001E": 3229, "state": "48", "county": "141", "tract": "002400", "latino_share": 0.88417466707959125, "camera_count": 0, "arterial_road_m": 4009.8776690730729, "land_area_km2": 1.367045, "pop_density_per_km2": 2362.0290480562089, "arterial_km_per_km2": 2.933244823011, "log_income": 10.659609532257463, "city": "El Paso" }, "geometry": { "type": "Polygon", "coordinates": [ [ [ -106.461448, 31.786826 ], [ -106.461434, 31.789549 ], [ -106.461431, 31.790367 ], [ -106.461424, 31.792204 ], [ -106.461417, 31.794899 ], [ -106.456875, 31.794888 ], [ -106.453996, 31.794877 ], [ -106.450833, 31.794866 ], [ -106.449155, 31.796671 ], [ -106.447249, 31.796053 ], [ -106.448648, 31.794428 ], [ -106.449524, 31.79341 ], [ -106.449509, 31.790802 ], [ -106.449546, 31.786706 ], [ -106.449568, 31.783677 ], [ -106.450838, 31.783686 ], [ -106.455379, 31.783714 ], [ -106.45841, 31.783731 ], [ -106.458386, 31.785764 ], [ -106.458375, 31.787151 ], [ -106.461439, 31.785507 ], [ -106.46145, 31.786226 ], [ -106.461448, 31.786826 ] ] ] } },
{ "type": "Feature", "properties": { "STATEFP": "48", "COUNTYFP": "141", "TRACTCE": "010303", "GEOIDFQ": "1400000US48141010303", "GEOID": "48141010303", "NAME": "103.03", "NAMELSAD": "Census Tract 103.03", "STUSPS": "TX", "NAMELSADCO": "El Paso County", "STATE_NAME": "Texas", "LSAD": "CT", "ALAND": 1466522, "AWATER": 0, "centroid_lon": -106.32794504150421, "centroid_lat": 31.79084237073063, "B03002_001E": 4464, "B03002_001M": 714, "B03002_012E": 3764, "B03002_012M": 678, "B19013_001E": 76111, "B19013_001M": 24306, "B01003_001E": 4464, "state": "48", "county": "141", "tract": "010303", "latino_share": 0.84318996415770608, "camera_count": 0, "arterial_road_m": 7985.0998552648507, "land_area_km2": 1.466522, "pop_density_per_km2": 3043.9366064743658, "arterial_km_per_km2": 5.4449233323910926, "log_income": 11.239948080053063, "city": "El Paso" }, "geometry": { "type": "Polygon", "coordinates": [ [ [ -106.336085, 31.784987 ], [ -106.334587, 31.786242 ], [ -106.3314, 31.789816 ], [ -106.331093, 31.790585 ], [ -106.331054, 31.792082 ], [ -106.331122, 31.793342 ], [ -106.332655, 31.798042 ], [ -106.330527, 31.798322 ], [ -106.329852, 31.79847 ], [ -106.322854, 31.799375 ], [ -106.322806, 31.799115 ], [ -106.323347, 31.795941 ], [ -106.323317, 31.791543 ], [ -106.323286, 31.787696 ], [ -106.32325, 31.783783 ], [ -106.327796, 31.783789 ], [ -106.332193, 31.783791 ], [ -106.335152, 31.784157 ], [ -106.336085, 31.784987 ] ] ] } },
{ "type": "Feature", "properties": { "STATEFP": "48", "COUNTYFP": "141", "TRACTCE": "010211", "GEOIDFQ": "1400000US48141010211", "GEOID": "48141010211", "NAME": "102.11", "NAMELSAD": "Census Tract 102.11", "STUSPS": "TX", "NAMELSADCO": "El Paso County", "STATE_NAME": "Texas", "LSAD": "CT", "ALAND": 79420136, "AWATER": 133971, "centroid_lon": -106.47110422536612, "centroid_lat": 31.937556486507304, "B03002_001E": 2869, "B03002_001M": 435, "B03002_012E": 1458, "B03002_012M": 304, "B19013_001E": 97330, "B19013_001M": 11721, "B01003_001E": 2869, "state": "48", "county": "141", "tract": "010211", "latino_share": 0.50819100731962352, "camera_count": 6, "arterial_road_m": 40469.857336924375, "land_area_km2": 79.420136, "pop_density_per_km2": 36.124340054013508, "arterial_km_per_km2": 0.50956670908904489, "log_income": 11.48586254542054, "city": "El Paso" }, "geometry": { "type": "Polygon", "coordinates": [ [ [ -106.517061631199994, 32.0009226204998 ], [ -106.513986530032994, 32.0009345562842 ], [ -106.476664052092005, 32.001079420802903 ], [ -106.462788584465997, 32.001133277434398 ], [ -106.443916071922004, 32.001206529736997 ], [ -106.443614, 31.99933 ], [ -106.443174, 31.986784 ], [ -106.441765, 31.940638 ], [ -106.441661, 31.936114 ], [ -106.441533, 31.929976 ], [ -106.441488, 31.927713 ], [ -106.440943, 31.92376 ], [ -106.439357, 31.922345 ], [ -106.440224, 31.921209 ], [ -106.441206, 31.918646 ], [ -106.441296, 31.917792 ], [ -106.4412, 31.912852 ], [ -106.441141, 31.91014 ], [ -106.441018, 31.905905 ], [ -106.440799, 31.898269 ], [ -106.441922, 31.898269 ], [ -106.441352, 31.873359 ], [ -106.441451, 31.869693 ], [ -106.450204, 31.869478 ], [ -106.456563, 31.869325 ], [ -106.490329, 31.868508 ], [ -106.490341, 31.869298 ], [ -106.494943, 31.868905 ], [ -106.497236, 31.878521 ], [ -106.497206, 31.883565 ], [ -106.496239, 31.915667 ], [ -106.495131, 31.948865 ], [ -106.496733, 31.955792 ], [ -106.496234, 31.961716 ], [ -106.499136, 31.971555 ], [ -106.505639, 31.980093 ], [ -106.506801, 31.98089 ], [ -106.514441, 31.986131 ], [ -106.514542, 31.990849 ], [ -106.516443, 31.993762 ], [ -106.513977, 31.997809 ], [ -106.513981, 31.999264 ], [ -106.517134, 32.000098 ], [ -106.517061631199994, 32.0009226204998 ] ] ] } },
{ "type": "Feature", "properties": { "STATEFP": "48", "COUNTYFP": "141", "TRACTCE": "010336", "GEOIDFQ": "1400000US48141010336", "GEOID": "48141010336", "NAME": "103.36", "NAMELSAD": "Census Tract 103.36", "STUSPS": "TX", "NAMELSADCO": "El Paso County", "STATE_NAME": "Texas", "LSAD": "CT", "ALAND": 2591427, "AWATER": 0, "centroid_lon": -106.27440204048135, "centroid_lat": 31.747886931223057, "B03002_001E": 5734, "B03002_001M": 670, "B03002_012E": 5474, "B03002_012M": 673, "B19013_001E": 74063, "B19013_001M": 17878, "B01003_001E": 5734, "state": "48", "county": "141", "tract": "010336", "latino_share": 0.95465643529822108, "camera_count": 1, "arterial_road_m": 15489.607123051499, "land_area_km2": 2.591427, "pop_density_per_km2": 2212.6805038305151, "arterial_km_per_km2": 5.9772500336885814, "log_income": 11.212671361343652, "city": "El Paso" }, "geometry": { "type": "Polygon", "coordinates": [ [ [ -106.284716, 31.745819 ], [ -106.275626, 31.754642 ], [ -106.274111, 31.756069 ], [ -106.26993, 31.760067 ], [ -106.269705, 31.76073 ], [ -106.267278, 31.760774 ], [ -106.267356, 31.75497 ], [ -106.267346, 31.753927 ], [ -106.26728, 31.748652 ], [ -106.267087, 31.742235 ], [ -106.267028, 31.741053 ], [ -106.267445, 31.741045 ], [ -106.268032, 31.741137 ], [ -106.272785, 31.739686 ], [ -106.276286, 31.739653 ], [ -106.28117, 31.739763 ], [ -106.282144, 31.740376 ], [ -106.284442, 31.742319 ], [ -106.286616, 31.74386 ], [ -106.284716, 31.745819 ] ] ] } },
{ "type": "Feature", "properties": { "STATEFP": "48", "COUNTYFP": "141", "TRACTCE": "001111", "GEOIDFQ": "1400000US48141001111", "GEOID": "48141001111", "NAME": "11.11", "NAMELSAD": "Census Tract 11.11", "STUSPS": "TX", "NAMELSADCO": "El Paso County", "STATE_NAME": "Texas", "LSAD": "CT", "ALAND": 11576615, "AWATER": 0, "centroid_lon": -106.50140252204562, "centroid_lat": 31.827912753942396, "B03002_001E": 5462, "B03002_001M": 728, "B03002_012E": 3961, "B03002_012M": 753, "B19013_001E": 61114, "B19013_001M": 6520, "B01003_001E": 5462, "state": "48", "county": "141", "tract": "001111", "latino_share": 0.72519223727572313, "camera_count": 3, "arterial_road_m": 8124.6176426589163, "land_area_km2": 11.576615, "pop_density_per_km2": 471.81322001293125, "arterial_km_per_km2": 0.70181289113086309, "log_income": 11.020496251482387, "city": "El Paso" }, "geometry": { "type": "Polygon", "coordinates": [ [ [ -106.522987, 31.824626 ], [ -106.521423, 31.82573 ], [ -106.514722, 31.825421 ], [ -106.512396, 31.828274 ], [ -106.50996, 31.829298 ], [ -106.50822, 31.830102 ], [ -106.506585, 31.831897 ], [ -106.506895, 31.83227 ], [ -106.508177, 31.836061 ], [ -106.509295, 31.83771 ], [ -106.512591, 31.840634 ], [ -106.512363, 31.844235 ], [ -106.50928, 31.847181 ], [ -106.509709, 31.848089 ], [ -106.511208, 31.848172 ], [ -106.510087, 31.849367 ], [ -106.510322, 31.852963 ], [ -106.507065, 31.855232 ], [ -106.505344, 31.857911 ], [ -106.503947, 31.858711 ], [ -106.493647, 31.86146 ], [ -106.493743, 31.850705 ], [ -106.495149, 31.84886 ], [ -106.495421, 31.848505 ], [ -106.496482, 31.845682 ], [ -106.497375, 31.843307 ], [ -106.497367, 31.842446 ], [ -106.497339, 31.839127 ], [ -106.494291, 31.834141 ], [ -106.493065, 31.832261 ], [ -106.489825, 31.82711 ], [ -106.488998, 31.824236 ], [ -106.488588, 31.822811 ], [ -106.488488, 31.818469 ], [ -106.488477, 31.817988 ], [ -106.48843, 31.815912 ], [ -106.487123, 31.812011 ], [ -106.483959, 31.806709 ], [ -106.483123, 31.804007 ], [ -106.483442, 31.803207 ], [ -106.503209, 31.805116 ], [ -106.509141, 31.805805 ], [ -106.509265, 31.806973 ], [ -106.509527, 31.807536 ], [ -106.511882, 31.810587 ], [ -106.514015, 31.816502 ], [ -106.515696, 31.818142 ], [ -106.522857, 31.824514 ], [ -106.522987, 31.824626 ] ] ] } },
{ "type": "Feature", "properties": { "STATEFP": "48", "COUNTYFP": "141", "TRACTCE": "010217", "GEOIDFQ": "1400000US48141010217", "GEOID": "48141010217", "NAME": "102.17", "NAMELSAD": "Census Tract 102.17", "STUSPS": "TX", "NAMELSADCO": "El Paso County", "STATE_NAME": "Texas", "LSAD": "CT", "ALAND": 1930420, "AWATER": 0, "centroid_lon": -106.55336089105553, "centroid_lat": 31.870648340465454, "B03002_001E": 4199, "B03002_001M": 615, "B03002_012E": 2899, "B03002_012M": 509, "B19013_001E": 95543, "B19013_001M": 18772, "B01003_001E": 4199, "state": "48", "county": "141", "tract": "010217", "latino_share": 0.69040247678018574, "camera_count": 0, "arterial_road_m": 3712.4713772602381, "land_area_km2": 1.93042, "pop_density_per_km2": 2175.1743143979029, "arterial_km_per_km2": 1.923141791558437, "log_income": 11.467331686911509, "city": "El Paso" }, "geometry": { "type": "Polygon", "coordinates": [ [ [ -106.558467, 31.875242 ], [ -106.55805, 31.879448 ], [ -106.558046, 31.879508 ], [ -106.556394, 31.87944 ], [ -106.551356, 31.880423 ], [ -106.549332, 31.88158 ], [ -106.548478, 31.880181 ], [ -106.548393, 31.879429 ], [ -106.548392, 31.877036 ], [ -106.548423, 31.8753 ], [ -106.548624, 31.874621 ], [ -106.548641, 31.868745 ], [ -106.548774, 31.862847 ], [ -106.549454, 31.861931 ], [ -106.550184, 31.8615 ], [ -106.555946, 31.859699 ], [ -106.557775, 31.859513 ], [ -106.557772, 31.863937 ], [ -106.557281, 31.868561 ], [ -106.557314, 31.86903 ], [ -106.557771, 31.870914 ], [ -106.55976, 31.874392 ], [ -106.558467, 31.875242 ] ] ] } },
{ "type": "Feature", "properties": { "STATEFP": "48", "COUNTYFP": "141", "TRACTCE": "004317", "GEOIDFQ": "1400000US48141004317", "GEOID": "48141004317", "NAME": "43.17", "NAMELSAD": "Census Tract 43.17", "STUSPS": "TX", "NAMELSADCO": "El Paso County", "STATE_NAME": "Texas", "LSAD": "CT", "ALAND": 1079803, "AWATER": 0, "centroid_lon": -106.35980830367684, "centroid_lat": 31.767717019086472, "B03002_001E": 4833, "B03002_001M": 1000, "B03002_012E": 3642, "B03002_012M": 933, "B19013_001E": 53838, "B19013_001M": 9312, "B01003_001E": 4833, "state": "48", "county": "141", "tract": "004317", "latino_share": 0.75356921166977031, "camera_count": 1, "arterial_road_m": 5630.2233497277284, "land_area_km2": 1.079803, "pop_density_per_km2": 4475.8164220695808, "arterial_km_per_km2": 5.214120862534859, "log_income": 10.893734816526113, "city": "El Paso" }, "geometry": { "type": "Polygon", "coordinates": [ [ [ -106.366117, 31.772776 ], [ -106.364392, 31.773827 ], [ -106.361274, 31.774037 ], [ -106.360667, 31.77405 ], [ -106.357139, 31.7732 ], [ -106.356001, 31.773206 ], [ -106.355884, 31.766467 ], [ -106.355821, 31.764215 ], [ -106.355516, 31.762715 ], [ -106.355104, 31.759868 ], [ -106.355635, 31.759092 ], [ -106.361011, 31.762436 ], [ -106.3642, 31.764407 ], [ -106.363479, 31.765305 ], [ -106.363255, 31.766351 ], [ -106.363308, 31.766786 ], [ -106.364752, 31.770412 ], [ -106.365447, 31.772069 ], [ -106.366117, 31.772776 ] ] ] } },
{ "type": "Feature", "properties": { "STATEFP": "48", "COUNTYFP": "141", "TRACTCE": "010352", "GEOIDFQ": "1400000US48141010352", "GEOID": "48141010352", "NAME": "103.52", "NAMELSAD": "Census Tract 103.52", "STUSPS": "TX", "NAMELSADCO": "El Paso County", "STATE_NAME": "Texas", "LSAD": "CT", "ALAND": 2009629, "AWATER": 0, "centroid_lon": -106.26145960726792, "centroid_lat": 31.785038063258291, "B03002_001E": 5766, "B03002_001M": 927, "B03002_012E": 4674, "B03002_012M": 787, "B19013_001E": 93859, "B19013_001M": 23943, "B01003_001E": 5766, "state": "48", "county": "141", "tract": "010352", "latino_share": 0.8106139438085328, "camera_count": 2, "arterial_road_m": 6770.0948584668531, "land_area_km2": 2.009629, "pop_density_per_km2": 2869.1863025463904, "arterial_km_per_km2": 3.3688282058364276, "log_income": 11.449548935125874, "city": "El Paso" }, "geometry": { "type": "Polygon", "coordinates": [ [ [ -106.267689, 31.786136 ], [ -106.267608, 31.792372 ], [ -106.259686, 31.792408 ], [ -106.259679, 31.792281 ], [ -106.257173, 31.792337 ], [ -106.255496, 31.79266 ], [ -106.255179, 31.788622 ], [ -106.253264, 31.787319 ], [ -106.252496, 31.784363 ], [ -106.253449, 31.78409 ], [ -106.25811, 31.779785 ], [ -106.260751, 31.776974 ], [ -106.262891, 31.77612 ], [ -106.267436, 31.776362 ], [ -106.267665, 31.783906 ], [ -106.267689, 31.786136 ] ] ] } },
{ "type": "Feature", "properties": { "STATEFP": "48", "COUNTYFP": "141", "TRACTCE": "001118", "GEOIDFQ": "1400000US48141001118", "GEOID": "48141001118", "NAME": "11.18", "NAMELSAD": "Census Tract 11.18", "STUSPS": "TX", "NAMELSADCO": "El Paso County", "STATE_NAME": "Texas", "LSAD": "CT", "ALAND": 1439908, "AWATER": 0, "centroid_lon": -106.53500119621185, "centroid_lat": 31.835341791003604, "B03002_001E": 2668, "B03002_001M": 609, "B03002_012E": 1865, "B03002_012M": 516, "B19013_001E": 42990, "B19013_001M": 6006, "B01003_001E": 2668, "state": "48", "county": "141", "tract": "001118", "latino_share": 0.69902548725637181, "camera_count": 2, "arterial_road_m": 7568.6668535128938, "land_area_km2": 1.439908, "pop_density_per_km2": 1852.8961572544913, "arterial_km_per_km2": 5.2563544709195957, "log_income": 10.668722809490328, "city": "El Paso" }, "geometry": { "type": "Polygon", "coordinates": [ [ [ -106.55058, 31.835593 ], [ -106.550204, 31.837023 ], [ -106.547541, 31.837129 ], [ -106.542616, 31.838311 ], [ -106.538284, 31.838341 ], [ -106.535976, 31.838203 ], [ -106.533943, 31.840618 ], [ -106.533393, 31.840152 ], [ -106.527866, 31.838628 ], [ -106.526405, 31.838196 ], [ -106.525718, 31.83691 ], [ -106.52617, 31.83182 ], [ -106.52638, 31.830189 ], [ -106.527611, 31.828756 ], [ -106.527754, 31.828637 ], [ -106.532181, 31.83146 ], [ -106.537043, 31.832954 ], [ -106.537702, 31.833102 ], [ -106.550398, 31.835569 ], [ -106.55058, 31.835593 ] ] ] } },
{ "type": "Feature", "properties": { "STATEFP": "48", "COUNTYFP": "141", "TRACTCE": "001119", "GEOIDFQ": "1400000US48141001119", "GEOID": "48141001119", "NAME": "11.19", "NAMELSAD": "Census Tract 11.19", "STUSPS": "TX", "NAMELSADCO": "El Paso County", "STATE_NAME": "Texas", "LSAD": "CT", "ALAND": 1562186, "AWATER": 0, "centroid_lon": -106.54743375607099, "centroid_lat": 31.840402223897872, "B03002_001E": 4061, "B03002_001M": 967, "B03002_012E": 3025, "B03002_012M": 921, "B19013_001E": 51614, "B19013_001M": 9824, "B01003_001E": 4061, "state": "48", "county": "141", "tract": "001119", "latino_share": 0.74489042107855208, "camera_count": 0, "arterial_road_m": 5541.4917326743316, "land_area_km2": 1.562186, "pop_density_per_km2": 2599.5624080615239, "arterial_km_per_km2": 3.5472675678019976, "log_income": 10.851548232499086, "city": "El Paso" }, "geometry": { "type": "Polygon", "coordinates": [ [ [ -106.559592, 31.841395 ], [ -106.557218, 31.841636 ], [ -106.552472, 31.843129 ], [ -106.550397, 31.844828 ], [ -106.550898, 31.845123 ], [ -106.550228, 31.845447 ], [ -106.546185, 31.84425 ], [ -106.545497, 31.844168 ], [ -106.543712, 31.843593 ], [ -106.539922, 31.843158 ], [ -106.535649, 31.84337 ], [ -106.534541, 31.842148 ], [ -106.533943, 31.840618 ], [ -106.535976, 31.838203 ], [ -106.538284, 31.838341 ], [ -106.542616, 31.838311 ], [ -106.547541, 31.837129 ], [ -106.550204, 31.837023 ], [ -106.55058, 31.835593 ], [ -106.556745, 31.836788 ], [ -106.559132, 31.837251 ], [ -106.559592, 31.841395 ] ] ] } },
{ "type": "Feature", "properties": { "STATEFP": "48", "COUNTYFP": "141", "TRACTCE": "003905", "GEOIDFQ": "1400000US48141003905", "GEOID": "48141003905", "NAME": "39.05", "NAMELSAD": "Census Tract 39.05", "STUSPS": "TX", "NAMELSADCO": "El Paso County", "STATE_NAME": "Texas", "LSAD": "CT", "ALAND": 2174739, "AWATER": 29910, "centroid_lon": -106.33756210126036, "centroid_lat": 31.685529232831804, "B03002_001E": 2481, "B03002_001M": 436, "B03002_012E": 2413, "B03002_012M": 442, "B19013_001E": 22041, "B19013_001M": 20754, "B01003_001E": 2481, "state": "48", "county": "141", "tract": "003905", "latino_share": 0.97259169689641278, "camera_count": 0, "arterial_road_m": 12802.53413770895, "land_area_km2": 2.174739, "pop_density_per_km2": 1140.8265543589368, "arterial_km_per_km2": 5.8869290235329155, "log_income": 10.000659634288388, "city": "El Paso" }, "geometry": { "type": "Polygon", "coordinates": [ [ [ -106.343467, 31.691956 ], [ -106.339848, 31.692599 ], [ -106.337654, 31.692588 ], [ -106.336881, 31.692767 ], [ -106.336464, 31.693053 ], [ -106.335209, 31.694743 ], [ -106.330675, 31.692965 ], [ -106.327859, 31.691837 ], [ -106.328007, 31.691139 ], [ -106.328067, 31.690922 ], [ -106.328124, 31.690751 ], [ -106.328574, 31.690815 ], [ -106.330245, 31.689957 ], [ -106.32843, 31.689443 ], [ -106.328639, 31.689026 ], [ -106.329618, 31.68761 ], [ -106.331881, 31.685228 ], [ -106.334721, 31.679963 ], [ -106.335135, 31.678394 ], [ -106.335944, 31.675003 ], [ -106.336021, 31.67465 ], [ -106.336379, 31.671759 ], [ -106.337958196274002, 31.671206640723401 ], [ -106.346981507671003, 31.6910803606232 ], [ -106.343467, 31.691956 ] ] ] } },
{ "type": "Feature", "properties": { "STATEFP": "48", "COUNTYFP": "141", "TRACTCE": "004311", "GEOIDFQ": "1400000US48141004311", "GEOID": "48141004311", "NAME": "43.11", "NAMELSAD": "Census Tract 43.11", "STUSPS": "TX", "NAMELSADCO": "El Paso County", "STATE_NAME": "Texas", "LSAD": "CT", "ALAND": 1773594, "AWATER": 0, "centroid_lon": -106.34513545466, "centroid_lat": 31.786225135915679, "B03002_001E": 4798, "B03002_001M": 520, "B03002_012E": 3790, "B03002_012M": 488, "B19013_001E": 58875, "B19013_001M": 10129, "B01003_001E": 4798, "state": "48", "county": "141", "tract": "004311", "latino_share": 0.78991246352646938, "camera_count": 0, "arterial_road_m": 5506.821828715204, "land_area_km2": 1.773594, "pop_density_per_km2": 2705.2414475917262, "arterial_km_per_km2": 3.104894259179499, "log_income": 10.983171831318719, "city": "El Paso" }, "geometry": { "type": "Polygon", "coordinates": [ [ [ -106.359235, 31.787688 ], [ -106.359202, 31.789069 ], [ -106.35263, 31.789937 ], [ -106.348415, 31.790496 ], [ -106.347514, 31.790521 ], [ -106.343032, 31.788925 ], [ -106.340688, 31.788879 ], [ -106.335432, 31.789036 ], [ -106.333822, 31.790465 ], [ -106.332585, 31.7917 ], [ -106.331054, 31.792082 ], [ -106.331093, 31.790585 ], [ -106.3314, 31.789816 ], [ -106.334587, 31.786242 ], [ -106.336085, 31.784987 ], [ -106.338069, 31.78329 ], [ -106.339161, 31.779223 ], [ -106.348622, 31.782737 ], [ -106.350993, 31.783624 ], [ -106.355844, 31.785425 ], [ -106.35605, 31.785523 ], [ -106.359646, 31.786857 ], [ -106.359235, 31.787688 ] ] ] } },
{ "type": "Feature", "properties": { "STATEFP": "48", "COUNTYFP": "141", "TRACTCE": "010311", "GEOIDFQ": "1400000US48141010311", "GEOID": "48141010311", "NAME": "103.11", "NAMELSAD": "Census Tract 103.11", "STUSPS": "TX", "NAMELSADCO": "El Paso County", "STATE_NAME": "Texas", "LSAD": "CT", "ALAND": 2206418, "AWATER": 0, "centroid_lon": -106.31223645579105, "centroid_lat": 31.795661630080613, "B03002_001E": 6296, "B03002_001M": 1725, "B03002_012E": 5524, "B03002_012M": 1728, "B19013_001E": 62613, "B19013_001M": 18326, "B01003_001E": 6296, "state": "48", "county": "141", "tract": "010311", "latino_share": 0.87738246505717921, "camera_count": 1, "arterial_road_m": 11412.92169870563, "land_area_km2": 2.206418, "pop_density_per_km2": 2853.4937622880157, "arterial_km_per_km2": 5.1726017910956257, "log_income": 11.044728203259861, "city": "El Paso" }, "geometry": { "type": "Polygon", "coordinates": [ [ [ -106.323347, 31.795941 ], [ -106.322806, 31.799115 ], [ -106.322854, 31.799375 ], [ -106.318483, 31.799969 ], [ -106.310599, 31.801009 ], [ -106.302517, 31.802066 ], [ -106.302463, 31.801798 ], [ -106.302439, 31.801681 ], [ -106.3024, 31.798115 ], [ -106.302323, 31.790518 ], [ -106.307207, 31.790492 ], [ -106.312848, 31.790445 ], [ -106.314034, 31.790437 ], [ -106.316391, 31.790436 ], [ -106.318779, 31.790676 ], [ -106.320322, 31.790723 ], [ -106.323317, 31.791543 ], [ -106.323347, 31.795941 ] ] ] } },
{ "type": "Feature", "properties": { "STATEFP": "48", "COUNTYFP": "141", "TRACTCE": "010316", "GEOIDFQ": "1400000US48141010316", "GEOID": "48141010316", "NAME": "103.16", "NAMELSAD": "Census Tract 103.16", "STUSPS": "TX", "NAMELSADCO": "El Paso County", "STATE_NAME": "Texas", "LSAD": "CT", "ALAND": 1496993, "AWATER": 0, "centroid_lon": -106.31707710344229, "centroid_lat": 31.776916014204563, "B03002_001E": 3711, "B03002_001M": 590, "B03002_012E": 2828, "B03002_012M": 424, "B19013_001E": 53600, "B19013_001M": 9896, "B01003_001E": 3711, "state": "48", "county": "141", "tract": "010316", "latino_share": 0.76205874427378062, "camera_count": 0, "arterial_road_m": 7139.8407043130683, "land_area_km2": 1.496993, "pop_density_per_km2": 2478.9695075394475, "arterial_km_per_km2": 4.7694549702724514, "log_income": 10.889304347058893, "city": "El Paso" }, "geometry": { "type": "Polygon", "coordinates": [ [ [ -106.32325, 31.783783 ], [ -106.318654, 31.783777 ], [ -106.313921, 31.783789 ], [ -106.312688, 31.783796 ], [ -106.312381, 31.780239 ], [ -106.312076, 31.777266 ], [ -106.311634, 31.776794 ], [ -106.312456, 31.775864 ], [ -106.311888, 31.77548 ], [ -106.311908, 31.771003 ], [ -106.311355, 31.769407 ], [ -106.312992, 31.769095 ], [ -106.319116, 31.769031 ], [ -106.319577, 31.771256 ], [ -106.32135, 31.774189 ], [ -106.322113, 31.775604 ], [ -106.322529, 31.776788 ], [ -106.323227, 31.77922 ], [ -106.32325, 31.783783 ] ] ] } },
{ "type": "Feature", "properties": { "STATEFP": "48", "COUNTYFP": "141", "TRACTCE": "000111", "GEOIDFQ": "1400000US48141000111", "GEOID": "48141000111", "NAME": "1.11", "NAMELSAD": "Census Tract 1.11", "STUSPS": "TX", "NAMELSADCO": "El Paso County", "STATE_NAME": "Texas", "LSAD": "CT", "ALAND": 1113892, "AWATER": 0, "centroid_lon": -106.43740790239745, "centroid_lat": 31.906447812926448, "B03002_001E": 3048, "B03002_001M": 611, "B03002_012E": 1222, "B03002_012M": 296, "B19013_001E": 61389, "B19013_001M": 14478, "B01003_001E": 3048, "state": "48", "county": "141", "tract": "000111", "latino_share": 0.40091863517060367, "camera_count": 7, "arterial_road_m": 5615.4232895021241, "land_area_km2": 1.113892, "pop_density_per_km2": 2736.3514595669953, "arterial_km_per_km2": 5.0412636857990938, "log_income": 11.024985944990938, "city": "El Paso" }, "geometry": { "type": "Polygon", "coordinates": [ [ [ -106.4412, 31.912852 ], [ -106.438798, 31.91348 ], [ -106.432317, 31.913604 ], [ -106.432525, 31.912314 ], [ -106.433783, 31.910265 ], [ -106.433758, 31.909548 ], [ -106.433691, 31.90669 ], [ -106.433635, 31.904433 ], [ -106.435302, 31.90074 ], [ -106.434943, 31.898532 ], [ -106.440799, 31.898269 ], [ -106.441018, 31.905905 ], [ -106.441141, 31.91014 ], [ -106.4412, 31.912852 ] ] ] } },
{ "type": "Feature", "properties": { "STATEFP": "48", "COUNTYFP": "141", "TRACTCE": "001110", "GEOIDFQ": "1400000US48141001110", "GEOID": "48141001110", "NAME": "11.10", "NAMELSAD": "Census Tract 11.10", "STUSPS": "TX", "NAMELSADCO": "El Paso County", "STATE_NAME": "Texas", "LSAD": "CT", "ALAND": 2962860, "AWATER": 0, "centroid_lon": -106.51743973494672, "centroid_lat": 31.834560575918662, "B03002_001E": 5019, "B03002_001M": 795, "B03002_012E": 3364, "B03002_012M": 685, "B19013_001E": 71314, "B19013_001M": 3498, "B01003_001E": 5019, "state": "48", "county": "141", "tract": "001110", "latino_share": 0.67025303845387529, "camera_count": 1, "arterial_road_m": 7331.0357399859067, "land_area_km2": 2.96286, "pop_density_per_km2": 1693.9713655049513, "arterial_km_per_km2": 2.474310544536666, "log_income": 11.17484794056376, "city": "El Paso" }, "geometry": { "type": "Polygon", "coordinates": [ [ [ -106.52638, 31.830189 ], [ -106.52617, 31.83182 ], [ -106.525718, 31.83691 ], [ -106.526405, 31.838196 ], [ -106.522584, 31.842249 ], [ -106.514074, 31.844514 ], [ -106.511208, 31.848172 ], [ -106.509709, 31.848089 ], [ -106.50928, 31.847181 ], [ -106.512363, 31.844235 ], [ -106.512591, 31.840634 ], [ -106.509295, 31.83771 ], [ -106.508177, 31.836061 ], [ -106.506895, 31.83227 ], [ -106.506585, 31.831897 ], [ -106.50822, 31.830102 ], [ -106.50996, 31.829298 ], [ -106.512396, 31.828274 ], [ -106.514722, 31.825421 ], [ -106.521423, 31.82573 ], [ -106.522987, 31.824626 ], [ -106.525803, 31.827127 ], [ -106.527611, 31.828756 ], [ -106.52638, 31.830189 ] ] ] } },
{ "type": "Feature", "properties": { "STATEFP": "48", "COUNTYFP": "141", "TRACTCE": "002201", "GEOIDFQ": "1400000US48141002201", "GEOID": "48141002201", "NAME": "22.01", "NAMELSAD": "Census Tract 22.01", "STUSPS": "TX", "NAMELSADCO": "El Paso County", "STATE_NAME": "Texas", "LSAD": "CT", "ALAND": 2260325, "AWATER": 44370, "centroid_lon": -106.48169698680336, "centroid_lat": 31.779556148692134, "B03002_001E": 2695, "B03002_001M": 426, "B03002_012E": 2364, "B03002_012M": 414, "B19013_001E": 36799, "B19013_001M": 7923, "B01003_001E": 2695, "state": "48", "county": "141", "tract": "002201", "latino_share": 0.8771799628942486, "camera_count": 1, "arterial_road_m": 9817.2039414470237, "land_area_km2": 2.260325, "pop_density_per_km2": 1192.3064161127272, "arterial_km_per_km2": 4.3432709638866198, "log_income": 10.513225949874762, "city": "El Paso" }, "geometry": { "type": "Polygon", "coordinates": [ [ [ -106.49653, 31.770976 ], [ -106.494171, 31.772484 ], [ -106.491709, 31.775348 ], [ -106.491955, 31.777459 ], [ -106.491768, 31.779709 ], [ -106.487484, 31.783116 ], [ -106.486274, 31.786574 ], [ -106.484454, 31.785391 ], [ -106.483337, 31.785969 ], [ -106.482368, 31.784162 ], [ -106.480336, 31.782535 ], [ -106.479069, 31.783242 ], [ -106.475878, 31.786382 ], [ -106.475477, 31.788072 ], [ -106.473894, 31.78924 ], [ -106.472896, 31.791536 ], [ -106.470656, 31.792383 ], [ -106.468974, 31.792294 ], [ -106.470484, 31.791394 ], [ -106.470498, 31.789588 ], [ -106.470502, 31.787767 ], [ -106.473445, 31.787772 ], [ -106.473546, 31.787646 ], [ -106.473554, 31.783252 ], [ -106.473508, 31.777822 ], [ -106.473455, 31.776737 ], [ -106.473476, 31.773319 ], [ -106.473908, 31.773043 ], [ -106.475825, 31.77521 ], [ -106.481858, 31.771332 ], [ -106.486138, 31.776193 ], [ -106.487579, 31.775142 ], [ -106.488681, 31.772623 ], [ -106.490377, 31.771529 ], [ -106.491651, 31.772986 ], [ -106.494201, 31.771348 ], [ -106.495893, 31.770255 ], [ -106.49653, 31.770976 ] ] ] } },
{ "type": "Feature", "properties": { "STATEFP": "48", "COUNTYFP": "141", "TRACTCE": "004307", "GEOIDFQ": "1400000US48141004307", "GEOID": "48141004307", "NAME": "43.07", "NAMELSAD": "Census Tract 43.07", "STUSPS": "TX", "NAMELSADCO": "El Paso County", "STATE_NAME": "Texas", "LSAD": "CT", "ALAND": 2845428, "AWATER": 0, "centroid_lon": -106.31036307355143, "centroid_lat": 31.761084102706988, "B03002_001E": 5540, "B03002_001M": 748, "B03002_012E": 4102, "B03002_012M": 607, "B19013_001E": 83625, "B19013_001M": 24117, "B01003_001E": 5540, "state": "48", "county": "141", "tract": "004307", "latino_share": 0.74043321299638987, "camera_count": 1, "arterial_road_m": 8797.4079475920407, "land_area_km2": 2.845428, "pop_density_per_km2": 1946.9830197776926, "arterial_km_per_km2": 3.0917696555991014, "log_income": 11.33409779743053, "city": "El Paso" }, "geometry": { "type": "Polygon", "coordinates": [ [ [ -106.319116, 31.769031 ], [ -106.312992, 31.769095 ], [ -106.311355, 31.769407 ], [ -106.308193, 31.76941 ], [ -106.30358, 31.769409 ], [ -106.303416, 31.767668 ], [ -106.302333, 31.765863 ], [ -106.30207, 31.765104 ], [ -106.302023, 31.760723 ], [ -106.301992, 31.758842 ], [ -106.301928, 31.751497 ], [ -106.305301, 31.752667 ], [ -106.308092, 31.752676 ], [ -106.310764, 31.752851 ], [ -106.315194, 31.754227 ], [ -106.318977, 31.754204 ], [ -106.319038, 31.760446 ], [ -106.31908, 31.765101 ], [ -106.319116, 31.769031 ] ] ] } },
{ "type": "Feature", "properties": { "STATEFP": "48", "COUNTYFP": "141", "TRACTCE": "003000", "GEOIDFQ": "1400000US48141003000", "GEOID": "48141003000", "NAME": "30", "NAMELSAD": "Census Tract 30", "STUSPS": "TX", "NAMELSADCO": "El Paso County", "STATE_NAME": "Texas", "LSAD": "CT", "ALAND": 2654522, "AWATER": 22615, "centroid_lon": -106.43685909396321, "centroid_lat": 31.765289008712227, "B03002_001E": 4366, "B03002_001M": 827, "B03002_012E": 3795, "B03002_012M": 827, "B19013_001E": 23500, "B19013_001M": 4591, "B01003_001E": 4366, "state": "48", "county": "141", "tract": "003000", "latino_share": 0.86921667430142002, "camera_count": 0, "arterial_road_m": 17640.211266273487, "land_area_km2": 2.654522, "pop_density_per_km2": 1644.7405596939864, "arterial_km_per_km2": 6.645343781770686, "log_income": 10.064755700132251, "city": "El Paso" }, "geometry": { "type": "Polygon", "coordinates": [ [ [ -106.443989, 31.761639 ], [ -106.443894, 31.76737 ], [ -106.443976, 31.769901 ], [ -106.443791, 31.7723 ], [ -106.443809, 31.775815 ], [ -106.442174, 31.777615 ], [ -106.432861, 31.777532 ], [ -106.437586, 31.77707 ], [ -106.437848, 31.774212 ], [ -106.431683, 31.773673 ], [ -106.43155, 31.768648 ], [ -106.43154, 31.768448 ], [ -106.431503, 31.766167 ], [ -106.431588, 31.765626 ], [ -106.431593, 31.763779 ], [ -106.431602, 31.761369 ], [ -106.431637, 31.756588 ], [ -106.430837, 31.755974 ], [ -106.425882, 31.755669 ], [ -106.424384, 31.755524 ], [ -106.421953, 31.75445 ], [ -106.421963, 31.754267 ], [ -106.421974510604997, 31.752944588844901 ], [ -106.431541, 31.754209 ], [ -106.435479, 31.755189 ], [ -106.438426, 31.756756 ], [ -106.444651376514997, 31.760484428140899 ], [ -106.443989, 31.761639 ] ] ] } },
{ "type": "Feature", "properties": { "STATEFP": "48", "COUNTYFP": "141", "TRACTCE": "003404", "GEOIDFQ": "1400000US48141003404", "GEOID": "48141003404", "NAME": "34.04", "NAMELSAD": "Census Tract 34.04", "STUSPS": "TX", "NAMELSADCO": "El Paso County", "STATE_NAME": "Texas", "LSAD": "CT", "ALAND": 4253356, "AWATER": 6239, "centroid_lon": -106.36878262559887, "centroid_lat": 31.781696491795543, "B03002_001E": 6244, "B03002_001M": 791, "B03002_012E": 4978, "B03002_012M": 817, "B19013_001E": 70532, "B19013_001M": 10653, "B01003_001E": 6244, "state": "48", "county": "141", "tract": "003404", "latino_share": 0.7972453555413197, "camera_count": 2, "arterial_road_m": 21176.443494236046, "land_area_km2": 4.253356, "pop_density_per_km2": 1468.0172550804589, "arterial_km_per_km2": 4.9787611228018642, "log_income": 11.163821786527814, "city": "El Paso" }, "geometry": { "type": "Polygon", "coordinates": [ [ [ -106.377211, 31.780539 ], [ -106.377319, 31.782885 ], [ -106.37818, 31.782773 ], [ -106.377734, 31.784498 ], [ -106.378418, 31.788249 ], [ -106.377805, 31.790755 ], [ -106.37809, 31.792163 ], [ -106.371754, 31.793002 ], [ -106.361571, 31.794338 ], [ -106.359321, 31.794622 ], [ -106.359397, 31.794001 ], [ -106.359202, 31.789069 ], [ -106.359235, 31.787688 ], [ -106.359646, 31.786857 ], [ -106.360678, 31.787233 ], [ -106.360734, 31.778137 ], [ -106.360667, 31.77405 ], [ -106.361274, 31.774037 ], [ -106.364392, 31.773827 ], [ -106.366117, 31.772776 ], [ -106.365447, 31.772069 ], [ -106.364752, 31.770412 ], [ -106.363308, 31.766786 ], [ -106.363255, 31.766351 ], [ -106.363479, 31.765305 ], [ -106.3642, 31.764407 ], [ -106.370653, 31.768397 ], [ -106.371736, 31.76901 ], [ -106.377265, 31.771598 ], [ -106.374637, 31.775659 ], [ -106.374534, 31.775752 ], [ -106.375468, 31.776292 ], [ -106.379278, 31.779068 ], [ -106.377211, 31.780539 ] ] ] } },
{ "type": "Feature", "properties": { "STATEFP": "48", "COUNTYFP": "141", "TRACTCE": "003501", "GEOIDFQ": "1400000US48141003501", "GEOID": "48141003501", "NAME": "35.01", "NAMELSAD": "Census Tract 35.01", "STUSPS": "TX", "NAMELSADCO": "El Paso County", "STATE_NAME": "Texas", "LSAD": "CT", "ALAND": 9186224, "AWATER": 54106, "centroid_lon": -106.3865802792553, "centroid_lat": 31.762659175784506, "B03002_001E": 3562, "B03002_001M": 827, "B03002_012E": 3321, "B03002_012M": 829, "B19013_001E": 31766, "B19013_001M": 9903, "B01003_001E": 3562, "state": "48", "county": "141", "tract": "003501", "latino_share": 0.93234138124649069, "camera_count": 1, "arterial_road_m": 34747.430865354479, "land_area_km2": 9.186224, "pop_density_per_km2": 387.75453330987796, "arterial_km_per_km2": 3.782558629677927, "log_income": 10.366151814395101, "city": "El Paso" }, "geometry": { "type": "Polygon", "coordinates": [ [ [ -106.4143, 31.772099 ], [ -106.410999, 31.772776 ], [ -106.40881, 31.771372 ], [ -106.407141, 31.773664 ], [ -106.401773, 31.781039 ], [ -106.406783, 31.780428 ], [ -106.406828, 31.780916 ], [ -106.406965, 31.781703 ], [ -106.401283, 31.78227 ], [ -106.397986, 31.781171 ], [ -106.397765, 31.781069 ], [ -106.392635, 31.778682 ], [ -106.377265, 31.771598 ], [ -106.371736, 31.76901 ], [ -106.370653, 31.768397 ], [ -106.371075, 31.768155 ], [ -106.376086, 31.761031 ], [ -106.374218, 31.759447 ], [ -106.373359, 31.757711 ], [ -106.373642, 31.756688 ], [ -106.367635, 31.753693 ], [ -106.366923, 31.753649 ], [ -106.36521, 31.753671 ], [ -106.365195, 31.753168 ], [ -106.365169, 31.749981 ], [ -106.365144, 31.748672 ], [ -106.367476, 31.746171 ], [ -106.365211, 31.743349 ], [ -106.362636, 31.74251 ], [ -106.3643, 31.741812 ], [ -106.364911, 31.741662 ], [ -106.372761, 31.741719 ], [ -106.375096, 31.741743 ], [ -106.375816, 31.741751 ], [ -106.387692, 31.752157 ], [ -106.393892, 31.757369 ], [ -106.396516, 31.759592 ], [ -106.396633, 31.759676 ], [ -106.403494, 31.765173 ], [ -106.405122, 31.768145 ], [ -106.408944, 31.768531 ], [ -106.413472, 31.768521 ], [ -106.414252, 31.768827 ], [ -106.4143, 31.772099 ] ] ] } },
{ "type": "Feature", "properties": { "STATEFP": "48", "COUNTYFP": "141", "TRACTCE": "002600", "GEOIDFQ": "1400000US48141002600", "GEOID": "48141002600", "NAME": "26", "NAMELSAD": "Census Tract 26", "STUSPS": "TX", "NAMELSADCO": "El Paso County", "STATE_NAME": "Texas", "LSAD": "CT", "ALAND": 1782879, "AWATER": 0, "centroid_lon": -106.44981636733517, "centroid_lat": 31.78101644448768, "B03002_001E": 2649, "B03002_001M": 543, "B03002_012E": 2616, "B03002_012M": 541, "B19013_001E": 35114, "B19013_001M": 12215, "B01003_001E": 2649, "state": "48", "county": "141", "tract": "002600", "latino_share": 0.98754246885617214, "camera_count": 3, "arterial_road_m": 20185.450241017115, "land_area_km2": 1.782879, "pop_density_per_km2": 1485.7990923668963, "arterial_km_per_km2": 11.321828481359146, "log_income": 10.466355190329153, "city": "El Paso" }, "geometry": { "type": "Polygon", "coordinates": [ [ [ -106.465586, 31.782929 ], [ -106.461439, 31.785507 ], [ -106.458375, 31.787151 ], [ -106.458386, 31.785764 ], [ -106.45841, 31.783731 ], [ -106.455379, 31.783714 ], [ -106.450838, 31.783686 ], [ -106.449568, 31.783677 ], [ -106.443517, 31.783639 ], [ -106.441361, 31.783638 ], [ -106.441135, 31.783638 ], [ -106.437467, 31.783601 ], [ -106.437509, 31.779607 ], [ -106.433919, 31.779288 ], [ -106.433752, 31.780755 ], [ -106.432866, 31.78075 ], [ -106.432861, 31.777532 ], [ -106.442174, 31.777615 ], [ -106.44354, 31.777617 ], [ -106.446485, 31.777624 ], [ -106.450888, 31.778199 ], [ -106.451075, 31.77821 ], [ -106.452572, 31.778236 ], [ -106.459974, 31.778264 ], [ -106.461485, 31.778265 ], [ -106.461463, 31.779684 ], [ -106.465586, 31.782929 ] ] ] } },
{ "type": "Feature", "properties": { "STATEFP": "48", "COUNTYFP": "141", "TRACTCE": "004106", "GEOIDFQ": "1400000US48141004106", "GEOID": "48141004106", "NAME": "41.06", "NAMELSAD": "Census Tract 41.06", "STUSPS": "TX", "NAMELSADCO": "El Paso County", "STATE_NAME": "Texas", "LSAD": "CT", "ALAND": 2789298, "AWATER": 0, "centroid_lon": -106.34007889206758, "centroid_lat": 31.738662841875364, "B03002_001E": 5078, "B03002_001M": 996, "B03002_012E": 4643, "B03002_012M": 993, "B19013_001E": 36821, "B19013_001M": 6690, "B01003_001E": 5078, "state": "48", "county": "141", "tract": "004106", "latino_share": 0.9143363528948405, "camera_count": 1, "arterial_road_m": 21319.984484412238, "land_area_km2": 2.789298, "pop_density_per_km2": 1820.5297533644666, "arterial_km_per_km2": 7.6434947016820134, "log_income": 10.513823613570899, "city": "El Paso" }, "geometry": { "type": "Polygon", "coordinates": [ [ [ -106.346436, 31.729702 ], [ -106.344063, 31.733113 ], [ -106.344761, 31.735603 ], [ -106.345807, 31.738478 ], [ -106.345893, 31.73927 ], [ -106.345974, 31.751665 ], [ -106.345255, 31.752676 ], [ -106.336587, 31.747314 ], [ -106.331852, 31.744386 ], [ -106.332287, 31.743815 ], [ -106.333144, 31.738603 ], [ -106.333719, 31.735086 ], [ -106.334238, 31.731662 ], [ -106.3347, 31.729689 ], [ -106.334995, 31.729389 ], [ -106.336353, 31.728508 ], [ -106.343109, 31.725821 ], [ -106.347943, 31.72859 ], [ -106.346436, 31.729702 ] ] ] } },
{ "type": "Feature", "properties": { "STATEFP": "48", "COUNTYFP": "141", "TRACTCE": "004318", "GEOIDFQ": "1400000US48141004318", "GEOID": "48141004318", "NAME": "43.18", "NAMELSAD": "Census Tract 43.18", "STUSPS": "TX", "NAMELSADCO": "El Paso County", "STATE_NAME": "Texas", "LSAD": "CT", "ALAND": 2643701, "AWATER": 0, "centroid_lon": -106.34772966611865, "centroid_lat": 31.763797154412078, "B03002_001E": 3247, "B03002_001M": 353, "B03002_012E": 2787, "B03002_012M": 361, "B19013_001E": 75028, "B19013_001M": 15216, "B01003_001E": 3247, "state": "48", "county": "141", "tract": "004318", "latino_share": 0.8583307668617185, "camera_count": 3, "arterial_road_m": 15468.802146279335, "land_area_km2": 2.643701, "pop_density_per_km2": 1228.2024328772429, "arterial_km_per_km2": 5.8511920017730201, "log_income": 11.225616656180232, "city": "El Paso" }, "geometry": { "type": "Polygon", "coordinates": [ [ [ -106.356001, 31.773206 ], [ -106.355823, 31.773206 ], [ -106.352181, 31.773094 ], [ -106.350201, 31.770953 ], [ -106.348829, 31.770479 ], [ -106.346938, 31.770517 ], [ -106.345199, 31.770655 ], [ -106.341659, 31.772104 ], [ -106.339811, 31.772126 ], [ -106.339744, 31.76558 ], [ -106.33969, 31.760286 ], [ -106.339985, 31.759124 ], [ -106.342257, 31.756371 ], [ -106.345255, 31.752676 ], [ -106.349674, 31.755412 ], [ -106.355635, 31.759092 ], [ -106.355104, 31.759868 ], [ -106.355516, 31.762715 ], [ -106.355821, 31.764215 ], [ -106.355884, 31.766467 ], [ -106.356001, 31.773206 ] ] ] } },
{ "type": "Feature", "properties": { "STATEFP": "48", "COUNTYFP": "141", "TRACTCE": "000109", "GEOIDFQ": "1400000US48141000109", "GEOID": "48141000109", "NAME": "1.09", "NAMELSAD": "Census Tract 1.09", "STUSPS": "TX", "NAMELSADCO": "El Paso County", "STATE_NAME": "Texas", "LSAD": "CT", "ALAND": 1296568, "AWATER": 0, "centroid_lon": -106.41560956195821, "centroid_lat": 31.909945719155026, "B03002_001E": 3066, "B03002_001M": 317, "B03002_012E": 2334, "B03002_012M": 389, "B19013_001E": 47283, "B19013_001M": 12805, "B01003_001E": 3066, "state": "48", "county": "141", "tract": "000109", "latino_share": 0.76125244618395305, "camera_count": 2, "arterial_road_m": 4906.846810986156, "land_area_km2": 1.296568, "pop_density_per_km2": 2364.7043579665701, "arterial_km_per_km2": 3.7844885968080013, "log_income": 10.76390610184365, "city": "El Paso" }, "geometry": { "type": "Polygon", "coordinates": [ [ [ -106.424052, 31.913762 ], [ -106.422322, 31.914006 ], [ -106.422315, 31.913499 ], [ -106.417444, 31.913584 ], [ -106.407263, 31.913756 ], [ -106.407157, 31.910102 ], [ -106.407077, 31.906461 ], [ -106.414224, 31.90632 ], [ -106.421558, 31.906146 ], [ -106.42378, 31.90537 ], [ -106.423787, 31.90835 ], [ -106.423805, 31.910536 ], [ -106.424052, 31.913762 ] ] ] } },
{ "type": "Feature", "properties": { "STATEFP": "48", "COUNTYFP": "141", "TRACTCE": "000206", "GEOIDFQ": "1400000US48141000206", "GEOID": "48141000206", "NAME": "2.06", "NAMELSAD": "Census Tract 2.06", "STUSPS": "TX", "NAMELSADCO": "El Paso County", "STATE_NAME": "Texas", "LSAD": "CT", "ALAND": 1740028, "AWATER": 0, "centroid_lon": -106.4153625846324, "centroid_lat": 31.874298071341755, "B03002_001E": 5365, "B03002_001M": 1074, "B03002_012E": 4931, "B03002_012M": 1071, "B19013_001E": 51563, "B19013_001M": 11196, "B01003_001E": 5365, "state": "48", "county": "141", "tract": "000206", "latino_share": 0.91910531220876046, "camera_count": 0, "arterial_road_m": 4886.1056075559463, "land_area_km2": 1.740028, "pop_density_per_km2": 3083.2837172735153, "arterial_km_per_km2": 2.8080614838128737, "log_income": 10.850559639999718, "city": "El Paso" }, "geometry": { "type": "Polygon", "coordinates": [ [ [ -106.428248, 31.86986 ], [ -106.423488, 31.877062 ], [ -106.422634, 31.878352 ], [ -106.421524, 31.877828 ], [ -106.41693, 31.877308 ], [ -106.412693, 31.877379 ], [ -106.412763, 31.880602 ], [ -106.406356, 31.880717 ], [ -106.40626, 31.876749 ], [ -106.406222, 31.871801 ], [ -106.406135, 31.871217 ], [ -106.406896, 31.870017 ], [ -106.407224, 31.870223 ], [ -106.415203, 31.870077 ], [ -106.41719, 31.870042 ], [ -106.423177, 31.869933 ], [ -106.427675, 31.869854 ], [ -106.428248, 31.86986 ] ] ] } },
{ "type": "Feature", "properties": { "STATEFP": "48", "COUNTYFP": "141", "TRACTCE": "004316", "GEOIDFQ": "1400000US48141004316", "GEOID": "48141004316", "NAME": "43.16", "NAMELSAD": "Census Tract 43.16", "STUSPS": "TX", "NAMELSADCO": "El Paso County", "STATE_NAME": "Texas", "LSAD": "CT", "ALAND": 2504375, "AWATER": 0, "centroid_lon": -106.29635771850523, "centroid_lat": 31.741084283566135, "B03002_001E": 5195, "B03002_001M": 676, "B03002_012E": 4822, "B03002_012M": 668, "B19013_001E": 46540, "B19013_001M": 8916, "B01003_001E": 5195, "state": "48", "county": "141", "tract": "004316", "latino_share": 0.92820019249278152, "camera_count": 1, "arterial_road_m": 12942.441809228494, "land_area_km2": 2.504375, "pop_density_per_km2": 2074.3698527576739, "arterial_km_per_km2": 5.1679328412192644, "log_income": 10.748067436856283, "city": "El Paso" }, "geometry": { "type": "Polygon", "coordinates": [ [ [ -106.302927, 31.72842 ], [ -106.30172, 31.731763 ], [ -106.301751, 31.734996 ], [ -106.301825, 31.742602 ], [ -106.301836, 31.744501 ], [ -106.30186, 31.746127 ], [ -106.301928, 31.751497 ], [ -106.299181, 31.751494 ], [ -106.295213, 31.750528 ], [ -106.288123, 31.748535 ], [ -106.287328, 31.747712 ], [ -106.287062, 31.746469 ], [ -106.2873, 31.744749 ], [ -106.286616, 31.74386 ], [ -106.290412, 31.739866 ], [ -106.291871, 31.737949 ], [ -106.300532, 31.726265 ], [ -106.301662, 31.725439 ], [ -106.302914, 31.725158 ], [ -106.302927, 31.72842 ] ] ] } },
{ "type": "Feature", "properties": { "STATEFP": "48", "COUNTYFP": "141", "TRACTCE": "002000", "GEOIDFQ": "1400000US48141002000", "GEOID": "48141002000", "NAME": "20", "NAMELSAD": "Census Tract 20", "STUSPS": "TX", "NAMELSADCO": "El Paso County", "STATE_NAME": "Texas", "LSAD": "CT", "ALAND": 1102472, "AWATER": 46629, "centroid_lon": -106.47325915296258, "centroid_lat": 31.757051502532406, "B03002_001E": 1847, "B03002_001M": 262, "B03002_012E": 1842, "B03002_012M": 260, "B19013_001E": 12798, "B19013_001M": 5102, "B01003_001E": 1847, "state": "48", "county": "141", "tract": "002000", "latino_share": 0.9972929074174337, "camera_count": 1, "arterial_road_m": 11850.16002033326, "land_area_km2": 1.102472, "pop_density_per_km2": 1675.3259946737878, "arterial_km_per_km2": 10.748717446187532, "log_income": 9.457044187699406, "city": "El Paso" }, "geometry": { "type": "Polygon", "coordinates": [ [ [ -106.479942, 31.757054 ], [ -106.478941, 31.757321 ], [ -106.479345, 31.758659 ], [ -106.474419, 31.760795 ], [ -106.473624, 31.761026 ], [ -106.467672, 31.764007 ], [ -106.467672, 31.763346 ], [ -106.466912, 31.759571 ], [ -106.4685, 31.758249 ], [ -106.470202, 31.753781 ], [ -106.470991, 31.752214 ], [ -106.472493, 31.750852 ], [ -106.473319434990998, 31.750650608987101 ], [ -106.473951, 31.751919 ], [ -106.477023, 31.751198 ], [ -106.477842, 31.753819 ], [ -106.479138, 31.754457 ], [ -106.479942, 31.757054 ] ] ] } },
{ "type": "Feature", "properties": { "STATEFP": "48", "COUNTYFP": "141", "TRACTCE": "002500", "GEOIDFQ": "1400000US48141002500", "GEOID": "48141002500", "NAME": "25", "NAMELSAD": "Census Tract 25", "STUSPS": "TX", "NAMELSADCO": "El Paso County", "STATE_NAME": "Texas", "LSAD": "CT", "ALAND": 2841123, "AWATER": 0, "centroid_lon": -106.44038788385342, "centroid_lat": 31.791966796749648, "B03002_001E": 5144, "B03002_001M": 896, "B03002_012E": 4692, "B03002_012M": 924, "B19013_001E": 42798, "B19013_001M": 10904, "B01003_001E": 5144, "state": "48", "county": "141", "tract": "002500", "latino_share": 0.91213063763608082, "camera_count": 4, "arterial_road_m": 26472.739419642145, "land_area_km2": 2.841123, "pop_density_per_km2": 1810.5516727012523, "arterial_km_per_km2": 9.3177026899722915, "log_income": 10.664246651506094, "city": "El Paso" }, "geometry": { "type": "Polygon", "coordinates": [ [ [ -106.449546, 31.786706 ], [ -106.449509, 31.790802 ], [ -106.449524, 31.79341 ], [ -106.448648, 31.794428 ], [ -106.447249, 31.796053 ], [ -106.444141, 31.799671 ], [ -106.443126, 31.801254 ], [ -106.441361, 31.801314 ], [ -106.440918, 31.801308 ], [ -106.439582, 31.801262 ], [ -106.439017, 31.801261 ], [ -106.438835, 31.80125 ], [ -106.43609, 31.801259 ], [ -106.431305, 31.797017 ], [ -106.43133, 31.795217 ], [ -106.431484, 31.791862 ], [ -106.431554, 31.788553 ], [ -106.431568, 31.786966 ], [ -106.432878, 31.785608 ], [ -106.437451, 31.785636 ], [ -106.437467, 31.783601 ], [ -106.441135, 31.783638 ], [ -106.441361, 31.783638 ], [ -106.443517, 31.783639 ], [ -106.449568, 31.783677 ], [ -106.449546, 31.786706 ] ] ] } },
{ "type": "Feature", "properties": { "STATEFP": "48", "COUNTYFP": "141", "TRACTCE": "002800", "GEOIDFQ": "1400000US48141002800", "GEOID": "48141002800", "NAME": "28", "NAMELSAD": "Census Tract 28", "STUSPS": "TX", "NAMELSADCO": "El Paso County", "STATE_NAME": "Texas", "LSAD": "CT", "ALAND": 2412305, "AWATER": 0, "centroid_lon": -106.46034387278479, "centroid_lat": 31.770345280925628, "B03002_001E": 3876, "B03002_001M": 1092, "B03002_012E": 3846, "B03002_012M": 1092, "B19013_001E": 16388, "B19013_001M": 3739, "B01003_001E": 3876, "state": "48", "county": "141", "tract": "002800", "latino_share": 0.99226006191950467, "camera_count": 0, "arterial_road_m": 26226.277565770324, "land_area_km2": 2.412305, "pop_density_per_km2": 1606.7619973427904, "arterial_km_per_km2": 10.871874645109273, "log_income": 9.7043046386667609, "city": "El Paso" }, "geometry": { "type": "Polygon", "coordinates": [ [ [ -106.473482, 31.771973 ], [ -106.465072, 31.777352 ], [ -106.463761, 31.777924 ], [ -106.46298, 31.778123 ], [ -106.461485, 31.778265 ], [ -106.459974, 31.778264 ], [ -106.452572, 31.778236 ], [ -106.451075, 31.77821 ], [ -106.452401, 31.777555 ], [ -106.452436, 31.773342 ], [ -106.452445, 31.772347 ], [ -106.452453, 31.771331 ], [ -106.452539, 31.769616 ], [ -106.450939, 31.769302 ], [ -106.451560045362001, 31.764354153543199 ], [ -106.453344, 31.764459 ], [ -106.455292, 31.764081 ], [ -106.466912, 31.759571 ], [ -106.467672, 31.763346 ], [ -106.463508, 31.765423 ], [ -106.466389, 31.768797 ], [ -106.468946, 31.771697 ], [ -106.469324, 31.772538 ], [ -106.473494, 31.769955 ], [ -106.473482, 31.771973 ] ] ] } },
{ "type": "Feature", "properties": { "STATEFP": "48", "COUNTYFP": "141", "TRACTCE": "010212", "GEOIDFQ": "1400000US48141010212", "GEOID": "48141010212", "NAME": "102.12", "NAMELSAD": "Census Tract 102.12", "STUSPS": "TX", "NAMELSADCO": "El Paso County", "STATE_NAME": "Texas", "LSAD": "CT", "ALAND": 15338913, "AWATER": 9518, "centroid_lon": -106.41979471181317, "centroid_lat": 31.969937263106324, "B03002_001E": 6731, "B03002_001M": 779, "B03002_012E": 4644, "B03002_012M": 743, "B19013_001E": 70526, "B19013_001M": 12171, "B01003_001E": 6731, "state": "48", "county": "141", "tract": "010212", "latino_share": 0.68994205912940132, "camera_count": 1, "arterial_road_m": 21530.390807424174, "land_area_km2": 15.338913, "pop_density_per_km2": 438.81857860462475, "arterial_km_per_km2": 1.4036451479595831, "log_income": 11.163736715138688, "city": "El Paso" }, "geometry": { "type": "Polygon", "coordinates": [ [ [ -106.443916071922004, 32.001206529736997 ], [ -106.411089898857995, 32.0013339421712 ], [ -106.411075, 32.001334 ], [ -106.408964681989005, 32.0013528679562 ], [ -106.408899, 31.986346 ], [ -106.40863, 31.973687 ], [ -106.407938, 31.943399 ], [ -106.407927, 31.943012 ], [ -106.407842, 31.93963 ], [ -106.407798, 31.93732 ], [ -106.407585, 31.92837 ], [ -106.412054, 31.92828 ], [ -106.413405, 31.928263 ], [ -106.419299, 31.928153 ], [ -106.421775, 31.928748 ], [ -106.423603, 31.930694 ], [ -106.424436, 31.932441 ], [ -106.424752, 31.936402 ], [ -106.424615, 31.936412 ], [ -106.424806, 31.943237 ], [ -106.425009, 31.986839 ], [ -106.443174, 31.986784 ], [ -106.443614, 31.99933 ], [ -106.443916071922004, 32.001206529736997 ] ] ] } },
{ "type": "Feature", "properties": { "STATEFP": "48", "COUNTYFP": "141", "TRACTCE": "003402", "GEOIDFQ": "1400000US48141003402", "GEOID": "48141003402", "NAME": "34.02", "NAMELSAD": "Census Tract 34.02", "STUSPS": "TX", "NAMELSADCO": "El Paso County", "STATE_NAME": "Texas", "LSAD": "CT", "ALAND": 5014289, "AWATER": 0, "centroid_lon": -106.39637112453092, "centroid_lat": 31.788945002030449, "B03002_001E": 6122, "B03002_001M": 877, "B03002_012E": 5572, "B03002_012M": 935, "B19013_001E": 33868, "B19013_001M": 17546, "B01003_001E": 6122, "state": "48", "county": "141", "tract": "003402", "latino_share": 0.91016007840574975, "camera_count": 6, "arterial_road_m": 31353.87895673373, "land_area_km2": 5.014289, "pop_density_per_km2": 1220.9108808846081, "arterial_km_per_km2": 6.2529062359057752, "log_income": 10.430225894762168, "city": "El Paso" }, "geometry": { "type": "Polygon", "coordinates": [ [ [ -106.420071, 31.7891 ], [ -106.416452, 31.789122 ], [ -106.415314, 31.789173 ], [ -106.416668, 31.791193 ], [ -106.409677, 31.791146 ], [ -106.409651, 31.793014 ], [ -106.40484, 31.791515 ], [ -106.404183, 31.794626 ], [ -106.403452, 31.79561 ], [ -106.400165, 31.795694 ], [ -106.400205, 31.797897 ], [ -106.397167, 31.798876 ], [ -106.393896, 31.798797 ], [ -106.393538, 31.797858 ], [ -106.390805, 31.795769 ], [ -106.392712, 31.796278 ], [ -106.393666, 31.794918 ], [ -106.393162, 31.791767 ], [ -106.392216, 31.791753 ], [ -106.378672, 31.793542 ], [ -106.378605, 31.795784 ], [ -106.377944, 31.796313 ], [ -106.372434, 31.796736 ], [ -106.372561, 31.79837 ], [ -106.361311, 31.797759 ], [ -106.348033, 31.79751 ], [ -106.348177, 31.795991 ], [ -106.348528, 31.795936 ], [ -106.359321, 31.794622 ], [ -106.361571, 31.794338 ], [ -106.371754, 31.793002 ], [ -106.37809, 31.792163 ], [ -106.387993, 31.790848 ], [ -106.394673, 31.789973 ], [ -106.398282, 31.789486 ], [ -106.397765, 31.781069 ], [ -106.397986, 31.781171 ], [ -106.401283, 31.78227 ], [ -106.406965, 31.781703 ], [ -106.406828, 31.780916 ], [ -106.406783, 31.780428 ], [ -106.401773, 31.781039 ], [ -106.407141, 31.773664 ], [ -106.412398, 31.777052 ], [ -106.417368, 31.780225 ], [ -106.419996, 31.781914 ], [ -106.416815, 31.78407 ], [ -106.42004, 31.783702 ], [ -106.420216, 31.788203 ], [ -106.420071, 31.7891 ] ] ] } },
{ "type": "Feature", "properties": { "STATEFP": "48", "COUNTYFP": "141", "TRACTCE": "010329", "GEOIDFQ": "1400000US48141010329", "GEOID": "48141010329", "NAME": "103.29", "NAMELSAD": "Census Tract 103.29", "STUSPS": "TX", "NAMELSADCO": "El Paso County", "STATE_NAME": "Texas", "LSAD": "CT", "ALAND": 1909215, "AWATER": 0, "centroid_lon": -106.25826965395918, "centroid_lat": 31.775342009628879, "B03002_001E": 5664, "B03002_001M": 699, "B03002_012E": 5305, "B03002_012M": 684, "B19013_001E": 68913, "B19013_001M": 17272, "B01003_001E": 5664, "state": "48", "county": "141", "tract": "010329", "latino_share": 0.93661723163841804, "camera_count": 1, "arterial_road_m": 8406.5844295458919, "land_area_km2": 1.909215, "pop_density_per_km2": 2966.6643096770135, "arterial_km_per_km2": 4.4031627813242054, "log_income": 11.140600118449342, "city": "El Paso" }, "geometry": { "type": "Polygon", "coordinates": [ [ [ -106.267436, 31.776362 ], [ -106.262891, 31.77612 ], [ -106.260751, 31.776974 ], [ -106.25811, 31.779785 ], [ -106.253449, 31.78409 ], [ -106.252496, 31.784363 ], [ -106.251868, 31.784404 ], [ -106.248315, 31.784377 ], [ -106.246313, 31.784552 ], [ -106.243597, 31.784473 ], [ -106.244648, 31.783494 ], [ -106.249956, 31.778552 ], [ -106.251881, 31.77676 ], [ -106.252915, 31.775798 ], [ -106.255476, 31.7734 ], [ -106.256956, 31.772055 ], [ -106.260796, 31.76845 ], [ -106.266651, 31.763008 ], [ -106.267286, 31.762238 ], [ -106.267297, 31.763168 ], [ -106.267436, 31.776362 ] ] ] } },
{ "type": "Feature", "properties": { "STATEFP": "48", "COUNTYFP": "141", "TRACTCE": "010210", "GEOIDFQ": "1400000US48141010210", "GEOID": "48141010210", "NAME": "102.10", "NAMELSAD": "Census Tract 102.10", "STUSPS": "TX", "NAMELSADCO": "El Paso County", "STATE_NAME": "Texas", "LSAD": "CT", "ALAND": 11062517, "AWATER": 16370, "centroid_lon": -106.43371209144745, "centroid_lat": 31.956824136639138, "B03002_001E": 8175, "B03002_001M": 1215, "B03002_012E": 4741, "B03002_012M": 1142, "B19013_001E": 91905, "B19013_001M": 23931, "B01003_001E": 8175, "state": "48", "county": "141", "tract": "010210", "latino_share": 0.57993883792048928, "camera_count": 0, "arterial_road_m": 18659.233042405504, "land_area_km2": 11.062517, "pop_density_per_km2": 738.98191523683079, "arterial_km_per_km2": 1.6867077395140277, "log_income": 11.428510713827865, "city": "El Paso" }, "geometry": { "type": "Polygon", "coordinates": [ [ [ -106.443174, 31.986784 ], [ -106.425009, 31.986839 ], [ -106.424806, 31.943237 ], [ -106.424615, 31.936412 ], [ -106.424752, 31.936402 ], [ -106.424436, 31.932441 ], [ -106.423603, 31.930694 ], [ -106.432825, 31.926222 ], [ -106.437595, 31.923829 ], [ -106.439357, 31.922345 ], [ -106.440943, 31.92376 ], [ -106.441488, 31.927713 ], [ -106.441533, 31.929976 ], [ -106.441661, 31.936114 ], [ -106.441765, 31.940638 ], [ -106.443174, 31.986784 ] ] ] } },
{ "type": "Feature", "properties": { "STATEFP": "48", "COUNTYFP": "141", "TRACTCE": "010214", "GEOIDFQ": "1400000US48141010214", "GEOID": "48141010214", "NAME": "102.14", "NAMELSAD": "Census Tract 102.14", "STUSPS": "TX", "NAMELSADCO": "El Paso County", "STATE_NAME": "Texas", "LSAD": "CT", "ALAND": 8474167, "AWATER": 0, "centroid_lon": -106.51612199828469, "centroid_lat": 31.866311678966749, "B03002_001E": 6103, "B03002_001M": 859, "B03002_012E": 3672, "B03002_012M": 455, "B19013_001E": 138281, "B19013_001M": 30690, "B01003_001E": 6103, "state": "48", "county": "141", "tract": "010214", "latino_share": 0.60167130919220058, "camera_count": 0, "arterial_road_m": 9269.100709477927, "land_area_km2": 8.474167, "pop_density_per_km2": 720.18878079697981, "arterial_km_per_km2": 1.0938067080195526, "log_income": 11.837043125713201, "city": "El Paso" }, "geometry": { "type": "Polygon", "coordinates": [ [ [ -106.548774, 31.862847 ], [ -106.548641, 31.868745 ], [ -106.544371, 31.868781 ], [ -106.541014, 31.869214 ], [ -106.538038, 31.868827 ], [ -106.532156, 31.86707 ], [ -106.528967, 31.86788 ], [ -106.529158, 31.869267 ], [ -106.529637, 31.870616 ], [ -106.527074, 31.870964 ], [ -106.522964, 31.872817 ], [ -106.51899, 31.873822 ], [ -106.516706, 31.875447 ], [ -106.512007, 31.875993 ], [ -106.509508, 31.877892 ], [ -106.508593, 31.879678 ], [ -106.507652, 31.880158 ], [ -106.504726, 31.880293 ], [ -106.502714, 31.882133 ], [ -106.500644, 31.880214 ], [ -106.497236, 31.878521 ], [ -106.494943, 31.868905 ], [ -106.493867, 31.863114 ], [ -106.493647, 31.86146 ], [ -106.503947, 31.858711 ], [ -106.505344, 31.857911 ], [ -106.507065, 31.855232 ], [ -106.510322, 31.852963 ], [ -106.512574, 31.852322 ], [ -106.514862, 31.852417 ], [ -106.514877, 31.853124 ], [ -106.521465, 31.854757 ], [ -106.518309, 31.856298 ], [ -106.518725, 31.857233 ], [ -106.52063, 31.857415 ], [ -106.521766, 31.859635 ], [ -106.52352, 31.858927 ], [ -106.525887, 31.860656 ], [ -106.529917, 31.861211 ], [ -106.532296, 31.859996 ], [ -106.536567, 31.860971 ], [ -106.539779, 31.861013 ], [ -106.54127, 31.860741 ], [ -106.542815, 31.86072 ], [ -106.545193, 31.860499 ], [ -106.546538, 31.85954 ], [ -106.549454, 31.861931 ], [ -106.548774, 31.862847 ] ] ] } },
{ "type": "Feature", "properties": { "STATEFP": "48", "COUNTYFP": "141", "TRACTCE": "003902", "GEOIDFQ": "1400000US48141003902", "GEOID": "48141003902", "NAME": "39.02", "NAMELSAD": "Census Tract 39.02", "STUSPS": "TX", "NAMELSADCO": "El Paso County", "STATE_NAME": "Texas", "LSAD": "CT", "ALAND": 2656183, "AWATER": 0, "centroid_lon": -106.32516319889865, "centroid_lat": 31.686058089063692, "B03002_001E": 2628, "B03002_001M": 724, "B03002_012E": 2384, "B03002_012M": 722, "B19013_001E": 33125, "B19013_001M": 9873, "B01003_001E": 2628, "state": "48", "county": "141", "tract": "003902", "latino_share": 0.90715372907153724, "camera_count": 0, "arterial_road_m": 13536.721117708159, "land_area_km2": 2.656183, "pop_density_per_km2": 989.3896617815866, "arterial_km_per_km2": 5.0963059087827007, "log_income": 10.408043563288523, "city": "El Paso" }, "geometry": { "type": "Polygon", "coordinates": [ [ [ -106.335944, 31.675003 ], [ -106.335135, 31.678394 ], [ -106.334721, 31.679963 ], [ -106.331881, 31.685228 ], [ -106.329618, 31.68761 ], [ -106.328639, 31.689026 ], [ -106.32843, 31.689443 ], [ -106.330245, 31.689957 ], [ -106.328574, 31.690815 ], [ -106.328124, 31.690751 ], [ -106.328067, 31.690922 ], [ -106.328007, 31.691139 ], [ -106.327859, 31.691837 ], [ -106.328265, 31.69353 ], [ -106.327227, 31.696653 ], [ -106.324804, 31.698941 ], [ -106.317067, 31.692216 ], [ -106.312066, 31.686696 ], [ -106.313319, 31.685657 ], [ -106.315931, 31.685157 ], [ -106.316646, 31.684706 ], [ -106.318132, 31.683935 ], [ -106.320462, 31.684579 ], [ -106.319163, 31.682489 ], [ -106.319031, 31.682283 ], [ -106.319844, 31.682023 ], [ -106.324262, 31.683126 ], [ -106.324422, 31.686032 ], [ -106.324863, 31.684897 ], [ -106.325911, 31.68514 ], [ -106.32735, 31.675244 ], [ -106.327459, 31.674671 ], [ -106.332661, 31.673479 ], [ -106.336021, 31.67465 ], [ -106.335944, 31.675003 ] ] ] } },
{ "type": "Feature", "properties": { "STATEFP": "48", "COUNTYFP": "141", "TRACTCE": "004007", "GEOIDFQ": "1400000US48141004007", "GEOID": "48141004007", "NAME": "40.07", "NAMELSAD": "Census Tract 40.07", "STUSPS": "TX", "NAMELSADCO": "El Paso County", "STATE_NAME": "Texas", "LSAD": "CT", "ALAND": 1125659, "AWATER": 0, "centroid_lon": -106.30310037071426, "centroid_lat": 31.698555267894118, "B03002_001E": 3212, "B03002_001M": 503, "B03002_012E": 3058, "B03002_012M": 515, "B19013_001E": 44440, "B19013_001M": 15648, "B01003_001E": 3212, "state": "48", "county": "141", "tract": "004007", "latino_share": 0.95205479452054798, "camera_count": 1, "arterial_road_m": 3863.3320036210307, "land_area_km2": 1.125659, "pop_density_per_km2": 2853.4396295858692, "arterial_km_per_km2": 3.432062466182948, "log_income": 10.701895243753567, "city": "El Paso" }, "geometry": { "type": "Polygon", "coordinates": [ [ [ -106.314843, 31.707286 ], [ -106.311467, 31.705685 ], [ -106.306095, 31.705423 ], [ -106.304453, 31.704061 ], [ -106.302599, 31.703797 ], [ -106.301649, 31.702356 ], [ -106.301962, 31.700712 ], [ -106.302386, 31.700486 ], [ -106.300542, 31.698594 ], [ -106.298011, 31.697356 ], [ -106.294026, 31.69339 ], [ -106.297824, 31.689304 ], [ -106.307526, 31.69954 ], [ -106.311974, 31.704852 ], [ -106.315586, 31.706603 ], [ -106.314843, 31.707286 ] ] ] } },
{ "type": "Feature", "properties": { "STATEFP": "48", "COUNTYFP": "141", "TRACTCE": "010353", "GEOIDFQ": "1400000US48141010353", "GEOID": "48141010353", "NAME": "103.53", "NAMELSAD": "Census Tract 103.53", "STUSPS": "TX", "NAMELSADCO": "El Paso County", "STATE_NAME": "Texas", "LSAD": "CT", "ALAND": 2324685, "AWATER": 0, "centroid_lon": -106.24409101294445, "centroid_lat": 31.791826246009748, "B03002_001E": 4896, "B03002_001M": 612, "B03002_012E": 3968, "B03002_012M": 560, "B19013_001E": 100194, "B19013_001M": 27380, "B01003_001E": 4896, "state": "48", "county": "141", "tract": "010353", "latino_share": 0.81045751633986929, "camera_count": 0, "arterial_road_m": 9848.7232060208025, "land_area_km2": 2.324685, "pop_density_per_km2": 2106.0917930816431, "arterial_km_per_km2": 4.2365839698801349, "log_income": 11.514863585600487, "city": "El Paso" }, "geometry": { "type": "Polygon", "coordinates": [ [ [ -106.255496, 31.79266 ], [ -106.251755, 31.794494 ], [ -106.247597, 31.796108 ], [ -106.245489, 31.797246 ], [ -106.244895, 31.797442 ], [ -106.241841, 31.798275 ], [ -106.23391, 31.798337 ], [ -106.230077, 31.798098 ], [ -106.229416, 31.797676 ], [ -106.236202, 31.791358 ], [ -106.239807, 31.788001 ], [ -106.243597, 31.784473 ], [ -106.246313, 31.784552 ], [ -106.248315, 31.784377 ], [ -106.251868, 31.784404 ], [ -106.252496, 31.784363 ], [ -106.253264, 31.787319 ], [ -106.255179, 31.788622 ], [ -106.255496, 31.79266 ] ] ] } },
{ "type": "Feature", "properties": { "STATEFP": "48", "COUNTYFP": "141", "TRACTCE": "010350", "GEOIDFQ": "1400000US48141010350", "GEOID": "48141010350", "NAME": "103.50", "NAMELSAD": "Census Tract 103.50", "STUSPS": "TX", "NAMELSADCO": "El Paso County", "STATE_NAME": "Texas", "LSAD": "CT", "ALAND": 1108849, "AWATER": 0, "centroid_lon": -106.27670832105855, "centroid_lat": 31.79500297685745, "B03002_001E": 4754, "B03002_001M": 755, "B03002_012E": 4010, "B03002_012M": 642, "B19013_001E": 56067, "B19013_001M": 5302, "B01003_001E": 4754, "state": "48", "county": "141", "tract": "010350", "latino_share": 0.84350021034917966, "camera_count": 1, "arterial_road_m": 6145.6446290004797, "land_area_km2": 1.108849, "pop_density_per_km2": 4287.3285722402243, "arterial_km_per_km2": 5.5423638646925601, "log_income": 10.934302683138412, "city": "El Paso" }, "geometry": { "type": "Polygon", "coordinates": [ [ [ -106.285151, 31.798036 ], [ -106.279996, 31.798051 ], [ -106.277964, 31.798 ], [ -106.277734, 31.798003 ], [ -106.271942, 31.798183 ], [ -106.267818, 31.798053 ], [ -106.267608, 31.792372 ], [ -106.276391, 31.792313 ], [ -106.280629, 31.791305 ], [ -106.28509, 31.791475 ], [ -106.285151, 31.798036 ] ] ] } },
{ "type": "Feature", "properties": { "STATEFP": "48", "COUNTYFP": "141", "TRACTCE": "010602", "GEOIDFQ": "1400000US48141010602", "GEOID": "48141010602", "NAME": "106.02", "NAMELSAD": "Census Tract 106.02", "STUSPS": "TX", "NAMELSADCO": "El Paso County", "STATE_NAME": "Texas", "LSAD": "CT", "ALAND": 5071222, "AWATER": 0, "centroid_lon": -106.4388195182562, "centroid_lat": 31.841330557879651, "B03002_001E": 5566, "B03002_001M": 819, "B03002_012E": 1110, "B03002_012M": 272, "B19013_001E": 65279, "B19013_001M": 15252, "B01003_001E": 5566, "state": "48", "county": "141", "tract": "010602", "latino_share": 0.19942508084800575, "camera_count": 3, "arterial_road_m": 25034.041501974592, "land_area_km2": 5.071222, "pop_density_per_km2": 1097.5658332449261, "arterial_km_per_km2": 4.9364909487249014, "log_income": 11.086425670893206, "city": "El Paso" }, "geometry": { "type": "Polygon", "coordinates": [ [ [ -106.453479, 31.846213 ], [ -106.453349, 31.847064 ], [ -106.452658, 31.847305 ], [ -106.452819, 31.851383 ], [ -106.44976, 31.851442 ], [ -106.440457, 31.851713 ], [ -106.440142, 31.851916 ], [ -106.44007, 31.851943 ], [ -106.439649, 31.851655 ], [ -106.439571, 31.848501 ], [ -106.422785, 31.848932 ], [ -106.422502, 31.848925 ], [ -106.422461, 31.846962 ], [ -106.421604, 31.846806 ], [ -106.42904, 31.835066 ], [ -106.43484, 31.825929 ], [ -106.437052, 31.825998 ], [ -106.438346, 31.825954 ], [ -106.438981, 31.82759 ], [ -106.439029, 31.83064 ], [ -106.439074, 31.830924 ], [ -106.439191, 31.834939 ], [ -106.439933, 31.835018 ], [ -106.445307, 31.834794 ], [ -106.451322, 31.834677 ], [ -106.452402, 31.834758 ], [ -106.452262, 31.841087 ], [ -106.452371, 31.844817 ], [ -106.453943, 31.844777 ], [ -106.453479, 31.846213 ] ] ] } },
{ "type": "Feature", "properties": { "STATEFP": "48", "COUNTYFP": "141", "TRACTCE": "004006", "GEOIDFQ": "1400000US48141004006", "GEOID": "48141004006", "NAME": "40.06", "NAMELSAD": "Census Tract 40.06", "STUSPS": "TX", "NAMELSADCO": "El Paso County", "STATE_NAME": "Texas", "LSAD": "CT", "ALAND": 8236877, "AWATER": 0, "centroid_lon": -106.28987710485286, "centroid_lat": 31.681425070852111, "B03002_001E": 3728, "B03002_001M": 709, "B03002_012E": 3697, "B03002_012M": 715, "B19013_001E": 43517, "B19013_001M": 34009, "B01003_001E": 3728, "state": "48", "county": "141", "tract": "004006", "latino_share": 0.99168454935622319, "camera_count": 0, "arterial_road_m": 28700.809880245128, "land_area_km2": 8.236877, "pop_density_per_km2": 452.59872157857887, "arterial_km_per_km2": 3.4844286105334739, "log_income": 10.68090694533025, "city": "El Paso" }, "geometry": { "type": "Polygon", "coordinates": [ [ [ -106.308157, 31.682364 ], [ -106.299199, 31.685885 ], [ -106.298062, 31.686499 ], [ -106.296604, 31.687625 ], [ -106.296432, 31.6878 ], [ -106.284117, 31.701351 ], [ -106.271393, 31.690084 ], [ -106.266932, 31.686128 ], [ -106.268536, 31.684782 ], [ -106.269358, 31.684289 ], [ -106.270928, 31.682959 ], [ -106.274551, 31.681131 ], [ -106.28125, 31.677364 ], [ -106.282416, 31.675953 ], [ -106.283334, 31.674392 ], [ -106.284797, 31.672951 ], [ -106.28633, 31.671397 ], [ -106.287595, 31.669558 ], [ -106.28984, 31.666198 ], [ -106.290214, 31.664571 ], [ -106.293578, 31.662786 ], [ -106.297176, 31.662178 ], [ -106.299513, 31.664973 ], [ -106.301186, 31.666851 ], [ -106.301245, 31.666918 ], [ -106.306515, 31.673091 ], [ -106.312447, 31.679924 ], [ -106.308157, 31.682364 ] ] ] } },
{ "type": "Feature", "properties": { "STATEFP": "48", "COUNTYFP": "141", "TRACTCE": "010223", "GEOIDFQ": "1400000US48141010223", "GEOID": "48141010223", "NAME": "102.23", "NAMELSAD": "Census Tract 102.23", "STUSPS": "TX", "NAMELSADCO": "El Paso County", "STATE_NAME": "Texas", "LSAD": "CT", "ALAND": 13990384, "AWATER": 13092, "centroid_lon": -106.3911540493169, "centroid_lat": 31.946433073034004, "B03002_001E": 4496, "B03002_001M": 560, "B03002_012E": 2880, "B03002_012M": 586, "B19013_001E": 46417, "B19013_001M": 8174, "B01003_001E": 4496, "state": "48", "county": "141", "tract": "010223", "latino_share": 0.64056939501779364, "camera_count": 0, "arterial_road_m": 18870.903828648363, "land_area_km2": 13.990384, "pop_density_per_km2": 321.36358801874201, "arterial_km_per_km2": 1.3488481680451632, "log_income": 10.745421050424181, "city": "El Paso" }, "geometry": { "type": "Polygon", "coordinates": [ [ [ -106.40863, 31.973687 ], [ -106.399396, 31.973687 ], [ -106.399394, 31.970085 ], [ -106.397258, 31.970077 ], [ -106.396165, 31.967374 ], [ -106.388913, 31.962609 ], [ -106.38309, 31.958302 ], [ -106.377458, 31.95436 ], [ -106.367565, 31.948369 ], [ -106.374478, 31.942106 ], [ -106.373287, 31.941154 ], [ -106.364622, 31.936652 ], [ -106.370643, 31.927172 ], [ -106.373489, 31.92833 ], [ -106.377434, 31.928403 ], [ -106.387614, 31.928402 ], [ -106.389433, 31.928353 ], [ -106.391572, 31.928408 ], [ -106.393687, 31.928463 ], [ -106.407585, 31.92837 ], [ -106.407798, 31.93732 ], [ -106.407842, 31.93963 ], [ -106.407927, 31.943012 ], [ -106.407938, 31.943399 ], [ -106.40863, 31.973687 ] ] ] } },
{ "type": "Feature", "properties": { "STATEFP": "48", "COUNTYFP": "141", "TRACTCE": "001204", "GEOIDFQ": "1400000US48141001204", "GEOID": "48141001204", "NAME": "12.04", "NAMELSAD": "Census Tract 12.04", "STUSPS": "TX", "NAMELSADCO": "El Paso County", "STATE_NAME": "Texas", "LSAD": "CT", "ALAND": 5475264, "AWATER": 0, "centroid_lon": -106.5694940895965, "centroid_lat": 31.835893068474089, "B03002_001E": 4851, "B03002_001M": 687, "B03002_012E": 4629, "B03002_012M": 677, "B19013_001E": 35325, "B19013_001M": 10989, "B01003_001E": 4851, "state": "48", "county": "141", "tract": "001204", "latino_share": 0.95423623995052564, "camera_count": 1, "arterial_road_m": 40579.509077279581, "land_area_km2": 5.475264, "pop_density_per_km2": 885.98467580741305, "arterial_km_per_km2": 7.4114251070413371, "log_income": 10.472346207552729, "city": "El Paso" }, "geometry": { "type": "Polygon", "coordinates": [ [ [ -106.585978, 31.860681 ], [ -106.583252, 31.863185 ], [ -106.58242, 31.863522 ], [ -106.577039, 31.863622 ], [ -106.575617, 31.857745 ], [ -106.57434, 31.852561 ], [ -106.572638, 31.846035 ], [ -106.570159, 31.839303 ], [ -106.568079, 31.834382 ], [ -106.567022, 31.833056 ], [ -106.556314, 31.822187 ], [ -106.554736, 31.820596 ], [ -106.553832, 31.819677 ], [ -106.549433, 31.815192 ], [ -106.544943, 31.810771 ], [ -106.545138, 31.810602 ], [ -106.548532193957001, 31.807685954819501 ], [ -106.550827224242994, 31.808315767998 ], [ -106.556162, 31.811016 ], [ -106.562066, 31.816956 ], [ -106.570411, 31.827517 ], [ -106.576459, 31.835175 ], [ -106.578767, 31.83839 ], [ -106.580055, 31.841286 ], [ -106.582975, 31.848821 ], [ -106.585126, 31.854366 ], [ -106.587386, 31.860188 ], [ -106.585978, 31.860681 ] ] ] } },
{ "type": "Feature", "properties": { "STATEFP": "48", "COUNTYFP": "141", "TRACTCE": "010368", "GEOIDFQ": "1400000US48141010368", "GEOID": "48141010368", "NAME": "103.68", "NAMELSAD": "Census Tract 103.68", "STUSPS": "TX", "NAMELSADCO": "El Paso County", "STATE_NAME": "Texas", "LSAD": "CT", "ALAND": 4509114, "AWATER": 0, "centroid_lon": -106.2334727768975, "centroid_lat": 31.775726585375057, "B03002_001E": 11026, "B03002_001M": 1504, "B03002_012E": 8934, "B03002_012M": 1397, "B19013_001E": 79871, "B19013_001M": 6593, "B01003_001E": 11026, "state": "48", "county": "141", "tract": "010368", "latino_share": 0.81026664248140756, "camera_count": 2, "arterial_road_m": 14818.131726480051, "land_area_km2": 4.509114, "pop_density_per_km2": 2445.2697359170779, "arterial_km_per_km2": 3.2862623846902186, "log_income": 11.288168112178617, "city": "El Paso" }, "geometry": { "type": "Polygon", "coordinates": [ [ [ -106.251881, 31.77676 ], [ -106.249956, 31.778552 ], [ -106.244648, 31.783494 ], [ -106.242388, 31.782275 ], [ -106.233926, 31.782101 ], [ -106.225128, 31.782172 ], [ -106.216645, 31.782174 ], [ -106.216637, 31.769405 ], [ -106.224988, 31.769443 ], [ -106.233708, 31.769357 ], [ -106.233708, 31.769338 ], [ -106.249306, 31.769322 ], [ -106.249851, 31.769677 ], [ -106.250296, 31.773664 ], [ -106.252915, 31.775798 ], [ -106.251881, 31.77676 ] ] ] } },
{ "type": "Feature", "properties": { "STATEFP": "48", "COUNTYFP": "141", "TRACTCE": "004008", "GEOIDFQ": "1400000US48141004008", "GEOID": "48141004008", "NAME": "40.08", "NAMELSAD": "Census Tract 40.08", "STUSPS": "TX", "NAMELSADCO": "El Paso County", "STATE_NAME": "Texas", "LSAD": "CT", "ALAND": 3883607, "AWATER": 0, "centroid_lon": -106.29888291127111, "centroid_lat": 31.70574510368041, "B03002_001E": 3460, "B03002_001M": 419, "B03002_012E": 3391, "B03002_012M": 408, "B19013_001E": 40333, "B19013_001M": 19684, "B01003_001E": 3460, "state": "48", "county": "141", "tract": "004008", "latino_share": 0.98005780346820814, "camera_count": 2, "arterial_road_m": 30313.582046685257, "land_area_km2": 3.883607, "pop_density_per_km2": 890.9243391517216, "arterial_km_per_km2": 7.8055225584579633, "log_income": 10.604925271413808, "city": "El Paso" }, "geometry": { "type": "Polygon", "coordinates": [ [ [ -106.313162, 31.709277 ], [ -106.30476, 31.720658 ], [ -106.301447, 31.717488 ], [ -106.295717, 31.711967 ], [ -106.284117, 31.701351 ], [ -106.296432, 31.6878 ], [ -106.297824, 31.689304 ], [ -106.294026, 31.69339 ], [ -106.298011, 31.697356 ], [ -106.300542, 31.698594 ], [ -106.302386, 31.700486 ], [ -106.301962, 31.700712 ], [ -106.301649, 31.702356 ], [ -106.302599, 31.703797 ], [ -106.304453, 31.704061 ], [ -106.306095, 31.705423 ], [ -106.311467, 31.705685 ], [ -106.314843, 31.707286 ], [ -106.313162, 31.709277 ] ] ] } },
{ "type": "Feature", "properties": { "STATEFP": "48", "COUNTYFP": "141", "TRACTCE": "010327", "GEOIDFQ": "1400000US48141010327", "GEOID": "48141010327", "NAME": "103.27", "NAMELSAD": "Census Tract 103.27", "STUSPS": "TX", "NAMELSADCO": "El Paso County", "STATE_NAME": "Texas", "LSAD": "CT", "ALAND": 1124374, "AWATER": 0, "centroid_lon": -106.29445966229399, "centroid_lat": 31.779578796072919, "B03002_001E": 3121, "B03002_001M": 367, "B03002_012E": 2483, "B03002_012M": 350, "B19013_001E": 58125, "B19013_001M": 3460, "B01003_001E": 3121, "state": "48", "county": "141", "tract": "010327", "latino_share": 0.79557834027555274, "camera_count": 0, "arterial_road_m": 6896.3372572250419, "land_area_km2": 1.124374, "pop_density_per_km2": 2775.766782227266, "arterial_km_per_km2": 6.1334905086964318, "log_income": 10.970351142889658, "city": "El Paso" }, "geometry": { "type": "Polygon", "coordinates": [ [ [ -106.303679, 31.779207 ], [ -106.303631, 31.77951 ], [ -106.302684, 31.781007 ], [ -106.302318, 31.782101 ], [ -106.302299, 31.782519 ], [ -106.293619, 31.782584 ], [ -106.28502, 31.782647 ], [ -106.284957, 31.777029 ], [ -106.293559, 31.777034 ], [ -106.297253, 31.777 ], [ -106.298483, 31.776641 ], [ -106.300007, 31.775935 ], [ -106.302111, 31.775736 ], [ -106.303658, 31.775742 ], [ -106.30367, 31.777253 ], [ -106.303679, 31.779207 ] ] ] } },
{ "type": "Feature", "properties": { "STATEFP": "48", "COUNTYFP": "141", "TRACTCE": "010213", "GEOIDFQ": "1400000US48141010213", "GEOID": "48141010213", "NAME": "102.13", "NAMELSAD": "Census Tract 102.13", "STUSPS": "TX", "NAMELSADCO": "El Paso County", "STATE_NAME": "Texas", "LSAD": "CT", "ALAND": 16021231, "AWATER": 0, "centroid_lon": -106.53358177076693, "centroid_lat": 31.888159960339859, "B03002_001E": 8894, "B03002_001M": 1180, "B03002_012E": 5661, "B03002_012M": 1017, "B19013_001E": 160728, "B19013_001M": 22468, "B01003_001E": 8894, "state": "48", "county": "141", "tract": "010213", "latino_share": 0.63649651450416012, "camera_count": 3, "arterial_road_m": 11948.163307414308, "land_area_km2": 16.021231, "pop_density_per_km2": 555.13836608435395, "arterial_km_per_km2": 0.74577061571700132, "log_income": 11.987468774257996, "city": "El Paso" }, "geometry": { "type": "Polygon", "coordinates": [ [ [ -106.557631, 31.884833 ], [ -106.556856, 31.897062 ], [ -106.556792, 31.898485 ], [ -106.55797, 31.905646 ], [ -106.555662, 31.905321 ], [ -106.544626, 31.904466 ], [ -106.542873, 31.904824 ], [ -106.537859, 31.906589 ], [ -106.534674, 31.907076 ], [ -106.527038, 31.907613 ], [ -106.524858, 31.907213 ], [ -106.521925, 31.905136 ], [ -106.516887, 31.89814 ], [ -106.51485, 31.896056 ], [ -106.511131, 31.893931 ], [ -106.509956, 31.892671 ], [ -106.508457, 31.889562 ], [ -106.505754, 31.886324 ], [ -106.503929, 31.883516 ], [ -106.502714, 31.882133 ], [ -106.504726, 31.880293 ], [ -106.507652, 31.880158 ], [ -106.508593, 31.879678 ], [ -106.509508, 31.877892 ], [ -106.512007, 31.875993 ], [ -106.516706, 31.875447 ], [ -106.51899, 31.873822 ], [ -106.522964, 31.872817 ], [ -106.527074, 31.870964 ], [ -106.529637, 31.870616 ], [ -106.529158, 31.869267 ], [ -106.528967, 31.86788 ], [ -106.532156, 31.86707 ], [ -106.538038, 31.868827 ], [ -106.541014, 31.869214 ], [ -106.544371, 31.868781 ], [ -106.548641, 31.868745 ], [ -106.548624, 31.874621 ], [ -106.548423, 31.8753 ], [ -106.548392, 31.877036 ], [ -106.548393, 31.879429 ], [ -106.548478, 31.880181 ], [ -106.549332, 31.88158 ], [ -106.551356, 31.880423 ], [ -106.556394, 31.87944 ], [ -106.558046, 31.879508 ], [ -106.557631, 31.884833 ] ] ] } },
{ "type": "Feature", "properties": { "STATEFP": "48", "COUNTYFP": "141", "TRACTCE": "003200", "GEOIDFQ": "1400000US48141003200", "GEOID": "48141003200", "NAME": "32", "NAMELSAD": "Census Tract 32", "STUSPS": "TX", "NAMELSADCO": "El Paso County", "STATE_NAME": "Texas", "LSAD": "CT", "ALAND": 2065722, "AWATER": 0, "centroid_lon": -106.42234342258168, "centroid_lat": 31.774544224525336, "B03002_001E": 2207, "B03002_001M": 437, "B03002_012E": 2157, "B03002_012M": 433, "B19013_001E": 28305, "B19013_001M": 3939, "B01003_001E": 2207, "state": "48", "county": "141", "tract": "003200", "latino_share": 0.97734481196193923, "camera_count": 3, "arterial_road_m": 19882.7342299622, "land_area_km2": 2.065722, "pop_density_per_km2": 1068.3915841531434, "arterial_km_per_km2": 9.6250774450590146, "log_income": 10.250793746470761, "city": "El Paso" }, "geometry": { "type": "Polygon", "coordinates": [ [ [ -106.437586, 31.77707 ], [ -106.432861, 31.777532 ], [ -106.425502, 31.777505 ], [ -106.423239, 31.777525 ], [ -106.422121, 31.777715 ], [ -106.420246, 31.781602 ], [ -106.419996, 31.781914 ], [ -106.417368, 31.780225 ], [ -106.412398, 31.777052 ], [ -106.407141, 31.773664 ], [ -106.40881, 31.771372 ], [ -106.410999, 31.772776 ], [ -106.4143, 31.772099 ], [ -106.414252, 31.768827 ], [ -106.420736, 31.771285 ], [ -106.421881, 31.771074 ], [ -106.426857, 31.770033 ], [ -106.429338, 31.76885 ], [ -106.43155, 31.768648 ], [ -106.431683, 31.773673 ], [ -106.437848, 31.774212 ], [ -106.437586, 31.77707 ] ] ] } },
{ "type": "Feature", "properties": { "STATEFP": "48", "COUNTYFP": "141", "TRACTCE": "003801", "GEOIDFQ": "1400000US48141003801", "GEOID": "48141003801", "NAME": "38.01", "NAMELSAD": "Census Tract 38.01", "STUSPS": "TX", "NAMELSADCO": "El Paso County", "STATE_NAME": "Texas", "LSAD": "CT", "ALAND": 3207882, "AWATER": 38890, "centroid_lon": -106.37109998696847, "centroid_lat": 31.725574306386772, "B03002_001E": 4807, "B03002_001M": 594, "B03002_012E": 4614, "B03002_012M": 632, "B19013_001E": 38196, "B19013_001M": 9708, "B01003_001E": 4807, "state": "48", "county": "141", "tract": "003801", "latino_share": 0.95985021843145413, "camera_count": 0, "arterial_road_m": 18105.571346874898, "land_area_km2": 3.207882, "pop_density_per_km2": 1498.4965157695949, "arterial_km_per_km2": 5.6440889493051491, "log_income": 10.550486077070094, "city": "El Paso" }, "geometry": { "type": "Polygon", "coordinates": [ [ [ -106.385816471414003, 31.734686269034899 ], [ -106.378094, 31.735906 ], [ -106.377721, 31.734658 ], [ -106.369763, 31.735548 ], [ -106.372864, 31.738045 ], [ -106.371794, 31.738943 ], [ -106.365486, 31.733579 ], [ -106.363528, 31.731912 ], [ -106.361985, 31.729288 ], [ -106.363831, 31.727493 ], [ -106.363805, 31.7247 ], [ -106.363792, 31.723189 ], [ -106.363334, 31.721261 ], [ -106.366088, 31.714289 ], [ -106.3667, 31.713326 ], [ -106.36787, 31.711545 ], [ -106.367995, 31.711114 ], [ -106.368301051686998, 31.7095172159088 ], [ -106.370139, 31.71071 ], [ -106.37237, 31.712569 ], [ -106.373839, 31.71481 ], [ -106.378039, 31.72831 ], [ -106.379375, 31.730263 ], [ -106.381039, 31.73211 ], [ -106.385816471414003, 31.734686269034899 ] ] ] } },
{ "type": "Feature", "properties": { "STATEFP": "48", "COUNTYFP": "141", "TRACTCE": "000107", "GEOIDFQ": "1400000US48141000107", "GEOID": "48141000107", "NAME": "1.07", "NAMELSAD": "Census Tract 1.07", "STUSPS": "TX", "NAMELSADCO": "El Paso County", "STATE_NAME": "Texas", "LSAD": "CT", "ALAND": 2220478, "AWATER": 0, "centroid_lon": -106.41470517205101, "centroid_lat": 31.920680296442278, "B03002_001E": 4684, "B03002_001M": 724, "B03002_012E": 3587, "B03002_012M": 547, "B19013_001E": 55041, "B19013_001M": 12152, "B01003_001E": 4684, "state": "48", "county": "141", "tract": "000107", "latino_share": 0.76579846285226305, "camera_count": 2, "arterial_road_m": 4562.541010965364, "land_area_km2": 2.220478, "pop_density_per_km2": 2109.4557117881827, "arterial_km_per_km2": 2.0547562331017755, "log_income": 10.915833641046829, "city": "El Paso" }, "geometry": { "type": "Polygon", "coordinates": [ [ [ -106.422855, 31.919635 ], [ -106.422254, 31.92056 ], [ -106.422117, 31.923178 ], [ -106.422068, 31.924407 ], [ -106.419449, 31.927108 ], [ -106.419299, 31.928153 ], [ -106.413405, 31.928263 ], [ -106.412054, 31.92828 ], [ -106.407585, 31.92837 ], [ -106.407482, 31.923117 ], [ -106.40736, 31.91823 ], [ -106.407276, 31.914292 ], [ -106.407263, 31.913756 ], [ -106.417444, 31.913584 ], [ -106.422315, 31.913499 ], [ -106.422322, 31.914006 ], [ -106.422125, 31.915606 ], [ -106.423259, 31.918826 ], [ -106.422855, 31.919635 ] ] ] } },
{ "type": "Feature", "properties": { "STATEFP": "48", "COUNTYFP": "141", "TRACTCE": "001002", "GEOIDFQ": "1400000US48141001002", "GEOID": "48141001002", "NAME": "10.02", "NAMELSAD": "Census Tract 10.02", "STUSPS": "TX", "NAMELSADCO": "El Paso County", "STATE_NAME": "Texas", "LSAD": "CT", "ALAND": 1263562, "AWATER": 0, "centroid_lon": -106.45057415972487, "centroid_lat": 31.800469186268796, "B03002_001E": 3208, "B03002_001M": 823, "B03002_012E": 3007, "B03002_012M": 811, "B19013_001E": 34727, "B19013_001M": 7499, "B01003_001E": 3208, "state": "48", "county": "141", "tract": "001002", "latino_share": 0.93734413965087282, "camera_count": 0, "arterial_road_m": 3200.7366144787543, "land_area_km2": 1.263562, "pop_density_per_km2": 2538.8544448155294, "arterial_km_per_km2": 2.5331061036013698, "log_income": 10.455272761356362, "city": "El Paso" }, "geometry": { "type": "Polygon", "coordinates": [ [ [ -106.456851, 31.7995 ], [ -106.45685, 31.800409 ], [ -106.456827, 31.804941 ], [ -106.453805, 31.804932 ], [ -106.450781, 31.804923 ], [ -106.446237, 31.804905 ], [ -106.442461, 31.80485 ], [ -106.442248, 31.803718 ], [ -106.442396, 31.803144 ], [ -106.443126, 31.801254 ], [ -106.444141, 31.799671 ], [ -106.447249, 31.796053 ], [ -106.449155, 31.796671 ], [ -106.450833, 31.794866 ], [ -106.453996, 31.794877 ], [ -106.456875, 31.794888 ], [ -106.456851, 31.7995 ] ] ] } },
{ "type": "Feature", "properties": { "STATEFP": "48", "COUNTYFP": "141", "TRACTCE": "001107", "GEOIDFQ": "1400000US48141001107", "GEOID": "48141001107", "NAME": "11.07", "NAMELSAD": "Census Tract 11.07", "STUSPS": "TX", "NAMELSADCO": "El Paso County", "STATE_NAME": "Texas", "LSAD": "CT", "ALAND": 3185709, "AWATER": 0, "centroid_lon": -106.54403932967236, "centroid_lat": 31.856504037558459, "B03002_001E": 5957, "B03002_001M": 651, "B03002_012E": 3954, "B03002_012M": 558, "B19013_001E": 86563, "B19013_001M": 16200, "B01003_001E": 5957, "state": "48", "county": "141", "tract": "001107", "latino_share": 0.66375692462648983, "camera_count": 2, "arterial_road_m": 9306.9201361570813, "land_area_km2": 3.185709, "pop_density_per_km2": 1869.9134164482693, "arterial_km_per_km2": 2.921459598524875, "log_income": 11.368627751520398, "city": "El Paso" }, "geometry": { "type": "Polygon", "coordinates": [ [ [ -106.563109, 31.854836 ], [ -106.561078, 31.859528 ], [ -106.557775, 31.859513 ], [ -106.555946, 31.859699 ], [ -106.550184, 31.8615 ], [ -106.549454, 31.861931 ], [ -106.546538, 31.85954 ], [ -106.545193, 31.860499 ], [ -106.542815, 31.86072 ], [ -106.54127, 31.860741 ], [ -106.539779, 31.861013 ], [ -106.536567, 31.860971 ], [ -106.532296, 31.859996 ], [ -106.529917, 31.861211 ], [ -106.525887, 31.860656 ], [ -106.52352, 31.858927 ], [ -106.521766, 31.859635 ], [ -106.52063, 31.857415 ], [ -106.524147, 31.855381 ], [ -106.52929, 31.854341 ], [ -106.531847, 31.854398 ], [ -106.533383, 31.853455 ], [ -106.534723, 31.852992 ], [ -106.541804, 31.852374 ], [ -106.543693, 31.852375 ], [ -106.55007, 31.853706 ], [ -106.552194, 31.852921 ], [ -106.555141, 31.851556 ], [ -106.557085, 31.849461 ], [ -106.560536, 31.849858 ], [ -106.562035, 31.852473 ], [ -106.564066, 31.854157 ], [ -106.563109, 31.854836 ] ] ] } },
{ "type": "Feature", "properties": { "STATEFP": "48", "COUNTYFP": "141", "TRACTCE": "001600", "GEOIDFQ": "1400000US48141001600", "GEOID": "48141001600", "NAME": "16", "NAMELSAD": "Census Tract 16", "STUSPS": "TX", "NAMELSADCO": "El Paso County", "STATE_NAME": "Texas", "LSAD": "CT", "ALAND": 1470079, "AWATER": 0, "centroid_lon": -106.49768512261103, "centroid_lat": 31.763873435555798, "B03002_001E": 3981, "B03002_001M": 710, "B03002_012E": 3389, "B03002_012M": 677, "B19013_001E": 25761, "B19013_001M": 15166, "B01003_001E": 3981, "state": "48", "county": "141", "tract": "001600", "latino_share": 0.85129364481286107, "camera_count": 0, "arterial_road_m": 21166.48268659574, "land_area_km2": 1.470079, "pop_density_per_km2": 2708.0177323803687, "arterial_km_per_km2": 14.398194033515029, "log_income": 10.156616999340594, "city": "El Paso" }, "geometry": { "type": "Polygon", "coordinates": [ [ [ -106.507785, 31.766365 ], [ -106.506717, 31.766451 ], [ -106.504446, 31.765012 ], [ -106.500999, 31.766973 ], [ -106.498444, 31.768617 ], [ -106.497595, 31.769167 ], [ -106.495893, 31.770255 ], [ -106.494201, 31.771348 ], [ -106.491647, 31.768446 ], [ -106.48973, 31.766268 ], [ -106.489091, 31.765547 ], [ -106.49248, 31.763363 ], [ -106.491416, 31.760644 ], [ -106.493502, 31.759248 ], [ -106.493323, 31.758017 ], [ -106.498219, 31.757987 ], [ -106.499006, 31.758104 ], [ -106.500979, 31.758654 ], [ -106.50187, 31.758975 ], [ -106.502972, 31.759554 ], [ -106.503788, 31.760203 ], [ -106.505443, 31.762216 ], [ -106.508252, 31.766142 ], [ -106.507785, 31.766365 ] ] ] } },
{ "type": "Feature", "properties": { "STATEFP": "48", "COUNTYFP": "141", "TRACTCE": "000902", "GEOIDFQ": "1400000US48141000902", "GEOID": "48141000902", "NAME": "9.02", "NAMELSAD": "Census Tract 9.02", "STUSPS": "TX", "NAMELSADCO": "El Paso County", "STATE_NAME": "Texas", "LSAD": "CT", "ALAND": 10202394, "AWATER": 25932, "centroid_lon": -106.47928915235657, "centroid_lat": 31.816707533996517, "B03002_001E": 3099, "B03002_001M": 871, "B03002_012E": 2322, "B03002_012M": 717, "B19013_001E": 48952, "B19013_001M": 12110, "B01003_001E": 3099, "state": "48", "county": "141", "tract": "000902", "latino_share": 0.74927395934172314, "camera_count": 2, "arterial_road_m": 3955.8550089675737, "land_area_km2": 10.202394, "pop_density_per_km2": 303.75223697496881, "arterial_km_per_km2": 0.38773791807761721, "log_income": 10.798595505142377, "city": "El Paso" }, "geometry": { "type": "Polygon", "coordinates": [ [ [ -106.497375, 31.843307 ], [ -106.496482, 31.845682 ], [ -106.495421, 31.848505 ], [ -106.495149, 31.84886 ], [ -106.493743, 31.850705 ], [ -106.491796, 31.848627 ], [ -106.49009, 31.844068 ], [ -106.489275, 31.842642 ], [ -106.486614, 31.842154 ], [ -106.483809, 31.840065 ], [ -106.482472, 31.83803 ], [ -106.480623, 31.836487 ], [ -106.478735, 31.836494 ], [ -106.47597, 31.83244 ], [ -106.475354, 31.824116 ], [ -106.473795, 31.82281 ], [ -106.471591, 31.821929 ], [ -106.465522, 31.821791 ], [ -106.465844, 31.820944 ], [ -106.465905, 31.819007 ], [ -106.465893, 31.818263 ], [ -106.465841, 31.813946 ], [ -106.462819, 31.813959 ], [ -106.46132, 31.813091 ], [ -106.461347, 31.80872 ], [ -106.462863, 31.808726 ], [ -106.462878, 31.804912 ], [ -106.465905, 31.80493 ], [ -106.465922, 31.799533 ], [ -106.468734, 31.799296 ], [ -106.467441, 31.797727 ], [ -106.468523, 31.79503 ], [ -106.469804, 31.79302 ], [ -106.470656, 31.792383 ], [ -106.472896, 31.791536 ], [ -106.473894, 31.78924 ], [ -106.475477, 31.788072 ], [ -106.475878, 31.786382 ], [ -106.479069, 31.783242 ], [ -106.480958, 31.787565 ], [ -106.480454, 31.792194 ], [ -106.480951, 31.795442 ], [ -106.482648, 31.796811 ], [ -106.482347, 31.798486 ], [ -106.483943, 31.802125 ], [ -106.483442, 31.803207 ], [ -106.483123, 31.804007 ], [ -106.483959, 31.806709 ], [ -106.487123, 31.812011 ], [ -106.48843, 31.815912 ], [ -106.488477, 31.817988 ], [ -106.488488, 31.818469 ], [ -106.488588, 31.822811 ], [ -106.488998, 31.824236 ], [ -106.489825, 31.82711 ], [ -106.493065, 31.832261 ], [ -106.494291, 31.834141 ], [ -106.497339, 31.839127 ], [ -106.497367, 31.842446 ], [ -106.497375, 31.843307 ] ] ] } },
{ "type": "Feature", "properties": { "STATEFP": "48", "COUNTYFP": "141", "TRACTCE": "010338", "GEOIDFQ": "1400000US48141010338", "GEOID": "48141010338", "NAME": "103.38", "NAMELSAD": "Census Tract 103.38", "STUSPS": "TX", "NAMELSADCO": "El Paso County", "STATE_NAME": "Texas", "LSAD": "CT", "ALAND": 7713068, "AWATER": 0, "centroid_lon": -106.28590926439097, "centroid_lat": 31.720226870894102, "B03002_001E": 7321, "B03002_001M": 635, "B03002_012E": 6165, "B03002_012M": 694, "B19013_001E": 97113, "B19013_001M": 17126, "B01003_001E": 7321, "state": "48", "county": "141", "tract": "010338", "latino_share": 0.84209807403360193, "camera_count": 2, "arterial_road_m": 55673.009247459719, "land_area_km2": 7.713068, "pop_density_per_km2": 949.16834649973271, "arterial_km_per_km2": 7.218010945509584, "log_income": 11.483630527913204, "city": "El Paso" }, "geometry": { "type": "Polygon", "coordinates": [ [ [ -106.302938, 31.723748 ], [ -106.302914, 31.725158 ], [ -106.301662, 31.725439 ], [ -106.300532, 31.726265 ], [ -106.291871, 31.737949 ], [ -106.288262, 31.735978 ], [ -106.28457, 31.733176 ], [ -106.28139, 31.731277 ], [ -106.278757, 31.729709 ], [ -106.275403, 31.727757 ], [ -106.272959, 31.726544 ], [ -106.267456, 31.726172 ], [ -106.266862, 31.726176 ], [ -106.266863, 31.724143 ], [ -106.267379, 31.721362 ], [ -106.267855, 31.720091 ], [ -106.268751, 31.718395 ], [ -106.269827, 31.716928 ], [ -106.274507, 31.711816 ], [ -106.284117, 31.701351 ], [ -106.295717, 31.711967 ], [ -106.301447, 31.717488 ], [ -106.30476, 31.720658 ], [ -106.302938, 31.723748 ] ] ] } },
{ "type": "Feature", "properties": { "STATEFP": "48", "COUNTYFP": "141", "TRACTCE": "001115", "GEOIDFQ": "1400000US48141001115", "GEOID": "48141001115", "NAME": "11.15", "NAMELSAD": "Census Tract 11.15", "STUSPS": "TX", "NAMELSADCO": "El Paso County", "STATE_NAME": "Texas", "LSAD": "CT", "ALAND": 3112242, "AWATER": 55654, "centroid_lon": -106.51912507140001, "centroid_lat": 31.807457493770812, "B03002_001E": 4322, "B03002_001M": 1408, "B03002_012E": 3617, "B03002_012M": 1414, "B19013_001E": 49404, "B19013_001M": 7557, "B01003_001E": 4322, "state": "48", "county": "141", "tract": "001115", "latino_share": 0.83688107357704766, "camera_count": 2, "arterial_road_m": 15745.76044165987, "land_area_km2": 3.112242, "pop_density_per_km2": 1388.7094898147379, "arterial_km_per_km2": 5.0592982299126703, "log_income": 10.807786671557905, "city": "El Paso" }, "geometry": { "type": "Polygon", "coordinates": [ [ [ -106.536544, 31.812606 ], [ -106.532095, 31.814653 ], [ -106.531012, 31.815704 ], [ -106.527031, 31.815596 ], [ -106.527048, 31.813991 ], [ -106.522662, 31.81472 ], [ -106.522719, 31.816082 ], [ -106.520846, 31.815913 ], [ -106.51793, 31.817659 ], [ -106.515696, 31.818142 ], [ -106.514015, 31.816502 ], [ -106.511882, 31.810587 ], [ -106.509527, 31.807536 ], [ -106.509265, 31.806973 ], [ -106.509141, 31.805805 ], [ -106.509351, 31.803249 ], [ -106.510975, 31.798646 ], [ -106.511015, 31.795219 ], [ -106.512107, 31.795171 ], [ -106.514076, 31.795484 ], [ -106.516463, 31.795288 ], [ -106.51766, 31.79476 ], [ -106.51974, 31.793087 ], [ -106.519956, 31.800463 ], [ -106.522835, 31.806708 ], [ -106.525131, 31.808537 ], [ -106.527403, 31.809298 ], [ -106.528535, 31.809435 ], [ -106.533145, 31.809478 ], [ -106.536544, 31.812606 ] ] ] } },
{ "type": "Feature", "properties": { "STATEFP": "48", "COUNTYFP": "141", "TRACTCE": "010220", "GEOIDFQ": "1400000US48141010220", "GEOID": "48141010220", "NAME": "102.20", "NAMELSAD": "Census Tract 102.20", "STUSPS": "TX", "NAMELSADCO": "El Paso County", "STATE_NAME": "Texas", "LSAD": "CT", "ALAND": 85225835, "AWATER": 0, "centroid_lon": -106.53947323104664, "centroid_lat": 31.949025336279941, "B03002_001E": 7075, "B03002_001M": 947, "B03002_012E": 6193, "B03002_012M": 987, "B19013_001E": 64241, "B19013_001M": 11819, "B01003_001E": 7075, "state": "48", "county": "141", "tract": "010220", "latino_share": 0.87533568904593639, "camera_count": 8, "arterial_road_m": 50090.630171995581, "land_area_km2": 85.225835, "pop_density_per_km2": 83.014733736548308, "arterial_km_per_km2": 0.58773997546630752, "log_income": 11.07039691512464, "city": "El Paso" }, "geometry": { "type": "Polygon", "coordinates": [ [ [ -106.582671, 31.915013 ], [ -106.582664, 31.925574 ], [ -106.582658, 31.938222 ], [ -106.582658, 31.941891 ], [ -106.582657, 31.942351 ], [ -106.582649, 31.94998 ], [ -106.582645, 31.95472 ], [ -106.582657, 31.957711 ], [ -106.582639, 31.967726 ], [ -106.582634, 31.971328 ], [ -106.582636, 31.974554 ], [ -106.582635, 31.975871 ], [ -106.582635, 31.995777 ], [ -106.582639021187006, 32.000751433372301 ], [ -106.582636656977002, 32.000751434451097 ], [ -106.582131596828006, 32.000751664903802 ], [ -106.570448009123993, 32.000756995980502 ], [ -106.566056, 32.000759 ], [ -106.565142, 32.000736 ], [ -106.562214799928995, 32.000747361716897 ], [ -106.517061631199994, 32.0009226204998 ], [ -106.517134, 32.000098 ], [ -106.513981, 31.999264 ], [ -106.513977, 31.997809 ], [ -106.516443, 31.993762 ], [ -106.514542, 31.990849 ], [ -106.514441, 31.986131 ], [ -106.506801, 31.98089 ], [ -106.505639, 31.980093 ], [ -106.499136, 31.971555 ], [ -106.496234, 31.961716 ], [ -106.496733, 31.955792 ], [ -106.495131, 31.948865 ], [ -106.496239, 31.915667 ], [ -106.497206, 31.883565 ], [ -106.497236, 31.878521 ], [ -106.500644, 31.880214 ], [ -106.502714, 31.882133 ], [ -106.503929, 31.883516 ], [ -106.505754, 31.886324 ], [ -106.508457, 31.889562 ], [ -106.509956, 31.892671 ], [ -106.511131, 31.893931 ], [ -106.51485, 31.896056 ], [ -106.516887, 31.89814 ], [ -106.521925, 31.905136 ], [ -106.524858, 31.907213 ], [ -106.527038, 31.907613 ], [ -106.534674, 31.907076 ], [ -106.537859, 31.906589 ], [ -106.542873, 31.904824 ], [ -106.544626, 31.904466 ], [ -106.555662, 31.905321 ], [ -106.55797, 31.905646 ], [ -106.566463, 31.907349 ], [ -106.57922, 31.90835 ], [ -106.582678, 31.908361 ], [ -106.582671, 31.915013 ] ] ] } },
{ "type": "Feature", "properties": { "STATEFP": "48", "COUNTYFP": "141", "TRACTCE": "004005", "GEOIDFQ": "1400000US48141004005", "GEOID": "48141004005", "NAME": "40.05", "NAMELSAD": "Census Tract 40.05", "STUSPS": "TX", "NAMELSADCO": "El Paso County", "STATE_NAME": "Texas", "LSAD": "CT", "ALAND": 7466747, "AWATER": 31669, "centroid_lon": -106.31782875703944, "centroid_lat": 31.669115637230984, "B03002_001E": 5739, "B03002_001M": 1571, "B03002_012E": 5429, "B03002_012M": 1533, "B19013_001E": 54950, "B19013_001M": 13680, "B01003_001E": 5739, "state": "48", "county": "141", "tract": "004005", "latino_share": 0.94598362083986753, "camera_count": 4, "arterial_road_m": 33865.596699306465, "land_area_km2": 7.466747, "pop_density_per_km2": 768.60780203212994, "arterial_km_per_km2": 4.5355221891549915, "log_income": 10.914178959831768, "city": "El Paso" }, "geometry": { "type": "Polygon", "coordinates": [ [ [ -106.336379, 31.671759 ], [ -106.336021, 31.67465 ], [ -106.332661, 31.673479 ], [ -106.327459, 31.674671 ], [ -106.32735, 31.675244 ], [ -106.325911, 31.68514 ], [ -106.324863, 31.684897 ], [ -106.324422, 31.686032 ], [ -106.324262, 31.683126 ], [ -106.319844, 31.682023 ], [ -106.319031, 31.682283 ], [ -106.319163, 31.682489 ], [ -106.320462, 31.684579 ], [ -106.318132, 31.683935 ], [ -106.316646, 31.684706 ], [ -106.315931, 31.685157 ], [ -106.313319, 31.685657 ], [ -106.312066, 31.686696 ], [ -106.312022, 31.686747 ], [ -106.308157, 31.682364 ], [ -106.312447, 31.679924 ], [ -106.306515, 31.673091 ], [ -106.301245, 31.666918 ], [ -106.301186, 31.666851 ], [ -106.299513, 31.664973 ], [ -106.297176, 31.662178 ], [ -106.298836, 31.658573 ], [ -106.302066, 31.657257 ], [ -106.303597, 31.656955 ], [ -106.303498, 31.656109 ], [ -106.30352, 31.654701 ], [ -106.304395, 31.654543 ], [ -106.306638, 31.65629 ], [ -106.308833, 31.659391 ], [ -106.310167, 31.659879 ], [ -106.310417, 31.659861 ], [ -106.320011, 31.659647 ], [ -106.317219, 31.655097 ], [ -106.316775, 31.653702 ], [ -106.31969, 31.65612 ], [ -106.32277, 31.657771 ], [ -106.324859, 31.658276 ], [ -106.330250217230002, 31.658276724051699 ], [ -106.334737, 31.664112 ], [ -106.337958196274002, 31.671206640723401 ], [ -106.336379, 31.671759 ] ] ] } },
{ "type": "Feature", "properties": { "STATEFP": "48", "COUNTYFP": "141", "TRACTCE": "010229", "GEOIDFQ": "1400000US48141010229", "GEOID": "48141010229", "NAME": "102.29", "NAMELSAD": "Census Tract 102.29", "STUSPS": "TX", "NAMELSADCO": "El Paso County", "STATE_NAME": "Texas", "LSAD": "CT", "ALAND": 8312353, "AWATER": 82075, "centroid_lon": -106.61749157783879, "centroid_lat": 31.865680966955811, "B03002_001E": 6970, "B03002_001M": 1035, "B03002_012E": 4806, "B03002_012M": 1014, "B19013_001E": 117250, "B19013_001M": 18393, "B01003_001E": 6970, "state": "48", "county": "141", "tract": "010229", "latino_share": 0.68952654232424682, "camera_count": 2, "arterial_road_m": 14629.63569329667, "land_area_km2": 8.312353, "pop_density_per_km2": 838.51106900777677, "arterial_km_per_km2": 1.7599872976155693, "log_income": 11.672063686308526, "city": "El Paso" }, "geometry": { "type": "Polygon", "coordinates": [ [ [ -106.63588, 31.871514 ], [ -106.634873, 31.874478 ], [ -106.631344967302994, 31.878997588278001 ], [ -106.631315897573003, 31.879034828072498 ], [ -106.625508, 31.879088 ], [ -106.621749, 31.879133 ], [ -106.616067, 31.879872 ], [ -106.610511, 31.879857 ], [ -106.605822, 31.879629 ], [ -106.601979, 31.878696 ], [ -106.602939, 31.877363 ], [ -106.604202, 31.873798 ], [ -106.603115, 31.868978 ], [ -106.603681, 31.865854 ], [ -106.603903, 31.864623 ], [ -106.603916, 31.864546 ], [ -106.606455, 31.851749 ], [ -106.605949, 31.84674 ], [ -106.605746, 31.846239 ], [ -106.605845, 31.846305 ], [ -106.612810724433999, 31.8464515717721 ], [ -106.614637, 31.84649 ], [ -106.621857, 31.852854 ], [ -106.625763, 31.856276 ], [ -106.627808, 31.860593 ], [ -106.629701387774006, 31.8619089021707 ], [ -106.633548142476002, 31.864582391949899 ], [ -106.635926, 31.866235 ], [ -106.63588, 31.871514 ] ] ] } },
{ "type": "Feature", "properties": { "STATEFP": "48", "COUNTYFP": "141", "TRACTCE": "010227", "GEOIDFQ": "1400000US48141010227", "GEOID": "48141010227", "NAME": "102.27", "NAMELSAD": "Census Tract 102.27", "STUSPS": "TX", "NAMELSADCO": "El Paso County", "STATE_NAME": "Texas", "LSAD": "CT", "ALAND": 2521659, "AWATER": 0, "centroid_lon": -106.58548186391076, "centroid_lat": 31.872292994857659, "B03002_001E": 3875, "B03002_001M": 520, "B03002_012E": 3091, "B03002_012M": 392, "B19013_001E": 70415, "B19013_001M": 8979, "B01003_001E": 3875, "state": "48", "county": "141", "tract": "010227", "latino_share": 0.79767741935483871, "camera_count": 1, "arterial_road_m": 14967.736938521781, "land_area_km2": 2.521659, "pop_density_per_km2": 1536.6867605810301, "arterial_km_per_km2": 5.9356705004609189, "log_income": 11.16216158763215, "city": "El Paso" }, "geometry": { "type": "Polygon", "coordinates": [ [ [ -106.594625, 31.878845 ], [ -106.594297, 31.878973 ], [ -106.594005, 31.879089 ], [ -106.593263, 31.879415 ], [ -106.59005, 31.880823 ], [ -106.586977, 31.882168 ], [ -106.581831, 31.883158 ], [ -106.580943, 31.879549 ], [ -106.580916, 31.87944 ], [ -106.577937, 31.867305 ], [ -106.577039, 31.863622 ], [ -106.58242, 31.863522 ], [ -106.583252, 31.863185 ], [ -106.585978, 31.860681 ], [ -106.587386, 31.860188 ], [ -106.592231, 31.872682 ], [ -106.594333, 31.878093 ], [ -106.594625, 31.878845 ] ] ] } },
{ "type": "Feature", "properties": { "STATEFP": "48", "COUNTYFP": "141", "TRACTCE": "003300", "GEOIDFQ": "1400000US48141003300", "GEOID": "48141003300", "NAME": "33", "NAMELSAD": "Census Tract 33", "STUSPS": "TX", "NAMELSADCO": "El Paso County", "STATE_NAME": "Texas", "LSAD": "CT", "ALAND": 2152669, "AWATER": 0, "centroid_lon": -106.42778851963043, "centroid_lat": 31.784666181170373, "B03002_001E": 5018, "B03002_001M": 759, "B03002_012E": 4867, "B03002_012M": 761, "B19013_001E": 38152, "B19013_001M": 10785, "B01003_001E": 5018, "state": "48", "county": "141", "tract": "003300", "latino_share": 0.96990833001195698, "camera_count": 0, "arterial_road_m": 12070.060354007044, "land_area_km2": 2.152669, "pop_density_per_km2": 2331.0597216757433, "arterial_km_per_km2": 5.6070210301755843, "log_income": 10.54933345997806, "city": "El Paso" }, "geometry": { "type": "Polygon", "coordinates": [ [ [ -106.437467, 31.783601 ], [ -106.437451, 31.785636 ], [ -106.432878, 31.785608 ], [ -106.431568, 31.786966 ], [ -106.431554, 31.788553 ], [ -106.431484, 31.791862 ], [ -106.43133, 31.795217 ], [ -106.431305, 31.797017 ], [ -106.430693, 31.797011 ], [ -106.430712, 31.79495 ], [ -106.426158, 31.792448 ], [ -106.420071, 31.7891 ], [ -106.420216, 31.788203 ], [ -106.42004, 31.783702 ], [ -106.416815, 31.78407 ], [ -106.419996, 31.781914 ], [ -106.420246, 31.781602 ], [ -106.422121, 31.777715 ], [ -106.423239, 31.777525 ], [ -106.425502, 31.777505 ], [ -106.432861, 31.777532 ], [ -106.432866, 31.78075 ], [ -106.433752, 31.780755 ], [ -106.433919, 31.779288 ], [ -106.437509, 31.779607 ], [ -106.437467, 31.783601 ] ] ] } },
{ "type": "Feature", "properties": { "STATEFP": "48", "COUNTYFP": "141", "TRACTCE": "003601", "GEOIDFQ": "1400000US48141003601", "GEOID": "48141003601", "NAME": "36.01", "NAMELSAD": "Census Tract 36.01", "STUSPS": "TX", "NAMELSADCO": "El Paso County", "STATE_NAME": "Texas", "LSAD": "CT", "ALAND": 1475999, "AWATER": 0, "centroid_lon": -106.41732747056167, "centroid_lat": 31.762834557873997, "B03002_001E": 3350, "B03002_001M": 540, "B03002_012E": 3014, "B03002_012M": 494, "B19013_001E": 36130, "B19013_001M": 14102, "B01003_001E": 3350, "state": "48", "county": "141", "tract": "003601", "latino_share": 0.89970149253731346, "camera_count": 0, "arterial_road_m": 7714.0533521063553, "land_area_km2": 1.475999, "pop_density_per_km2": 2269.6492341796979, "arterial_km_per_km2": 5.2263269501580663, "log_income": 10.494878824141686, "city": "El Paso" }, "geometry": { "type": "Polygon", "coordinates": [ [ [ -106.421971, 31.761407 ], [ -106.421922, 31.767618 ], [ -106.421881, 31.771074 ], [ -106.420736, 31.771285 ], [ -106.414252, 31.768827 ], [ -106.413472, 31.768521 ], [ -106.408944, 31.768531 ], [ -106.408904, 31.764799 ], [ -106.414214, 31.765958 ], [ -106.414149, 31.760785 ], [ -106.412017, 31.759638 ], [ -106.415819, 31.755138 ], [ -106.417914, 31.753845 ], [ -106.421963, 31.754267 ], [ -106.421953, 31.75445 ], [ -106.421971, 31.761407 ] ] ] } },
{ "type": "Feature", "properties": { "STATEFP": "48", "COUNTYFP": "141", "TRACTCE": "000110", "GEOIDFQ": "1400000US48141000110", "GEOID": "48141000110", "NAME": "1.10", "NAMELSAD": "Census Tract 1.10", "STUSPS": "TX", "NAMELSADCO": "El Paso County", "STATE_NAME": "Texas", "LSAD": "CT", "ALAND": 1290170, "AWATER": 0, "centroid_lon": -106.41566210392813, "centroid_lat": 31.902571657046163, "B03002_001E": 3641, "B03002_001M": 680, "B03002_012E": 2704, "B03002_012M": 669, "B19013_001E": 45875, "B19013_001M": 10874, "B01003_001E": 3641, "state": "48", "county": "141", "tract": "000110", "latino_share": 0.74265311727547378, "camera_count": 1, "arterial_road_m": 11868.235443874401, "land_area_km2": 1.29017, "pop_density_per_km2": 2822.1087143554723, "arterial_km_per_km2": 9.1989702472343957, "log_income": 10.733675585356872, "city": "El Paso" }, "geometry": { "type": "Polygon", "coordinates": [ [ [ -106.424418, 31.902813 ], [ -106.423627, 31.902822 ], [ -106.42378, 31.90537 ], [ -106.421558, 31.906146 ], [ -106.414224, 31.90632 ], [ -106.407077, 31.906461 ], [ -106.406969, 31.902037 ], [ -106.4091, 31.898835 ], [ -106.410483, 31.89882 ], [ -106.412252, 31.898925 ], [ -106.424209, 31.898721 ], [ -106.424325, 31.898708 ], [ -106.424418, 31.902813 ] ] ] } },
{ "type": "Feature", "properties": { "STATEFP": "48", "COUNTYFP": "141", "TRACTCE": "000301", "GEOIDFQ": "1400000US48141000301", "GEOID": "48141000301", "NAME": "3.01", "NAMELSAD": "Census Tract 3.01", "STUSPS": "TX", "NAMELSADCO": "El Paso County", "STATE_NAME": "Texas", "LSAD": "CT", "ALAND": 2654932, "AWATER": 0, "centroid_lon": -106.4296241655408, "centroid_lat": 31.857355666708486, "B03002_001E": 6196, "B03002_001M": 1264, "B03002_012E": 5020, "B03002_012M": 1160, "B19013_001E": 28926, "B19013_001M": 4500, "B01003_001E": 6196, "state": "48", "county": "141", "tract": "000301", "latino_share": 0.81020012911555839, "camera_count": 2, "arterial_road_m": 6015.6753422383072, "land_area_km2": 2.654932, "pop_density_per_km2": 2333.7697538016041, "arterial_km_per_km2": 2.2658491224024973, "log_income": 10.272496123633678, "city": "El Paso" }, "geometry": { "type": "Polygon", "coordinates": [ [ [ -106.44007, 31.851943 ], [ -106.437994, 31.855113 ], [ -106.436278, 31.857721 ], [ -106.431729, 31.864602 ], [ -106.431438, 31.865042 ], [ -106.428248, 31.86986 ], [ -106.427675, 31.869854 ], [ -106.423177, 31.869933 ], [ -106.423198, 31.866063 ], [ -106.423164, 31.864554 ], [ -106.423128, 31.863047 ], [ -106.423036, 31.859761 ], [ -106.423024, 31.858947 ], [ -106.422939, 31.855386 ], [ -106.422919, 31.854597 ], [ -106.422852, 31.851665 ], [ -106.422785, 31.848932 ], [ -106.439571, 31.848501 ], [ -106.439649, 31.851655 ], [ -106.44007, 31.851943 ] ] ] } },
{ "type": "Feature", "properties": { "STATEFP": "48", "COUNTYFP": "141", "TRACTCE": "001800", "GEOIDFQ": "1400000US48141001800", "GEOID": "48141001800", "NAME": "18", "NAMELSAD": "Census Tract 18", "STUSPS": "TX", "NAMELSADCO": "El Paso County", "STATE_NAME": "Texas", "LSAD": "CT", "ALAND": 1055233, "AWATER": 0, "centroid_lon": -106.49351053535152, "centroid_lat": 31.754075900791172, "B03002_001E": 918, "B03002_001M": 464, "B03002_012E": 853, "B03002_012M": 464, "B19013_001E": 12899, "B19013_001M": 2476, "B01003_001E": 918, "state": "48", "county": "141", "tract": "001800", "latino_share": 0.92919389978213507, "camera_count": 2, "arterial_road_m": 14280.154379854415, "land_area_km2": 1.055233, "pop_density_per_km2": 869.95004894653596, "arterial_km_per_km2": 13.532702616251022, "log_income": 9.4649050679651356, "city": "El Paso" }, "geometry": { "type": "Polygon", "coordinates": [ [ [ -106.510741339548005, 31.7626365885477 ], [ -106.509263, 31.763443 ], [ -106.507984, 31.762292 ], [ -106.505443, 31.762216 ], [ -106.503788, 31.760203 ], [ -106.502972, 31.759554 ], [ -106.50187, 31.758975 ], [ -106.500979, 31.758654 ], [ -106.499006, 31.758104 ], [ -106.498219, 31.757987 ], [ -106.493323, 31.758017 ], [ -106.495117, 31.75744 ], [ -106.495062, 31.756438 ], [ -106.492239, 31.75433 ], [ -106.489227, 31.75482 ], [ -106.486069, 31.755539 ], [ -106.485006, 31.752123 ], [ -106.484457, 31.750368 ], [ -106.483435, 31.750598 ], [ -106.482707276301994, 31.748297996099399 ], [ -106.484642, 31.747809 ], [ -106.486856, 31.747721 ], [ -106.489542, 31.748408 ], [ -106.494677, 31.751804 ], [ -106.496479, 31.753843 ], [ -106.500089, 31.755527 ], [ -106.501391, 31.757042 ], [ -106.503482, 31.758168 ], [ -106.505818, 31.760472 ], [ -106.507326, 31.761192 ], [ -106.51006, 31.761258 ], [ -106.510741339548005, 31.7626365885477 ] ] ] } },
{ "type": "Feature", "properties": { "STATEFP": "48", "COUNTYFP": "141", "TRACTCE": "003702", "GEOIDFQ": "1400000US48141003702", "GEOID": "48141003702", "NAME": "37.02", "NAMELSAD": "Census Tract 37.02", "STUSPS": "TX", "NAMELSADCO": "El Paso County", "STATE_NAME": "Texas", "LSAD": "CT", "ALAND": 2161246, "AWATER": 12435, "centroid_lon": -106.38322613374517, "centroid_lat": 31.740998573436809, "B03002_001E": 3534, "B03002_001M": 595, "B03002_012E": 3416, "B03002_012M": 590, "B19013_001E": 27463, "B19013_001M": 11154, "B01003_001E": 3534, "state": "48", "county": "141", "tract": "003702", "latino_share": 0.96661007357102435, "camera_count": 0, "arterial_road_m": 11989.175994028359, "land_area_km2": 2.161246, "pop_density_per_km2": 1635.1678615021151, "arterial_km_per_km2": 5.5473444457633976, "log_income": 10.220594923172552, "city": "El Paso" }, "geometry": { "type": "Polygon", "coordinates": [ [ [ -106.391835, 31.743054 ], [ -106.386781, 31.749213 ], [ -106.388919, 31.750931 ], [ -106.387692, 31.752157 ], [ -106.375816, 31.741751 ], [ -106.375096, 31.741743 ], [ -106.371794, 31.738943 ], [ -106.372864, 31.738045 ], [ -106.369763, 31.735548 ], [ -106.377721, 31.734658 ], [ -106.378094, 31.735906 ], [ -106.385816471414003, 31.734686269034899 ], [ -106.394602172681999, 31.739423990764301 ], [ -106.391835, 31.743054 ] ] ] } },
{ "type": "Feature", "properties": { "STATEFP": "48", "COUNTYFP": "141", "TRACTCE": "001302", "GEOIDFQ": "1400000US48141001302", "GEOID": "48141001302", "NAME": "13.02", "NAMELSAD": "Census Tract 13.02", "STUSPS": "TX", "NAMELSADCO": "El Paso County", "STATE_NAME": "Texas", "LSAD": "CT", "ALAND": 8700856, "AWATER": 7332, "centroid_lon": -106.58356989374482, "centroid_lat": 31.827637519955271, "B03002_001E": 6418, "B03002_001M": 984, "B03002_012E": 4371, "B03002_012M": 1007, "B19013_001E": 103273, "B19013_001M": 27000, "B01003_001E": 6418, "state": "48", "county": "141", "tract": "001302", "latino_share": 0.68105328762854467, "camera_count": 2, "arterial_road_m": 9219.9583372004508, "land_area_km2": 8.700856, "pop_density_per_km2": 737.62857355644087, "arterial_km_per_km2": 1.0596610652101874, "log_income": 11.545131246306447, "city": "El Paso" }, "geometry": { "type": "Polygon", "coordinates": [ [ [ -106.605746, 31.846239 ], [ -106.59849, 31.844843 ], [ -106.591498, 31.843497 ], [ -106.580055, 31.841286 ], [ -106.578767, 31.83839 ], [ -106.576459, 31.835175 ], [ -106.570411, 31.827517 ], [ -106.562066, 31.816956 ], [ -106.556162, 31.811016 ], [ -106.550827224242994, 31.808315767998 ], [ -106.558444, 31.810406 ], [ -106.562945, 31.811104 ], [ -106.563444, 31.812606 ], [ -106.566844, 31.813306 ], [ -106.569009504541995, 31.8116686672975 ], [ -106.570944, 31.810206 ], [ -106.577244, 31.810406 ], [ -106.581344, 31.813906 ], [ -106.582144, 31.815506 ], [ -106.588045, 31.822106 ], [ -106.589045, 31.822706 ], [ -106.590129357199999, 31.823203838120499 ], [ -106.593826, 31.824901 ], [ -106.601232944887002, 31.8250033541424 ], [ -106.602727, 31.825024 ], [ -106.605267, 31.827912 ], [ -106.603424989632998, 31.834395632517801 ], [ -106.601945, 31.839605 ], [ -106.602045, 31.844405 ], [ -106.605245, 31.845905 ], [ -106.605746, 31.846239 ] ] ] } },
{ "type": "Feature", "properties": { "STATEFP": "48", "COUNTYFP": "141", "TRACTCE": "002300", "GEOIDFQ": "1400000US48141002300", "GEOID": "48141002300", "NAME": "23", "NAMELSAD": "Census Tract 23", "STUSPS": "TX", "NAMELSADCO": "El Paso County", "STATE_NAME": "Texas", "LSAD": "CT", "ALAND": 2023107, "AWATER": 3413, "centroid_lon": -106.467644021336, "centroid_lat": 31.784556456741246, "B03002_001E": 3866, "B03002_001M": 730, "B03002_012E": 3619, "B03002_012M": 723, "B19013_001E": 46103, "B19013_001M": 14490, "B01003_001E": 3866, "state": "48", "county": "141", "tract": "002300", "latino_share": 0.93610967408173829, "camera_count": 0, "arterial_road_m": 14203.14878104636, "land_area_km2": 2.023107, "pop_density_per_km2": 1910.9221608150237, "arterial_km_per_km2": 7.0204634658702485, "log_income": 10.738633302789303, "city": "El Paso" }, "geometry": { "type": "Polygon", "coordinates": [ [ [ -106.473546, 31.787646 ], [ -106.473445, 31.787772 ], [ -106.470502, 31.787767 ], [ -106.470498, 31.789588 ], [ -106.470484, 31.791394 ], [ -106.468974, 31.792294 ], [ -106.470656, 31.792383 ], [ -106.469804, 31.79302 ], [ -106.468523, 31.79503 ], [ -106.461418, 31.794988 ], [ -106.461417, 31.794899 ], [ -106.461424, 31.792204 ], [ -106.461431, 31.790367 ], [ -106.461434, 31.789549 ], [ -106.461448, 31.786826 ], [ -106.46145, 31.786226 ], [ -106.461439, 31.785507 ], [ -106.465586, 31.782929 ], [ -106.461463, 31.779684 ], [ -106.461485, 31.778265 ], [ -106.46298, 31.778123 ], [ -106.463761, 31.777924 ], [ -106.465072, 31.777352 ], [ -106.473482, 31.771973 ], [ -106.473476, 31.773319 ], [ -106.473455, 31.776737 ], [ -106.473508, 31.777822 ], [ -106.473554, 31.783252 ], [ -106.473546, 31.787646 ] ] ] } },
{ "type": "Feature", "properties": { "STATEFP": "48", "COUNTYFP": "141", "TRACTCE": "010312", "GEOIDFQ": "1400000US48141010312", "GEOID": "48141010312", "NAME": "103.12", "NAMELSAD": "Census Tract 103.12", "STUSPS": "TX", "NAMELSADCO": "El Paso County", "STATE_NAME": "Texas", "LSAD": "CT", "ALAND": 1537960, "AWATER": 0, "centroid_lon": -106.31272246103674, "centroid_lat": 31.787099392855492, "B03002_001E": 3788, "B03002_001M": 472, "B03002_012E": 3077, "B03002_012M": 477, "B19013_001E": 95875, "B19013_001M": 17050, "B01003_001E": 3788, "state": "48", "county": "141", "tract": "010312", "latino_share": 0.8123020063357973, "camera_count": 0, "arterial_road_m": 8251.1764021107301, "land_area_km2": 1.53796, "pop_density_per_km2": 2463.0029389581005, "arterial_km_per_km2": 5.3650136558237724, "log_income": 11.470800538669558, "city": "El Paso" }, "geometry": { "type": "Polygon", "coordinates": [ [ [ -106.323317, 31.791543 ], [ -106.320322, 31.790723 ], [ -106.318779, 31.790676 ], [ -106.316391, 31.790436 ], [ -106.314034, 31.790437 ], [ -106.312848, 31.790445 ], [ -106.307207, 31.790492 ], [ -106.302323, 31.790518 ], [ -106.302299, 31.782519 ], [ -106.30375, 31.782687 ], [ -106.306759, 31.783727 ], [ -106.312688, 31.783796 ], [ -106.313921, 31.783789 ], [ -106.318654, 31.783777 ], [ -106.32325, 31.783783 ], [ -106.323286, 31.787696 ], [ -106.323317, 31.791543 ] ] ] } },
{ "type": "Feature", "properties": { "STATEFP": "48", "COUNTYFP": "141", "TRACTCE": "001400", "GEOIDFQ": "1400000US48141001400", "GEOID": "48141001400", "NAME": "14", "NAMELSAD": "Census Tract 14", "STUSPS": "TX", "NAMELSADCO": "El Paso County", "STATE_NAME": "Texas", "LSAD": "CT", "ALAND": 7956447, "AWATER": 201502, "centroid_lon": -106.52266032851917, "centroid_lat": 31.790572855158178, "B03002_001E": 2132, "B03002_001M": 286, "B03002_012E": 1593, "B03002_012M": 244, "B19013_001E": 33000, "B19013_001M": 23445, "B01003_001E": 2132, "state": "48", "county": "141", "tract": "001400", "latino_share": 0.74718574108818014, "camera_count": 2, "arterial_road_m": 62204.98809493368, "land_area_km2": 7.956447, "pop_density_per_km2": 267.95880120862995, "arterial_km_per_km2": 7.8181866975213543, "log_income": 10.404262840448617, "city": "El Paso" }, "geometry": { "type": "Polygon", "coordinates": [ [ [ -106.548532193957001, 31.807685954819501 ], [ -106.545138, 31.810602 ], [ -106.544943, 31.810771 ], [ -106.54282, 31.809764 ], [ -106.533145, 31.809478 ], [ -106.528535, 31.809435 ], [ -106.527403, 31.809298 ], [ -106.525131, 31.808537 ], [ -106.522835, 31.806708 ], [ -106.519956, 31.800463 ], [ -106.51974, 31.793087 ], [ -106.51766, 31.79476 ], [ -106.516463, 31.795288 ], [ -106.514076, 31.795484 ], [ -106.512107, 31.795171 ], [ -106.511015, 31.795219 ], [ -106.510505, 31.794271 ], [ -106.508326, 31.79266 ], [ -106.507976, 31.792054 ], [ -106.507436, 31.790205 ], [ -106.506114, 31.785639 ], [ -106.507488, 31.784302 ], [ -106.507237, 31.782464 ], [ -106.506728, 31.777048 ], [ -106.508667, 31.776017 ], [ -106.509597, 31.771276 ], [ -106.507403, 31.7686 ], [ -106.506717, 31.766451 ], [ -106.507785, 31.766365 ], [ -106.508252, 31.766142 ], [ -106.505443, 31.762216 ], [ -106.507984, 31.762292 ], [ -106.509263, 31.763443 ], [ -106.510741339548005, 31.7626365885477 ], [ -106.511045, 31.763251 ], [ -106.511917, 31.767377 ], [ -106.512488, 31.769044 ], [ -106.513687, 31.770711 ], [ -106.514871, 31.771588 ], [ -106.516272, 31.771632 ], [ -106.517842, 31.771813 ], [ -106.523643, 31.776207 ], [ -106.525178, 31.778442 ], [ -106.528643, 31.781807 ], [ -106.528641, 31.782307 ], [ -106.52854, 31.782573 ], [ -106.528242, 31.783148 ], [ -106.528041, 31.78398 ], [ -106.528124, 31.784985 ], [ -106.527997, 31.786945 ], [ -106.527623, 31.789119 ], [ -106.527738, 31.789761 ], [ -106.527943, 31.790507 ], [ -106.530515, 31.792103 ], [ -106.53248, 31.791914 ], [ -106.533, 31.791829 ], [ -106.533043, 31.791907 ], [ -106.534743, 31.796107 ], [ -106.535154, 31.797089 ], [ -106.535343, 31.797507 ], [ -106.535843, 31.798607 ], [ -106.542097, 31.802146 ], [ -106.542144, 31.802107 ], [ -106.544714, 31.804287 ], [ -106.545344, 31.805007 ], [ -106.546576524958994, 31.806580523530901 ], [ -106.547144, 31.807305 ], [ -106.548532193957001, 31.807685954819501 ] ] ] } },
{ "type": "Feature", "properties": { "STATEFP": "48", "COUNTYFP": "141", "TRACTCE": "001117", "GEOIDFQ": "1400000US48141001117", "GEOID": "48141001117", "NAME": "11.17", "NAMELSAD": "Census Tract 11.17", "STUSPS": "TX", "NAMELSADCO": "El Paso County", "STATE_NAME": "Texas", "LSAD": "CT", "ALAND": 3429678, "AWATER": 0, "centroid_lon": -106.54448048134246, "centroid_lat": 31.826367583616133, "B03002_001E": 5654, "B03002_001M": 848, "B03002_012E": 3988, "B03002_012M": 668, "B19013_001E": 80833, "B19013_001M": 16088, "B01003_001E": 5654, "state": "48", "county": "141", "tract": "001117", "latino_share": 0.70534135125574815, "camera_count": 0, "arterial_road_m": 13425.039574924598, "land_area_km2": 3.429678, "pop_density_per_km2": 1648.5512634130669, "arterial_km_per_km2": 3.9143731787429021, "log_income": 11.300140576971723, "city": "El Paso" }, "geometry": { "type": "Polygon", "coordinates": [ [ [ -106.55698, 31.824787 ], [ -106.555226, 31.827985 ], [ -106.554034, 31.829682 ], [ -106.553288, 31.830351 ], [ -106.551623, 31.831769 ], [ -106.550398, 31.835569 ], [ -106.537702, 31.833102 ], [ -106.537043, 31.832954 ], [ -106.532181, 31.83146 ], [ -106.527754, 31.828637 ], [ -106.529216, 31.827579 ], [ -106.536259, 31.823339 ], [ -106.536701, 31.82307 ], [ -106.538991, 31.8214 ], [ -106.54148, 31.819528 ], [ -106.543478, 31.818846 ], [ -106.545348, 31.818209 ], [ -106.549433, 31.815192 ], [ -106.553832, 31.819677 ], [ -106.554736, 31.820596 ], [ -106.556314, 31.822187 ], [ -106.556497, 31.823014 ], [ -106.55698, 31.824787 ] ] ] } },
{ "type": "Feature", "properties": { "STATEFP": "48", "COUNTYFP": "141", "TRACTCE": "010228", "GEOIDFQ": "1400000US48141010228", "GEOID": "48141010228", "NAME": "102.28", "NAMELSAD": "Census Tract 102.28", "STUSPS": "TX", "NAMELSADCO": "El Paso County", "STATE_NAME": "Texas", "LSAD": "CT", "ALAND": 4681922, "AWATER": 0, "centroid_lon": -106.59104771519151, "centroid_lat": 31.895284512784009, "B03002_001E": 5767, "B03002_001M": 1057, "B03002_012E": 5123, "B03002_012M": 1103, "B19013_001E": 55357, "B19013_001M": 33328, "B01003_001E": 5767, "state": "48", "county": "141", "tract": "010228", "latino_share": 0.88833015432633955, "camera_count": 3, "arterial_road_m": 25826.266554746591, "land_area_km2": 4.681922, "pop_density_per_km2": 1231.7590938080557, "arterial_km_per_km2": 5.516167624054094, "log_income": 10.921558398071735, "city": "El Paso" }, "geometry": { "type": "Polygon", "coordinates": [ [ [ -106.59995, 31.908173 ], [ -106.590913, 31.908334 ], [ -106.588681, 31.908392 ], [ -106.58749, 31.907983 ], [ -106.586693, 31.907751 ], [ -106.582678, 31.908361 ], [ -106.582654, 31.887352 ], [ -106.582356, 31.885306 ], [ -106.581831, 31.883158 ], [ -106.586977, 31.882168 ], [ -106.59005, 31.880823 ], [ -106.593263, 31.879415 ], [ -106.594005, 31.879089 ], [ -106.594297, 31.878973 ], [ -106.594625, 31.878845 ], [ -106.597366, 31.885905 ], [ -106.59875, 31.889639 ], [ -106.59906, 31.890846 ], [ -106.599299, 31.892564 ], [ -106.600942, 31.908282 ], [ -106.59995, 31.908173 ] ] ] } },
{ "type": "Feature", "properties": { "STATEFP": "48", "COUNTYFP": "141", "TRACTCE": "980000", "GEOIDFQ": "1400000US48141980000", "GEOID": "48141980000", "NAME": "9800", "NAMELSAD": "Census Tract 9800", "STUSPS": "TX", "NAMELSADCO": "El Paso County", "STATE_NAME": "Texas", "LSAD": "CT", "ALAND": 25580368, "AWATER": 0, "centroid_lon": -106.36239725943385, "centroid_lat": 31.813995455280445, "B03002_001E": 0, "B03002_001M": 15, "B03002_012E": 0, "B03002_012M": 15, "B19013_001E": -666666666, "B19013_001M": -222222222, "B01003_001E": 0, "state": "48", "county": "141", "tract": "980000", "latino_share": null, "camera_count": 0, "arterial_road_m": 34898.214866330993, "land_area_km2": 25.580368, "pop_density_per_km2": 0.0, "arterial_km_per_km2": 1.364257733365329, "log_income": null, "city": "El Paso" }, "geometry": { "type": "Polygon", "coordinates": [ [ [ -106.404508, 31.819861 ], [ -106.403189, 31.819526 ], [ -106.388691, 31.819856 ], [ -106.381393, 31.820087 ], [ -106.378519, 31.820602 ], [ -106.376089, 31.821814 ], [ -106.371563, 31.82494 ], [ -106.36636, 31.828185 ], [ -106.362254, 31.831138 ], [ -106.358575, 31.834265 ], [ -106.352716, 31.83852 ], [ -106.350957, 31.839539 ], [ -106.347769, 31.84065 ], [ -106.343867, 31.840814 ], [ -106.330856, 31.840999 ], [ -106.329852, 31.79847 ], [ -106.330527, 31.798322 ], [ -106.332655, 31.798042 ], [ -106.340992, 31.796939 ], [ -106.348177, 31.795991 ], [ -106.348033, 31.79751 ], [ -106.361311, 31.797759 ], [ -106.372561, 31.79837 ], [ -106.372434, 31.796736 ], [ -106.377944, 31.796313 ], [ -106.378605, 31.795784 ], [ -106.378672, 31.793542 ], [ -106.392216, 31.791753 ], [ -106.393162, 31.791767 ], [ -106.393666, 31.794918 ], [ -106.392712, 31.796278 ], [ -106.390805, 31.795769 ], [ -106.393538, 31.797858 ], [ -106.393896, 31.798797 ], [ -106.397167, 31.798876 ], [ -106.400205, 31.797897 ], [ -106.400165, 31.795694 ], [ -106.403452, 31.79561 ], [ -106.404183, 31.794626 ], [ -106.404252, 31.79487 ], [ -106.404392, 31.798072 ], [ -106.404508, 31.819861 ] ] ] } },
{ "type": "Feature", "properties": { "STATEFP": "48", "COUNTYFP": "141", "TRACTCE": "002900", "GEOIDFQ": "1400000US48141002900", "GEOID": "48141002900", "NAME": "29", "NAMELSAD": "Census Tract 29", "STUSPS": "TX", "NAMELSADCO": "El Paso County", "STATE_NAME": "Texas", "LSAD": "CT", "ALAND": 1293053, "AWATER": 7495, "centroid_lon": -106.44774025761234, "centroid_lat": 31.770419785020295, "B03002_001E": 1154, "B03002_001M": 313, "B03002_012E": 1089, "B03002_012M": 313, "B19013_001E": 19853, "B19013_001M": 7497, "B01003_001E": 1154, "state": "48", "county": "141", "tract": "002900", "latino_share": 0.94367417677642984, "camera_count": 4, "arterial_road_m": 29734.895377553061, "land_area_km2": 1.293053, "pop_density_per_km2": 892.46148456405115, "arterial_km_per_km2": 22.995882904686091, "log_income": 9.8961104081970781, "city": "El Paso" }, "geometry": { "type": "Polygon", "coordinates": [ [ [ -106.452453, 31.771331 ], [ -106.452445, 31.772347 ], [ -106.452436, 31.773342 ], [ -106.452401, 31.777555 ], [ -106.451075, 31.77821 ], [ -106.450888, 31.778199 ], [ -106.446485, 31.777624 ], [ -106.44354, 31.777617 ], [ -106.442174, 31.777615 ], [ -106.443809, 31.775815 ], [ -106.443791, 31.7723 ], [ -106.443976, 31.769901 ], [ -106.443894, 31.76737 ], [ -106.443989, 31.761639 ], [ -106.444651376514997, 31.760484428140899 ], [ -106.451064, 31.764325 ], [ -106.451560045362001, 31.764354153543199 ], [ -106.450939, 31.769302 ], [ -106.452539, 31.769616 ], [ -106.452453, 31.771331 ] ] ] } },
{ "type": "Feature", "properties": { "STATEFP": "48", "COUNTYFP": "141", "TRACTCE": "004319", "GEOIDFQ": "1400000US48141004319", "GEOID": "48141004319", "NAME": "43.19", "NAMELSAD": "Census Tract 43.19", "STUSPS": "TX", "NAMELSADCO": "El Paso County", "STATE_NAME": "Texas", "LSAD": "CT", "ALAND": 2023462, "AWATER": 0, "centroid_lon": -106.2830929663269, "centroid_lat": 31.760989904554894, "B03002_001E": 4870, "B03002_001M": 580, "B03002_012E": 4002, "B03002_012M": 580, "B19013_001E": 58405, "B19013_001M": 14156, "B01003_001E": 4870, "state": "48", "county": "141", "tract": "004319", "latino_share": 0.82176591375770025, "camera_count": 0, "arterial_road_m": 8611.3687975655866, "land_area_km2": 2.023462, "pop_density_per_km2": 2406.7662254097186, "arterial_km_per_km2": 4.2557600773158022, "log_income": 10.975156781589796, "city": "El Paso" }, "geometry": { "type": "Polygon", "coordinates": [ [ [ -106.292177, 31.756421 ], [ -106.292239, 31.759542 ], [ -106.291378, 31.761118 ], [ -106.290779, 31.767347 ], [ -106.285305, 31.767359 ], [ -106.284866, 31.76734 ], [ -106.280399, 31.766942 ], [ -106.277078, 31.764533 ], [ -106.272656, 31.760991 ], [ -106.269705, 31.76073 ], [ -106.26993, 31.760067 ], [ -106.274111, 31.756069 ], [ -106.277307, 31.758579 ], [ -106.279635, 31.756293 ], [ -106.279776, 31.755386 ], [ -106.284374, 31.755385 ], [ -106.287412, 31.75537 ], [ -106.292541, 31.75541 ], [ -106.292177, 31.756421 ] ] ] } },
{ "type": "Feature", "properties": { "STATEFP": "48", "COUNTYFP": "141", "TRACTCE": "001301", "GEOIDFQ": "1400000US48141001301", "GEOID": "48141001301", "NAME": "13.01", "NAMELSAD": "Census Tract 13.01", "STUSPS": "TX", "NAMELSADCO": "El Paso County", "STATE_NAME": "Texas", "LSAD": "CT", "ALAND": 4061027, "AWATER": 94129, "centroid_lon": -106.59492617012737, "centroid_lat": 31.852755315909885, "B03002_001E": 3102, "B03002_001M": 485, "B03002_012E": 1843, "B03002_012M": 301, "B19013_001E": 105536, "B19013_001M": 21630, "B01003_001E": 3102, "state": "48", "county": "141", "tract": "001301", "latino_share": 0.59413281753707281, "camera_count": 0, "arterial_road_m": 6127.8756766324823, "land_area_km2": 4.061027, "pop_density_per_km2": 763.84618964611661, "arterial_km_per_km2": 1.508947287627608, "log_income": 11.56680740591927, "city": "El Paso" }, "geometry": { "type": "Polygon", "coordinates": [ [ [ -106.606455, 31.851749 ], [ -106.603916, 31.864546 ], [ -106.603903, 31.864623 ], [ -106.603681, 31.865854 ], [ -106.602505, 31.866127 ], [ -106.595974, 31.866114 ], [ -106.59598, 31.864522 ], [ -106.597068, 31.86126 ], [ -106.597688, 31.859911 ], [ -106.588603, 31.859919 ], [ -106.587386, 31.860188 ], [ -106.585126, 31.854366 ], [ -106.582975, 31.848821 ], [ -106.580055, 31.841286 ], [ -106.591498, 31.843497 ], [ -106.59849, 31.844843 ], [ -106.605746, 31.846239 ], [ -106.605949, 31.84674 ], [ -106.606455, 31.851749 ] ] ] } },
{ "type": "Feature", "properties": { "STATEFP": "48", "COUNTYFP": "141", "TRACTCE": "010351", "GEOIDFQ": "1400000US48141010351", "GEOID": "48141010351", "NAME": "103.51", "NAMELSAD": "Census Tract 103.51", "STUSPS": "TX", "NAMELSADCO": "El Paso County", "STATE_NAME": "Texas", "LSAD": "CT", "ALAND": 1363079, "AWATER": 0, "centroid_lon": -106.2761164090691, "centroid_lat": 31.8018099683384, "B03002_001E": 2917, "B03002_001M": 591, "B03002_012E": 2726, "B03002_012M": 603, "B19013_001E": 52832, "B19013_001M": 11615, "B01003_001E": 2917, "state": "48", "county": "141", "tract": "010351", "latino_share": 0.9345217689406925, "camera_count": 3, "arterial_road_m": 8100.6787924445889, "land_area_km2": 1.363079, "pop_density_per_km2": 2140.0080259471388, "arterial_km_per_km2": 5.94292685342859, "log_income": 10.874872346719854, "city": "El Paso" }, "geometry": { "type": "Polygon", "coordinates": [ [ [ -106.285335, 31.804334 ], [ -106.278221, 31.805262 ], [ -106.268726, 31.806504 ], [ -106.267784, 31.806627 ], [ -106.267787, 31.806365 ], [ -106.267819, 31.798162 ], [ -106.267818, 31.798053 ], [ -106.271942, 31.798183 ], [ -106.277734, 31.798003 ], [ -106.277964, 31.798 ], [ -106.279996, 31.798051 ], [ -106.285151, 31.798036 ], [ -106.285271, 31.798035 ], [ -106.285291, 31.804069 ], [ -106.285335, 31.804334 ] ] ] } },
{ "type": "Feature", "properties": { "STATEFP": "48", "COUNTYFP": "141", "TRACTCE": "010355", "GEOIDFQ": "1400000US48141010355", "GEOID": "48141010355", "NAME": "103.55", "NAMELSAD": "Census Tract 103.55", "STUSPS": "TX", "NAMELSADCO": "El Paso County", "STATE_NAME": "Texas", "LSAD": "CT", "ALAND": 2522893, "AWATER": 0, "centroid_lon": -106.25965206220484, "centroid_lat": 31.799895456011967, "B03002_001E": 4560, "B03002_001M": 466, "B03002_012E": 3834, "B03002_012M": 467, "B19013_001E": 66686, "B19013_001M": 9880, "B01003_001E": 4560, "state": "48", "county": "141", "tract": "010355", "latino_share": 0.84078947368421053, "camera_count": 8, "arterial_road_m": 7446.3962073317534, "land_area_km2": 2.522893, "pop_density_per_km2": 1807.4488295777903, "arterial_km_per_km2": 2.9515307257706742, "log_income": 11.107750314820192, "city": "El Paso" }, "geometry": { "type": "Polygon", "coordinates": [ [ [ -106.267819, 31.798162 ], [ -106.267787, 31.806365 ], [ -106.267784, 31.806627 ], [ -106.267496, 31.806663 ], [ -106.260055, 31.807651 ], [ -106.25285, 31.808587 ], [ -106.25281, 31.80833 ], [ -106.252674, 31.798027 ], [ -106.251075, 31.79802 ], [ -106.248918, 31.797661 ], [ -106.247597, 31.796108 ], [ -106.251755, 31.794494 ], [ -106.255496, 31.79266 ], [ -106.257173, 31.792337 ], [ -106.259679, 31.792281 ], [ -106.259686, 31.792408 ], [ -106.267608, 31.792372 ], [ -106.267818, 31.798053 ], [ -106.267819, 31.798162 ] ] ] } },
{ "type": "Feature", "properties": { "STATEFP": "48", "COUNTYFP": "141", "TRACTCE": "003100", "GEOIDFQ": "1400000US48141003100", "GEOID": "48141003100", "NAME": "31", "NAMELSAD": "Census Tract 31", "STUSPS": "TX", "NAMELSADCO": "El Paso County", "STATE_NAME": "Texas", "LSAD": "CT", "ALAND": 1458651, "AWATER": 0, "centroid_lon": -106.42653279591178, "centroid_lat": 31.762743777171536, "B03002_001E": 2993, "B03002_001M": 523, "B03002_012E": 2728, "B03002_012M": 491, "B19013_001E": 32964, "B19013_001M": 8415, "B01003_001E": 2993, "state": "48", "county": "141", "tract": "003100", "latino_share": 0.91146007350484459, "camera_count": 1, "arterial_road_m": 5844.8676265052418, "land_area_km2": 1.458651, "pop_density_per_km2": 2051.8958955912003, "arterial_km_per_km2": 4.0070363825927124, "log_income": 10.403171335883274, "city": "El Paso" }, "geometry": { "type": "Polygon", "coordinates": [ [ [ -106.431602, 31.761369 ], [ -106.431593, 31.763779 ], [ -106.431588, 31.765626 ], [ -106.431503, 31.766167 ], [ -106.43154, 31.768448 ], [ -106.43155, 31.768648 ], [ -106.429338, 31.76885 ], [ -106.426857, 31.770033 ], [ -106.421881, 31.771074 ], [ -106.421922, 31.767618 ], [ -106.421971, 31.761407 ], [ -106.421953, 31.75445 ], [ -106.424384, 31.755524 ], [ -106.425882, 31.755669 ], [ -106.430837, 31.755974 ], [ -106.431637, 31.756588 ], [ -106.431602, 31.761369 ] ] ] } },
{ "type": "Feature", "properties": { "STATEFP": "48", "COUNTYFP": "141", "TRACTCE": "004103", "GEOIDFQ": "1400000US48141004103", "GEOID": "48141004103", "NAME": "41.03", "NAMELSAD": "Census Tract 41.03", "STUSPS": "TX", "NAMELSADCO": "El Paso County", "STATE_NAME": "Texas", "LSAD": "CT", "ALAND": 5815355, "AWATER": 0, "centroid_lon": -106.3213615744779, "centroid_lat": 31.722481729517401, "B03002_001E": 5853, "B03002_001M": 735, "B03002_012E": 5327, "B03002_012M": 803, "B19013_001E": 43395, "B19013_001M": 9640, "B01003_001E": 5853, "state": "48", "county": "141", "tract": "004103", "latino_share": 0.91013155646676913, "camera_count": 1, "arterial_road_m": 25608.148234987151, "land_area_km2": 5.815355, "pop_density_per_km2": 1006.4733795271311, "arterial_km_per_km2": 4.4035399790704348, "log_income": 10.678099506078345, "city": "El Paso" }, "geometry": { "type": "Polygon", "coordinates": [ [ [ -106.343109, 31.725821 ], [ -106.336353, 31.728508 ], [ -106.334995, 31.729389 ], [ -106.3347, 31.729689 ], [ -106.334238, 31.731662 ], [ -106.329884, 31.730607 ], [ -106.328431, 31.730228 ], [ -106.325562, 31.738821 ], [ -106.324837, 31.739864 ], [ -106.315692, 31.731159 ], [ -106.315117, 31.730604 ], [ -106.30476, 31.720658 ], [ -106.313162, 31.709277 ], [ -106.314843, 31.707286 ], [ -106.315586, 31.706603 ], [ -106.316269, 31.706002 ], [ -106.317523, 31.704952 ], [ -106.327059, 31.716444 ], [ -106.329976, 31.719732 ], [ -106.334237, 31.721597 ], [ -106.336153, 31.722406 ], [ -106.337205, 31.722842 ], [ -106.339901, 31.723984 ], [ -106.343109, 31.725821 ] ] ] } },
{ "type": "Feature", "properties": { "STATEFP": "48", "COUNTYFP": "141", "TRACTCE": "010354", "GEOIDFQ": "1400000US48141010354", "GEOID": "48141010354", "NAME": "103.54", "NAMELSAD": "Census Tract 103.54", "STUSPS": "TX", "NAMELSADCO": "El Paso County", "STATE_NAME": "Texas", "LSAD": "CT", "ALAND": 4263318, "AWATER": 0, "centroid_lon": -106.23562460407734, "centroid_lat": 31.805155210170547, "B03002_001E": 8572, "B03002_001M": 1787, "B03002_012E": 6691, "B03002_012M": 1437, "B19013_001E": 64067, "B19013_001M": 15521, "B01003_001E": 8572, "state": "48", "county": "141", "tract": "010354", "latino_share": 0.78056462902473167, "camera_count": 0, "arterial_road_m": 17524.410777276396, "land_area_km2": 4.263318, "pop_density_per_km2": 2010.6405386602642, "arterial_km_per_km2": 4.11050988391586, "log_income": 11.067684689750315, "city": "El Paso" }, "geometry": { "type": "Polygon", "coordinates": [ [ [ -106.25285, 31.808587 ], [ -106.247538, 31.809293 ], [ -106.245889, 31.80951 ], [ -106.234323, 31.811022 ], [ -106.234139, 31.811046 ], [ -106.232259, 31.811292 ], [ -106.225167, 31.812219 ], [ -106.216988, 31.81331 ], [ -106.212934, 31.813892 ], [ -106.213258, 31.812724 ], [ -106.217039, 31.809195 ], [ -106.221321, 31.805211 ], [ -106.222231, 31.804365 ], [ -106.223886, 31.802824 ], [ -106.229416, 31.797676 ], [ -106.230077, 31.798098 ], [ -106.23391, 31.798337 ], [ -106.241841, 31.798275 ], [ -106.244895, 31.797442 ], [ -106.245489, 31.797246 ], [ -106.247597, 31.796108 ], [ -106.248918, 31.797661 ], [ -106.251075, 31.79802 ], [ -106.252674, 31.798027 ], [ -106.25281, 31.80833 ], [ -106.25285, 31.808587 ] ] ] } },
{ "type": "Feature", "properties": { "STATEFP": "48", "COUNTYFP": "141", "TRACTCE": "000404", "GEOIDFQ": "1400000US48141000404", "GEOID": "48141000404", "NAME": "4.04", "NAMELSAD": "Census Tract 4.04", "STUSPS": "TX", "NAMELSADCO": "El Paso County", "STATE_NAME": "Texas", "LSAD": "CT", "ALAND": 1210281, "AWATER": 0, "centroid_lon": -106.4365305161778, "centroid_lat": 31.863624092227816, "B03002_001E": 3291, "B03002_001M": 547, "B03002_012E": 2678, "B03002_012M": 490, "B19013_001E": 25625, "B19013_001M": 5423, "B01003_001E": 3291, "state": "48", "county": "141", "tract": "000404", "latino_share": 0.81373442722576728, "camera_count": 7, "arterial_road_m": 8424.7703819034778, "land_area_km2": 1.210281, "pop_density_per_km2": 2719.2032263581764, "arterial_km_per_km2": 6.9610035866905937, "log_income": 10.151323716440709, "city": "El Paso" }, "geometry": { "type": "Polygon", "coordinates": [ [ [ -106.440881, 31.869629 ], [ -106.434657, 31.869748 ], [ -106.428248, 31.86986 ], [ -106.431438, 31.865042 ], [ -106.431729, 31.864602 ], [ -106.436278, 31.857721 ], [ -106.437994, 31.855113 ], [ -106.44007, 31.851943 ], [ -106.440142, 31.851916 ], [ -106.440457, 31.851713 ], [ -106.440524, 31.853312 ], [ -106.440639, 31.858938 ], [ -106.44075, 31.864467 ], [ -106.440881, 31.869629 ] ] ] } },
{ "type": "Feature", "properties": { "STATEFP": "48", "COUNTYFP": "141", "TRACTCE": "004107", "GEOIDFQ": "1400000US48141004107", "GEOID": "48141004107", "NAME": "41.07", "NAMELSAD": "Census Tract 41.07", "STUSPS": "TX", "NAMELSADCO": "El Paso County", "STATE_NAME": "Texas", "LSAD": "CT", "ALAND": 858698, "AWATER": 0, "centroid_lon": -106.33002186275513, "centroid_lat": 31.736959009769325, "B03002_001E": 1361, "B03002_001M": 295, "B03002_012E": 1241, "B03002_012M": 293, "B19013_001E": 55357, "B19013_001M": 12112, "B01003_001E": 1361, "state": "48", "county": "141", "tract": "004107", "latino_share": 0.91182953710506975, "camera_count": 0, "arterial_road_m": 4438.3422781477884, "land_area_km2": 0.858698, "pop_density_per_km2": 1584.9576917612478, "arterial_km_per_km2": 5.1686882677586174, "log_income": 10.921558398071735, "city": "El Paso" }, "geometry": { "type": "Polygon", "coordinates": [ [ [ -106.333719, 31.735086 ], [ -106.333144, 31.738603 ], [ -106.332287, 31.743815 ], [ -106.331852, 31.744386 ], [ -106.325453, 31.740342 ], [ -106.324837, 31.739864 ], [ -106.325562, 31.738821 ], [ -106.328431, 31.730228 ], [ -106.329884, 31.730607 ], [ -106.334238, 31.731662 ], [ -106.333719, 31.735086 ] ] ] } },
{ "type": "Feature", "properties": { "STATEFP": "48", "COUNTYFP": "141", "TRACTCE": "000600", "GEOIDFQ": "1400000US48141000600", "GEOID": "48141000600", "NAME": "6", "NAMELSAD": "Census Tract 6", "STUSPS": "TX", "NAMELSADCO": "El Paso County", "STATE_NAME": "Texas", "LSAD": "CT", "ALAND": 1881800, "AWATER": 0, "centroid_lon": -106.44848180812699, "centroid_lat": 31.832286892488579, "B03002_001E": 4167, "B03002_001M": 593, "B03002_012E": 3809, "B03002_012M": 563, "B19013_001E": 39495, "B19013_001M": 9367, "B01003_001E": 4167, "state": "48", "county": "141", "tract": "000600", "latino_share": 0.91408687305015601, "camera_count": 8, "arterial_road_m": 8590.2295097467759, "land_area_km2": 1.8818, "pop_density_per_km2": 2214.3692209586566, "arterial_km_per_km2": 4.5649003665356442, "log_income": 10.583929360598519, "city": "El Paso" }, "geometry": { "type": "Polygon", "coordinates": [ [ [ -106.457379, 31.838646 ], [ -106.45695, 31.840373 ], [ -106.453943, 31.844777 ], [ -106.452371, 31.844817 ], [ -106.452262, 31.841087 ], [ -106.452402, 31.834758 ], [ -106.451322, 31.834677 ], [ -106.445307, 31.834794 ], [ -106.439933, 31.835018 ], [ -106.439191, 31.834939 ], [ -106.439074, 31.830924 ], [ -106.439029, 31.83064 ], [ -106.438981, 31.82759 ], [ -106.438346, 31.825954 ], [ -106.445002, 31.825837 ], [ -106.455686, 31.825676 ], [ -106.454661, 31.826679 ], [ -106.454147, 31.828379 ], [ -106.454184, 31.830182 ], [ -106.454402, 31.832487 ], [ -106.457268, 31.837057 ], [ -106.457379, 31.838646 ] ] ] } },
{ "type": "Feature", "properties": { "STATEFP": "48", "COUNTYFP": "141", "TRACTCE": "001501", "GEOIDFQ": "1400000US48141001501", "GEOID": "48141001501", "NAME": "15.01", "NAMELSAD": "Census Tract 15.01", "STUSPS": "TX", "NAMELSADCO": "El Paso County", "STATE_NAME": "Texas", "LSAD": "CT", "ALAND": 5857753, "AWATER": 0, "centroid_lon": -106.49590038369088, "centroid_lat": 31.794253924634386, "B03002_001E": 4299, "B03002_001M": 631, "B03002_012E": 2796, "B03002_012M": 622, "B19013_001E": 80122, "B19013_001M": 26818, "B01003_001E": 4299, "state": "48", "county": "141", "tract": "001501", "latino_share": 0.65038381018841596, "camera_count": 2, "arterial_road_m": 5635.5991740711288, "land_area_km2": 5.857753, "pop_density_per_km2": 733.89915894371109, "arterial_km_per_km2": 0.96207524866124083, "log_income": 11.29130575202436, "city": "El Paso" }, "geometry": { "type": "Polygon", "coordinates": [ [ [ -106.510975, 31.798646 ], [ -106.509351, 31.803249 ], [ -106.509141, 31.805805 ], [ -106.503209, 31.805116 ], [ -106.483442, 31.803207 ], [ -106.483943, 31.802125 ], [ -106.482347, 31.798486 ], [ -106.482648, 31.796811 ], [ -106.480951, 31.795442 ], [ -106.480454, 31.792194 ], [ -106.480958, 31.787565 ], [ -106.479069, 31.783242 ], [ -106.480336, 31.782535 ], [ -106.482368, 31.784162 ], [ -106.483337, 31.785969 ], [ -106.484454, 31.785391 ], [ -106.486274, 31.786574 ], [ -106.487084, 31.787673 ], [ -106.489846, 31.784783 ], [ -106.493256, 31.784523 ], [ -106.493623, 31.785251 ], [ -106.496201, 31.7838 ], [ -106.497723, 31.782403 ], [ -106.503751, 31.782875 ], [ -106.505449, 31.782541 ], [ -106.507237, 31.782464 ], [ -106.507488, 31.784302 ], [ -106.506114, 31.785639 ], [ -106.507436, 31.790205 ], [ -106.507976, 31.792054 ], [ -106.508326, 31.79266 ], [ -106.510505, 31.794271 ], [ -106.511015, 31.795219 ], [ -106.510975, 31.798646 ] ] ] } },
{ "type": "Feature", "properties": { "STATEFP": "48", "COUNTYFP": "141", "TRACTCE": "000901", "GEOIDFQ": "1400000US48141000901", "GEOID": "48141000901", "NAME": "9.01", "NAMELSAD": "Census Tract 9.01", "STUSPS": "TX", "NAMELSADCO": "El Paso County", "STATE_NAME": "Texas", "LSAD": "CT", "ALAND": 1747031, "AWATER": 0, "centroid_lon": -106.45182884121765, "centroid_lat": 31.808917455224393, "B03002_001E": 5192, "B03002_001M": 1623, "B03002_012E": 5074, "B03002_012M": 1626, "B19013_001E": -666666666, "B19013_001M": -222222222, "B01003_001E": 5192, "state": "48", "county": "141", "tract": "000901", "latino_share": 0.97727272727272729, "camera_count": 2, "arterial_road_m": 10132.827333347734, "land_area_km2": 1.747031, "pop_density_per_km2": 2971.8991820980855, "arterial_km_per_km2": 5.8000272080734305, "log_income": null, "city": "El Paso" }, "geometry": { "type": "Polygon", "coordinates": [ [ [ -106.462863, 31.808726 ], [ -106.461347, 31.80872 ], [ -106.46132, 31.813091 ], [ -106.453757, 31.813064 ], [ -106.44922, 31.813049 ], [ -106.447712, 31.813045 ], [ -106.4462, 31.813039 ], [ -106.444239, 31.812997 ], [ -106.441611, 31.812586 ], [ -106.441002, 31.812584 ], [ -106.442136, 31.804323 ], [ -106.442248, 31.803718 ], [ -106.442461, 31.80485 ], [ -106.446237, 31.804905 ], [ -106.450781, 31.804923 ], [ -106.453805, 31.804932 ], [ -106.456827, 31.804941 ], [ -106.461366, 31.804912 ], [ -106.462878, 31.804912 ], [ -106.462863, 31.808726 ] ] ] } }
]
}
