{
"type": "FeatureCollection",
"name": "fort_worth_tracts_analysis_table",
"crs": { "type": "name", "properties": { "name": "urn:ogc:def:crs:EPSG::4269" } },
"features": [
{ "type": "Feature", "properties": { "STATEFP": "48", "COUNTYFP": "439", "TRACTCE": "105511", "GEOIDFQ": "1400000US48439105511", "GEOID": "48439105511", "NAME": "1055.11", "NAMELSAD": "Census Tract 1055.11", "STUSPS": "TX", "NAMELSADCO": "Tarrant County", "STATE_NAME": "Texas", "LSAD": "CT", "ALAND": 2780384, "AWATER": 16708, "centroid_lon": -97.379601303752608, "centroid_lat": 32.634972192437012, "B03002_001E": 6374, "B03002_001M": 1134, "B03002_012E": 1884, "B03002_012M": 425, "B19013_001E": 77990, "B19013_001M": 12762, "B01003_001E": 6374, "state": "48", "county": "439", "tract": "105511", "latino_share": 0.29557577659240664, "camera_count": 0, "arterial_road_m": 11211.586338551509, "land_area_km2": 2.780384, "pop_density_per_km2": 2292.4890950314775, "arterial_km_per_km2": 4.0323877344106096, "log_income": 11.264335892324544, "city": "Fort Worth", "crime_count_raw": 0.0, "crime_rate_annual_per_km2_1000": 0.0 }, "geometry": { "type": "Polygon", "coordinates": [ [ [ -97.393651, 32.638163 ], [ -97.389608, 32.637569 ], [ -97.388722, 32.638159 ], [ -97.388507, 32.64009 ], [ -97.386425, 32.641081 ], [ -97.38466, 32.639977 ], [ -97.382665, 32.640272 ], [ -97.380273, 32.641706 ], [ -97.379496, 32.642052 ], [ -97.37922, 32.642136 ], [ -97.378739, 32.642249 ], [ -97.377278, 32.642546 ], [ -97.37602, 32.642857 ], [ -97.375834, 32.642314 ], [ -97.374879, 32.641038 ], [ -97.3707, 32.64344 ], [ -97.369668, 32.64369 ], [ -97.369782, 32.640224 ], [ -97.369867, 32.634832 ], [ -97.369985, 32.628861 ], [ -97.370001, 32.627933 ], [ -97.376017, 32.627994 ], [ -97.378019, 32.628022 ], [ -97.384408, 32.628041 ], [ -97.387657, 32.628062 ], [ -97.38807, 32.631172 ], [ -97.390322, 32.633719 ], [ -97.394858, 32.637684 ], [ -97.393651, 32.638163 ] ] ] } },
{ "type": "Feature", "properties": { "STATEFP": "48", "COUNTYFP": "439", "TRACTCE": "106202", "GEOIDFQ": "1400000US48439106202", "GEOID": "48439106202", "NAME": "1062.02", "NAMELSAD": "Census Tract 1062.02", "STUSPS": "TX", "NAMELSADCO": "Tarrant County", "STATE_NAME": "Texas", "LSAD": "CT", "ALAND": 3109857, "AWATER": 0, "centroid_lon": -97.246405083827085, "centroid_lat": 32.707070661008942, "B03002_001E": 4790, "B03002_001M": 588, "B03002_012E": 932, "B03002_012M": 437, "B19013_001E": 45455, "B19013_001M": 8820, "B01003_001E": 4790, "state": "48", "county": "439", "tract": "106202", "latino_share": 0.19457202505219207, "camera_count": 0, "arterial_road_m": 9710.3693053837433, "land_area_km2": 3.109857, "pop_density_per_km2": 1540.263748461746, "arterial_km_per_km2": 3.1224488152939971, "log_income": 10.724478104555958, "city": "Fort Worth", "crime_count_raw": 0.0, "crime_rate_annual_per_km2_1000": 0.0 }, "geometry": { "type": "Polygon", "coordinates": [ [ [ -97.256092, 32.721207 ], [ -97.252248, 32.721156 ], [ -97.252248, 32.718611 ], [ -97.248405, 32.71829 ], [ -97.248471, 32.71172 ], [ -97.247208, 32.711627 ], [ -97.242986, 32.709133 ], [ -97.241365, 32.708669 ], [ -97.237938, 32.708623 ], [ -97.233073, 32.708603 ], [ -97.231563, 32.70815 ], [ -97.23739, 32.697587 ], [ -97.241532, 32.697651 ], [ -97.243317, 32.698265 ], [ -97.245157, 32.698915 ], [ -97.25345, 32.698931 ], [ -97.253534, 32.70666 ], [ -97.256072, 32.706668 ], [ -97.256092, 32.721207 ] ] ] } },
{ "type": "Feature", "properties": { "STATEFP": "48", "COUNTYFP": "439", "TRACTCE": "106201", "GEOIDFQ": "1400000US48439106201", "GEOID": "48439106201", "NAME": "1062.01", "NAMELSAD": "Census Tract 1062.01", "STUSPS": "TX", "NAMELSADCO": "Tarrant County", "STATE_NAME": "Texas", "LSAD": "CT", "ALAND": 1541427, "AWATER": 0, "centroid_lon": -97.258670207606258, "centroid_lat": 32.707986314728174, "B03002_001E": 4057, "B03002_001M": 764, "B03002_012E": 2314, "B03002_012M": 795, "B19013_001E": 46136, "B19013_001M": 15569, "B01003_001E": 4057, "state": "48", "county": "439", "tract": "106201", "latino_share": 0.57037219620409174, "camera_count": 1, "arterial_road_m": 2393.7607958797889, "land_area_km2": 1.541427, "pop_density_per_km2": 2631.9767332478282, "arterial_km_per_km2": 1.5529511263782125, "log_income": 10.739348835295248, "city": "Fort Worth", "crime_count_raw": 0.0, "crime_rate_annual_per_km2_1000": 0.0 }, "geometry": { "type": "Polygon", "coordinates": [ [ [ -97.262897, 32.706698 ], [ -97.26287, 32.71397 ], [ -97.262875, 32.716503 ], [ -97.2597, 32.716473 ], [ -97.259688, 32.718093 ], [ -97.257861, 32.718082 ], [ -97.257862, 32.721223 ], [ -97.256945, 32.721213 ], [ -97.256092, 32.721207 ], [ -97.256072, 32.706668 ], [ -97.253534, 32.70666 ], [ -97.25345, 32.698931 ], [ -97.259597, 32.699022 ], [ -97.262924, 32.700108 ], [ -97.262897, 32.706698 ] ] ] } },
{ "type": "Feature", "properties": { "STATEFP": "48", "COUNTYFP": "439", "TRACTCE": "106503", "GEOIDFQ": "1400000US48439106503", "GEOID": "48439106503", "NAME": "1065.03", "NAMELSAD": "Census Tract 1065.03", "STUSPS": "TX", "NAMELSADCO": "Tarrant County", "STATE_NAME": "Texas", "LSAD": "CT", "ALAND": 2803384, "AWATER": 0, "centroid_lon": -97.208338534731425, "centroid_lat": 32.752473568181017, "B03002_001E": 5241, "B03002_001M": 590, "B03002_012E": 1687, "B03002_012M": 547, "B19013_001E": 54167, "B19013_001M": 18741, "B01003_001E": 5241, "state": "48", "county": "439", "tract": "106503", "latino_share": 0.32188513642434652, "camera_count": 0, "arterial_road_m": 16391.842560017532, "land_area_km2": 2.803384, "pop_density_per_km2": 1869.5262582650112, "arterial_km_per_km2": 5.8471627718562758, "log_income": 10.899827145911038, "city": "Fort Worth", "crime_count_raw": 0.0, "crime_rate_annual_per_km2_1000": 0.0 }, "geometry": { "type": "Polygon", "coordinates": [ [ [ -97.216579, 32.754739 ], [ -97.214164, 32.759904 ], [ -97.197457, 32.759863 ], [ -97.198418, 32.758186 ], [ -97.198573, 32.754607 ], [ -97.19879, 32.745758 ], [ -97.204681, 32.745873 ], [ -97.208015, 32.745936 ], [ -97.216319, 32.74613 ], [ -97.222325, 32.746068 ], [ -97.216579, 32.754739 ] ] ] } },
{ "type": "Feature", "properties": { "STATEFP": "48", "COUNTYFP": "439", "TRACTCE": "102602", "GEOIDFQ": "1400000US48439102602", "GEOID": "48439102602", "NAME": "1026.02", "NAMELSAD": "Census Tract 1026.02", "STUSPS": "TX", "NAMELSADCO": "Tarrant County", "STATE_NAME": "Texas", "LSAD": "CT", "ALAND": 2860953, "AWATER": 6785, "centroid_lon": -97.381742115788654, "centroid_lat": 32.730550302805035, "B03002_001E": 3468, "B03002_001M": 346, "B03002_012E": 1394, "B03002_012M": 289, "B19013_001E": 79537, "B19013_001M": 20405, "B01003_001E": 3468, "state": "48", "county": "439", "tract": "102602", "latino_share": 0.40196078431372551, "camera_count": 4, "arterial_road_m": 38643.229710764237, "land_area_km2": 2.860953, "pop_density_per_km2": 1212.1834927033055, "arterial_km_per_km2": 13.507117981583145, "log_income": 11.283977601178368, "city": "Fort Worth", "crime_count_raw": 0.0, "crime_rate_annual_per_km2_1000": 0.0 }, "geometry": { "type": "Polygon", "coordinates": [ [ [ -97.409659, 32.735014 ], [ -97.398676, 32.735252 ], [ -97.398661, 32.736796 ], [ -97.39606, 32.736775 ], [ -97.387664, 32.7367 ], [ -97.387681, 32.734796 ], [ -97.378577, 32.734699 ], [ -97.369961, 32.734395 ], [ -97.369976, 32.732609 ], [ -97.364609, 32.73277 ], [ -97.361499, 32.733595 ], [ -97.359891, 32.734076 ], [ -97.358787, 32.732802 ], [ -97.363006, 32.730645 ], [ -97.3718, 32.727465 ], [ -97.3824, 32.722135 ], [ -97.386103, 32.719359 ], [ -97.386332, 32.719949 ], [ -97.38682, 32.723761 ], [ -97.387852, 32.727173 ], [ -97.387792, 32.732777 ], [ -97.398731, 32.732934 ], [ -97.409704, 32.734344 ], [ -97.409659, 32.735014 ] ] ] } },
{ "type": "Feature", "properties": { "STATEFP": "48", "COUNTYFP": "439", "TRACTCE": "106515", "GEOIDFQ": "1400000US48439106515", "GEOID": "48439106515", "NAME": "1065.15", "NAMELSAD": "Census Tract 1065.15", "STUSPS": "TX", "NAMELSADCO": "Tarrant County", "STATE_NAME": "Texas", "LSAD": "CT", "ALAND": 2686414, "AWATER": 15641, "centroid_lon": -97.227055389512927, "centroid_lat": 32.771045194868137, "B03002_001E": 4146, "B03002_001M": 622, "B03002_012E": 658, "B03002_012M": 226, "B19013_001E": 51419, "B19013_001M": 13861, "B01003_001E": 4146, "state": "48", "county": "439", "tract": "106515", "latino_share": 0.15870718765074771, "camera_count": 0, "arterial_road_m": 7945.8803520628753, "land_area_km2": 2.686414, "pop_density_per_km2": 1543.3213197965763, "arterial_km_per_km2": 2.9578018697277768, "log_income": 10.847763032945046, "city": "Fort Worth", "crime_count_raw": 0.0, "crime_rate_annual_per_km2_1000": 0.0 }, "geometry": { "type": "Polygon", "coordinates": [ [ [ -97.242832, 32.770165 ], [ -97.240533, 32.770308 ], [ -97.233857, 32.77414 ], [ -97.232688, 32.774786 ], [ -97.224959, 32.776829 ], [ -97.221255, 32.776987 ], [ -97.216746, 32.778022 ], [ -97.212769, 32.778329 ], [ -97.212896, 32.768314 ], [ -97.216985, 32.76821 ], [ -97.220069, 32.769238 ], [ -97.223596, 32.769 ], [ -97.227052, 32.767865 ], [ -97.228684, 32.765538 ], [ -97.230077, 32.764488 ], [ -97.238323, 32.764187 ], [ -97.240716, 32.763258 ], [ -97.242978, 32.769115 ], [ -97.242832, 32.770165 ] ] ] } },
{ "type": "Feature", "properties": { "STATEFP": "48", "COUNTYFP": "439", "TRACTCE": "113930", "GEOIDFQ": "1400000US48439113930", "GEOID": "48439113930", "NAME": "1139.30", "NAMELSAD": "Census Tract 1139.30", "STUSPS": "TX", "NAMELSADCO": "Tarrant County", "STATE_NAME": "Texas", "LSAD": "CT", "ALAND": 8567214, "AWATER": 20288, "centroid_lon": -97.335379262209969, "centroid_lat": 32.882180400218481, "B03002_001E": 12252, "B03002_001M": 2100, "B03002_012E": 2699, "B03002_012M": 1272, "B19013_001E": 103592, "B19013_001M": 6811, "B01003_001E": 12252, "state": "48", "county": "439", "tract": "113930", "latino_share": 0.22029056480574599, "camera_count": 22, "arterial_road_m": 36915.193411810942, "land_area_km2": 8.567214, "pop_density_per_km2": 1430.1031817344588, "arterial_km_per_km2": 4.3088912465371987, "log_income": 11.548215385748676, "city": "Fort Worth", "crime_count_raw": 0.0, "crime_rate_annual_per_km2_1000": 0.0 }, "geometry": { "type": "Polygon", "coordinates": [ [ [ -97.348853, 32.909777 ], [ -97.348721, 32.916024 ], [ -97.342795, 32.909773 ], [ -97.336033, 32.902461 ], [ -97.33171, 32.89879 ], [ -97.331701, 32.894343 ], [ -97.331774, 32.887342 ], [ -97.331654, 32.886008 ], [ -97.328799, 32.880733 ], [ -97.328534, 32.875051 ], [ -97.327349, 32.872641 ], [ -97.316725, 32.872695 ], [ -97.314561, 32.862564 ], [ -97.314213, 32.860892 ], [ -97.317201, 32.86101 ], [ -97.321465, 32.861118 ], [ -97.322901, 32.861134 ], [ -97.327158, 32.861159 ], [ -97.333086, 32.86123 ], [ -97.334367, 32.861359 ], [ -97.335649, 32.86135 ], [ -97.338689, 32.861406 ], [ -97.342701, 32.861508 ], [ -97.342348, 32.862921 ], [ -97.342409, 32.870807 ], [ -97.34247, 32.881953 ], [ -97.342522, 32.883322 ], [ -97.342777, 32.884013 ], [ -97.343921, 32.886286 ], [ -97.346357, 32.890658 ], [ -97.348616, 32.89437 ], [ -97.348879, 32.895167 ], [ -97.348853, 32.909777 ] ] ] } },
{ "type": "Feature", "properties": { "STATEFP": "48", "COUNTYFP": "439", "TRACTCE": "114113", "GEOIDFQ": "1400000US48439114113", "GEOID": "48439114113", "NAME": "1141.13", "NAMELSAD": "Census Tract 1141.13", "STUSPS": "TX", "NAMELSADCO": "Tarrant County", "STATE_NAME": "Texas", "LSAD": "CT", "ALAND": 10127171, "AWATER": 6017, "centroid_lon": -97.362448846926171, "centroid_lat": 32.982207032766411, "B03002_001E": 4984, "B03002_001M": 612, "B03002_012E": 704, "B03002_012M": 253, "B19013_001E": 110139, "B19013_001M": 20244, "B01003_001E": 4984, "state": "48", "county": "439", "tract": "114113", "latino_share": 0.14125200642054575, "camera_count": 0, "arterial_road_m": 10087.742464684745, "land_area_km2": 10.127171, "pop_density_per_km2": 492.14138874518852, "arterial_km_per_km2": 0.99610665848189428, "log_income": 11.609498483421705, "city": "Fort Worth", "crime_count_raw": 0.0, "crime_rate_annual_per_km2_1000": 0.0 }, "geometry": { "type": "Polygon", "coordinates": [ [ [ -97.397051, 32.991723 ], [ -97.371853, 32.991615 ], [ -97.327762, 32.991418 ], [ -97.329584, 32.989379 ], [ -97.33074, 32.988442 ], [ -97.335165, 32.984881 ], [ -97.343209, 32.978468 ], [ -97.348026, 32.974401 ], [ -97.351587, 32.971037 ], [ -97.352145, 32.970014 ], [ -97.366696, 32.970105 ], [ -97.366708, 32.969433 ], [ -97.367921, 32.968928 ], [ -97.381634, 32.968994 ], [ -97.381621, 32.98227 ], [ -97.381872, 32.982948 ], [ -97.383765, 32.98444 ], [ -97.387661, 32.985903 ], [ -97.389942, 32.988269 ], [ -97.394207, 32.989184 ], [ -97.396245, 32.990304 ], [ -97.397051, 32.991723 ] ] ] } },
{ "type": "Feature", "properties": { "STATEFP": "48", "COUNTYFP": "439", "TRACTCE": "105207", "GEOIDFQ": "1400000US48439105207", "GEOID": "48439105207", "NAME": "1052.07", "NAMELSAD": "Census Tract 1052.07", "STUSPS": "TX", "NAMELSADCO": "Tarrant County", "STATE_NAME": "Texas", "LSAD": "CT", "ALAND": 526170, "AWATER": 0, "centroid_lon": -97.470237053426175, "centroid_lat": 32.734927883341051, "B03002_001E": 2955, "B03002_001M": 682, "B03002_012E": 388, "B03002_012M": 256, "B19013_001E": 28546, "B19013_001M": 5557, "B01003_001E": 2955, "state": "48", "county": "439", "tract": "105207", "latino_share": 0.13130287648054145, "camera_count": 5, "arterial_road_m": 4090.7061867017019, "land_area_km2": 0.52617, "pop_density_per_km2": 5616.0556474143332, "arterial_km_per_km2": 7.7744952899285433, "log_income": 10.259272100189714, "city": "Fort Worth", "crime_count_raw": 0.0, "crime_rate_annual_per_km2_1000": 0.0 }, "geometry": { "type": "Polygon", "coordinates": [ [ [ -97.475885, 32.738127 ], [ -97.467001, 32.738099 ], [ -97.46689, 32.737819 ], [ -97.466839, 32.736365 ], [ -97.466517, 32.734478 ], [ -97.466466, 32.733158 ], [ -97.466522, 32.729981 ], [ -97.46668, 32.728856 ], [ -97.468165, 32.730551 ], [ -97.471941, 32.732788 ], [ -97.47255, 32.73393 ], [ -97.473052, 32.734527 ], [ -97.475385, 32.73522 ], [ -97.475881, 32.737917 ], [ -97.475885, 32.738127 ] ] ] } },
{ "type": "Feature", "properties": { "STATEFP": "48", "COUNTYFP": "439", "TRACTCE": "111024", "GEOIDFQ": "1400000US48439111024", "GEOID": "48439111024", "NAME": "1110.24", "NAMELSAD": "Census Tract 1110.24", "STUSPS": "TX", "NAMELSADCO": "Tarrant County", "STATE_NAME": "Texas", "LSAD": "CT", "ALAND": 1893786, "AWATER": 0, "centroid_lon": -97.377577287180046, "centroid_lat": 32.621823118146018, "B03002_001E": 6234, "B03002_001M": 2216, "B03002_012E": 983, "B03002_012M": 142, "B19013_001E": 79624, "B19013_001M": 12574, "B01003_001E": 6234, "state": "48", "county": "439", "tract": "111024", "latino_share": 0.15768367019570098, "camera_count": 0, "arterial_road_m": 5552.8788483920907, "land_area_km2": 1.893786, "pop_density_per_km2": 3291.81861097294, "arterial_km_per_km2": 2.9321575132523372, "log_income": 11.2850708339259, "city": "Fort Worth", "crime_count_raw": 0.0, "crime_rate_annual_per_km2_1000": 0.0 }, "geometry": { "type": "Polygon", "coordinates": [ [ [ -97.388598, 32.618949 ], [ -97.385017, 32.618932 ], [ -97.384567, 32.619236 ], [ -97.384511, 32.624079 ], [ -97.384408, 32.628041 ], [ -97.378019, 32.628022 ], [ -97.376017, 32.627994 ], [ -97.370001, 32.627933 ], [ -97.369982, 32.626176 ], [ -97.369954, 32.624367 ], [ -97.369947, 32.621857 ], [ -97.370559, 32.617733 ], [ -97.37149, 32.614903 ], [ -97.376381, 32.615563 ], [ -97.384116, 32.617002 ], [ -97.38859, 32.617092 ], [ -97.388598, 32.618949 ] ] ] } },
{ "type": "Feature", "properties": { "STATEFP": "48", "COUNTYFP": "439", "TRACTCE": "123700", "GEOIDFQ": "1400000US48439123700", "GEOID": "48439123700", "NAME": "1237", "NAMELSAD": "Census Tract 1237", "STUSPS": "TX", "NAMELSADCO": "Tarrant County", "STATE_NAME": "Texas", "LSAD": "CT", "ALAND": 3532535, "AWATER": 48230, "centroid_lon": -97.344460820212575, "centroid_lat": 32.732889919209747, "B03002_001E": 4106, "B03002_001M": 658, "B03002_012E": 802, "B03002_012M": 313, "B19013_001E": 75625, "B19013_001M": 31462, "B01003_001E": 4106, "state": "48", "county": "439", "tract": "123700", "latino_share": 0.19532391622016562, "camera_count": 1, "arterial_road_m": 18263.753501520547, "land_area_km2": 3.532535, "pop_density_per_km2": 1162.338094314706, "arterial_km_per_km2": 5.1701550024332512, "log_income": 11.233542195333143, "city": "Fort Worth", "crime_count_raw": 0.0, "crime_rate_annual_per_km2_1000": 0.0 }, "geometry": { "type": "Polygon", "coordinates": [ [ [ -97.364538, 32.723736 ], [ -97.359801, 32.725233 ], [ -97.359238, 32.72627 ], [ -97.357693, 32.729075 ], [ -97.358787, 32.732802 ], [ -97.350457, 32.737069 ], [ -97.346343, 32.739167 ], [ -97.341776, 32.741461 ], [ -97.341563, 32.741548 ], [ -97.341084, 32.741855 ], [ -97.337586, 32.743617 ], [ -97.337626, 32.742339 ], [ -97.331662, 32.742102 ], [ -97.331825, 32.736517 ], [ -97.331561, 32.73314 ], [ -97.331545, 32.728216 ], [ -97.334168, 32.728248 ], [ -97.334204, 32.729306 ], [ -97.335029, 32.728271 ], [ -97.338526, 32.728288 ], [ -97.343687, 32.728319 ], [ -97.343742, 32.722296 ], [ -97.346639, 32.725755 ], [ -97.351818, 32.725755 ], [ -97.353828, 32.725569 ], [ -97.358175, 32.725911 ], [ -97.3587, 32.725714 ], [ -97.35987, 32.722886 ], [ -97.361343, 32.722046 ], [ -97.363337, 32.721812 ], [ -97.363788, 32.722209 ], [ -97.364538, 32.723736 ] ] ] } },
{ "type": "Feature", "properties": { "STATEFP": "48", "COUNTYFP": "439", "TRACTCE": "100506", "GEOIDFQ": "1400000US48439100506", "GEOID": "48439100506", "NAME": "1005.06", "NAMELSAD": "Census Tract 1005.06", "STUSPS": "TX", "NAMELSADCO": "Tarrant County", "STATE_NAME": "Texas", "LSAD": "CT", "ALAND": 2296388, "AWATER": 0, "centroid_lon": -97.374325842049913, "centroid_lat": 32.803687123122984, "B03002_001E": 4857, "B03002_001M": 921, "B03002_012E": 3802, "B03002_012M": 923, "B19013_001E": 56593, "B19013_001M": 3934, "B01003_001E": 4857, "state": "48", "county": "439", "tract": "100506", "latino_share": 0.78278772905085447, "camera_count": 0, "arterial_road_m": 5095.4601346651625, "land_area_km2": 2.296388, "pop_density_per_km2": 2115.0606953180386, "arterial_km_per_km2": 2.2189020908771351, "log_income": 10.943640581631241, "city": "Fort Worth", "crime_count_raw": 0.0, "crime_rate_annual_per_km2_1000": 0.0 }, "geometry": { "type": "Polygon", "coordinates": [ [ [ -97.385343, 32.803863 ], [ -97.380446, 32.808137 ], [ -97.377864, 32.810403 ], [ -97.377601, 32.810679 ], [ -97.377515, 32.8138 ], [ -97.376588, 32.814921 ], [ -97.37497, 32.813902 ], [ -97.369071, 32.808143 ], [ -97.365563, 32.804837 ], [ -97.365577, 32.799565 ], [ -97.367127, 32.799639 ], [ -97.367239, 32.79661 ], [ -97.371876, 32.79663 ], [ -97.371902, 32.792743 ], [ -97.377664, 32.79752 ], [ -97.382273, 32.80134 ], [ -97.385343, 32.803863 ] ] ] } },
{ "type": "Feature", "properties": { "STATEFP": "48", "COUNTYFP": "439", "TRACTCE": "102101", "GEOIDFQ": "1400000US48439102101", "GEOID": "48439102101", "NAME": "1021.01", "NAMELSAD": "Census Tract 1021.01", "STUSPS": "TX", "NAMELSADCO": "Tarrant County", "STATE_NAME": "Texas", "LSAD": "CT", "ALAND": 1246459, "AWATER": 0, "centroid_lon": -97.370634284214219, "centroid_lat": 32.75432097827651, "B03002_001E": 2509, "B03002_001M": 413, "B03002_012E": 149, "B03002_012M": 114, "B19013_001E": 132808, "B19013_001M": 61714, "B01003_001E": 2509, "state": "48", "county": "439", "tract": "102101", "latino_share": 0.059386209645277001, "camera_count": 0, "arterial_road_m": 4669.8572627603007, "land_area_km2": 1.246459, "pop_density_per_km2": 2012.9021492082773, "arterial_km_per_km2": 3.7464988922702642, "log_income": 11.796659755173913, "city": "Fort Worth", "crime_count_raw": 0.0, "crime_rate_annual_per_km2_1000": 0.0 }, "geometry": { "type": "Polygon", "coordinates": [ [ [ -97.377086, 32.760284 ], [ -97.375898, 32.759385 ], [ -97.372533, 32.759275 ], [ -97.368039, 32.759211 ], [ -97.36515, 32.755662 ], [ -97.361382, 32.751232 ], [ -97.369947, 32.747663 ], [ -97.369881, 32.751384 ], [ -97.375259, 32.751468 ], [ -97.378397, 32.751496 ], [ -97.377086, 32.760284 ] ] ] } },
{ "type": "Feature", "properties": { "STATEFP": "48", "COUNTYFP": "439", "TRACTCE": "106520", "GEOIDFQ": "1400000US48439106520", "GEOID": "48439106520", "NAME": "1065.20", "NAMELSAD": "Census Tract 1065.20", "STUSPS": "TX", "NAMELSADCO": "Tarrant County", "STATE_NAME": "Texas", "LSAD": "CT", "ALAND": 613475, "AWATER": 0, "centroid_lon": -97.231777545581792, "centroid_lat": 32.76241357418445, "B03002_001E": 4110, "B03002_001M": 1010, "B03002_012E": 1897, "B03002_012M": 1011, "B19013_001E": 38732, "B19013_001M": 2998, "B01003_001E": 4110, "state": "48", "county": "439", "tract": "106520", "latino_share": 0.4615571776155718, "camera_count": 0, "arterial_road_m": 4910.9522527116687, "land_area_km2": 0.613475, "pop_density_per_km2": 6699.5395085374303, "arterial_km_per_km2": 8.0051383556162321, "log_income": 10.564421410731422, "city": "Fort Worth", "crime_count_raw": 0.0, "crime_rate_annual_per_km2_1000": 0.0 }, "geometry": { "type": "Polygon", "coordinates": [ [ [ -97.240716, 32.763258 ], [ -97.238323, 32.764187 ], [ -97.230077, 32.764488 ], [ -97.228684, 32.765538 ], [ -97.224355, 32.762869 ], [ -97.223903, 32.759951 ], [ -97.225773, 32.760067 ], [ -97.230006, 32.760388 ], [ -97.236732, 32.760813 ], [ -97.239634, 32.760702 ], [ -97.239743, 32.761696 ], [ -97.240716, 32.763258 ] ] ] } },
{ "type": "Feature", "properties": { "STATEFP": "48", "COUNTYFP": "439", "TRACTCE": "106525", "GEOIDFQ": "1400000US48439106525", "GEOID": "48439106525", "NAME": "1065.25", "NAMELSAD": "Census Tract 1065.25", "STUSPS": "TX", "NAMELSADCO": "Tarrant County", "STATE_NAME": "Texas", "LSAD": "CT", "ALAND": 1346236, "AWATER": 113591, "centroid_lon": -97.199965360557016, "centroid_lat": 32.804002303381807, "B03002_001E": 2183, "B03002_001M": 389, "B03002_012E": 268, "B03002_012M": 74, "B19013_001E": 103672, "B19013_001M": 15306, "B01003_001E": 2183, "state": "48", "county": "439", "tract": "106525", "latino_share": 0.12276683463124141, "camera_count": 0, "arterial_road_m": 5950.2088183032392, "land_area_km2": 1.346236, "pop_density_per_km2": 1621.5581814778391, "arterial_km_per_km2": 4.4198853828773252, "log_income": 11.548987348115251, "city": "Fort Worth", "crime_count_raw": 0.0, "crime_rate_annual_per_km2_1000": 0.0 }, "geometry": { "type": "Polygon", "coordinates": [ [ [ -97.212166, 32.804305 ], [ -97.211387, 32.804654 ], [ -97.205538, 32.806904 ], [ -97.202001, 32.807564 ], [ -97.198803, 32.807644 ], [ -97.18653, 32.806759 ], [ -97.18628, 32.805321 ], [ -97.183762, 32.802466 ], [ -97.191284, 32.802445 ], [ -97.19487, 32.802658 ], [ -97.202645, 32.802388 ], [ -97.205462, 32.801217 ], [ -97.210109, 32.798004 ], [ -97.212307, 32.797901 ], [ -97.212166, 32.804305 ] ] ] } },
{ "type": "Feature", "properties": { "STATEFP": "48", "COUNTYFP": "439", "TRACTCE": "111032", "GEOIDFQ": "1400000US48439111032", "GEOID": "48439111032", "NAME": "1110.32", "NAMELSAD": "Census Tract 1110.32", "STUSPS": "TX", "NAMELSADCO": "Tarrant County", "STATE_NAME": "Texas", "LSAD": "CT", "ALAND": 3424109, "AWATER": 10625, "centroid_lon": -97.399441818694996, "centroid_lat": 32.622461853364229, "B03002_001E": 6383, "B03002_001M": 937, "B03002_012E": 1157, "B03002_012M": 670, "B19013_001E": 118337, "B19013_001M": 24118, "B01003_001E": 6383, "state": "48", "county": "439", "tract": "111032", "latino_share": 0.18126272912423624, "camera_count": 2, "arterial_road_m": 11938.217377009931, "land_area_km2": 3.424109, "pop_density_per_km2": 1864.1345821642944, "arterial_km_per_km2": 3.4865179166346429, "log_income": 11.681291765224882, "city": "Fort Worth", "crime_count_raw": 0.0, "crime_rate_annual_per_km2_1000": 0.0 }, "geometry": { "type": "Polygon", "coordinates": [ [ [ -97.412805, 32.629261 ], [ -97.409656, 32.629263 ], [ -97.406473, 32.628898 ], [ -97.403348, 32.628494 ], [ -97.400488, 32.628199 ], [ -97.39951, 32.628161 ], [ -97.398365, 32.628131 ], [ -97.395731, 32.628107 ], [ -97.387657, 32.628062 ], [ -97.384408, 32.628041 ], [ -97.384511, 32.624079 ], [ -97.384567, 32.619236 ], [ -97.385017, 32.618932 ], [ -97.388598, 32.618949 ], [ -97.38859, 32.617092 ], [ -97.390268, 32.617109 ], [ -97.391556, 32.617056 ], [ -97.397077, 32.616364 ], [ -97.403222, 32.616234 ], [ -97.406149, 32.615397 ], [ -97.407377, 32.615272 ], [ -97.412491, 32.615425 ], [ -97.412291, 32.625187 ], [ -97.412515, 32.627949 ], [ -97.412805, 32.629261 ] ] ] } },
{ "type": "Feature", "properties": { "STATEFP": "48", "COUNTYFP": "439", "TRACTCE": "113938", "GEOIDFQ": "1400000US48439113938", "GEOID": "48439113938", "NAME": "1139.38", "NAMELSAD": "Census Tract 1139.38", "STUSPS": "TX", "NAMELSADCO": "Tarrant County", "STATE_NAME": "Texas", "LSAD": "CT", "ALAND": 756622, "AWATER": 0, "centroid_lon": -97.301065169696855, "centroid_lat": 32.898045596044305, "B03002_001E": 1941, "B03002_001M": 185, "B03002_012E": 559, "B03002_012M": 160, "B19013_001E": 108457, "B19013_001M": 15896, "B01003_001E": 1941, "state": "48", "county": "439", "tract": "113938", "latino_share": 0.28799587841318908, "camera_count": 0, "arterial_road_m": 4487.1930637472105, "land_area_km2": 0.756622, "pop_density_per_km2": 2565.3496726238463, "arterial_km_per_km2": 5.9305611834538388, "log_income": 11.5941090600457, "city": "Fort Worth", "crime_count_raw": 0.0, "crime_rate_annual_per_km2_1000": 0.0 }, "geometry": { "type": "Polygon", "coordinates": [ [ [ -97.306945, 32.903486 ], [ -97.306528, 32.903503 ], [ -97.306373, 32.902673 ], [ -97.301886, 32.901276 ], [ -97.301238, 32.901733 ], [ -97.300739, 32.901035 ], [ -97.297382, 32.899774 ], [ -97.296001, 32.897981 ], [ -97.292651, 32.896433 ], [ -97.292677, 32.895068 ], [ -97.289637, 32.89419 ], [ -97.289638, 32.893873 ], [ -97.292903, 32.894846 ], [ -97.302105, 32.895239 ], [ -97.306959, 32.895804 ], [ -97.306945, 32.903486 ] ] ] } },
{ "type": "Feature", "properties": { "STATEFP": "48", "COUNTYFP": "439", "TRACTCE": "104502", "GEOIDFQ": "1400000US48439104502", "GEOID": "48439104502", "NAME": "1045.02", "NAMELSAD": "Census Tract 1045.02", "STUSPS": "TX", "NAMELSADCO": "Tarrant County", "STATE_NAME": "Texas", "LSAD": "CT", "ALAND": 1849433, "AWATER": 0, "centroid_lon": -97.325775655734319, "centroid_lat": 32.706766772460789, "B03002_001E": 2932, "B03002_001M": 518, "B03002_012E": 2320, "B03002_012M": 530, "B19013_001E": 61938, "B19013_001M": 31915, "B01003_001E": 2932, "state": "48", "county": "439", "tract": "104502", "latino_share": 0.79126875852660306, "camera_count": 1, "arterial_road_m": 8125.5388539878268, "land_area_km2": 1.849433, "pop_density_per_km2": 1585.3507534471375, "arterial_km_per_km2": 4.3935297218054536, "log_income": 11.033889163693646, "city": "Fort Worth", "crime_count_raw": 0.0, "crime_rate_annual_per_km2_1000": 0.0 }, "geometry": { "type": "Polygon", "coordinates": [ [ [ -97.331636, 32.709536 ], [ -97.331608, 32.713139 ], [ -97.327442, 32.713144 ], [ -97.327799, 32.714275 ], [ -97.326231, 32.713822 ], [ -97.325362, 32.713116 ], [ -97.324259, 32.712977 ], [ -97.324228, 32.717269 ], [ -97.320475, 32.717312 ], [ -97.320553, 32.712995 ], [ -97.320552, 32.705934 ], [ -97.320555, 32.703218 ], [ -97.32053, 32.6986 ], [ -97.330453, 32.69872 ], [ -97.331688, 32.698695 ], [ -97.331636, 32.709536 ] ] ] } },
{ "type": "Feature", "properties": { "STATEFP": "48", "COUNTYFP": "439", "TRACTCE": "104100", "GEOIDFQ": "1400000US48439104100", "GEOID": "48439104100", "NAME": "1041", "NAMELSAD": "Census Tract 1041", "STUSPS": "TX", "NAMELSADCO": "Tarrant County", "STATE_NAME": "Texas", "LSAD": "CT", "ALAND": 1299728, "AWATER": 0, "centroid_lon": -97.337658896409323, "centroid_lat": 32.723195620985805, "B03002_001E": 3400, "B03002_001M": 674, "B03002_012E": 1023, "B03002_012M": 324, "B19013_001E": 96520, "B19013_001M": 20134, "B01003_001E": 3400, "state": "48", "county": "439", "tract": "104100", "latino_share": 0.30088235294117649, "camera_count": 3, "arterial_road_m": 870.84794081125585, "land_area_km2": 1.299728, "pop_density_per_km2": 2615.9319488385263, "arterial_km_per_km2": 0.67002322086717825, "log_income": 11.477505519738967, "city": "Fort Worth", "crime_count_raw": 0.0, "crime_rate_annual_per_km2_1000": 0.0 }, "geometry": { "type": "Polygon", "coordinates": [ [ [ -97.343742, 32.722296 ], [ -97.343687, 32.728319 ], [ -97.338526, 32.728288 ], [ -97.335029, 32.728271 ], [ -97.334204, 32.729306 ], [ -97.334168, 32.728248 ], [ -97.331545, 32.728216 ], [ -97.331591, 32.718155 ], [ -97.339095, 32.718041 ], [ -97.343769, 32.718054 ], [ -97.343742, 32.722296 ] ] ] } },
{ "type": "Feature", "properties": { "STATEFP": "48", "COUNTYFP": "439", "TRACTCE": "105901", "GEOIDFQ": "1400000US48439105901", "GEOID": "48439105901", "NAME": "1059.01", "NAMELSAD": "Census Tract 1059.01", "STUSPS": "TX", "NAMELSADCO": "Tarrant County", "STATE_NAME": "Texas", "LSAD": "CT", "ALAND": 2149776, "AWATER": 0, "centroid_lon": -97.319567817466222, "centroid_lat": 32.677021320740423, "B03002_001E": 4357, "B03002_001M": 728, "B03002_012E": 3108, "B03002_012M": 651, "B19013_001E": 55212, "B19013_001M": 12402, "B01003_001E": 4357, "state": "48", "county": "439", "tract": "105901", "latino_share": 0.71333486343814556, "camera_count": 3, "arterial_road_m": 16021.863774024554, "land_area_km2": 2.149776, "pop_density_per_km2": 2026.7227841412314, "arterial_km_per_km2": 7.4528061407442223, "log_income": 10.918935599943469, "city": "Fort Worth", "crime_count_raw": 0.0, "crime_rate_annual_per_km2_1000": 0.0 }, "geometry": { "type": "Polygon", "coordinates": [ [ [ -97.331792, 32.678925 ], [ -97.331755, 32.684113 ], [ -97.32055, 32.684334 ], [ -97.315221, 32.68437 ], [ -97.314413, 32.678435 ], [ -97.311634, 32.674509 ], [ -97.309494, 32.672224 ], [ -97.306099, 32.669643 ], [ -97.307929, 32.669597 ], [ -97.308794, 32.669496 ], [ -97.310818, 32.669224 ], [ -97.311562, 32.669051 ], [ -97.320491, 32.666857 ], [ -97.320461, 32.667122 ], [ -97.320377, 32.669854 ], [ -97.320264, 32.676479 ], [ -97.322134, 32.67655 ], [ -97.326175, 32.678077 ], [ -97.331785, 32.678085 ], [ -97.331792, 32.678925 ] ] ] } },
{ "type": "Feature", "properties": { "STATEFP": "48", "COUNTYFP": "439", "TRACTCE": "103602", "GEOIDFQ": "1400000US48439103602", "GEOID": "48439103602", "NAME": "1036.02", "NAMELSAD": "Census Tract 1036.02", "STUSPS": "TX", "NAMELSADCO": "Tarrant County", "STATE_NAME": "Texas", "LSAD": "CT", "ALAND": 1440776, "AWATER": 0, "centroid_lon": -97.231177029457058, "centroid_lat": 32.726255671541573, "B03002_001E": 2737, "B03002_001M": 476, "B03002_012E": 937, "B03002_012M": 299, "B19013_001E": 63454, "B19013_001M": 11590, "B01003_001E": 2737, "state": "48", "county": "439", "tract": "103602", "latino_share": 0.34234563390573619, "camera_count": 0, "arterial_road_m": 6329.3943510879717, "land_area_km2": 1.440776, "pop_density_per_km2": 1899.6707329938865, "arterial_km_per_km2": 4.3930453804671732, "log_income": 11.058070512920654, "city": "Fort Worth", "crime_count_raw": 0.0, "crime_rate_annual_per_km2_1000": 0.0 }, "geometry": { "type": "Polygon", "coordinates": [ [ [ -97.237472, 32.721069 ], [ -97.237433, 32.724874 ], [ -97.237399, 32.730305 ], [ -97.236443, 32.731172 ], [ -97.225245, 32.732843 ], [ -97.225333, 32.724651 ], [ -97.225385, 32.720457 ], [ -97.237598, 32.720684 ], [ -97.237472, 32.721069 ] ] ] } },
{ "type": "Feature", "properties": { "STATEFP": "48", "COUNTYFP": "439", "TRACTCE": "106507", "GEOIDFQ": "1400000US48439106507", "GEOID": "48439106507", "NAME": "1065.07", "NAMELSAD": "Census Tract 1065.07", "STUSPS": "TX", "NAMELSADCO": "Tarrant County", "STATE_NAME": "Texas", "LSAD": "CT", "ALAND": 1970044, "AWATER": 75218, "centroid_lon": -97.250796656579482, "centroid_lat": 32.764450001082224, "B03002_001E": 2366, "B03002_001M": 617, "B03002_012E": 442, "B03002_012M": 173, "B19013_001E": 64209, "B19013_001M": 9968, "B01003_001E": 2366, "state": "48", "county": "439", "tract": "106507", "latino_share": 0.18681318681318682, "camera_count": 1, "arterial_road_m": 6238.6493165398761, "land_area_km2": 1.970044, "pop_density_per_km2": 1200.9884043199036, "arterial_km_per_km2": 3.1667563346503305, "log_income": 11.069898666768673, "city": "Fort Worth", "crime_count_raw": 0.0, "crime_rate_annual_per_km2_1000": 0.0 }, "geometry": { "type": "Polygon", "coordinates": [ [ [ -97.261772, 32.760143 ], [ -97.259907, 32.7629 ], [ -97.258815, 32.766925 ], [ -97.257929, 32.767398 ], [ -97.257426, 32.767802 ], [ -97.255373, 32.769981 ], [ -97.254121, 32.770789 ], [ -97.252681, 32.771116 ], [ -97.242832, 32.770165 ], [ -97.242978, 32.769115 ], [ -97.240716, 32.763258 ], [ -97.239743, 32.761696 ], [ -97.239634, 32.760702 ], [ -97.239944, 32.760693 ], [ -97.241974, 32.760509 ], [ -97.261697, 32.758089 ], [ -97.261772, 32.760143 ] ] ] } },
{ "type": "Feature", "properties": { "STATEFP": "48", "COUNTYFP": "439", "TRACTCE": "123500", "GEOIDFQ": "1400000US48439123500", "GEOID": "48439123500", "NAME": "1235", "NAMELSAD": "Census Tract 1235", "STUSPS": "TX", "NAMELSADCO": "Tarrant County", "STATE_NAME": "Texas", "LSAD": "CT", "ALAND": 2390539, "AWATER": 0, "centroid_lon": -97.31727561345896, "centroid_lat": 32.725293235724891, "B03002_001E": 3178, "B03002_001M": 578, "B03002_012E": 2047, "B03002_012M": 497, "B19013_001E": 56032, "B19013_001M": 6000, "B01003_001E": 3178, "state": "48", "county": "439", "tract": "123500", "latino_share": 0.64411579609817493, "camera_count": 1, "arterial_road_m": 15248.55037872582, "land_area_km2": 2.390539, "pop_density_per_km2": 1329.4073010312736, "arterial_km_per_km2": 6.3787080565202325, "log_income": 10.933678235085578, "city": "Fort Worth", "crime_count_raw": 0.0, "crime_rate_annual_per_km2_1000": 0.0 }, "geometry": { "type": "Polygon", "coordinates": [ [ [ -97.326429, 32.733114 ], [ -97.324235, 32.733046 ], [ -97.322049, 32.732979 ], [ -97.318288, 32.732068 ], [ -97.315651, 32.732051 ], [ -97.310978, 32.73213 ], [ -97.306925, 32.731409 ], [ -97.305158, 32.72972 ], [ -97.311214, 32.729779 ], [ -97.310617, 32.727119 ], [ -97.309682, 32.727114 ], [ -97.30978, 32.717371 ], [ -97.315667, 32.71734 ], [ -97.320475, 32.717312 ], [ -97.324228, 32.717269 ], [ -97.324743, 32.717323 ], [ -97.322697, 32.724403 ], [ -97.322537, 32.726027 ], [ -97.324692, 32.725946 ], [ -97.326366, 32.725994 ], [ -97.326429, 32.733114 ] ] ] } },
{ "type": "Feature", "properties": { "STATEFP": "48", "COUNTYFP": "439", "TRACTCE": "101301", "GEOIDFQ": "1400000US48439101301", "GEOID": "48439101301", "NAME": "1013.01", "NAMELSAD": "Census Tract 1013.01", "STUSPS": "TX", "NAMELSADCO": "Tarrant County", "STATE_NAME": "Texas", "LSAD": "CT", "ALAND": 3306869, "AWATER": 0, "centroid_lon": -97.216038387211086, "centroid_lat": 32.741524309956922, "B03002_001E": 5619, "B03002_001M": 787, "B03002_012E": 2802, "B03002_012M": 735, "B19013_001E": 63625, "B19013_001M": 13854, "B01003_001E": 5619, "state": "48", "county": "439", "tract": "101301", "latino_share": 0.49866524292578751, "camera_count": 0, "arterial_road_m": 11111.061992478684, "land_area_km2": 3.306869, "pop_density_per_km2": 1699.1903822014117, "arterial_km_per_km2": 3.3599946028943646, "log_income": 11.060761753852823, "city": "Fort Worth", "crime_count_raw": 0.0, "crime_rate_annual_per_km2_1000": 0.0 }, "geometry": { "type": "Polygon", "coordinates": [ [ [ -97.234381, 32.746066 ], [ -97.233584, 32.746076 ], [ -97.226068, 32.74608 ], [ -97.222325, 32.746068 ], [ -97.216319, 32.74613 ], [ -97.208015, 32.745936 ], [ -97.204681, 32.745873 ], [ -97.19879, 32.745758 ], [ -97.198793, 32.736624 ], [ -97.198789, 32.736355 ], [ -97.207484, 32.736432 ], [ -97.213885, 32.7365 ], [ -97.219048, 32.737609 ], [ -97.225213, 32.737771 ], [ -97.231991, 32.737752 ], [ -97.232453, 32.737462 ], [ -97.234451, 32.738185 ], [ -97.234381, 32.746066 ] ] ] } },
{ "type": "Feature", "properties": { "STATEFP": "48", "COUNTYFP": "439", "TRACTCE": "113949", "GEOIDFQ": "1400000US48439113949", "GEOID": "48439113949", "NAME": "1139.49", "NAMELSAD": "Census Tract 1139.49", "STUSPS": "TX", "NAMELSADCO": "Tarrant County", "STATE_NAME": "Texas", "LSAD": "CT", "ALAND": 1860026, "AWATER": 0, "centroid_lon": -97.279427165692596, "centroid_lat": 32.917545726535032, "B03002_001E": 3268, "B03002_001M": 1034, "B03002_012E": 329, "B03002_012M": 172, "B19013_001E": 233681, "B19013_001M": 47166, "B01003_001E": 3268, "state": "48", "county": "439", "tract": "113949", "latino_share": 0.10067319461444309, "camera_count": 7, "arterial_road_m": 4817.7853448873693, "land_area_km2": 1.860026, "pop_density_per_km2": 1756.9646875903886, "arterial_km_per_km2": 2.5901709679796783, "log_income": 12.361712216408851, "city": "Fort Worth", "crime_count_raw": 0.0, "crime_rate_annual_per_km2_1000": 0.0 }, "geometry": { "type": "Polygon", "coordinates": [ [ [ -97.289452, 32.91819 ], [ -97.285253, 32.918183 ], [ -97.285141, 32.919565 ], [ -97.284757, 32.924174 ], [ -97.281501, 32.924456 ], [ -97.278069, 32.924262 ], [ -97.277215, 32.924235 ], [ -97.272504, 32.924128 ], [ -97.272482, 32.91673 ], [ -97.272494, 32.913164 ], [ -97.27253, 32.911527 ], [ -97.27782, 32.91021 ], [ -97.279138, 32.910155 ], [ -97.281148, 32.91088 ], [ -97.286536, 32.914563 ], [ -97.289691, 32.914918 ], [ -97.289452, 32.91819 ] ] ] } },
{ "type": "Feature", "properties": { "STATEFP": "48", "COUNTYFP": "439", "TRACTCE": "113917", "GEOIDFQ": "1400000US48439113917", "GEOID": "48439113917", "NAME": "1139.17", "NAMELSAD": "Census Tract 1139.17", "STUSPS": "TX", "NAMELSADCO": "Tarrant County", "STATE_NAME": "Texas", "LSAD": "CT", "ALAND": 2417573, "AWATER": 0, "centroid_lon": -97.272853954949042, "centroid_lat": 32.866675980410015, "B03002_001E": 7684, "B03002_001M": 860, "B03002_012E": 1816, "B03002_012M": 416, "B19013_001E": 96406, "B19013_001M": 15221, "B01003_001E": 7684, "state": "48", "county": "439", "tract": "113917", "latino_share": 0.23633524206142634, "camera_count": 2, "arterial_road_m": 6110.3892108586442, "land_area_km2": 2.417573, "pop_density_per_km2": 3178.3941994719498, "arterial_km_per_km2": 2.527489019301028, "log_income": 11.476323719325668, "city": "Fort Worth", "crime_count_raw": 0.0, "crime_rate_annual_per_km2_1000": 0.0 }, "geometry": { "type": "Polygon", "coordinates": [ [ [ -97.285297, 32.861098 ], [ -97.28513, 32.867472 ], [ -97.284718, 32.868295 ], [ -97.281692, 32.867358 ], [ -97.28075, 32.86725 ], [ -97.278931, 32.86753 ], [ -97.278351, 32.871478 ], [ -97.276609, 32.871716 ], [ -97.276156, 32.871837 ], [ -97.275208, 32.872151 ], [ -97.272689, 32.873344 ], [ -97.272513, 32.873426 ], [ -97.270295, 32.874049 ], [ -97.269015, 32.874102 ], [ -97.262279, 32.874072 ], [ -97.263382, 32.868188 ], [ -97.263441, 32.86782 ], [ -97.264612, 32.860581 ], [ -97.267076, 32.860825 ], [ -97.269039, 32.860819 ], [ -97.272378, 32.860805 ], [ -97.280504, 32.86085 ], [ -97.281524, 32.860877 ], [ -97.281666, 32.860881 ], [ -97.285291, 32.860923 ], [ -97.285297, 32.861098 ] ] ] } },
{ "type": "Feature", "properties": { "STATEFP": "48", "COUNTYFP": "439", "TRACTCE": "102102", "GEOIDFQ": "1400000US48439102102", "GEOID": "48439102102", "NAME": "1021.02", "NAMELSAD": "Census Tract 1021.02", "STUSPS": "TX", "NAMELSADCO": "Tarrant County", "STATE_NAME": "Texas", "LSAD": "CT", "ALAND": 2435429, "AWATER": 70, "centroid_lon": -97.371243333096061, "centroid_lat": 32.764932618283403, "B03002_001E": 2746, "B03002_001M": 669, "B03002_012E": 797, "B03002_012M": 348, "B19013_001E": 76514, "B19013_001M": 20339, "B01003_001E": 2746, "state": "48", "county": "439", "tract": "102102", "latino_share": 0.29024034959941736, "camera_count": 0, "arterial_road_m": 2573.6327162609991, "land_area_km2": 2.435429, "pop_density_per_km2": 1127.5220915904345, "arterial_km_per_km2": 1.0567471752455109, "log_income": 11.245229009606922, "city": "Fort Worth", "crime_count_raw": 0.0, "crime_rate_annual_per_km2_1000": 0.0 }, "geometry": { "type": "Polygon", "coordinates": [ [ [ -97.379301, 32.765313 ], [ -97.378501, 32.767888 ], [ -97.37916, 32.770826 ], [ -97.380568, 32.772972 ], [ -97.380318, 32.774234 ], [ -97.376142, 32.776139 ], [ -97.373704, 32.77563 ], [ -97.372716, 32.774861 ], [ -97.372351, 32.774572 ], [ -97.369152, 32.771527 ], [ -97.368803, 32.766764 ], [ -97.367926, 32.765873 ], [ -97.360913, 32.763958 ], [ -97.361069, 32.75915 ], [ -97.361119, 32.755603 ], [ -97.361278, 32.751232 ], [ -97.361382, 32.751232 ], [ -97.36515, 32.755662 ], [ -97.368039, 32.759211 ], [ -97.372533, 32.759275 ], [ -97.375898, 32.759385 ], [ -97.377086, 32.760284 ], [ -97.377262, 32.761463 ], [ -97.378258, 32.76242 ], [ -97.378572, 32.762482 ], [ -97.383272, 32.761719 ], [ -97.379301, 32.765313 ] ] ] } },
{ "type": "Feature", "properties": { "STATEFP": "48", "COUNTYFP": "439", "TRACTCE": "114111", "GEOIDFQ": "1400000US48439114111", "GEOID": "48439114111", "NAME": "1141.11", "NAMELSAD": "Census Tract 1141.11", "STUSPS": "TX", "NAMELSADCO": "Tarrant County", "STATE_NAME": "Texas", "LSAD": "CT", "ALAND": 16575340, "AWATER": 103861, "centroid_lon": -97.373423161334244, "centroid_lat": 32.951827604753973, "B03002_001E": 2915, "B03002_001M": 338, "B03002_012E": 178, "B03002_012M": 208, "B19013_001E": 161655, "B19013_001M": 32135, "B01003_001E": 2915, "state": "48", "county": "439", "tract": "114111", "latino_share": 0.06106346483704974, "camera_count": 4, "arterial_road_m": 34178.241205003877, "land_area_km2": 16.57534, "pop_density_per_km2": 175.86366252517294, "arterial_km_per_km2": 2.0619933711769338, "log_income": 11.993219713699041, "city": "Fort Worth", "crime_count_raw": 0.0, "crime_rate_annual_per_km2_1000": 0.0 }, "geometry": { "type": "Polygon", "coordinates": [ [ [ -97.41704, 32.967898 ], [ -97.415114, 32.967864 ], [ -97.411739, 32.96881 ], [ -97.40408, 32.968891 ], [ -97.403577, 32.968898 ], [ -97.399345, 32.968891 ], [ -97.398007, 32.968928 ], [ -97.381634, 32.968994 ], [ -97.367921, 32.968928 ], [ -97.366708, 32.969433 ], [ -97.366696, 32.970105 ], [ -97.352145, 32.970014 ], [ -97.353625, 32.965757 ], [ -97.353293, 32.963326 ], [ -97.356057, 32.9555 ], [ -97.359361, 32.946143 ], [ -97.359216, 32.94614 ], [ -97.348628, 32.946043 ], [ -97.348712, 32.937696 ], [ -97.348732, 32.935679 ], [ -97.348799, 32.927725 ], [ -97.348818, 32.924293 ], [ -97.348721, 32.916024 ], [ -97.357546, 32.924318 ], [ -97.36074, 32.927094 ], [ -97.374779, 32.938034 ], [ -97.386687, 32.947217 ], [ -97.416856, 32.966771 ], [ -97.418162, 32.96789 ], [ -97.41704, 32.967898 ] ] ] } },
{ "type": "Feature", "properties": { "STATEFP": "48", "COUNTYFP": "439", "TRACTCE": "104900", "GEOIDFQ": "1400000US48439104900", "GEOID": "48439104900", "NAME": "1049", "NAMELSAD": "Census Tract 1049", "STUSPS": "TX", "NAMELSADCO": "Tarrant County", "STATE_NAME": "Texas", "LSAD": "CT", "ALAND": 2444983, "AWATER": 0, "centroid_lon": -97.297894114551482, "centroid_lat": 32.802355919513495, "B03002_001E": 2594, "B03002_001M": 463, "B03002_012E": 1931, "B03002_012M": 419, "B19013_001E": 56719, "B19013_001M": 15712, "B01003_001E": 2594, "state": "48", "county": "439", "tract": "104900", "latino_share": 0.7444101773323053, "camera_count": 2, "arterial_road_m": 7289.0484000179385, "land_area_km2": 2.444983, "pop_density_per_km2": 1060.9480720315846, "arterial_km_per_km2": 2.9812266179429217, "log_income": 10.945864530585146, "city": "Fort Worth", "crime_count_raw": 0.0, "crime_rate_annual_per_km2_1000": 0.0 }, "geometry": { "type": "Polygon", "coordinates": [ [ [ -97.308461, 32.801012 ], [ -97.306441, 32.802695 ], [ -97.298186, 32.809401 ], [ -97.297186, 32.810209 ], [ -97.294111, 32.812691 ], [ -97.290757, 32.815376 ], [ -97.290757, 32.814943 ], [ -97.290546, 32.80977 ], [ -97.290551, 32.806472 ], [ -97.290552, 32.802979 ], [ -97.290552, 32.802476 ], [ -97.290556, 32.801388 ], [ -97.290609, 32.79511 ], [ -97.293384, 32.795115 ], [ -97.293594, 32.795113 ], [ -97.301975, 32.795133 ], [ -97.307392, 32.795118 ], [ -97.308514, 32.795163 ], [ -97.308461, 32.801012 ] ] ] } },
{ "type": "Feature", "properties": { "STATEFP": "48", "COUNTYFP": "439", "TRACTCE": "113935", "GEOIDFQ": "1400000US48439113935", "GEOID": "48439113935", "NAME": "1139.35", "NAMELSAD": "Census Tract 1139.35", "STUSPS": "TX", "NAMELSADCO": "Tarrant County", "STATE_NAME": "Texas", "LSAD": "CT", "ALAND": 1524462, "AWATER": 3039, "centroid_lon": -97.288649519644551, "centroid_lat": 32.925774094757244, "B03002_001E": 3534, "B03002_001M": 569, "B03002_012E": 656, "B03002_012M": 385, "B19013_001E": 87197, "B19013_001M": 33406, "B01003_001E": 3534, "state": "48", "county": "439", "tract": "113935", "latino_share": 0.18562535370684777, "camera_count": 0, "arterial_road_m": 5972.9055208797363, "land_area_km2": 1.524462, "pop_density_per_km2": 2318.1948779307063, "arterial_km_per_km2": 3.9180415916433056, "log_income": 11.375925205635527, "city": "Fort Worth", "crime_count_raw": 0.0, "crime_rate_annual_per_km2_1000": 0.0 }, "geometry": { "type": "Polygon", "coordinates": [ [ [ -97.295252, 32.924967 ], [ -97.294828, 32.931615 ], [ -97.289469, 32.931508 ], [ -97.281505, 32.931427 ], [ -97.281501, 32.924456 ], [ -97.284757, 32.924174 ], [ -97.285141, 32.919565 ], [ -97.285253, 32.918183 ], [ -97.289452, 32.91819 ], [ -97.289741, 32.918191 ], [ -97.291755, 32.919469 ], [ -97.291827, 32.921097 ], [ -97.294865, 32.921236 ], [ -97.294612, 32.923173 ], [ -97.295675, 32.924309 ], [ -97.295252, 32.924967 ] ] ] } },
{ "type": "Feature", "properties": { "STATEFP": "48", "COUNTYFP": "439", "TRACTCE": "113924", "GEOIDFQ": "1400000US48439113924", "GEOID": "48439113924", "NAME": "1139.24", "NAMELSAD": "Census Tract 1139.24", "STUSPS": "TX", "NAMELSADCO": "Tarrant County", "STATE_NAME": "Texas", "LSAD": "CT", "ALAND": 2358510, "AWATER": 3456, "centroid_lon": -97.299591984549565, "centroid_lat": 32.887946520108471, "B03002_001E": 5057, "B03002_001M": 691, "B03002_012E": 1438, "B03002_012M": 407, "B19013_001E": 99449, "B19013_001M": 12037, "B01003_001E": 5057, "state": "48", "county": "439", "tract": "113924", "latino_share": 0.28435831520664423, "camera_count": 0, "arterial_road_m": 9038.3809332381588, "land_area_km2": 2.35851, "pop_density_per_km2": 2144.1503322012627, "arterial_km_per_km2": 3.8322419380194104, "log_income": 11.50740022892739, "city": "Fort Worth", "crime_count_raw": 0.0, "crime_rate_annual_per_km2_1000": 0.0 }, "geometry": { "type": "Polygon", "coordinates": [ [ [ -97.306959, 32.895804 ], [ -97.302105, 32.895239 ], [ -97.292903, 32.894846 ], [ -97.289638, 32.893873 ], [ -97.289584, 32.892805 ], [ -97.289677, 32.890752 ], [ -97.289693, 32.885647 ], [ -97.29271, 32.885618 ], [ -97.29361, 32.885638 ], [ -97.297905, 32.885652 ], [ -97.298604, 32.879258 ], [ -97.298341, 32.877454 ], [ -97.303095, 32.877395 ], [ -97.304304, 32.878293 ], [ -97.306291, 32.880023 ], [ -97.306831, 32.881273 ], [ -97.306971, 32.890777 ], [ -97.306959, 32.895804 ] ] ] } },
{ "type": "Feature", "properties": { "STATEFP": "48", "COUNTYFP": "439", "TRACTCE": "105518", "GEOIDFQ": "1400000US48439105518", "GEOID": "48439105518", "NAME": "1055.18", "NAMELSAD": "Census Tract 1055.18", "STUSPS": "TX", "NAMELSADCO": "Tarrant County", "STATE_NAME": "Texas", "LSAD": "CT", "ALAND": 2705661, "AWATER": 0, "centroid_lon": -97.420163770785123, "centroid_lat": 32.654553951546596, "B03002_001E": 2736, "B03002_001M": 430, "B03002_012E": 747, "B03002_012M": 385, "B19013_001E": 87521, "B19013_001M": 23433, "B01003_001E": 2736, "state": "48", "county": "439", "tract": "105518", "latino_share": 0.27302631578947367, "camera_count": 0, "arterial_road_m": 13304.575640920244, "land_area_km2": 2.705661, "pop_density_per_km2": 1011.2131564153824, "arterial_km_per_km2": 4.9173106464262313, "log_income": 11.379634043550313, "city": "Fort Worth", "crime_count_raw": 0.0, "crime_rate_annual_per_km2_1000": 0.0 }, "geometry": { "type": "Polygon", "coordinates": [ [ [ -97.430399, 32.653343 ], [ -97.429104, 32.655896 ], [ -97.426321, 32.65963 ], [ -97.425881, 32.659976 ], [ -97.423631, 32.661135 ], [ -97.423104, 32.661537 ], [ -97.422717, 32.661969 ], [ -97.421375, 32.661662 ], [ -97.416088, 32.662854 ], [ -97.40832, 32.662854 ], [ -97.408375, 32.661971 ], [ -97.409087, 32.659157 ], [ -97.411108, 32.657384 ], [ -97.411951, 32.653508 ], [ -97.413549, 32.651942 ], [ -97.416539, 32.652836 ], [ -97.415977, 32.649538 ], [ -97.416361, 32.645431 ], [ -97.428367, 32.645944 ], [ -97.428393, 32.647232 ], [ -97.429829, 32.650464 ], [ -97.430399, 32.653343 ] ] ] } },
{ "type": "Feature", "properties": { "STATEFP": "48", "COUNTYFP": "439", "TRACTCE": "104302", "GEOIDFQ": "1400000US48439104302", "GEOID": "48439104302", "NAME": "1043.02", "NAMELSAD": "Census Tract 1043.02", "STUSPS": "TX", "NAMELSADCO": "Tarrant County", "STATE_NAME": "Texas", "LSAD": "CT", "ALAND": 1547582, "AWATER": 0, "centroid_lon": -97.348186645934064, "centroid_lat": 32.716002268111609, "B03002_001E": 3397, "B03002_001M": 1364, "B03002_012E": 704, "B03002_012M": 243, "B19013_001E": 89583, "B19013_001M": 27049, "B01003_001E": 3397, "state": "48", "county": "439", "tract": "104302", "latino_share": 0.20724168383868119, "camera_count": 0, "arterial_road_m": 1728.8593989323267, "land_area_km2": 1.547582, "pop_density_per_km2": 2195.0371611972741, "arterial_km_per_km2": 1.1171358925939476, "log_income": 11.402920848818745, "city": "Fort Worth", "crime_count_raw": 0.0, "crime_rate_annual_per_km2_1000": 0.0 }, "geometry": { "type": "Polygon", "coordinates": [ [ [ -97.352285, 32.709629 ], [ -97.352096, 32.71275 ], [ -97.352057, 32.715442 ], [ -97.351951, 32.715964 ], [ -97.351818, 32.725755 ], [ -97.346639, 32.725755 ], [ -97.343742, 32.722296 ], [ -97.343769, 32.718054 ], [ -97.343829, 32.711395 ], [ -97.344571, 32.709364 ], [ -97.345968, 32.707777 ], [ -97.3463, 32.707774 ], [ -97.348069, 32.706041 ], [ -97.348107, 32.706041 ], [ -97.352351, 32.706061 ], [ -97.352285, 32.709629 ] ] ] } },
{ "type": "Feature", "properties": { "STATEFP": "48", "COUNTYFP": "439", "TRACTCE": "100503", "GEOIDFQ": "1400000US48439100503", "GEOID": "48439100503", "NAME": "1005.03", "NAMELSAD": "Census Tract 1005.03", "STUSPS": "TX", "NAMELSADCO": "Tarrant County", "STATE_NAME": "Texas", "LSAD": "CT", "ALAND": 1339985, "AWATER": 0, "centroid_lon": -97.378761858616002, "centroid_lat": 32.789784910844041, "B03002_001E": 3205, "B03002_001M": 881, "B03002_012E": 2816, "B03002_012M": 874, "B19013_001E": 75298, "B19013_001M": 15774, "B01003_001E": 3205, "state": "48", "county": "439", "tract": "100503", "latino_share": 0.87862714508580342, "camera_count": 2, "arterial_road_m": 6237.3126527921977, "land_area_km2": 1.339985, "pop_density_per_km2": 2391.8178188561815, "arterial_km_per_km2": 4.6547630404759737, "log_income": 11.229208853010284, "city": "Fort Worth", "crime_count_raw": 0.0, "crime_rate_annual_per_km2_1000": 0.0 }, "geometry": { "type": "Polygon", "coordinates": [ [ [ -97.386534, 32.789625 ], [ -97.382446, 32.79316 ], [ -97.377664, 32.79752 ], [ -97.371902, 32.792743 ], [ -97.371893, 32.790047 ], [ -97.371889, 32.789561 ], [ -97.374719, 32.787084 ], [ -97.374856, 32.786958 ], [ -97.374947, 32.786873 ], [ -97.375428, 32.786423 ], [ -97.375512, 32.782566 ], [ -97.375518, 32.78239 ], [ -97.381992, 32.784438 ], [ -97.38356, 32.785626 ], [ -97.383721, 32.785777 ], [ -97.387518, 32.788896 ], [ -97.386534, 32.789625 ] ] ] } },
{ "type": "Feature", "properties": { "STATEFP": "48", "COUNTYFP": "439", "TRACTCE": "111027", "GEOIDFQ": "1400000US48439111027", "GEOID": "48439111027", "NAME": "1110.27", "NAMELSAD": "Census Tract 1110.27", "STUSPS": "TX", "NAMELSADCO": "Tarrant County", "STATE_NAME": "Texas", "LSAD": "CT", "ALAND": 8293916, "AWATER": 7236, "centroid_lon": -97.333970477385336, "centroid_lat": 32.600769965948359, "B03002_001E": 4681, "B03002_001M": 1159, "B03002_012E": 1068, "B03002_012M": 346, "B19013_001E": 93346, "B19013_001M": 28750, "B01003_001E": 4681, "state": "48", "county": "439", "tract": "111027", "latino_share": 0.22815637684255502, "camera_count": 0, "arterial_road_m": 19942.558960381186, "land_area_km2": 8.293916, "pop_density_per_km2": 564.38960799699441, "arterial_km_per_km2": 2.4044804601808343, "log_income": 11.444068298560641, "city": "Fort Worth", "crime_count_raw": 0.0, "crime_rate_annual_per_km2_1000": 0.0 }, "geometry": { "type": "Polygon", "coordinates": [ [ [ -97.355298, 32.602903 ], [ -97.355135, 32.606785 ], [ -97.351485, 32.606794 ], [ -97.351381, 32.610844 ], [ -97.351053, 32.611958 ], [ -97.350866, 32.612338 ], [ -97.34969, 32.614131 ], [ -97.331328, 32.614019 ], [ -97.321538, 32.613994 ], [ -97.321525, 32.61169 ], [ -97.320108, 32.605131 ], [ -97.319535, 32.60201 ], [ -97.319309, 32.599128 ], [ -97.31951, 32.577834 ], [ -97.325252, 32.57793 ], [ -97.32725, 32.589892 ], [ -97.328141, 32.589787 ], [ -97.331113, 32.587801 ], [ -97.33393, 32.588059 ], [ -97.334388, 32.589122 ], [ -97.335191, 32.590876 ], [ -97.337161, 32.591172 ], [ -97.342561, 32.595837 ], [ -97.346059, 32.596539 ], [ -97.348403, 32.596097 ], [ -97.350062, 32.596845 ], [ -97.350955, 32.598595 ], [ -97.351916, 32.599378 ], [ -97.355437, 32.599717 ], [ -97.355298, 32.602903 ] ] ] } },
{ "type": "Feature", "properties": { "STATEFP": "48", "COUNTYFP": "439", "TRACTCE": "100401", "GEOIDFQ": "1400000US48439100401", "GEOID": "48439100401", "NAME": "1004.01", "NAMELSAD": "Census Tract 1004.01", "STUSPS": "TX", "NAMELSADCO": "Tarrant County", "STATE_NAME": "Texas", "LSAD": "CT", "ALAND": 771930, "AWATER": 0, "centroid_lon": -97.366148057851618, "centroid_lat": 32.793251835271569, "B03002_001E": 2063, "B03002_001M": 386, "B03002_012E": 1952, "B03002_012M": 382, "B19013_001E": 49091, "B19013_001M": 26280, "B01003_001E": 2063, "state": "48", "county": "439", "tract": "100401", "latino_share": 0.94619486185167234, "camera_count": 1, "arterial_road_m": 3381.7945719261302, "land_area_km2": 0.77193, "pop_density_per_km2": 2672.5221198813365, "arterial_km_per_km2": 4.3809601543224517, "log_income": 10.801430997592224, "city": "Fort Worth", "crime_count_raw": 0.0, "crime_rate_annual_per_km2_1000": 0.0 }, "geometry": { "type": "Polygon", "coordinates": [ [ [ -97.371902, 32.792743 ], [ -97.371876, 32.79663 ], [ -97.367239, 32.79661 ], [ -97.361278, 32.796497 ], [ -97.360214, 32.794433 ], [ -97.360245, 32.789958 ], [ -97.363682, 32.78998 ], [ -97.371893, 32.790047 ], [ -97.371902, 32.792743 ] ] ] } },
{ "type": "Feature", "properties": { "STATEFP": "48", "COUNTYFP": "439", "TRACTCE": "106524", "GEOIDFQ": "1400000US48439106524", "GEOID": "48439106524", "NAME": "1065.24", "NAMELSAD": "Census Tract 1065.24", "STUSPS": "TX", "NAMELSADCO": "Tarrant County", "STATE_NAME": "Texas", "LSAD": "CT", "ALAND": 7511745, "AWATER": 0, "centroid_lon": -97.10746254458148, "centroid_lat": 32.813212389806566, "B03002_001E": 5353, "B03002_001M": 940, "B03002_012E": 805, "B03002_012M": 552, "B19013_001E": 99773, "B19013_001M": 22387, "B01003_001E": 5353, "state": "48", "county": "439", "tract": "106524", "latino_share": 0.15038296282458435, "camera_count": 1, "arterial_road_m": 20756.325383131807, "land_area_km2": 7.511745, "pop_density_per_km2": 712.61737452482737, "arterial_km_per_km2": 2.7631829066524229, "log_income": 11.510652884614551, "city": "Fort Worth", "crime_count_raw": 0.0, "crime_rate_annual_per_km2_1000": 0.0 }, "geometry": { "type": "Polygon", "coordinates": [ [ [ -97.140188, 32.807482 ], [ -97.137919, 32.807803 ], [ -97.13733, 32.807823 ], [ -97.135409, 32.80799 ], [ -97.134756, 32.810963 ], [ -97.134695, 32.814721 ], [ -97.118358, 32.814613 ], [ -97.117273, 32.814815 ], [ -97.111483, 32.820724 ], [ -97.107895, 32.821334 ], [ -97.107764, 32.822432 ], [ -97.105085, 32.822432 ], [ -97.099643, 32.822418 ], [ -97.091665, 32.822435 ], [ -97.082326, 32.822381 ], [ -97.077311, 32.822336 ], [ -97.076606, 32.820582 ], [ -97.076589, 32.819851 ], [ -97.076496, 32.814055 ], [ -97.082667, 32.812655 ], [ -97.099517, 32.80876 ], [ -97.103703, 32.807749 ], [ -97.110088, 32.806279 ], [ -97.121878, 32.803506 ], [ -97.125333, 32.802816 ], [ -97.131197, 32.802864 ], [ -97.140163, 32.80353 ], [ -97.140188, 32.807482 ] ] ] } },
{ "type": "Feature", "properties": { "STATEFP": "48", "COUNTYFP": "439", "TRACTCE": "102000", "GEOIDFQ": "1400000US48439102000", "GEOID": "48439102000", "NAME": "1020", "NAMELSAD": "Census Tract 1020", "STUSPS": "TX", "NAMELSADCO": "Tarrant County", "STATE_NAME": "Texas", "LSAD": "CT", "ALAND": 5104062, "AWATER": 74122, "centroid_lon": -97.357426015946544, "centroid_lat": 32.749644466205091, "B03002_001E": 4417, "B03002_001M": 561, "B03002_012E": 368, "B03002_012M": 182, "B19013_001E": 86059, "B19013_001M": 17498, "B01003_001E": 4417, "state": "48", "county": "439", "tract": "102000", "latino_share": 0.083314466832691877, "camera_count": 6, "arterial_road_m": 19825.829246464913, "land_area_km2": 5.104062, "pop_density_per_km2": 865.38917434780376, "arterial_km_per_km2": 3.8843237496850378, "log_income": 11.36278838652494, "city": "Fort Worth", "crime_count_raw": 0.0, "crime_rate_annual_per_km2_1000": 0.0 }, "geometry": { "type": "Polygon", "coordinates": [ [ [ -97.370013, 32.743986 ], [ -97.369947, 32.747663 ], [ -97.361382, 32.751232 ], [ -97.361278, 32.751232 ], [ -97.361119, 32.755603 ], [ -97.361069, 32.75915 ], [ -97.360913, 32.763958 ], [ -97.359258, 32.763962 ], [ -97.3513, 32.765106 ], [ -97.345574, 32.766026 ], [ -97.344997, 32.765799 ], [ -97.347037, 32.761792 ], [ -97.342384, 32.758087 ], [ -97.345587, 32.754559 ], [ -97.346741, 32.750971 ], [ -97.347068, 32.75 ], [ -97.349399, 32.746921 ], [ -97.351774, 32.743606 ], [ -97.356761, 32.739022 ], [ -97.360339, 32.735 ], [ -97.359891, 32.734076 ], [ -97.361499, 32.733595 ], [ -97.364609, 32.73277 ], [ -97.369976, 32.732609 ], [ -97.369961, 32.734395 ], [ -97.370033, 32.739787 ], [ -97.370013, 32.743986 ] ] ] } },
{ "type": "Feature", "properties": { "STATEFP": "48", "COUNTYFP": "439", "TRACTCE": "105502", "GEOIDFQ": "1400000US48439105502", "GEOID": "48439105502", "NAME": "1055.02", "NAMELSAD": "Census Tract 1055.02", "STUSPS": "TX", "NAMELSADCO": "Tarrant County", "STATE_NAME": "Texas", "LSAD": "CT", "ALAND": 3502183, "AWATER": 0, "centroid_lon": -97.379294601964872, "centroid_lat": 32.662844657767238, "B03002_001E": 7297, "B03002_001M": 2080, "B03002_012E": 2923, "B03002_012M": 1909, "B19013_001E": 80417, "B19013_001M": 20064, "B01003_001E": 7297, "state": "48", "county": "439", "tract": "105502", "latino_share": 0.40057557900507057, "camera_count": 0, "arterial_road_m": 16701.82844908681, "land_area_km2": 3.502183, "pop_density_per_km2": 2083.5575982180258, "arterial_km_per_km2": 4.7689765066779239, "log_income": 11.294980875602253, "city": "Fort Worth", "crime_count_raw": 0.0, "crime_rate_annual_per_km2_1000": 0.0 }, "geometry": { "type": "Polygon", "coordinates": [ [ [ -97.389902, 32.667856 ], [ -97.386467, 32.670699 ], [ -97.381166, 32.67509 ], [ -97.377206, 32.673215 ], [ -97.371986, 32.671764 ], [ -97.37222, 32.666001 ], [ -97.370487, 32.66288 ], [ -97.370621, 32.654933 ], [ -97.37156, 32.653519 ], [ -97.372213, 32.652712 ], [ -97.372594, 32.650087 ], [ -97.376896, 32.650511 ], [ -97.3829, 32.651096 ], [ -97.381934, 32.653861 ], [ -97.382085, 32.656898 ], [ -97.383156, 32.658296 ], [ -97.387723, 32.661124 ], [ -97.392883, 32.665388 ], [ -97.389902, 32.667856 ] ] ] } },
{ "type": "Feature", "properties": { "STATEFP": "48", "COUNTYFP": "439", "TRACTCE": "105701", "GEOIDFQ": "1400000US48439105701", "GEOID": "48439105701", "NAME": "1057.01", "NAMELSAD": "Census Tract 1057.01", "STUSPS": "TX", "NAMELSADCO": "Tarrant County", "STATE_NAME": "Texas", "LSAD": "CT", "ALAND": 2116520, "AWATER": 0, "centroid_lon": -97.361133103181317, "centroid_lat": 32.663437440761868, "B03002_001E": 4350, "B03002_001M": 828, "B03002_012E": 1811, "B03002_012M": 621, "B19013_001E": 74438, "B19013_001M": 12568, "B01003_001E": 4350, "state": "48", "county": "439", "tract": "105701", "latino_share": 0.41632183908045978, "camera_count": 0, "arterial_road_m": 8062.4143953874591, "land_area_km2": 2.11652, "pop_density_per_km2": 2055.2605219889251, "arterial_km_per_km2": 3.8092786250011614, "log_income": 11.217721843119596, "city": "Fort Worth", "crime_count_raw": 0.0, "crime_rate_annual_per_km2_1000": 0.0 }, "geometry": { "type": "Polygon", "coordinates": [ [ [ -97.371986, 32.671764 ], [ -97.365937, 32.670354 ], [ -97.35599, 32.667963 ], [ -97.35259, 32.667257 ], [ -97.352847, 32.661459 ], [ -97.353087, 32.65517 ], [ -97.353641, 32.654712 ], [ -97.357236, 32.654296 ], [ -97.358885, 32.653257 ], [ -97.361633, 32.655073 ], [ -97.361903, 32.655336 ], [ -97.361893, 32.659374 ], [ -97.361893, 32.662926 ], [ -97.366535, 32.6629 ], [ -97.370487, 32.66288 ], [ -97.37222, 32.666001 ], [ -97.371986, 32.671764 ] ] ] } },
{ "type": "Feature", "properties": { "STATEFP": "48", "COUNTYFP": "439", "TRACTCE": "105007", "GEOIDFQ": "1400000US48439105007", "GEOID": "48439105007", "NAME": "1050.07", "NAMELSAD": "Census Tract 1050.07", "STUSPS": "TX", "NAMELSADCO": "Tarrant County", "STATE_NAME": "Texas", "LSAD": "CT", "ALAND": 5077028, "AWATER": 143498, "centroid_lon": -97.30165137473648, "centroid_lat": 32.850125439995153, "B03002_001E": 6172, "B03002_001M": 833, "B03002_012E": 933, "B03002_012M": 342, "B19013_001E": 70976, "B19013_001M": 9001, "B01003_001E": 6172, "state": "48", "county": "439", "tract": "105007", "latino_share": 0.15116655865197667, "camera_count": 9, "arterial_road_m": 43657.04056765353, "land_area_km2": 5.077028, "pop_density_per_km2": 1215.6718458121561, "arterial_km_per_km2": 8.5989363398534593, "log_income": 11.170097070710039, "city": "Fort Worth", "crime_count_raw": 0.0, "crime_rate_annual_per_km2_1000": 0.0 }, "geometry": { "type": "Polygon", "coordinates": [ [ [ -97.315428, 32.839768 ], [ -97.313173, 32.841399 ], [ -97.31256, 32.842765 ], [ -97.312573, 32.848115 ], [ -97.312837, 32.853966 ], [ -97.313687, 32.858207 ], [ -97.314213, 32.860892 ], [ -97.311846, 32.86076 ], [ -97.309437, 32.860801 ], [ -97.308166, 32.860818 ], [ -97.307012, 32.860943 ], [ -97.304745, 32.861037 ], [ -97.290073, 32.86097 ], [ -97.28988, 32.860967 ], [ -97.289824, 32.853581 ], [ -97.289823, 32.853472 ], [ -97.289821, 32.849781 ], [ -97.289822, 32.847771 ], [ -97.290276, 32.844853 ], [ -97.29036, 32.839433 ], [ -97.290673, 32.83943 ], [ -97.305008, 32.83937 ], [ -97.310812, 32.838597 ], [ -97.314028, 32.838866 ], [ -97.315275, 32.839219 ], [ -97.317444, 32.839495 ], [ -97.315428, 32.839768 ] ] ] } },
{ "type": "Feature", "properties": { "STATEFP": "48", "COUNTYFP": "439", "TRACTCE": "113944", "GEOIDFQ": "1400000US48439113944", "GEOID": "48439113944", "NAME": "1139.44", "NAMELSAD": "Census Tract 1139.44", "STUSPS": "TX", "NAMELSADCO": "Tarrant County", "STATE_NAME": "Texas", "LSAD": "CT", "ALAND": 2062615, "AWATER": 0, "centroid_lon": -97.274831534551296, "centroid_lat": 32.94766008792616, "B03002_001E": 5702, "B03002_001M": 987, "B03002_012E": 711, "B03002_012M": 280, "B19013_001E": 97183, "B19013_001M": 23557, "B01003_001E": 5702, "state": "48", "county": "439", "tract": "113944", "latino_share": 0.12469309014380919, "camera_count": 0, "arterial_road_m": 8916.6933797807651, "land_area_km2": 2.062615, "pop_density_per_km2": 2764.4519214686211, "arterial_km_per_km2": 4.3230042348090967, "log_income": 11.484351078032905, "city": "Fort Worth", "crime_count_raw": 0.0, "crime_rate_annual_per_km2_1000": 0.0 }, "geometry": { "type": "Polygon", "coordinates": [ [ [ -97.281323, 32.947208 ], [ -97.281321, 32.947539 ], [ -97.281239, 32.954024 ], [ -97.279084, 32.954156 ], [ -97.27847, 32.954419 ], [ -97.276288, 32.955265 ], [ -97.275874, 32.955425 ], [ -97.275582, 32.955491 ], [ -97.275329, 32.955532 ], [ -97.274915, 32.955576 ], [ -97.269657, 32.955529 ], [ -97.269673, 32.952956 ], [ -97.264828, 32.952925 ], [ -97.265079, 32.951169 ], [ -97.266272, 32.949637 ], [ -97.267587, 32.948177 ], [ -97.271603, 32.942289 ], [ -97.272337, 32.941152 ], [ -97.272515, 32.938831 ], [ -97.281426, 32.938891 ], [ -97.281323, 32.947208 ] ] ] } },
{ "type": "Feature", "properties": { "STATEFP": "48", "COUNTYFP": "439", "TRACTCE": "105515", "GEOIDFQ": "1400000US48439105515", "GEOID": "48439105515", "NAME": "1055.15", "NAMELSAD": "Census Tract 1055.15", "STUSPS": "TX", "NAMELSADCO": "Tarrant County", "STATE_NAME": "Texas", "LSAD": "CT", "ALAND": 2758012, "AWATER": 0, "centroid_lon": -97.404133942446293, "centroid_lat": 32.638030916876517, "B03002_001E": 7124, "B03002_001M": 1522, "B03002_012E": 1667, "B03002_012M": 904, "B19013_001E": 84583, "B19013_001M": 29510, "B01003_001E": 7124, "state": "48", "county": "439", "tract": "105515", "latino_share": 0.23399775407074677, "camera_count": 2, "arterial_road_m": 11985.902157739296, "land_area_km2": 2.758012, "pop_density_per_km2": 2583.0199433505004, "arterial_km_per_km2": 4.3458484436395839, "log_income": 11.34548857977556, "city": "Fort Worth", "crime_count_raw": 0.0, "crime_rate_annual_per_km2_1000": 0.0 }, "geometry": { "type": "Polygon", "coordinates": [ [ [ -97.414592, 32.636333 ], [ -97.414637, 32.640627 ], [ -97.41362, 32.644793 ], [ -97.410362, 32.644036 ], [ -97.409585, 32.6438 ], [ -97.404039, 32.643777 ], [ -97.402171, 32.64447 ], [ -97.397929, 32.647557 ], [ -97.395882, 32.647931 ], [ -97.395979, 32.640777 ], [ -97.395632, 32.638734 ], [ -97.394858, 32.637684 ], [ -97.390322, 32.633719 ], [ -97.392072, 32.632402 ], [ -97.394702, 32.631711 ], [ -97.395687, 32.631732 ], [ -97.399414, 32.632469 ], [ -97.400922, 32.632756 ], [ -97.40336, 32.632737 ], [ -97.40606, 32.632229 ], [ -97.4074, 32.631686 ], [ -97.409683, 32.630818 ], [ -97.412269, 32.629703 ], [ -97.412886, 32.629565 ], [ -97.415055, 32.635121 ], [ -97.414592, 32.636333 ] ] ] } },
{ "type": "Feature", "properties": { "STATEFP": "48", "COUNTYFP": "439", "TRACTCE": "113934", "GEOIDFQ": "1400000US48439113934", "GEOID": "48439113934", "NAME": "1139.34", "NAMELSAD": "Census Tract 1139.34", "STUSPS": "TX", "NAMELSADCO": "Tarrant County", "STATE_NAME": "Texas", "LSAD": "CT", "ALAND": 4351619, "AWATER": 39165, "centroid_lon": -97.297474301315745, "centroid_lat": 32.928097366730242, "B03002_001E": 7165, "B03002_001M": 1772, "B03002_012E": 1569, "B03002_012M": 1692, "B19013_001E": 91801, "B19013_001M": 61273, "B01003_001E": 7165, "state": "48", "county": "439", "tract": "113934", "latino_share": 0.21898115840893231, "camera_count": 3, "arterial_road_m": 13299.701069694225, "land_area_km2": 4.351619, "pop_density_per_km2": 1646.5136309038082, "arterial_km_per_km2": 3.0562650520861832, "log_income": 11.427378469795439, "city": "Fort Worth", "crime_count_raw": 0.0, "crime_rate_annual_per_km2_1000": 0.0 }, "geometry": { "type": "Polygon", "coordinates": [ [ [ -97.307173, 32.932451 ], [ -97.306754, 32.933449 ], [ -97.306679, 32.937338 ], [ -97.306668, 32.939079 ], [ -97.305291, 32.939068 ], [ -97.281426, 32.938891 ], [ -97.281867, 32.937166 ], [ -97.281444, 32.93627 ], [ -97.281505, 32.931427 ], [ -97.289469, 32.931508 ], [ -97.294828, 32.931615 ], [ -97.295252, 32.924967 ], [ -97.295675, 32.924309 ], [ -97.294612, 32.923173 ], [ -97.294865, 32.921236 ], [ -97.291827, 32.921097 ], [ -97.291755, 32.919469 ], [ -97.289741, 32.918191 ], [ -97.289452, 32.91819 ], [ -97.289691, 32.914918 ], [ -97.296807, 32.91529 ], [ -97.303954, 32.913481 ], [ -97.307115, 32.913622 ], [ -97.306645, 32.916914 ], [ -97.306809, 32.921473 ], [ -97.306828, 32.921964 ], [ -97.307219, 32.923803 ], [ -97.307173, 32.932451 ] ] ] } },
{ "type": "Feature", "properties": { "STATEFP": "48", "COUNTYFP": "439", "TRACTCE": "105600", "GEOIDFQ": "1400000US48439105600", "GEOID": "48439105600", "NAME": "1056", "NAMELSAD": "Census Tract 1056", "STUSPS": "TX", "NAMELSADCO": "Tarrant County", "STATE_NAME": "Texas", "LSAD": "CT", "ALAND": 2555411, "AWATER": 0, "centroid_lon": -97.367094548597009, "centroid_lat": 32.676714584541614, "B03002_001E": 5435, "B03002_001M": 612, "B03002_012E": 3183, "B03002_012M": 459, "B19013_001E": 83833, "B19013_001M": 12498, "B01003_001E": 5435, "state": "48", "county": "439", "tract": "105600", "latino_share": 0.58564857405703774, "camera_count": 0, "arterial_road_m": 16712.27372433963, "land_area_km2": 2.555411, "pop_density_per_km2": 2126.8594367011806, "arterial_km_per_km2": 6.5399553043872896, "log_income": 11.336582003702775, "city": "Fort Worth", "crime_count_raw": 0.0, "crime_rate_annual_per_km2_1000": 0.0 }, "geometry": { "type": "Polygon", "coordinates": [ [ [ -97.380769, 32.675413 ], [ -97.373419, 32.681933 ], [ -97.370017, 32.685158 ], [ -97.368974, 32.684652 ], [ -97.364705, 32.684631 ], [ -97.35973, 32.684596 ], [ -97.359843, 32.677194 ], [ -97.359867, 32.672552 ], [ -97.359881, 32.671742 ], [ -97.356564, 32.671747 ], [ -97.353003, 32.671767 ], [ -97.353039, 32.670963 ], [ -97.353323, 32.670428 ], [ -97.353978, 32.669956 ], [ -97.355269, 32.669468 ], [ -97.355868, 32.66905 ], [ -97.355992, 32.668439 ], [ -97.35599, 32.667963 ], [ -97.365937, 32.670354 ], [ -97.371986, 32.671764 ], [ -97.377206, 32.673215 ], [ -97.381166, 32.67509 ], [ -97.380769, 32.675413 ] ] ] } },
{ "type": "Feature", "properties": { "STATEFP": "48", "COUNTYFP": "439", "TRACTCE": "101401", "GEOIDFQ": "1400000US48439101401", "GEOID": "48439101401", "NAME": "1014.01", "NAMELSAD": "Census Tract 1014.01", "STUSPS": "TX", "NAMELSADCO": "Tarrant County", "STATE_NAME": "Texas", "LSAD": "CT", "ALAND": 3859420, "AWATER": 47192, "centroid_lon": -97.247685093179982, "centroid_lat": 32.752436711604744, "B03002_001E": 5796, "B03002_001M": 758, "B03002_012E": 2784, "B03002_012M": 635, "B19013_001E": 55436, "B19013_001M": 10864, "B01003_001E": 5796, "state": "48", "county": "439", "tract": "101401", "latino_share": 0.48033126293995859, "camera_count": 1, "arterial_road_m": 12365.676912409617, "land_area_km2": 3.85942, "pop_density_per_km2": 1501.780060216302, "arterial_km_per_km2": 3.2040246753163988, "log_income": 10.922984481188694, "city": "Fort Worth", "crime_count_raw": 0.0, "crime_rate_annual_per_km2_1000": 0.0 }, "geometry": { "type": "Polygon", "coordinates": [ [ [ -97.26264, 32.745686 ], [ -97.261689, 32.746796 ], [ -97.261672, 32.757353 ], [ -97.261697, 32.758089 ], [ -97.241974, 32.760509 ], [ -97.239944, 32.760693 ], [ -97.239634, 32.760702 ], [ -97.239569, 32.760064 ], [ -97.236896, 32.75694 ], [ -97.234629, 32.756206 ], [ -97.233032, 32.754699 ], [ -97.232912, 32.751542 ], [ -97.233584, 32.746076 ], [ -97.234381, 32.746066 ], [ -97.238124, 32.746045 ], [ -97.243609, 32.745677 ], [ -97.244993, 32.745668 ], [ -97.253684, 32.745769 ], [ -97.254052, 32.745773 ], [ -97.26184, 32.745714 ], [ -97.26264, 32.745686 ] ] ] } },
{ "type": "Feature", "properties": { "STATEFP": "48", "COUNTYFP": "439", "TRACTCE": "123600", "GEOIDFQ": "1400000US48439123600", "GEOID": "48439123600", "NAME": "1236", "NAMELSAD": "Census Tract 1236", "STUSPS": "TX", "NAMELSADCO": "Tarrant County", "STATE_NAME": "Texas", "LSAD": "CT", "ALAND": 2503507, "AWATER": 0, "centroid_lon": -97.328321491177505, "centroid_lat": 32.730176476829428, "B03002_001E": 3442, "B03002_001M": 455, "B03002_012E": 718, "B03002_012M": 309, "B19013_001E": 64809, "B19013_001M": 10204, "B01003_001E": 3442, "state": "48", "county": "439", "tract": "123600", "latino_share": 0.20859965136548519, "camera_count": 0, "arterial_road_m": 16099.856466715239, "land_area_km2": 2.503507, "pop_density_per_km2": 1374.8713304975781, "arterial_km_per_km2": 6.4309212903000628, "log_income": 11.079199761585086, "city": "Fort Worth", "crime_count_raw": 0.0, "crime_rate_annual_per_km2_1000": 0.0 }, "geometry": { "type": "Polygon", "coordinates": [ [ [ -97.337586, 32.743617 ], [ -97.334542, 32.744988 ], [ -97.332971, 32.745284 ], [ -97.32584, 32.745154 ], [ -97.321397, 32.744992 ], [ -97.321541, 32.741835 ], [ -97.325859, 32.741805 ], [ -97.325879, 32.737955 ], [ -97.325865, 32.73556 ], [ -97.32426, 32.7355 ], [ -97.324235, 32.733046 ], [ -97.326429, 32.733114 ], [ -97.326366, 32.725994 ], [ -97.324692, 32.725946 ], [ -97.322537, 32.726027 ], [ -97.322697, 32.724403 ], [ -97.324743, 32.717323 ], [ -97.324228, 32.717269 ], [ -97.324259, 32.712977 ], [ -97.325362, 32.713116 ], [ -97.326231, 32.713822 ], [ -97.327799, 32.714275 ], [ -97.327442, 32.713144 ], [ -97.331608, 32.713139 ], [ -97.331591, 32.718155 ], [ -97.331545, 32.728216 ], [ -97.331561, 32.73314 ], [ -97.331825, 32.736517 ], [ -97.331662, 32.742102 ], [ -97.337626, 32.742339 ], [ -97.337586, 32.743617 ] ] ] } },
{ "type": "Feature", "properties": { "STATEFP": "48", "COUNTYFP": "439", "TRACTCE": "110805", "GEOIDFQ": "1400000US48439110805", "GEOID": "48439110805", "NAME": "1108.05", "NAMELSAD": "Census Tract 1108.05", "STUSPS": "TX", "NAMELSADCO": "Tarrant County", "STATE_NAME": "Texas", "LSAD": "CT", "ALAND": 5608000, "AWATER": 4832, "centroid_lon": -97.491963513552818, "centroid_lat": 32.749234429375875, "B03002_001E": 6647, "B03002_001M": 724, "B03002_012E": 2105, "B03002_012M": 639, "B19013_001E": 90430, "B19013_001M": 21601, "B01003_001E": 6647, "state": "48", "county": "439", "tract": "110805", "latino_share": 0.31668421844441103, "camera_count": 6, "arterial_road_m": 30058.472383994831, "land_area_km2": 5.608, "pop_density_per_km2": 1185.2710413694722, "arterial_km_per_km2": 5.3599273152629872, "log_income": 11.412331349734526, "city": "Fort Worth", "crime_count_raw": 0.0, "crime_rate_annual_per_km2_1000": 0.0 }, "geometry": { "type": "Polygon", "coordinates": [ [ [ -97.507749, 32.74915 ], [ -97.506829, 32.751542 ], [ -97.503612, 32.754516 ], [ -97.501104, 32.756774 ], [ -97.500284, 32.757906 ], [ -97.499657, 32.759293 ], [ -97.49096, 32.75918 ], [ -97.488797, 32.759465 ], [ -97.485241, 32.761694 ], [ -97.483602, 32.762636 ], [ -97.48198, 32.761119 ], [ -97.477605, 32.760871 ], [ -97.479426, 32.751596 ], [ -97.481174, 32.741857 ], [ -97.481158, 32.738115 ], [ -97.482118, 32.73803 ], [ -97.483462, 32.737808 ], [ -97.483485, 32.739556 ], [ -97.486128, 32.738023 ], [ -97.494577, 32.738022 ], [ -97.503511, 32.738596 ], [ -97.503483, 32.741245 ], [ -97.50743, 32.746889 ], [ -97.507749, 32.74915 ] ] ] } },
{ "type": "Feature", "properties": { "STATEFP": "48", "COUNTYFP": "439", "TRACTCE": "106502", "GEOIDFQ": "1400000US48439106502", "GEOID": "48439106502", "NAME": "1065.02", "NAMELSAD": "Census Tract 1065.02", "STUSPS": "TX", "NAMELSADCO": "Tarrant County", "STATE_NAME": "Texas", "LSAD": "CT", "ALAND": 2461990, "AWATER": 3118, "centroid_lon": -97.226415103418589, "centroid_lat": 32.754194352279079, "B03002_001E": 2465, "B03002_001M": 343, "B03002_012E": 580, "B03002_012M": 246, "B19013_001E": 54718, "B19013_001M": 11247, "B01003_001E": 2465, "state": "48", "county": "439", "tract": "106502", "latino_share": 0.23529411764705882, "camera_count": 4, "arterial_road_m": 16490.705631233533, "land_area_km2": 2.46199, "pop_density_per_km2": 1001.2225882314713, "arterial_km_per_km2": 6.6981204762137674, "log_income": 10.909948001920872, "city": "Fort Worth", "crime_count_raw": 0.0, "crime_rate_annual_per_km2_1000": 0.0 }, "geometry": { "type": "Polygon", "coordinates": [ [ [ -97.239634, 32.760702 ], [ -97.236732, 32.760813 ], [ -97.230006, 32.760388 ], [ -97.225773, 32.760067 ], [ -97.223903, 32.759951 ], [ -97.214164, 32.759904 ], [ -97.216579, 32.754739 ], [ -97.222325, 32.746068 ], [ -97.226068, 32.74608 ], [ -97.233584, 32.746076 ], [ -97.232912, 32.751542 ], [ -97.233032, 32.754699 ], [ -97.234629, 32.756206 ], [ -97.236896, 32.75694 ], [ -97.239569, 32.760064 ], [ -97.239634, 32.760702 ] ] ] } },
{ "type": "Feature", "properties": { "STATEFP": "48", "COUNTYFP": "439", "TRACTCE": "101402", "GEOIDFQ": "1400000US48439101402", "GEOID": "48439101402", "NAME": "1014.02", "NAMELSAD": "Census Tract 1014.02", "STUSPS": "TX", "NAMELSADCO": "Tarrant County", "STATE_NAME": "Texas", "LSAD": "CT", "ALAND": 2132953, "AWATER": 0, "centroid_lon": -97.261526131696613, "centroid_lat": 32.738976073101242, "B03002_001E": 4710, "B03002_001M": 1030, "B03002_012E": 3659, "B03002_012M": 927, "B19013_001E": 56548, "B19013_001M": 22521, "B01003_001E": 4710, "state": "48", "county": "439", "tract": "101402", "latino_share": 0.77685774946921449, "camera_count": 2, "arterial_road_m": 9687.0053177435784, "land_area_km2": 2.132953, "pop_density_per_km2": 2208.2061817583417, "arterial_km_per_km2": 4.5415934236448612, "log_income": 10.942845113986923, "city": "Fort Worth", "crime_count_raw": 0.0, "crime_rate_annual_per_km2_1000": 0.0 }, "geometry": { "type": "Polygon", "coordinates": [ [ [ -97.270886, 32.741009 ], [ -97.270816, 32.743949 ], [ -97.267784, 32.74337 ], [ -97.26264, 32.745686 ], [ -97.26184, 32.745714 ], [ -97.254052, 32.745773 ], [ -97.253684, 32.745769 ], [ -97.253691, 32.740974 ], [ -97.253701, 32.734679 ], [ -97.253739, 32.731222 ], [ -97.257352, 32.731225 ], [ -97.259891, 32.73125 ], [ -97.259891, 32.734372 ], [ -97.261946, 32.734246 ], [ -97.269394, 32.733829 ], [ -97.27097, 32.733871 ], [ -97.270886, 32.741009 ] ] ] } },
{ "type": "Feature", "properties": { "STATEFP": "48", "COUNTYFP": "439", "TRACTCE": "106522", "GEOIDFQ": "1400000US48439106522", "GEOID": "48439106522", "NAME": "1065.22", "NAMELSAD": "Census Tract 1065.22", "STUSPS": "TX", "NAMELSADCO": "Tarrant County", "STATE_NAME": "Texas", "LSAD": "CT", "ALAND": 3465090, "AWATER": 0, "centroid_lon": -97.204356794953455, "centroid_lat": 32.769731625846077, "B03002_001E": 4462, "B03002_001M": 624, "B03002_012E": 1526, "B03002_012M": 603, "B19013_001E": 68846, "B19013_001M": 30071, "B01003_001E": 4462, "state": "48", "county": "439", "tract": "106522", "latino_share": 0.34199910354101298, "camera_count": 0, "arterial_road_m": 19736.969843928011, "land_area_km2": 3.46509, "pop_density_per_km2": 1287.7010409542031, "arterial_km_per_km2": 5.6959472463710936, "log_income": 11.139627405156087, "city": "Fort Worth", "crime_count_raw": 0.0, "crime_rate_annual_per_km2_1000": 0.0 }, "geometry": { "type": "Polygon", "coordinates": [ [ [ -97.21317, 32.762189 ], [ -97.212935, 32.766412 ], [ -97.212896, 32.768314 ], [ -97.212769, 32.778329 ], [ -97.210897, 32.778374 ], [ -97.208198, 32.779774 ], [ -97.201029, 32.780034 ], [ -97.195485, 32.779114 ], [ -97.195923, 32.76588 ], [ -97.196025, 32.762407 ], [ -97.197457, 32.759863 ], [ -97.214164, 32.759904 ], [ -97.21317, 32.762189 ] ] ] } },
{ "type": "Feature", "properties": { "STATEFP": "48", "COUNTYFP": "439", "TRACTCE": "104301", "GEOIDFQ": "1400000US48439104301", "GEOID": "48439104301", "NAME": "1043.01", "NAMELSAD": "Census Tract 1043.01", "STUSPS": "TX", "NAMELSADCO": "Tarrant County", "STATE_NAME": "Texas", "LSAD": "CT", "ALAND": 1364358, "AWATER": 0, "centroid_lon": -97.356482252411169, "centroid_lat": 32.705291091420257, "B03002_001E": 2417, "B03002_001M": 394, "B03002_012E": 428, "B03002_012M": 114, "B19013_001E": 53912, "B19013_001M": 15655, "B01003_001E": 2417, "state": "48", "county": "439", "tract": "104301", "latino_share": 0.17707902358295408, "camera_count": 0, "arterial_road_m": 9505.1471188428186, "land_area_km2": 1.364358, "pop_density_per_km2": 1771.5291734280886, "arterial_km_per_km2": 6.96675441404882, "log_income": 10.895108366626053, "city": "Fort Worth", "crime_count_raw": 0.0, "crime_rate_annual_per_km2_1000": 0.0 }, "geometry": { "type": "Polygon", "coordinates": [ [ [ -97.360505, 32.70186 ], [ -97.360486, 32.706201 ], [ -97.360457, 32.709632 ], [ -97.360436, 32.711713 ], [ -97.360419, 32.713804 ], [ -97.3572, 32.71378 ], [ -97.3572, 32.711712 ], [ -97.356134, 32.712761 ], [ -97.352096, 32.71275 ], [ -97.352285, 32.709629 ], [ -97.352351, 32.706061 ], [ -97.348107, 32.706041 ], [ -97.348069, 32.706041 ], [ -97.350217, 32.704013 ], [ -97.352394, 32.701938 ], [ -97.352617, 32.701714 ], [ -97.356361, 32.698124 ], [ -97.360348, 32.694293 ], [ -97.3605, 32.694544 ], [ -97.361036, 32.699393 ], [ -97.360505, 32.70186 ] ] ] } },
{ "type": "Feature", "properties": { "STATEFP": "48", "COUNTYFP": "439", "TRACTCE": "111031", "GEOIDFQ": "1400000US48439111031", "GEOID": "48439111031", "NAME": "1110.31", "NAMELSAD": "Census Tract 1110.31", "STUSPS": "TX", "NAMELSADCO": "Tarrant County", "STATE_NAME": "Texas", "LSAD": "CT", "ALAND": 4841119, "AWATER": 38072, "centroid_lon": -97.420109807761506, "centroid_lat": 32.612952716319917, "B03002_001E": 2875, "B03002_001M": 668, "B03002_012E": 701, "B03002_012M": 328, "B19013_001E": 136165, "B19013_001M": 28604, "B01003_001E": 2875, "state": "48", "county": "439", "tract": "111031", "latino_share": 0.24382608695652175, "camera_count": 0, "arterial_road_m": 19978.013748495498, "land_area_km2": 4.841119, "pop_density_per_km2": 593.87096247788998, "arterial_km_per_km2": 4.1267346967706224, "log_income": 11.821622664637095, "city": "Fort Worth", "crime_count_raw": 0.0, "crime_rate_annual_per_km2_1000": 0.0 }, "geometry": { "type": "Polygon", "coordinates": [ [ [ -97.434253, 32.610736 ], [ -97.430162, 32.616366 ], [ -97.428502, 32.61795 ], [ -97.424324, 32.620901 ], [ -97.42327, 32.621964 ], [ -97.415055, 32.635121 ], [ -97.412886, 32.629565 ], [ -97.412805, 32.629261 ], [ -97.412515, 32.627949 ], [ -97.412291, 32.625187 ], [ -97.412491, 32.615425 ], [ -97.412575, 32.599155 ], [ -97.412987, 32.597786 ], [ -97.41401, 32.59602 ], [ -97.416374, 32.593958 ], [ -97.416489, 32.59984 ], [ -97.426924, 32.599932 ], [ -97.429226, 32.599902 ], [ -97.429341, 32.610357 ], [ -97.429471, 32.61072 ], [ -97.433701, 32.610722 ], [ -97.434253, 32.610736 ] ] ] } },
{ "type": "Feature", "properties": { "STATEFP": "48", "COUNTYFP": "439", "TRACTCE": "106512", "GEOIDFQ": "1400000US48439106512", "GEOID": "48439106512", "NAME": "1065.12", "NAMELSAD": "Census Tract 1065.12", "STUSPS": "TX", "NAMELSADCO": "Tarrant County", "STATE_NAME": "Texas", "LSAD": "CT", "ALAND": 2360814, "AWATER": 0, "centroid_lon": -97.190528217121525, "centroid_lat": 32.752532167028839, "B03002_001E": 5094, "B03002_001M": 718, "B03002_012E": 813, "B03002_012M": 418, "B19013_001E": 68469, "B19013_001M": 13235, "B01003_001E": 5094, "state": "48", "county": "439", "tract": "106512", "latino_share": 0.15959952885747938, "camera_count": 2, "arterial_road_m": 10429.812397022453, "land_area_km2": 2.360814, "pop_density_per_km2": 2157.7303421616443, "arterial_km_per_km2": 4.4178882355926614, "log_income": 11.134136367071987, "city": "Fort Worth", "crime_count_raw": 0.0, "crime_rate_annual_per_km2_1000": 0.0 }, "geometry": { "type": "Polygon", "coordinates": [ [ [ -97.198573, 32.754607 ], [ -97.198418, 32.758186 ], [ -97.197457, 32.759863 ], [ -97.190905, 32.759886 ], [ -97.183286, 32.759991 ], [ -97.183231, 32.752454 ], [ -97.18308, 32.751536 ], [ -97.18123, 32.74881 ], [ -97.181224, 32.746259 ], [ -97.181649, 32.745649 ], [ -97.187434, 32.745596 ], [ -97.18972, 32.745651 ], [ -97.190792, 32.745607 ], [ -97.19428, 32.745681 ], [ -97.19879, 32.745758 ], [ -97.198573, 32.754607 ] ] ] } },
{ "type": "Feature", "properties": { "STATEFP": "48", "COUNTYFP": "439", "TRACTCE": "113947", "GEOIDFQ": "1400000US48439113947", "GEOID": "48439113947", "NAME": "1139.47", "NAMELSAD": "Census Tract 1139.47", "STUSPS": "TX", "NAMELSADCO": "Tarrant County", "STATE_NAME": "Texas", "LSAD": "CT", "ALAND": 1793036, "AWATER": 7948, "centroid_lon": -97.281793063032438, "centroid_lat": 32.907188953363814, "B03002_001E": 3293, "B03002_001M": 324, "B03002_012E": 674, "B03002_012M": 196, "B19013_001E": 164103, "B19013_001M": 22788, "B01003_001E": 3293, "state": "48", "county": "439", "tract": "113947", "latino_share": 0.20467658669905861, "camera_count": 3, "arterial_road_m": 5239.4895818276636, "land_area_km2": 1.793036, "pop_density_per_km2": 1836.5498517598085, "arterial_km_per_km2": 2.9221329531742044, "log_income": 12.008249558446726, "city": "Fort Worth", "crime_count_raw": 0.0, "crime_rate_annual_per_km2_1000": 0.0 }, "geometry": { "type": "Polygon", "coordinates": [ [ [ -97.289691, 32.914918 ], [ -97.286536, 32.914563 ], [ -97.281148, 32.91088 ], [ -97.279138, 32.910155 ], [ -97.27782, 32.91021 ], [ -97.27253, 32.911527 ], [ -97.272517, 32.901941 ], [ -97.278414, 32.901994 ], [ -97.28405, 32.902043 ], [ -97.289616, 32.902088 ], [ -97.289721, 32.908209 ], [ -97.289691, 32.914918 ] ] ] } },
{ "type": "Feature", "properties": { "STATEFP": "48", "COUNTYFP": "439", "TRACTCE": "106526", "GEOIDFQ": "1400000US48439106526", "GEOID": "48439106526", "NAME": "1065.26", "NAMELSAD": "Census Tract 1065.26", "STUSPS": "TX", "NAMELSADCO": "Tarrant County", "STATE_NAME": "Texas", "LSAD": "CT", "ALAND": 7567851, "AWATER": 68496, "centroid_lon": -97.195090285592201, "centroid_lat": 32.790855106481274, "B03002_001E": 6742, "B03002_001M": 884, "B03002_012E": 756, "B03002_012M": 316, "B19013_001E": 122566, "B19013_001M": 25221, "B01003_001E": 6742, "state": "48", "county": "439", "tract": "106526", "latino_share": 0.11213289824977751, "camera_count": 4, "arterial_road_m": 10407.368861129558, "land_area_km2": 7.567851, "pop_density_per_km2": 890.87377645252263, "arterial_km_per_km2": 1.3752079502000711, "log_income": 11.716404939389708, "city": "Fort Worth", "crime_count_raw": 0.0, "crime_rate_annual_per_km2_1000": 0.0 }, "geometry": { "type": "Polygon", "coordinates": [ [ [ -97.212732, 32.781337 ], [ -97.212417, 32.794176 ], [ -97.212407, 32.794428 ], [ -97.212307, 32.797901 ], [ -97.210109, 32.798004 ], [ -97.205462, 32.801217 ], [ -97.202645, 32.802388 ], [ -97.19487, 32.802658 ], [ -97.191284, 32.802445 ], [ -97.183762, 32.802466 ], [ -97.183224, 32.801915 ], [ -97.180519, 32.800247 ], [ -97.178082, 32.798296 ], [ -97.177477, 32.794038 ], [ -97.177423, 32.79137 ], [ -97.177829, 32.783915 ], [ -97.178502, 32.781815 ], [ -97.179058, 32.780257 ], [ -97.179249, 32.779657 ], [ -97.17978, 32.779702 ], [ -97.186604, 32.780276 ], [ -97.193421, 32.781655 ], [ -97.196137, 32.780977 ], [ -97.199049, 32.781129 ], [ -97.201029, 32.780034 ], [ -97.208198, 32.779774 ], [ -97.210897, 32.778374 ], [ -97.212769, 32.778329 ], [ -97.212732, 32.781337 ] ] ] } },
{ "type": "Feature", "properties": { "STATEFP": "48", "COUNTYFP": "439", "TRACTCE": "123301", "GEOIDFQ": "1400000US48439123301", "GEOID": "48439123301", "NAME": "1233.01", "NAMELSAD": "Census Tract 1233.01", "STUSPS": "TX", "NAMELSADCO": "Tarrant County", "STATE_NAME": "Texas", "LSAD": "CT", "ALAND": 2528565, "AWATER": 99389, "centroid_lon": -97.345002694619652, "centroid_lat": 32.745375722663361, "B03002_001E": 1629, "B03002_001M": 228, "B03002_012E": 197, "B03002_012M": 119, "B19013_001E": 96250, "B19013_001M": 9226, "B01003_001E": 1629, "state": "48", "county": "439", "tract": "123301", "latino_share": 0.12093308778391651, "camera_count": 6, "arterial_road_m": 41885.574754571731, "land_area_km2": 2.528565, "pop_density_per_km2": 644.23892603116792, "arterial_km_per_km2": 16.564958683906376, "log_income": 11.474704252150032, "city": "Fort Worth", "crime_count_raw": 0.0, "crime_rate_annual_per_km2_1000": 0.0 }, "geometry": { "type": "Polygon", "coordinates": [ [ [ -97.360339, 32.735 ], [ -97.356761, 32.739022 ], [ -97.351774, 32.743606 ], [ -97.349399, 32.746921 ], [ -97.347068, 32.75 ], [ -97.346741, 32.750971 ], [ -97.345587, 32.754559 ], [ -97.342384, 32.758087 ], [ -97.340753, 32.756734 ], [ -97.339437, 32.754834 ], [ -97.337449, 32.75182 ], [ -97.335711, 32.75183 ], [ -97.333465, 32.750932 ], [ -97.332882, 32.750005 ], [ -97.332971, 32.745284 ], [ -97.334542, 32.744988 ], [ -97.337586, 32.743617 ], [ -97.341084, 32.741855 ], [ -97.341563, 32.741548 ], [ -97.341776, 32.741461 ], [ -97.346343, 32.739167 ], [ -97.350457, 32.737069 ], [ -97.358787, 32.732802 ], [ -97.359891, 32.734076 ], [ -97.360339, 32.735 ] ] ] } },
{ "type": "Feature", "properties": { "STATEFP": "48", "COUNTYFP": "439", "TRACTCE": "113916", "GEOIDFQ": "1400000US48439113916", "GEOID": "48439113916", "NAME": "1139.16", "NAMELSAD": "Census Tract 1139.16", "STUSPS": "TX", "NAMELSADCO": "Tarrant County", "STATE_NAME": "Texas", "LSAD": "CT", "ALAND": 1845248, "AWATER": 0, "centroid_lon": -97.298366190952905, "centroid_lat": 32.866832603402365, "B03002_001E": 3983, "B03002_001M": 615, "B03002_012E": 1077, "B03002_012M": 391, "B19013_001E": 86557, "B19013_001M": 14870, "B01003_001E": 3983, "state": "48", "county": "439", "tract": "113916", "latino_share": 0.27039919658548833, "camera_count": 0, "arterial_road_m": 9229.0412918255806, "land_area_km2": 1.845248, "pop_density_per_km2": 2158.5174458934516, "arterial_km_per_km2": 5.0015181112921301, "log_income": 11.36855843543904, "city": "Fort Worth", "crime_count_raw": 0.0, "crime_rate_annual_per_km2_1000": 0.0 }, "geometry": { "type": "Polygon", "coordinates": [ [ [ -97.306686, 32.865482 ], [ -97.305355, 32.866403 ], [ -97.303991, 32.865342 ], [ -97.303715, 32.865744 ], [ -97.305809, 32.871173 ], [ -97.30605, 32.872692 ], [ -97.301865, 32.87268 ], [ -97.297144, 32.873216 ], [ -97.292698, 32.873206 ], [ -97.290436, 32.8726 ], [ -97.290908, 32.871425 ], [ -97.291326, 32.869752 ], [ -97.291365, 32.868625 ], [ -97.291381, 32.866816 ], [ -97.291251, 32.864877 ], [ -97.290073, 32.86097 ], [ -97.304745, 32.861037 ], [ -97.307012, 32.860943 ], [ -97.306686, 32.865482 ] ] ] } },
{ "type": "Feature", "properties": { "STATEFP": "48", "COUNTYFP": "439", "TRACTCE": "105505", "GEOIDFQ": "1400000US48439105505", "GEOID": "48439105505", "NAME": "1055.05", "NAMELSAD": "Census Tract 1055.05", "STUSPS": "TX", "NAMELSADCO": "Tarrant County", "STATE_NAME": "Texas", "LSAD": "CT", "ALAND": 2144503, "AWATER": 0, "centroid_lon": -97.393416470787074, "centroid_lat": 32.671074368450213, "B03002_001E": 4980, "B03002_001M": 797, "B03002_012E": 1087, "B03002_012M": 377, "B19013_001E": 65015, "B19013_001M": 19552, "B01003_001E": 4980, "state": "48", "county": "439", "tract": "105505", "latino_share": 0.21827309236947792, "camera_count": 2, "arterial_road_m": 9459.8033700674441, "land_area_km2": 2.144503, "pop_density_per_km2": 2322.2163830034278, "arterial_km_per_km2": 4.4111868204742288, "log_income": 11.082373291485419, "city": "Fort Worth", "crime_count_raw": 0.0, "crime_rate_annual_per_km2_1000": 0.0 }, "geometry": { "type": "Polygon", "coordinates": [ [ [ -97.402357, 32.664078 ], [ -97.402038, 32.664644 ], [ -97.400862, 32.666578 ], [ -97.400441, 32.667462 ], [ -97.400165, 32.668433 ], [ -97.399956, 32.671156 ], [ -97.399563, 32.673513 ], [ -97.398145, 32.6751 ], [ -97.3957, 32.677337 ], [ -97.395339, 32.677782 ], [ -97.393183, 32.680872 ], [ -97.391274, 32.679964 ], [ -97.387302, 32.678102 ], [ -97.381166, 32.67509 ], [ -97.386467, 32.670699 ], [ -97.389902, 32.667856 ], [ -97.392883, 32.665388 ], [ -97.396113, 32.6627 ], [ -97.396181, 32.662644 ], [ -97.400002, 32.659475 ], [ -97.401541, 32.660758 ], [ -97.401994, 32.661327 ], [ -97.402509, 32.662796 ], [ -97.402357, 32.664078 ] ] ] } },
{ "type": "Feature", "properties": { "STATEFP": "48", "COUNTYFP": "439", "TRACTCE": "104400", "GEOIDFQ": "1400000US48439104400", "GEOID": "48439104400", "NAME": "1044", "NAMELSAD": "Census Tract 1044", "STUSPS": "TX", "NAMELSADCO": "Tarrant County", "STATE_NAME": "Texas", "LSAD": "CT", "ALAND": 2492668, "AWATER": 0, "centroid_lon": -97.337814762738475, "centroid_lat": 32.708387628960793, "B03002_001E": 6280, "B03002_001M": 1225, "B03002_012E": 3701, "B03002_012M": 955, "B19013_001E": 77946, "B19013_001M": 20283, "B01003_001E": 6280, "state": "48", "county": "439", "tract": "104400", "latino_share": 0.58933121019108281, "camera_count": 2, "arterial_road_m": 4700.5962659885427, "land_area_km2": 2.492668, "pop_density_per_km2": 2519.3888636593401, "arterial_km_per_km2": 1.8857690899825175, "log_income": 11.263771558223787, "city": "Fort Worth", "crime_count_raw": 0.0, "crime_rate_annual_per_km2_1000": 0.0 }, "geometry": { "type": "Polygon", "coordinates": [ [ [ -97.344571, 32.709364 ], [ -97.343829, 32.711395 ], [ -97.343769, 32.718054 ], [ -97.339095, 32.718041 ], [ -97.331591, 32.718155 ], [ -97.331608, 32.713139 ], [ -97.331636, 32.709536 ], [ -97.331688, 32.698695 ], [ -97.340268, 32.69867 ], [ -97.342784, 32.698664 ], [ -97.343837, 32.698636 ], [ -97.343854, 32.707763 ], [ -97.345968, 32.707777 ], [ -97.344571, 32.709364 ] ] ] } },
{ "type": "Feature", "properties": { "STATEFP": "48", "COUNTYFP": "439", "TRACTCE": "104504", "GEOIDFQ": "1400000US48439104504", "GEOID": "48439104504", "NAME": "1045.04", "NAMELSAD": "Census Tract 1045.04", "STUSPS": "TX", "NAMELSADCO": "Tarrant County", "STATE_NAME": "Texas", "LSAD": "CT", "ALAND": 2886941, "AWATER": 66593, "centroid_lon": -97.31129991481329, "centroid_lat": 32.691367868248612, "B03002_001E": 2886, "B03002_001M": 572, "B03002_012E": 2254, "B03002_012M": 547, "B19013_001E": 37267, "B19013_001M": 17127, "B01003_001E": 2886, "state": "48", "county": "439", "tract": "104504", "latino_share": 0.78101178101178104, "camera_count": 0, "arterial_road_m": 9121.8980398854437, "land_area_km2": 2.886941, "pop_density_per_km2": 999.67404945234409, "arterial_km_per_km2": 3.1597105863560921, "log_income": 10.525863495538852, "city": "Fort Worth", "crime_count_raw": 0.0, "crime_rate_annual_per_km2_1000": 0.0 }, "geometry": { "type": "Polygon", "coordinates": [ [ [ -97.320555, 32.703218 ], [ -97.317433, 32.701521 ], [ -97.314784, 32.700468 ], [ -97.31294, 32.700013 ], [ -97.310224, 32.699467 ], [ -97.305952, 32.696568 ], [ -97.30468, 32.695207 ], [ -97.304541, 32.690589 ], [ -97.304027, 32.689746 ], [ -97.299516, 32.687503 ], [ -97.297722, 32.687303 ], [ -97.289216, 32.684786 ], [ -97.305442, 32.684345 ], [ -97.306258, 32.684387 ], [ -97.306351, 32.684454 ], [ -97.312642, 32.684396 ], [ -97.315221, 32.68437 ], [ -97.32055, 32.684334 ], [ -97.320531, 32.694896 ], [ -97.32053, 32.6986 ], [ -97.320555, 32.703218 ] ] ] } },
{ "type": "Feature", "properties": { "STATEFP": "48", "COUNTYFP": "439", "TRACTCE": "105206", "GEOIDFQ": "1400000US48439105206", "GEOID": "48439105206", "NAME": "1052.06", "NAMELSAD": "Census Tract 1052.06", "STUSPS": "TX", "NAMELSADCO": "Tarrant County", "STATE_NAME": "Texas", "LSAD": "CT", "ALAND": 640834, "AWATER": 0, "centroid_lon": -97.470622198492919, "centroid_lat": 32.727817343572219, "B03002_001E": 2459, "B03002_001M": 645, "B03002_012E": 538, "B03002_012M": 233, "B19013_001E": 46172, "B19013_001M": 5089, "B01003_001E": 2459, "state": "48", "county": "439", "tract": "105206", "latino_share": 0.21878812525416835, "camera_count": 6, "arterial_road_m": 3106.2177177626345, "land_area_km2": 0.640834, "pop_density_per_km2": 3837.1871654749903, "arterial_km_per_km2": 4.847148743298006, "log_income": 10.740128832734802, "city": "Fort Worth", "crime_count_raw": 0.0, "crime_rate_annual_per_km2_1000": 0.0 }, "geometry": { "type": "Polygon", "coordinates": [ [ [ -97.476265, 32.726006 ], [ -97.472357, 32.72851 ], [ -97.472421, 32.729886 ], [ -97.474445, 32.731665 ], [ -97.474732, 32.732729 ], [ -97.47255, 32.73393 ], [ -97.471941, 32.732788 ], [ -97.468165, 32.730551 ], [ -97.46668, 32.728856 ], [ -97.46558, 32.727052 ], [ -97.46548, 32.724243 ], [ -97.469132, 32.724325 ], [ -97.475865, 32.7244 ], [ -97.476265, 32.726006 ] ] ] } },
{ "type": "Feature", "properties": { "STATEFP": "48", "COUNTYFP": "439", "TRACTCE": "105407", "GEOIDFQ": "1400000US48439105407", "GEOID": "48439105407", "NAME": "1054.07", "NAMELSAD": "Census Tract 1054.07", "STUSPS": "TX", "NAMELSADCO": "Tarrant County", "STATE_NAME": "Texas", "LSAD": "CT", "ALAND": 613583, "AWATER": 0, "centroid_lon": -97.418257909078193, "centroid_lat": 32.701669917053131, "B03002_001E": 2558, "B03002_001M": 326, "B03002_012E": 480, "B03002_012M": 186, "B19013_001E": 79732, "B19013_001M": 16006, "B01003_001E": 2558, "state": "48", "county": "439", "tract": "105407", "latino_share": 0.18764659890539484, "camera_count": 0, "arterial_road_m": 1143.2827464288368, "land_area_km2": 0.613583, "pop_density_per_km2": 4168.9551372837905, "arterial_km_per_km2": 1.8632894757984444, "log_income": 11.286426289842657, "city": "Fort Worth", "crime_count_raw": 0.0, "crime_rate_annual_per_km2_1000": 0.0 }, "geometry": { "type": "Polygon", "coordinates": [ [ [ -97.425564, 32.699511 ], [ -97.420692, 32.700581 ], [ -97.419898, 32.702803 ], [ -97.414065, 32.707337 ], [ -97.411812, 32.707669 ], [ -97.411808, 32.704684 ], [ -97.41297, 32.704097 ], [ -97.41522, 32.701066 ], [ -97.418478, 32.69812 ], [ -97.422108, 32.697316 ], [ -97.424185, 32.696424 ], [ -97.426626, 32.698844 ], [ -97.425564, 32.699511 ] ] ] } },
{ "type": "Feature", "properties": { "STATEFP": "48", "COUNTYFP": "439", "TRACTCE": "106518", "GEOIDFQ": "1400000US48439106518", "GEOID": "48439106518", "NAME": "1065.18", "NAMELSAD": "Census Tract 1065.18", "STUSPS": "TX", "NAMELSADCO": "Tarrant County", "STATE_NAME": "Texas", "LSAD": "CT", "ALAND": 7796233, "AWATER": 0, "centroid_lon": -97.046293590113791, "centroid_lat": 32.823068998996831, "B03002_001E": 6281, "B03002_001M": 919, "B03002_012E": 1401, "B03002_012M": 599, "B19013_001E": 65799, "B19013_001M": 15187, "B01003_001E": 6281, "state": "48", "county": "439", "tract": "106518", "latino_share": 0.2230536538767712, "camera_count": 1, "arterial_road_m": 43933.798867672027, "land_area_km2": 7.796233, "pop_density_per_km2": 805.64549571568728, "arterial_km_per_km2": 5.6352598578918851, "log_income": 11.094359919629536, "city": "Fort Worth", "crime_count_raw": 0.0, "crime_rate_annual_per_km2_1000": 0.0 }, "geometry": { "type": "Polygon", "coordinates": [ [ [ -97.06129, 32.837539 ], [ -97.061287, 32.83784 ], [ -97.057246, 32.838644 ], [ -97.054039, 32.83852 ], [ -97.046403, 32.837055 ], [ -97.036495, 32.836916 ], [ -97.03386, 32.83695 ], [ -97.033862, 32.836508 ], [ -97.033904, 32.83429 ], [ -97.034226, 32.816958 ], [ -97.034233, 32.816662 ], [ -97.034437, 32.805156 ], [ -97.034396, 32.803309 ], [ -97.034405, 32.802937 ], [ -97.034711, 32.788482 ], [ -97.035668, 32.789556 ], [ -97.037151, 32.793196 ], [ -97.035498, 32.792908 ], [ -97.034888, 32.793647 ], [ -97.035092, 32.796713 ], [ -97.036662, 32.797339 ], [ -97.037167, 32.799353 ], [ -97.036596, 32.802635 ], [ -97.036946, 32.804998 ], [ -97.037696, 32.806567 ], [ -97.041156, 32.807133 ], [ -97.041831, 32.808671 ], [ -97.042868, 32.809191 ], [ -97.044625, 32.807942 ], [ -97.046318, 32.809098 ], [ -97.048112, 32.813266 ], [ -97.049082, 32.8139 ], [ -97.048929, 32.811339 ], [ -97.05021, 32.811097 ], [ -97.053658, 32.812502 ], [ -97.0539, 32.81494 ], [ -97.054916, 32.815397 ], [ -97.056575, 32.813645 ], [ -97.057939, 32.815649 ], [ -97.058901, 32.817121 ], [ -97.059314, 32.817732 ], [ -97.059863, 32.818579 ], [ -97.060573, 32.819836 ], [ -97.061264, 32.822354 ], [ -97.061305, 32.828078 ], [ -97.06129, 32.837539 ] ] ] } },
{ "type": "Feature", "properties": { "STATEFP": "48", "COUNTYFP": "439", "TRACTCE": "104603", "GEOIDFQ": "1400000US48439104603", "GEOID": "48439104603", "NAME": "1046.03", "NAMELSAD": "Census Tract 1046.03", "STUSPS": "TX", "NAMELSADCO": "Tarrant County", "STATE_NAME": "Texas", "LSAD": "CT", "ALAND": 2484889, "AWATER": 0, "centroid_lon": -97.270241940371463, "centroid_lat": 32.685471626908971, "B03002_001E": 4171, "B03002_001M": 786, "B03002_012E": 3283, "B03002_012M": 824, "B19013_001E": 43617, "B19013_001M": 15934, "B01003_001E": 4171, "state": "48", "county": "439", "tract": "104603", "latino_share": 0.78710141452888993, "camera_count": 0, "arterial_road_m": 6302.6940288086171, "land_area_km2": 2.484889, "pop_density_per_km2": 1678.5458022471025, "arterial_km_per_km2": 2.5364086801497443, "log_income": 10.683202261599535, "city": "Fort Worth", "crime_count_raw": 0.0, "crime_rate_annual_per_km2_1000": 0.0 }, "geometry": { "type": "Polygon", "coordinates": [ [ [ -97.280244, 32.692287 ], [ -97.271502, 32.692231 ], [ -97.26307, 32.692194 ], [ -97.262078, 32.69212 ], [ -97.262084, 32.687196 ], [ -97.262183, 32.675047 ], [ -97.263451, 32.675629 ], [ -97.271576, 32.679271 ], [ -97.280153, 32.683214 ], [ -97.28023, 32.684016 ], [ -97.280244, 32.692287 ] ] ] } },
{ "type": "Feature", "properties": { "STATEFP": "48", "COUNTYFP": "439", "TRACTCE": "100102", "GEOIDFQ": "1400000US48439100102", "GEOID": "48439100102", "NAME": "1001.02", "NAMELSAD": "Census Tract 1001.02", "STUSPS": "TX", "NAMELSADCO": "Tarrant County", "STATE_NAME": "Texas", "LSAD": "CT", "ALAND": 2841943, "AWATER": 0, "centroid_lon": -97.312110632574289, "centroid_lat": 32.783453820354474, "B03002_001E": 4757, "B03002_001M": 680, "B03002_012E": 2421, "B03002_012M": 617, "B19013_001E": 75938, "B19013_001M": 13780, "B01003_001E": 4757, "state": "48", "county": "439", "tract": "100102", "latino_share": 0.50893420222829511, "camera_count": 1, "arterial_road_m": 8467.5899469375963, "land_area_km2": 2.841943, "pop_density_per_km2": 1673.8548239707834, "arterial_km_per_km2": 2.9795073113491708, "log_income": 11.237672496857467, "city": "Fort Worth", "crime_count_raw": 0.0, "crime_rate_annual_per_km2_1000": 0.0 }, "geometry": { "type": "Polygon", "coordinates": [ [ [ -97.32111, 32.789167 ], [ -97.320279, 32.790252 ], [ -97.318108, 32.7931 ], [ -97.315565, 32.795176 ], [ -97.308514, 32.795163 ], [ -97.308576, 32.780912 ], [ -97.307241, 32.780972 ], [ -97.30155, 32.78097 ], [ -97.302112, 32.773107 ], [ -97.308761, 32.773152 ], [ -97.312796, 32.773009 ], [ -97.318763, 32.780625 ], [ -97.320401, 32.781256 ], [ -97.320754, 32.787426 ], [ -97.32111, 32.789167 ] ] ] } },
{ "type": "Feature", "properties": { "STATEFP": "48", "COUNTYFP": "439", "TRACTCE": "105517", "GEOIDFQ": "1400000US48439105517", "GEOID": "48439105517", "NAME": "1055.17", "NAMELSAD": "Census Tract 1055.17", "STUSPS": "TX", "NAMELSADCO": "Tarrant County", "STATE_NAME": "Texas", "LSAD": "CT", "ALAND": 1091019, "AWATER": 0, "centroid_lon": -97.408830588167746, "centroid_lat": 32.655254741449575, "B03002_001E": 3281, "B03002_001M": 842, "B03002_012E": 700, "B03002_012M": 334, "B19013_001E": 53018, "B19013_001M": 10637, "B01003_001E": 3281, "state": "48", "county": "439", "tract": "105517", "latino_share": 0.21334958854007924, "camera_count": 1, "arterial_road_m": 6812.3358773064456, "land_area_km2": 1.091019, "pop_density_per_km2": 3007.2803498380872, "arterial_km_per_km2": 6.2440121366414747, "log_income": 10.878386757517054, "city": "Fort Worth", "crime_count_raw": 0.0, "crime_rate_annual_per_km2_1000": 0.0 }, "geometry": { "type": "Polygon", "coordinates": [ [ [ -97.416539, 32.652836 ], [ -97.413549, 32.651942 ], [ -97.411951, 32.653508 ], [ -97.411108, 32.657384 ], [ -97.409087, 32.659157 ], [ -97.408375, 32.661971 ], [ -97.40832, 32.662854 ], [ -97.407763, 32.662835 ], [ -97.402509, 32.662796 ], [ -97.401994, 32.661327 ], [ -97.401541, 32.660758 ], [ -97.400002, 32.659475 ], [ -97.405804, 32.654663 ], [ -97.41117, 32.65021 ], [ -97.412124, 32.649025 ], [ -97.41362, 32.644793 ], [ -97.416361, 32.645431 ], [ -97.415977, 32.649538 ], [ -97.416539, 32.652836 ] ] ] } },
{ "type": "Feature", "properties": { "STATEFP": "48", "COUNTYFP": "439", "TRACTCE": "105800", "GEOIDFQ": "1400000US48439105800", "GEOID": "48439105800", "NAME": "1058", "NAMELSAD": "Census Tract 1058", "STUSPS": "TX", "NAMELSADCO": "Tarrant County", "STATE_NAME": "Texas", "LSAD": "CT", "ALAND": 1665106, "AWATER": 0, "centroid_lon": -97.342837494752146, "centroid_lat": 32.665375036207166, "B03002_001E": 4430, "B03002_001M": 698, "B03002_012E": 3289, "B03002_012M": 684, "B19013_001E": 53515, "B19013_001M": 5341, "B01003_001E": 4430, "state": "48", "county": "439", "tract": "105800", "latino_share": 0.74243792325056435, "camera_count": 0, "arterial_road_m": 14473.755286211081, "land_area_km2": 1.665106, "pop_density_per_km2": 2660.4912840383736, "arterial_km_per_km2": 8.6923927282774081, "log_income": 10.887717267418475, "city": "Fort Worth", "crime_count_raw": 0.0, "crime_rate_annual_per_km2_1000": 0.0 }, "geometry": { "type": "Polygon", "coordinates": [ [ [ -97.35259, 32.667257 ], [ -97.352318, 32.667202 ], [ -97.351, 32.668224 ], [ -97.351873, 32.668877 ], [ -97.351851, 32.670547 ], [ -97.345089, 32.670569 ], [ -97.345089, 32.668726 ], [ -97.334128, 32.668712 ], [ -97.332286, 32.667364 ], [ -97.331813, 32.66447 ], [ -97.331808, 32.664078 ], [ -97.331888, 32.662594 ], [ -97.332859, 32.661209 ], [ -97.333721, 32.661481 ], [ -97.348639, 32.66145 ], [ -97.352847, 32.661459 ], [ -97.35259, 32.667257 ] ] ] } },
{ "type": "Feature", "properties": { "STATEFP": "48", "COUNTYFP": "439", "TRACTCE": "102500", "GEOIDFQ": "1400000US48439102500", "GEOID": "48439102500", "NAME": "1025", "NAMELSAD": "Census Tract 1025", "STUSPS": "TX", "NAMELSADCO": "Tarrant County", "STATE_NAME": "Texas", "LSAD": "CT", "ALAND": 2720006, "AWATER": 0, "centroid_lon": -97.404446294266108, "centroid_lat": 32.721654871942754, "B03002_001E": 4425, "B03002_001M": 543, "B03002_012E": 1466, "B03002_012M": 336, "B19013_001E": 45692, "B19013_001M": 6746, "B01003_001E": 4425, "state": "48", "county": "439", "tract": "102500", "latino_share": 0.3312994350282486, "camera_count": 2, "arterial_road_m": 4012.146293542382, "land_area_km2": 2.720006, "pop_density_per_km2": 1626.8346466882792, "arterial_km_per_km2": 1.4750505306026465, "log_income": 10.729678506853837, "city": "Fort Worth", "crime_count_raw": 0.0, "crime_rate_annual_per_km2_1000": 0.0 }, "geometry": { "type": "Polygon", "coordinates": [ [ [ -97.413409, 32.729518 ], [ -97.413416, 32.730303 ], [ -97.407909, 32.730221 ], [ -97.40326, 32.730198 ], [ -97.402006, 32.728462 ], [ -97.401343, 32.728181 ], [ -97.400683, 32.726354 ], [ -97.399089, 32.726157 ], [ -97.397849, 32.726979 ], [ -97.395591, 32.723729 ], [ -97.394086, 32.720317 ], [ -97.39324, 32.719251 ], [ -97.391587, 32.718562 ], [ -97.389654, 32.718427 ], [ -97.399247, 32.715077 ], [ -97.404878, 32.712515 ], [ -97.408161, 32.711454 ], [ -97.408072, 32.717858 ], [ -97.40994, 32.716949 ], [ -97.413007, 32.716794 ], [ -97.413536, 32.717694 ], [ -97.413409, 32.729518 ] ] ] } },
{ "type": "Feature", "properties": { "STATEFP": "48", "COUNTYFP": "439", "TRACTCE": "105514", "GEOIDFQ": "1400000US48439105514", "GEOID": "48439105514", "NAME": "1055.14", "NAMELSAD": "Census Tract 1055.14", "STUSPS": "TX", "NAMELSADCO": "Tarrant County", "STATE_NAME": "Texas", "LSAD": "CT", "ALAND": 2748070, "AWATER": 0, "centroid_lon": -97.4050874924, "centroid_lat": 32.675126332988597, "B03002_001E": 2985, "B03002_001M": 554, "B03002_012E": 920, "B03002_012M": 471, "B19013_001E": 46267, "B19013_001M": 7986, "B01003_001E": 2985, "state": "48", "county": "439", "tract": "105514", "latino_share": 0.3082077051926298, "camera_count": 3, "arterial_road_m": 24068.662408586886, "land_area_km2": 2.74807, "pop_density_per_km2": 1086.2168722048566, "arterial_km_per_km2": 8.7583876715610902, "log_income": 10.74218424297173, "city": "Fort Worth", "crime_count_raw": 0.0, "crime_rate_annual_per_km2_1000": 0.0 }, "geometry": { "type": "Polygon", "coordinates": [ [ [ -97.414703, 32.679786 ], [ -97.414163, 32.683435 ], [ -97.399279, 32.682876 ], [ -97.395821, 32.681976 ], [ -97.393183, 32.680872 ], [ -97.395339, 32.677782 ], [ -97.3957, 32.677337 ], [ -97.398145, 32.6751 ], [ -97.399563, 32.673513 ], [ -97.399956, 32.671156 ], [ -97.400165, 32.668433 ], [ -97.400441, 32.667462 ], [ -97.400862, 32.666578 ], [ -97.402038, 32.664644 ], [ -97.402357, 32.664078 ], [ -97.402509, 32.662796 ], [ -97.407763, 32.662835 ], [ -97.408724, 32.663736 ], [ -97.410103, 32.668805 ], [ -97.409523, 32.669869 ], [ -97.40953, 32.672441 ], [ -97.410365, 32.674822 ], [ -97.409993, 32.675562 ], [ -97.411704, 32.675457 ], [ -97.413361, 32.675745 ], [ -97.414299, 32.67611 ], [ -97.416567, 32.677241 ], [ -97.414703, 32.679786 ] ] ] } },
{ "type": "Feature", "properties": { "STATEFP": "48", "COUNTYFP": "439", "TRACTCE": "105503", "GEOIDFQ": "1400000US48439105503", "GEOID": "48439105503", "NAME": "1055.03", "NAMELSAD": "Census Tract 1055.03", "STUSPS": "TX", "NAMELSADCO": "Tarrant County", "STATE_NAME": "Texas", "LSAD": "CT", "ALAND": 3638847, "AWATER": 0, "centroid_lon": -97.397018847845288, "centroid_lat": 32.653395650012236, "B03002_001E": 6380, "B03002_001M": 688, "B03002_012E": 1130, "B03002_012M": 396, "B19013_001E": 65646, "B19013_001M": 11569, "B01003_001E": 6380, "state": "48", "county": "439", "tract": "105503", "latino_share": 0.17711598746081506, "camera_count": 0, "arterial_road_m": 18270.195546388797, "land_area_km2": 3.638847, "pop_density_per_km2": 1753.3026258042726, "arterial_km_per_km2": 5.0208748942697499, "log_income": 11.092031948704845, "city": "Fort Worth", "crime_count_raw": 0.0, "crime_rate_annual_per_km2_1000": 0.0 }, "geometry": { "type": "Polygon", "coordinates": [ [ [ -97.412124, 32.649025 ], [ -97.41117, 32.65021 ], [ -97.405804, 32.654663 ], [ -97.400002, 32.659475 ], [ -97.396181, 32.662644 ], [ -97.396113, 32.6627 ], [ -97.392883, 32.665388 ], [ -97.387723, 32.661124 ], [ -97.383156, 32.658296 ], [ -97.382085, 32.656898 ], [ -97.381934, 32.653861 ], [ -97.3829, 32.651096 ], [ -97.387168, 32.651381 ], [ -97.388398, 32.651109 ], [ -97.389008, 32.650807 ], [ -97.390909, 32.648823 ], [ -97.392036, 32.648153 ], [ -97.395882, 32.647931 ], [ -97.397929, 32.647557 ], [ -97.402171, 32.64447 ], [ -97.404039, 32.643777 ], [ -97.409585, 32.6438 ], [ -97.410362, 32.644036 ], [ -97.41362, 32.644793 ], [ -97.412124, 32.649025 ] ] ] } },
{ "type": "Feature", "properties": { "STATEFP": "48", "COUNTYFP": "439", "TRACTCE": "104804", "GEOIDFQ": "1400000US48439104804", "GEOID": "48439104804", "NAME": "1048.04", "NAMELSAD": "Census Tract 1048.04", "STUSPS": "TX", "NAMELSADCO": "Tarrant County", "STATE_NAME": "Texas", "LSAD": "CT", "ALAND": 2128447, "AWATER": 0, "centroid_lon": -97.356179383662678, "centroid_lat": 32.690188979982373, "B03002_001E": 2908, "B03002_001M": 839, "B03002_012E": 2696, "B03002_012M": 843, "B19013_001E": 59750, "B19013_001M": 17543, "B01003_001E": 2908, "state": "48", "county": "439", "tract": "104804", "latino_share": 0.92709766162310869, "camera_count": 0, "arterial_road_m": 2430.4464669797717, "land_area_km2": 2.128447, "pop_density_per_km2": 1366.254362922826, "arterial_km_per_km2": 1.1418872384324212, "log_income": 10.997924469793757, "city": "Fort Worth", "crime_count_raw": 0.0, "crime_rate_annual_per_km2_1000": 0.0 }, "geometry": { "type": "Polygon", "coordinates": [ [ [ -97.370017, 32.685158 ], [ -97.364145, 32.690665 ], [ -97.360348, 32.694293 ], [ -97.356361, 32.698124 ], [ -97.35438, 32.698834 ], [ -97.352962, 32.69862 ], [ -97.352978, 32.695377 ], [ -97.348096, 32.695338 ], [ -97.344574, 32.695062 ], [ -97.345417, 32.693483 ], [ -97.349878, 32.684545 ], [ -97.353038, 32.684558 ], [ -97.35973, 32.684596 ], [ -97.364705, 32.684631 ], [ -97.368974, 32.684652 ], [ -97.370017, 32.685158 ] ] ] } },
{ "type": "Feature", "properties": { "STATEFP": "48", "COUNTYFP": "439", "TRACTCE": "104803", "GEOIDFQ": "1400000US48439104803", "GEOID": "48439104803", "NAME": "1048.03", "NAMELSAD": "Census Tract 1048.03", "STUSPS": "TX", "NAMELSADCO": "Tarrant County", "STATE_NAME": "Texas", "LSAD": "CT", "ALAND": 1884649, "AWATER": 0, "centroid_lon": -97.346029928445716, "centroid_lat": 32.695775376145754, "B03002_001E": 6445, "B03002_001M": 819, "B03002_012E": 4621, "B03002_012M": 765, "B19013_001E": 47628, "B19013_001M": 23148, "B01003_001E": 6445, "state": "48", "county": "439", "tract": "104803", "latino_share": 0.71698991466252904, "camera_count": 3, "arterial_road_m": 4031.1937763128517, "land_area_km2": 1.884649, "pop_density_per_km2": 3419.7349214628293, "arterial_km_per_km2": 2.1389626271591426, "log_income": 10.771176102571065, "city": "Fort Worth", "crime_count_raw": 0.0, "crime_rate_annual_per_km2_1000": 0.0 }, "geometry": { "type": "Polygon", "coordinates": [ [ [ -97.356361, 32.698124 ], [ -97.352617, 32.701714 ], [ -97.352394, 32.701938 ], [ -97.350217, 32.704013 ], [ -97.348069, 32.706041 ], [ -97.3463, 32.707774 ], [ -97.345968, 32.707777 ], [ -97.343854, 32.707763 ], [ -97.343837, 32.698636 ], [ -97.342784, 32.698664 ], [ -97.340268, 32.69867 ], [ -97.340302, 32.694006 ], [ -97.340313, 32.691567 ], [ -97.340346, 32.688232 ], [ -97.340362, 32.684725 ], [ -97.349878, 32.684545 ], [ -97.345417, 32.693483 ], [ -97.344574, 32.695062 ], [ -97.348096, 32.695338 ], [ -97.352978, 32.695377 ], [ -97.352962, 32.69862 ], [ -97.35438, 32.698834 ], [ -97.356361, 32.698124 ] ] ] } },
{ "type": "Feature", "properties": { "STATEFP": "48", "COUNTYFP": "439", "TRACTCE": "105703", "GEOIDFQ": "1400000US48439105703", "GEOID": "48439105703", "NAME": "1057.03", "NAMELSAD": "Census Tract 1057.03", "STUSPS": "TX", "NAMELSADCO": "Tarrant County", "STATE_NAME": "Texas", "LSAD": "CT", "ALAND": 1770718, "AWATER": 0, "centroid_lon": -97.363969558054904, "centroid_lat": 32.654738518680851, "B03002_001E": 3401, "B03002_001M": 384, "B03002_012E": 1672, "B03002_012M": 370, "B19013_001E": 52500, "B19013_001M": 19002, "B01003_001E": 3401, "state": "48", "county": "439", "tract": "105703", "latino_share": 0.49162011173184356, "camera_count": 0, "arterial_road_m": 7536.8288409382258, "land_area_km2": 1.770718, "pop_density_per_km2": 1920.6897992791623, "arterial_km_per_km2": 4.2563687955610243, "log_income": 10.868568448579715, "city": "Fort Worth", "crime_count_raw": 0.0, "crime_rate_annual_per_km2_1000": 0.0 }, "geometry": { "type": "Polygon", "coordinates": [ [ [ -97.372213, 32.652712 ], [ -97.37156, 32.653519 ], [ -97.370621, 32.654933 ], [ -97.370487, 32.66288 ], [ -97.366535, 32.6629 ], [ -97.361893, 32.662926 ], [ -97.361893, 32.659374 ], [ -97.361903, 32.655336 ], [ -97.361633, 32.655073 ], [ -97.358885, 32.653257 ], [ -97.357236, 32.654296 ], [ -97.353641, 32.654712 ], [ -97.353087, 32.65517 ], [ -97.353126, 32.654078 ], [ -97.353337, 32.649002 ], [ -97.353346, 32.648829 ], [ -97.356035, 32.648857 ], [ -97.357849, 32.648669 ], [ -97.360573, 32.648943 ], [ -97.367684, 32.649625 ], [ -97.372594, 32.650087 ], [ -97.372213, 32.652712 ] ] ] } },
{ "type": "Feature", "properties": { "STATEFP": "48", "COUNTYFP": "439", "TRACTCE": "103601", "GEOIDFQ": "1400000US48439103601", "GEOID": "48439103601", "NAME": "1036.01", "NAMELSAD": "Census Tract 1036.01", "STUSPS": "TX", "NAMELSADCO": "Tarrant County", "STATE_NAME": "Texas", "LSAD": "CT", "ALAND": 2043177, "AWATER": 0, "centroid_lon": -97.247488983210673, "centroid_lat": 32.726092712518714, "B03002_001E": 2152, "B03002_001M": 381, "B03002_012E": 1263, "B03002_012M": 303, "B19013_001E": 43495, "B19013_001M": 8109, "B01003_001E": 2152, "state": "48", "county": "439", "tract": "103601", "latino_share": 0.58689591078066916, "camera_count": 0, "arterial_road_m": 4783.637741085643, "land_area_km2": 2.043177, "pop_density_per_km2": 1053.2616606392887, "arterial_km_per_km2": 2.3412742709445356, "log_income": 10.680401267941642, "city": "Fort Worth", "crime_count_raw": 0.0, "crime_rate_annual_per_km2_1000": 0.0 }, "geometry": { "type": "Polygon", "coordinates": [ [ [ -97.257352, 32.731225 ], [ -97.253739, 32.731222 ], [ -97.247932, 32.731181 ], [ -97.245143, 32.731178 ], [ -97.239392, 32.730531 ], [ -97.237399, 32.730305 ], [ -97.237433, 32.724874 ], [ -97.237472, 32.721069 ], [ -97.237598, 32.720684 ], [ -97.238527, 32.72111 ], [ -97.249976, 32.721136 ], [ -97.252248, 32.721156 ], [ -97.256092, 32.721207 ], [ -97.256945, 32.721213 ], [ -97.257403, 32.723506 ], [ -97.257352, 32.731225 ] ] ] } },
{ "type": "Feature", "properties": { "STATEFP": "48", "COUNTYFP": "439", "TRACTCE": "104604", "GEOIDFQ": "1400000US48439104604", "GEOID": "48439104604", "NAME": "1046.04", "NAMELSAD": "Census Tract 1046.04", "STUSPS": "TX", "NAMELSADCO": "Tarrant County", "STATE_NAME": "Texas", "LSAD": "CT", "ALAND": 3329066, "AWATER": 0, "centroid_lon": -97.288622096926773, "centroid_lat": 32.711828489305518, "B03002_001E": 3309, "B03002_001M": 570, "B03002_012E": 1481, "B03002_012M": 437, "B19013_001E": 35365, "B19013_001M": 13257, "B01003_001E": 3309, "state": "48", "county": "439", "tract": "104604", "latino_share": 0.44756724085826532, "camera_count": 1, "arterial_road_m": 18627.150019039516, "land_area_km2": 3.329066, "pop_density_per_km2": 993.97248357347075, "arterial_km_per_km2": 5.5953081191660106, "log_income": 10.473477909470091, "city": "Fort Worth", "crime_count_raw": 0.0, "crime_rate_annual_per_km2_1000": 0.0 }, "geometry": { "type": "Polygon", "coordinates": [ [ [ -97.299788, 32.711359 ], [ -97.297943, 32.711767 ], [ -97.298118, 32.712854 ], [ -97.296201, 32.717785 ], [ -97.293018, 32.719977 ], [ -97.294541, 32.724336 ], [ -97.293844, 32.726694 ], [ -97.292724, 32.726695 ], [ -97.291344, 32.726923 ], [ -97.288934, 32.722777 ], [ -97.288835, 32.719946 ], [ -97.287002, 32.718766 ], [ -97.283709, 32.719023 ], [ -97.283715, 32.718077 ], [ -97.28003, 32.718124 ], [ -97.27999, 32.714387 ], [ -97.279941, 32.713614 ], [ -97.278424, 32.710875 ], [ -97.279751, 32.708196 ], [ -97.280086, 32.700189 ], [ -97.280215, 32.697032 ], [ -97.280224, 32.698202 ], [ -97.281341, 32.70002 ], [ -97.286181, 32.702864 ], [ -97.287396, 32.702281 ], [ -97.291044, 32.702706 ], [ -97.292513, 32.703439 ], [ -97.296769, 32.706865 ], [ -97.298127, 32.706394 ], [ -97.298618, 32.707838 ], [ -97.299647, 32.709642 ], [ -97.299788, 32.711359 ] ] ] } },
{ "type": "Feature", "properties": { "STATEFP": "48", "COUNTYFP": "439", "TRACTCE": "102700", "GEOIDFQ": "1400000US48439102700", "GEOID": "48439102700", "NAME": "1027", "NAMELSAD": "Census Tract 1027", "STUSPS": "TX", "NAMELSADCO": "Tarrant County", "STATE_NAME": "Texas", "LSAD": "CT", "ALAND": 1746452, "AWATER": 0, "centroid_lon": -97.376190860826199, "centroid_lat": 32.740836269606056, "B03002_001E": 3309, "B03002_001M": 478, "B03002_012E": 581, "B03002_012M": 348, "B19013_001E": 96250, "B19013_001M": 16338, "B01003_001E": 3309, "state": "48", "county": "439", "tract": "102700", "latino_share": 0.17558174675128438, "camera_count": 0, "arterial_road_m": 3783.0787611987885, "land_area_km2": 1.746452, "pop_density_per_km2": 1894.6985087480218, "arterial_km_per_km2": 2.1661510085583737, "log_income": 11.474704252150032, "city": "Fort Worth", "crime_count_raw": 0.0, "crime_rate_annual_per_km2_1000": 0.0 }, "geometry": { "type": "Polygon", "coordinates": [ [ [ -97.387664, 32.7367 ], [ -97.387635, 32.739534 ], [ -97.378514, 32.739431 ], [ -97.37851, 32.739617 ], [ -97.378443, 32.744093 ], [ -97.378218, 32.744188 ], [ -97.375904, 32.745517 ], [ -97.375285, 32.747787 ], [ -97.375259, 32.751468 ], [ -97.369881, 32.751384 ], [ -97.369947, 32.747663 ], [ -97.370013, 32.743986 ], [ -97.370033, 32.739787 ], [ -97.369961, 32.734395 ], [ -97.378577, 32.734699 ], [ -97.387681, 32.734796 ], [ -97.387664, 32.7367 ] ] ] } },
{ "type": "Feature", "properties": { "STATEFP": "48", "COUNTYFP": "439", "TRACTCE": "101202", "GEOIDFQ": "1400000US48439101202", "GEOID": "48439101202", "NAME": "1012.02", "NAMELSAD": "Census Tract 1012.02", "STUSPS": "TX", "NAMELSADCO": "Tarrant County", "STATE_NAME": "Texas", "LSAD": "CT", "ALAND": 5470898, "AWATER": 25964, "centroid_lon": -97.297274457938101, "centroid_lat": 32.765341853132796, "B03002_001E": 4420, "B03002_001M": 1306, "B03002_012E": 3145, "B03002_012M": 1327, "B19013_001E": 55824, "B19013_001M": 9003, "B01003_001E": 4420, "state": "48", "county": "439", "tract": "101202", "latino_share": 0.71153846153846156, "camera_count": 1, "arterial_road_m": 26214.532658013519, "land_area_km2": 5.470898, "pop_density_per_km2": 807.91124235911548, "arterial_km_per_km2": 4.7916324994568562, "log_income": 10.929959163426556, "city": "Fort Worth", "crime_count_raw": 0.0, "crime_rate_annual_per_km2_1000": 0.0 }, "geometry": { "type": "Polygon", "coordinates": [ [ [ -97.312796, 32.773009 ], [ -97.308761, 32.773152 ], [ -97.302112, 32.773107 ], [ -97.30155, 32.78097 ], [ -97.299138, 32.780904 ], [ -97.290645, 32.78097 ], [ -97.290646, 32.779094 ], [ -97.287848, 32.774853 ], [ -97.28741, 32.773911 ], [ -97.287662, 32.765251 ], [ -97.287731, 32.758218 ], [ -97.289191, 32.754694 ], [ -97.289433, 32.749685 ], [ -97.294598, 32.749308 ], [ -97.303198, 32.748557 ], [ -97.30327, 32.753762 ], [ -97.301772, 32.757877 ], [ -97.302027, 32.762238 ], [ -97.304067, 32.762262 ], [ -97.305252, 32.762259 ], [ -97.306433, 32.762271 ], [ -97.308962, 32.762298 ], [ -97.30896, 32.763292 ], [ -97.308957, 32.765273 ], [ -97.310103, 32.765417 ], [ -97.311025, 32.767223 ], [ -97.312108, 32.768078 ], [ -97.310784, 32.76871 ], [ -97.311738, 32.771321 ], [ -97.312796, 32.773009 ] ] ] } },
{ "type": "Feature", "properties": { "STATEFP": "48", "COUNTYFP": "439", "TRACTCE": "100101", "GEOIDFQ": "1400000US48439100101", "GEOID": "48439100101", "NAME": "1001.01", "NAMELSAD": "Census Tract 1001.01", "STUSPS": "TX", "NAMELSADCO": "Tarrant County", "STATE_NAME": "Texas", "LSAD": "CT", "ALAND": 2434469, "AWATER": 0, "centroid_lon": -97.300235106179557, "centroid_lat": 32.787730355106255, "B03002_001E": 5345, "B03002_001M": 747, "B03002_012E": 3685, "B03002_012M": 698, "B19013_001E": 54065, "B19013_001M": 3214, "B01003_001E": 5345, "state": "48", "county": "439", "tract": "100101", "latino_share": 0.68942937324602427, "camera_count": 0, "arterial_road_m": 3858.4387618168357, "land_area_km2": 2.434469, "pop_density_per_km2": 2195.5506519080755, "arterial_km_per_km2": 1.584920063396509, "log_income": 10.897942305379637, "city": "Fort Worth", "crime_count_raw": 0.0, "crime_rate_annual_per_km2_1000": 0.0 }, "geometry": { "type": "Polygon", "coordinates": [ [ [ -97.308514, 32.795163 ], [ -97.307392, 32.795118 ], [ -97.301975, 32.795133 ], [ -97.293594, 32.795113 ], [ -97.293384, 32.795115 ], [ -97.293454, 32.792311 ], [ -97.29355, 32.788034 ], [ -97.290607, 32.78801 ], [ -97.290645, 32.78097 ], [ -97.299138, 32.780904 ], [ -97.30155, 32.78097 ], [ -97.307241, 32.780972 ], [ -97.308576, 32.780912 ], [ -97.308514, 32.795163 ] ] ] } },
{ "type": "Feature", "properties": { "STATEFP": "48", "COUNTYFP": "439", "TRACTCE": "113919", "GEOIDFQ": "1400000US48439113919", "GEOID": "48439113919", "NAME": "1139.19", "NAMELSAD": "Census Tract 1139.19", "STUSPS": "TX", "NAMELSADCO": "Tarrant County", "STATE_NAME": "Texas", "LSAD": "CT", "ALAND": 3239860, "AWATER": 0, "centroid_lon": -97.279992599325823, "centroid_lat": 32.883661612370773, "B03002_001E": 7498, "B03002_001M": 981, "B03002_012E": 1022, "B03002_012M": 221, "B19013_001E": 143843, "B19013_001M": 10831, "B01003_001E": 7498, "state": "48", "county": "439", "tract": "113919", "latino_share": 0.13630301413710322, "camera_count": 0, "arterial_road_m": 7977.8963199050331, "land_area_km2": 3.23986, "pop_density_per_km2": 2314.2975313748125, "arterial_km_per_km2": 2.4624200798506828, "log_income": 11.876477705995184, "city": "Fort Worth", "crime_count_raw": 0.0, "crime_rate_annual_per_km2_1000": 0.0 }, "geometry": { "type": "Polygon", "coordinates": [ [ [ -97.289711, 32.884105 ], [ -97.289693, 32.885647 ], [ -97.289677, 32.890752 ], [ -97.289584, 32.892805 ], [ -97.289638, 32.893873 ], [ -97.28464, 32.892516 ], [ -97.28183, 32.892507 ], [ -97.277769, 32.892654 ], [ -97.276744, 32.892882 ], [ -97.272403, 32.894661 ], [ -97.27263, 32.890588 ], [ -97.272971, 32.889302 ], [ -97.273654, 32.886105 ], [ -97.273412, 32.884411 ], [ -97.273025, 32.882832 ], [ -97.271129, 32.880035 ], [ -97.269379, 32.877428 ], [ -97.268988, 32.874311 ], [ -97.269015, 32.874102 ], [ -97.270295, 32.874049 ], [ -97.272513, 32.873426 ], [ -97.272689, 32.873344 ], [ -97.275208, 32.872151 ], [ -97.276156, 32.871837 ], [ -97.276609, 32.871716 ], [ -97.278351, 32.871478 ], [ -97.27838, 32.873303 ], [ -97.279772, 32.875888 ], [ -97.279819, 32.877786 ], [ -97.284081, 32.877813 ], [ -97.289775, 32.877851 ], [ -97.289711, 32.884105 ] ] ] } },
{ "type": "Feature", "properties": { "STATEFP": "48", "COUNTYFP": "439", "TRACTCE": "105513", "GEOIDFQ": "1400000US48439105513", "GEOID": "48439105513", "NAME": "1055.13", "NAMELSAD": "Census Tract 1055.13", "STUSPS": "TX", "NAMELSADCO": "Tarrant County", "STATE_NAME": "Texas", "LSAD": "CT", "ALAND": 1436476, "AWATER": 0, "centroid_lon": -97.414903099392092, "centroid_lat": 32.668713126594909, "B03002_001E": 3498, "B03002_001M": 500, "B03002_012E": 837, "B03002_012M": 382, "B19013_001E": 55495, "B19013_001M": 17289, "B01003_001E": 3498, "state": "48", "county": "439", "tract": "105513", "latino_share": 0.23927958833619212, "camera_count": 1, "arterial_road_m": 9866.9040483096833, "land_area_km2": 1.436476, "pop_density_per_km2": 2435.1259610324155, "arterial_km_per_km2": 6.8688262444410366, "log_income": 10.924048205586081, "city": "Fort Worth", "crime_count_raw": 0.0, "crime_rate_annual_per_km2_1000": 0.0 }, "geometry": { "type": "Polygon", "coordinates": [ [ [ -97.422717, 32.661969 ], [ -97.420049, 32.666497 ], [ -97.4192, 32.672265 ], [ -97.418257, 32.674796 ], [ -97.417599, 32.675858 ], [ -97.417032, 32.676649 ], [ -97.416567, 32.677241 ], [ -97.414299, 32.67611 ], [ -97.413361, 32.675745 ], [ -97.411704, 32.675457 ], [ -97.409993, 32.675562 ], [ -97.410365, 32.674822 ], [ -97.40953, 32.672441 ], [ -97.409523, 32.669869 ], [ -97.410103, 32.668805 ], [ -97.408724, 32.663736 ], [ -97.407763, 32.662835 ], [ -97.40832, 32.662854 ], [ -97.416088, 32.662854 ], [ -97.421375, 32.661662 ], [ -97.422717, 32.661969 ] ] ] } },
{ "type": "Feature", "properties": { "STATEFP": "48", "COUNTYFP": "439", "TRACTCE": "103800", "GEOIDFQ": "1400000US48439103800", "GEOID": "48439103800", "NAME": "1038", "NAMELSAD": "Census Tract 1038", "STUSPS": "TX", "NAMELSADCO": "Tarrant County", "STATE_NAME": "Texas", "LSAD": "CT", "ALAND": 2909203, "AWATER": 0, "centroid_lon": -97.302477490564016, "centroid_lat": 32.721312998822626, "B03002_001E": 4025, "B03002_001M": 847, "B03002_012E": 1939, "B03002_012M": 601, "B19013_001E": 35565, "B19013_001M": 9558, "B01003_001E": 4025, "state": "48", "county": "439", "tract": "103800", "latino_share": 0.48173913043478261, "camera_count": 1, "arterial_road_m": 12234.884182971287, "land_area_km2": 2.909203, "pop_density_per_km2": 1383.5404404574035, "arterial_km_per_km2": 4.2055793916654443, "log_income": 10.479117287167616, "city": "Fort Worth", "crime_count_raw": 0.0, "crime_rate_annual_per_km2_1000": 0.0 }, "geometry": { "type": "Polygon", "coordinates": [ [ [ -97.311214, 32.729779 ], [ -97.305158, 32.72972 ], [ -97.306925, 32.731409 ], [ -97.303143, 32.73137 ], [ -97.299428, 32.731361 ], [ -97.297322, 32.73118 ], [ -97.29668, 32.727916 ], [ -97.293844, 32.726694 ], [ -97.294541, 32.724336 ], [ -97.293018, 32.719977 ], [ -97.296201, 32.717785 ], [ -97.298118, 32.712854 ], [ -97.297943, 32.711767 ], [ -97.299788, 32.711359 ], [ -97.299647, 32.709642 ], [ -97.300702, 32.710448 ], [ -97.304021, 32.710479 ], [ -97.309588, 32.71045 ], [ -97.307342, 32.717368 ], [ -97.30978, 32.717371 ], [ -97.309682, 32.727114 ], [ -97.310617, 32.727119 ], [ -97.311214, 32.729779 ] ] ] } },
{ "type": "Feature", "properties": { "STATEFP": "48", "COUNTYFP": "439", "TRACTCE": "105520", "GEOIDFQ": "1400000US48439105520", "GEOID": "48439105520", "NAME": "1055.20", "NAMELSAD": "Census Tract 1055.20", "STUSPS": "TX", "NAMELSADCO": "Tarrant County", "STATE_NAME": "Texas", "LSAD": "CT", "ALAND": 4178513, "AWATER": 40576, "centroid_lon": -97.437683663306728, "centroid_lat": 32.657163494297158, "B03002_001E": 2457, "B03002_001M": 310, "B03002_012E": 168, "B03002_012M": 162, "B19013_001E": 250001, "B19013_001M": -333333333, "B01003_001E": 2457, "state": "48", "county": "439", "tract": "105520", "latino_share": 0.068376068376068383, "camera_count": 2, "arterial_road_m": 7099.5297879259651, "land_area_km2": 4.178513, "pop_density_per_km2": 588.00822206368639, "arterial_km_per_km2": 1.6990565275077438, "log_income": 12.429220196836383, "city": "Fort Worth", "crime_count_raw": 0.0, "crime_rate_annual_per_km2_1000": 0.0 }, "geometry": { "type": "Polygon", "coordinates": [ [ [ -97.449942, 32.659686 ], [ -97.448846, 32.660556 ], [ -97.447015, 32.664292 ], [ -97.444673, 32.663877 ], [ -97.444705, 32.662199 ], [ -97.44194, 32.662281 ], [ -97.442356, 32.664749 ], [ -97.438704, 32.666857 ], [ -97.436416, 32.666685 ], [ -97.436481, 32.668597 ], [ -97.437314, 32.670235 ], [ -97.435605, 32.671062 ], [ -97.434452, 32.672933 ], [ -97.433589, 32.669802 ], [ -97.430658, 32.670534 ], [ -97.429153, 32.669047 ], [ -97.428668, 32.663361 ], [ -97.426645, 32.660872 ], [ -97.425881, 32.659976 ], [ -97.426321, 32.65963 ], [ -97.429104, 32.655896 ], [ -97.430399, 32.653343 ], [ -97.429829, 32.650464 ], [ -97.428393, 32.647232 ], [ -97.428367, 32.645944 ], [ -97.445404, 32.646606 ], [ -97.446766, 32.646656 ], [ -97.446511, 32.647138 ], [ -97.448437, 32.650826 ], [ -97.447914, 32.652119 ], [ -97.447536, 32.653751 ], [ -97.450343, 32.658181 ], [ -97.449942, 32.659686 ] ] ] } },
{ "type": "Feature", "properties": { "STATEFP": "48", "COUNTYFP": "439", "TRACTCE": "110807", "GEOIDFQ": "1400000US48439110807", "GEOID": "48439110807", "NAME": "1108.07", "NAMELSAD": "Census Tract 1108.07", "STUSPS": "TX", "NAMELSADCO": "Tarrant County", "STATE_NAME": "Texas", "LSAD": "CT", "ALAND": 19869805, "AWATER": 82880, "centroid_lon": -97.515497613011661, "centroid_lat": 32.726569670453685, "B03002_001E": 7861, "B03002_001M": 1301, "B03002_012E": 3235, "B03002_012M": 991, "B19013_001E": 105045, "B19013_001M": 23909, "B01003_001E": 7861, "state": "48", "county": "439", "tract": "110807", "latino_share": 0.4115252512403002, "camera_count": 5, "arterial_road_m": 66905.086260543671, "land_area_km2": 19.869805, "pop_density_per_km2": 395.62542259473611, "arterial_km_per_km2": 3.3671737724926678, "log_income": 11.562144108757728, "city": "Fort Worth", "crime_count_raw": 0.0, "crime_rate_annual_per_km2_1000": 0.0 }, "geometry": { "type": "Polygon", "coordinates": [ [ [ -97.549102, 32.719731 ], [ -97.549008, 32.720569 ], [ -97.548997, 32.721407 ], [ -97.548806, 32.734137 ], [ -97.548601, 32.744518 ], [ -97.547525, 32.74522 ], [ -97.544474, 32.74525 ], [ -97.544047, 32.744651 ], [ -97.543109, 32.741543 ], [ -97.533395, 32.741488 ], [ -97.529662, 32.741511 ], [ -97.520886, 32.741421 ], [ -97.515576, 32.741363 ], [ -97.512339, 32.741327 ], [ -97.512005, 32.741325 ], [ -97.510731, 32.741317 ], [ -97.503483, 32.741245 ], [ -97.503511, 32.738596 ], [ -97.494577, 32.738022 ], [ -97.486128, 32.738023 ], [ -97.483485, 32.739556 ], [ -97.483462, 32.737808 ], [ -97.482118, 32.73803 ], [ -97.481158, 32.738115 ], [ -97.481189, 32.733288 ], [ -97.480977, 32.729288 ], [ -97.48015, 32.724484 ], [ -97.479064, 32.718217 ], [ -97.478607, 32.718227 ], [ -97.477758, 32.714882 ], [ -97.476476, 32.711785 ], [ -97.481896, 32.711821 ], [ -97.482727, 32.709865 ], [ -97.484462, 32.709283 ], [ -97.486868, 32.710313 ], [ -97.487257, 32.712263 ], [ -97.490161, 32.713808 ], [ -97.49328, 32.71407 ], [ -97.494619, 32.713217 ], [ -97.496993, 32.713262 ], [ -97.50021, 32.714126 ], [ -97.500872, 32.715656 ], [ -97.505208, 32.715815 ], [ -97.505493, 32.716265 ], [ -97.507279, 32.713285 ], [ -97.508989, 32.71257 ], [ -97.509766, 32.713479 ], [ -97.513502, 32.714956 ], [ -97.515063, 32.714152 ], [ -97.514852, 32.712141 ], [ -97.516359, 32.711443 ], [ -97.520707, 32.710803 ], [ -97.523763, 32.711261 ], [ -97.524987, 32.710484 ], [ -97.527166, 32.711745 ], [ -97.529407, 32.710642 ], [ -97.530711, 32.710985 ], [ -97.531231, 32.712287 ], [ -97.533115, 32.712051 ], [ -97.534332, 32.713001 ], [ -97.541714, 32.71264 ], [ -97.541946, 32.713743 ], [ -97.545508, 32.714866 ], [ -97.549094, 32.713327 ], [ -97.549102, 32.719731 ] ] ] } },
{ "type": "Feature", "properties": { "STATEFP": "48", "COUNTYFP": "439", "TRACTCE": "106002", "GEOIDFQ": "1400000US48439106002", "GEOID": "48439106002", "NAME": "1060.02", "NAMELSAD": "Census Tract 1060.02", "STUSPS": "TX", "NAMELSADCO": "Tarrant County", "STATE_NAME": "Texas", "LSAD": "CT", "ALAND": 14123459, "AWATER": 42248, "centroid_lon": -97.304163534228692, "centroid_lat": 32.6486610355335, "B03002_001E": 3842, "B03002_001M": 739, "B03002_012E": 1735, "B03002_012M": 666, "B19013_001E": 60727, "B19013_001M": 6667, "B01003_001E": 3842, "state": "48", "county": "439", "tract": "106002", "latino_share": 0.45158771473191045, "camera_count": 6, "arterial_road_m": 44574.813033067141, "land_area_km2": 14.123459, "pop_density_per_km2": 272.02967771563607, "arterial_km_per_km2": 3.1560832961009866, "log_income": 11.014143688692364, "city": "Fort Worth", "crime_count_raw": 0.0, "crime_rate_annual_per_km2_1000": 0.0 }, "geometry": { "type": "Polygon", "coordinates": [ [ [ -97.321464, 32.635163 ], [ -97.321371, 32.64374 ], [ -97.321285, 32.653324 ], [ -97.321204, 32.655265 ], [ -97.321146, 32.661354 ], [ -97.320491, 32.666857 ], [ -97.311562, 32.669051 ], [ -97.310818, 32.669224 ], [ -97.308794, 32.669496 ], [ -97.307929, 32.669597 ], [ -97.306099, 32.669643 ], [ -97.300887, 32.668759 ], [ -97.293689, 32.66568 ], [ -97.284266, 32.661622 ], [ -97.281406, 32.661327 ], [ -97.283523, 32.654068 ], [ -97.283722, 32.65287 ], [ -97.284857, 32.648421 ], [ -97.286215, 32.643152 ], [ -97.287545, 32.638134 ], [ -97.288682, 32.63378 ], [ -97.292228, 32.633647 ], [ -97.292244, 32.631032 ], [ -97.293736, 32.631033 ], [ -97.300831, 32.631023 ], [ -97.300832, 32.626901 ], [ -97.302301, 32.627339 ], [ -97.304426, 32.627558 ], [ -97.313067, 32.627594 ], [ -97.321485, 32.627664 ], [ -97.321464, 32.635163 ] ] ] } },
{ "type": "Feature", "properties": { "STATEFP": "48", "COUNTYFP": "439", "TRACTCE": "100700", "GEOIDFQ": "1400000US48439100700", "GEOID": "48439100700", "NAME": "1007", "NAMELSAD": "Census Tract 1007", "STUSPS": "TX", "NAMELSADCO": "Tarrant County", "STATE_NAME": "Texas", "LSAD": "CT", "ALAND": 5462660, "AWATER": 20362, "centroid_lon": -97.382173697488398, "centroid_lat": 32.769069359104684, "B03002_001E": 5237, "B03002_001M": 1107, "B03002_012E": 3477, "B03002_012M": 1041, "B19013_001E": 68536, "B19013_001M": 12644, "B01003_001E": 5237, "state": "48", "county": "439", "tract": "100700", "latino_share": 0.66392973076188655, "camera_count": 9, "arterial_road_m": 11110.340580734761, "land_area_km2": 5.46266, "pop_density_per_km2": 958.69045483335958, "arterial_km_per_km2": 2.0338700524533397, "log_income": 11.13511443364388, "city": "Fort Worth", "crime_count_raw": 0.0, "crime_rate_annual_per_km2_1000": 0.0 }, "geometry": { "type": "Polygon", "coordinates": [ [ [ -97.4077, 32.76625 ], [ -97.407264, 32.76599 ], [ -97.40401, 32.764512 ], [ -97.399837, 32.7639 ], [ -97.394233, 32.763892 ], [ -97.39455, 32.760009 ], [ -97.391626, 32.75996 ], [ -97.390732, 32.76724 ], [ -97.389857, 32.769678 ], [ -97.38615, 32.769647 ], [ -97.386036, 32.771506 ], [ -97.389709, 32.771704 ], [ -97.389643, 32.777016 ], [ -97.386493, 32.777002 ], [ -97.386919, 32.780163 ], [ -97.390239, 32.780779 ], [ -97.386016, 32.783856 ], [ -97.38356, 32.785626 ], [ -97.381992, 32.784438 ], [ -97.375518, 32.78239 ], [ -97.374183, 32.781974 ], [ -97.372998, 32.781598 ], [ -97.372755, 32.781495 ], [ -97.371782, 32.780938 ], [ -97.370641, 32.779949 ], [ -97.367424, 32.775598 ], [ -97.366467, 32.77454 ], [ -97.365018, 32.773477 ], [ -97.35344, 32.76678 ], [ -97.3513, 32.765106 ], [ -97.359258, 32.763962 ], [ -97.360913, 32.763958 ], [ -97.367926, 32.765873 ], [ -97.368803, 32.766764 ], [ -97.369152, 32.771527 ], [ -97.372351, 32.774572 ], [ -97.372716, 32.774861 ], [ -97.373704, 32.77563 ], [ -97.376142, 32.776139 ], [ -97.380318, 32.774234 ], [ -97.380568, 32.772972 ], [ -97.37916, 32.770826 ], [ -97.378501, 32.767888 ], [ -97.379301, 32.765313 ], [ -97.383272, 32.761719 ], [ -97.384326, 32.760927 ], [ -97.386212, 32.760145 ], [ -97.389725, 32.759518 ], [ -97.390997, 32.758996 ], [ -97.39284, 32.758056 ], [ -97.394935, 32.753402 ], [ -97.396333, 32.752288 ], [ -97.399768, 32.752048 ], [ -97.400736, 32.75284 ], [ -97.404421, 32.757692 ], [ -97.40453, 32.760223 ], [ -97.405835, 32.763705 ], [ -97.40867, 32.765388 ], [ -97.4077, 32.76625 ] ] ] } },
{ "type": "Feature", "properties": { "STATEFP": "48", "COUNTYFP": "439", "TRACTCE": "100201", "GEOIDFQ": "1400000US48439100201", "GEOID": "48439100201", "NAME": "1002.01", "NAMELSAD": "Census Tract 1002.01", "STUSPS": "TX", "NAMELSADCO": "Tarrant County", "STATE_NAME": "Texas", "LSAD": "CT", "ALAND": 2147412, "AWATER": 0, "centroid_lon": -97.33153317914379, "centroid_lat": 32.802927578314332, "B03002_001E": 5243, "B03002_001M": 1498, "B03002_012E": 4682, "B03002_012M": 1530, "B19013_001E": 54262, "B19013_001M": 10634, "B01003_001E": 5243, "state": "48", "county": "439", "tract": "100201", "latino_share": 0.89300019073049786, "camera_count": 0, "arterial_road_m": 10051.359719875833, "land_area_km2": 2.147412, "pop_density_per_km2": 2441.5435882820807, "arterial_km_per_km2": 4.6806852713293177, "log_income": 10.901579445098683, "city": "Fort Worth", "crime_count_raw": 0.0, "crime_rate_annual_per_km2_1000": 0.0 }, "geometry": { "type": "Polygon", "coordinates": [ [ [ -97.339611, 32.810377 ], [ -97.335895, 32.810668 ], [ -97.3321, 32.810435 ], [ -97.325732, 32.810342 ], [ -97.325737, 32.806362 ], [ -97.325761, 32.803523 ], [ -97.323052, 32.803366 ], [ -97.323089, 32.79794 ], [ -97.325798, 32.79795 ], [ -97.325844, 32.795166 ], [ -97.326871, 32.79512 ], [ -97.336979, 32.795164 ], [ -97.337414, 32.7986 ], [ -97.33794, 32.800621 ], [ -97.338125, 32.801073 ], [ -97.338727, 32.804861 ], [ -97.339611, 32.810377 ] ] ] } },
{ "type": "Feature", "properties": { "STATEFP": "48", "COUNTYFP": "439", "TRACTCE": "105408", "GEOIDFQ": "1400000US48439105408", "GEOID": "48439105408", "NAME": "1054.08", "NAMELSAD": "Census Tract 1054.08", "STUSPS": "TX", "NAMELSADCO": "Tarrant County", "STATE_NAME": "Texas", "LSAD": "CT", "ALAND": 1943646, "AWATER": 17121, "centroid_lon": -97.427801261269167, "centroid_lat": 32.696674375811746, "B03002_001E": 2755, "B03002_001M": 496, "B03002_012E": 165, "B03002_012M": 139, "B19013_001E": 85938, "B19013_001M": 24646, "B01003_001E": 2755, "state": "48", "county": "439", "tract": "105408", "latino_share": 0.059891107078039928, "camera_count": 0, "arterial_road_m": 8217.0112669523442, "land_area_km2": 1.943646, "pop_density_per_km2": 1417.4391838843082, "arterial_km_per_km2": 4.2276274933564775, "log_income": 11.36138138500792, "city": "Fort Worth", "crime_count_raw": 0.0, "crime_rate_annual_per_km2_1000": 0.0 }, "geometry": { "type": "Polygon", "coordinates": [ [ [ -97.435389, 32.691899 ], [ -97.435927, 32.691861 ], [ -97.435873, 32.699468 ], [ -97.433632, 32.699582 ], [ -97.429168, 32.70143 ], [ -97.426702, 32.702691 ], [ -97.419662, 32.707528 ], [ -97.416169, 32.708807 ], [ -97.411705, 32.71038 ], [ -97.411812, 32.707669 ], [ -97.414065, 32.707337 ], [ -97.419898, 32.702803 ], [ -97.420692, 32.700581 ], [ -97.425564, 32.699511 ], [ -97.426626, 32.698844 ], [ -97.424185, 32.696424 ], [ -97.424366, 32.696327 ], [ -97.42794, 32.695956 ], [ -97.429293, 32.69315 ], [ -97.427949, 32.687582 ], [ -97.426353, 32.684899 ], [ -97.42652, 32.684479 ], [ -97.434547, 32.684504 ], [ -97.435269, 32.687795 ], [ -97.435195, 32.68947 ], [ -97.436066, 32.690599 ], [ -97.435389, 32.691899 ] ] ] } },
{ "type": "Feature", "properties": { "STATEFP": "48", "COUNTYFP": "439", "TRACTCE": "106519", "GEOIDFQ": "1400000US48439106519", "GEOID": "48439106519", "NAME": "1065.19", "NAMELSAD": "Census Tract 1065.19", "STUSPS": "TX", "NAMELSADCO": "Tarrant County", "STATE_NAME": "Texas", "LSAD": "CT", "ALAND": 1173025, "AWATER": 14365, "centroid_lon": -97.21980147675103, "centroid_lat": 32.764618798650893, "B03002_001E": 2127, "B03002_001M": 707, "B03002_012E": 281, "B03002_012M": 198, "B19013_001E": 33199, "B19013_001M": 11107, "B01003_001E": 2127, "state": "48", "county": "439", "tract": "106519", "latino_share": 0.13211095439586271, "camera_count": 3, "arterial_road_m": 9763.942528212976, "land_area_km2": 1.173025, "pop_density_per_km2": 1813.2605869440124, "arterial_km_per_km2": 8.3237292710837156, "log_income": 10.410275033969022, "city": "Fort Worth", "crime_count_raw": 0.0, "crime_rate_annual_per_km2_1000": 0.0 }, "geometry": { "type": "Polygon", "coordinates": [ [ [ -97.227052, 32.767865 ], [ -97.223596, 32.769 ], [ -97.220069, 32.769238 ], [ -97.216985, 32.76821 ], [ -97.212896, 32.768314 ], [ -97.212935, 32.766412 ], [ -97.21317, 32.762189 ], [ -97.214164, 32.759904 ], [ -97.223903, 32.759951 ], [ -97.224355, 32.762869 ], [ -97.228684, 32.765538 ], [ -97.227052, 32.767865 ] ] ] } },
{ "type": "Feature", "properties": { "STATEFP": "48", "COUNTYFP": "439", "TRACTCE": "113920", "GEOIDFQ": "1400000US48439113920", "GEOID": "48439113920", "NAME": "1139.20", "NAMELSAD": "Census Tract 1139.20", "STUSPS": "TX", "NAMELSADCO": "Tarrant County", "STATE_NAME": "Texas", "LSAD": "CT", "ALAND": 2431973, "AWATER": 0, "centroid_lon": -97.266309885774476, "centroid_lat": 32.885572679279164, "B03002_001E": 6030, "B03002_001M": 728, "B03002_012E": 1155, "B03002_012M": 438, "B19013_001E": 117361, "B19013_001M": 20266, "B01003_001E": 6030, "state": "48", "county": "439", "tract": "113920", "latino_share": 0.19154228855721392, "camera_count": 8, "arterial_road_m": 8055.8057720362985, "land_area_km2": 2.431973, "pop_density_per_km2": 2479.4683164656844, "arterial_km_per_km2": 3.3124569113375433, "log_income": 11.673009933571292, "city": "Fort Worth", "crime_count_raw": 0.0, "crime_rate_annual_per_km2_1000": 0.0 }, "geometry": { "type": "Polygon", "coordinates": [ [ [ -97.273654, 32.886105 ], [ -97.272971, 32.889302 ], [ -97.27263, 32.890588 ], [ -97.272403, 32.894661 ], [ -97.271423, 32.894804 ], [ -97.258885, 32.89475 ], [ -97.260169, 32.886957 ], [ -97.261189, 32.880688 ], [ -97.26121, 32.880562 ], [ -97.262251, 32.874263 ], [ -97.262279, 32.874072 ], [ -97.269015, 32.874102 ], [ -97.268988, 32.874311 ], [ -97.269379, 32.877428 ], [ -97.271129, 32.880035 ], [ -97.273025, 32.882832 ], [ -97.273412, 32.884411 ], [ -97.273654, 32.886105 ] ] ] } },
{ "type": "Feature", "properties": { "STATEFP": "48", "COUNTYFP": "439", "TRACTCE": "113945", "GEOIDFQ": "1400000US48439113945", "GEOID": "48439113945", "NAME": "1139.45", "NAMELSAD": "Census Tract 1139.45", "STUSPS": "TX", "NAMELSADCO": "Tarrant County", "STATE_NAME": "Texas", "LSAD": "CT", "ALAND": 2044075, "AWATER": 894, "centroid_lon": -97.26223659944506, "centroid_lat": 32.945085391949917, "B03002_001E": 3894, "B03002_001M": 548, "B03002_012E": 536, "B03002_012M": 227, "B19013_001E": 143629, "B19013_001M": 30018, "B01003_001E": 3894, "state": "48", "county": "439", "tract": "113945", "latino_share": 0.1376476630713919, "camera_count": 0, "arterial_road_m": 6792.7507134270036, "land_area_km2": 2.044075, "pop_density_per_km2": 1905.0181622494283, "arterial_km_per_km2": 3.3231416231923996, "log_income": 11.874988865067857, "city": "Fort Worth", "crime_count_raw": 0.0, "crime_rate_annual_per_km2_1000": 0.0 }, "geometry": { "type": "Polygon", "coordinates": [ [ [ -97.272337, 32.941152 ], [ -97.271603, 32.942289 ], [ -97.267587, 32.948177 ], [ -97.266272, 32.949637 ], [ -97.265079, 32.951169 ], [ -97.264828, 32.952925 ], [ -97.255197, 32.952862 ], [ -97.254972, 32.952902 ], [ -97.255012, 32.941721 ], [ -97.255025, 32.938737 ], [ -97.255264, 32.938754 ], [ -97.255551, 32.938755 ], [ -97.266902, 32.938829 ], [ -97.272515, 32.938831 ], [ -97.272337, 32.941152 ] ] ] } },
{ "type": "Feature", "properties": { "STATEFP": "48", "COUNTYFP": "439", "TRACTCE": "113950", "GEOIDFQ": "1400000US48439113950", "GEOID": "48439113950", "NAME": "1139.50", "NAMELSAD": "Census Tract 1139.50", "STUSPS": "TX", "NAMELSADCO": "Tarrant County", "STATE_NAME": "Texas", "LSAD": "CT", "ALAND": 6209850, "AWATER": 6881, "centroid_lon": -97.266832201484547, "centroid_lat": 32.926687644833315, "B03002_001E": 6685, "B03002_001M": 1245, "B03002_012E": 1224, "B03002_012M": 433, "B19013_001E": 133173, "B19013_001M": 24543, "B01003_001E": 6685, "state": "48", "county": "439", "tract": "113950", "latino_share": 0.1830964846671653, "camera_count": 0, "arterial_road_m": 13936.015263725498, "land_area_km2": 6.20985, "pop_density_per_km2": 1076.515535801992, "arterial_km_per_km2": 2.2441790484030206, "log_income": 11.799404313838753, "city": "Fort Worth", "crime_count_raw": 0.0, "crime_rate_annual_per_km2_1000": 0.0 }, "geometry": { "type": "Polygon", "coordinates": [ [ [ -97.281867, 32.937166 ], [ -97.281426, 32.938891 ], [ -97.272515, 32.938831 ], [ -97.266902, 32.938829 ], [ -97.255551, 32.938755 ], [ -97.255264, 32.938754 ], [ -97.255025, 32.938737 ], [ -97.2549, 32.934612 ], [ -97.254913, 32.934419 ], [ -97.255165, 32.928977 ], [ -97.255862, 32.916713 ], [ -97.25586, 32.916632 ], [ -97.256283, 32.911428 ], [ -97.267235, 32.911421 ], [ -97.27253, 32.911527 ], [ -97.272494, 32.913164 ], [ -97.272482, 32.91673 ], [ -97.272504, 32.924128 ], [ -97.277215, 32.924235 ], [ -97.278069, 32.924262 ], [ -97.281501, 32.924456 ], [ -97.281505, 32.931427 ], [ -97.281444, 32.93627 ], [ -97.281867, 32.937166 ] ] ] } },
{ "type": "Feature", "properties": { "STATEFP": "48", "COUNTYFP": "439", "TRACTCE": "113937", "GEOIDFQ": "1400000US48439113937", "GEOID": "48439113937", "NAME": "1139.37", "NAMELSAD": "Census Tract 1139.37", "STUSPS": "TX", "NAMELSADCO": "Tarrant County", "STATE_NAME": "Texas", "LSAD": "CT", "ALAND": 1787449, "AWATER": 3249, "centroid_lon": -97.311893495356586, "centroid_lat": 32.905614563179604, "B03002_001E": 1578, "B03002_001M": 306, "B03002_012E": 333, "B03002_012M": 188, "B19013_001E": 109800, "B19013_001M": 17316, "B01003_001E": 1578, "state": "48", "county": "439", "tract": "113937", "latino_share": 0.21102661596958175, "camera_count": 6, "arterial_road_m": 10952.05342709694, "land_area_km2": 1.787449, "pop_density_per_km2": 882.82239101647087, "arterial_km_per_km2": 6.1271977142267779, "log_income": 11.606415808057568, "city": "Fort Worth", "crime_count_raw": 0.0, "crime_rate_annual_per_km2_1000": 0.0 }, "geometry": { "type": "Polygon", "coordinates": [ [ [ -97.317066, 32.903212 ], [ -97.317064, 32.90482 ], [ -97.317048, 32.914479 ], [ -97.313296, 32.914487 ], [ -97.307115, 32.913622 ], [ -97.307253, 32.911746 ], [ -97.306749, 32.910137 ], [ -97.306919, 32.908499 ], [ -97.306945, 32.903486 ], [ -97.306959, 32.895804 ], [ -97.310234, 32.896092 ], [ -97.313932, 32.898218 ], [ -97.3168, 32.898328 ], [ -97.317054, 32.89834 ], [ -97.317068, 32.901687 ], [ -97.317066, 32.903212 ] ] ] } },
{ "type": "Feature", "properties": { "STATEFP": "48", "COUNTYFP": "439", "TRACTCE": "114010", "GEOIDFQ": "1400000US48439114010", "GEOID": "48439114010", "NAME": "1140.10", "NAMELSAD": "Census Tract 1140.10", "STUSPS": "TX", "NAMELSADCO": "Tarrant County", "STATE_NAME": "Texas", "LSAD": "CT", "ALAND": 4857111, "AWATER": 1001346, "centroid_lon": -97.404965555880324, "centroid_lat": 32.83756889435179, "B03002_001E": 9054, "B03002_001M": 1662, "B03002_012E": 3006, "B03002_012M": 1102, "B19013_001E": 129808, "B19013_001M": 36924, "B01003_001E": 9054, "state": "48", "county": "439", "tract": "114010", "latino_share": 0.33200795228628233, "camera_count": 1, "arterial_road_m": 13525.171927581314, "land_area_km2": 4.857111, "pop_density_per_km2": 1864.0710496424726, "arterial_km_per_km2": 2.7846124841662698, "log_income": 11.773811714634846, "city": "Fort Worth", "crime_count_raw": 0.0, "crime_rate_annual_per_km2_1000": 0.0 }, "geometry": { "type": "Polygon", "coordinates": [ [ [ -97.417582, 32.852438 ], [ -97.411391, 32.852379 ], [ -97.411319, 32.852378 ], [ -97.400179, 32.852342 ], [ -97.398755, 32.85136 ], [ -97.397615, 32.848247 ], [ -97.398423, 32.847409 ], [ -97.39638, 32.84395 ], [ -97.396817, 32.842613 ], [ -97.395799, 32.840857 ], [ -97.396193, 32.839858 ], [ -97.395999, 32.83556 ], [ -97.3959, 32.833201 ], [ -97.395368, 32.830222 ], [ -97.392437, 32.82625 ], [ -97.39022, 32.82885 ], [ -97.390704, 32.825861 ], [ -97.3949, 32.823307 ], [ -97.394148, 32.822272 ], [ -97.401332, 32.818995 ], [ -97.403972, 32.817749 ], [ -97.405014, 32.818765 ], [ -97.405759, 32.821267 ], [ -97.409357, 32.827757 ], [ -97.409185, 32.828527 ], [ -97.406806, 32.83229 ], [ -97.411065, 32.83418 ], [ -97.415645, 32.836255 ], [ -97.417803, 32.839287 ], [ -97.417582, 32.852438 ] ] ] } },
{ "type": "Feature", "properties": { "STATEFP": "48", "COUNTYFP": "439", "TRACTCE": "106523", "GEOIDFQ": "1400000US48439106523", "GEOID": "48439106523", "NAME": "1065.23", "NAMELSAD": "Census Tract 1065.23", "STUSPS": "TX", "NAMELSADCO": "Tarrant County", "STATE_NAME": "Texas", "LSAD": "CT", "ALAND": 2457828, "AWATER": 0, "centroid_lon": -97.067234786581594, "centroid_lat": 32.824746122429154, "B03002_001E": 4117, "B03002_001M": 668, "B03002_012E": 498, "B03002_012M": 269, "B19013_001E": 47100, "B19013_001M": 10263, "B01003_001E": 4117, "state": "48", "county": "439", "tract": "106523", "latino_share": 0.12096186543599709, "camera_count": 0, "arterial_road_m": 16460.56349933859, "land_area_km2": 2.457828, "pop_density_per_km2": 1675.0561878211167, "arterial_km_per_km2": 6.6971991121179304, "log_income": 10.760028280004509, "city": "Fort Worth", "crime_count_raw": 0.0, "crime_rate_annual_per_km2_1000": 0.0 }, "geometry": { "type": "Polygon", "coordinates": [ [ [ -97.077311, 32.822336 ], [ -97.07415, 32.822364 ], [ -97.073605, 32.822482 ], [ -97.072153, 32.823059 ], [ -97.070909, 32.823289 ], [ -97.070873, 32.825049 ], [ -97.069721, 32.827686 ], [ -97.069465, 32.830184 ], [ -97.069642, 32.836774 ], [ -97.069641, 32.837027 ], [ -97.068781, 32.837011 ], [ -97.064692, 32.837067 ], [ -97.061287, 32.83784 ], [ -97.06129, 32.837539 ], [ -97.061305, 32.828078 ], [ -97.061264, 32.822354 ], [ -97.060573, 32.819836 ], [ -97.059863, 32.818579 ], [ -97.059314, 32.817732 ], [ -97.058901, 32.817121 ], [ -97.05923, 32.817121 ], [ -97.064295, 32.816743 ], [ -97.068038, 32.816083 ], [ -97.076496, 32.814055 ], [ -97.076589, 32.819851 ], [ -97.076606, 32.820582 ], [ -97.077311, 32.822336 ] ] ] } },
{ "type": "Feature", "properties": { "STATEFP": "48", "COUNTYFP": "439", "TRACTCE": "100504", "GEOIDFQ": "1400000US48439100504", "GEOID": "48439100504", "NAME": "1005.04", "NAMELSAD": "Census Tract 1005.04", "STUSPS": "TX", "NAMELSADCO": "Tarrant County", "STATE_NAME": "Texas", "LSAD": "CT", "ALAND": 2523726, "AWATER": 0, "centroid_lon": -97.390213586709677, "centroid_lat": 32.794893871820726, "B03002_001E": 3727, "B03002_001M": 498, "B03002_012E": 2949, "B03002_012M": 549, "B19013_001E": 52074, "B19013_001M": 14782, "B01003_001E": 3727, "state": "48", "county": "439", "tract": "100504", "latino_share": 0.79125301851354979, "camera_count": 0, "arterial_road_m": 6733.9531389982712, "land_area_km2": 2.523726, "pop_density_per_km2": 1476.7847222717521, "arterial_km_per_km2": 2.6682584159287779, "log_income": 10.8604210628723, "city": "Fort Worth", "crime_count_raw": 0.0, "crime_rate_annual_per_km2_1000": 0.0 }, "geometry": { "type": "Polygon", "coordinates": [ [ [ -97.40299, 32.792861 ], [ -97.398309, 32.792797 ], [ -97.398209, 32.795847 ], [ -97.394611, 32.794613 ], [ -97.394261, 32.7986 ], [ -97.392588, 32.800224 ], [ -97.391715, 32.800982 ], [ -97.39154, 32.801129 ], [ -97.390193, 32.802276 ], [ -97.391661, 32.803573 ], [ -97.388415, 32.806387 ], [ -97.385343, 32.803863 ], [ -97.382273, 32.80134 ], [ -97.377664, 32.79752 ], [ -97.382446, 32.79316 ], [ -97.386534, 32.789625 ], [ -97.387518, 32.788896 ], [ -97.391358, 32.788697 ], [ -97.394748, 32.788641 ], [ -97.394773, 32.784424 ], [ -97.399862, 32.784423 ], [ -97.399876, 32.788961 ], [ -97.399939, 32.789194 ], [ -97.403999, 32.792218 ], [ -97.40299, 32.792861 ] ] ] } },
{ "type": "Feature", "properties": { "STATEFP": "48", "COUNTYFP": "439", "TRACTCE": "111026", "GEOIDFQ": "1400000US48439111026", "GEOID": "48439111026", "NAME": "1110.26", "NAMELSAD": "Census Tract 1110.26", "STUSPS": "TX", "NAMELSADCO": "Tarrant County", "STATE_NAME": "Texas", "LSAD": "CT", "ALAND": 2356541, "AWATER": 0, "centroid_lon": -97.36207472763364, "centroid_lat": 32.622182426410639, "B03002_001E": 6012, "B03002_001M": 810, "B03002_012E": 2087, "B03002_012M": 455, "B19013_001E": 78723, "B19013_001M": 5909, "B01003_001E": 6012, "state": "48", "county": "439", "tract": "111026", "latino_share": 0.34713905522288757, "camera_count": 0, "arterial_road_m": 6924.9609387574519, "land_area_km2": 2.356541, "pop_density_per_km2": 2551.1968601437447, "arterial_km_per_km2": 2.9386125421783249, "log_income": 11.273690640756074, "city": "Fort Worth", "crime_count_raw": 0.0, "crime_rate_annual_per_km2_1000": 0.0 }, "geometry": { "type": "Polygon", "coordinates": [ [ [ -97.370559, 32.617733 ], [ -97.369947, 32.621857 ], [ -97.369954, 32.624367 ], [ -97.369982, 32.626176 ], [ -97.370001, 32.627933 ], [ -97.369985, 32.628861 ], [ -97.365829, 32.62916 ], [ -97.363425, 32.628587 ], [ -97.361537, 32.628042 ], [ -97.361651, 32.625465 ], [ -97.357401, 32.625563 ], [ -97.356953, 32.627144 ], [ -97.356994, 32.63168 ], [ -97.357653, 32.6348 ], [ -97.353957, 32.634811 ], [ -97.354487, 32.622149 ], [ -97.354801, 32.614736 ], [ -97.354972, 32.614737 ], [ -97.356687, 32.614737 ], [ -97.369414, 32.614637 ], [ -97.37149, 32.614903 ], [ -97.370559, 32.617733 ] ] ] } },
{ "type": "Feature", "properties": { "STATEFP": "48", "COUNTYFP": "439", "TRACTCE": "110806", "GEOIDFQ": "1400000US48439110806", "GEOID": "48439110806", "NAME": "1108.06", "NAMELSAD": "Census Tract 1108.06", "STUSPS": "TX", "NAMELSADCO": "Tarrant County", "STATE_NAME": "Texas", "LSAD": "CT", "ALAND": 12277453, "AWATER": 25796, "centroid_lon": -97.527856448934315, "centroid_lat": 32.755689260784933, "B03002_001E": 5322, "B03002_001M": 454, "B03002_012E": 1099, "B03002_012M": 421, "B19013_001E": 102929, "B19013_001M": 13176, "B01003_001E": 5322, "state": "48", "county": "439", "tract": "110806", "latino_share": 0.20650131529500187, "camera_count": 0, "arterial_road_m": 12822.817022145391, "land_area_km2": 12.277453, "pop_density_per_km2": 433.47752990787262, "arterial_km_per_km2": 1.0444199641526131, "log_income": 11.541794709132889, "city": "Fort Worth", "crime_count_raw": 0.0, "crime_rate_annual_per_km2_1000": 0.0 }, "geometry": { "type": "Polygon", "coordinates": [ [ [ -97.548201, 32.776114 ], [ -97.545209, 32.773947 ], [ -97.543039, 32.773196 ], [ -97.531931, 32.770882 ], [ -97.523141, 32.767381 ], [ -97.517823, 32.766514 ], [ -97.512103, 32.76506 ], [ -97.51113, 32.764308 ], [ -97.510533, 32.763837 ], [ -97.507598, 32.762929 ], [ -97.50278, 32.760731 ], [ -97.500419, 32.759583 ], [ -97.499864, 32.759349 ], [ -97.499657, 32.759293 ], [ -97.500284, 32.757906 ], [ -97.501104, 32.756774 ], [ -97.503612, 32.754516 ], [ -97.506829, 32.751542 ], [ -97.507749, 32.74915 ], [ -97.50743, 32.746889 ], [ -97.503483, 32.741245 ], [ -97.510731, 32.741317 ], [ -97.512005, 32.741325 ], [ -97.512339, 32.741327 ], [ -97.515576, 32.741363 ], [ -97.520886, 32.741421 ], [ -97.529662, 32.741511 ], [ -97.533395, 32.741488 ], [ -97.543109, 32.741543 ], [ -97.544047, 32.744651 ], [ -97.544474, 32.74525 ], [ -97.547525, 32.74522 ], [ -97.548601, 32.744518 ], [ -97.548201, 32.776114 ] ] ] } },
{ "type": "Feature", "properties": { "STATEFP": "48", "COUNTYFP": "439", "TRACTCE": "101700", "GEOIDFQ": "1400000US48439101700", "GEOID": "48439101700", "NAME": "1017", "NAMELSAD": "Census Tract 1017", "STUSPS": "TX", "NAMELSADCO": "Tarrant County", "STATE_NAME": "Texas", "LSAD": "CT", "ALAND": 3128285, "AWATER": 86427, "centroid_lon": -97.311509218454205, "centroid_lat": 32.751984821440438, "B03002_001E": 1675, "B03002_001M": 379, "B03002_012E": 660, "B03002_012M": 356, "B19013_001E": 43482, "B19013_001M": 14706, "B01003_001E": 1675, "state": "48", "county": "439", "tract": "101700", "latino_share": 0.39402985074626867, "camera_count": 1, "arterial_road_m": 44376.469233165655, "land_area_km2": 3.128285, "pop_density_per_km2": 535.43714846952878, "arterial_km_per_km2": 14.185558295732536, "log_income": 10.680102338337337, "city": "Fort Worth", "crime_count_raw": 0.0, "crime_rate_annual_per_km2_1000": 0.0 }, "geometry": { "type": "Polygon", "coordinates": [ [ [ -97.322383, 32.757147 ], [ -97.321122, 32.757765 ], [ -97.308976, 32.759645 ], [ -97.308981, 32.761249 ], [ -97.308962, 32.762298 ], [ -97.306433, 32.762271 ], [ -97.305252, 32.762259 ], [ -97.304067, 32.762262 ], [ -97.302027, 32.762238 ], [ -97.301772, 32.757877 ], [ -97.30327, 32.753762 ], [ -97.303198, 32.748557 ], [ -97.303184, 32.748376 ], [ -97.302942, 32.743851 ], [ -97.306622, 32.742959 ], [ -97.308411, 32.742716 ], [ -97.312012, 32.743014 ], [ -97.321397, 32.744992 ], [ -97.321259, 32.74656 ], [ -97.322383, 32.757147 ] ] ] } },
{ "type": "Feature", "properties": { "STATEFP": "48", "COUNTYFP": "439", "TRACTCE": "123200", "GEOIDFQ": "1400000US48439123200", "GEOID": "48439123200", "NAME": "1232", "NAMELSAD": "Census Tract 1232", "STUSPS": "TX", "NAMELSADCO": "Tarrant County", "STATE_NAME": "Texas", "LSAD": "CT", "ALAND": 7259043, "AWATER": 669156, "centroid_lon": -97.328412992771817, "centroid_lat": 32.769532516297481, "B03002_001E": 3552, "B03002_001M": 396, "B03002_012E": 748, "B03002_012M": 273, "B19013_001E": 63340, "B19013_001M": 10028, "B01003_001E": 3552, "state": "48", "county": "439", "tract": "123200", "latino_share": 0.21058558558558557, "camera_count": 1, "arterial_road_m": 39423.382571218019, "land_area_km2": 7.259043, "pop_density_per_km2": 489.32069971206948, "arterial_km_per_km2": 5.4309338808460037, "log_income": 11.056272320092631, "city": "Fort Worth", "crime_count_raw": 0.0, "crime_rate_annual_per_km2_1000": 0.0 }, "geometry": { "type": "Polygon", "coordinates": [ [ [ -97.344997, 32.765799 ], [ -97.344147, 32.767606 ], [ -97.343581, 32.77297 ], [ -97.342705, 32.771667 ], [ -97.342593, 32.77172 ], [ -97.341086, 32.772429 ], [ -97.342936, 32.775258 ], [ -97.34277, 32.777876 ], [ -97.340523, 32.778264 ], [ -97.338838, 32.783445 ], [ -97.337754, 32.784232 ], [ -97.337538, 32.784343 ], [ -97.333797, 32.784536 ], [ -97.325313, 32.782708 ], [ -97.324341, 32.784469 ], [ -97.321965, 32.782156 ], [ -97.320401, 32.781256 ], [ -97.318763, 32.780625 ], [ -97.312796, 32.773009 ], [ -97.311738, 32.771321 ], [ -97.310784, 32.76871 ], [ -97.312108, 32.768078 ], [ -97.311025, 32.767223 ], [ -97.310103, 32.765417 ], [ -97.308957, 32.765273 ], [ -97.30896, 32.763292 ], [ -97.308962, 32.762298 ], [ -97.308981, 32.761249 ], [ -97.308976, 32.759645 ], [ -97.321122, 32.757765 ], [ -97.322383, 32.757147 ], [ -97.322839, 32.761204 ], [ -97.323025, 32.761854 ], [ -97.324326, 32.76124 ], [ -97.327183, 32.760209 ], [ -97.332135, 32.757528 ], [ -97.334147, 32.757413 ], [ -97.339437, 32.754834 ], [ -97.340753, 32.756734 ], [ -97.342384, 32.758087 ], [ -97.347037, 32.761792 ], [ -97.344997, 32.765799 ] ] ] } },
{ "type": "Feature", "properties": { "STATEFP": "48", "COUNTYFP": "439", "TRACTCE": "104602", "GEOIDFQ": "1400000US48439104602", "GEOID": "48439104602", "NAME": "1046.02", "NAMELSAD": "Census Tract 1046.02", "STUSPS": "TX", "NAMELSADCO": "Tarrant County", "STATE_NAME": "Texas", "LSAD": "CT", "ALAND": 2350078, "AWATER": 0, "centroid_lon": -97.272651713674563, "centroid_lat": 32.699138843278689, "B03002_001E": 5179, "B03002_001M": 931, "B03002_012E": 4259, "B03002_012M": 894, "B19013_001E": 44057, "B19013_001M": 19919, "B01003_001E": 5179, "state": "48", "county": "439", "tract": "104602", "latino_share": 0.82235952886657659, "camera_count": 1, "arterial_road_m": 5884.9061031216597, "land_area_km2": 2.350078, "pop_density_per_km2": 2203.756641268928, "arterial_km_per_km2": 2.5041322471516518, "log_income": 10.693239529068588, "city": "Fort Worth", "crime_count_raw": 0.0, "crime_rate_annual_per_km2_1000": 0.0 }, "geometry": { "type": "Polygon", "coordinates": [ [ [ -97.280215, 32.697032 ], [ -97.280086, 32.700189 ], [ -97.279751, 32.708196 ], [ -97.278424, 32.710875 ], [ -97.276267, 32.708039 ], [ -97.269965, 32.705236 ], [ -97.26858, 32.702699 ], [ -97.266591, 32.702711 ], [ -97.264417, 32.700816 ], [ -97.264265, 32.700086 ], [ -97.262924, 32.700108 ], [ -97.26307, 32.692194 ], [ -97.271502, 32.692231 ], [ -97.280244, 32.692287 ], [ -97.280215, 32.697032 ] ] ] } },
{ "type": "Feature", "properties": { "STATEFP": "48", "COUNTYFP": "439", "TRACTCE": "106101", "GEOIDFQ": "1400000US48439106101", "GEOID": "48439106101", "NAME": "1061.01", "NAMELSAD": "Census Tract 1061.01", "STUSPS": "TX", "NAMELSADCO": "Tarrant County", "STATE_NAME": "Texas", "LSAD": "CT", "ALAND": 3632158, "AWATER": 0, "centroid_lon": -97.25074794540069, "centroid_lat": 32.691049479270838, "B03002_001E": 1852, "B03002_001M": 377, "B03002_012E": 759, "B03002_012M": 300, "B19013_001E": 53274, "B19013_001M": 7962, "B01003_001E": 1852, "state": "48", "county": "439", "tract": "106101", "latino_share": 0.40982721382289417, "camera_count": 1, "arterial_road_m": 22820.611555146224, "land_area_km2": 3.632158, "pop_density_per_km2": 509.88971294750945, "arterial_km_per_km2": 6.282934705799204, "log_income": 10.883203686260382, "city": "Fort Worth", "crime_count_raw": 0.0, "crime_rate_annual_per_km2_1000": 0.0 }, "geometry": { "type": "Polygon", "coordinates": [ [ [ -97.262924, 32.700108 ], [ -97.259597, 32.699022 ], [ -97.25345, 32.698931 ], [ -97.245157, 32.698915 ], [ -97.243317, 32.698265 ], [ -97.241532, 32.697651 ], [ -97.23739, 32.697587 ], [ -97.240784, 32.692591 ], [ -97.241094, 32.69092 ], [ -97.240713, 32.689009 ], [ -97.240583, 32.688205 ], [ -97.240631, 32.681655 ], [ -97.255441, 32.681616 ], [ -97.256397, 32.686705 ], [ -97.257129, 32.686109 ], [ -97.258059, 32.687344 ], [ -97.262084, 32.687196 ], [ -97.262078, 32.69212 ], [ -97.26307, 32.692194 ], [ -97.262924, 32.700108 ] ] ] } },
{ "type": "Feature", "properties": { "STATEFP": "48", "COUNTYFP": "439", "TRACTCE": "102401", "GEOIDFQ": "1400000US48439102401", "GEOID": "48439102401", "NAME": "1024.01", "NAMELSAD": "Census Tract 1024.01", "STUSPS": "TX", "NAMELSADCO": "Tarrant County", "STATE_NAME": "Texas", "LSAD": "CT", "ALAND": 3154640, "AWATER": 0, "centroid_lon": -97.418317060336562, "centroid_lat": 32.72262390100137, "B03002_001E": 4234, "B03002_001M": 642, "B03002_012E": 952, "B03002_012M": 409, "B19013_001E": 67888, "B19013_001M": 6105, "B01003_001E": 4234, "state": "48", "county": "439", "tract": "102401", "latino_share": 0.22484648086915446, "camera_count": 3, "arterial_road_m": 15122.851642484846, "land_area_km2": 3.15464, "pop_density_per_km2": 1342.1499759085029, "arterial_km_per_km2": 4.7938438752075818, "log_income": 11.125614567442106, "city": "Fort Worth", "crime_count_raw": 0.0, "crime_rate_annual_per_km2_1000": 0.0 }, "geometry": { "type": "Polygon", "coordinates": [ [ [ -97.427414, 32.727241 ], [ -97.427399, 32.731876 ], [ -97.427403, 32.734301 ], [ -97.425672, 32.734311 ], [ -97.424158, 32.734326 ], [ -97.420979, 32.734336 ], [ -97.416144, 32.734271 ], [ -97.413387, 32.73409 ], [ -97.413416, 32.730303 ], [ -97.413409, 32.729518 ], [ -97.413536, 32.717694 ], [ -97.413007, 32.716794 ], [ -97.40994, 32.716949 ], [ -97.408072, 32.717858 ], [ -97.408161, 32.711454 ], [ -97.411705, 32.71038 ], [ -97.416169, 32.708807 ], [ -97.416685, 32.710524 ], [ -97.420748, 32.711202 ], [ -97.421387, 32.712178 ], [ -97.421246, 32.713614 ], [ -97.422885, 32.716599 ], [ -97.423256, 32.72137 ], [ -97.424717, 32.724776 ], [ -97.427464, 32.723642 ], [ -97.427414, 32.727241 ] ] ] } },
{ "type": "Feature", "properties": { "STATEFP": "48", "COUNTYFP": "439", "TRACTCE": "104601", "GEOIDFQ": "1400000US48439104601", "GEOID": "48439104601", "NAME": "1046.01", "NAMELSAD": "Census Tract 1046.01", "STUSPS": "TX", "NAMELSADCO": "Tarrant County", "STATE_NAME": "Texas", "LSAD": "CT", "ALAND": 2259570, "AWATER": 0, "centroid_lon": -97.270037852361199, "centroid_lat": 32.711486084145264, "B03002_001E": 5561, "B03002_001M": 1075, "B03002_012E": 3756, "B03002_012M": 1092, "B19013_001E": 51478, "B19013_001M": 4322, "B01003_001E": 5561, "state": "48", "county": "439", "tract": "104601", "latino_share": 0.67541809027153388, "camera_count": 1, "arterial_road_m": 15011.251766709789, "land_area_km2": 2.25957, "pop_density_per_km2": 2461.0877290811968, "arterial_km_per_km2": 6.6434108112206252, "log_income": 10.848909810916531, "city": "Fort Worth", "crime_count_raw": 0.0, "crime_rate_annual_per_km2_1000": 0.0 }, "geometry": { "type": "Polygon", "coordinates": [ [ [ -97.28003, 32.718124 ], [ -97.275767, 32.71814 ], [ -97.271015, 32.718431 ], [ -97.262858, 32.718393 ], [ -97.262875, 32.716503 ], [ -97.26287, 32.71397 ], [ -97.262897, 32.706698 ], [ -97.262924, 32.700108 ], [ -97.264265, 32.700086 ], [ -97.264417, 32.700816 ], [ -97.266591, 32.702711 ], [ -97.26858, 32.702699 ], [ -97.269965, 32.705236 ], [ -97.276267, 32.708039 ], [ -97.278424, 32.710875 ], [ -97.279941, 32.713614 ], [ -97.27999, 32.714387 ], [ -97.28003, 32.718124 ] ] ] } },
{ "type": "Feature", "properties": { "STATEFP": "48", "COUNTYFP": "439", "TRACTCE": "106514", "GEOIDFQ": "1400000US48439106514", "GEOID": "48439106514", "NAME": "1065.14", "NAMELSAD": "Census Tract 1065.14", "STUSPS": "TX", "NAMELSADCO": "Tarrant County", "STATE_NAME": "Texas", "LSAD": "CT", "ALAND": 4427050, "AWATER": 21161, "centroid_lon": -97.172600987355352, "centroid_lat": 32.750496254987127, "B03002_001E": 5702, "B03002_001M": 1026, "B03002_012E": 1372, "B03002_012M": 624, "B19013_001E": 68045, "B19013_001M": 11393, "B01003_001E": 5702, "state": "48", "county": "439", "tract": "106514", "latino_share": 0.24061732725359522, "camera_count": 4, "arterial_road_m": 23458.417812716616, "land_area_km2": 4.42705, "pop_density_per_km2": 1287.9908742842299, "arterial_km_per_km2": 5.29888250928194, "log_income": 11.127924529994418, "city": "Fort Worth", "crime_count_raw": 0.0, "crime_rate_annual_per_km2_1000": 0.0 }, "geometry": { "type": "Polygon", "coordinates": [ [ [ -97.183286, 32.759991 ], [ -97.167099, 32.760224 ], [ -97.160305, 32.760312 ], [ -97.158495, 32.76034 ], [ -97.155563, 32.760368 ], [ -97.151767, 32.760249 ], [ -97.149737, 32.760205 ], [ -97.149687, 32.759965 ], [ -97.149827, 32.759116 ], [ -97.153765, 32.757417 ], [ -97.154419, 32.757013 ], [ -97.15529, 32.757277 ], [ -97.156414, 32.757547 ], [ -97.157132, 32.757565 ], [ -97.160287, 32.757559 ], [ -97.161086, 32.757559 ], [ -97.161086, 32.757237 ], [ -97.161076, 32.756542 ], [ -97.163013, 32.755868 ], [ -97.163028, 32.751204 ], [ -97.163075, 32.7456 ], [ -97.164142, 32.74545 ], [ -97.171252, 32.743354 ], [ -97.173293, 32.741425 ], [ -97.173298, 32.741211 ], [ -97.173451, 32.740537 ], [ -97.173876, 32.739778 ], [ -97.174504, 32.739193 ], [ -97.176074, 32.737903 ], [ -97.177053, 32.737338 ], [ -97.179232, 32.736033 ], [ -97.17978, 32.731129 ], [ -97.179988, 32.731102 ], [ -97.18242, 32.730759 ], [ -97.182363, 32.744574 ], [ -97.181649, 32.745649 ], [ -97.181224, 32.746259 ], [ -97.18123, 32.74881 ], [ -97.18308, 32.751536 ], [ -97.183231, 32.752454 ], [ -97.183286, 32.759991 ] ] ] } },
{ "type": "Feature", "properties": { "STATEFP": "48", "COUNTYFP": "439", "TRACTCE": "105902", "GEOIDFQ": "1400000US48439105902", "GEOID": "48439105902", "NAME": "1059.02", "NAMELSAD": "Census Tract 1059.02", "STUSPS": "TX", "NAMELSADCO": "Tarrant County", "STATE_NAME": "Texas", "LSAD": "CT", "ALAND": 5902366, "AWATER": 0, "centroid_lon": -97.295387206327192, "centroid_lat": 32.675211138930976, "B03002_001E": 6187, "B03002_001M": 1003, "B03002_012E": 1589, "B03002_012M": 485, "B19013_001E": 38973, "B19013_001M": 12386, "B01003_001E": 6187, "state": "48", "county": "439", "tract": "105902", "latino_share": 0.2568288346533053, "camera_count": 1, "arterial_road_m": 20802.568876168119, "land_area_km2": 5.902366, "pop_density_per_km2": 1048.2237123214657, "arterial_km_per_km2": 3.5244457690641551, "log_income": 10.570624377663842, "city": "Fort Worth", "crime_count_raw": 0.0, "crime_rate_annual_per_km2_1000": 0.0 }, "geometry": { "type": "Polygon", "coordinates": [ [ [ -97.315221, 32.68437 ], [ -97.312642, 32.684396 ], [ -97.306351, 32.684454 ], [ -97.306258, 32.684387 ], [ -97.305442, 32.684345 ], [ -97.289216, 32.684786 ], [ -97.287363, 32.684838 ], [ -97.28623, 32.683816 ], [ -97.280111, 32.678238 ], [ -97.280186, 32.671774 ], [ -97.280271, 32.6661 ], [ -97.281406, 32.661327 ], [ -97.284266, 32.661622 ], [ -97.293689, 32.66568 ], [ -97.300887, 32.668759 ], [ -97.306099, 32.669643 ], [ -97.309494, 32.672224 ], [ -97.311634, 32.674509 ], [ -97.314413, 32.678435 ], [ -97.315221, 32.68437 ] ] ] } },
{ "type": "Feature", "properties": { "STATEFP": "48", "COUNTYFP": "439", "TRACTCE": "102601", "GEOIDFQ": "1400000US48439102601", "GEOID": "48439102601", "NAME": "1026.01", "NAMELSAD": "Census Tract 1026.01", "STUSPS": "TX", "NAMELSADCO": "Tarrant County", "STATE_NAME": "Texas", "LSAD": "CT", "ALAND": 1981571, "AWATER": 42497, "centroid_lon": -97.396499810145329, "centroid_lat": 32.728023305195059, "B03002_001E": 3042, "B03002_001M": 338, "B03002_012E": 824, "B03002_012M": 248, "B19013_001E": 47463, "B19013_001M": 13015, "B01003_001E": 3042, "state": "48", "county": "439", "tract": "102601", "latino_share": 0.27087442472057854, "camera_count": 0, "arterial_road_m": 12728.381206865468, "land_area_km2": 1.981571, "pop_density_per_km2": 1535.1455991231201, "arterial_km_per_km2": 6.4233788276400228, "log_income": 10.767705739117174, "city": "Fort Worth", "crime_count_raw": 0.0, "crime_rate_annual_per_km2_1000": 0.0 }, "geometry": { "type": "Polygon", "coordinates": [ [ [ -97.413387, 32.73409 ], [ -97.409704, 32.734344 ], [ -97.398731, 32.732934 ], [ -97.387792, 32.732777 ], [ -97.387852, 32.727173 ], [ -97.38682, 32.723761 ], [ -97.386332, 32.719949 ], [ -97.387603, 32.71913 ], [ -97.389654, 32.718427 ], [ -97.391587, 32.718562 ], [ -97.39324, 32.719251 ], [ -97.394086, 32.720317 ], [ -97.395591, 32.723729 ], [ -97.397849, 32.726979 ], [ -97.399089, 32.726157 ], [ -97.400683, 32.726354 ], [ -97.401343, 32.728181 ], [ -97.402006, 32.728462 ], [ -97.40326, 32.730198 ], [ -97.407909, 32.730221 ], [ -97.413416, 32.730303 ], [ -97.413387, 32.73409 ] ] ] } },
{ "type": "Feature", "properties": { "STATEFP": "48", "COUNTYFP": "439", "TRACTCE": "102202", "GEOIDFQ": "1400000US48439102202", "GEOID": "48439102202", "NAME": "1022.02", "NAMELSAD": "Census Tract 1022.02", "STUSPS": "TX", "NAMELSADCO": "Tarrant County", "STATE_NAME": "Texas", "LSAD": "CT", "ALAND": 1897544, "AWATER": 0, "centroid_lon": -97.395042001919848, "centroid_lat": 32.739489069314132, "B03002_001E": 2566, "B03002_001M": 294, "B03002_012E": 99, "B03002_012M": 63, "B19013_001E": 115000, "B19013_001M": 28186, "B01003_001E": 2566, "state": "48", "county": "439", "tract": "102202", "latino_share": 0.038581449727201872, "camera_count": 1, "arterial_road_m": 11719.830157932422, "land_area_km2": 1.897544, "pop_density_per_km2": 1352.2743082637346, "arterial_km_per_km2": 6.1763153623486051, "log_income": 11.652687407345388, "city": "Fort Worth", "crime_count_raw": 0.0, "crime_rate_annual_per_km2_1000": 0.0 }, "geometry": { "type": "Polygon", "coordinates": [ [ [ -97.413503, 32.734431 ], [ -97.413186, 32.736911 ], [ -97.409645, 32.737363 ], [ -97.409654, 32.7397 ], [ -97.403552, 32.739454 ], [ -97.401863, 32.742681 ], [ -97.400497, 32.742905 ], [ -97.397846, 32.741425 ], [ -97.398635, 32.739725 ], [ -97.397484, 32.739731 ], [ -97.396988, 32.739919 ], [ -97.391147, 32.744304 ], [ -97.381257, 32.744196 ], [ -97.378443, 32.744093 ], [ -97.37851, 32.739617 ], [ -97.378514, 32.739431 ], [ -97.387635, 32.739534 ], [ -97.387664, 32.7367 ], [ -97.39606, 32.736775 ], [ -97.398661, 32.736796 ], [ -97.398676, 32.735252 ], [ -97.409659, 32.735014 ], [ -97.409704, 32.734344 ], [ -97.413387, 32.73409 ], [ -97.413503, 32.734431 ] ] ] } },
{ "type": "Feature", "properties": { "STATEFP": "48", "COUNTYFP": "439", "TRACTCE": "101302", "GEOIDFQ": "1400000US48439101302", "GEOID": "48439101302", "NAME": "1013.02", "NAMELSAD": "Census Tract 1013.02", "STUSPS": "TX", "NAMELSADCO": "Tarrant County", "STATE_NAME": "Texas", "LSAD": "CT", "ALAND": 4252372, "AWATER": 701615, "centroid_lon": -97.216047684003698, "centroid_lat": 32.729004508882092, "B03002_001E": 3346, "B03002_001M": 395, "B03002_012E": 2242, "B03002_012M": 460, "B19013_001E": 70222, "B19013_001M": 15093, "B01003_001E": 3346, "state": "48", "county": "439", "tract": "101302", "latino_share": 0.67005379557680811, "camera_count": 1, "arterial_road_m": 20615.626338826223, "land_area_km2": 4.252372, "pop_density_per_km2": 786.8549600082024, "arterial_km_per_km2": 4.8480298381294542, "log_income": 11.159416931230806, "city": "Fort Worth", "crime_count_raw": 0.0, "crime_rate_annual_per_km2_1000": 0.0 }, "geometry": { "type": "Polygon", "coordinates": [ [ [ -97.236429, 32.737886 ], [ -97.234451, 32.738185 ], [ -97.232453, 32.737462 ], [ -97.231991, 32.737752 ], [ -97.225213, 32.737771 ], [ -97.219048, 32.737609 ], [ -97.213885, 32.7365 ], [ -97.207484, 32.736432 ], [ -97.198789, 32.736355 ], [ -97.198841, 32.728672 ], [ -97.19881, 32.728324 ], [ -97.200726, 32.727923 ], [ -97.200832, 32.727916 ], [ -97.207728, 32.727983 ], [ -97.207748, 32.725112 ], [ -97.209105, 32.72618 ], [ -97.208278, 32.723898 ], [ -97.21003, 32.721601 ], [ -97.20271, 32.713348 ], [ -97.20883, 32.713174 ], [ -97.211056, 32.717334 ], [ -97.213279, 32.718597 ], [ -97.213179, 32.718689 ], [ -97.21443, 32.719014 ], [ -97.217086, 32.719482 ], [ -97.224967, 32.719502 ], [ -97.225516, 32.719675 ], [ -97.225385, 32.720457 ], [ -97.225333, 32.724651 ], [ -97.225245, 32.732843 ], [ -97.236443, 32.731172 ], [ -97.236429, 32.737886 ] ] ] } },
{ "type": "Feature", "properties": { "STATEFP": "48", "COUNTYFP": "439", "TRACTCE": "100900", "GEOIDFQ": "1400000US48439100900", "GEOID": "48439100900", "NAME": "1009", "NAMELSAD": "Census Tract 1009", "STUSPS": "TX", "NAMELSADCO": "Tarrant County", "STATE_NAME": "Texas", "LSAD": "CT", "ALAND": 1570223, "AWATER": 0, "centroid_lon": -97.347280787952002, "centroid_lat": 32.780051154115114, "B03002_001E": 1947, "B03002_001M": 440, "B03002_012E": 1628, "B03002_012M": 422, "B19013_001E": 37891, "B19013_001M": 14072, "B01003_001E": 1947, "state": "48", "county": "439", "tract": "100900", "latino_share": 0.83615819209039544, "camera_count": 1, "arterial_road_m": 5037.4016288812354, "land_area_km2": 1.570223, "pop_density_per_km2": 1239.9512680682935, "arterial_km_per_km2": 3.2080803993326015, "log_income": 10.542468895852291, "city": "Fort Worth", "crime_count_raw": 0.0, "crime_rate_annual_per_km2_1000": 0.0 }, "geometry": { "type": "Polygon", "coordinates": [ [ [ -97.35508, 32.78103 ], [ -97.355367, 32.782826 ], [ -97.354153, 32.782808 ], [ -97.354077, 32.786281 ], [ -97.35287, 32.786277 ], [ -97.34916, 32.786277 ], [ -97.349164, 32.785724 ], [ -97.345159, 32.785096 ], [ -97.340559, 32.783918 ], [ -97.337754, 32.784232 ], [ -97.338838, 32.783445 ], [ -97.340523, 32.778264 ], [ -97.34277, 32.777876 ], [ -97.342936, 32.775258 ], [ -97.341086, 32.772429 ], [ -97.342593, 32.77172 ], [ -97.342705, 32.771667 ], [ -97.343581, 32.77297 ], [ -97.346913, 32.772757 ], [ -97.348508, 32.774441 ], [ -97.350843, 32.775246 ], [ -97.355419, 32.780043 ], [ -97.35508, 32.78103 ] ] ] } },
{ "type": "Feature", "properties": { "STATEFP": "48", "COUNTYFP": "439", "TRACTCE": "105516", "GEOIDFQ": "1400000US48439105516", "GEOID": "48439105516", "NAME": "1055.16", "NAMELSAD": "Census Tract 1055.16", "STUSPS": "TX", "NAMELSADCO": "Tarrant County", "STATE_NAME": "Texas", "LSAD": "CT", "ALAND": 914537, "AWATER": 0, "centroid_lon": -97.398376548158041, "centroid_lat": 32.630306532872432, "B03002_001E": 2754, "B03002_001M": 576, "B03002_012E": 1251, "B03002_012M": 717, "B19013_001E": 78966, "B19013_001M": 14594, "B01003_001E": 2754, "state": "48", "county": "439", "tract": "105516", "latino_share": 0.45424836601307189, "camera_count": 0, "arterial_road_m": 3369.7889886520816, "land_area_km2": 0.914537, "pop_density_per_km2": 3011.3598465671698, "arterial_km_per_km2": 3.6846939912240639, "log_income": 11.276772659062379, "city": "Fort Worth", "crime_count_raw": 0.0, "crime_rate_annual_per_km2_1000": 0.0 }, "geometry": { "type": "Polygon", "coordinates": [ [ [ -97.412886, 32.629565 ], [ -97.412269, 32.629703 ], [ -97.409683, 32.630818 ], [ -97.4074, 32.631686 ], [ -97.40606, 32.632229 ], [ -97.40336, 32.632737 ], [ -97.400922, 32.632756 ], [ -97.399414, 32.632469 ], [ -97.395687, 32.631732 ], [ -97.394702, 32.631711 ], [ -97.392072, 32.632402 ], [ -97.390322, 32.633719 ], [ -97.38807, 32.631172 ], [ -97.387657, 32.628062 ], [ -97.395731, 32.628107 ], [ -97.398365, 32.628131 ], [ -97.39951, 32.628161 ], [ -97.400488, 32.628199 ], [ -97.403348, 32.628494 ], [ -97.406473, 32.628898 ], [ -97.409656, 32.629263 ], [ -97.412805, 32.629261 ], [ -97.412886, 32.629565 ] ] ] } },
{ "type": "Feature", "properties": { "STATEFP": "48", "COUNTYFP": "439", "TRACTCE": "113946", "GEOIDFQ": "1400000US48439113946", "GEOID": "48439113946", "NAME": "1139.46", "NAMELSAD": "Census Tract 1139.46", "STUSPS": "TX", "NAMELSADCO": "Tarrant County", "STATE_NAME": "Texas", "LSAD": "CT", "ALAND": 1593979, "AWATER": 4850, "centroid_lon": -97.281171955885199, "centroid_lat": 32.897510964587966, "B03002_001E": 6509, "B03002_001M": 3880, "B03002_012E": 543, "B03002_012M": 374, "B19013_001E": 133449, "B19013_001M": 53110, "B01003_001E": 6509, "state": "48", "county": "439", "tract": "113946", "latino_share": 0.083422952834536795, "camera_count": 0, "arterial_road_m": 6930.1007141591363, "land_area_km2": 1.593979, "pop_density_per_km2": 4083.4916896646691, "arterial_km_per_km2": 4.3476737862664043, "log_income": 11.801474661361357, "city": "Fort Worth", "crime_count_raw": 0.0, "crime_rate_annual_per_km2_1000": 0.0 }, "geometry": { "type": "Polygon", "coordinates": [ [ [ -97.289637, 32.89419 ], [ -97.289616, 32.902088 ], [ -97.28405, 32.902043 ], [ -97.278414, 32.901994 ], [ -97.272517, 32.901941 ], [ -97.272464, 32.896633 ], [ -97.272403, 32.894661 ], [ -97.276744, 32.892882 ], [ -97.277769, 32.892654 ], [ -97.28183, 32.892507 ], [ -97.28464, 32.892516 ], [ -97.289638, 32.893873 ], [ -97.289637, 32.89419 ] ] ] } },
{ "type": "Feature", "properties": { "STATEFP": "48", "COUNTYFP": "439", "TRACTCE": "113931", "GEOIDFQ": "1400000US48439113931", "GEOID": "48439113931", "NAME": "1139.31", "NAMELSAD": "Census Tract 1139.31", "STUSPS": "TX", "NAMELSADCO": "Tarrant County", "STATE_NAME": "Texas", "LSAD": "CT", "ALAND": 9439210, "AWATER": 47280, "centroid_lon": -97.323506514528631, "centroid_lat": 32.906331225668112, "B03002_001E": 14606, "B03002_001M": 1857, "B03002_012E": 3400, "B03002_012M": 899, "B19013_001E": 106540, "B19013_001M": 11747, "B01003_001E": 14606, "state": "48", "county": "439", "tract": "113931", "latino_share": 0.23278104888402026, "camera_count": 4, "arterial_road_m": 73557.806697505293, "land_area_km2": 9.43921, "pop_density_per_km2": 1547.3752570395193, "arterial_km_per_km2": 7.7927926910732257, "log_income": 11.57627578047099, "city": "Fort Worth", "crime_count_raw": 0.0, "crime_rate_annual_per_km2_1000": 0.0 }, "geometry": { "type": "Polygon", "coordinates": [ [ [ -97.331701, 32.894343 ], [ -97.33171, 32.89879 ], [ -97.331616, 32.905399 ], [ -97.331588, 32.909768 ], [ -97.331581, 32.911057 ], [ -97.331549, 32.914552 ], [ -97.331527, 32.924113 ], [ -97.331527, 32.924172 ], [ -97.331479, 32.930909 ], [ -97.331044, 32.931312 ], [ -97.324932, 32.931254 ], [ -97.32288, 32.931274 ], [ -97.322743, 32.932954 ], [ -97.322752, 32.933397 ], [ -97.32276, 32.934777 ], [ -97.32276, 32.936266 ], [ -97.322384, 32.942081 ], [ -97.313378, 32.942047 ], [ -97.31253, 32.942031 ], [ -97.315334, 32.933383 ], [ -97.316878, 32.927809 ], [ -97.317048, 32.914479 ], [ -97.317064, 32.90482 ], [ -97.317066, 32.903212 ], [ -97.317068, 32.901687 ], [ -97.317054, 32.89834 ], [ -97.317073, 32.887389 ], [ -97.317011, 32.874763 ], [ -97.316725, 32.872695 ], [ -97.327349, 32.872641 ], [ -97.328534, 32.875051 ], [ -97.328799, 32.880733 ], [ -97.331654, 32.886008 ], [ -97.331774, 32.887342 ], [ -97.331701, 32.894343 ] ] ] } },
{ "type": "Feature", "properties": { "STATEFP": "48", "COUNTYFP": "439", "TRACTCE": "114012", "GEOIDFQ": "1400000US48439114012", "GEOID": "48439114012", "NAME": "1140.12", "NAMELSAD": "Census Tract 1140.12", "STUSPS": "TX", "NAMELSADCO": "Tarrant County", "STATE_NAME": "Texas", "LSAD": "CT", "ALAND": 7363136, "AWATER": 14620, "centroid_lon": -97.406316625777151, "centroid_lat": 32.872963161722275, "B03002_001E": 10490, "B03002_001M": 1299, "B03002_012E": 2965, "B03002_012M": 480, "B19013_001E": 112033, "B19013_001M": 13757, "B01003_001E": 10490, "state": "48", "county": "439", "tract": "114012", "latino_share": 0.28265014299332697, "camera_count": 11, "arterial_road_m": 16440.495299779308, "land_area_km2": 7.363136, "pop_density_per_km2": 1424.6647080809046, "arterial_km_per_km2": 2.2328115764504837, "log_income": 11.626548749735692, "city": "Fort Worth", "crime_count_raw": 0.0, "crime_rate_annual_per_km2_1000": 0.0 }, "geometry": { "type": "Polygon", "coordinates": [ [ [ -97.42583, 32.879871 ], [ -97.425821, 32.881086 ], [ -97.425808, 32.884032 ], [ -97.4258, 32.886947 ], [ -97.425873, 32.887631 ], [ -97.424796, 32.887639 ], [ -97.419704, 32.887625 ], [ -97.417378, 32.88848 ], [ -97.408746, 32.888418 ], [ -97.408711, 32.888311 ], [ -97.408746, 32.88098 ], [ -97.391392, 32.880877 ], [ -97.390944, 32.880864 ], [ -97.390917, 32.880713 ], [ -97.390875, 32.874834 ], [ -97.390787, 32.869673 ], [ -97.39066, 32.858575 ], [ -97.388467, 32.851147 ], [ -97.394449, 32.852282 ], [ -97.400179, 32.852342 ], [ -97.400924, 32.853766 ], [ -97.399467, 32.856763 ], [ -97.401548, 32.858828 ], [ -97.401794, 32.861651 ], [ -97.401503, 32.86384 ], [ -97.404056, 32.868806 ], [ -97.404975, 32.869808 ], [ -97.411087, 32.869833 ], [ -97.416831, 32.869891 ], [ -97.417341, 32.870038 ], [ -97.425993, 32.87021 ], [ -97.42583, 32.879871 ] ] ] } },
{ "type": "Feature", "properties": { "STATEFP": "48", "COUNTYFP": "439", "TRACTCE": "105519", "GEOIDFQ": "1400000US48439105519", "GEOID": "48439105519", "NAME": "1055.19", "NAMELSAD": "Census Tract 1055.19", "STUSPS": "TX", "NAMELSADCO": "Tarrant County", "STATE_NAME": "Texas", "LSAD": "CT", "ALAND": 2860062, "AWATER": 0, "centroid_lon": -97.424551377251206, "centroid_lat": 32.673879845509695, "B03002_001E": 5100, "B03002_001M": 781, "B03002_012E": 375, "B03002_012M": 238, "B19013_001E": 75767, "B19013_001M": 13031, "B01003_001E": 5100, "state": "48", "county": "439", "tract": "105519", "latino_share": 0.073529411764705885, "camera_count": 6, "arterial_road_m": 8450.0146964773303, "land_area_km2": 2.860062, "pop_density_per_km2": 1783.1781269077383, "arterial_km_per_km2": 2.9544865448641779, "log_income": 11.235418120634911, "city": "Fort Worth", "crime_count_raw": 0.0, "crime_rate_annual_per_km2_1000": 0.0 }, "geometry": { "type": "Polygon", "coordinates": [ [ [ -97.434366, 32.674328 ], [ -97.434362, 32.674867 ], [ -97.433404, 32.676798 ], [ -97.430805, 32.678641 ], [ -97.429205, 32.681772 ], [ -97.425045, 32.682988 ], [ -97.424508, 32.683598 ], [ -97.42246, 32.68356 ], [ -97.417052, 32.683476 ], [ -97.414163, 32.683435 ], [ -97.414703, 32.679786 ], [ -97.416567, 32.677241 ], [ -97.417032, 32.676649 ], [ -97.417599, 32.675858 ], [ -97.418257, 32.674796 ], [ -97.4192, 32.672265 ], [ -97.420049, 32.666497 ], [ -97.422717, 32.661969 ], [ -97.423104, 32.661537 ], [ -97.423631, 32.661135 ], [ -97.425881, 32.659976 ], [ -97.426645, 32.660872 ], [ -97.428668, 32.663361 ], [ -97.429153, 32.669047 ], [ -97.430658, 32.670534 ], [ -97.433589, 32.669802 ], [ -97.434452, 32.672933 ], [ -97.434366, 32.674328 ] ] ] } },
{ "type": "Feature", "properties": { "STATEFP": "48", "COUNTYFP": "439", "TRACTCE": "105201", "GEOIDFQ": "1400000US48439105201", "GEOID": "48439105201", "NAME": "1052.01", "NAMELSAD": "Census Tract 1052.01", "STUSPS": "TX", "NAMELSADCO": "Tarrant County", "STATE_NAME": "Texas", "LSAD": "CT", "ALAND": 2286690, "AWATER": 0, "centroid_lon": -97.458529465464252, "centroid_lat": 32.730969366874405, "B03002_001E": 6101, "B03002_001M": 1056, "B03002_012E": 1874, "B03002_012M": 717, "B19013_001E": 32604, "B19013_001M": 7255, "B01003_001E": 6101, "state": "48", "county": "439", "tract": "105201", "latino_share": 0.30716276020324534, "camera_count": 21, "arterial_road_m": 10884.89803398024, "land_area_km2": 2.28669, "pop_density_per_km2": 2668.0485767637938, "arterial_km_per_km2": 4.7601109175184391, "log_income": 10.392190259214349, "city": "Fort Worth", "crime_count_raw": 0.0, "crime_rate_annual_per_km2_1000": 0.0 }, "geometry": { "type": "Polygon", "coordinates": [ [ [ -97.467001, 32.738099 ], [ -97.45179, 32.738035 ], [ -97.451778, 32.737758 ], [ -97.451696, 32.736896 ], [ -97.451399, 32.736184 ], [ -97.451003, 32.735576 ], [ -97.450758, 32.73484 ], [ -97.450721, 32.734408 ], [ -97.450713, 32.733995 ], [ -97.450977, 32.722984 ], [ -97.457136, 32.723654 ], [ -97.457761, 32.723728 ], [ -97.463007, 32.724224 ], [ -97.46548, 32.724243 ], [ -97.46558, 32.727052 ], [ -97.46668, 32.728856 ], [ -97.466522, 32.729981 ], [ -97.466466, 32.733158 ], [ -97.466517, 32.734478 ], [ -97.466839, 32.736365 ], [ -97.46689, 32.737819 ], [ -97.467001, 32.738099 ] ] ] } },
{ "type": "Feature", "properties": { "STATEFP": "48", "COUNTYFP": "439", "TRACTCE": "102402", "GEOIDFQ": "1400000US48439102402", "GEOID": "48439102402", "NAME": "1024.02", "NAMELSAD": "Census Tract 1024.02", "STUSPS": "TX", "NAMELSADCO": "Tarrant County", "STATE_NAME": "Texas", "LSAD": "CT", "ALAND": 3694208, "AWATER": 61044, "centroid_lon": -97.430095040988064, "centroid_lat": 32.711823356419814, "B03002_001E": 4385, "B03002_001M": 450, "B03002_012E": 578, "B03002_012M": 251, "B19013_001E": 121359, "B19013_001M": 25024, "B01003_001E": 4385, "state": "48", "county": "439", "tract": "102402", "latino_share": 0.13181299885974915, "camera_count": 5, "arterial_road_m": 8477.6011402373188, "land_area_km2": 3.694208, "pop_density_per_km2": 1186.9932608017739, "arterial_km_per_km2": 2.2948358999377723, "log_income": 11.706508374041201, "city": "Fort Worth", "crime_count_raw": 0.0, "crime_rate_annual_per_km2_1000": 0.0 }, "geometry": { "type": "Polygon", "coordinates": [ [ [ -97.43937, 32.721701 ], [ -97.435382, 32.721351 ], [ -97.434194, 32.721396 ], [ -97.432194, 32.721664 ], [ -97.427464, 32.723642 ], [ -97.424717, 32.724776 ], [ -97.423256, 32.72137 ], [ -97.422885, 32.716599 ], [ -97.421246, 32.713614 ], [ -97.421387, 32.712178 ], [ -97.420748, 32.711202 ], [ -97.416685, 32.710524 ], [ -97.416169, 32.708807 ], [ -97.419662, 32.707528 ], [ -97.426702, 32.702691 ], [ -97.429168, 32.70143 ], [ -97.433632, 32.699582 ], [ -97.435873, 32.699468 ], [ -97.435957, 32.699469 ], [ -97.436747, 32.700082 ], [ -97.439237, 32.705275 ], [ -97.439228, 32.705632 ], [ -97.438485, 32.709322 ], [ -97.438392, 32.711191 ], [ -97.43937, 32.721701 ] ] ] } },
{ "type": "Feature", "properties": { "STATEFP": "48", "COUNTYFP": "439", "TRACTCE": "106004", "GEOIDFQ": "1400000US48439106004", "GEOID": "48439106004", "NAME": "1060.04", "NAMELSAD": "Census Tract 1060.04", "STUSPS": "TX", "NAMELSADCO": "Tarrant County", "STATE_NAME": "Texas", "LSAD": "CT", "ALAND": 20921021, "AWATER": 73584, "centroid_lon": -97.279649958560725, "centroid_lat": 32.6232102670538, "B03002_001E": 9041, "B03002_001M": 1760, "B03002_012E": 3427, "B03002_012M": 1065, "B19013_001E": 72929, "B19013_001M": 10509, "B01003_001E": 9041, "state": "48", "county": "439", "tract": "106004", "latino_share": 0.37905098993474173, "camera_count": 0, "arterial_road_m": 28187.904356825733, "land_area_km2": 20.921021, "pop_density_per_km2": 432.14908106062319, "arterial_km_per_km2": 1.3473484088958054, "log_income": 11.197241644105853, "city": "Fort Worth", "crime_count_raw": 0.0, "crime_rate_annual_per_km2_1000": 0.0 }, "geometry": { "type": "Polygon", "coordinates": [ [ [ -97.321538, 32.613994 ], [ -97.321481, 32.627523 ], [ -97.321485, 32.627664 ], [ -97.313067, 32.627594 ], [ -97.304426, 32.627558 ], [ -97.302301, 32.627339 ], [ -97.300832, 32.626901 ], [ -97.297034, 32.624557 ], [ -97.295015, 32.623949 ], [ -97.293226, 32.623592 ], [ -97.293286, 32.620032 ], [ -97.294598, 32.616494 ], [ -97.287118, 32.616501 ], [ -97.287109, 32.623737 ], [ -97.280745, 32.623773 ], [ -97.269982, 32.62373 ], [ -97.270029, 32.630319 ], [ -97.267978, 32.630299 ], [ -97.267979, 32.629084 ], [ -97.266131, 32.629098 ], [ -97.265571, 32.630284 ], [ -97.264735, 32.630283 ], [ -97.261377, 32.630288 ], [ -97.26137, 32.630959 ], [ -97.261313, 32.635141 ], [ -97.269946, 32.635154 ], [ -97.26994, 32.634566 ], [ -97.272357, 32.634502 ], [ -97.280196, 32.633954 ], [ -97.280121, 32.643076 ], [ -97.286215, 32.643152 ], [ -97.284857, 32.648421 ], [ -97.277919, 32.64847 ], [ -97.27792, 32.645566 ], [ -97.272021, 32.645588 ], [ -97.270051, 32.646173 ], [ -97.269917, 32.645511 ], [ -97.252667, 32.645484 ], [ -97.252572, 32.652743 ], [ -97.251054, 32.652823 ], [ -97.251063, 32.655262 ], [ -97.252554, 32.656469 ], [ -97.243327, 32.656464 ], [ -97.243227, 32.656464 ], [ -97.243057, 32.656464 ], [ -97.242945, 32.656464 ], [ -97.242816, 32.656464 ], [ -97.241502, 32.654972 ], [ -97.241629, 32.654913 ], [ -97.242495, 32.654511 ], [ -97.243829, 32.652769 ], [ -97.243915, 32.651153 ], [ -97.244301, 32.650554 ], [ -97.247741, 32.649025 ], [ -97.248312, 32.646715 ], [ -97.247618, 32.64553 ], [ -97.244575, 32.642528 ], [ -97.243908, 32.642094 ], [ -97.242511, 32.641792 ], [ -97.242067, 32.638087 ], [ -97.239709, 32.637883 ], [ -97.240077, 32.63691 ], [ -97.241313, 32.636754 ], [ -97.24347, 32.635509 ], [ -97.243053, 32.631686 ], [ -97.243909, 32.63151 ], [ -97.246079, 32.631656 ], [ -97.246322, 32.629782 ], [ -97.247749, 32.630397 ], [ -97.248189, 32.625881 ], [ -97.249014, 32.626362 ], [ -97.251264, 32.624657 ], [ -97.253989, 32.623793 ], [ -97.255264, 32.623376 ], [ -97.256738, 32.62142 ], [ -97.256346, 32.619431 ], [ -97.25705, 32.618343 ], [ -97.256624, 32.61645 ], [ -97.257414, 32.615764 ], [ -97.25678, 32.611175 ], [ -97.258084, 32.608617 ], [ -97.259451, 32.607145 ], [ -97.261075, 32.606521 ], [ -97.261966, 32.604143 ], [ -97.264932, 32.603218 ], [ -97.26672, 32.606502 ], [ -97.268261, 32.60644 ], [ -97.268989, 32.60389 ], [ -97.284059, 32.603985 ], [ -97.28484, 32.603999 ], [ -97.294192, 32.604056 ], [ -97.296247, 32.604064 ], [ -97.308707, 32.604107 ], [ -97.308695, 32.602683 ], [ -97.311984, 32.604291 ], [ -97.317389, 32.604863 ], [ -97.319071, 32.60511 ], [ -97.320108, 32.605131 ], [ -97.321525, 32.61169 ], [ -97.321538, 32.613994 ] ] ] } },
{ "type": "Feature", "properties": { "STATEFP": "48", "COUNTYFP": "439", "TRACTCE": "100602", "GEOIDFQ": "1400000US48439100602", "GEOID": "48439100602", "NAME": "1006.02", "NAMELSAD": "Census Tract 1006.02", "STUSPS": "TX", "NAMELSADCO": "Tarrant County", "STATE_NAME": "Texas", "LSAD": "CT", "ALAND": 13038285, "AWATER": 3137564, "centroid_lon": -97.434166733617502, "centroid_lat": 32.781353677625965, "B03002_001E": 4388, "B03002_001M": 458, "B03002_012E": 1932, "B03002_012M": 469, "B19013_001E": 43636, "B19013_001M": 16508, "B01003_001E": 4388, "state": "48", "county": "439", "tract": "100602", "latino_share": 0.44029170464904283, "camera_count": 7, "arterial_road_m": 22971.689417945832, "land_area_km2": 13.038285, "pop_density_per_km2": 336.54732965263452, "arterial_km_per_km2": 1.7618643416634805, "log_income": 10.683637776717648, "city": "Fort Worth", "crime_count_raw": 0.0, "crime_rate_annual_per_km2_1000": 0.0 }, "geometry": { "type": "Polygon", "coordinates": [ [ [ -97.467425, 32.778599 ], [ -97.467407, 32.778716 ], [ -97.467375, 32.778821 ], [ -97.467067, 32.780019 ], [ -97.467166, 32.781575 ], [ -97.464928, 32.784214 ], [ -97.463688, 32.785255 ], [ -97.46349, 32.785414 ], [ -97.463494, 32.785901 ], [ -97.453282, 32.793796 ], [ -97.450438, 32.795726 ], [ -97.446897, 32.796899 ], [ -97.440606, 32.798046 ], [ -97.439616, 32.797009 ], [ -97.439434, 32.796926 ], [ -97.438727, 32.796538 ], [ -97.438406, 32.796345 ], [ -97.4382, 32.796162 ], [ -97.437993, 32.795834 ], [ -97.437594, 32.795133 ], [ -97.435768, 32.795583 ], [ -97.434226, 32.794186 ], [ -97.430707, 32.79468 ], [ -97.429219, 32.793999 ], [ -97.427053, 32.795516 ], [ -97.425223, 32.795578 ], [ -97.423744, 32.797666 ], [ -97.422589, 32.797662 ], [ -97.420822, 32.798399 ], [ -97.420589, 32.798385 ], [ -97.421149, 32.795143 ], [ -97.420162, 32.796611 ], [ -97.416503, 32.797435 ], [ -97.413896, 32.797415 ], [ -97.412076, 32.799373 ], [ -97.411935, 32.797416 ], [ -97.40788, 32.796507 ], [ -97.407067, 32.796146 ], [ -97.40496, 32.792896 ], [ -97.408378, 32.790732 ], [ -97.405542, 32.789015 ], [ -97.404558, 32.786768 ], [ -97.405066, 32.784851 ], [ -97.408512, 32.781478 ], [ -97.412675, 32.780019 ], [ -97.411918, 32.776267 ], [ -97.411718, 32.775731 ], [ -97.41115, 32.772987 ], [ -97.407875, 32.772644 ], [ -97.407219, 32.766672 ], [ -97.4077, 32.76625 ], [ -97.40867, 32.765388 ], [ -97.409472, 32.765745 ], [ -97.411792, 32.766613 ], [ -97.41351, 32.767043 ], [ -97.415415, 32.768054 ], [ -97.419378, 32.768105 ], [ -97.427756, 32.768214 ], [ -97.427773, 32.765627 ], [ -97.435352, 32.765631 ], [ -97.435345, 32.763427 ], [ -97.440082, 32.763428 ], [ -97.440114, 32.765405 ], [ -97.443176, 32.765444 ], [ -97.445854, 32.765476 ], [ -97.458293, 32.765555 ], [ -97.460246, 32.765549 ], [ -97.460221, 32.766413 ], [ -97.460166, 32.767443 ], [ -97.460073, 32.767694 ], [ -97.459916, 32.767995 ], [ -97.459235, 32.768673 ], [ -97.456754, 32.770343 ], [ -97.455816, 32.770972 ], [ -97.454687, 32.771746 ], [ -97.453442, 32.775807 ], [ -97.45484, 32.775815 ], [ -97.460262, 32.775832 ], [ -97.46176, 32.775837 ], [ -97.461746, 32.777466 ], [ -97.462721, 32.779196 ], [ -97.463306, 32.778771 ], [ -97.465108, 32.778193 ], [ -97.465767, 32.778377 ], [ -97.466639, 32.77823 ], [ -97.467377, 32.778395 ], [ -97.467403, 32.778439 ], [ -97.467421, 32.778523 ], [ -97.467425, 32.778599 ] ] ] } },
{ "type": "Feature", "properties": { "STATEFP": "48", "COUNTYFP": "439", "TRACTCE": "113933", "GEOIDFQ": "1400000US48439113933", "GEOID": "48439113933", "NAME": "1139.33", "NAMELSAD": "Census Tract 1139.33", "STUSPS": "TX", "NAMELSADCO": "Tarrant County", "STATE_NAME": "Texas", "LSAD": "CT", "ALAND": 2581174, "AWATER": 10359, "centroid_lon": -97.311449640353956, "centroid_lat": 32.927029658963832, "B03002_001E": 2134, "B03002_001M": 662, "B03002_012E": 704, "B03002_012M": 582, "B19013_001E": 102648, "B19013_001M": 26833, "B01003_001E": 2134, "state": "48", "county": "439", "tract": "113933", "latino_share": 0.32989690721649484, "camera_count": 2, "arterial_road_m": 21519.542369153889, "land_area_km2": 2.581174, "pop_density_per_km2": 826.75557711336012, "arterial_km_per_km2": 8.3371141849227879, "log_income": 11.539060938574854, "city": "Fort Worth", "crime_count_raw": 0.0, "crime_rate_annual_per_km2_1000": 0.0 }, "geometry": { "type": "Polygon", "coordinates": [ [ [ -97.316878, 32.927809 ], [ -97.315334, 32.933383 ], [ -97.31253, 32.942031 ], [ -97.311163, 32.942122 ], [ -97.310135, 32.942097 ], [ -97.306862, 32.942087 ], [ -97.306612, 32.942099 ], [ -97.306668, 32.939079 ], [ -97.306679, 32.937338 ], [ -97.306754, 32.933449 ], [ -97.307173, 32.932451 ], [ -97.307219, 32.923803 ], [ -97.306828, 32.921964 ], [ -97.306809, 32.921473 ], [ -97.306645, 32.916914 ], [ -97.307115, 32.913622 ], [ -97.313296, 32.914487 ], [ -97.317048, 32.914479 ], [ -97.316878, 32.927809 ] ] ] } },
{ "type": "Feature", "properties": { "STATEFP": "48", "COUNTYFP": "439", "TRACTCE": "105403", "GEOIDFQ": "1400000US48439105403", "GEOID": "48439105403", "NAME": "1054.03", "NAMELSAD": "Census Tract 1054.03", "STUSPS": "TX", "NAMELSADCO": "Tarrant County", "STATE_NAME": "Texas", "LSAD": "CT", "ALAND": 5383381, "AWATER": 128629, "centroid_lon": -97.376809404340406, "centroid_lat": 32.712812170917395, "B03002_001E": 6513, "B03002_001M": 785, "B03002_012E": 764, "B03002_012M": 277, "B19013_001E": 100022, "B19013_001M": 30604, "B01003_001E": 6513, "state": "48", "county": "439", "tract": "105403", "latino_share": 0.11730385383079994, "camera_count": 0, "arterial_road_m": 14105.82232326182, "land_area_km2": 5.383381, "pop_density_per_km2": 1209.8344887720189, "arterial_km_per_km2": 2.6202533915511128, "log_income": 11.513145440773776, "city": "Fort Worth", "crime_count_raw": 0.0, "crime_rate_annual_per_km2_1000": 0.0 }, "geometry": { "type": "Polygon", "coordinates": [ [ [ -97.390474, 32.698137 ], [ -97.389728, 32.703234 ], [ -97.389109, 32.704454 ], [ -97.38762, 32.70749 ], [ -97.385814, 32.712545 ], [ -97.384968, 32.714819 ], [ -97.384943, 32.716001 ], [ -97.38509, 32.716385 ], [ -97.386103, 32.719359 ], [ -97.3824, 32.722135 ], [ -97.3718, 32.727465 ], [ -97.363006, 32.730645 ], [ -97.358787, 32.732802 ], [ -97.357693, 32.729075 ], [ -97.359238, 32.72627 ], [ -97.359801, 32.725233 ], [ -97.364538, 32.723736 ], [ -97.363788, 32.722209 ], [ -97.363337, 32.721812 ], [ -97.363774, 32.720273 ], [ -97.366752, 32.718659 ], [ -97.370294, 32.718367 ], [ -97.3715, 32.717776 ], [ -97.372183, 32.716406 ], [ -97.371045, 32.715567 ], [ -97.372462, 32.714252 ], [ -97.372058, 32.711179 ], [ -97.372825, 32.707181 ], [ -97.374024, 32.706105 ], [ -97.374491, 32.70424 ], [ -97.374504, 32.701937 ], [ -97.374596, 32.696418 ], [ -97.37511, 32.695431 ], [ -97.377295, 32.694239 ], [ -97.378584, 32.694384 ], [ -97.379059, 32.694823 ], [ -97.383347, 32.695642 ], [ -97.384485, 32.695509 ], [ -97.388151, 32.696351 ], [ -97.391179, 32.696168 ], [ -97.390474, 32.698137 ] ] ] } },
{ "type": "Feature", "properties": { "STATEFP": "48", "COUNTYFP": "439", "TRACTCE": "102201", "GEOIDFQ": "1400000US48439102201", "GEOID": "48439102201", "NAME": "1022.01", "NAMELSAD": "Census Tract 1022.01", "STUSPS": "TX", "NAMELSADCO": "Tarrant County", "STATE_NAME": "Texas", "LSAD": "CT", "ALAND": 4514724, "AWATER": 9283, "centroid_lon": -97.391072569964535, "centroid_lat": 32.750784349316085, "B03002_001E": 4167, "B03002_001M": 660, "B03002_012E": 441, "B03002_012M": 231, "B19013_001E": 111118, "B19013_001M": 15602, "B01003_001E": 4167, "state": "48", "county": "439", "tract": "102201", "latino_share": 0.10583153347732181, "camera_count": 2, "arterial_road_m": 5039.6552071215901, "land_area_km2": 4.514724, "pop_density_per_km2": 922.98000940921304, "arterial_km_per_km2": 1.1162709408419185, "log_income": 11.618347978706135, "city": "Fort Worth", "crime_count_raw": 0.0, "crime_rate_annual_per_km2_1000": 0.0 }, "geometry": { "type": "Polygon", "coordinates": [ [ [ -97.414993, 32.752851 ], [ -97.401838, 32.752841 ], [ -97.400736, 32.75284 ], [ -97.399768, 32.752048 ], [ -97.396333, 32.752288 ], [ -97.394935, 32.753402 ], [ -97.39284, 32.758056 ], [ -97.390997, 32.758996 ], [ -97.389725, 32.759518 ], [ -97.386212, 32.760145 ], [ -97.384326, 32.760927 ], [ -97.383272, 32.761719 ], [ -97.378572, 32.762482 ], [ -97.378258, 32.76242 ], [ -97.377262, 32.761463 ], [ -97.377086, 32.760284 ], [ -97.378397, 32.751496 ], [ -97.375259, 32.751468 ], [ -97.375285, 32.747787 ], [ -97.375904, 32.745517 ], [ -97.378218, 32.744188 ], [ -97.378443, 32.744093 ], [ -97.381257, 32.744196 ], [ -97.391147, 32.744304 ], [ -97.396988, 32.739919 ], [ -97.397484, 32.739731 ], [ -97.398635, 32.739725 ], [ -97.397846, 32.741425 ], [ -97.400497, 32.742905 ], [ -97.404099, 32.746416 ], [ -97.410478, 32.74841 ], [ -97.412725, 32.745587 ], [ -97.412647, 32.74878 ], [ -97.414453, 32.750932 ], [ -97.413946, 32.751238 ], [ -97.414993, 32.752851 ] ] ] } },
{ "type": "Feature", "properties": { "STATEFP": "48", "COUNTYFP": "439", "TRACTCE": "100800", "GEOIDFQ": "1400000US48439100800", "GEOID": "48439100800", "NAME": "1008", "NAMELSAD": "Census Tract 1008", "STUSPS": "TX", "NAMELSADCO": "Tarrant County", "STATE_NAME": "Texas", "LSAD": "CT", "ALAND": 2653377, "AWATER": 15942, "centroid_lon": -97.356824287450721, "centroid_lat": 32.774599732358247, "B03002_001E": 4681, "B03002_001M": 675, "B03002_012E": 4517, "B03002_012M": 669, "B19013_001E": 62827, "B19013_001M": 16618, "B01003_001E": 4681, "state": "48", "county": "439", "tract": "100800", "latino_share": 0.96496475112155522, "camera_count": 6, "arterial_road_m": 6501.5241987543832, "land_area_km2": 2.653377, "pop_density_per_km2": 1764.1669464987449, "arterial_km_per_km2": 2.4502828654783637, "log_income": 11.048140196365891, "city": "Fort Worth", "crime_count_raw": 0.0, "crime_rate_annual_per_km2_1000": 0.0 }, "geometry": { "type": "Polygon", "coordinates": [ [ [ -97.369902, 32.780484 ], [ -97.368034, 32.782898 ], [ -97.363786, 32.782871 ], [ -97.359073, 32.782857 ], [ -97.355367, 32.782826 ], [ -97.35508, 32.78103 ], [ -97.355419, 32.780043 ], [ -97.350843, 32.775246 ], [ -97.348508, 32.774441 ], [ -97.346913, 32.772757 ], [ -97.343581, 32.77297 ], [ -97.344147, 32.767606 ], [ -97.344997, 32.765799 ], [ -97.345574, 32.766026 ], [ -97.3513, 32.765106 ], [ -97.35344, 32.76678 ], [ -97.365018, 32.773477 ], [ -97.366467, 32.77454 ], [ -97.367424, 32.775598 ], [ -97.370641, 32.779949 ], [ -97.369902, 32.780484 ] ] ] } },
{ "type": "Feature", "properties": { "STATEFP": "48", "COUNTYFP": "439", "TRACTCE": "113948", "GEOIDFQ": "1400000US48439113948", "GEOID": "48439113948", "NAME": "1139.48", "NAMELSAD": "Census Tract 1139.48", "STUSPS": "TX", "NAMELSADCO": "Tarrant County", "STATE_NAME": "Texas", "LSAD": "CT", "ALAND": 2588068, "AWATER": 2036, "centroid_lon": -97.264989481353524, "centroid_lat": 32.903369932523582, "B03002_001E": 5255, "B03002_001M": 1413, "B03002_012E": 317, "B03002_012M": 281, "B19013_001E": 51516, "B19013_001M": 50979, "B01003_001E": 5255, "state": "48", "county": "439", "tract": "113948", "latino_share": 0.060323501427212177, "camera_count": 0, "arterial_road_m": 6290.9300941926522, "land_area_km2": 2.588068, "pop_density_per_km2": 2030.4721514272424, "arterial_km_per_km2": 2.4307437417381044, "log_income": 10.849647718012561, "city": "Fort Worth", "crime_count_raw": 0.0, "crime_rate_annual_per_km2_1000": 0.0 }, "geometry": { "type": "Polygon", "coordinates": [ [ [ -97.27253, 32.911527 ], [ -97.267235, 32.911421 ], [ -97.256283, 32.911428 ], [ -97.256138, 32.91142 ], [ -97.258885, 32.89475 ], [ -97.271423, 32.894804 ], [ -97.272403, 32.894661 ], [ -97.272464, 32.896633 ], [ -97.272517, 32.901941 ], [ -97.27253, 32.911527 ] ] ] } },
{ "type": "Feature", "properties": { "STATEFP": "48", "COUNTYFP": "439", "TRACTCE": "105706", "GEOIDFQ": "1400000US48439105706", "GEOID": "48439105706", "NAME": "1057.06", "NAMELSAD": "Census Tract 1057.06", "STUSPS": "TX", "NAMELSADCO": "Tarrant County", "STATE_NAME": "Texas", "LSAD": "CT", "ALAND": 1556505, "AWATER": 0, "centroid_lon": -97.353880838708605, "centroid_lat": 32.641611115106421, "B03002_001E": 3706, "B03002_001M": 560, "B03002_012E": 1615, "B03002_012M": 608, "B19013_001E": 61074, "B19013_001M": 18486, "B01003_001E": 3706, "state": "48", "county": "439", "tract": "105706", "latino_share": 0.43577981651376146, "camera_count": 0, "arterial_road_m": 3034.8978025483075, "land_area_km2": 1.556505, "pop_density_per_km2": 2380.9753261313003, "arterial_km_per_km2": 1.9498156463026506, "log_income": 11.019841522680395, "city": "Fort Worth", "crime_count_raw": 0.0, "crime_rate_annual_per_km2_1000": 0.0 }, "geometry": { "type": "Polygon", "coordinates": [ [ [ -97.361271, 32.640925 ], [ -97.359542, 32.641878 ], [ -97.359542, 32.643126 ], [ -97.359123, 32.643138 ], [ -97.358641, 32.643172 ], [ -97.358631, 32.646563 ], [ -97.357957, 32.647844 ], [ -97.357849, 32.648669 ], [ -97.356035, 32.648857 ], [ -97.353346, 32.648829 ], [ -97.34857, 32.648783 ], [ -97.348463, 32.643065 ], [ -97.348618, 32.634819 ], [ -97.35244, 32.634815 ], [ -97.353957, 32.634811 ], [ -97.357653, 32.6348 ], [ -97.35921, 32.634803 ], [ -97.359603, 32.634804 ], [ -97.359626, 32.640909 ], [ -97.361271, 32.640925 ] ] ] } },
{ "type": "Feature", "properties": { "STATEFP": "48", "COUNTYFP": "439", "TRACTCE": "106600", "GEOIDFQ": "1400000US48439106600", "GEOID": "48439106600", "NAME": "1066", "NAMELSAD": "Census Tract 1066", "STUSPS": "TX", "NAMELSADCO": "Tarrant County", "STATE_NAME": "Texas", "LSAD": "CT", "ALAND": 3643940, "AWATER": 0, "centroid_lon": -97.427634997539954, "centroid_lat": 32.802459322992831, "B03002_001E": 2834, "B03002_001M": 363, "B03002_012E": 908, "B03002_012M": 322, "B19013_001E": 38250, "B19013_001M": 6156, "B01003_001E": 2834, "state": "48", "county": "439", "tract": "106600", "latino_share": 0.3203952011291461, "camera_count": 16, "arterial_road_m": 19105.641640725597, "land_area_km2": 3.64394, "pop_density_per_km2": 777.72960037761322, "arterial_km_per_km2": 5.2431273952714905, "log_income": 10.551898839254681, "city": "Fort Worth", "crime_count_raw": 0.0, "crime_rate_annual_per_km2_1000": 0.0 }, "geometry": { "type": "Polygon", "coordinates": [ [ [ -97.441155, 32.798764 ], [ -97.44015, 32.79889 ], [ -97.439924, 32.809435 ], [ -97.429461, 32.810052 ], [ -97.428254, 32.810004 ], [ -97.420784, 32.808829 ], [ -97.420679, 32.809091 ], [ -97.41896, 32.809009 ], [ -97.418521, 32.808759 ], [ -97.417612, 32.807653 ], [ -97.417515, 32.807263 ], [ -97.411978, 32.802692 ], [ -97.412011, 32.799981 ], [ -97.412076, 32.799373 ], [ -97.413896, 32.797415 ], [ -97.416503, 32.797435 ], [ -97.420162, 32.796611 ], [ -97.421149, 32.795143 ], [ -97.420589, 32.798385 ], [ -97.420822, 32.798399 ], [ -97.422589, 32.797662 ], [ -97.423744, 32.797666 ], [ -97.425223, 32.795578 ], [ -97.427053, 32.795516 ], [ -97.429219, 32.793999 ], [ -97.430707, 32.79468 ], [ -97.434226, 32.794186 ], [ -97.435768, 32.795583 ], [ -97.437594, 32.795133 ], [ -97.437993, 32.795834 ], [ -97.4382, 32.796162 ], [ -97.438406, 32.796345 ], [ -97.438727, 32.796538 ], [ -97.439434, 32.796926 ], [ -97.439616, 32.797009 ], [ -97.440606, 32.798046 ], [ -97.441155, 32.798764 ] ] ] } },
{ "type": "Feature", "properties": { "STATEFP": "48", "COUNTYFP": "439", "TRACTCE": "103702", "GEOIDFQ": "1400000US48439103702", "GEOID": "48439103702", "NAME": "1037.02", "NAMELSAD": "Census Tract 1037.02", "STUSPS": "TX", "NAMELSADCO": "Tarrant County", "STATE_NAME": "Texas", "LSAD": "CT", "ALAND": 1490456, "AWATER": 0, "centroid_lon": -97.263471652126611, "centroid_lat": 32.723380435991899, "B03002_001E": 3980, "B03002_001M": 1096, "B03002_012E": 2234, "B03002_012M": 671, "B19013_001E": 53884, "B19013_001M": 21968, "B01003_001E": 3980, "state": "48", "county": "439", "tract": "103702", "latino_share": 0.56130653266331654, "camera_count": 0, "arterial_road_m": 2517.9250803993027, "land_area_km2": 1.490456, "pop_density_per_km2": 2670.3237130113198, "arterial_km_per_km2": 1.6893655903960283, "log_income": 10.894588866818459, "city": "Fort Worth", "crime_count_raw": 0.0, "crime_rate_annual_per_km2_1000": 0.0 }, "geometry": { "type": "Polygon", "coordinates": [ [ [ -97.270974, 32.727069 ], [ -97.26201, 32.727058 ], [ -97.26193, 32.731263 ], [ -97.259891, 32.73125 ], [ -97.257352, 32.731225 ], [ -97.257403, 32.723506 ], [ -97.256945, 32.721213 ], [ -97.257862, 32.721223 ], [ -97.257861, 32.718082 ], [ -97.259688, 32.718093 ], [ -97.2597, 32.716473 ], [ -97.262875, 32.716503 ], [ -97.262858, 32.718393 ], [ -97.271015, 32.718431 ], [ -97.270974, 32.727069 ] ] ] } },
{ "type": "Feature", "properties": { "STATEFP": "48", "COUNTYFP": "439", "TRACTCE": "104202", "GEOIDFQ": "1400000US48439104202", "GEOID": "48439104202", "NAME": "1042.02", "NAMELSAD": "Census Tract 1042.02", "STUSPS": "TX", "NAMELSADCO": "Tarrant County", "STATE_NAME": "Texas", "LSAD": "CT", "ALAND": 2149693, "AWATER": 0, "centroid_lon": -97.369175360189004, "centroid_lat": 32.694671223244264, "B03002_001E": 3517, "B03002_001M": 486, "B03002_012E": 539, "B03002_012M": 311, "B19013_001E": 100382, "B19013_001M": 24564, "B01003_001E": 3517, "state": "48", "county": "439", "tract": "104202", "latino_share": 0.15325561558146147, "camera_count": 0, "arterial_road_m": 7754.9104014879003, "land_area_km2": 2.149693, "pop_density_per_km2": 1636.0475658617299, "arterial_km_per_km2": 3.6074501807876289, "log_income": 11.516738187298145, "city": "Fort Worth", "crime_count_raw": 0.0, "crime_rate_annual_per_km2_1000": 0.0 }, "geometry": { "type": "Polygon", "coordinates": [ [ [ -97.378886, 32.693949 ], [ -97.378584, 32.694384 ], [ -97.377295, 32.694239 ], [ -97.37511, 32.695431 ], [ -97.374596, 32.696418 ], [ -97.374504, 32.701937 ], [ -97.365668, 32.702187 ], [ -97.36527, 32.701576 ], [ -97.363349, 32.701604 ], [ -97.360505, 32.70186 ], [ -97.361036, 32.699393 ], [ -97.3605, 32.694544 ], [ -97.360348, 32.694293 ], [ -97.364145, 32.690665 ], [ -97.370017, 32.685158 ], [ -97.370227, 32.685319 ], [ -97.373987, 32.686629 ], [ -97.373649, 32.688251 ], [ -97.379023, 32.691228 ], [ -97.378886, 32.693949 ] ] ] } },
{ "type": "Feature", "properties": { "STATEFP": "48", "COUNTYFP": "439", "TRACTCE": "111020", "GEOIDFQ": "1400000US48439111020", "GEOID": "48439111020", "NAME": "1110.20", "NAMELSAD": "Census Tract 1110.20", "STUSPS": "TX", "NAMELSADCO": "Tarrant County", "STATE_NAME": "Texas", "LSAD": "CT", "ALAND": 1441629, "AWATER": 0, "centroid_lon": -97.348380997985686, "centroid_lat": 32.628470131973025, "B03002_001E": 6146, "B03002_001M": 1433, "B03002_012E": 2454, "B03002_012M": 1407, "B19013_001E": 49901, "B19013_001M": 18096, "B01003_001E": 6146, "state": "48", "county": "439", "tract": "111020", "latino_share": 0.39928408721119429, "camera_count": 0, "arterial_road_m": 1779.5524520455481, "land_area_km2": 1.441629, "pop_density_per_km2": 4263.2327734805558, "arterial_km_per_km2": 1.2344038945148497, "log_income": 10.817796321618971, "city": "Fort Worth", "crime_count_raw": 0.0, "crime_rate_annual_per_km2_1000": 0.0 }, "geometry": { "type": "Polygon", "coordinates": [ [ [ -97.353957, 32.634811 ], [ -97.35244, 32.634815 ], [ -97.348618, 32.634819 ], [ -97.348439, 32.634819 ], [ -97.347006, 32.634656 ], [ -97.345875, 32.634093 ], [ -97.339378, 32.627399 ], [ -97.339748, 32.626123 ], [ -97.340271, 32.626081 ], [ -97.344406, 32.623905 ], [ -97.34854, 32.623762 ], [ -97.348653, 32.622101 ], [ -97.354487, 32.622149 ], [ -97.353957, 32.634811 ] ] ] } },
{ "type": "Feature", "properties": { "STATEFP": "48", "COUNTYFP": "439", "TRACTCE": "113942", "GEOIDFQ": "1400000US48439113942", "GEOID": "48439113942", "NAME": "1139.42", "NAMELSAD": "Census Tract 1139.42", "STUSPS": "TX", "NAMELSADCO": "Tarrant County", "STATE_NAME": "Texas", "LSAD": "CT", "ALAND": 2870391, "AWATER": 38392, "centroid_lon": -97.272658193948075, "centroid_lat": 32.966107199703856, "B03002_001E": 5332, "B03002_001M": 1254, "B03002_012E": 1277, "B03002_012M": 900, "B19013_001E": 101591, "B19013_001M": 21438, "B01003_001E": 5332, "state": "48", "county": "439", "tract": "113942", "latino_share": 0.23949737434358589, "camera_count": 7, "arterial_road_m": 5421.8421014186442, "land_area_km2": 2.870391, "pop_density_per_km2": 1857.5866493449846, "arterial_km_per_km2": 1.8888862532730362, "log_income": 11.528710227525677, "city": "Fort Worth", "crime_count_raw": 0.0, "crime_rate_annual_per_km2_1000": 0.0 }, "geometry": { "type": "Polygon", "coordinates": [ [ [ -97.281279, 32.970577 ], [ -97.280975, 32.970683 ], [ -97.278479, 32.971594 ], [ -97.277528, 32.971972 ], [ -97.276408, 32.972411 ], [ -97.270902, 32.974669 ], [ -97.262912, 32.978595 ], [ -97.263021, 32.972193 ], [ -97.263049, 32.971439 ], [ -97.262563, 32.967687 ], [ -97.264621, 32.963707 ], [ -97.271043, 32.963797 ], [ -97.271065, 32.957632 ], [ -97.269659, 32.956975 ], [ -97.269657, 32.955529 ], [ -97.274915, 32.955576 ], [ -97.275329, 32.955532 ], [ -97.275582, 32.955491 ], [ -97.275874, 32.955425 ], [ -97.276288, 32.955265 ], [ -97.27847, 32.954419 ], [ -97.279084, 32.954156 ], [ -97.281239, 32.954024 ], [ -97.281232, 32.95496 ], [ -97.281206, 32.957271 ], [ -97.281095, 32.963939 ], [ -97.281279, 32.970577 ] ] ] } },
{ "type": "Feature", "properties": { "STATEFP": "48", "COUNTYFP": "439", "TRACTCE": "114109", "GEOIDFQ": "1400000US48439114109", "GEOID": "48439114109", "NAME": "1141.09", "NAMELSAD": "Census Tract 1141.09", "STUSPS": "TX", "NAMELSADCO": "Tarrant County", "STATE_NAME": "Texas", "LSAD": "CT", "ALAND": 10695982, "AWATER": 144603, "centroid_lon": -97.361589206039469, "centroid_lat": 32.903078068781042, "B03002_001E": 16315, "B03002_001M": 1988, "B03002_012E": 3820, "B03002_012M": 1013, "B19013_001E": 119930, "B19013_001M": 13986, "B01003_001E": 16315, "state": "48", "county": "439", "tract": "114109", "latino_share": 0.23414036163040147, "camera_count": 8, "arterial_road_m": 21341.206904202176, "land_area_km2": 10.695982, "pop_density_per_km2": 1525.3391413710306, "arterial_km_per_km2": 1.9952545642094548, "log_income": 11.694663518225767, "city": "Fort Worth", "crime_count_raw": 0.0, "crime_rate_annual_per_km2_1000": 0.0 }, "geometry": { "type": "Polygon", "coordinates": [ [ [ -97.375048, 32.904568 ], [ -97.374971, 32.909823 ], [ -97.374835, 32.913677 ], [ -97.374781, 32.924425 ], [ -97.372832, 32.924425 ], [ -97.361296, 32.924328 ], [ -97.357546, 32.924318 ], [ -97.348721, 32.916024 ], [ -97.348853, 32.909777 ], [ -97.348879, 32.895167 ], [ -97.348616, 32.89437 ], [ -97.346357, 32.890658 ], [ -97.343921, 32.886286 ], [ -97.342777, 32.884013 ], [ -97.34973, 32.883778 ], [ -97.362796, 32.883749 ], [ -97.371791, 32.883747 ], [ -97.373241, 32.882937 ], [ -97.373618, 32.88342 ], [ -97.373638, 32.885938 ], [ -97.373651, 32.888851 ], [ -97.37369, 32.894332 ], [ -97.375002, 32.895325 ], [ -97.375123, 32.896948 ], [ -97.375048, 32.904568 ] ] ] } },
{ "type": "Feature", "properties": { "STATEFP": "48", "COUNTYFP": "439", "TRACTCE": "123302", "GEOIDFQ": "1400000US48439123302", "GEOID": "48439123302", "NAME": "1233.02", "NAMELSAD": "Census Tract 1233.02", "STUSPS": "TX", "NAMELSADCO": "Tarrant County", "STATE_NAME": "Texas", "LSAD": "CT", "ALAND": 1973508, "AWATER": 0, "centroid_lon": -97.328373654568423, "centroid_lat": 32.752597540240153, "B03002_001E": 5924, "B03002_001M": 334, "B03002_012E": 1362, "B03002_012M": 274, "B19013_001E": 88266, "B19013_001M": 23085, "B01003_001E": 5924, "state": "48", "county": "439", "tract": "123302", "latino_share": 0.2299122214719784, "camera_count": 0, "arterial_road_m": 20540.864832906598, "land_area_km2": 1.973508, "pop_density_per_km2": 3001.7613305849277, "arterial_km_per_km2": 10.40830076843195, "log_income": 11.388110261478268, "city": "Fort Worth", "crime_count_raw": 0.0, "crime_rate_annual_per_km2_1000": 0.0 }, "geometry": { "type": "Polygon", "coordinates": [ [ [ -97.339437, 32.754834 ], [ -97.334147, 32.757413 ], [ -97.332135, 32.757528 ], [ -97.327183, 32.760209 ], [ -97.324326, 32.76124 ], [ -97.323025, 32.761854 ], [ -97.322839, 32.761204 ], [ -97.322383, 32.757147 ], [ -97.321259, 32.74656 ], [ -97.321397, 32.744992 ], [ -97.32584, 32.745154 ], [ -97.332971, 32.745284 ], [ -97.332882, 32.750005 ], [ -97.333465, 32.750932 ], [ -97.335711, 32.75183 ], [ -97.337449, 32.75182 ], [ -97.339437, 32.754834 ] ] ] } },
{ "type": "Feature", "properties": { "STATEFP": "48", "COUNTYFP": "439", "TRACTCE": "111019", "GEOIDFQ": "1400000US48439111019", "GEOID": "48439111019", "NAME": "1110.19", "NAMELSAD": "Census Tract 1110.19", "STUSPS": "TX", "NAMELSADCO": "Tarrant County", "STATE_NAME": "Texas", "LSAD": "CT", "ALAND": 6029974, "AWATER": 0, "centroid_lon": -97.336071010804233, "centroid_lat": 32.622868314630367, "B03002_001E": 4518, "B03002_001M": 812, "B03002_012E": 1657, "B03002_012M": 425, "B19013_001E": 72367, "B19013_001M": 4412, "B01003_001E": 4518, "state": "48", "county": "439", "tract": "111019", "latino_share": 0.36675520141655599, "camera_count": 2, "arterial_road_m": 16972.369057660759, "land_area_km2": 6.029974, "pop_density_per_km2": 749.25696197031698, "arterial_km_per_km2": 2.8146670379774044, "log_income": 11.189505673359935, "city": "Fort Worth", "crime_count_raw": 0.0, "crime_rate_annual_per_km2_1000": 0.0 }, "geometry": { "type": "Polygon", "coordinates": [ [ [ -97.354801, 32.614736 ], [ -97.354487, 32.622149 ], [ -97.348653, 32.622101 ], [ -97.34854, 32.623762 ], [ -97.344406, 32.623905 ], [ -97.340271, 32.626081 ], [ -97.339748, 32.626123 ], [ -97.339378, 32.627399 ], [ -97.345875, 32.634093 ], [ -97.344826, 32.634815 ], [ -97.339685, 32.635159 ], [ -97.334013, 32.635193 ], [ -97.330118, 32.635192 ], [ -97.327344, 32.635202 ], [ -97.321973, 32.635171 ], [ -97.321464, 32.635163 ], [ -97.321485, 32.627664 ], [ -97.321481, 32.627523 ], [ -97.321538, 32.613994 ], [ -97.331328, 32.614019 ], [ -97.34969, 32.614131 ], [ -97.350866, 32.612338 ], [ -97.351053, 32.611958 ], [ -97.351381, 32.610844 ], [ -97.351485, 32.606794 ], [ -97.355135, 32.606785 ], [ -97.354801, 32.614736 ] ] ] } },
{ "type": "Feature", "properties": { "STATEFP": "48", "COUNTYFP": "439", "TRACTCE": "114110", "GEOIDFQ": "1400000US48439114110", "GEOID": "48439114110", "NAME": "1141.10", "NAMELSAD": "Census Tract 1141.10", "STUSPS": "TX", "NAMELSADCO": "Tarrant County", "STATE_NAME": "Texas", "LSAD": "CT", "ALAND": 25602678, "AWATER": 109266, "centroid_lon": -97.393907066520711, "centroid_lat": 32.925902432329288, "B03002_001E": 9522, "B03002_001M": 930, "B03002_012E": 1186, "B03002_012M": 718, "B19013_001E": 142014, "B19013_001M": 52318, "B01003_001E": 9522, "state": "48", "county": "439", "tract": "114110", "latino_share": 0.12455366519638732, "camera_count": 1, "arterial_road_m": 42963.957514526584, "land_area_km2": 25.602678, "pop_density_per_km2": 371.91421928596685, "arterial_km_per_km2": 1.6781040449958626, "log_income": 11.863680923272867, "city": "Fort Worth", "crime_count_raw": 0.0, "crime_rate_annual_per_km2_1000": 0.0 }, "geometry": { "type": "Polygon", "coordinates": [ [ [ -97.420721, 32.957465 ], [ -97.420723, 32.963277 ], [ -97.420539, 32.967864 ], [ -97.420236, 32.967873 ], [ -97.418162, 32.96789 ], [ -97.416856, 32.966771 ], [ -97.386687, 32.947217 ], [ -97.374779, 32.938034 ], [ -97.36074, 32.927094 ], [ -97.357546, 32.924318 ], [ -97.361296, 32.924328 ], [ -97.372832, 32.924425 ], [ -97.374781, 32.924425 ], [ -97.374835, 32.913677 ], [ -97.374971, 32.909823 ], [ -97.375048, 32.904568 ], [ -97.375123, 32.896948 ], [ -97.375002, 32.895325 ], [ -97.37369, 32.894332 ], [ -97.373651, 32.888851 ], [ -97.373638, 32.885938 ], [ -97.373618, 32.88342 ], [ -97.373241, 32.882937 ], [ -97.374661, 32.881292 ], [ -97.376088, 32.880826 ], [ -97.381744, 32.880835 ], [ -97.386262, 32.885932 ], [ -97.398042, 32.899425 ], [ -97.402494, 32.904865 ], [ -97.409213, 32.919006 ], [ -97.411688, 32.923886 ], [ -97.412054, 32.924585 ], [ -97.41763, 32.935153 ], [ -97.420532, 32.940736 ], [ -97.420811, 32.941821 ], [ -97.420721, 32.957465 ] ] ] } },
{ "type": "Feature", "properties": { "STATEFP": "48", "COUNTYFP": "439", "TRACTCE": "114009", "GEOIDFQ": "1400000US48439114009", "GEOID": "48439114009", "NAME": "1140.09", "NAMELSAD": "Census Tract 1140.09", "STUSPS": "TX", "NAMELSADCO": "Tarrant County", "STATE_NAME": "Texas", "LSAD": "CT", "ALAND": 4448586, "AWATER": 15149, "centroid_lon": -97.413937300191861, "centroid_lat": 32.86088906163085, "B03002_001E": 8006, "B03002_001M": 765, "B03002_012E": 2350, "B03002_012M": 634, "B19013_001E": 108659, "B19013_001M": 8951, "B01003_001E": 8006, "state": "48", "county": "439", "tract": "114009", "latino_share": 0.2935298526105421, "camera_count": 7, "arterial_road_m": 9428.9676166270547, "land_area_km2": 4.448586, "pop_density_per_km2": 1799.67297473849, "arterial_km_per_km2": 2.1195426179525483, "log_income": 11.595969817044576, "city": "Fort Worth", "crime_count_raw": 0.0, "crime_rate_annual_per_km2_1000": 0.0 }, "geometry": { "type": "Polygon", "coordinates": [ [ [ -97.426212, 32.857569 ], [ -97.426134, 32.862988 ], [ -97.425993, 32.87021 ], [ -97.417341, 32.870038 ], [ -97.416831, 32.869891 ], [ -97.411087, 32.869833 ], [ -97.404975, 32.869808 ], [ -97.404056, 32.868806 ], [ -97.401503, 32.86384 ], [ -97.401794, 32.861651 ], [ -97.401548, 32.858828 ], [ -97.399467, 32.856763 ], [ -97.400924, 32.853766 ], [ -97.400179, 32.852342 ], [ -97.411319, 32.852378 ], [ -97.411391, 32.852379 ], [ -97.417582, 32.852438 ], [ -97.418971, 32.852292 ], [ -97.426317, 32.852309 ], [ -97.426212, 32.857569 ] ] ] } },
{ "type": "Feature", "properties": { "STATEFP": "48", "COUNTYFP": "439", "TRACTCE": "104802", "GEOIDFQ": "1400000US48439104802", "GEOID": "48439104802", "NAME": "1048.02", "NAMELSAD": "Census Tract 1048.02", "STUSPS": "TX", "NAMELSADCO": "Tarrant County", "STATE_NAME": "Texas", "LSAD": "CT", "ALAND": 2427475, "AWATER": 3175, "centroid_lon": -97.351344497995441, "centroid_lat": 32.677839318964246, "B03002_001E": 5057, "B03002_001M": 647, "B03002_012E": 3178, "B03002_012M": 611, "B19013_001E": 54650, "B19013_001M": 9336, "B01003_001E": 5057, "state": "48", "county": "439", "tract": "104802", "latino_share": 0.6284358315206644, "camera_count": 1, "arterial_road_m": 7068.2457730193601, "land_area_km2": 2.427475, "pop_density_per_km2": 2083.2346368139733, "arterial_km_per_km2": 2.91176871976822, "log_income": 10.908704493604684, "city": "Fort Worth", "crime_count_raw": 0.0, "crime_rate_annual_per_km2_1000": 0.0 }, "geometry": { "type": "Polygon", "coordinates": [ [ [ -97.359867, 32.672552 ], [ -97.359843, 32.677194 ], [ -97.35973, 32.684596 ], [ -97.353038, 32.684558 ], [ -97.349878, 32.684545 ], [ -97.340362, 32.684725 ], [ -97.340787, 32.68284 ], [ -97.340842, 32.678921 ], [ -97.345119, 32.678942 ], [ -97.345089, 32.670569 ], [ -97.351851, 32.670547 ], [ -97.351873, 32.668877 ], [ -97.351, 32.668224 ], [ -97.352318, 32.667202 ], [ -97.35259, 32.667257 ], [ -97.35599, 32.667963 ], [ -97.355992, 32.668439 ], [ -97.355868, 32.66905 ], [ -97.355269, 32.669468 ], [ -97.353978, 32.669956 ], [ -97.353323, 32.670428 ], [ -97.353039, 32.670963 ], [ -97.353003, 32.671767 ], [ -97.356564, 32.671747 ], [ -97.359881, 32.671742 ], [ -97.359867, 32.672552 ] ] ] } },
{ "type": "Feature", "properties": { "STATEFP": "48", "COUNTYFP": "439", "TRACTCE": "106521", "GEOIDFQ": "1400000US48439106521", "GEOID": "48439106521", "NAME": "1065.21", "NAMELSAD": "Census Tract 1065.21", "STUSPS": "TX", "NAMELSADCO": "Tarrant County", "STATE_NAME": "Texas", "LSAD": "CT", "ALAND": 5325240, "AWATER": 0, "centroid_lon": -97.183628817318848, "centroid_lat": 32.769474635781179, "B03002_001E": 5578, "B03002_001M": 1002, "B03002_012E": 836, "B03002_012M": 317, "B19013_001E": 89240, "B19013_001M": 16878, "B01003_001E": 5578, "state": "48", "county": "439", "tract": "106521", "latino_share": 0.14987450699175331, "camera_count": 0, "arterial_road_m": 18061.580207964522, "land_area_km2": 5.32524, "pop_density_per_km2": 1047.4645274203604, "arterial_km_per_km2": 3.3916931833991559, "log_income": 11.399084648546468, "city": "Fort Worth", "crime_count_raw": 0.0, "crime_rate_annual_per_km2_1000": 0.0 }, "geometry": { "type": "Polygon", "coordinates": [ [ [ -97.199049, 32.781129 ], [ -97.196137, 32.780977 ], [ -97.193421, 32.781655 ], [ -97.186604, 32.780276 ], [ -97.17978, 32.779702 ], [ -97.179249, 32.779657 ], [ -97.176094, 32.779277 ], [ -97.174991, 32.777683 ], [ -97.174994, 32.773159 ], [ -97.170361, 32.770192 ], [ -97.168326, 32.768276 ], [ -97.167924, 32.767837 ], [ -97.167589, 32.767259 ], [ -97.167331, 32.766511 ], [ -97.167243, 32.765788 ], [ -97.167237, 32.765625 ], [ -97.167099, 32.760224 ], [ -97.183286, 32.759991 ], [ -97.190905, 32.759886 ], [ -97.197457, 32.759863 ], [ -97.196025, 32.762407 ], [ -97.195923, 32.76588 ], [ -97.195485, 32.779114 ], [ -97.201029, 32.780034 ], [ -97.199049, 32.781129 ] ] ] } },
{ "type": "Feature", "properties": { "STATEFP": "48", "COUNTYFP": "439", "TRACTCE": "113940", "GEOIDFQ": "1400000US48439113940", "GEOID": "48439113940", "NAME": "1139.40", "NAMELSAD": "Census Tract 1139.40", "STUSPS": "TX", "NAMELSADCO": "Tarrant County", "STATE_NAME": "Texas", "LSAD": "CT", "ALAND": 5054200, "AWATER": 17320, "centroid_lon": -97.296436791022245, "centroid_lat": 32.955882889877202, "B03002_001E": 7584, "B03002_001M": 1044, "B03002_012E": 1644, "B03002_012M": 750, "B19013_001E": 139082, "B19013_001M": 14106, "B01003_001E": 7584, "state": "48", "county": "439", "tract": "113940", "latino_share": 0.21677215189873417, "camera_count": 2, "arterial_road_m": 31781.080207421168, "land_area_km2": 5.0542, "pop_density_per_km2": 1500.5342091725695, "arterial_km_per_km2": 6.2880535410987237, "log_income": 11.842818966231231, "city": "Fort Worth", "crime_count_raw": 0.0, "crime_rate_annual_per_km2_1000": 0.0 }, "geometry": { "type": "Polygon", "coordinates": [ [ [ -97.313378, 32.942047 ], [ -97.31115, 32.949426 ], [ -97.311199, 32.956953 ], [ -97.311256, 32.95852 ], [ -97.310358, 32.958499 ], [ -97.306553, 32.958669 ], [ -97.304708, 32.959169 ], [ -97.30324, 32.959814 ], [ -97.29833, 32.9632 ], [ -97.295809, 32.964887 ], [ -97.292515, 32.966545 ], [ -97.282232, 32.970236 ], [ -97.281279, 32.970577 ], [ -97.281095, 32.963939 ], [ -97.281206, 32.957271 ], [ -97.281232, 32.95496 ], [ -97.281239, 32.954024 ], [ -97.287558, 32.951508 ], [ -97.293811, 32.950998 ], [ -97.295364, 32.950562 ], [ -97.297099, 32.949398 ], [ -97.297335, 32.949199 ], [ -97.297828, 32.948812 ], [ -97.298752, 32.947995 ], [ -97.299928, 32.947024 ], [ -97.301137, 32.94526 ], [ -97.303012, 32.942599 ], [ -97.306612, 32.942099 ], [ -97.306862, 32.942087 ], [ -97.310135, 32.942097 ], [ -97.311163, 32.942122 ], [ -97.31253, 32.942031 ], [ -97.313378, 32.942047 ] ] ] } },
{ "type": "Feature", "properties": { "STATEFP": "48", "COUNTYFP": "439", "TRACTCE": "105512", "GEOIDFQ": "1400000US48439105512", "GEOID": "48439105512", "NAME": "1055.12", "NAMELSAD": "Census Tract 1055.12", "STUSPS": "TX", "NAMELSADCO": "Tarrant County", "STATE_NAME": "Texas", "LSAD": "CT", "ALAND": 2645458, "AWATER": 0, "centroid_lon": -97.383596824355692, "centroid_lat": 32.645275697386197, "B03002_001E": 5235, "B03002_001M": 1031, "B03002_012E": 1938, "B03002_012M": 923, "B19013_001E": 104877, "B19013_001M": 12583, "B01003_001E": 5235, "state": "48", "county": "439", "tract": "105512", "latino_share": 0.37020057306590259, "camera_count": 1, "arterial_road_m": 6501.4308124561203, "land_area_km2": 2.645458, "pop_density_per_km2": 1978.863395298659, "arterial_km_per_km2": 2.4575823212676671, "log_income": 11.560543513909483, "city": "Fort Worth", "crime_count_raw": 0.0, "crime_rate_annual_per_km2_1000": 0.0 }, "geometry": { "type": "Polygon", "coordinates": [ [ [ -97.395882, 32.647931 ], [ -97.392036, 32.648153 ], [ -97.390909, 32.648823 ], [ -97.389008, 32.650807 ], [ -97.388398, 32.651109 ], [ -97.387168, 32.651381 ], [ -97.3829, 32.651096 ], [ -97.376896, 32.650511 ], [ -97.372594, 32.650087 ], [ -97.367684, 32.649625 ], [ -97.369586, 32.647436 ], [ -97.369668, 32.64369 ], [ -97.3707, 32.64344 ], [ -97.374879, 32.641038 ], [ -97.375834, 32.642314 ], [ -97.37602, 32.642857 ], [ -97.377278, 32.642546 ], [ -97.378739, 32.642249 ], [ -97.37922, 32.642136 ], [ -97.379496, 32.642052 ], [ -97.380273, 32.641706 ], [ -97.382665, 32.640272 ], [ -97.38466, 32.639977 ], [ -97.386425, 32.641081 ], [ -97.388507, 32.64009 ], [ -97.388722, 32.638159 ], [ -97.389608, 32.637569 ], [ -97.393651, 32.638163 ], [ -97.394858, 32.637684 ], [ -97.395632, 32.638734 ], [ -97.395979, 32.640777 ], [ -97.395882, 32.647931 ] ] ] } },
{ "type": "Feature", "properties": { "STATEFP": "48", "COUNTYFP": "439", "TRACTCE": "104503", "GEOIDFQ": "1400000US48439104503", "GEOID": "48439104503", "NAME": "1045.03", "NAMELSAD": "Census Tract 1045.03", "STUSPS": "TX", "NAMELSADCO": "Tarrant County", "STATE_NAME": "Texas", "LSAD": "CT", "ALAND": 1675746, "AWATER": 0, "centroid_lon": -97.326151088499245, "centroid_lat": 32.691438535769748, "B03002_001E": 2429, "B03002_001M": 455, "B03002_012E": 2293, "B03002_012M": 432, "B19013_001E": 43807, "B19013_001M": 9453, "B01003_001E": 2429, "state": "48", "county": "439", "tract": "104503", "latino_share": 0.94400988060930424, "camera_count": 8, "arterial_road_m": 9205.7207153175441, "land_area_km2": 1.675746, "pop_density_per_km2": 1449.503683732499, "arterial_km_per_km2": 5.4935060058729324, "log_income": 10.687548900946704, "city": "Fort Worth", "crime_count_raw": 0.0, "crime_rate_annual_per_km2_1000": 0.0 }, "geometry": { "type": "Polygon", "coordinates": [ [ [ -97.331751, 32.684939 ], [ -97.33174, 32.688499 ], [ -97.331701, 32.693949 ], [ -97.331688, 32.698695 ], [ -97.330453, 32.69872 ], [ -97.32053, 32.6986 ], [ -97.320531, 32.694896 ], [ -97.32055, 32.684334 ], [ -97.331755, 32.684113 ], [ -97.331751, 32.684939 ] ] ] } },
{ "type": "Feature", "properties": { "STATEFP": "48", "COUNTYFP": "439", "TRACTCE": "106300", "GEOIDFQ": "1400000US48439106300", "GEOID": "48439106300", "NAME": "1063", "NAMELSAD": "Census Tract 1063", "STUSPS": "TX", "NAMELSADCO": "Tarrant County", "STATE_NAME": "Texas", "LSAD": "CT", "ALAND": 2577306, "AWATER": 0, "centroid_lon": -97.23841575563732, "centroid_lat": 32.715472961491606, "B03002_001E": 4615, "B03002_001M": 1285, "B03002_012E": 1894, "B03002_012M": 681, "B19013_001E": 41358, "B19013_001M": 7289, "B01003_001E": 4615, "state": "48", "county": "439", "tract": "106300", "latino_share": 0.41040086673889492, "camera_count": 0, "arterial_road_m": 6616.7605501207354, "land_area_km2": 2.577306, "pop_density_per_km2": 1790.6294401984087, "arterial_km_per_km2": 2.5673166283401101, "log_income": 10.630021152113708, "city": "Fort Worth", "crime_count_raw": 0.0, "crime_rate_annual_per_km2_1000": 0.0 }, "geometry": { "type": "Polygon", "coordinates": [ [ [ -97.252248, 32.721156 ], [ -97.249976, 32.721136 ], [ -97.238527, 32.72111 ], [ -97.237598, 32.720684 ], [ -97.225385, 32.720457 ], [ -97.225516, 32.719675 ], [ -97.226064, 32.71815 ], [ -97.231563, 32.70815 ], [ -97.233073, 32.708603 ], [ -97.237938, 32.708623 ], [ -97.241365, 32.708669 ], [ -97.242986, 32.709133 ], [ -97.247208, 32.711627 ], [ -97.248471, 32.71172 ], [ -97.248405, 32.71829 ], [ -97.252248, 32.718611 ], [ -97.252248, 32.721156 ] ] ] } },
{ "type": "Feature", "properties": { "STATEFP": "48", "COUNTYFP": "439", "TRACTCE": "104605", "GEOIDFQ": "1400000US48439104605", "GEOID": "48439104605", "NAME": "1046.05", "NAMELSAD": "Census Tract 1046.05", "STUSPS": "TX", "NAMELSADCO": "Tarrant County", "STATE_NAME": "Texas", "LSAD": "CT", "ALAND": 4540365, "AWATER": 15155, "centroid_lon": -97.293038921673528, "centroid_lat": 32.695412980684189, "B03002_001E": 5245, "B03002_001M": 1106, "B03002_012E": 2198, "B03002_012M": 816, "B19013_001E": 46126, "B19013_001M": 18741, "B01003_001E": 5245, "state": "48", "county": "439", "tract": "104605", "latino_share": 0.41906577693040992, "camera_count": 0, "arterial_road_m": 14978.176818915752, "land_area_km2": 4.540365, "pop_density_per_km2": 1155.1934701285027, "arterial_km_per_km2": 3.2988926702843826, "log_income": 10.739132061324618, "city": "Fort Worth", "crime_count_raw": 0.0, "crime_rate_annual_per_km2_1000": 0.0 }, "geometry": { "type": "Polygon", "coordinates": [ [ [ -97.307125, 32.701686 ], [ -97.30507, 32.703204 ], [ -97.302737, 32.702751 ], [ -97.303125, 32.704243 ], [ -97.301889, 32.705893 ], [ -97.300274, 32.709423 ], [ -97.299647, 32.709642 ], [ -97.298618, 32.707838 ], [ -97.298127, 32.706394 ], [ -97.296769, 32.706865 ], [ -97.292513, 32.703439 ], [ -97.291044, 32.702706 ], [ -97.287396, 32.702281 ], [ -97.286181, 32.702864 ], [ -97.281341, 32.70002 ], [ -97.280224, 32.698202 ], [ -97.280215, 32.697032 ], [ -97.280244, 32.692287 ], [ -97.28023, 32.684016 ], [ -97.280153, 32.683214 ], [ -97.291482, 32.688395 ], [ -97.287363, 32.684838 ], [ -97.289216, 32.684786 ], [ -97.297722, 32.687303 ], [ -97.299516, 32.687503 ], [ -97.304027, 32.689746 ], [ -97.304541, 32.690589 ], [ -97.30468, 32.695207 ], [ -97.305952, 32.696568 ], [ -97.305746, 32.697966 ], [ -97.307466, 32.700297 ], [ -97.307125, 32.701686 ] ] ] } },
{ "type": "Feature", "properties": { "STATEFP": "48", "COUNTYFP": "439", "TRACTCE": "101403", "GEOIDFQ": "1400000US48439101403", "GEOID": "48439101403", "NAME": "1014.03", "NAMELSAD": "Census Tract 1014.03", "STUSPS": "TX", "NAMELSADCO": "Tarrant County", "STATE_NAME": "Texas", "LSAD": "CT", "ALAND": 2826279, "AWATER": 0, "centroid_lon": -97.244386092263724, "centroid_lat": 32.738594456752502, "B03002_001E": 5631, "B03002_001M": 691, "B03002_012E": 3188, "B03002_012M": 672, "B19013_001E": 49799, "B19013_001M": 19748, "B01003_001E": 5631, "state": "48", "county": "439", "tract": "101403", "latino_share": 0.56615166045107446, "camera_count": 0, "arterial_road_m": 8463.5019787154761, "land_area_km2": 2.826279, "pop_density_per_km2": 1992.3723029467367, "arterial_km_per_km2": 2.9945741304080298, "log_income": 10.815750182489847, "city": "Fort Worth", "crime_count_raw": 0.0, "crime_rate_annual_per_km2_1000": 0.0 }, "geometry": { "type": "Polygon", "coordinates": [ [ [ -97.253701, 32.734679 ], [ -97.253691, 32.740974 ], [ -97.253684, 32.745769 ], [ -97.244993, 32.745668 ], [ -97.243609, 32.745677 ], [ -97.238124, 32.746045 ], [ -97.234381, 32.746066 ], [ -97.234451, 32.738185 ], [ -97.236429, 32.737886 ], [ -97.236443, 32.731172 ], [ -97.237399, 32.730305 ], [ -97.239392, 32.730531 ], [ -97.245143, 32.731178 ], [ -97.247932, 32.731181 ], [ -97.253739, 32.731222 ], [ -97.253701, 32.734679 ] ] ] } },
{ "type": "Feature", "properties": { "STATEFP": "48", "COUNTYFP": "439", "TRACTCE": "100202", "GEOIDFQ": "1400000US48439100202", "GEOID": "48439100202", "NAME": "1002.02", "NAMELSAD": "Census Tract 1002.02", "STUSPS": "TX", "NAMELSADCO": "Tarrant County", "STATE_NAME": "Texas", "LSAD": "CT", "ALAND": 5812673, "AWATER": 0, "centroid_lon": -97.3383056794639, "centroid_lat": 32.79584200724203, "B03002_001E": 4528, "B03002_001M": 491, "B03002_012E": 4215, "B03002_012M": 453, "B19013_001E": 49636, "B19013_001M": 12217, "B01003_001E": 4528, "state": "48", "county": "439", "tract": "100202", "latino_share": 0.93087455830388688, "camera_count": 2, "arterial_road_m": 20982.287390170761, "land_area_km2": 5.812673, "pop_density_per_km2": 778.98756733778066, "arterial_km_per_km2": 3.6097484565484348, "log_income": 10.812471655894511, "city": "Fort Worth", "crime_count_raw": 0.0, "crime_rate_annual_per_km2_1000": 0.0 }, "geometry": { "type": "Polygon", "coordinates": [ [ [ -97.351435, 32.8127 ], [ -97.351424, 32.814042 ], [ -97.339566, 32.813935 ], [ -97.339611, 32.810377 ], [ -97.338727, 32.804861 ], [ -97.338125, 32.801073 ], [ -97.33794, 32.800621 ], [ -97.337414, 32.7986 ], [ -97.336979, 32.795164 ], [ -97.326871, 32.79512 ], [ -97.325844, 32.795166 ], [ -97.322539, 32.795276 ], [ -97.321715, 32.795274 ], [ -97.315565, 32.795176 ], [ -97.318108, 32.7931 ], [ -97.320279, 32.790252 ], [ -97.32111, 32.789167 ], [ -97.320754, 32.787426 ], [ -97.320401, 32.781256 ], [ -97.321965, 32.782156 ], [ -97.324341, 32.784469 ], [ -97.325313, 32.782708 ], [ -97.333797, 32.784536 ], [ -97.337538, 32.784343 ], [ -97.337754, 32.784232 ], [ -97.340559, 32.783918 ], [ -97.345159, 32.785096 ], [ -97.349164, 32.785724 ], [ -97.34916, 32.786277 ], [ -97.349099, 32.79524 ], [ -97.351397, 32.802984 ], [ -97.351488, 32.804693 ], [ -97.351435, 32.8127 ] ] ] } },
{ "type": "Feature", "properties": { "STATEFP": "48", "COUNTYFP": "439", "TRACTCE": "105404", "GEOIDFQ": "1400000US48439105404", "GEOID": "48439105404", "NAME": "1054.04", "NAMELSAD": "Census Tract 1054.04", "STUSPS": "TX", "NAMELSADCO": "Tarrant County", "STATE_NAME": "Texas", "LSAD": "CT", "ALAND": 3283922, "AWATER": 26650, "centroid_lon": -97.383791396425181, "centroid_lat": 32.686251119901357, "B03002_001E": 4230, "B03002_001M": 588, "B03002_012E": 300, "B03002_012M": 156, "B19013_001E": 174949, "B19013_001M": 20472, "B01003_001E": 4230, "state": "48", "county": "439", "tract": "105404", "latino_share": 0.070921985815602842, "camera_count": 0, "arterial_road_m": 12230.343329878608, "land_area_km2": 3.283922, "pop_density_per_km2": 1288.0939315854639, "arterial_km_per_km2": 3.7243099348518656, "log_income": 12.072249781860664, "city": "Fort Worth", "crime_count_raw": 0.0, "crime_rate_annual_per_km2_1000": 0.0 }, "geometry": { "type": "Polygon", "coordinates": [ [ [ -97.394001, 32.691982 ], [ -97.393466, 32.693717 ], [ -97.391179, 32.696168 ], [ -97.388151, 32.696351 ], [ -97.384485, 32.695509 ], [ -97.383347, 32.695642 ], [ -97.379059, 32.694823 ], [ -97.378584, 32.694384 ], [ -97.378886, 32.693949 ], [ -97.379023, 32.691228 ], [ -97.373649, 32.688251 ], [ -97.373987, 32.686629 ], [ -97.370227, 32.685319 ], [ -97.370017, 32.685158 ], [ -97.373419, 32.681933 ], [ -97.380769, 32.675413 ], [ -97.381166, 32.67509 ], [ -97.387302, 32.678102 ], [ -97.391274, 32.679964 ], [ -97.393183, 32.680872 ], [ -97.392546, 32.682031 ], [ -97.392503, 32.682834 ], [ -97.392541, 32.686747 ], [ -97.392643, 32.687182 ], [ -97.393906, 32.689802 ], [ -97.394001, 32.691982 ] ] ] } },
{ "type": "Feature", "properties": { "STATEFP": "48", "COUNTYFP": "439", "TRACTCE": "104701", "GEOIDFQ": "1400000US48439104701", "GEOID": "48439104701", "NAME": "1047.01", "NAMELSAD": "Census Tract 1047.01", "STUSPS": "TX", "NAMELSADCO": "Tarrant County", "STATE_NAME": "Texas", "LSAD": "CT", "ALAND": 1243387, "AWATER": 0, "centroid_lon": -97.336030511745236, "centroid_lat": 32.691726390859714, "B03002_001E": 4622, "B03002_001M": 670, "B03002_012E": 4115, "B03002_012M": 699, "B19013_001E": 54500, "B19013_001M": 14996, "B01003_001E": 4622, "state": "48", "county": "439", "tract": "104701", "latino_share": 0.8903072263089572, "camera_count": 7, "arterial_road_m": 2776.7596514604147, "land_area_km2": 1.243387, "pop_density_per_km2": 3717.2658231105843, "arterial_km_per_km2": 2.2332223607456205, "log_income": 10.905955980651335, "city": "Fort Worth", "crime_count_raw": 0.0, "crime_rate_annual_per_km2_1000": 0.0 }, "geometry": { "type": "Polygon", "coordinates": [ [ [ -97.340346, 32.688232 ], [ -97.340313, 32.691567 ], [ -97.340302, 32.694006 ], [ -97.340268, 32.69867 ], [ -97.331688, 32.698695 ], [ -97.331701, 32.693949 ], [ -97.33174, 32.688499 ], [ -97.331751, 32.684939 ], [ -97.334143, 32.684876 ], [ -97.336226, 32.68468 ], [ -97.340362, 32.684725 ], [ -97.340346, 32.688232 ] ] ] } },
{ "type": "Feature", "properties": { "STATEFP": "48", "COUNTYFP": "439", "TRACTCE": "103701", "GEOIDFQ": "1400000US48439103701", "GEOID": "48439103701", "NAME": "1037.01", "NAMELSAD": "Census Tract 1037.01", "STUSPS": "TX", "NAMELSADCO": "Tarrant County", "STATE_NAME": "Texas", "LSAD": "CT", "ALAND": 1663537, "AWATER": 0, "centroid_lon": -97.280130798207182, "centroid_lat": 32.722871262998503, "B03002_001E": 4549, "B03002_001M": 896, "B03002_012E": 3369, "B03002_012M": 728, "B19013_001E": 58125, "B19013_001M": 14257, "B01003_001E": 4549, "state": "48", "county": "439", "tract": "103701", "latino_share": 0.74060233018245769, "camera_count": 0, "arterial_road_m": 3878.6399857106526, "land_area_km2": 1.663537, "pop_density_per_km2": 2734.5349096533469, "arterial_km_per_km2": 2.33156219892353, "log_income": 10.970351142889658, "city": "Fort Worth", "crime_count_raw": 0.0, "crime_rate_annual_per_km2_1000": 0.0 }, "geometry": { "type": "Polygon", "coordinates": [ [ [ -97.289749, 32.727173 ], [ -97.279579, 32.727128 ], [ -97.270974, 32.727069 ], [ -97.271015, 32.718431 ], [ -97.275767, 32.71814 ], [ -97.28003, 32.718124 ], [ -97.283715, 32.718077 ], [ -97.283709, 32.719023 ], [ -97.287002, 32.718766 ], [ -97.288835, 32.719946 ], [ -97.288934, 32.722777 ], [ -97.291344, 32.726923 ], [ -97.289749, 32.727173 ] ] ] } },
{ "type": "Feature", "properties": { "STATEFP": "48", "COUNTYFP": "439", "TRACTCE": "100402", "GEOIDFQ": "1400000US48439100402", "GEOID": "48439100402", "NAME": "1004.02", "NAMELSAD": "Census Tract 1004.02", "STUSPS": "TX", "NAMELSADCO": "Tarrant County", "STATE_NAME": "Texas", "LSAD": "CT", "ALAND": 1660378, "AWATER": 0, "centroid_lon": -97.364515871094625, "centroid_lat": 32.786057469023447, "B03002_001E": 3595, "B03002_001M": 551, "B03002_012E": 3453, "B03002_012M": 555, "B19013_001E": 46790, "B19013_001M": 24373, "B01003_001E": 3595, "state": "48", "county": "439", "tract": "100402", "latino_share": 0.96050069541029204, "camera_count": 2, "arterial_road_m": 4373.4833422049524, "land_area_km2": 1.660378, "pop_density_per_km2": 2165.1696180026479, "arterial_km_per_km2": 2.6340287224987038, "log_income": 10.753424783860263, "city": "Fort Worth", "crime_count_raw": 0.0, "crime_rate_annual_per_km2_1000": 0.0 }, "geometry": { "type": "Polygon", "coordinates": [ [ [ -97.375512, 32.782566 ], [ -97.375428, 32.786423 ], [ -97.374947, 32.786873 ], [ -97.374856, 32.786958 ], [ -97.374719, 32.787084 ], [ -97.371889, 32.789561 ], [ -97.371893, 32.790047 ], [ -97.363682, 32.78998 ], [ -97.360245, 32.789958 ], [ -97.359011, 32.789955 ], [ -97.35283, 32.789924 ], [ -97.35287, 32.786277 ], [ -97.354077, 32.786281 ], [ -97.354153, 32.782808 ], [ -97.355367, 32.782826 ], [ -97.359073, 32.782857 ], [ -97.363786, 32.782871 ], [ -97.368034, 32.782898 ], [ -97.369902, 32.780484 ], [ -97.370641, 32.779949 ], [ -97.371782, 32.780938 ], [ -97.372755, 32.781495 ], [ -97.372998, 32.781598 ], [ -97.374183, 32.781974 ], [ -97.375518, 32.78239 ], [ -97.375512, 32.782566 ] ] ] } },
{ "type": "Feature", "properties": { "STATEFP": "48", "COUNTYFP": "439", "TRACTCE": "113943", "GEOIDFQ": "1400000US48439113943", "GEOID": "48439113943", "NAME": "1139.43", "NAMELSAD": "Census Tract 1139.43", "STUSPS": "TX", "NAMELSADCO": "Tarrant County", "STATE_NAME": "Texas", "LSAD": "CT", "ALAND": 5579961, "AWATER": 8327, "centroid_lon": -97.256033843226845, "centroid_lat": 32.968952602434101, "B03002_001E": 6265, "B03002_001M": 824, "B03002_012E": 903, "B03002_012M": 130, "B19013_001E": 120602, "B19013_001M": 8934, "B01003_001E": 6265, "state": "48", "county": "439", "tract": "113943", "latino_share": 0.14413407821229049, "camera_count": 8, "arterial_road_m": 21082.75722576489, "land_area_km2": 5.579961, "pop_density_per_km2": 1122.7677039319808, "arterial_km_per_km2": 3.7782983117202593, "log_income": 11.700251146885641, "city": "Fort Worth", "crime_count_raw": 0.0, "crime_rate_annual_per_km2_1000": 0.0 }, "geometry": { "type": "Polygon", "coordinates": [ [ [ -97.271043, 32.963797 ], [ -97.264621, 32.963707 ], [ -97.262563, 32.967687 ], [ -97.263049, 32.971439 ], [ -97.263021, 32.972193 ], [ -97.262912, 32.978595 ], [ -97.255301, 32.982419 ], [ -97.249581, 32.98478 ], [ -97.246485, 32.985171 ], [ -97.238874, 32.985196 ], [ -97.24627, 32.971591 ], [ -97.246617, 32.970951 ], [ -97.248124, 32.967784 ], [ -97.250447, 32.963514 ], [ -97.254039, 32.956954 ], [ -97.254148, 32.956469 ], [ -97.254553, 32.954844 ], [ -97.254569, 32.952934 ], [ -97.254972, 32.952902 ], [ -97.255197, 32.952862 ], [ -97.264828, 32.952925 ], [ -97.269673, 32.952956 ], [ -97.269657, 32.955529 ], [ -97.269659, 32.956975 ], [ -97.271065, 32.957632 ], [ -97.271043, 32.963797 ] ] ] } },
{ "type": "Feature", "properties": { "STATEFP": "48", "COUNTYFP": "439", "TRACTCE": "106006", "GEOIDFQ": "1400000US48439106006", "GEOID": "48439106006", "NAME": "1060.06", "NAMELSAD": "Census Tract 1060.06", "STUSPS": "TX", "NAMELSADCO": "Tarrant County", "STATE_NAME": "Texas", "LSAD": "CT", "ALAND": 2174327, "AWATER": 0, "centroid_lon": -97.340738048733826, "centroid_lat": 32.641926785136306, "B03002_001E": 5201, "B03002_001M": 803, "B03002_012E": 1734, "B03002_012M": 352, "B19013_001E": 58922, "B19013_001M": 10573, "B01003_001E": 5201, "state": "48", "county": "439", "tract": "106006", "latino_share": 0.33339742357238994, "camera_count": 0, "arterial_road_m": 8638.1942840947959, "land_area_km2": 2.174327, "pop_density_per_km2": 2392.0045145003492, "arterial_km_per_km2": 3.9728128676573471, "log_income": 10.983969814331768, "city": "Fort Worth", "crime_count_raw": 0.0, "crime_rate_annual_per_km2_1000": 0.0 }, "geometry": { "type": "Polygon", "coordinates": [ [ [ -97.348463, 32.643065 ], [ -97.34857, 32.648783 ], [ -97.34705, 32.648756 ], [ -97.337958, 32.647792 ], [ -97.336402, 32.648091 ], [ -97.33086, 32.65037 ], [ -97.332652, 32.645133 ], [ -97.334013, 32.635193 ], [ -97.339685, 32.635159 ], [ -97.344826, 32.634815 ], [ -97.345875, 32.634093 ], [ -97.347006, 32.634656 ], [ -97.348439, 32.634819 ], [ -97.348618, 32.634819 ], [ -97.348463, 32.643065 ] ] ] } },
{ "type": "Feature", "properties": { "STATEFP": "48", "COUNTYFP": "439", "TRACTCE": "106509", "GEOIDFQ": "1400000US48439106509", "GEOID": "48439106509", "NAME": "1065.09", "NAMELSAD": "Census Tract 1065.09", "STUSPS": "TX", "NAMELSADCO": "Tarrant County", "STATE_NAME": "Texas", "LSAD": "CT", "ALAND": 15185765, "AWATER": 1342507, "centroid_lon": -97.159137156421124, "centroid_lat": 32.789076887809166, "B03002_001E": 6895, "B03002_001M": 925, "B03002_012E": 770, "B03002_012M": 338, "B19013_001E": 97696, "B19013_001M": 21257, "B01003_001E": 6895, "state": "48", "county": "439", "tract": "106509", "latino_share": 0.1116751269035533, "camera_count": 5, "arterial_road_m": 16320.57718538956, "land_area_km2": 15.185765, "pop_density_per_km2": 454.04363889471489, "arterial_km_per_km2": 1.0747286808000494, "log_income": 11.489615895534605, "city": "Fort Worth", "crime_count_raw": 0.0, "crime_rate_annual_per_km2_1000": 0.0 }, "geometry": { "type": "Polygon", "coordinates": [ [ [ -97.18653, 32.806759 ], [ -97.16917, 32.805551 ], [ -97.169174, 32.808736 ], [ -97.159648, 32.80861 ], [ -97.155971, 32.808763 ], [ -97.150079, 32.810651 ], [ -97.148892, 32.811174 ], [ -97.143999, 32.812825 ], [ -97.138614, 32.814721 ], [ -97.134695, 32.814721 ], [ -97.134756, 32.810963 ], [ -97.135409, 32.80799 ], [ -97.13733, 32.807823 ], [ -97.137919, 32.807803 ], [ -97.140188, 32.807482 ], [ -97.140163, 32.80353 ], [ -97.140173, 32.797418 ], [ -97.140166, 32.793901 ], [ -97.14011, 32.788387 ], [ -97.14193, 32.787428 ], [ -97.142825, 32.784937 ], [ -97.142047, 32.782691 ], [ -97.143113, 32.78004 ], [ -97.145417, 32.78141 ], [ -97.145719, 32.778257 ], [ -97.14783, 32.778872 ], [ -97.149364, 32.776148 ], [ -97.149048, 32.77317 ], [ -97.148612, 32.772124 ], [ -97.148576, 32.772025 ], [ -97.148557, 32.771963 ], [ -97.148567, 32.771769 ], [ -97.148641, 32.771552 ], [ -97.148724, 32.771436 ], [ -97.148801, 32.771369 ], [ -97.149307, 32.771198 ], [ -97.149948, 32.771324 ], [ -97.150407, 32.771215 ], [ -97.150821, 32.770843 ], [ -97.151517, 32.769854 ], [ -97.151945, 32.769731 ], [ -97.152313, 32.769366 ], [ -97.152812, 32.76829 ], [ -97.152358, 32.767243 ], [ -97.150464, 32.769176 ], [ -97.149797, 32.76773 ], [ -97.149073, 32.767668 ], [ -97.149203, 32.764225 ], [ -97.149743, 32.760978 ], [ -97.149737, 32.760205 ], [ -97.151767, 32.760249 ], [ -97.155563, 32.760368 ], [ -97.158495, 32.76034 ], [ -97.160305, 32.760312 ], [ -97.167099, 32.760224 ], [ -97.167237, 32.765625 ], [ -97.167243, 32.765788 ], [ -97.167331, 32.766511 ], [ -97.167589, 32.767259 ], [ -97.167924, 32.767837 ], [ -97.168326, 32.768276 ], [ -97.170361, 32.770192 ], [ -97.174994, 32.773159 ], [ -97.174991, 32.777683 ], [ -97.176094, 32.779277 ], [ -97.179249, 32.779657 ], [ -97.179058, 32.780257 ], [ -97.178502, 32.781815 ], [ -97.177829, 32.783915 ], [ -97.177423, 32.79137 ], [ -97.177477, 32.794038 ], [ -97.178082, 32.798296 ], [ -97.180519, 32.800247 ], [ -97.183224, 32.801915 ], [ -97.183762, 32.802466 ], [ -97.18628, 32.805321 ], [ -97.18653, 32.806759 ] ] ] } },
{ "type": "Feature", "properties": { "STATEFP": "48", "COUNTYFP": "439", "TRACTCE": "113923", "GEOIDFQ": "1400000US48439113923", "GEOID": "48439113923", "NAME": "1139.23", "NAMELSAD": "Census Tract 1139.23", "STUSPS": "TX", "NAMELSADCO": "Tarrant County", "STATE_NAME": "Texas", "LSAD": "CT", "ALAND": 3830371, "AWATER": 42568, "centroid_lon": -97.311440550405194, "centroid_lat": 32.87923310209834, "B03002_001E": 4372, "B03002_001M": 820, "B03002_012E": 764, "B03002_012M": 412, "B19013_001E": 88932, "B19013_001M": 10098, "B01003_001E": 4372, "state": "48", "county": "439", "tract": "113923", "latino_share": 0.17474839890210431, "camera_count": 3, "arterial_road_m": 26991.37865001884, "land_area_km2": 3.830371, "pop_density_per_km2": 1141.403796133586, "arterial_km_per_km2": 7.0466747607526381, "log_income": 11.395627311739359, "city": "Fort Worth", "crime_count_raw": 0.0, "crime_rate_annual_per_km2_1000": 0.0 }, "geometry": { "type": "Polygon", "coordinates": [ [ [ -97.317054, 32.89834 ], [ -97.3168, 32.898328 ], [ -97.313932, 32.898218 ], [ -97.310234, 32.896092 ], [ -97.306959, 32.895804 ], [ -97.306971, 32.890777 ], [ -97.306831, 32.881273 ], [ -97.306291, 32.880023 ], [ -97.304304, 32.878293 ], [ -97.304969, 32.877065 ], [ -97.30605, 32.872692 ], [ -97.305809, 32.871173 ], [ -97.303715, 32.865744 ], [ -97.303991, 32.865342 ], [ -97.305355, 32.866403 ], [ -97.306686, 32.865482 ], [ -97.307012, 32.860943 ], [ -97.308166, 32.860818 ], [ -97.309437, 32.860801 ], [ -97.311846, 32.86076 ], [ -97.314213, 32.860892 ], [ -97.314561, 32.862564 ], [ -97.316725, 32.872695 ], [ -97.317011, 32.874763 ], [ -97.317073, 32.887389 ], [ -97.317054, 32.89834 ] ] ] } },
{ "type": "Feature", "properties": { "STATEFP": "48", "COUNTYFP": "439", "TRACTCE": "113936", "GEOIDFQ": "1400000US48439113936", "GEOID": "48439113936", "NAME": "1139.36", "NAMELSAD": "Census Tract 1139.36", "STUSPS": "TX", "NAMELSADCO": "Tarrant County", "STATE_NAME": "Texas", "LSAD": "CT", "ALAND": 2738111, "AWATER": 0, "centroid_lon": -97.29724088665624, "centroid_lat": 32.906644183442602, "B03002_001E": 5885, "B03002_001M": 834, "B03002_012E": 919, "B03002_012M": 375, "B19013_001E": 109664, "B19013_001M": 45411, "B01003_001E": 5885, "state": "48", "county": "439", "tract": "113936", "latino_share": 0.15615972812234494, "camera_count": 3, "arterial_road_m": 8064.0502392227263, "land_area_km2": 2.738111, "pop_density_per_km2": 2149.291975380107, "arterial_km_per_km2": 2.9451144381008394, "log_income": 11.605176424674335, "city": "Fort Worth", "crime_count_raw": 0.0, "crime_rate_annual_per_km2_1000": 0.0 }, "geometry": { "type": "Polygon", "coordinates": [ [ [ -97.307115, 32.913622 ], [ -97.303954, 32.913481 ], [ -97.296807, 32.91529 ], [ -97.289691, 32.914918 ], [ -97.289721, 32.908209 ], [ -97.289616, 32.902088 ], [ -97.289637, 32.89419 ], [ -97.292677, 32.895068 ], [ -97.292651, 32.896433 ], [ -97.296001, 32.897981 ], [ -97.297382, 32.899774 ], [ -97.300739, 32.901035 ], [ -97.301238, 32.901733 ], [ -97.301886, 32.901276 ], [ -97.306373, 32.902673 ], [ -97.306528, 32.903503 ], [ -97.306945, 32.903486 ], [ -97.306919, 32.908499 ], [ -97.306749, 32.910137 ], [ -97.307253, 32.911746 ], [ -97.307115, 32.913622 ] ] ] } },
{ "type": "Feature", "properties": { "STATEFP": "48", "COUNTYFP": "439", "TRACTCE": "111025", "GEOIDFQ": "1400000US48439111025", "GEOID": "48439111025", "NAME": "1110.25", "NAMELSAD": "Census Tract 1110.25", "STUSPS": "TX", "NAMELSADCO": "Tarrant County", "STATE_NAME": "Texas", "LSAD": "CT", "ALAND": 951755, "AWATER": 0, "centroid_lon": -97.362809623580731, "centroid_lat": 32.631029227211748, "B03002_001E": 4291, "B03002_001M": 1326, "B03002_012E": 2357, "B03002_012M": 1276, "B19013_001E": 100521, "B19013_001M": 34850, "B01003_001E": 4291, "state": "48", "county": "439", "tract": "111025", "latino_share": 0.54928920997436492, "camera_count": 0, "arterial_road_m": 3858.8893104868139, "land_area_km2": 0.951755, "pop_density_per_km2": 4508.5132203140511, "arterial_km_per_km2": 4.0544985952128583, "log_income": 11.518121939877046, "city": "Fort Worth", "crime_count_raw": 0.0, "crime_rate_annual_per_km2_1000": 0.0 }, "geometry": { "type": "Polygon", "coordinates": [ [ [ -97.369867, 32.634832 ], [ -97.361469, 32.634802 ], [ -97.359603, 32.634804 ], [ -97.35921, 32.634803 ], [ -97.357653, 32.6348 ], [ -97.356994, 32.63168 ], [ -97.356953, 32.627144 ], [ -97.357401, 32.625563 ], [ -97.361651, 32.625465 ], [ -97.361537, 32.628042 ], [ -97.363425, 32.628587 ], [ -97.365829, 32.62916 ], [ -97.369985, 32.628861 ], [ -97.369867, 32.634832 ] ] ] } },
{ "type": "Feature", "properties": { "STATEFP": "48", "COUNTYFP": "439", "TRACTCE": "104702", "GEOIDFQ": "1400000US48439104702", "GEOID": "48439104702", "NAME": "1047.02", "NAMELSAD": "Census Tract 1047.02", "STUSPS": "TX", "NAMELSADCO": "Tarrant County", "STATE_NAME": "Texas", "LSAD": "CT", "ALAND": 3432683, "AWATER": 0, "centroid_lon": -97.332994463278965, "centroid_lat": 32.674046318492046, "B03002_001E": 3051, "B03002_001M": 504, "B03002_012E": 2776, "B03002_012M": 511, "B19013_001E": 53085, "B19013_001M": 4206, "B01003_001E": 3051, "state": "48", "county": "439", "tract": "104702", "latino_share": 0.90986561783021958, "camera_count": 1, "arterial_road_m": 16558.514978556745, "land_area_km2": 3.432683, "pop_density_per_km2": 888.80913268134577, "arterial_km_per_km2": 4.8237821489944581, "log_income": 10.879649681447674, "city": "Fort Worth", "crime_count_raw": 0.0, "crime_rate_annual_per_km2_1000": 0.0 }, "geometry": { "type": "Polygon", "coordinates": [ [ [ -97.345119, 32.678942 ], [ -97.340842, 32.678921 ], [ -97.340787, 32.68284 ], [ -97.340362, 32.684725 ], [ -97.336226, 32.68468 ], [ -97.334143, 32.684876 ], [ -97.331751, 32.684939 ], [ -97.331755, 32.684113 ], [ -97.331792, 32.678925 ], [ -97.331785, 32.678085 ], [ -97.326175, 32.678077 ], [ -97.322134, 32.67655 ], [ -97.320264, 32.676479 ], [ -97.320377, 32.669854 ], [ -97.320461, 32.667122 ], [ -97.320491, 32.666857 ], [ -97.320759, 32.666787 ], [ -97.326911, 32.665431 ], [ -97.326902, 32.664731 ], [ -97.329266, 32.664243 ], [ -97.331808, 32.664078 ], [ -97.331813, 32.66447 ], [ -97.332286, 32.667364 ], [ -97.334128, 32.668712 ], [ -97.345089, 32.668726 ], [ -97.345089, 32.670569 ], [ -97.345119, 32.678942 ] ] ] } },
{ "type": "Feature", "properties": { "STATEFP": "48", "COUNTYFP": "439", "TRACTCE": "105009", "GEOIDFQ": "1400000US48439105009", "GEOID": "48439105009", "NAME": "1050.09", "NAMELSAD": "Census Tract 1050.09", "STUSPS": "TX", "NAMELSADCO": "Tarrant County", "STATE_NAME": "Texas", "LSAD": "CT", "ALAND": 22579504, "AWATER": 69995, "centroid_lon": -97.322392472091167, "centroid_lat": 32.823084707510311, "B03002_001E": 6682, "B03002_001M": 872, "B03002_012E": 5292, "B03002_012M": 773, "B19013_001E": 50428, "B19013_001M": 6681, "B01003_001E": 6682, "state": "48", "county": "439", "tract": "105009", "latino_share": 0.79197844956599817, "camera_count": 3, "arterial_road_m": 114216.05626424665, "land_area_km2": 22.579504, "pop_density_per_km2": 295.9320984198767, "arterial_km_per_km2": 5.0583952714039535, "log_income": 10.82830185535116, "city": "Fort Worth", "crime_count_raw": 0.0, "crime_rate_annual_per_km2_1000": 0.0 }, "geometry": { "type": "Polygon", "coordinates": [ [ [ -97.362809, 32.836539 ], [ -97.347511, 32.842333 ], [ -97.347307, 32.842385 ], [ -97.345499, 32.84273 ], [ -97.343015, 32.842849 ], [ -97.342609, 32.842832 ], [ -97.329122, 32.83992 ], [ -97.326559, 32.839542 ], [ -97.321039, 32.83946 ], [ -97.319273, 32.839444 ], [ -97.317444, 32.839495 ], [ -97.315275, 32.839219 ], [ -97.314028, 32.838866 ], [ -97.310812, 32.838597 ], [ -97.305008, 32.83937 ], [ -97.290673, 32.83943 ], [ -97.290637, 32.83166 ], [ -97.290659, 32.824336 ], [ -97.290757, 32.815376 ], [ -97.294111, 32.812691 ], [ -97.297186, 32.810209 ], [ -97.298186, 32.809401 ], [ -97.306441, 32.802695 ], [ -97.308461, 32.801012 ], [ -97.308514, 32.795163 ], [ -97.315565, 32.795176 ], [ -97.321715, 32.795274 ], [ -97.322539, 32.795276 ], [ -97.325844, 32.795166 ], [ -97.325798, 32.79795 ], [ -97.323089, 32.79794 ], [ -97.323052, 32.803366 ], [ -97.325761, 32.803523 ], [ -97.325737, 32.806362 ], [ -97.325732, 32.810342 ], [ -97.3321, 32.810435 ], [ -97.335895, 32.810668 ], [ -97.339611, 32.810377 ], [ -97.339566, 32.813935 ], [ -97.351424, 32.814042 ], [ -97.351464, 32.818101 ], [ -97.357744, 32.829557 ], [ -97.359778, 32.831325 ], [ -97.360796, 32.832166 ], [ -97.361386, 32.832961 ], [ -97.36226, 32.834409 ], [ -97.362809, 32.836539 ] ] ] } },
{ "type": "Feature", "properties": { "STATEFP": "48", "COUNTYFP": "439", "TRACTCE": "113925", "GEOIDFQ": "1400000US48439113925", "GEOID": "48439113925", "NAME": "1139.25", "NAMELSAD": "Census Tract 1139.25", "STUSPS": "TX", "NAMELSADCO": "Tarrant County", "STATE_NAME": "Texas", "LSAD": "CT", "ALAND": 1461276, "AWATER": 0, "centroid_lon": -97.295948864328196, "centroid_lat": 32.878341000991192, "B03002_001E": 3692, "B03002_001M": 683, "B03002_012E": 1098, "B03002_012M": 642, "B19013_001E": 80990, "B19013_001M": 29543, "B01003_001E": 3692, "state": "48", "county": "439", "tract": "113925", "latino_share": 0.29739978331527628, "camera_count": 0, "arterial_road_m": 6165.6314225779633, "land_area_km2": 1.461276, "pop_density_per_km2": 2526.5589799599802, "arterial_km_per_km2": 4.2193476267166252, "log_income": 11.302080969243036, "city": "Fort Worth", "crime_count_raw": 0.0, "crime_rate_annual_per_km2_1000": 0.0 }, "geometry": { "type": "Polygon", "coordinates": [ [ [ -97.304969, 32.877065 ], [ -97.304304, 32.878293 ], [ -97.303095, 32.877395 ], [ -97.298341, 32.877454 ], [ -97.298604, 32.879258 ], [ -97.297905, 32.885652 ], [ -97.29361, 32.885638 ], [ -97.29271, 32.885618 ], [ -97.289693, 32.885647 ], [ -97.289711, 32.884105 ], [ -97.289775, 32.877851 ], [ -97.289794, 32.876362 ], [ -97.289931, 32.874049 ], [ -97.290436, 32.8726 ], [ -97.292698, 32.873206 ], [ -97.297144, 32.873216 ], [ -97.301865, 32.87268 ], [ -97.30605, 32.872692 ], [ -97.304969, 32.877065 ] ] ] } },
{ "type": "Feature", "properties": { "STATEFP": "48", "COUNTYFP": "439", "TRACTCE": "123100", "GEOIDFQ": "1400000US48439123100", "GEOID": "48439123100", "NAME": "1231", "NAMELSAD": "Census Tract 1231", "STUSPS": "TX", "NAMELSADCO": "Tarrant County", "STATE_NAME": "Texas", "LSAD": "CT", "ALAND": 3971343, "AWATER": 0, "centroid_lon": -97.308694203011584, "centroid_lat": 32.738582168881791, "B03002_001E": 3707, "B03002_001M": 862, "B03002_012E": 1670, "B03002_012M": 844, "B19013_001E": 55000, "B19013_001M": 15996, "B01003_001E": 3707, "state": "48", "county": "439", "tract": "123100", "latino_share": 0.45049905584030214, "camera_count": 1, "arterial_road_m": 30410.707860529074, "land_area_km2": 3.971343, "pop_density_per_km2": 933.43737874064266, "arterial_km_per_km2": 7.657537478009095, "log_income": 10.915088464214607, "city": "Fort Worth", "crime_count_raw": 0.0, "crime_rate_annual_per_km2_1000": 0.0 }, "geometry": { "type": "Polygon", "coordinates": [ [ [ -97.325879, 32.737955 ], [ -97.325859, 32.741805 ], [ -97.321541, 32.741835 ], [ -97.321397, 32.744992 ], [ -97.312012, 32.743014 ], [ -97.308411, 32.742716 ], [ -97.306622, 32.742959 ], [ -97.302942, 32.743851 ], [ -97.303184, 32.748376 ], [ -97.303198, 32.748557 ], [ -97.294598, 32.749308 ], [ -97.294627, 32.747085 ], [ -97.295734, 32.745685 ], [ -97.296161, 32.743811 ], [ -97.297421, 32.741787 ], [ -97.293503, 32.737062 ], [ -97.293297, 32.735978 ], [ -97.294274, 32.733901 ], [ -97.295982, 32.733992 ], [ -97.297322, 32.73118 ], [ -97.299428, 32.731361 ], [ -97.303143, 32.73137 ], [ -97.306925, 32.731409 ], [ -97.310978, 32.73213 ], [ -97.315651, 32.732051 ], [ -97.318288, 32.732068 ], [ -97.322049, 32.732979 ], [ -97.324235, 32.733046 ], [ -97.32426, 32.7355 ], [ -97.325865, 32.73556 ], [ -97.325879, 32.737955 ] ] ] } },
{ "type": "Feature", "properties": { "STATEFP": "48", "COUNTYFP": "439", "TRACTCE": "105203", "GEOIDFQ": "1400000US48439105203", "GEOID": "48439105203", "NAME": "1052.03", "NAMELSAD": "Census Tract 1052.03", "STUSPS": "TX", "NAMELSADCO": "Tarrant County", "STATE_NAME": "Texas", "LSAD": "CT", "ALAND": 1601025, "AWATER": 0, "centroid_lon": -97.468094420035754, "centroid_lat": 32.720711665353264, "B03002_001E": 3143, "B03002_001M": 913, "B03002_012E": 1427, "B03002_012M": 877, "B19013_001E": 39656, "B19013_001M": 16428, "B01003_001E": 3143, "state": "48", "county": "439", "tract": "105203", "latino_share": 0.45402481705377029, "camera_count": 0, "arterial_road_m": 5609.1811756630414, "land_area_km2": 1.601025, "pop_density_per_km2": 1963.1173779297637, "arterial_km_per_km2": 3.5034938090679666, "log_income": 10.58799753970041, "city": "Fort Worth", "crime_count_raw": 0.0, "crime_rate_annual_per_km2_1000": 0.0 }, "geometry": { "type": "Polygon", "coordinates": [ [ [ -97.48015, 32.724484 ], [ -97.475865, 32.7244 ], [ -97.469132, 32.724325 ], [ -97.46548, 32.724243 ], [ -97.463007, 32.724224 ], [ -97.457761, 32.723728 ], [ -97.457693, 32.716296 ], [ -97.459748, 32.716296 ], [ -97.464509, 32.716285 ], [ -97.466036, 32.716355 ], [ -97.467414, 32.716831 ], [ -97.47232, 32.718196 ], [ -97.478607, 32.718227 ], [ -97.479064, 32.718217 ], [ -97.48015, 32.724484 ] ] ] } },
{ "type": "Feature", "properties": { "STATEFP": "48", "COUNTYFP": "439", "TRACTCE": "101500", "GEOIDFQ": "1400000US48439101500", "GEOID": "48439101500", "NAME": "1015", "NAMELSAD": "Census Tract 1015", "STUSPS": "TX", "NAMELSADCO": "Tarrant County", "STATE_NAME": "Texas", "LSAD": "CT", "ALAND": 4040132, "AWATER": 0, "centroid_lon": -97.276427973114679, "centroid_lat": 32.746145305598304, "B03002_001E": 4326, "B03002_001M": 1108, "B03002_012E": 2697, "B03002_012M": 941, "B19013_001E": 50477, "B19013_001M": 5535, "B01003_001E": 4326, "state": "48", "county": "439", "tract": "101500", "latino_share": 0.62343966712898746, "camera_count": 4, "arterial_road_m": 19828.537366613906, "land_area_km2": 4.040132, "pop_density_per_km2": 1070.7570940751441, "arterial_km_per_km2": 4.9078934467027082, "log_income": 10.829273065972073, "city": "Fort Worth", "crime_count_raw": 0.0, "crime_rate_annual_per_km2_1000": 0.0 }, "geometry": { "type": "Polygon", "coordinates": [ [ [ -97.295734, 32.745685 ], [ -97.294627, 32.747085 ], [ -97.294598, 32.749308 ], [ -97.289433, 32.749685 ], [ -97.279586, 32.750439 ], [ -97.277476, 32.750937 ], [ -97.27432, 32.752128 ], [ -97.265548, 32.756861 ], [ -97.26334, 32.757741 ], [ -97.261697, 32.758089 ], [ -97.261672, 32.757353 ], [ -97.261689, 32.746796 ], [ -97.26264, 32.745686 ], [ -97.267784, 32.74337 ], [ -97.270816, 32.743949 ], [ -97.270886, 32.741009 ], [ -97.27097, 32.733871 ], [ -97.273487, 32.734437 ], [ -97.281061, 32.73825 ], [ -97.286281, 32.741374 ], [ -97.287033, 32.741687 ], [ -97.296161, 32.743811 ], [ -97.295734, 32.745685 ] ] ] } },
{ "type": "Feature", "properties": { "STATEFP": "48", "COUNTYFP": "439", "TRACTCE": "105204", "GEOIDFQ": "1400000US48439105204", "GEOID": "48439105204", "NAME": "1052.04", "NAMELSAD": "Census Tract 1052.04", "STUSPS": "TX", "NAMELSADCO": "Tarrant County", "STATE_NAME": "Texas", "LSAD": "CT", "ALAND": 920010, "AWATER": 0, "centroid_lon": -97.477532642459352, "centroid_lat": 32.731398221047129, "B03002_001E": 3713, "B03002_001M": 1045, "B03002_012E": 1119, "B03002_012M": 957, "B19013_001E": 40259, "B19013_001M": 14242, "B01003_001E": 3713, "state": "48", "county": "439", "tract": "105204", "latino_share": 0.30137355238351737, "camera_count": 6, "arterial_road_m": 7111.8298379160224, "land_area_km2": 0.92001, "pop_density_per_km2": 4035.8256975467657, "arterial_km_per_km2": 7.7301658002804556, "log_income": 10.603088860335872, "city": "Fort Worth", "crime_count_raw": 0.0, "crime_rate_annual_per_km2_1000": 0.0 }, "geometry": { "type": "Polygon", "coordinates": [ [ [ -97.481158, 32.738115 ], [ -97.477509, 32.738158 ], [ -97.475885, 32.738127 ], [ -97.475881, 32.737917 ], [ -97.475385, 32.73522 ], [ -97.473052, 32.734527 ], [ -97.47255, 32.73393 ], [ -97.474732, 32.732729 ], [ -97.474445, 32.731665 ], [ -97.472421, 32.729886 ], [ -97.472357, 32.72851 ], [ -97.476265, 32.726006 ], [ -97.475865, 32.7244 ], [ -97.48015, 32.724484 ], [ -97.480977, 32.729288 ], [ -97.481189, 32.733288 ], [ -97.481158, 32.738115 ] ] ] } },
{ "type": "Feature", "properties": { "STATEFP": "48", "COUNTYFP": "439", "TRACTCE": "103500", "GEOIDFQ": "1400000US48439103500", "GEOID": "48439103500", "NAME": "1035", "NAMELSAD": "Census Tract 1035", "STUSPS": "TX", "NAMELSADCO": "Tarrant County", "STATE_NAME": "Texas", "LSAD": "CT", "ALAND": 3863553, "AWATER": 0, "centroid_lon": -97.281735565861055, "centroid_lat": 32.733018056826573, "B03002_001E": 4614, "B03002_001M": 586, "B03002_012E": 3061, "B03002_012M": 507, "B19013_001E": 43056, "B19013_001M": 27129, "B01003_001E": 4614, "state": "48", "county": "439", "tract": "103500", "latino_share": 0.66341569137407885, "camera_count": 0, "arterial_road_m": 16265.115719185695, "land_area_km2": 3.863553, "pop_density_per_km2": 1194.23753213687, "arterial_km_per_km2": 4.2098854912008958, "log_income": 10.670256872966688, "city": "Fort Worth", "crime_count_raw": 0.0, "crime_rate_annual_per_km2_1000": 0.0 }, "geometry": { "type": "Polygon", "coordinates": [ [ [ -97.296161, 32.743811 ], [ -97.287033, 32.741687 ], [ -97.286281, 32.741374 ], [ -97.281061, 32.73825 ], [ -97.273487, 32.734437 ], [ -97.27097, 32.733871 ], [ -97.269394, 32.733829 ], [ -97.261946, 32.734246 ], [ -97.259891, 32.734372 ], [ -97.259891, 32.73125 ], [ -97.26193, 32.731263 ], [ -97.26201, 32.727058 ], [ -97.270974, 32.727069 ], [ -97.279579, 32.727128 ], [ -97.289749, 32.727173 ], [ -97.291344, 32.726923 ], [ -97.292724, 32.726695 ], [ -97.293844, 32.726694 ], [ -97.29668, 32.727916 ], [ -97.297322, 32.73118 ], [ -97.295982, 32.733992 ], [ -97.294274, 32.733901 ], [ -97.293297, 32.735978 ], [ -97.293503, 32.737062 ], [ -97.297421, 32.741787 ], [ -97.296161, 32.743811 ] ] ] } },
{ "type": "Feature", "properties": { "STATEFP": "48", "COUNTYFP": "439", "TRACTCE": "100300", "GEOIDFQ": "1400000US48439100300", "GEOID": "48439100300", "NAME": "1003", "NAMELSAD": "Census Tract 1003", "STUSPS": "TX", "NAMELSADCO": "Tarrant County", "STATE_NAME": "Texas", "LSAD": "CT", "ALAND": 8816902, "AWATER": 97456, "centroid_lon": -97.362963123068411, "centroid_lat": 32.813895951195327, "B03002_001E": 5530, "B03002_001M": 1349, "B03002_012E": 4251, "B03002_012M": 1368, "B19013_001E": 51818, "B19013_001M": 10094, "B01003_001E": 5530, "state": "48", "county": "439", "tract": "100300", "latino_share": 0.7687160940325497, "camera_count": 2, "arterial_road_m": 21466.204766056839, "land_area_km2": 8.816902, "pop_density_per_km2": 627.204430762642, "arterial_km_per_km2": 2.4346652334410477, "log_income": 10.855492858234276, "city": "Fort Worth", "crime_count_raw": 0.0, "crime_rate_annual_per_km2_1000": 0.0 }, "geometry": { "type": "Polygon", "coordinates": [ [ [ -97.379867, 32.817092 ], [ -97.37938, 32.829492 ], [ -97.370792, 32.833429 ], [ -97.362809, 32.836539 ], [ -97.36226, 32.834409 ], [ -97.361386, 32.832961 ], [ -97.360796, 32.832166 ], [ -97.359778, 32.831325 ], [ -97.357744, 32.829557 ], [ -97.351464, 32.818101 ], [ -97.351424, 32.814042 ], [ -97.351435, 32.8127 ], [ -97.351488, 32.804693 ], [ -97.351397, 32.802984 ], [ -97.349099, 32.79524 ], [ -97.34916, 32.786277 ], [ -97.35287, 32.786277 ], [ -97.35283, 32.789924 ], [ -97.359011, 32.789955 ], [ -97.360245, 32.789958 ], [ -97.360214, 32.794433 ], [ -97.361278, 32.796497 ], [ -97.367239, 32.79661 ], [ -97.367127, 32.799639 ], [ -97.365577, 32.799565 ], [ -97.365563, 32.804837 ], [ -97.369071, 32.808143 ], [ -97.37497, 32.813902 ], [ -97.376588, 32.814921 ], [ -97.376868, 32.815084 ], [ -97.3795, 32.816625 ], [ -97.379867, 32.817092 ] ] ] } },
{ "type": "Feature", "properties": { "STATEFP": "48", "COUNTYFP": "439", "TRACTCE": "100505", "GEOIDFQ": "1400000US48439100505", "GEOID": "48439100505", "NAME": "1005.05", "NAMELSAD": "Census Tract 1005.05", "STUSPS": "TX", "NAMELSADCO": "Tarrant County", "STATE_NAME": "Texas", "LSAD": "CT", "ALAND": 4332640, "AWATER": 0, "centroid_lon": -97.390020640736665, "centroid_lat": 32.815699601670616, "B03002_001E": 6112, "B03002_001M": 1110, "B03002_012E": 3286, "B03002_012M": 905, "B19013_001E": 44919, "B19013_001M": 19839, "B01003_001E": 6112, "state": "48", "county": "439", "tract": "100505", "latino_share": 0.53763089005235598, "camera_count": 2, "arterial_road_m": 10400.961021459229, "land_area_km2": 4.33264, "pop_density_per_km2": 1410.6872484212861, "arterial_km_per_km2": 2.4006058711222784, "log_income": 10.712616146805829, "city": "Fort Worth", "crime_count_raw": 0.0, "crime_rate_annual_per_km2_1000": 0.0 }, "geometry": { "type": "Polygon", "coordinates": [ [ [ -97.407854, 32.816002 ], [ -97.403972, 32.817749 ], [ -97.401332, 32.818995 ], [ -97.394148, 32.822272 ], [ -97.385185, 32.826509 ], [ -97.37938, 32.829492 ], [ -97.379867, 32.817092 ], [ -97.3795, 32.816625 ], [ -97.376868, 32.815084 ], [ -97.376588, 32.814921 ], [ -97.377515, 32.8138 ], [ -97.377601, 32.810679 ], [ -97.377864, 32.810403 ], [ -97.380446, 32.808137 ], [ -97.385343, 32.803863 ], [ -97.388415, 32.806387 ], [ -97.388917, 32.806722 ], [ -97.39509, 32.808615 ], [ -97.397541, 32.809292 ], [ -97.3984, 32.809533 ], [ -97.407746, 32.81213 ], [ -97.407872, 32.812164 ], [ -97.407854, 32.816002 ] ] ] } },
{ "type": "Feature", "properties": { "STATEFP": "48", "COUNTYFP": "439", "TRACTCE": "111033", "GEOIDFQ": "1400000US48439111033", "GEOID": "48439111033", "NAME": "1110.33", "NAMELSAD": "Census Tract 1110.33", "STUSPS": "TX", "NAMELSADCO": "Tarrant County", "STATE_NAME": "Texas", "LSAD": "CT", "ALAND": 6738973, "AWATER": 22900, "centroid_lon": -97.402047197423769, "centroid_lat": 32.602375136461156, "B03002_001E": 4975, "B03002_001M": 659, "B03002_012E": 953, "B03002_012M": 364, "B19013_001E": 128237, "B19013_001M": 17105, "B01003_001E": 4975, "state": "48", "county": "439", "tract": "111033", "latino_share": 0.19155778894472361, "camera_count": 0, "arterial_road_m": 19232.100311016478, "land_area_km2": 6.738973, "pop_density_per_km2": 738.24305276189716, "arterial_km_per_km2": 2.8538621999251932, "log_income": 11.761635393372869, "city": "Fort Worth", "crime_count_raw": 0.0, "crime_rate_annual_per_km2_1000": 0.0 }, "geometry": { "type": "Polygon", "coordinates": [ [ [ -97.416374, 32.593958 ], [ -97.41401, 32.59602 ], [ -97.412987, 32.597786 ], [ -97.412575, 32.599155 ], [ -97.412491, 32.615425 ], [ -97.407377, 32.615272 ], [ -97.406149, 32.615397 ], [ -97.403222, 32.616234 ], [ -97.397077, 32.616364 ], [ -97.391556, 32.617056 ], [ -97.390268, 32.617109 ], [ -97.38859, 32.617092 ], [ -97.38847, 32.615479 ], [ -97.388819, 32.613883 ], [ -97.388468, 32.607474 ], [ -97.388452, 32.603946 ], [ -97.388419, 32.600321 ], [ -97.388384, 32.596505 ], [ -97.395134, 32.596465 ], [ -97.397148, 32.596494 ], [ -97.397518, 32.595527 ], [ -97.397386, 32.59462 ], [ -97.39738, 32.590184 ], [ -97.397403, 32.587311 ], [ -97.397589, 32.587075 ], [ -97.402922, 32.587069 ], [ -97.404245, 32.587093 ], [ -97.406989, 32.587099 ], [ -97.41361, 32.587046 ], [ -97.416315, 32.587548 ], [ -97.416374, 32.593958 ] ] ] } },
{ "type": "Feature", "properties": { "STATEFP": "48", "COUNTYFP": "439", "TRACTCE": "102302", "GEOIDFQ": "1400000US48439102302", "GEOID": "48439102302", "NAME": "1023.02", "NAMELSAD": "Census Tract 1023.02", "STUSPS": "TX", "NAMELSADCO": "Tarrant County", "STATE_NAME": "Texas", "LSAD": "CT", "ALAND": 3540704, "AWATER": 0, "centroid_lon": -97.446529737764394, "centroid_lat": 32.705116574795937, "B03002_001E": 5676, "B03002_001M": 844, "B03002_012E": 2823, "B03002_012M": 662, "B19013_001E": 51225, "B19013_001M": 12226, "B01003_001E": 5676, "state": "48", "county": "439", "tract": "102302", "latino_share": 0.4973572938689218, "camera_count": 0, "arterial_road_m": 11107.848161329744, "land_area_km2": 3.540704, "pop_density_per_km2": 1603.0710276826303, "arterial_km_per_km2": 3.1371863226436734, "log_income": 10.843982973107101, "city": "Fort Worth", "crime_count_raw": 0.0, "crime_rate_annual_per_km2_1000": 0.0 }, "geometry": { "type": "Polygon", "coordinates": [ [ [ -97.457219, 32.690863 ], [ -97.45313, 32.698804 ], [ -97.449617, 32.705407 ], [ -97.452784, 32.706011 ], [ -97.452758, 32.708651 ], [ -97.452746, 32.713799 ], [ -97.452782, 32.716278 ], [ -97.448042, 32.716273 ], [ -97.444554, 32.716475 ], [ -97.444304, 32.717654 ], [ -97.442815, 32.718893 ], [ -97.441088, 32.721894 ], [ -97.43937, 32.721701 ], [ -97.438392, 32.711191 ], [ -97.438485, 32.709322 ], [ -97.439228, 32.705632 ], [ -97.439237, 32.705275 ], [ -97.436747, 32.700082 ], [ -97.435957, 32.699469 ], [ -97.43978, 32.699531 ], [ -97.445989, 32.696328 ], [ -97.446072, 32.696178 ], [ -97.446672, 32.695565 ], [ -97.447168, 32.694912 ], [ -97.447891, 32.694351 ], [ -97.45129, 32.690119 ], [ -97.451968, 32.689248 ], [ -97.453945, 32.688257 ], [ -97.455172, 32.687859 ], [ -97.456855, 32.687058 ], [ -97.456852, 32.689698 ], [ -97.457716, 32.689239 ], [ -97.457219, 32.690863 ] ] ] } },
{ "type": "Feature", "properties": { "STATEFP": "48", "COUNTYFP": "439", "TRACTCE": "105008", "GEOIDFQ": "1400000US48439105008", "GEOID": "48439105008", "NAME": "1050.08", "NAMELSAD": "Census Tract 1050.08", "STUSPS": "TX", "NAMELSADCO": "Tarrant County", "STATE_NAME": "Texas", "LSAD": "CT", "ALAND": 5164933, "AWATER": 0, "centroid_lon": -97.325031771617063, "centroid_lat": 32.850014733691289, "B03002_001E": 9753, "B03002_001M": 1420, "B03002_012E": 3362, "B03002_012M": 1032, "B19013_001E": 76496, "B19013_001M": 7689, "B01003_001E": 9753, "state": "48", "county": "439", "tract": "105008", "latino_share": 0.34471444683687069, "camera_count": 0, "arterial_road_m": 33826.746905997985, "land_area_km2": 5.164933, "pop_density_per_km2": 1888.3110390783384, "arterial_km_per_km2": 6.5493099147652032, "log_income": 11.244993730865884, "city": "Fort Worth", "crime_count_raw": 0.0, "crime_rate_annual_per_km2_1000": 0.0 }, "geometry": { "type": "Polygon", "coordinates": [ [ [ -97.34259, 32.847859 ], [ -97.333102, 32.847835 ], [ -97.330682, 32.847844 ], [ -97.329648, 32.847924 ], [ -97.330385, 32.84902 ], [ -97.333088, 32.850094 ], [ -97.333447, 32.850372 ], [ -97.333585, 32.851816 ], [ -97.333532, 32.853682 ], [ -97.33365, 32.854604 ], [ -97.333599, 32.855596 ], [ -97.333731, 32.855912 ], [ -97.33393, 32.856104 ], [ -97.334466, 32.856886 ], [ -97.335398, 32.858358 ], [ -97.335588, 32.858636 ], [ -97.33724, 32.860585 ], [ -97.338689, 32.861406 ], [ -97.335649, 32.86135 ], [ -97.334367, 32.861359 ], [ -97.333086, 32.86123 ], [ -97.327158, 32.861159 ], [ -97.322901, 32.861134 ], [ -97.321465, 32.861118 ], [ -97.317201, 32.86101 ], [ -97.314213, 32.860892 ], [ -97.313687, 32.858207 ], [ -97.312837, 32.853966 ], [ -97.312573, 32.848115 ], [ -97.31256, 32.842765 ], [ -97.313173, 32.841399 ], [ -97.315428, 32.839768 ], [ -97.317444, 32.839495 ], [ -97.319273, 32.839444 ], [ -97.321039, 32.83946 ], [ -97.326559, 32.839542 ], [ -97.329122, 32.83992 ], [ -97.342609, 32.842832 ], [ -97.34259, 32.847859 ] ] ] } },
{ "type": "Feature", "properties": { "STATEFP": "48", "COUNTYFP": "439", "TRACTCE": "113939", "GEOIDFQ": "1400000US48439113939", "GEOID": "48439113939", "NAME": "1139.39", "NAMELSAD": "Census Tract 1139.39", "STUSPS": "TX", "NAMELSADCO": "Tarrant County", "STATE_NAME": "Texas", "LSAD": "CT", "ALAND": 2655885, "AWATER": 3137, "centroid_lon": -97.29141617533493, "centroid_lat": 32.944744263193918, "B03002_001E": 3935, "B03002_001M": 785, "B03002_012E": 856, "B03002_012M": 480, "B19013_001E": 121920, "B19013_001M": 14175, "B01003_001E": 3935, "state": "48", "county": "439", "tract": "113939", "latino_share": 0.21753494282083863, "camera_count": 0, "arterial_road_m": 8017.6608102577829, "land_area_km2": 2.655885, "pop_density_per_km2": 1481.6153560865775, "arterial_km_per_km2": 3.0188283040334141, "log_income": 11.711120370920472, "city": "Fort Worth", "crime_count_raw": 0.0, "crime_rate_annual_per_km2_1000": 0.0 }, "geometry": { "type": "Polygon", "coordinates": [ [ [ -97.306612, 32.942099 ], [ -97.303012, 32.942599 ], [ -97.301137, 32.94526 ], [ -97.299928, 32.947024 ], [ -97.298752, 32.947995 ], [ -97.297828, 32.948812 ], [ -97.297335, 32.949199 ], [ -97.297099, 32.949398 ], [ -97.295364, 32.950562 ], [ -97.293811, 32.950998 ], [ -97.287558, 32.951508 ], [ -97.281239, 32.954024 ], [ -97.281321, 32.947539 ], [ -97.281323, 32.947208 ], [ -97.281426, 32.938891 ], [ -97.305291, 32.939068 ], [ -97.306668, 32.939079 ], [ -97.306612, 32.942099 ] ] ] } },
{ "type": "Feature", "properties": { "STATEFP": "48", "COUNTYFP": "439", "TRACTCE": "111023", "GEOIDFQ": "1400000US48439111023", "GEOID": "48439111023", "NAME": "1110.23", "NAMELSAD": "Census Tract 1110.23", "STUSPS": "TX", "NAMELSADCO": "Tarrant County", "STATE_NAME": "Texas", "LSAD": "CT", "ALAND": 2899668, "AWATER": 19172, "centroid_lon": -97.372465374442086, "centroid_lat": 32.611322303292468, "B03002_001E": 8935, "B03002_001M": 1292, "B03002_012E": 2068, "B03002_012M": 543, "B19013_001E": 94340, "B19013_001M": 8712, "B01003_001E": 8935, "state": "48", "county": "439", "tract": "111023", "latino_share": 0.23144935646334638, "camera_count": 0, "arterial_road_m": 7556.4572326622301, "land_area_km2": 2.899668, "pop_density_per_km2": 3081.3872484712042, "arterial_km_per_km2": 2.6059732468207497, "log_income": 11.454660556838252, "city": "Fort Worth", "crime_count_raw": 0.0, "crime_rate_annual_per_km2_1000": 0.0 }, "geometry": { "type": "Polygon", "coordinates": [ [ [ -97.38847, 32.615479 ], [ -97.38859, 32.617092 ], [ -97.384116, 32.617002 ], [ -97.376381, 32.615563 ], [ -97.37149, 32.614903 ], [ -97.369414, 32.614637 ], [ -97.356687, 32.614737 ], [ -97.354972, 32.614737 ], [ -97.354801, 32.614736 ], [ -97.355135, 32.606785 ], [ -97.355323, 32.606776 ], [ -97.35639, 32.606599 ], [ -97.357309, 32.606811 ], [ -97.376132, 32.606996 ], [ -97.376487, 32.607379 ], [ -97.386123, 32.607451 ], [ -97.388468, 32.607474 ], [ -97.388819, 32.613883 ], [ -97.38847, 32.615479 ] ] ] } },
{ "type": "Feature", "properties": { "STATEFP": "48", "COUNTYFP": "439", "TRACTCE": "104505", "GEOIDFQ": "1400000US48439104505", "GEOID": "48439104505", "NAME": "1045.05", "NAMELSAD": "Census Tract 1045.05", "STUSPS": "TX", "NAMELSADCO": "Tarrant County", "STATE_NAME": "Texas", "LSAD": "CT", "ALAND": 2753394, "AWATER": 0, "centroid_lon": -97.312148278717956, "centroid_lat": 32.708254149549532, "B03002_001E": 5758, "B03002_001M": 907, "B03002_012E": 3501, "B03002_012M": 927, "B19013_001E": 43441, "B19013_001M": 5751, "B01003_001E": 5758, "state": "48", "county": "439", "tract": "104505", "latino_share": 0.60802361931226123, "camera_count": 0, "arterial_road_m": 10711.623346214532, "land_area_km2": 2.753394, "pop_density_per_km2": 2091.2372148700838, "arterial_km_per_km2": 3.890334382298549, "log_income": 10.679158974600682, "city": "Fort Worth", "crime_count_raw": 0.0, "crime_rate_annual_per_km2_1000": 0.0 }, "geometry": { "type": "Polygon", "coordinates": [ [ [ -97.320552, 32.705934 ], [ -97.320553, 32.712995 ], [ -97.320475, 32.717312 ], [ -97.315667, 32.71734 ], [ -97.30978, 32.717371 ], [ -97.307342, 32.717368 ], [ -97.309588, 32.71045 ], [ -97.304021, 32.710479 ], [ -97.300702, 32.710448 ], [ -97.299647, 32.709642 ], [ -97.300274, 32.709423 ], [ -97.301889, 32.705893 ], [ -97.303125, 32.704243 ], [ -97.302737, 32.702751 ], [ -97.30507, 32.703204 ], [ -97.307125, 32.701686 ], [ -97.307466, 32.700297 ], [ -97.305746, 32.697966 ], [ -97.305952, 32.696568 ], [ -97.310224, 32.699467 ], [ -97.31294, 32.700013 ], [ -97.314784, 32.700468 ], [ -97.317433, 32.701521 ], [ -97.320555, 32.703218 ], [ -97.320552, 32.705934 ] ] ] } },
{ "type": "Feature", "properties": { "STATEFP": "48", "COUNTYFP": "439", "TRACTCE": "113918", "GEOIDFQ": "1400000US48439113918", "GEOID": "48439113918", "NAME": "1139.18", "NAMELSAD": "Census Tract 1139.18", "STUSPS": "TX", "NAMELSADCO": "Tarrant County", "STATE_NAME": "Texas", "LSAD": "CT", "ALAND": 1631459, "AWATER": 0, "centroid_lon": -97.285527025003489, "centroid_lat": 32.870501797897539, "B03002_001E": 4942, "B03002_001M": 735, "B03002_012E": 1134, "B03002_012M": 379, "B19013_001E": 78634, "B19013_001M": 8519, "B01003_001E": 4942, "state": "48", "county": "439", "tract": "113918", "latino_share": 0.22946175637393768, "camera_count": 1, "arterial_road_m": 7899.1101104972558, "land_area_km2": 1.631459, "pop_density_per_km2": 3029.1904362904615, "arterial_km_per_km2": 4.8417460141488426, "log_income": 11.272559454860433, "city": "Fort Worth", "crime_count_raw": 0.0, "crime_rate_annual_per_km2_1000": 0.0 }, "geometry": { "type": "Polygon", "coordinates": [ [ [ -97.291365, 32.868625 ], [ -97.291326, 32.869752 ], [ -97.290908, 32.871425 ], [ -97.290436, 32.8726 ], [ -97.289931, 32.874049 ], [ -97.289794, 32.876362 ], [ -97.289775, 32.877851 ], [ -97.284081, 32.877813 ], [ -97.279819, 32.877786 ], [ -97.279772, 32.875888 ], [ -97.27838, 32.873303 ], [ -97.278351, 32.871478 ], [ -97.278931, 32.86753 ], [ -97.28075, 32.86725 ], [ -97.281692, 32.867358 ], [ -97.284718, 32.868295 ], [ -97.28513, 32.867472 ], [ -97.285297, 32.861098 ], [ -97.285291, 32.860923 ], [ -97.28988, 32.860967 ], [ -97.290073, 32.86097 ], [ -97.291251, 32.864877 ], [ -97.291381, 32.866816 ], [ -97.291365, 32.868625 ] ] ] } },
{ "type": "Feature", "properties": { "STATEFP": "48", "COUNTYFP": "439", "TRACTCE": "104203", "GEOIDFQ": "1400000US48439104203", "GEOID": "48439104203", "NAME": "1042.03", "NAMELSAD": "Census Tract 1042.03", "STUSPS": "TX", "NAMELSADCO": "Tarrant County", "STATE_NAME": "Texas", "LSAD": "CT", "ALAND": 1193293, "AWATER": 0, "centroid_lon": -97.366382227652082, "centroid_lat": 32.706446239019009, "B03002_001E": 4457, "B03002_001M": 344, "B03002_012E": 475, "B03002_012M": 216, "B19013_001E": 108211, "B19013_001M": 50734, "B01003_001E": 4457, "state": "48", "county": "439", "tract": "104203", "latino_share": 0.10657392865155935, "camera_count": 4, "arterial_road_m": 3725.6488556580134, "land_area_km2": 1.193293, "pop_density_per_km2": 3735.0424413786054, "arterial_km_per_km2": 3.1221576391196577, "log_income": 11.591838303813079, "city": "Fort Worth", "crime_count_raw": 0.0, "crime_rate_annual_per_km2_1000": 0.0 }, "geometry": { "type": "Polygon", "coordinates": [ [ [ -97.374491, 32.70424 ], [ -97.374024, 32.706105 ], [ -97.369174, 32.706729 ], [ -97.369994, 32.709383 ], [ -97.369775, 32.713628 ], [ -97.368631, 32.712225 ], [ -97.365432, 32.711675 ], [ -97.360436, 32.711713 ], [ -97.360457, 32.709632 ], [ -97.360486, 32.706201 ], [ -97.360505, 32.70186 ], [ -97.363349, 32.701604 ], [ -97.36527, 32.701576 ], [ -97.365668, 32.702187 ], [ -97.374504, 32.701937 ], [ -97.374491, 32.70424 ] ] ] } },
{ "type": "Feature", "properties": { "STATEFP": "48", "COUNTYFP": "439", "TRACTCE": "102301", "GEOIDFQ": "1400000US48439102301", "GEOID": "48439102301", "NAME": "1023.01", "NAMELSAD": "Census Tract 1023.01", "STUSPS": "TX", "NAMELSADCO": "Tarrant County", "STATE_NAME": "Texas", "LSAD": "CT", "ALAND": 4070664, "AWATER": 0, "centroid_lon": -97.440805407349799, "centroid_lat": 32.727875589968662, "B03002_001E": 2728, "B03002_001M": 720, "B03002_012E": 850, "B03002_012M": 480, "B19013_001E": 39877, "B19013_001M": 8282, "B01003_001E": 2728, "state": "48", "county": "439", "tract": "102301", "latino_share": 0.31158357771260997, "camera_count": 5, "arterial_road_m": 20594.371626461783, "land_area_km2": 4.070664, "pop_density_per_km2": 670.16093688892033, "arterial_km_per_km2": 5.0592167829282353, "log_income": 10.59355499556915, "city": "Fort Worth", "crime_count_raw": 0.0, "crime_rate_annual_per_km2_1000": 0.0 }, "geometry": { "type": "Polygon", "coordinates": [ [ [ -97.452714, 32.71726 ], [ -97.450977, 32.722984 ], [ -97.450713, 32.733995 ], [ -97.450721, 32.734408 ], [ -97.450758, 32.73484 ], [ -97.451003, 32.735576 ], [ -97.451399, 32.736184 ], [ -97.451696, 32.736896 ], [ -97.451778, 32.737758 ], [ -97.45179, 32.738035 ], [ -97.447454, 32.737913 ], [ -97.440822, 32.736497 ], [ -97.440678, 32.736466 ], [ -97.439148, 32.736157 ], [ -97.434348, 32.735484 ], [ -97.428771, 32.734737 ], [ -97.427841, 32.734616 ], [ -97.425672, 32.734311 ], [ -97.427403, 32.734301 ], [ -97.427399, 32.731876 ], [ -97.427414, 32.727241 ], [ -97.427464, 32.723642 ], [ -97.432194, 32.721664 ], [ -97.434194, 32.721396 ], [ -97.435382, 32.721351 ], [ -97.43937, 32.721701 ], [ -97.441088, 32.721894 ], [ -97.442815, 32.718893 ], [ -97.444304, 32.717654 ], [ -97.444554, 32.716475 ], [ -97.448042, 32.716273 ], [ -97.452782, 32.716278 ], [ -97.452714, 32.71726 ] ] ] } },
{ "type": "Feature", "properties": { "STATEFP": "48", "COUNTYFP": "439", "TRACTCE": "113941", "GEOIDFQ": "1400000US48439113941", "GEOID": "48439113941", "NAME": "1139.41", "NAMELSAD": "Census Tract 1139.41", "STUSPS": "TX", "NAMELSADCO": "Tarrant County", "STATE_NAME": "Texas", "LSAD": "CT", "ALAND": 12325825, "AWATER": 69358, "centroid_lon": -97.282641674225758, "centroid_lat": 32.97966358674438, "B03002_001E": 6494, "B03002_001M": 834, "B03002_012E": 1464, "B03002_012M": 426, "B19013_001E": 77442, "B19013_001M": 22569, "B01003_001E": 6494, "state": "48", "county": "439", "tract": "113941", "latino_share": 0.22543886664613488, "camera_count": 1, "arterial_road_m": 66117.92443822838, "land_area_km2": 12.325825, "pop_density_per_km2": 526.86128514724169, "arterial_km_per_km2": 5.3641784171224547, "log_income": 11.257284548063243, "city": "Fort Worth", "crime_count_raw": 0.0, "crime_rate_annual_per_km2_1000": 0.0 }, "geometry": { "type": "Polygon", "coordinates": [ [ [ -97.311006, 32.966298 ], [ -97.309505, 32.972302 ], [ -97.308828, 32.972302 ], [ -97.308174, 32.975223 ], [ -97.306728, 32.980157 ], [ -97.305337, 32.982555 ], [ -97.299329, 32.991282 ], [ -97.294743, 32.991262 ], [ -97.291165, 32.991243 ], [ -97.291142, 32.991243 ], [ -97.288777, 32.991232 ], [ -97.262795, 32.991096 ], [ -97.259912, 32.991082 ], [ -97.254164, 32.991052 ], [ -97.23525, 32.990954 ], [ -97.236721, 32.988507 ], [ -97.237049, 32.988509 ], [ -97.238874, 32.985196 ], [ -97.246485, 32.985171 ], [ -97.249581, 32.98478 ], [ -97.255301, 32.982419 ], [ -97.262912, 32.978595 ], [ -97.270902, 32.974669 ], [ -97.276408, 32.972411 ], [ -97.277528, 32.971972 ], [ -97.278479, 32.971594 ], [ -97.280975, 32.970683 ], [ -97.281279, 32.970577 ], [ -97.282232, 32.970236 ], [ -97.292515, 32.966545 ], [ -97.295809, 32.964887 ], [ -97.29833, 32.9632 ], [ -97.30324, 32.959814 ], [ -97.304708, 32.959169 ], [ -97.306553, 32.958669 ], [ -97.310358, 32.958499 ], [ -97.311256, 32.95852 ], [ -97.311006, 32.966298 ] ] ] } },
{ "type": "Feature", "properties": { "STATEFP": "48", "COUNTYFP": "439", "TRACTCE": "114106", "GEOIDFQ": "1400000US48439114106", "GEOID": "48439114106", "NAME": "1141.06", "NAMELSAD": "Census Tract 1141.06", "STUSPS": "TX", "NAMELSADCO": "Tarrant County", "STATE_NAME": "Texas", "LSAD": "CT", "ALAND": 22039275, "AWATER": 41519, "centroid_lon": -97.427256147078339, "centroid_lat": 32.904906607214215, "B03002_001E": 7724, "B03002_001M": 881, "B03002_012E": 1784, "B03002_012M": 553, "B19013_001E": 84290, "B19013_001M": 31661, "B01003_001E": 7724, "state": "48", "county": "439", "tract": "114106", "latino_share": 0.23096841015018124, "camera_count": 1, "arterial_road_m": 30632.402274639418, "land_area_km2": 22.039275, "pop_density_per_km2": 350.46524897030417, "arterial_km_per_km2": 1.389900633058003, "log_income": 11.342018512991528, "city": "Fort Worth", "crime_count_raw": 0.0, "crime_rate_annual_per_km2_1000": 0.0 }, "geometry": { "type": "Polygon", "coordinates": [ [ [ -97.468155, 32.915968 ], [ -97.465691, 32.916474 ], [ -97.463586, 32.917343 ], [ -97.456984, 32.92317 ], [ -97.455998, 32.923645 ], [ -97.454538, 32.923966 ], [ -97.448696, 32.923979 ], [ -97.439049, 32.923977 ], [ -97.428248, 32.923985 ], [ -97.423015, 32.924702 ], [ -97.412054, 32.924585 ], [ -97.411688, 32.923886 ], [ -97.409213, 32.919006 ], [ -97.402494, 32.904865 ], [ -97.398042, 32.899425 ], [ -97.386262, 32.885932 ], [ -97.381744, 32.880835 ], [ -97.390944, 32.880864 ], [ -97.391392, 32.880877 ], [ -97.408746, 32.88098 ], [ -97.408711, 32.888311 ], [ -97.408746, 32.888418 ], [ -97.417378, 32.88848 ], [ -97.419704, 32.887625 ], [ -97.424796, 32.887639 ], [ -97.425873, 32.887631 ], [ -97.428101, 32.891215 ], [ -97.42919, 32.892125 ], [ -97.430509, 32.89257 ], [ -97.435299, 32.892991 ], [ -97.443045, 32.8936 ], [ -97.444256, 32.893885 ], [ -97.445593, 32.894797 ], [ -97.446392, 32.896294 ], [ -97.446432, 32.896394 ], [ -97.447851, 32.897889 ], [ -97.45528, 32.898269 ], [ -97.457504, 32.898711 ], [ -97.463955, 32.903357 ], [ -97.464503, 32.903914 ], [ -97.466449, 32.909885 ], [ -97.467209, 32.912511 ], [ -97.468155, 32.915968 ] ] ] } },
{ "type": "Feature", "properties": { "STATEFP": "48", "COUNTYFP": "439", "TRACTCE": "105405", "GEOIDFQ": "1400000US48439105405", "GEOID": "48439105405", "NAME": "1054.05", "NAMELSAD": "Census Tract 1054.05", "STUSPS": "TX", "NAMELSADCO": "Tarrant County", "STATE_NAME": "Texas", "LSAD": "CT", "ALAND": 7763807, "AWATER": 0, "centroid_lon": -97.401560461767872, "centroid_lat": 32.700555250465762, "B03002_001E": 5551, "B03002_001M": 849, "B03002_012E": 758, "B03002_012M": 354, "B19013_001E": 81813, "B19013_001M": 14859, "B01003_001E": 5551, "state": "48", "county": "439", "tract": "105405", "latino_share": 0.1365519726175464, "camera_count": 18, "arterial_road_m": 58546.176707987586, "land_area_km2": 7.763807, "pop_density_per_km2": 714.98428541564726, "arterial_km_per_km2": 7.5409108840530923, "log_income": 11.312191434169105, "city": "Fort Worth", "crime_count_raw": 0.0, "crime_rate_annual_per_km2_1000": 0.0 }, "geometry": { "type": "Polygon", "coordinates": [ [ [ -97.424185, 32.696424 ], [ -97.422108, 32.697316 ], [ -97.418478, 32.69812 ], [ -97.41522, 32.701066 ], [ -97.41297, 32.704097 ], [ -97.411808, 32.704684 ], [ -97.411812, 32.707669 ], [ -97.411705, 32.71038 ], [ -97.408161, 32.711454 ], [ -97.404878, 32.712515 ], [ -97.399247, 32.715077 ], [ -97.389654, 32.718427 ], [ -97.387603, 32.71913 ], [ -97.386332, 32.719949 ], [ -97.386103, 32.719359 ], [ -97.38509, 32.716385 ], [ -97.384943, 32.716001 ], [ -97.384968, 32.714819 ], [ -97.385814, 32.712545 ], [ -97.38762, 32.70749 ], [ -97.389109, 32.704454 ], [ -97.389728, 32.703234 ], [ -97.390474, 32.698137 ], [ -97.391179, 32.696168 ], [ -97.393466, 32.693717 ], [ -97.394001, 32.691982 ], [ -97.393906, 32.689802 ], [ -97.392643, 32.687182 ], [ -97.392541, 32.686747 ], [ -97.392503, 32.682834 ], [ -97.392546, 32.682031 ], [ -97.393183, 32.680872 ], [ -97.395821, 32.681976 ], [ -97.39511, 32.682079 ], [ -97.399175, 32.683818 ], [ -97.401419, 32.684792 ], [ -97.412469, 32.689326 ], [ -97.418599, 32.691859 ], [ -97.419552, 32.692355 ], [ -97.420995, 32.693333 ], [ -97.423663, 32.695905 ], [ -97.424083, 32.696322 ], [ -97.424185, 32.696424 ] ] ] } },
{ "type": "Feature", "properties": { "STATEFP": "48", "COUNTYFP": "439", "TRACTCE": "106102", "GEOIDFQ": "1400000US48439106102", "GEOID": "48439106102", "NAME": "1061.02", "NAMELSAD": "Census Tract 1061.02", "STUSPS": "TX", "NAMELSADCO": "Tarrant County", "STATE_NAME": "Texas", "LSAD": "CT", "ALAND": 2901235, "AWATER": 0, "centroid_lon": -97.251076000164673, "centroid_lat": 32.676644930276481, "B03002_001E": 4780, "B03002_001M": 1014, "B03002_012E": 3099, "B03002_012M": 1092, "B19013_001E": 36407, "B19013_001M": 9312, "B01003_001E": 4780, "state": "48", "county": "439", "tract": "106102", "latino_share": 0.64832635983263598, "camera_count": 2, "arterial_road_m": 5011.0670264745186, "land_area_km2": 2.901235, "pop_density_per_km2": 1647.5742227017117, "arterial_km_per_km2": 1.7272185901778101, "log_income": 10.502516342828386, "city": "Fort Worth", "crime_count_raw": 0.0, "crime_rate_annual_per_km2_1000": 0.0 }, "geometry": { "type": "Polygon", "coordinates": [ [ [ -97.262084, 32.687196 ], [ -97.258059, 32.687344 ], [ -97.257129, 32.686109 ], [ -97.256397, 32.686705 ], [ -97.255441, 32.681616 ], [ -97.240631, 32.681655 ], [ -97.240705, 32.674637 ], [ -97.240724, 32.673929 ], [ -97.240777, 32.672051 ], [ -97.241089, 32.667186 ], [ -97.241801, 32.665644 ], [ -97.242141, 32.665837 ], [ -97.24612, 32.667654 ], [ -97.255464, 32.671951 ], [ -97.259769, 32.673944 ], [ -97.262183, 32.675047 ], [ -97.262084, 32.687196 ] ] ] } },
{ "type": "Feature", "properties": { "STATEFP": "48", "COUNTYFP": "439", "TRACTCE": "106513", "GEOIDFQ": "1400000US48439106513", "GEOID": "48439106513", "NAME": "1065.13", "NAMELSAD": "Census Tract 1065.13", "STUSPS": "TX", "NAMELSADCO": "Tarrant County", "STATE_NAME": "Texas", "LSAD": "CT", "ALAND": 2712002, "AWATER": 27889, "centroid_lon": -97.190788116703558, "centroid_lat": 32.737614255512419, "B03002_001E": 3086, "B03002_001M": 624, "B03002_012E": 612, "B03002_012M": 268, "B19013_001E": 70913, "B19013_001M": 21450, "B01003_001E": 3086, "state": "48", "county": "439", "tract": "106513", "latino_share": 0.19831497083603369, "camera_count": 0, "arterial_road_m": 3003.8153287201899, "land_area_km2": 2.712002, "pop_density_per_km2": 1137.9047655569575, "arterial_km_per_km2": 1.107600705574771, "log_income": 11.169209052553029, "city": "Fort Worth", "crime_count_raw": 0.0, "crime_rate_annual_per_km2_1000": 0.0 }, "geometry": { "type": "Polygon", "coordinates": [ [ [ -97.198789, 32.736355 ], [ -97.198793, 32.736624 ], [ -97.19879, 32.745758 ], [ -97.19428, 32.745681 ], [ -97.190792, 32.745607 ], [ -97.18972, 32.745651 ], [ -97.187434, 32.745596 ], [ -97.181649, 32.745649 ], [ -97.182363, 32.744574 ], [ -97.18242, 32.730759 ], [ -97.196067, 32.728745 ], [ -97.198841, 32.728672 ], [ -97.198789, 32.736355 ] ] ] } },
{ "type": "Feature", "properties": { "STATEFP": "48", "COUNTYFP": "439", "TRACTCE": "106005", "GEOIDFQ": "1400000US48439106005", "GEOID": "48439106005", "NAME": "1060.05", "NAMELSAD": "Census Tract 1060.05", "STUSPS": "TX", "NAMELSADCO": "Tarrant County", "STATE_NAME": "Texas", "LSAD": "CT", "ALAND": 2983537, "AWATER": 0, "centroid_lon": -97.326194345888453, "centroid_lat": 32.648455122773093, "B03002_001E": 4258, "B03002_001M": 1603, "B03002_012E": 2887, "B03002_012M": 1588, "B19013_001E": 70805, "B19013_001M": 14719, "B01003_001E": 4258, "state": "48", "county": "439", "tract": "106005", "latino_share": 0.67801784875528415, "camera_count": 0, "arterial_road_m": 17268.06369443447, "land_area_km2": 2.983537, "pop_density_per_km2": 1427.1651398993879, "arterial_km_per_km2": 5.7877826534192369, "log_income": 11.167684898657159, "city": "Fort Worth", "crime_count_raw": 0.0, "crime_rate_annual_per_km2_1000": 0.0 }, "geometry": { "type": "Polygon", "coordinates": [ [ [ -97.332652, 32.645133 ], [ -97.33086, 32.65037 ], [ -97.33072, 32.650761 ], [ -97.327852, 32.658759 ], [ -97.327243, 32.660849 ], [ -97.326959, 32.662648 ], [ -97.326902, 32.664731 ], [ -97.326911, 32.665431 ], [ -97.320759, 32.666787 ], [ -97.320491, 32.666857 ], [ -97.321146, 32.661354 ], [ -97.321204, 32.655265 ], [ -97.321285, 32.653324 ], [ -97.321371, 32.64374 ], [ -97.321464, 32.635163 ], [ -97.321973, 32.635171 ], [ -97.327344, 32.635202 ], [ -97.330118, 32.635192 ], [ -97.334013, 32.635193 ], [ -97.332652, 32.645133 ] ] ] } },
{ "type": "Feature", "properties": { "STATEFP": "48", "COUNTYFP": "439", "TRACTCE": "101201", "GEOIDFQ": "1400000US48439101201", "GEOID": "48439101201", "NAME": "1012.01", "NAMELSAD": "Census Tract 1012.01", "STUSPS": "TX", "NAMELSADCO": "Tarrant County", "STATE_NAME": "Texas", "LSAD": "CT", "ALAND": 17160748, "AWATER": 498573, "centroid_lon": -97.25223335810044, "centroid_lat": 32.776297649026937, "B03002_001E": 1826, "B03002_001M": 390, "B03002_012E": 1137, "B03002_012M": 395, "B19013_001E": 76265, "B19013_001M": 10579, "B01003_001E": 1826, "state": "48", "county": "439", "tract": "101201", "latino_share": 0.6226725082146769, "camera_count": 2, "arterial_road_m": 34520.66021515421, "land_area_km2": 17.160748, "pop_density_per_km2": 106.40561821664183, "arterial_km_per_km2": 2.0116058003505559, "log_income": 11.241969396434033, "city": "Fort Worth", "crime_count_raw": 0.0, "crime_rate_annual_per_km2_1000": 0.0 }, "geometry": { "type": "Polygon", "coordinates": [ [ [ -97.290645, 32.78097 ], [ -97.289542, 32.781788 ], [ -97.287431, 32.781809 ], [ -97.287456, 32.779601 ], [ -97.273218, 32.779597 ], [ -97.273204, 32.78044 ], [ -97.256677, 32.78042 ], [ -97.256684, 32.783727 ], [ -97.250683, 32.783663 ], [ -97.250664, 32.784171 ], [ -97.250544, 32.787558 ], [ -97.249428, 32.787581 ], [ -97.245769, 32.787618 ], [ -97.243185, 32.787005 ], [ -97.243181, 32.791106 ], [ -97.236277, 32.794055 ], [ -97.235919, 32.794218 ], [ -97.221199, 32.800452 ], [ -97.212398, 32.804208 ], [ -97.212166, 32.804305 ], [ -97.212307, 32.797901 ], [ -97.212407, 32.794428 ], [ -97.212417, 32.794176 ], [ -97.212732, 32.781337 ], [ -97.212769, 32.778329 ], [ -97.216746, 32.778022 ], [ -97.221255, 32.776987 ], [ -97.224959, 32.776829 ], [ -97.232688, 32.774786 ], [ -97.233857, 32.77414 ], [ -97.240533, 32.770308 ], [ -97.242832, 32.770165 ], [ -97.252681, 32.771116 ], [ -97.254121, 32.770789 ], [ -97.255373, 32.769981 ], [ -97.257426, 32.767802 ], [ -97.257929, 32.767398 ], [ -97.258815, 32.766925 ], [ -97.259907, 32.7629 ], [ -97.261772, 32.760143 ], [ -97.261697, 32.758089 ], [ -97.26334, 32.757741 ], [ -97.265548, 32.756861 ], [ -97.27432, 32.752128 ], [ -97.277476, 32.750937 ], [ -97.279586, 32.750439 ], [ -97.289433, 32.749685 ], [ -97.289191, 32.754694 ], [ -97.287731, 32.758218 ], [ -97.287662, 32.765251 ], [ -97.28741, 32.773911 ], [ -97.287848, 32.774853 ], [ -97.290646, 32.779094 ], [ -97.290645, 32.78097 ] ] ] } },
{ "type": "Feature", "properties": { "STATEFP": "48", "COUNTYFP": "439", "TRACTCE": "114011", "GEOIDFQ": "1400000US48439114011", "GEOID": "48439114011", "NAME": "1140.11", "NAMELSAD": "Census Tract 1140.11", "STUSPS": "TX", "NAMELSADCO": "Tarrant County", "STATE_NAME": "Texas", "LSAD": "CT", "ALAND": 3594325, "AWATER": 0, "centroid_lon": -97.417596539857641, "centroid_lat": 32.834655051865759, "B03002_001E": 7245, "B03002_001M": 986, "B03002_012E": 1753, "B03002_012M": 795, "B19013_001E": 126161, "B19013_001M": 9720, "B01003_001E": 7245, "state": "48", "county": "439", "tract": "114011", "latino_share": 0.241959972394755, "camera_count": 0, "arterial_road_m": 12303.897046039385, "land_area_km2": 3.594325, "pop_density_per_km2": 2015.6774916013437, "arterial_km_per_km2": 3.4231453878097793, "log_income": 11.745314148048118, "city": "Fort Worth", "crime_count_raw": 0.0, "crime_rate_annual_per_km2_1000": 0.0 }, "geometry": { "type": "Polygon", "coordinates": [ [ [ -97.426317, 32.852309 ], [ -97.418971, 32.852292 ], [ -97.417582, 32.852438 ], [ -97.417803, 32.839287 ], [ -97.415645, 32.836255 ], [ -97.411065, 32.83418 ], [ -97.406806, 32.83229 ], [ -97.409185, 32.828527 ], [ -97.409357, 32.827757 ], [ -97.405759, 32.821267 ], [ -97.405014, 32.818765 ], [ -97.403972, 32.817749 ], [ -97.407854, 32.816002 ], [ -97.407839, 32.821467 ], [ -97.411406, 32.821507 ], [ -97.419994, 32.821559 ], [ -97.420016, 32.823866 ], [ -97.420081, 32.827755 ], [ -97.424185, 32.831299 ], [ -97.425209, 32.832996 ], [ -97.425275, 32.836334 ], [ -97.425292, 32.840077 ], [ -97.426427, 32.844675 ], [ -97.426317, 32.852309 ] ] ] } },
{ "type": "Feature", "properties": { "STATEFP": "48", "COUNTYFP": "439", "TRACTCE": "104204", "GEOIDFQ": "1400000US48439104204", "GEOID": "48439104204", "NAME": "1042.04", "NAMELSAD": "Census Tract 1042.04", "STUSPS": "TX", "NAMELSADCO": "Tarrant County", "STATE_NAME": "Texas", "LSAD": "CT", "ALAND": 2197708, "AWATER": 0, "centroid_lon": -97.36116694714201, "centroid_lat": 32.717070299501415, "B03002_001E": 2671, "B03002_001M": 488, "B03002_012E": 78, "B03002_012M": 63, "B19013_001E": 152750, "B19013_001M": 66649, "B01003_001E": 2671, "state": "48", "county": "439", "tract": "104204", "latino_share": 0.029202545862972669, "camera_count": 0, "arterial_road_m": 6624.724144646364, "land_area_km2": 2.197708, "pop_density_per_km2": 1215.3570902048862, "arterial_km_per_km2": 3.0143786820844096, "log_income": 11.936557877033842, "city": "Fort Worth", "crime_count_raw": 0.0, "crime_rate_annual_per_km2_1000": 0.0 }, "geometry": { "type": "Polygon", "coordinates": [ [ [ -97.372825, 32.707181 ], [ -97.372058, 32.711179 ], [ -97.372462, 32.714252 ], [ -97.371045, 32.715567 ], [ -97.372183, 32.716406 ], [ -97.3715, 32.717776 ], [ -97.370294, 32.718367 ], [ -97.366752, 32.718659 ], [ -97.363774, 32.720273 ], [ -97.363337, 32.721812 ], [ -97.361343, 32.722046 ], [ -97.35987, 32.722886 ], [ -97.3587, 32.725714 ], [ -97.358175, 32.725911 ], [ -97.353828, 32.725569 ], [ -97.351818, 32.725755 ], [ -97.351951, 32.715964 ], [ -97.352057, 32.715442 ], [ -97.352096, 32.71275 ], [ -97.356134, 32.712761 ], [ -97.3572, 32.711712 ], [ -97.3572, 32.71378 ], [ -97.360419, 32.713804 ], [ -97.360436, 32.711713 ], [ -97.365432, 32.711675 ], [ -97.368631, 32.712225 ], [ -97.369775, 32.713628 ], [ -97.369994, 32.709383 ], [ -97.369174, 32.706729 ], [ -97.374024, 32.706105 ], [ -97.372825, 32.707181 ] ] ] } },
{ "type": "Feature", "properties": { "STATEFP": "48", "COUNTYFP": "439", "TRACTCE": "114013", "GEOIDFQ": "1400000US48439114013", "GEOID": "48439114013", "NAME": "1140.13", "NAMELSAD": "Census Tract 1140.13", "STUSPS": "TX", "NAMELSADCO": "Tarrant County", "STATE_NAME": "Texas", "LSAD": "CT", "ALAND": 7732888, "AWATER": 159732, "centroid_lon": -97.378319402806909, "centroid_lat": 32.83997831128405, "B03002_001E": 7820, "B03002_001M": 2510, "B03002_012E": 883, "B03002_012M": 424, "B19013_001E": 77237, "B19013_001M": 20166, "B01003_001E": 7820, "state": "48", "county": "439", "tract": "114013", "latino_share": 0.1129156010230179, "camera_count": 2, "arterial_road_m": 32903.482959017238, "land_area_km2": 7.732888, "pop_density_per_km2": 1011.2651314748125, "arterial_km_per_km2": 4.2550057571010003, "log_income": 11.254633895808874, "city": "Fort Worth", "crime_count_raw": 0.0, "crime_rate_annual_per_km2_1000": 0.0 }, "geometry": { "type": "Polygon", "coordinates": [ [ [ -97.400179, 32.852342 ], [ -97.394449, 32.852282 ], [ -97.388467, 32.851147 ], [ -97.38639, 32.84802 ], [ -97.377144, 32.847973 ], [ -97.376398, 32.847986 ], [ -97.370689, 32.847896 ], [ -97.370102, 32.847862 ], [ -97.369383, 32.847879 ], [ -97.369328, 32.847881 ], [ -97.360145, 32.847858 ], [ -97.352128, 32.8479 ], [ -97.347511, 32.842333 ], [ -97.362809, 32.836539 ], [ -97.370792, 32.833429 ], [ -97.37938, 32.829492 ], [ -97.385185, 32.826509 ], [ -97.394148, 32.822272 ], [ -97.3949, 32.823307 ], [ -97.390704, 32.825861 ], [ -97.39022, 32.82885 ], [ -97.392437, 32.82625 ], [ -97.395368, 32.830222 ], [ -97.3959, 32.833201 ], [ -97.395999, 32.83556 ], [ -97.396193, 32.839858 ], [ -97.395799, 32.840857 ], [ -97.396817, 32.842613 ], [ -97.39638, 32.84395 ], [ -97.398423, 32.847409 ], [ -97.397615, 32.848247 ], [ -97.398755, 32.85136 ], [ -97.400179, 32.852342 ] ] ] } },
{ "type": "Feature", "properties": { "STATEFP": "48", "COUNTYFP": "439", "TRACTCE": "105705", "GEOIDFQ": "1400000US48439105705", "GEOID": "48439105705", "NAME": "1057.05", "NAMELSAD": "Census Tract 1057.05", "STUSPS": "TX", "NAMELSADCO": "Tarrant County", "STATE_NAME": "Texas", "LSAD": "CT", "ALAND": 1567986, "AWATER": 0, "centroid_lon": -97.364424464990691, "centroid_lat": 32.642121752875937, "B03002_001E": 4239, "B03002_001M": 750, "B03002_012E": 2053, "B03002_012M": 614, "B19013_001E": 54556, "B19013_001M": 19979, "B01003_001E": 4239, "state": "48", "county": "439", "tract": "105705", "latino_share": 0.48431233781552252, "camera_count": 2, "arterial_road_m": 4807.5561899823451, "land_area_km2": 1.567986, "pop_density_per_km2": 2703.4680156583031, "arterial_km_per_km2": 3.0660708641418641, "log_income": 10.906982976046766, "city": "Fort Worth", "crime_count_raw": 0.0, "crime_rate_annual_per_km2_1000": 0.0 }, "geometry": { "type": "Polygon", "coordinates": [ [ [ -97.369782, 32.640224 ], [ -97.369668, 32.64369 ], [ -97.369586, 32.647436 ], [ -97.367684, 32.649625 ], [ -97.360573, 32.648943 ], [ -97.357849, 32.648669 ], [ -97.357957, 32.647844 ], [ -97.358631, 32.646563 ], [ -97.358641, 32.643172 ], [ -97.359123, 32.643138 ], [ -97.359542, 32.643126 ], [ -97.359542, 32.641878 ], [ -97.361271, 32.640925 ], [ -97.359626, 32.640909 ], [ -97.359603, 32.634804 ], [ -97.361469, 32.634802 ], [ -97.369867, 32.634832 ], [ -97.369782, 32.640224 ] ] ] } },
{ "type": "Feature", "properties": { "STATEFP": "48", "COUNTYFP": "439", "TRACTCE": "123001", "GEOIDFQ": "1400000US48439123001", "GEOID": "48439123001", "NAME": "1230.01", "NAMELSAD": "Census Tract 1230.01", "STUSPS": "TX", "NAMELSADCO": "Tarrant County", "STATE_NAME": "Texas", "LSAD": "CT", "ALAND": 2842049, "AWATER": 0, "centroid_lon": -97.43035937551123, "centroid_lat": 32.744114967028864, "B03002_001E": 2840, "B03002_001M": 549, "B03002_012E": 570, "B03002_012M": 327, "B19013_001E": 47119, "B19013_001M": 25927, "B01003_001E": 2840, "state": "48", "county": "439", "tract": "123001", "latino_share": 0.20070422535211269, "camera_count": 0, "arterial_road_m": 13574.75069443605, "land_area_km2": 2.842049, "pop_density_per_km2": 999.27904128324326, "arterial_km_per_km2": 4.7763957252095413, "log_income": 10.760431595689404, "city": "Fort Worth", "crime_count_raw": 0.0, "crime_rate_annual_per_km2_1000": 0.0 }, "geometry": { "type": "Polygon", "coordinates": [ [ [ -97.441227, 32.741367 ], [ -97.440181, 32.743412 ], [ -97.439258, 32.744914 ], [ -97.435325, 32.748789 ], [ -97.435271, 32.748845 ], [ -97.429634, 32.754158 ], [ -97.429345, 32.754425 ], [ -97.428404, 32.753562 ], [ -97.415676, 32.753935 ], [ -97.414993, 32.752851 ], [ -97.413946, 32.751238 ], [ -97.414453, 32.750932 ], [ -97.417714, 32.751956 ], [ -97.419999, 32.750924 ], [ -97.420329, 32.749018 ], [ -97.423897, 32.750354 ], [ -97.426247, 32.7488 ], [ -97.424497, 32.741664 ], [ -97.424608, 32.740029 ], [ -97.425045, 32.737819 ], [ -97.424151, 32.734609 ], [ -97.424158, 32.734326 ], [ -97.425672, 32.734311 ], [ -97.427841, 32.734616 ], [ -97.428771, 32.734737 ], [ -97.434348, 32.735484 ], [ -97.439148, 32.736157 ], [ -97.440678, 32.736466 ], [ -97.440822, 32.736497 ], [ -97.440776, 32.738138 ], [ -97.441291, 32.740321 ], [ -97.441227, 32.741367 ] ] ] } }
]
}
