{
"type": "FeatureCollection",
"name": "kansas_city_tracts_analysis_table",
"crs": { "type": "name", "properties": { "name": "urn:ogc:def:crs:EPSG::4269" } },
"features": [
{ "type": "Feature", "properties": { "STATEFP": "29", "COUNTYFP": "095", "TRACTCE": "005300", "GEOIDFQ": "1400000US29095005300", "GEOID": "29095005300", "NAME": "53", "NAMELSAD": "Census Tract 53", "STUSPS": "MO", "NAMELSADCO": "Jackson County", "STATE_NAME": "Missouri", "LSAD": "CT", "ALAND": 640113, "AWATER": 0, "centroid_lon": -94.567286161743539, "centroid_lat": 39.059505177360535, "B03002_001E": 1307, "B03002_001M": 321, "B03002_012E": 101, "B03002_012M": 96, "B19013_001E": -666666666, "B19013_001M": -222222222, "B01003_001E": 1307, "state": "29", "county": "095", "tract": "005300", "latino_share": 0.077276205049732205, "camera_count": 3, "arterial_road_m": 1987.4496356739653, "land_area_km2": 0.640113, "pop_density_per_km2": 2041.8269899220918, "arterial_km_per_km2": 3.1048418571001761, "log_income": null, "city": "Kansas City" }, "geometry": { "type": "Polygon", "coordinates": [ [ [ -94.571818, 39.061403 ], [ -94.571723, 39.063246 ], [ -94.56938, 39.063167 ], [ -94.568377, 39.063136 ], [ -94.567098, 39.063097 ], [ -94.562457, 39.062937 ], [ -94.562865, 39.055749 ], [ -94.567486, 39.055915 ], [ -94.568682, 39.055965 ], [ -94.57212, 39.05608 ], [ -94.571818, 39.061403 ] ] ] } },
{ "type": "Feature", "properties": { "STATEFP": "29", "COUNTYFP": "095", "TRACTCE": "007400", "GEOIDFQ": "1400000US29095007400", "GEOID": "29095007400", "NAME": "74", "NAMELSAD": "Census Tract 74", "STUSPS": "MO", "NAMELSADCO": "Jackson County", "STATE_NAME": "Missouri", "LSAD": "CT", "ALAND": 2275927, "AWATER": 0, "centroid_lon": -94.582050359205169, "centroid_lat": 39.033965439746609, "B03002_001E": 4154, "B03002_001M": 432, "B03002_012E": 265, "B03002_012M": 125, "B19013_001E": 109907, "B19013_001M": 22799, "B01003_001E": 4154, "state": "29", "county": "095", "tract": "007400", "latino_share": 0.063793933558016366, "camera_count": 5, "arterial_road_m": 8324.6423845797581, "land_area_km2": 2.275927, "pop_density_per_km2": 1825.1903510086222, "arterial_km_per_km2": 3.6576930563149688, "log_income": 11.607389832630835, "city": "Kansas City" }, "geometry": { "type": "Polygon", "coordinates": [ [ [ -94.592004, 39.03418 ], [ -94.591726, 39.038685 ], [ -94.590319, 39.038749 ], [ -94.587129, 39.038522 ], [ -94.584887, 39.038455 ], [ -94.584319, 39.038621 ], [ -94.582477, 39.038679 ], [ -94.5823, 39.041964 ], [ -94.572942, 39.041669 ], [ -94.573365, 39.034457 ], [ -94.573794, 39.027183 ], [ -94.578445, 39.027347 ], [ -94.583071, 39.027508 ], [ -94.58478, 39.027565 ], [ -94.592367, 39.027833 ], [ -94.592004, 39.03418 ] ] ] } },
{ "type": "Feature", "properties": { "STATEFP": "29", "COUNTYFP": "095", "TRACTCE": "010105", "GEOIDFQ": "1400000US29095010105", "GEOID": "29095010105", "NAME": "101.05", "NAMELSAD": "Census Tract 101.05", "STUSPS": "MO", "NAMELSADCO": "Jackson County", "STATE_NAME": "Missouri", "LSAD": "CT", "ALAND": 3259474, "AWATER": 4783, "centroid_lon": -94.601073131314465, "centroid_lat": 38.925753412402244, "B03002_001E": 3674, "B03002_001M": 486, "B03002_012E": 378, "B03002_012M": 202, "B19013_001E": 67917, "B19013_001M": 6954, "B01003_001E": 3674, "state": "29", "county": "095", "tract": "010105", "latino_share": 0.10288513881328253, "camera_count": 1, "arterial_road_m": 6186.2171219353331, "land_area_km2": 3.259474, "pop_density_per_km2": 1127.1757344896753, "arterial_km_per_km2": 1.8979188427136811, "log_income": 11.126041650398415, "city": "Kansas City" }, "geometry": { "type": "Polygon", "coordinates": [ [ [ -94.607995565069103, 38.9199235407172 ], [ -94.607995200775704, 38.920275004354103 ], [ -94.607985907151303, 38.929241324209997 ], [ -94.607979799363306, 38.935134007047601 ], [ -94.607978023842804, 38.9368469969152 ], [ -94.607978022843497, 38.936847961007999 ], [ -94.598658, 38.93983 ], [ -94.596676, 38.940298 ], [ -94.596919, 38.935347 ], [ -94.595985, 38.933204 ], [ -94.592513, 38.926407 ], [ -94.593008, 38.919938 ], [ -94.593086, 38.919191 ], [ -94.593296, 38.916353 ], [ -94.603641, 38.913123 ], [ -94.608002819766796, 38.912924340284299 ], [ -94.607995565069103, 38.9199235407172 ] ] ] } },
{ "type": "Feature", "properties": { "STATEFP": "29", "COUNTYFP": "095", "TRACTCE": "009000", "GEOIDFQ": "1400000US29095009000", "GEOID": "29095009000", "NAME": "90", "NAMELSAD": "Census Tract 90", "STUSPS": "MO", "NAMELSADCO": "Jackson County", "STATE_NAME": "Missouri", "LSAD": "CT", "ALAND": 2870556, "AWATER": 0, "centroid_lon": -94.565263133330831, "centroid_lat": 38.991137264911181, "B03002_001E": 3687, "B03002_001M": 893, "B03002_012E": 469, "B03002_012M": 376, "B19013_001E": 63608, "B19013_001M": 9211, "B01003_001E": 3687, "state": "29", "county": "095", "tract": "009000", "latino_share": 0.12720368863574721, "camera_count": 6, "arterial_road_m": 12203.813211287412, "land_area_km2": 2.870556, "pop_density_per_km2": 1284.4201611116453, "arterial_km_per_km2": 4.2513761136474653, "log_income": 11.060494527581319, "city": "Kansas City" }, "geometry": { "type": "Polygon", "coordinates": [ [ [ -94.576007, 38.984711 ], [ -94.57585, 38.987941 ], [ -94.57567, 38.991557 ], [ -94.575305, 38.998797 ], [ -94.564362, 38.99834 ], [ -94.564037, 38.998329 ], [ -94.561493, 38.998233 ], [ -94.556748, 38.998031 ], [ -94.556034, 38.997976 ], [ -94.556085, 38.995198 ], [ -94.553062, 38.990875 ], [ -94.552036, 38.986924 ], [ -94.556831, 38.987149 ], [ -94.557505, 38.986198 ], [ -94.557625, 38.983555 ], [ -94.562224, 38.983773 ], [ -94.566854, 38.983946 ], [ -94.576025, 38.984334 ], [ -94.576007, 38.984711 ] ] ] } },
{ "type": "Feature", "properties": { "STATEFP": "29", "COUNTYFP": "095", "TRACTCE": "007900", "GEOIDFQ": "1400000US29095007900", "GEOID": "29095007900", "NAME": "79", "NAMELSAD": "Census Tract 79", "STUSPS": "MO", "NAMELSADCO": "Jackson County", "STATE_NAME": "Missouri", "LSAD": "CT", "ALAND": 2404109, "AWATER": 0, "centroid_lon": -94.545907971070534, "centroid_lat": 39.01911056394983, "B03002_001E": 3625, "B03002_001M": 765, "B03002_012E": 208, "B03002_012M": 204, "B19013_001E": 28422, "B19013_001M": 6745, "B01003_001E": 3625, "state": "29", "county": "095", "tract": "007900", "latino_share": 0.057379310344827586, "camera_count": 2, "arterial_road_m": 10232.261325860187, "land_area_km2": 2.404109, "pop_density_per_km2": 1507.8351272758432, "arterial_km_per_km2": 4.2561553265098153, "log_income": 10.254918772151807, "city": "Kansas City" }, "geometry": { "type": "Polygon", "coordinates": [ [ [ -94.555137, 39.012946 ], [ -94.55479, 39.019272 ], [ -94.554289, 39.0265 ], [ -94.552863, 39.026452 ], [ -94.54191, 39.026079 ], [ -94.541361, 39.026059 ], [ -94.536719, 39.025898 ], [ -94.5369, 39.022646 ], [ -94.537569, 39.011486 ], [ -94.54126, 39.011691 ], [ -94.542364, 39.011909 ], [ -94.555231, 39.012448 ], [ -94.555137, 39.012946 ] ] ] } },
{ "type": "Feature", "properties": { "STATEFP": "29", "COUNTYFP": "095", "TRACTCE": "000700", "GEOIDFQ": "1400000US29095000700", "GEOID": "29095000700", "NAME": "7", "NAMELSAD": "Census Tract 7", "STUSPS": "MO", "NAMELSADCO": "Jackson County", "STATE_NAME": "Missouri", "LSAD": "CT", "ALAND": 1314378, "AWATER": 0, "centroid_lon": -94.523308508256321, "centroid_lat": 39.112719645527861, "B03002_001E": 4329, "B03002_001M": 610, "B03002_012E": 1522, "B03002_012M": 460, "B19013_001E": 43961, "B19013_001M": 9735, "B01003_001E": 4329, "state": "29", "county": "095", "tract": "000700", "latino_share": 0.35158235158235157, "camera_count": 6, "arterial_road_m": 5310.6867934951606, "land_area_km2": 1.314378, "pop_density_per_km2": 3293.5730817162184, "arterial_km_per_km2": 4.0404562412754634, "log_income": 10.691058156211511, "city": "Kansas City" }, "geometry": { "type": "Polygon", "coordinates": [ [ [ -94.528375, 39.105544 ], [ -94.527989, 39.112775 ], [ -94.527709, 39.118227 ], [ -94.527449, 39.12004 ], [ -94.518209, 39.120063 ], [ -94.518318, 39.118645 ], [ -94.518686, 39.11247 ], [ -94.518905, 39.108846 ], [ -94.519107, 39.105208 ], [ -94.52799, 39.105529 ], [ -94.528375, 39.105544 ] ] ] } },
{ "type": "Feature", "properties": { "STATEFP": "29", "COUNTYFP": "095", "TRACTCE": "016200", "GEOIDFQ": "1400000US29095016200", "GEOID": "29095016200", "NAME": "162", "NAMELSAD": "Census Tract 162", "STUSPS": "MO", "NAMELSADCO": "Jackson County", "STATE_NAME": "Missouri", "LSAD": "CT", "ALAND": 1329835, "AWATER": 4529, "centroid_lon": -94.566212036790219, "centroid_lat": 39.077477169858255, "B03002_001E": 2043, "B03002_001M": 343, "B03002_012E": 316, "B03002_012M": 195, "B19013_001E": 24250, "B19013_001M": 23067, "B01003_001E": 2043, "state": "29", "county": "095", "tract": "016200", "latino_share": 0.15467449828683308, "camera_count": 6, "arterial_road_m": 10742.702916283633, "land_area_km2": 1.329835, "pop_density_per_km2": 1536.2808167930607, "arterial_km_per_km2": 8.0782224232958466, "log_income": 10.096171896365629, "city": "Kansas City" }, "geometry": { "type": "Polygon", "coordinates": [ [ [ -94.571049, 39.076108 ], [ -94.57097, 39.077726 ], [ -94.570779, 39.081322 ], [ -94.570583, 39.084957 ], [ -94.565818, 39.08479 ], [ -94.561317, 39.085113 ], [ -94.561346, 39.084641 ], [ -94.561708, 39.077401 ], [ -94.562583, 39.077432 ], [ -94.560491, 39.070129 ], [ -94.562091, 39.070185 ], [ -94.56683, 39.070348 ], [ -94.570009, 39.070457 ], [ -94.571313, 39.070502 ], [ -94.571049, 39.076108 ] ] ] } },
{ "type": "Feature", "properties": { "STATEFP": "29", "COUNTYFP": "095", "TRACTCE": "003800", "GEOIDFQ": "1400000US29095003800", "GEOID": "29095003800", "NAME": "38", "NAMELSAD": "Census Tract 38", "STUSPS": "MO", "NAMELSADCO": "Jackson County", "STATE_NAME": "Missouri", "LSAD": "CT", "ALAND": 639168, "AWATER": 0, "centroid_lon": -94.548057018604666, "centroid_lat": 39.073321986109676, "B03002_001E": 1972, "B03002_001M": 485, "B03002_012E": 58, "B03002_012M": 54, "B19013_001E": 31136, "B19013_001M": 17994, "B01003_001E": 1972, "state": "29", "county": "095", "tract": "003800", "latino_share": 0.029411764705882353, "camera_count": 3, "arterial_road_m": 2709.9702980179673, "land_area_km2": 0.639168, "pop_density_per_km2": 3085.2608390908181, "arterial_km_per_km2": 4.2398403831511713, "log_income": 10.346119984985732, "city": "Kansas City" }, "geometry": { "type": "Polygon", "coordinates": [ [ [ -94.552639, 39.073808 ], [ -94.55248, 39.077094 ], [ -94.54327, 39.076773 ], [ -94.543444, 39.073413 ], [ -94.543626, 39.069558 ], [ -94.54823, 39.069711 ], [ -94.552845, 39.069866 ], [ -94.552639, 39.073808 ] ] ] } },
{ "type": "Feature", "properties": { "STATEFP": "29", "COUNTYFP": "095", "TRACTCE": "004600", "GEOIDFQ": "1400000US29095004600", "GEOID": "29095004600", "NAME": "46", "NAMELSAD": "Census Tract 46", "STUSPS": "MO", "NAMELSADCO": "Jackson County", "STATE_NAME": "Missouri", "LSAD": "CT", "ALAND": 1713177, "AWATER": 0, "centroid_lon": -94.601151753932442, "centroid_lat": 39.064479140224869, "B03002_001E": 2535, "B03002_001M": 326, "B03002_012E": 325, "B03002_012M": 199, "B19013_001E": 67000, "B19013_001M": 12445, "B01003_001E": 2535, "state": "29", "county": "095", "tract": "004600", "latino_share": 0.12820512820512819, "camera_count": 4, "arterial_road_m": 4115.6516740465104, "land_area_km2": 1.713177, "pop_density_per_km2": 1479.7070005025751, "arterial_km_per_km2": 2.4023505300657848, "log_income": 11.112447898373103, "city": "Kansas City" }, "geometry": { "type": "Polygon", "coordinates": [ [ [ -94.6072837323903, 39.061910865379701 ], [ -94.607234, 39.065704 ], [ -94.607275304036506, 39.0723126458441 ], [ -94.605702, 39.071775 ], [ -94.594608, 39.071411 ], [ -94.594482, 39.071405 ], [ -94.594923, 39.065871 ], [ -94.594991, 39.06485 ], [ -94.595501, 39.056909 ], [ -94.599798, 39.057075 ], [ -94.602637, 39.057173 ], [ -94.607343702392697, 39.057336898781003 ], [ -94.6072837323903, 39.061910865379701 ] ] ] } },
{ "type": "Feature", "properties": { "STATEFP": "29", "COUNTYFP": "095", "TRACTCE": "005100", "GEOIDFQ": "1400000US29095005100", "GEOID": "29095005100", "NAME": "51", "NAMELSAD": "Census Tract 51", "STUSPS": "MO", "NAMELSADCO": "Jackson County", "STATE_NAME": "Missouri", "LSAD": "CT", "ALAND": 725900, "AWATER": 0, "centroid_lon": -94.578978042914912, "centroid_lat": 39.059015277091646, "B03002_001E": 1693, "B03002_001M": 197, "B03002_012E": 148, "B03002_012M": 85, "B19013_001E": 79375, "B19013_001M": 16819, "B01003_001E": 1693, "state": "29", "county": "095", "tract": "005100", "latino_share": 0.087418783225044303, "camera_count": 4, "arterial_road_m": 2979.5055696211748, "land_area_km2": 0.7259, "pop_density_per_km2": 2332.2771731643479, "arterial_km_per_km2": 4.1045675294409349, "log_income": 11.281938736194993, "city": "Kansas City" }, "geometry": { "type": "Polygon", "coordinates": [ [ [ -94.585893, 39.06018 ], [ -94.585784, 39.061983 ], [ -94.582271, 39.061861 ], [ -94.581607, 39.061837 ], [ -94.571818, 39.061403 ], [ -94.57212, 39.05608 ], [ -94.58, 39.056349 ], [ -94.586105, 39.056576 ], [ -94.585893, 39.06018 ] ] ] } },
{ "type": "Feature", "properties": { "STATEFP": "29", "COUNTYFP": "095", "TRACTCE": "006000", "GEOIDFQ": "1400000US29095006000", "GEOID": "29095006000", "NAME": "60", "NAMELSAD": "Census Tract 60", "STUSPS": "MO", "NAMELSADCO": "Jackson County", "STATE_NAME": "Missouri", "LSAD": "CT", "ALAND": 1108088, "AWATER": 0, "centroid_lon": -94.540385462283723, "centroid_lat": 39.048613587060935, "B03002_001E": 1489, "B03002_001M": 434, "B03002_012E": 346, "B03002_012M": 291, "B19013_001E": 42418, "B19013_001M": 10188, "B01003_001E": 1489, "state": "29", "county": "095", "tract": "006000", "latino_share": 0.23237071860308933, "camera_count": 0, "arterial_road_m": 3422.6811593641478, "land_area_km2": 1.108088, "pop_density_per_km2": 1343.7560915739546, "arterial_km_per_km2": 3.0888170969852107, "log_income": 10.655328079435291, "city": "Kansas City" }, "geometry": { "type": "Polygon", "coordinates": [ [ [ -94.544373, 39.055122 ], [ -94.539783, 39.054972 ], [ -94.53517, 39.054831 ], [ -94.535742, 39.043967 ], [ -94.540323, 39.044104 ], [ -94.540517, 39.040514 ], [ -94.543214, 39.040582 ], [ -94.545043, 39.042157 ], [ -94.544373, 39.055122 ] ] ] } },
{ "type": "Feature", "properties": { "STATEFP": "29", "COUNTYFP": "095", "TRACTCE": "006600", "GEOIDFQ": "1400000US29095006600", "GEOID": "29095006600", "NAME": "66", "NAMELSAD": "Census Tract 66", "STUSPS": "MO", "NAMELSADCO": "Jackson County", "STATE_NAME": "Missouri", "LSAD": "CT", "ALAND": 969928, "AWATER": 0, "centroid_lon": -94.57969975217614, "centroid_lat": 39.045489970410806, "B03002_001E": 1898, "B03002_001M": 206, "B03002_012E": 174, "B03002_012M": 88, "B19013_001E": 78015, "B19013_001M": 14081, "B01003_001E": 1898, "state": "29", "county": "095", "tract": "006600", "latino_share": 0.091675447839831406, "camera_count": 1, "arterial_road_m": 4574.3252677446926, "land_area_km2": 0.969928, "pop_density_per_km2": 1956.8462813734627, "arterial_km_per_km2": 4.7161493097886567, "log_income": 11.264656394875283, "city": "Kansas City" }, "geometry": { "type": "Polygon", "coordinates": [ [ [ -94.586799, 39.042215 ], [ -94.586536, 39.049331 ], [ -94.583024, 39.049235 ], [ -94.581576, 39.04926 ], [ -94.579669, 39.048593 ], [ -94.578721, 39.049099 ], [ -94.572529, 39.04891 ], [ -94.572942, 39.041669 ], [ -94.5823, 39.041964 ], [ -94.586735, 39.042101 ], [ -94.586799, 39.042215 ] ] ] } },
{ "type": "Feature", "properties": { "STATEFP": "29", "COUNTYFP": "095", "TRACTCE": "007500", "GEOIDFQ": "1400000US29095007500", "GEOID": "29095007500", "NAME": "75", "NAMELSAD": "Census Tract 75", "STUSPS": "MO", "NAMELSADCO": "Jackson County", "STATE_NAME": "Missouri", "LSAD": "CT", "ALAND": 1272495, "AWATER": 0, "centroid_lon": -94.568769755031809, "centroid_lat": 39.034117129298409, "B03002_001E": 2799, "B03002_001M": 352, "B03002_012E": 183, "B03002_012M": 72, "B19013_001E": 56750, "B19013_001M": 19529, "B01003_001E": 2799, "state": "29", "county": "095", "tract": "007500", "latino_share": 0.065380493033226156, "camera_count": 12, "arterial_road_m": 6308.7815739636608, "land_area_km2": 1.272495, "pop_density_per_km2": 2199.6157155823798, "arterial_km_per_km2": 4.9578046074551656, "log_income": 10.94641093534365, "city": "Kansas City" }, "geometry": { "type": "Polygon", "coordinates": [ [ [ -94.573365, 39.034457 ], [ -94.572942, 39.041669 ], [ -94.569655, 39.041608 ], [ -94.568296, 39.041714 ], [ -94.568317, 39.041353 ], [ -94.568389, 39.039777 ], [ -94.566991, 39.040857 ], [ -94.563694, 39.04103 ], [ -94.564065, 39.03414 ], [ -94.564262, 39.0305 ], [ -94.564493, 39.026861 ], [ -94.565659, 39.026905 ], [ -94.567966, 39.02699 ], [ -94.573794, 39.027183 ], [ -94.573365, 39.034457 ] ] ] } },
{ "type": "Feature", "properties": { "STATEFP": "29", "COUNTYFP": "095", "TRACTCE": "008300", "GEOIDFQ": "1400000US29095008300", "GEOID": "29095008300", "NAME": "83", "NAMELSAD": "Census Tract 83", "STUSPS": "MO", "NAMELSADCO": "Jackson County", "STATE_NAME": "Missouri", "LSAD": "CT", "ALAND": 1240603, "AWATER": 0, "centroid_lon": -94.588115276842146, "centroid_lat": 39.020761382698709, "B03002_001E": 2631, "B03002_001M": 230, "B03002_012E": 133, "B03002_012M": 66, "B19013_001E": 169583, "B19013_001M": 19387, "B01003_001E": 2631, "state": "29", "county": "095", "tract": "008300", "latino_share": 0.050551121246674269, "camera_count": 0, "arterial_road_m": 3885.5532270059948, "land_area_km2": 1.240603, "pop_density_per_km2": 2120.7428968009913, "arterial_km_per_km2": 3.1319876116743188, "log_income": 12.041097761466935, "city": "Kansas City" }, "geometry": { "type": "Polygon", "coordinates": [ [ [ -94.593074, 39.017148 ], [ -94.592574, 39.02423 ], [ -94.592367, 39.027833 ], [ -94.58478, 39.027565 ], [ -94.583071, 39.027508 ], [ -94.583281, 39.023888 ], [ -94.583487, 39.020267 ], [ -94.583618, 39.01699 ], [ -94.583796, 39.013667 ], [ -94.591455, 39.014033 ], [ -94.593153, 39.014125 ], [ -94.593074, 39.017148 ] ] ] } },
{ "type": "Feature", "properties": { "STATEFP": "29", "COUNTYFP": "095", "TRACTCE": "009300", "GEOIDFQ": "1400000US29095009300", "GEOID": "29095009300", "NAME": "93", "NAMELSAD": "Census Tract 93", "STUSPS": "MO", "NAMELSADCO": "Jackson County", "STATE_NAME": "Missouri", "LSAD": "CT", "ALAND": 1846565, "AWATER": 0, "centroid_lon": -94.601388268763955, "centroid_lat": 38.981610137356306, "B03002_001E": 2468, "B03002_001M": 298, "B03002_012E": 200, "B03002_012M": 93, "B19013_001E": 76356, "B19013_001M": 14793, "B01003_001E": 2468, "state": "29", "county": "095", "tract": "009300", "latino_share": 0.081037277147487846, "camera_count": 1, "arterial_road_m": 7342.8276057754501, "land_area_km2": 1.846565, "pop_density_per_km2": 1336.5356757005575, "arterial_km_per_km2": 3.9764793580380058, "log_income": 11.243161893020792, "city": "Kansas City" }, "geometry": { "type": "Polygon", "coordinates": [ [ [ -94.608334, 38.981806 ], [ -94.608300616654702, 38.984352178091697 ], [ -94.608283832015204, 38.985632357806097 ], [ -94.608257739496494, 38.987622457930399 ], [ -94.603662, 38.988606 ], [ -94.60364, 38.989093 ], [ -94.594368, 38.988716 ], [ -94.594546, 38.985066 ], [ -94.595078, 38.974192 ], [ -94.602035, 38.974476 ], [ -94.608298290742894, 38.974699857835503 ], [ -94.608318515554799, 38.9787245953992 ], [ -94.608334, 38.981806 ] ] ] } },
{ "type": "Feature", "properties": { "STATEFP": "29", "COUNTYFP": "095", "TRACTCE": "017300", "GEOIDFQ": "1400000US29095017300", "GEOID": "29095017300", "NAME": "173", "NAMELSAD": "Census Tract 173", "STUSPS": "MO", "NAMELSADCO": "Jackson County", "STATE_NAME": "Missouri", "LSAD": "CT", "ALAND": 4734408, "AWATER": 0, "centroid_lon": -94.583113732885707, "centroid_lat": 38.930700713441176, "B03002_001E": 3355, "B03002_001M": 420, "B03002_012E": 178, "B03002_012M": 125, "B19013_001E": 92963, "B19013_001M": 7740, "B01003_001E": 3355, "state": "29", "county": "095", "tract": "017300", "latino_share": 0.053055141579731742, "camera_count": 0, "arterial_road_m": 12516.166828435107, "land_area_km2": 4.734408, "pop_density_per_km2": 708.64192524176201, "arterial_km_per_km2": 2.6436603749476402, "log_income": 11.439956843509933, "city": "Kansas City" }, "geometry": { "type": "Polygon", "coordinates": [ [ [ -94.596676, 38.940298 ], [ -94.596665, 38.940518 ], [ -94.592624, 38.940949 ], [ -94.582644, 38.940386 ], [ -94.574677, 38.940024 ], [ -94.567702, 38.939695 ], [ -94.56898, 38.9355 ], [ -94.570228, 38.933245 ], [ -94.571978, 38.930438 ], [ -94.572203, 38.92999 ], [ -94.573115, 38.927571 ], [ -94.573498, 38.925363 ], [ -94.574238, 38.918149 ], [ -94.583916, 38.918577 ], [ -94.583691, 38.921261 ], [ -94.588419, 38.921569 ], [ -94.589659, 38.921301 ], [ -94.589942, 38.91978 ], [ -94.589999, 38.918946 ], [ -94.590003, 38.918847 ], [ -94.590126, 38.917794 ], [ -94.593296, 38.916353 ], [ -94.593086, 38.919191 ], [ -94.593008, 38.919938 ], [ -94.592513, 38.926407 ], [ -94.595985, 38.933204 ], [ -94.596919, 38.935347 ], [ -94.596676, 38.940298 ] ] ] } },
{ "type": "Feature", "properties": { "STATEFP": "29", "COUNTYFP": "095", "TRACTCE": "000900", "GEOIDFQ": "1400000US29095000900", "GEOID": "29095000900", "NAME": "9", "NAMELSAD": "Census Tract 9", "STUSPS": "MO", "NAMELSADCO": "Jackson County", "STATE_NAME": "Missouri", "LSAD": "CT", "ALAND": 1403890, "AWATER": 0, "centroid_lon": -94.54240073701915, "centroid_lat": 39.112729103655489, "B03002_001E": 3085, "B03002_001M": 774, "B03002_012E": 1405, "B03002_012M": 648, "B19013_001E": 51059, "B19013_001M": 2539, "B01003_001E": 3085, "state": "29", "county": "095", "tract": "000900", "latino_share": 0.45542949756888168, "camera_count": 7, "arterial_road_m": 5317.2257565060827, "land_area_km2": 1.40389, "pop_density_per_km2": 2197.4656134027596, "arterial_km_per_km2": 3.7874945732971117, "log_income": 10.840737105801496, "city": "Kansas City" }, "geometry": { "type": "Polygon", "coordinates": [ [ [ -94.548174, 39.110909 ], [ -94.548152, 39.113575 ], [ -94.548026, 39.117348 ], [ -94.548182, 39.118183 ], [ -94.538426, 39.119655 ], [ -94.537194, 39.119739 ], [ -94.535804, 39.119799 ], [ -94.536099, 39.11713 ], [ -94.536142, 39.115107 ], [ -94.537153, 39.115143 ], [ -94.537272, 39.113081 ], [ -94.537526, 39.107659 ], [ -94.537657, 39.105841 ], [ -94.544071, 39.106088 ], [ -94.54695, 39.106181 ], [ -94.548484, 39.106223 ], [ -94.548174, 39.110909 ] ] ] } },
{ "type": "Feature", "properties": { "STATEFP": "29", "COUNTYFP": "095", "TRACTCE": "002300", "GEOIDFQ": "1400000US29095002300", "GEOID": "29095002300", "NAME": "23", "NAMELSAD": "Census Tract 23", "STUSPS": "MO", "NAMELSADCO": "Jackson County", "STATE_NAME": "Missouri", "LSAD": "CT", "ALAND": 1461549, "AWATER": 0, "centroid_lon": -94.53271279431118, "centroid_lat": 39.090702099189144, "B03002_001E": 2215, "B03002_001M": 527, "B03002_012E": 1000, "B03002_012M": 549, "B19013_001E": 31269, "B19013_001M": 3093, "B01003_001E": 2215, "state": "29", "county": "095", "tract": "002300", "latino_share": 0.45146726862302483, "camera_count": 4, "arterial_road_m": 4336.917397883758, "land_area_km2": 1.461549, "pop_density_per_km2": 1515.5153881258857, "arterial_km_per_km2": 2.967343139288356, "log_income": 10.350382470407432, "city": "Kansas City" }, "geometry": { "type": "Polygon", "coordinates": [ [ [ -94.538025, 39.090234 ], [ -94.53802, 39.090331 ], [ -94.537973, 39.091112 ], [ -94.537834, 39.094165 ], [ -94.537758, 39.095038 ], [ -94.537609, 39.098364 ], [ -94.536687, 39.098329 ], [ -94.535992, 39.098302 ], [ -94.534627, 39.098249 ], [ -94.529757, 39.098083 ], [ -94.529388, 39.098076 ], [ -94.528347, 39.098053 ], [ -94.528862, 39.094181 ], [ -94.526716, 39.0942 ], [ -94.526874, 39.090734 ], [ -94.526917, 39.089983 ], [ -94.527591, 39.083533 ], [ -94.52854, 39.083566 ], [ -94.533736, 39.0837 ], [ -94.538353, 39.083845 ], [ -94.538025, 39.090234 ] ] ] } },
{ "type": "Feature", "properties": { "STATEFP": "29", "COUNTYFP": "095", "TRACTCE": "008000", "GEOIDFQ": "1400000US29095008000", "GEOID": "29095008000", "NAME": "80", "NAMELSAD": "Census Tract 80", "STUSPS": "MO", "NAMELSADCO": "Jackson County", "STATE_NAME": "Missouri", "LSAD": "CT", "ALAND": 1598117, "AWATER": 0, "centroid_lon": -94.560811387905261, "centroid_lat": 39.019210650599412, "B03002_001E": 3083, "B03002_001M": 715, "B03002_012E": 27, "B03002_012M": 46, "B19013_001E": 43351, "B19013_001M": 10164, "B01003_001E": 3083, "state": "29", "county": "095", "tract": "008000", "latino_share": 0.008757703535517353, "camera_count": 7, "arterial_road_m": 4141.2216504807529, "land_area_km2": 1.598117, "pop_density_per_km2": 1929.1453629490206, "arterial_km_per_km2": 2.5913131832530114, "log_income": 10.677085049993375, "city": "Kansas City" }, "geometry": { "type": "Polygon", "coordinates": [ [ [ -94.568672, 39.013972 ], [ -94.568398, 39.01975 ], [ -94.564947, 39.01963 ], [ -94.564493, 39.026861 ], [ -94.561007, 39.026738 ], [ -94.559827, 39.026699 ], [ -94.555166, 39.026535 ], [ -94.554289, 39.0265 ], [ -94.55479, 39.019272 ], [ -94.555137, 39.012946 ], [ -94.555231, 39.012448 ], [ -94.559438, 39.012632 ], [ -94.568156, 39.012999 ], [ -94.568858, 39.013026 ], [ -94.568672, 39.013972 ] ] ] } },
{ "type": "Feature", "properties": { "STATEFP": "29", "COUNTYFP": "095", "TRACTCE": "013203", "GEOIDFQ": "1400000US29095013203", "GEOID": "29095013203", "NAME": "132.03", "NAMELSAD": "Census Tract 132.03", "STUSPS": "MO", "NAMELSADCO": "Jackson County", "STATE_NAME": "Missouri", "LSAD": "CT", "ALAND": 2078856, "AWATER": 0, "centroid_lon": -94.502497252478591, "centroid_lat": 38.922499949336697, "B03002_001E": 4135, "B03002_001M": 957, "B03002_012E": 473, "B03002_012M": 271, "B19013_001E": 46426, "B19013_001M": 1541, "B01003_001E": 4135, "state": "29", "county": "095", "tract": "013203", "latino_share": 0.11438935912938332, "camera_count": 1, "arterial_road_m": 3637.5060015287022, "land_area_km2": 2.078856, "pop_density_per_km2": 1989.074760348961, "arterial_km_per_km2": 1.7497633321060728, "log_income": 10.745614926107391, "city": "Kansas City" }, "geometry": { "type": "Polygon", "coordinates": [ [ [ -94.511429, 38.917202 ], [ -94.509309, 38.922436 ], [ -94.508141, 38.926396 ], [ -94.507726, 38.929677 ], [ -94.507737, 38.930535 ], [ -94.494201, 38.930002 ], [ -94.493741, 38.929986 ], [ -94.494208, 38.924157 ], [ -94.495645, 38.924194 ], [ -94.496252, 38.920434 ], [ -94.496697, 38.915327 ], [ -94.496594, 38.914751 ], [ -94.505286, 38.914979 ], [ -94.505721, 38.914992 ], [ -94.513293, 38.915457 ], [ -94.511429, 38.917202 ] ] ] } },
{ "type": "Feature", "properties": { "STATEFP": "29", "COUNTYFP": "095", "TRACTCE": "004400", "GEOIDFQ": "1400000US29095004400", "GEOID": "29095004400", "NAME": "44", "NAMELSAD": "Census Tract 44", "STUSPS": "MO", "NAMELSADCO": "Jackson County", "STATE_NAME": "Missouri", "LSAD": "CT", "ALAND": 1749557, "AWATER": 4803, "centroid_lon": -94.587074066994674, "centroid_lat": 39.077534939457436, "B03002_001E": 1665, "B03002_001M": 225, "B03002_012E": 88, "B03002_012M": 48, "B19013_001E": 90565, "B19013_001M": 11943, "B01003_001E": 1665, "state": "29", "county": "095", "tract": "004400", "latino_share": 0.05285285285285285, "camera_count": 5, "arterial_road_m": 13073.596954049875, "land_area_km2": 1.749557, "pop_density_per_km2": 951.66947975973346, "arterial_km_per_km2": 7.4725184455550036, "log_income": 11.413823103927017, "city": "Kansas City" }, "geometry": { "type": "Polygon", "coordinates": [ [ [ -94.594608, 39.071411 ], [ -94.593972, 39.078678 ], [ -94.59434, 39.080628 ], [ -94.59388, 39.083735 ], [ -94.592873, 39.084017 ], [ -94.592643, 39.08408 ], [ -94.589208, 39.085337 ], [ -94.589256, 39.08338 ], [ -94.583299, 39.084108 ], [ -94.579924, 39.083895 ], [ -94.578616, 39.081632 ], [ -94.580607, 39.081678 ], [ -94.580835, 39.078184 ], [ -94.579384, 39.075574 ], [ -94.580043, 39.070835 ], [ -94.58532, 39.071032 ], [ -94.594482, 39.071405 ], [ -94.594608, 39.071411 ] ] ] } },
{ "type": "Feature", "properties": { "STATEFP": "29", "COUNTYFP": "095", "TRACTCE": "016100", "GEOIDFQ": "1400000US29095016100", "GEOID": "29095016100", "NAME": "161", "NAMELSAD": "Census Tract 161", "STUSPS": "MO", "NAMELSADCO": "Jackson County", "STATE_NAME": "Missouri", "LSAD": "CT", "ALAND": 2438633, "AWATER": 0, "centroid_lon": -94.56117941886383, "centroid_lat": 39.091323606782581, "B03002_001E": 1895, "B03002_001M": 313, "B03002_012E": 236, "B03002_012M": 276, "B19013_001E": 33344, "B19013_001M": 26604, "B01003_001E": 1895, "state": "29", "county": "095", "tract": "016100", "latino_share": 0.12453825857519789, "camera_count": 21, "arterial_road_m": 20977.486549532106, "land_area_km2": 2.438633, "pop_density_per_km2": 777.07469717665595, "arterial_km_per_km2": 8.6021498722981722, "log_income": 10.414633125113038, "city": "Kansas City" }, "geometry": { "type": "Polygon", "coordinates": [ [ [ -94.572892, 39.096663 ], [ -94.571877, 39.097418 ], [ -94.571395, 39.096943 ], [ -94.57031, 39.096376 ], [ -94.563969, 39.096011 ], [ -94.560794, 39.095928 ], [ -94.560651, 39.099107 ], [ -94.559599, 39.099141 ], [ -94.556029, 39.099011 ], [ -94.551413, 39.098848 ], [ -94.551811, 39.090807 ], [ -94.552135, 39.084558 ], [ -94.552146, 39.084331 ], [ -94.561346, 39.084641 ], [ -94.561317, 39.085113 ], [ -94.565818, 39.08479 ], [ -94.570583, 39.084957 ], [ -94.570396, 39.085821 ], [ -94.571027, 39.08688 ], [ -94.571449, 39.088722 ], [ -94.571681, 39.090062 ], [ -94.571906, 39.091416 ], [ -94.572461, 39.095404 ], [ -94.572795, 39.096244 ], [ -94.572892, 39.096663 ] ] ] } },
{ "type": "Feature", "properties": { "STATEFP": "29", "COUNTYFP": "095", "TRACTCE": "008600", "GEOIDFQ": "1400000US29095008600", "GEOID": "29095008600", "NAME": "86", "NAMELSAD": "Census Tract 86", "STUSPS": "MO", "NAMELSADCO": "Jackson County", "STATE_NAME": "Missouri", "LSAD": "CT", "ALAND": 2568449, "AWATER": 0, "centroid_lon": -94.584168566637871, "centroid_lat": 39.006446717449627, "B03002_001E": 5173, "B03002_001M": 493, "B03002_012E": 294, "B03002_012M": 164, "B19013_001E": 117316, "B19013_001M": 13804, "B01003_001E": 5173, "state": "29", "county": "095", "tract": "008600", "latino_share": 0.056833558863328824, "camera_count": 1, "arterial_road_m": 7095.7029906730331, "land_area_km2": 2.568449, "pop_density_per_km2": 2014.0559536124717, "arterial_km_per_km2": 2.7626411856622548, "log_income": 11.672626427726648, "city": "Kansas City" }, "geometry": { "type": "Polygon", "coordinates": [ [ [ -94.593514, 39.003652 ], [ -94.593252, 39.008227 ], [ -94.593183, 39.01025 ], [ -94.593153, 39.014125 ], [ -94.591455, 39.014033 ], [ -94.583796, 39.013667 ], [ -94.579182, 39.013448 ], [ -94.574554, 39.01325 ], [ -94.57489, 39.007327 ], [ -94.575305, 38.998797 ], [ -94.579913, 38.999018 ], [ -94.58222, 38.999119 ], [ -94.584518, 38.999219 ], [ -94.584594, 38.999222 ], [ -94.593813, 38.999614 ], [ -94.593514, 39.003652 ] ] ] } },
{ "type": "Feature", "properties": { "STATEFP": "29", "COUNTYFP": "095", "TRACTCE": "010600", "GEOIDFQ": "1400000US29095010600", "GEOID": "29095010600", "NAME": "106", "NAMELSAD": "Census Tract 106", "STUSPS": "MO", "NAMELSADCO": "Jackson County", "STATE_NAME": "Missouri", "LSAD": "CT", "ALAND": 3599290, "AWATER": 0, "centroid_lon": -94.458743413903406, "centroid_lat": 39.032227921901438, "B03002_001E": 2748, "B03002_001M": 540, "B03002_012E": 476, "B03002_012M": 334, "B19013_001E": 82344, "B19013_001M": 12132, "B01003_001E": 2748, "state": "29", "county": "095", "tract": "010600", "latino_share": 0.17321688500727803, "camera_count": 0, "arterial_road_m": 6770.508582253553, "land_area_km2": 3.59929, "pop_density_per_km2": 763.48390932656162, "arterial_km_per_km2": 1.8810678167787407, "log_income": 11.318660873206396, "city": "Kansas City" }, "geometry": { "type": "Polygon", "coordinates": [ [ [ -94.48101, 39.029759 ], [ -94.480401, 39.031144 ], [ -94.476652, 39.036042 ], [ -94.476348, 39.03681 ], [ -94.473861, 39.034532 ], [ -94.470711, 39.035941 ], [ -94.465373, 39.03754 ], [ -94.462033, 39.037533 ], [ -94.448138, 39.036914 ], [ -94.435933, 39.036422 ], [ -94.435929, 39.03589 ], [ -94.437169, 39.03535 ], [ -94.437447, 39.029228 ], [ -94.437636, 39.029236 ], [ -94.447099, 39.029534 ], [ -94.448439, 39.029681 ], [ -94.449325, 39.029679 ], [ -94.449501, 39.026672 ], [ -94.462514, 39.027216 ], [ -94.466049, 39.027354 ], [ -94.469713, 39.027512 ], [ -94.481174, 39.027985 ], [ -94.48101, 39.029759 ] ] ] } },
{ "type": "Feature", "properties": { "STATEFP": "29", "COUNTYFP": "095", "TRACTCE": "015402", "GEOIDFQ": "1400000US29095015402", "GEOID": "29095015402", "NAME": "154.02", "NAMELSAD": "Census Tract 154.02", "STUSPS": "MO", "NAMELSADCO": "Jackson County", "STATE_NAME": "Missouri", "LSAD": "CT", "ALAND": 663034, "AWATER": 0, "centroid_lon": -94.55583531770084, "centroid_lat": 39.102741736133261, "B03002_001E": 1079, "B03002_001M": 465, "B03002_012E": 47, "B03002_012M": 45, "B19013_001E": 14647, "B19013_001M": 2614, "B01003_001E": 1079, "state": "29", "county": "095", "tract": "015402", "latino_share": 0.043558850787766452, "camera_count": 3, "arterial_road_m": 3288.2437394784038, "land_area_km2": 0.663034, "pop_density_per_km2": 1627.3675256472518, "arterial_km_per_km2": 4.959389321631174, "log_income": 9.591990815318308, "city": "Kansas City" }, "geometry": { "type": "Polygon", "coordinates": [ [ [ -94.560244, 39.10665 ], [ -94.55567, 39.106483 ], [ -94.551037, 39.106302 ], [ -94.551213, 39.102471 ], [ -94.551413, 39.098848 ], [ -94.556029, 39.099011 ], [ -94.559599, 39.099141 ], [ -94.560651, 39.099107 ], [ -94.560244, 39.10665 ] ] ] } },
{ "type": "Feature", "properties": { "STATEFP": "29", "COUNTYFP": "095", "TRACTCE": "007301", "GEOIDFQ": "1400000US29095007301", "GEOID": "29095007301", "NAME": "73.01", "NAMELSAD": "Census Tract 73.01", "STUSPS": "MO", "NAMELSADCO": "Jackson County", "STATE_NAME": "Missouri", "LSAD": "CT", "ALAND": 237686, "AWATER": 0, "centroid_lon": -94.586159761163302, "centroid_lat": 39.04012772855998, "B03002_001E": 1605, "B03002_001M": 289, "B03002_012E": 62, "B03002_012M": 89, "B19013_001E": 61797, "B19013_001M": 21127, "B01003_001E": 1605, "state": "29", "county": "095", "tract": "007301", "latino_share": 0.038629283489096576, "camera_count": 2, "arterial_road_m": 2135.0327476623975, "land_area_km2": 0.237686, "pop_density_per_km2": 6752.6063798456789, "arterial_km_per_km2": 8.9825767931741769, "log_income": 11.031610098578179, "city": "Kansas City" }, "geometry": { "type": "Polygon", "coordinates": [ [ [ -94.591657, 39.039861 ], [ -94.590144, 39.040065 ], [ -94.588156, 39.040001 ], [ -94.588037, 39.042149 ], [ -94.586735, 39.042101 ], [ -94.5823, 39.041964 ], [ -94.582477, 39.038679 ], [ -94.584319, 39.038621 ], [ -94.584887, 39.038455 ], [ -94.587129, 39.038522 ], [ -94.590319, 39.038749 ], [ -94.591726, 39.038685 ], [ -94.591657, 39.039861 ] ] ] } },
{ "type": "Feature", "properties": { "STATEFP": "29", "COUNTYFP": "095", "TRACTCE": "010201", "GEOIDFQ": "1400000US29095010201", "GEOID": "29095010201", "NAME": "102.01", "NAMELSAD": "Census Tract 102.01", "STUSPS": "MO", "NAMELSADCO": "Jackson County", "STATE_NAME": "Missouri", "LSAD": "CT", "ALAND": 5008132, "AWATER": 13089, "centroid_lon": -94.54939520886181, "centroid_lat": 38.951561781007172, "B03002_001E": 1885, "B03002_001M": 383, "B03002_012E": 160, "B03002_012M": 171, "B19013_001E": 38872, "B19013_001M": 3930, "B01003_001E": 1885, "state": "29", "county": "095", "tract": "010201", "latino_share": 0.084880636604774531, "camera_count": 0, "arterial_road_m": 14654.049136263438, "land_area_km2": 5.008132, "pop_density_per_km2": 376.38784281244983, "arterial_km_per_km2": 2.9260508980720634, "log_income": 10.568029476085739, "city": "Kansas City" }, "geometry": { "type": "Polygon", "coordinates": [ [ [ -94.563186, 38.945241 ], [ -94.558855, 38.948321 ], [ -94.556987, 38.950653 ], [ -94.557338, 38.954008 ], [ -94.558605, 38.958425 ], [ -94.558352, 38.959731 ], [ -94.554474, 38.964218 ], [ -94.55239, 38.965521 ], [ -94.548088, 38.969831 ], [ -94.546488, 38.970482 ], [ -94.545693, 38.970978 ], [ -94.545421, 38.970081 ], [ -94.54484, 38.968839 ], [ -94.544787, 38.968726 ], [ -94.543343, 38.965328 ], [ -94.540138, 38.953781 ], [ -94.537796, 38.943778 ], [ -94.537096, 38.941724 ], [ -94.539519, 38.940079 ], [ -94.543943, 38.938678 ], [ -94.544968, 38.938603 ], [ -94.559746, 38.93931 ], [ -94.560501, 38.939346 ], [ -94.560854, 38.94079 ], [ -94.564008, 38.944066 ], [ -94.563186, 38.945241 ] ] ] } },
{ "type": "Feature", "properties": { "STATEFP": "29", "COUNTYFP": "095", "TRACTCE": "002000", "GEOIDFQ": "1400000US29095002000", "GEOID": "29095002000", "NAME": "20", "NAMELSAD": "Census Tract 20", "STUSPS": "MO", "NAMELSADCO": "Jackson County", "STATE_NAME": "Missouri", "LSAD": "CT", "ALAND": 2068367, "AWATER": 60276, "centroid_lon": -94.499519037112805, "centroid_lat": 39.101295160514574, "B03002_001E": 2299, "B03002_001M": 557, "B03002_012E": 1667, "B03002_012M": 493, "B19013_001E": 35000, "B19013_001M": 18538, "B01003_001E": 2299, "state": "29", "county": "095", "tract": "002000", "latino_share": 0.72509786863853853, "camera_count": 5, "arterial_road_m": 8476.4764500679321, "land_area_km2": 2.068367, "pop_density_per_km2": 1111.5048731680597, "arterial_km_per_km2": 4.0981491437776425, "log_income": 10.46310334047155, "city": "Kansas City" }, "geometry": { "type": "Polygon", "coordinates": [ [ [ -94.514419, 39.101285 ], [ -94.514454, 39.101287 ], [ -94.511288, 39.103138 ], [ -94.511209, 39.104926 ], [ -94.508328, 39.104823 ], [ -94.5038, 39.106813 ], [ -94.501163, 39.10682 ], [ -94.500679, 39.104571 ], [ -94.494078, 39.104783 ], [ -94.490096, 39.105945 ], [ -94.48764, 39.1066 ], [ -94.486044, 39.106676 ], [ -94.486269, 39.102753 ], [ -94.487883, 39.095864 ], [ -94.491468, 39.096911 ], [ -94.500824, 39.097247 ], [ -94.503135, 39.097311 ], [ -94.509993, 39.097492 ], [ -94.514563, 39.097597 ], [ -94.514419, 39.101285 ] ] ] } },
{ "type": "Feature", "properties": { "STATEFP": "29", "COUNTYFP": "095", "TRACTCE": "980802", "GEOIDFQ": "1400000US29095980802", "GEOID": "29095980802", "NAME": "9808.02", "NAMELSAD": "Census Tract 9808.02", "STUSPS": "MO", "NAMELSADCO": "Jackson County", "STATE_NAME": "Missouri", "LSAD": "CT", "ALAND": 2627652, "AWATER": 0, "centroid_lon": -94.485284334700722, "centroid_lat": 39.049308355135636, "B03002_001E": 0, "B03002_001M": 12, "B03002_012E": 0, "B03002_012M": 12, "B19013_001E": -666666666, "B19013_001M": -222222222, "B01003_001E": 0, "state": "29", "county": "095", "tract": "980802", "latino_share": null, "camera_count": 1, "arterial_road_m": 11451.723684899805, "land_area_km2": 2.627652, "pop_density_per_km2": 0.0, "arterial_km_per_km2": 4.3581584185804685, "log_income": null, "city": "Kansas City" }, "geometry": { "type": "Polygon", "coordinates": [ [ [ -94.497732, 39.052705 ], [ -94.492584, 39.057015 ], [ -94.490479, 39.059208 ], [ -94.474442, 39.051776 ], [ -94.475525, 39.050112 ], [ -94.475821, 39.044151 ], [ -94.475923, 39.04216 ], [ -94.476244, 39.037828 ], [ -94.476348, 39.03681 ], [ -94.48067, 39.040556 ], [ -94.483549, 39.041574 ], [ -94.486133, 39.043567 ], [ -94.491036, 39.044928 ], [ -94.492692, 39.046171 ], [ -94.498679, 39.051502 ], [ -94.497732, 39.052705 ] ] ] } },
{ "type": "Feature", "properties": { "STATEFP": "29", "COUNTYFP": "095", "TRACTCE": "007302", "GEOIDFQ": "1400000US29095007302", "GEOID": "29095007302", "NAME": "73.02", "NAMELSAD": "Census Tract 73.02", "STUSPS": "MO", "NAMELSADCO": "Jackson County", "STATE_NAME": "Missouri", "LSAD": "CT", "ALAND": 469577, "AWATER": 0, "centroid_lon": -94.593952466966485, "centroid_lat": 39.041668230219457, "B03002_001E": 1192, "B03002_001M": 271, "B03002_012E": 44, "B03002_012M": 45, "B19013_001E": 74667, "B19013_001M": 22933, "B01003_001E": 1192, "state": "29", "county": "095", "tract": "007302", "latino_share": 0.036912751677852351, "camera_count": 15, "arterial_road_m": 4950.8743980178369, "land_area_km2": 0.469577, "pop_density_per_km2": 2538.4548221058526, "arterial_km_per_km2": 10.543264252759052, "log_income": 11.220793506444817, "city": "Kansas City" }, "geometry": { "type": "Polygon", "coordinates": [ [ [ -94.598718, 39.039194 ], [ -94.598526, 39.042537 ], [ -94.598427, 39.044341 ], [ -94.597285, 39.04429 ], [ -94.596105, 39.04425 ], [ -94.594566, 39.044216 ], [ -94.592332, 39.044129 ], [ -94.591455, 39.044101 ], [ -94.589735, 39.04404 ], [ -94.589496, 39.04322 ], [ -94.588032, 39.042257 ], [ -94.588037, 39.042149 ], [ -94.588156, 39.040001 ], [ -94.590144, 39.040065 ], [ -94.591657, 39.039861 ], [ -94.598753, 39.03829 ], [ -94.598718, 39.039194 ] ] ] } },
{ "type": "Feature", "properties": { "STATEFP": "29", "COUNTYFP": "095", "TRACTCE": "005500", "GEOIDFQ": "1400000US29095005500", "GEOID": "29095005500", "NAME": "55", "NAMELSAD": "Census Tract 55", "STUSPS": "MO", "NAMELSADCO": "Jackson County", "STATE_NAME": "Missouri", "LSAD": "CT", "ALAND": 640283, "AWATER": 0, "centroid_lon": -94.558029636235659, "centroid_lat": 39.059187963915697, "B03002_001E": 993, "B03002_001M": 365, "B03002_012E": 34, "B03002_012M": 60, "B19013_001E": -666666666, "B19013_001M": -222222222, "B01003_001E": 993, "state": "29", "county": "095", "tract": "005500", "latino_share": 0.034239677744209468, "camera_count": 3, "arterial_road_m": 4132.3570566332219, "land_area_km2": 0.640283, "pop_density_per_km2": 1550.8767216996234, "arterial_km_per_km2": 6.453954043185937, "log_income": null, "city": "Kansas City" }, "geometry": { "type": "Polygon", "coordinates": [ [ [ -94.562457, 39.062937 ], [ -94.553203, 39.062627 ], [ -94.55359, 39.055445 ], [ -94.561461, 39.055702 ], [ -94.562865, 39.055749 ], [ -94.562457, 39.062937 ] ] ] } },
{ "type": "Feature", "properties": { "STATEFP": "29", "COUNTYFP": "095", "TRACTCE": "016600", "GEOIDFQ": "1400000US29095016600", "GEOID": "29095016600", "NAME": "166", "NAMELSAD": "Census Tract 166", "STUSPS": "MO", "NAMELSADCO": "Jackson County", "STATE_NAME": "Missouri", "LSAD": "CT", "ALAND": 1251652, "AWATER": 0, "centroid_lon": -94.557016748976025, "centroid_lat": 39.07740025733991, "B03002_001E": 1611, "B03002_001M": 356, "B03002_012E": 175, "B03002_012M": 150, "B19013_001E": 36616, "B19013_001M": 5223, "B01003_001E": 1611, "state": "29", "county": "095", "tract": "016600", "latino_share": 0.10862818125387957, "camera_count": 2, "arterial_road_m": 6019.1007071776985, "land_area_km2": 1.251652, "pop_density_per_km2": 1287.0989700012465, "arterial_km_per_km2": 4.8089250903427621, "log_income": 10.508240582333478, "city": "Kansas City" }, "geometry": { "type": "Polygon", "coordinates": [ [ [ -94.561708, 39.077401 ], [ -94.561346, 39.084641 ], [ -94.552146, 39.084331 ], [ -94.55248, 39.077094 ], [ -94.552639, 39.073808 ], [ -94.552845, 39.069866 ], [ -94.560491, 39.070129 ], [ -94.562583, 39.077432 ], [ -94.561708, 39.077401 ] ] ] } },
{ "type": "Feature", "properties": { "STATEFP": "29", "COUNTYFP": "095", "TRACTCE": "004300", "GEOIDFQ": "1400000US29095004300", "GEOID": "29095004300", "NAME": "43", "NAMELSAD": "Census Tract 43", "STUSPS": "MO", "NAMELSADCO": "Jackson County", "STATE_NAME": "Missouri", "LSAD": "CT", "ALAND": 1216690, "AWATER": 0, "centroid_lon": -94.575355436027706, "centroid_lat": 39.077806075849402, "B03002_001E": 2684, "B03002_001M": 399, "B03002_012E": 180, "B03002_012M": 103, "B19013_001E": 73966, "B19013_001M": 18445, "B01003_001E": 2684, "state": "29", "county": "095", "tract": "004300", "latino_share": 0.067064083457526083, "camera_count": 5, "arterial_road_m": 7199.2617668862695, "land_area_km2": 1.21669, "pop_density_per_km2": 2205.9850906968904, "arterial_km_per_km2": 5.9170879738357911, "log_income": 11.211360807143008, "city": "Kansas City" }, "geometry": { "type": "Polygon", "coordinates": [ [ [ -94.580607, 39.081678 ], [ -94.578616, 39.081632 ], [ -94.57826, 39.081618 ], [ -94.578193, 39.084044 ], [ -94.57833, 39.085262 ], [ -94.570583, 39.084957 ], [ -94.570779, 39.081322 ], [ -94.57097, 39.077726 ], [ -94.571049, 39.076108 ], [ -94.571313, 39.070502 ], [ -94.578898, 39.07079 ], [ -94.580043, 39.070835 ], [ -94.579384, 39.075574 ], [ -94.580835, 39.078184 ], [ -94.580607, 39.081678 ] ] ] } },
{ "type": "Feature", "properties": { "STATEFP": "29", "COUNTYFP": "095", "TRACTCE": "013208", "GEOIDFQ": "1400000US29095013208", "GEOID": "29095013208", "NAME": "132.08", "NAMELSAD": "Census Tract 132.08", "STUSPS": "MO", "NAMELSADCO": "Jackson County", "STATE_NAME": "Missouri", "LSAD": "CT", "ALAND": 2364935, "AWATER": 0, "centroid_lon": -94.501239694132593, "centroid_lat": 38.911341180435358, "B03002_001E": 2690, "B03002_001M": 414, "B03002_012E": 255, "B03002_012M": 284, "B19013_001E": 48319, "B19013_001M": 12282, "B01003_001E": 2690, "state": "29", "county": "095", "tract": "013208", "latino_share": 0.094795539033457249, "camera_count": 1, "arterial_road_m": 2952.5048828648896, "land_area_km2": 2.364935, "pop_density_per_km2": 1137.4519807098293, "arterial_km_per_km2": 1.2484507535576621, "log_income": 10.785580137030307, "city": "Kansas City" }, "geometry": { "type": "Polygon", "coordinates": [ [ [ -94.516854, 38.913017 ], [ -94.513293, 38.915457 ], [ -94.505721, 38.914992 ], [ -94.505286, 38.914979 ], [ -94.496594, 38.914751 ], [ -94.489084, 38.914536 ], [ -94.487861, 38.915825 ], [ -94.483885, 38.915891 ], [ -94.484424, 38.908841 ], [ -94.487248, 38.909527 ], [ -94.487429, 38.907188 ], [ -94.488569, 38.907211 ], [ -94.505797, 38.907791 ], [ -94.522932, 38.908822 ], [ -94.516854, 38.913017 ] ] ] } },
{ "type": "Feature", "properties": { "STATEFP": "29", "COUNTYFP": "095", "TRACTCE": "013210", "GEOIDFQ": "1400000US29095013210", "GEOID": "29095013210", "NAME": "132.10", "NAMELSAD": "Census Tract 132.10", "STUSPS": "MO", "NAMELSADCO": "Jackson County", "STATE_NAME": "Missouri", "LSAD": "CT", "ALAND": 1869592, "AWATER": 0, "centroid_lon": -94.48819852200819, "centroid_lat": 38.923261043849038, "B03002_001E": 3101, "B03002_001M": 763, "B03002_012E": 259, "B03002_012M": 210, "B19013_001E": 69286, "B19013_001M": 15632, "B01003_001E": 3101, "state": "29", "county": "095", "tract": "013210", "latino_share": 0.0835214446952596, "camera_count": 0, "arterial_road_m": 3476.4131031389988, "land_area_km2": 1.869592, "pop_density_per_km2": 1658.6506574696512, "arterial_km_per_km2": 1.8594501383932958, "log_income": 11.145998144567145, "city": "Kansas City" }, "geometry": { "type": "Polygon", "coordinates": [ [ [ -94.496697, 38.915327 ], [ -94.496252, 38.920434 ], [ -94.495645, 38.924194 ], [ -94.494208, 38.924157 ], [ -94.493741, 38.929986 ], [ -94.477815, 38.929313 ], [ -94.477858, 38.925013 ], [ -94.477745, 38.922753 ], [ -94.479561, 38.921555 ], [ -94.482912, 38.921781 ], [ -94.484965, 38.922993 ], [ -94.485048, 38.921704 ], [ -94.48738, 38.921704 ], [ -94.487861, 38.915825 ], [ -94.489084, 38.914536 ], [ -94.496594, 38.914751 ], [ -94.496697, 38.915327 ] ] ] } },
{ "type": "Feature", "properties": { "STATEFP": "29", "COUNTYFP": "095", "TRACTCE": "013003", "GEOIDFQ": "1400000US29095013003", "GEOID": "29095013003", "NAME": "130.03", "NAMELSAD": "Census Tract 130.03", "STUSPS": "MO", "NAMELSADCO": "Jackson County", "STATE_NAME": "Missouri", "LSAD": "CT", "ALAND": 4392795, "AWATER": 0, "centroid_lon": -94.521858148874699, "centroid_lat": 38.943630986205285, "B03002_001E": 5479, "B03002_001M": 613, "B03002_012E": 657, "B03002_012M": 374, "B19013_001E": 56970, "B19013_001M": 11136, "B01003_001E": 5479, "state": "29", "county": "095", "tract": "013003", "latino_share": 0.11991239277240372, "camera_count": 0, "arterial_road_m": 17170.49625006572, "land_area_km2": 4.392795, "pop_density_per_km2": 1247.2696768230705, "arterial_km_per_km2": 3.908786148697065, "log_income": 10.950280092474442, "city": "Kansas City" }, "geometry": { "type": "Polygon", "coordinates": [ [ [ -94.536779, 38.940999 ], [ -94.532565, 38.948906 ], [ -94.529597, 38.953231 ], [ -94.5251, 38.953124 ], [ -94.521944, 38.952948 ], [ -94.521882, 38.952946 ], [ -94.513204, 38.952594 ], [ -94.507942, 38.952392 ], [ -94.50827, 38.945161 ], [ -94.508586, 38.938885 ], [ -94.508596, 38.938722 ], [ -94.510446, 38.938442 ], [ -94.511009, 38.938434 ], [ -94.520835, 38.933822 ], [ -94.522795, 38.933262 ], [ -94.522804, 38.933 ], [ -94.526152, 38.932269 ], [ -94.529986, 38.93362 ], [ -94.534149, 38.937241 ], [ -94.53675, 38.940924 ], [ -94.536779, 38.940999 ] ] ] } },
{ "type": "Feature", "properties": { "STATEFP": "29", "COUNTYFP": "095", "TRACTCE": "005200", "GEOIDFQ": "1400000US29095005200", "GEOID": "29095005200", "NAME": "52", "NAMELSAD": "Census Tract 52", "STUSPS": "MO", "NAMELSADCO": "Jackson County", "STATE_NAME": "Missouri", "LSAD": "CT", "ALAND": 645237, "AWATER": 0, "centroid_lon": -94.566900807940812, "centroid_lat": 39.066715170260245, "B03002_001E": 1017, "B03002_001M": 168, "B03002_012E": 57, "B03002_012M": 87, "B19013_001E": 33849, "B19013_001M": 9617, "B01003_001E": 1017, "state": "29", "county": "095", "tract": "005200", "latino_share": 0.056047197640117993, "camera_count": 6, "arterial_road_m": 2785.7356994956062, "land_area_km2": 0.645237, "pop_density_per_km2": 1576.1650370329044, "arterial_km_per_km2": 4.3173836892422575, "log_income": 10.429664735806556, "city": "Kansas City" }, "geometry": { "type": "Polygon", "coordinates": [ [ [ -94.571641, 39.064841 ], [ -94.571313, 39.070502 ], [ -94.570009, 39.070457 ], [ -94.56683, 39.070348 ], [ -94.562091, 39.070185 ], [ -94.562188, 39.068373 ], [ -94.562457, 39.062937 ], [ -94.567098, 39.063097 ], [ -94.568377, 39.063136 ], [ -94.56938, 39.063167 ], [ -94.571723, 39.063246 ], [ -94.571641, 39.064841 ] ] ] } },
{ "type": "Feature", "properties": { "STATEFP": "29", "COUNTYFP": "095", "TRACTCE": "007100", "GEOIDFQ": "1400000US29095007100", "GEOID": "29095007100", "NAME": "71", "NAMELSAD": "Census Tract 71", "STUSPS": "MO", "NAMELSADCO": "Jackson County", "STATE_NAME": "Missouri", "LSAD": "CT", "ALAND": 777730, "AWATER": 0, "centroid_lon": -94.601928517297011, "centroid_lat": 39.046500050978182, "B03002_001E": 3275, "B03002_001M": 456, "B03002_012E": 248, "B03002_012M": 139, "B19013_001E": 80304, "B19013_001M": 18042, "B01003_001E": 3275, "state": "29", "county": "095", "tract": "007100", "latino_share": 0.075725190839694659, "camera_count": 1, "arterial_road_m": 3553.0403433108108, "land_area_km2": 0.77773, "pop_density_per_km2": 4210.9729597675287, "arterial_km_per_km2": 4.5684753620289955, "log_income": 11.293574711894715, "city": "Kansas City" }, "geometry": { "type": "Polygon", "coordinates": [ [ [ -94.607517440316101, 39.044085749416602 ], [ -94.607486485204504, 39.046446723923403 ], [ -94.607436783844406, 39.050237491837997 ], [ -94.602624, 39.050018 ], [ -94.600988, 39.049938 ], [ -94.599299, 39.049861 ], [ -94.598629, 39.049833 ], [ -94.598061, 39.049752 ], [ -94.594581, 39.049559 ], [ -94.59592, 39.047959 ], [ -94.596105, 39.04425 ], [ -94.597285, 39.04429 ], [ -94.598427, 39.044341 ], [ -94.598526, 39.042537 ], [ -94.600824, 39.042604 ], [ -94.607534039453995, 39.042819718079102 ], [ -94.607517440316101, 39.044085749416602 ] ] ] } },
{ "type": "Feature", "properties": { "STATEFP": "29", "COUNTYFP": "095", "TRACTCE": "006500", "GEOIDFQ": "1400000US29095006500", "GEOID": "29095006500", "NAME": "65", "NAMELSAD": "Census Tract 65", "STUSPS": "MO", "NAMELSADCO": "Jackson County", "STATE_NAME": "Missouri", "LSAD": "CT", "ALAND": 485555, "AWATER": 0, "centroid_lon": -94.575857787363489, "centroid_lat": 39.052715194252443, "B03002_001E": 1570, "B03002_001M": 242, "B03002_012E": 186, "B03002_012M": 97, "B19013_001E": 67208, "B19013_001M": 14462, "B01003_001E": 1570, "state": "29", "county": "095", "tract": "006500", "latino_share": 0.11847133757961784, "camera_count": 1, "arterial_road_m": 1465.2662118033361, "land_area_km2": 0.485555, "pop_density_per_km2": 3233.4133105415453, "arterial_km_per_km2": 3.0177141864533081, "log_income": 11.115547567044683, "city": "Kansas City" }, "geometry": { "type": "Polygon", "coordinates": [ [ [ -94.58, 39.056349 ], [ -94.57212, 39.05608 ], [ -94.572228, 39.054322 ], [ -94.57233, 39.052523 ], [ -94.572529, 39.04891 ], [ -94.578721, 39.049099 ], [ -94.578966, 39.049632 ], [ -94.579398, 39.051679 ], [ -94.579365, 39.052769 ], [ -94.579651, 39.055729 ], [ -94.58, 39.056349 ] ] ] } },
{ "type": "Feature", "properties": { "STATEFP": "29", "COUNTYFP": "095", "TRACTCE": "010702", "GEOIDFQ": "1400000US29095010702", "GEOID": "29095010702", "NAME": "107.02", "NAMELSAD": "Census Tract 107.02", "STUSPS": "MO", "NAMELSADCO": "Jackson County", "STATE_NAME": "Missouri", "LSAD": "CT", "ALAND": 4196184, "AWATER": 65172, "centroid_lon": -94.457521037599591, "centroid_lat": 39.042316866790692, "B03002_001E": 3315, "B03002_001M": 477, "B03002_012E": 194, "B03002_012M": 140, "B19013_001E": 41769, "B19013_001M": 10705, "B01003_001E": 3315, "state": "29", "county": "095", "tract": "010702", "latino_share": 0.058521870286576169, "camera_count": 3, "arterial_road_m": 9640.6329440071604, "land_area_km2": 4.196184, "pop_density_per_km2": 790.00348888418625, "arterial_km_per_km2": 2.2974762174411705, "log_income": 10.639909716577396, "city": "Kansas City" }, "geometry": { "type": "Polygon", "coordinates": [ [ [ -94.476244, 39.037828 ], [ -94.475923, 39.04216 ], [ -94.475821, 39.044151 ], [ -94.475525, 39.050112 ], [ -94.474442, 39.051776 ], [ -94.467324, 39.048569 ], [ -94.465722, 39.048157 ], [ -94.463949, 39.04796 ], [ -94.452041, 39.047623 ], [ -94.451889, 39.047461 ], [ -94.447654, 39.047285 ], [ -94.444793, 39.047167 ], [ -94.437328, 39.044065 ], [ -94.433372, 39.041167 ], [ -94.433527, 39.039744 ], [ -94.435641, 39.039814 ], [ -94.435689, 39.038754 ], [ -94.435808, 39.036417 ], [ -94.435933, 39.036422 ], [ -94.448138, 39.036914 ], [ -94.462033, 39.037533 ], [ -94.465373, 39.03754 ], [ -94.470711, 39.035941 ], [ -94.473861, 39.034532 ], [ -94.476348, 39.03681 ], [ -94.476244, 39.037828 ] ] ] } },
{ "type": "Feature", "properties": { "STATEFP": "29", "COUNTYFP": "095", "TRACTCE": "001000", "GEOIDFQ": "1400000US29095001000", "GEOID": "29095001000", "NAME": "10", "NAMELSAD": "Census Tract 10", "STUSPS": "MO", "NAMELSADCO": "Jackson County", "STATE_NAME": "Missouri", "LSAD": "CT", "ALAND": 1562135, "AWATER": 0, "centroid_lon": -94.555735278990568, "centroid_lat": 39.111612504725798, "B03002_001E": 3047, "B03002_001M": 839, "B03002_012E": 573, "B03002_012M": 384, "B19013_001E": 34044, "B19013_001M": 3653, "B01003_001E": 3047, "state": "29", "county": "095", "tract": "001000", "latino_share": 0.18805382343288479, "camera_count": 4, "arterial_road_m": 4370.1960350265081, "land_area_km2": 1.562135, "pop_density_per_km2": 1950.5356451267016, "arterial_km_per_km2": 2.7975789768659607, "log_income": 10.435409084596852, "city": "Kansas City" }, "geometry": { "type": "Polygon", "coordinates": [ [ [ -94.564572, 39.114248 ], [ -94.564557, 39.114766 ], [ -94.548182, 39.118183 ], [ -94.548026, 39.117348 ], [ -94.548152, 39.113575 ], [ -94.548174, 39.110909 ], [ -94.548484, 39.106223 ], [ -94.55081, 39.106295 ], [ -94.551037, 39.106302 ], [ -94.55567, 39.106483 ], [ -94.560244, 39.10665 ], [ -94.563426, 39.106769 ], [ -94.563757, 39.108102 ], [ -94.564179, 39.108851 ], [ -94.564666, 39.111127 ], [ -94.564572, 39.114248 ] ] ] } },
{ "type": "Feature", "properties": { "STATEFP": "29", "COUNTYFP": "095", "TRACTCE": "015300", "GEOIDFQ": "1400000US29095015300", "GEOID": "29095015300", "NAME": "153", "NAMELSAD": "Census Tract 153", "STUSPS": "MO", "NAMELSADCO": "Jackson County", "STATE_NAME": "Missouri", "LSAD": "CT", "ALAND": 2741991, "AWATER": 0, "centroid_lon": -94.597940463527394, "centroid_lat": 39.083438644979864, "B03002_001E": 3044, "B03002_001M": 577, "B03002_012E": 1296, "B03002_012M": 381, "B19013_001E": 58663, "B19013_001M": 18302, "B01003_001E": 3044, "state": "29", "county": "095", "tract": "015300", "latino_share": 0.42575558475689884, "camera_count": 3, "arterial_road_m": 16472.500062794188, "land_area_km2": 2.741991, "pop_density_per_km2": 1110.1422287673445, "arterial_km_per_km2": 6.0074960358346141, "log_income": 10.979564483398972, "city": "Kansas City" }, "geometry": { "type": "Polygon", "coordinates": [ [ [ -94.607334, 39.081704 ], [ -94.607324287407906, 39.082471294777299 ], [ -94.604557, 39.081647 ], [ -94.598063, 39.082746 ], [ -94.600697, 39.083118 ], [ -94.603161, 39.085557 ], [ -94.60277, 39.087438 ], [ -94.597981, 39.095263 ], [ -94.597505, 39.094564 ], [ -94.596521, 39.09698 ], [ -94.593223, 39.096221 ], [ -94.591485, 39.096185 ], [ -94.591038, 39.096181 ], [ -94.588602, 39.096171 ], [ -94.58878, 39.091932 ], [ -94.589026, 39.087728 ], [ -94.589512, 39.087424 ], [ -94.592209, 39.085716 ], [ -94.592873, 39.084017 ], [ -94.59388, 39.083735 ], [ -94.59434, 39.080628 ], [ -94.593972, 39.078678 ], [ -94.594608, 39.071411 ], [ -94.605702, 39.071775 ], [ -94.607275304036506, 39.0723126458441 ], [ -94.607276189797204, 39.0724543675638 ], [ -94.6072971763993, 39.075812223897501 ], [ -94.607333914179605, 39.0816902687477 ], [ -94.607334, 39.081704 ] ] ] } },
{ "type": "Feature", "properties": { "STATEFP": "29", "COUNTYFP": "095", "TRACTCE": "016700", "GEOIDFQ": "1400000US29095016700", "GEOID": "29095016700", "NAME": "167", "NAMELSAD": "Census Tract 167", "STUSPS": "MO", "NAMELSADCO": "Jackson County", "STATE_NAME": "Missouri", "LSAD": "CT", "ALAND": 1297107, "AWATER": 0, "centroid_lon": -94.590361405181341, "centroid_lat": 39.063952541072787, "B03002_001E": 3373, "B03002_001M": 547, "B03002_012E": 340, "B03002_012M": 300, "B19013_001E": 44179, "B19013_001M": 16031, "B01003_001E": 3373, "state": "29", "county": "095", "tract": "016700", "latino_share": 0.10080047435517343, "camera_count": 3, "arterial_road_m": 7544.5853902145973, "land_area_km2": 1.297107, "pop_density_per_km2": 2600.4022798427577, "arterial_km_per_km2": 5.8164711085628227, "log_income": 10.696004842041615, "city": "Kansas City" }, "geometry": { "type": "Polygon", "coordinates": [ [ [ -94.594991, 39.06485 ], [ -94.594923, 39.065871 ], [ -94.594482, 39.071405 ], [ -94.58532, 39.071032 ], [ -94.585681, 39.063787 ], [ -94.585784, 39.061983 ], [ -94.585893, 39.06018 ], [ -94.586105, 39.056576 ], [ -94.590768, 39.056743 ], [ -94.595501, 39.056909 ], [ -94.594991, 39.06485 ] ] ] } },
{ "type": "Feature", "properties": { "STATEFP": "29", "COUNTYFP": "095", "TRACTCE": "017100", "GEOIDFQ": "1400000US29095017100", "GEOID": "29095017100", "NAME": "171", "NAMELSAD": "Census Tract 171", "STUSPS": "MO", "NAMELSADCO": "Jackson County", "STATE_NAME": "Missouri", "LSAD": "CT", "ALAND": 4482599, "AWATER": 41239, "centroid_lon": -94.525772109514293, "centroid_lat": 39.045800954989176, "B03002_001E": 3511, "B03002_001M": 583, "B03002_012E": 121, "B03002_012M": 110, "B19013_001E": 43618, "B19013_001M": 6841, "B01003_001E": 3511, "state": "29", "county": "095", "tract": "017100", "latino_share": 0.034463115921389918, "camera_count": 2, "arterial_road_m": 11762.048382644405, "land_area_km2": 4.482599, "pop_density_per_km2": 783.2509666824983, "arterial_km_per_km2": 2.6239349945521351, "log_income": 10.683225188177172, "city": "Kansas City" }, "geometry": { "type": "Polygon", "coordinates": [ [ [ -94.542989, 39.037174 ], [ -94.542098, 39.038611 ], [ -94.542448, 39.039918 ], [ -94.543214, 39.040582 ], [ -94.540517, 39.040514 ], [ -94.540323, 39.044104 ], [ -94.535742, 39.043967 ], [ -94.53517, 39.054831 ], [ -94.530525, 39.054687 ], [ -94.527578, 39.055632 ], [ -94.520655, 39.054353 ], [ -94.520828, 39.055633 ], [ -94.521229, 39.056483 ], [ -94.515901, 39.056183 ], [ -94.514561, 39.056423 ], [ -94.513501, 39.057233 ], [ -94.512909, 39.058963 ], [ -94.511986, 39.058391 ], [ -94.513275, 39.055644 ], [ -94.513162, 39.054012 ], [ -94.5117, 39.051525 ], [ -94.5094, 39.050815 ], [ -94.506656, 39.047731 ], [ -94.5069, 39.045962 ], [ -94.509421, 39.044742 ], [ -94.517431, 39.044531 ], [ -94.519687, 39.044369 ], [ -94.521015, 39.042997 ], [ -94.520825, 39.038331 ], [ -94.521575, 39.037269 ], [ -94.525481, 39.035506 ], [ -94.526305, 39.034445 ], [ -94.527409, 39.034489 ], [ -94.536378, 39.034978 ], [ -94.540753, 39.036167 ], [ -94.542466, 39.036321 ], [ -94.543257, 39.036647 ], [ -94.542989, 39.037174 ] ] ] } },
{ "type": "Feature", "properties": { "STATEFP": "29", "COUNTYFP": "095", "TRACTCE": "006300", "GEOIDFQ": "1400000US29095006300", "GEOID": "29095006300", "NAME": "63", "NAMELSAD": "Census Tract 63", "STUSPS": "MO", "NAMELSADCO": "Jackson County", "STATE_NAME": "Missouri", "LSAD": "CT", "ALAND": 1456308, "AWATER": 0, "centroid_lon": -94.562903717221104, "centroid_lat": 39.04440924112258, "B03002_001E": 1720, "B03002_001M": 328, "B03002_012E": 150, "B03002_012M": 101, "B19013_001E": 31745, "B19013_001M": 7992, "B01003_001E": 1720, "state": "29", "county": "095", "tract": "006300", "latino_share": 0.087209302325581398, "camera_count": 6, "arterial_road_m": 12982.652966555645, "land_area_km2": 1.456308, "pop_density_per_km2": 1181.068839833332, "arterial_km_per_km2": 8.9147714402143254, "log_income": 10.36549051160455, "city": "Kansas City" }, "geometry": { "type": "Polygon", "coordinates": [ [ [ -94.572529, 39.04891 ], [ -94.571271, 39.048867 ], [ -94.567909, 39.048751 ], [ -94.566751, 39.048713 ], [ -94.561896, 39.048511 ], [ -94.553967, 39.048245 ], [ -94.554348, 39.041103 ], [ -94.554586, 39.036525 ], [ -94.554722, 39.036693 ], [ -94.559549, 39.040867 ], [ -94.563694, 39.04103 ], [ -94.566991, 39.040857 ], [ -94.568389, 39.039777 ], [ -94.568317, 39.041353 ], [ -94.568296, 39.041714 ], [ -94.569655, 39.041608 ], [ -94.572942, 39.041669 ], [ -94.572529, 39.04891 ] ] ] } },
{ "type": "Feature", "properties": { "STATEFP": "29", "COUNTYFP": "095", "TRACTCE": "008200", "GEOIDFQ": "1400000US29095008200", "GEOID": "29095008200", "NAME": "82", "NAMELSAD": "Census Tract 82", "STUSPS": "MO", "NAMELSADCO": "Jackson County", "STATE_NAME": "Missouri", "LSAD": "CT", "ALAND": 1239878, "AWATER": 0, "centroid_lon": -94.578809710122727, "centroid_lat": 39.020406541055273, "B03002_001E": 2972, "B03002_001M": 390, "B03002_012E": 313, "B03002_012M": 187, "B19013_001E": 87065, "B19013_001M": 7870, "B01003_001E": 2972, "state": "29", "county": "095", "tract": "008200", "latino_share": 0.10531628532974428, "camera_count": 3, "arterial_road_m": 3971.5939951794085, "land_area_km2": 1.239878, "pop_density_per_km2": 2397.0100284060204, "arterial_km_per_km2": 3.2032135380895608, "log_income": 11.374410245113483, "city": "Kansas City" }, "geometry": { "type": "Polygon", "coordinates": [ [ [ -94.583618, 39.01699 ], [ -94.583487, 39.020267 ], [ -94.583281, 39.023888 ], [ -94.583071, 39.027508 ], [ -94.578445, 39.027347 ], [ -94.573794, 39.027183 ], [ -94.573997, 39.023571 ], [ -94.574202, 39.019965 ], [ -94.574387, 39.016625 ], [ -94.574554, 39.01325 ], [ -94.579182, 39.013448 ], [ -94.583796, 39.013667 ], [ -94.583618, 39.01699 ] ] ] } },
{ "type": "Feature", "properties": { "STATEFP": "29", "COUNTYFP": "095", "TRACTCE": "009200", "GEOIDFQ": "1400000US29095009200", "GEOID": "29095009200", "NAME": "92", "NAMELSAD": "Census Tract 92", "STUSPS": "MO", "NAMELSADCO": "Jackson County", "STATE_NAME": "Missouri", "LSAD": "CT", "ALAND": 1496703, "AWATER": 0, "centroid_lon": -94.601325011389633, "centroid_lat": 38.994307242825464, "B03002_001E": 2858, "B03002_001M": 446, "B03002_012E": 189, "B03002_012M": 107, "B19013_001E": 96586, "B19013_001M": 10506, "B01003_001E": 2858, "state": "29", "county": "095", "tract": "009200", "latino_share": 0.066130160951714492, "camera_count": 7, "arterial_road_m": 5823.9082204024326, "land_area_km2": 1.496703, "pop_density_per_km2": 1909.5304813312996, "arterial_km_per_km2": 3.8911582460932017, "log_income": 11.478189082161368, "city": "Kansas City" }, "geometry": { "type": "Polygon", "coordinates": [ [ [ -94.608187153294907, 38.993006131692901 ], [ -94.608093663377801, 39.000136692665897 ], [ -94.608093083785903, 39.000180898664603 ], [ -94.603002, 39.000023 ], [ -94.593813, 38.999614 ], [ -94.594328, 38.992413 ], [ -94.594368, 38.988716 ], [ -94.60364, 38.989093 ], [ -94.603662, 38.988606 ], [ -94.608257739496494, 38.987622457930399 ], [ -94.608187153294907, 38.993006131692901 ] ] ] } },
{ "type": "Feature", "properties": { "STATEFP": "29", "COUNTYFP": "095", "TRACTCE": "009700", "GEOIDFQ": "1400000US29095009700", "GEOID": "29095009700", "NAME": "97", "NAMELSAD": "Census Tract 97", "STUSPS": "MO", "NAMELSADCO": "Jackson County", "STATE_NAME": "Missouri", "LSAD": "CT", "ALAND": 1458487, "AWATER": 0, "centroid_lon": -94.575768288920855, "centroid_lat": 38.96583645806691, "B03002_001E": 1574, "B03002_001M": 348, "B03002_012E": 149, "B03002_012M": 194, "B19013_001E": 41268, "B19013_001M": 7502, "B01003_001E": 1574, "state": "29", "county": "095", "tract": "009700", "latino_share": 0.094663278271918672, "camera_count": 4, "arterial_road_m": 4011.7393999016958, "land_area_km2": 1.458487, "pop_density_per_km2": 1079.2005688086351, "arterial_km_per_km2": 2.7506171806136743, "log_income": 10.627842660220267, "city": "Kansas City" }, "geometry": { "type": "Polygon", "coordinates": [ [ [ -94.581661, 38.962782 ], [ -94.581508, 38.966371 ], [ -94.581437, 38.967768 ], [ -94.581179, 38.973725 ], [ -94.580007, 38.973831 ], [ -94.57656, 38.973485 ], [ -94.576586, 38.972879 ], [ -94.572844, 38.971342 ], [ -94.571002, 38.968527 ], [ -94.568446, 38.968768 ], [ -94.563319, 38.966032 ], [ -94.564181, 38.964647 ], [ -94.564287, 38.964101 ], [ -94.565846, 38.963911 ], [ -94.577029, 38.964285 ], [ -94.577862, 38.955341 ], [ -94.582003, 38.955523 ], [ -94.581661, 38.962782 ] ] ] } },
{ "type": "Feature", "properties": { "STATEFP": "29", "COUNTYFP": "095", "TRACTCE": "010103", "GEOIDFQ": "1400000US29095010103", "GEOID": "29095010103", "NAME": "101.03", "NAMELSAD": "Census Tract 101.03", "STUSPS": "MO", "NAMELSADCO": "Jackson County", "STATE_NAME": "Missouri", "LSAD": "CT", "ALAND": 3238923, "AWATER": 0, "centroid_lon": -94.571139765605309, "centroid_lat": 38.947721242810616, "B03002_001E": 2580, "B03002_001M": 360, "B03002_012E": 91, "B03002_012M": 75, "B19013_001E": 58086, "B19013_001M": 7143, "B01003_001E": 2580, "state": "29", "county": "095", "tract": "010103", "latino_share": 0.035271317829457367, "camera_count": 2, "arterial_road_m": 8618.9423722902247, "land_area_km2": 3.238923, "pop_density_per_km2": 796.56107909944137, "arterial_km_per_km2": 2.6610519522354261, "log_income": 10.969679949948127, "city": "Kansas City" }, "geometry": { "type": "Polygon", "coordinates": [ [ [ -94.582601, 38.941881 ], [ -94.582344, 38.94828 ], [ -94.582003, 38.955523 ], [ -94.577862, 38.955341 ], [ -94.572668, 38.955083 ], [ -94.563779, 38.954485 ], [ -94.558993, 38.954131 ], [ -94.557338, 38.954008 ], [ -94.556987, 38.950653 ], [ -94.558855, 38.948321 ], [ -94.563186, 38.945241 ], [ -94.564008, 38.944066 ], [ -94.560854, 38.94079 ], [ -94.560501, 38.939346 ], [ -94.565071, 38.939568 ], [ -94.567702, 38.939695 ], [ -94.574677, 38.940024 ], [ -94.582644, 38.940386 ], [ -94.582601, 38.941881 ] ] ] } },
{ "type": "Feature", "properties": { "STATEFP": "29", "COUNTYFP": "095", "TRACTCE": "010203", "GEOIDFQ": "1400000US29095010203", "GEOID": "29095010203", "NAME": "102.03", "NAMELSAD": "Census Tract 102.03", "STUSPS": "MO", "NAMELSADCO": "Jackson County", "STATE_NAME": "Missouri", "LSAD": "CT", "ALAND": 5746211, "AWATER": 34078, "centroid_lon": -94.549912193887124, "centroid_lat": 38.931523929109915, "B03002_001E": 4148, "B03002_001M": 591, "B03002_012E": 260, "B03002_012M": 165, "B19013_001E": 78889, "B19013_001M": 27907, "B01003_001E": 4148, "state": "29", "county": "095", "tract": "010203", "latino_share": 0.062680810028929598, "camera_count": 1, "arterial_road_m": 17516.679575961662, "land_area_km2": 5.746211, "pop_density_per_km2": 721.86698330430261, "arterial_km_per_km2": 3.0483878117183063, "log_income": 11.275797080130991, "city": "Kansas City" }, "geometry": { "type": "Polygon", "coordinates": [ [ [ -94.573115, 38.927571 ], [ -94.572203, 38.92999 ], [ -94.571978, 38.930438 ], [ -94.570228, 38.933245 ], [ -94.56898, 38.9355 ], [ -94.567702, 38.939695 ], [ -94.565071, 38.939568 ], [ -94.560501, 38.939346 ], [ -94.559746, 38.93931 ], [ -94.544968, 38.938603 ], [ -94.543943, 38.938678 ], [ -94.539519, 38.940079 ], [ -94.537096, 38.941724 ], [ -94.536779, 38.940999 ], [ -94.53675, 38.940924 ], [ -94.534149, 38.937241 ], [ -94.529986, 38.93362 ], [ -94.528054, 38.930684 ], [ -94.527881, 38.924236 ], [ -94.52912, 38.923724 ], [ -94.532291, 38.92385 ], [ -94.541601, 38.924242 ], [ -94.546196, 38.924434 ], [ -94.554265, 38.924729 ], [ -94.566043, 38.925122 ], [ -94.567759, 38.925212 ], [ -94.570957, 38.92562 ], [ -94.572882, 38.925497 ], [ -94.573498, 38.925363 ], [ -94.573115, 38.927571 ] ] ] } },
{ "type": "Feature", "properties": { "STATEFP": "29", "COUNTYFP": "095", "TRACTCE": "017600", "GEOIDFQ": "1400000US29095017600", "GEOID": "29095017600", "NAME": "176", "NAMELSAD": "Census Tract 176", "STUSPS": "MO", "NAMELSADCO": "Jackson County", "STATE_NAME": "Missouri", "LSAD": "CT", "ALAND": 9936526, "AWATER": 45198, "centroid_lon": -94.433483557678713, "centroid_lat": 38.995317848117793, "B03002_001E": 5186, "B03002_001M": 825, "B03002_012E": 554, "B03002_012M": 273, "B19013_001E": 96477, "B19013_001M": 14928, "B01003_001E": 5186, "state": "29", "county": "095", "tract": "017600", "latino_share": 0.10682607018897031, "camera_count": 0, "arterial_road_m": 8097.9106288284547, "land_area_km2": 9.936526, "pop_density_per_km2": 521.91278923841185, "arterial_km_per_km2": 0.81496396515527203, "log_income": 11.477059916950205, "city": "Kansas City" }, "geometry": { "type": "Polygon", "coordinates": [ [ [ -94.445253, 38.989222 ], [ -94.444965, 38.990553 ], [ -94.44443, 39.000576 ], [ -94.444289, 39.005521 ], [ -94.44417, 39.007796 ], [ -94.444139, 39.008329 ], [ -94.44392, 39.014991 ], [ -94.443561, 39.02224 ], [ -94.443475, 39.024395 ], [ -94.442208, 39.024647 ], [ -94.440755, 39.026821 ], [ -94.437686, 39.026777 ], [ -94.437524, 39.026776 ], [ -94.429995, 39.026444 ], [ -94.43059, 39.014447 ], [ -94.430762, 39.010684 ], [ -94.431102, 39.003537 ], [ -94.429677, 39.002441 ], [ -94.428375, 39.001681 ], [ -94.426638, 38.998862 ], [ -94.41892, 38.998866 ], [ -94.416623, 38.999847 ], [ -94.416124, 38.99755 ], [ -94.417082, 38.994883 ], [ -94.417417, 38.991073 ], [ -94.417256, 38.985819 ], [ -94.417808, 38.984751 ], [ -94.418777, 38.983946 ], [ -94.421999, 38.982601 ], [ -94.424923, 38.980221 ], [ -94.425807, 38.978351 ], [ -94.426415, 38.970893 ], [ -94.42653, 38.970204 ], [ -94.42667, 38.969767 ], [ -94.426859, 38.96934 ], [ -94.428014, 38.967486 ], [ -94.429192, 38.965596 ], [ -94.429234, 38.965529 ], [ -94.432324, 38.966819 ], [ -94.436967, 38.967424 ], [ -94.43846, 38.968055 ], [ -94.441106, 38.970473 ], [ -94.440341, 38.986616 ], [ -94.442636, 38.986714 ], [ -94.445273, 38.98712 ], [ -94.445253, 38.989222 ] ] ] } },
{ "type": "Feature", "properties": { "STATEFP": "29", "COUNTYFP": "095", "TRACTCE": "015500", "GEOIDFQ": "1400000US29095015500", "GEOID": "29095015500", "NAME": "155", "NAMELSAD": "Census Tract 155", "STUSPS": "MO", "NAMELSADCO": "Jackson County", "STATE_NAME": "Missouri", "LSAD": "CT", "ALAND": 24835940, "AWATER": 1802337, "centroid_lon": -94.50819640240168, "centroid_lat": 39.128094782038346, "B03002_001E": 1654, "B03002_001M": 467, "B03002_012E": 663, "B03002_012M": 457, "B19013_001E": 42031, "B19013_001M": 5970, "B01003_001E": 1654, "state": "29", "county": "095", "tract": "015500", "latino_share": 0.40084643288996374, "camera_count": 7, "arterial_road_m": 43349.811994581309, "land_area_km2": 24.83594, "pop_density_per_km2": 66.597036391616342, "arterial_km_per_km2": 1.745446799862671, "log_income": 10.64616272024527, "city": "Kansas City" }, "geometry": { "type": "Polygon", "coordinates": [ [ [ -94.564724, 39.12346 ], [ -94.558317, 39.125757 ], [ -94.554952, 39.127428 ], [ -94.549573, 39.130895 ], [ -94.546132, 39.134303 ], [ -94.539232, 39.142703 ], [ -94.53572, 39.144947 ], [ -94.534061, 39.145908 ], [ -94.531298, 39.146864 ], [ -94.53079, 39.147082 ], [ -94.520887, 39.149219 ], [ -94.512679, 39.150451 ], [ -94.506406, 39.150914 ], [ -94.499031, 39.150603 ], [ -94.498198, 39.150418 ], [ -94.495411, 39.150394 ], [ -94.489764, 39.148308 ], [ -94.484616, 39.145504 ], [ -94.484112, 39.145009 ], [ -94.48023, 39.141403 ], [ -94.47633, 39.137004 ], [ -94.46933, 39.130704 ], [ -94.469318, 39.128839 ], [ -94.467546, 39.12478 ], [ -94.467319, 39.124589 ], [ -94.467625, 39.120623 ], [ -94.467626, 39.120571 ], [ -94.467907, 39.117846 ], [ -94.467893, 39.115057 ], [ -94.4679, 39.114358 ], [ -94.47055, 39.114024 ], [ -94.470584, 39.113257 ], [ -94.470649, 39.111619 ], [ -94.471093, 39.111123 ], [ -94.472001, 39.111554 ], [ -94.47374, 39.111615 ], [ -94.474026, 39.111367 ], [ -94.477375, 39.112404 ], [ -94.477353, 39.111251 ], [ -94.481228, 39.111412 ], [ -94.481238, 39.111249 ], [ -94.481421, 39.10806 ], [ -94.479646, 39.10849 ], [ -94.479652, 39.10842 ], [ -94.478973, 39.107857 ], [ -94.479365, 39.105651 ], [ -94.479335, 39.105259 ], [ -94.478955, 39.104821 ], [ -94.477767, 39.103955 ], [ -94.477576, 39.103764 ], [ -94.476273, 39.100895 ], [ -94.477813, 39.099297 ], [ -94.486729, 39.099655 ], [ -94.486948, 39.092816 ], [ -94.487558, 39.092879 ], [ -94.487883, 39.095864 ], [ -94.486269, 39.102753 ], [ -94.486044, 39.106676 ], [ -94.48764, 39.1066 ], [ -94.490096, 39.105945 ], [ -94.494078, 39.104783 ], [ -94.500679, 39.104571 ], [ -94.501163, 39.10682 ], [ -94.5038, 39.106813 ], [ -94.508328, 39.104823 ], [ -94.511209, 39.104926 ], [ -94.51433, 39.10503 ], [ -94.514137, 39.105452 ], [ -94.510102, 39.106787 ], [ -94.509931, 39.108454 ], [ -94.509504, 39.108986 ], [ -94.509348, 39.112126 ], [ -94.508393, 39.11539 ], [ -94.507772, 39.119405 ], [ -94.508518, 39.119686 ], [ -94.518209, 39.120063 ], [ -94.527449, 39.12004 ], [ -94.531093, 39.120057 ], [ -94.535804, 39.119799 ], [ -94.537194, 39.119739 ], [ -94.538426, 39.119655 ], [ -94.548182, 39.118183 ], [ -94.564557, 39.114766 ], [ -94.564484, 39.117119 ], [ -94.564475, 39.120359 ], [ -94.565803, 39.12325 ], [ -94.564724, 39.12346 ] ] ] } },
{ "type": "Feature", "properties": { "STATEFP": "29", "COUNTYFP": "095", "TRACTCE": "008800", "GEOIDFQ": "1400000US29095008800", "GEOID": "29095008800", "NAME": "88", "NAMELSAD": "Census Tract 88", "STUSPS": "MO", "NAMELSADCO": "Jackson County", "STATE_NAME": "Missouri", "LSAD": "CT", "ALAND": 2389431, "AWATER": 0, "centroid_lon": -94.546275700891655, "centroid_lat": 39.003977077996659, "B03002_001E": 3526, "B03002_001M": 468, "B03002_012E": 326, "B03002_012M": 169, "B19013_001E": 42844, "B19013_001M": 15250, "B01003_001E": 3526, "state": "29", "county": "095", "tract": "008800", "latino_share": 0.092456040839478157, "camera_count": 0, "arterial_road_m": 10288.666715606965, "land_area_km2": 2.389431, "pop_density_per_km2": 1475.6651269695587, "arterial_km_per_km2": 4.3059066010305234, "log_income": 10.665320890884519, "city": "Kansas City" }, "geometry": { "type": "Polygon", "coordinates": [ [ [ -94.556748, 38.998031 ], [ -94.556026, 38.998039 ], [ -94.555421, 39.005236 ], [ -94.555324, 39.007214 ], [ -94.555136, 39.011791 ], [ -94.555231, 39.012448 ], [ -94.542364, 39.011909 ], [ -94.542432, 39.007277 ], [ -94.54258, 39.004661 ], [ -94.533241, 39.004238 ], [ -94.533504, 38.996941 ], [ -94.535934, 38.997603 ], [ -94.54288, 38.998307 ], [ -94.543923, 38.997949 ], [ -94.545254, 38.997519 ], [ -94.553638, 38.997893 ], [ -94.553797, 38.997858 ], [ -94.554888, 38.997908 ], [ -94.556034, 38.997976 ], [ -94.556748, 38.998031 ] ] ] } },
{ "type": "Feature", "properties": { "STATEFP": "29", "COUNTYFP": "095", "TRACTCE": "002200", "GEOIDFQ": "1400000US29095002200", "GEOID": "29095002200", "NAME": "22", "NAMELSAD": "Census Tract 22", "STUSPS": "MO", "NAMELSADCO": "Jackson County", "STATE_NAME": "Missouri", "LSAD": "CT", "ALAND": 1751789, "AWATER": 0, "centroid_lon": -94.521228197263994, "centroid_lat": 39.090754617408223, "B03002_001E": 2952, "B03002_001M": 720, "B03002_012E": 1806, "B03002_012M": 743, "B19013_001E": 21128, "B19013_001M": 9806, "B01003_001E": 2952, "state": "29", "county": "095", "tract": "002200", "latino_share": 0.61178861788617889, "camera_count": 7, "arterial_road_m": 6220.7576790410849, "land_area_km2": 1.751789, "pop_density_per_km2": 1685.1344539781903, "arterial_km_per_km2": 3.5510884467484867, "log_income": 9.9583544539769679, "city": "Kansas City" }, "geometry": { "type": "Polygon", "coordinates": [ [ [ -94.528347, 39.098053 ], [ -94.523151, 39.097897 ], [ -94.519172, 39.097744 ], [ -94.514591, 39.097598 ], [ -94.514855, 39.091582 ], [ -94.514878, 39.09126 ], [ -94.514943, 39.090332 ], [ -94.515285, 39.083118 ], [ -94.521088, 39.083299 ], [ -94.523357, 39.083379 ], [ -94.524514, 39.083422 ], [ -94.527591, 39.083533 ], [ -94.526917, 39.089983 ], [ -94.526874, 39.090734 ], [ -94.526716, 39.0942 ], [ -94.528862, 39.094181 ], [ -94.528347, 39.098053 ] ] ] } },
{ "type": "Feature", "properties": { "STATEFP": "29", "COUNTYFP": "095", "TRACTCE": "003400", "GEOIDFQ": "1400000US29095003400", "GEOID": "29095003400", "NAME": "34", "NAMELSAD": "Census Tract 34", "STUSPS": "MO", "NAMELSADCO": "Jackson County", "STATE_NAME": "Missouri", "LSAD": "CT", "ALAND": 1280233, "AWATER": 0, "centroid_lon": -94.524705367725758, "centroid_lat": 39.079810438378082, "B03002_001E": 3766, "B03002_001M": 1105, "B03002_012E": 2033, "B03002_012M": 930, "B19013_001E": 36295, "B19013_001M": 11847, "B01003_001E": 3766, "state": "29", "county": "095", "tract": "003400", "latino_share": 0.53983005841741905, "camera_count": 0, "arterial_road_m": 3028.59496484387, "land_area_km2": 1.280233, "pop_density_per_km2": 2941.6520274043864, "arterial_km_per_km2": 2.3656591923844097, "log_income": 10.499435269718941, "city": "Kansas City" }, "geometry": { "type": "Polygon", "coordinates": [ [ [ -94.533736, 39.0837 ], [ -94.52854, 39.083566 ], [ -94.527591, 39.083533 ], [ -94.524514, 39.083422 ], [ -94.523357, 39.083379 ], [ -94.521088, 39.083299 ], [ -94.515285, 39.083118 ], [ -94.515662, 39.075917 ], [ -94.520262, 39.076063 ], [ -94.522924, 39.076145 ], [ -94.524871, 39.0762 ], [ -94.52585, 39.076227 ], [ -94.528849, 39.07632 ], [ -94.534101, 39.076482 ], [ -94.533736, 39.0837 ] ] ] } },
{ "type": "Feature", "properties": { "STATEFP": "29", "COUNTYFP": "095", "TRACTCE": "009500", "GEOIDFQ": "1400000US29095009500", "GEOID": "29095009500", "NAME": "95", "NAMELSAD": "Census Tract 95", "STUSPS": "MO", "NAMELSADCO": "Jackson County", "STATE_NAME": "Missouri", "LSAD": "CT", "ALAND": 2135796, "AWATER": 0, "centroid_lon": -94.568375308664457, "centroid_lat": 38.976025918431432, "B03002_001E": 3293, "B03002_001M": 507, "B03002_012E": 452, "B03002_012M": 347, "B19013_001E": 46766, "B19013_001M": 10866, "B01003_001E": 3293, "state": "29", "county": "095", "tract": "009500", "latino_share": 0.13726085636197996, "camera_count": 0, "arterial_road_m": 3669.2684304259838, "land_area_km2": 2.135796, "pop_density_per_km2": 1541.813918557765, "arterial_km_per_km2": 1.717986376239109, "log_income": 10.752911722153339, "city": "Kansas City" }, "geometry": { "type": "Polygon", "coordinates": [ [ [ -94.57656, 38.973485 ], [ -94.576453, 38.975822 ], [ -94.576167, 38.981533 ], [ -94.576025, 38.984334 ], [ -94.566854, 38.983946 ], [ -94.562224, 38.983773 ], [ -94.562755, 38.972873 ], [ -94.558172, 38.972663 ], [ -94.558217, 38.971695 ], [ -94.561066, 38.968839 ], [ -94.562635, 38.965799 ], [ -94.563319, 38.966032 ], [ -94.568446, 38.968768 ], [ -94.571002, 38.968527 ], [ -94.572844, 38.971342 ], [ -94.576586, 38.972879 ], [ -94.57656, 38.973485 ] ] ] } },
{ "type": "Feature", "properties": { "STATEFP": "29", "COUNTYFP": "095", "TRACTCE": "014300", "GEOIDFQ": "1400000US29095014300", "GEOID": "29095014300", "NAME": "143", "NAMELSAD": "Census Tract 143", "STUSPS": "MO", "NAMELSADCO": "Jackson County", "STATE_NAME": "Missouri", "LSAD": "CT", "ALAND": 31477569, "AWATER": 312257, "centroid_lon": -94.406169287556168, "centroid_lat": 38.991180558632863, "B03002_001E": 5243, "B03002_001M": 1012, "B03002_012E": 652, "B03002_012M": 801, "B19013_001E": 71367, "B19013_001M": 22319, "B01003_001E": 5243, "state": "29", "county": "095", "tract": "014300", "latino_share": 0.12435628456990273, "camera_count": 0, "arterial_road_m": 34242.843933920929, "land_area_km2": 31.477569, "pop_density_per_km2": 166.56305320147183, "arterial_km_per_km2": 1.0878490627380066, "log_income": 11.175590856613375, "city": "Kansas City" }, "geometry": { "type": "Polygon", "coordinates": [ [ [ -94.430762, 39.010684 ], [ -94.43059, 39.014447 ], [ -94.429995, 39.026444 ], [ -94.425375, 39.026309 ], [ -94.424971, 39.035202 ], [ -94.424968, 39.035257 ], [ -94.424615, 39.035218 ], [ -94.422817, 39.035124 ], [ -94.42228, 39.03511 ], [ -94.415697, 39.034803 ], [ -94.414575, 39.035577 ], [ -94.406356, 39.035266 ], [ -94.400616, 39.035023 ], [ -94.388035, 39.034417 ], [ -94.388278, 39.02638 ], [ -94.38891, 39.020355 ], [ -94.38876, 39.019449 ], [ -94.388498, 39.018756 ], [ -94.388463, 39.018704 ], [ -94.387974, 39.017978 ], [ -94.387554, 39.017369 ], [ -94.386764, 39.016094 ], [ -94.386654, 39.015556 ], [ -94.387191, 39.012577 ], [ -94.388285, 39.006692 ], [ -94.388967, 39.005376 ], [ -94.38872, 39.001166 ], [ -94.389417, 38.997933 ], [ -94.389196, 38.98349 ], [ -94.389194, 38.981655 ], [ -94.389998, 38.976267 ], [ -94.390195, 38.973132 ], [ -94.388587, 38.970296 ], [ -94.387837, 38.963778 ], [ -94.386017, 38.959862 ], [ -94.384617, 38.956623 ], [ -94.378874, 38.95285 ], [ -94.378202, 38.951862 ], [ -94.378133, 38.946622 ], [ -94.381575, 38.94671 ], [ -94.382773, 38.946629 ], [ -94.387092, 38.94572 ], [ -94.401038, 38.944735 ], [ -94.403, 38.944595 ], [ -94.408957, 38.944251 ], [ -94.409139, 38.944243 ], [ -94.409855, 38.946766 ], [ -94.411175, 38.948797 ], [ -94.412577, 38.950067 ], [ -94.41479, 38.951325 ], [ -94.420996, 38.954048 ], [ -94.421897, 38.957825 ], [ -94.428516, 38.965235 ], [ -94.429192, 38.965596 ], [ -94.428014, 38.967486 ], [ -94.426859, 38.96934 ], [ -94.42667, 38.969767 ], [ -94.42653, 38.970204 ], [ -94.426415, 38.970893 ], [ -94.425807, 38.978351 ], [ -94.424923, 38.980221 ], [ -94.421999, 38.982601 ], [ -94.418777, 38.983946 ], [ -94.417808, 38.984751 ], [ -94.417256, 38.985819 ], [ -94.417417, 38.991073 ], [ -94.417082, 38.994883 ], [ -94.416124, 38.99755 ], [ -94.416623, 38.999847 ], [ -94.41892, 38.998866 ], [ -94.426638, 38.998862 ], [ -94.428375, 39.001681 ], [ -94.429677, 39.002441 ], [ -94.431102, 39.003537 ], [ -94.430762, 39.010684 ] ] ] } },
{ "type": "Feature", "properties": { "STATEFP": "29", "COUNTYFP": "095", "TRACTCE": "001100", "GEOIDFQ": "1400000US29095001100", "GEOID": "29095001100", "NAME": "11", "NAMELSAD": "Census Tract 11", "STUSPS": "MO", "NAMELSADCO": "Jackson County", "STATE_NAME": "Missouri", "LSAD": "CT", "ALAND": 652834, "AWATER": 0, "centroid_lon": -94.591654567869696, "centroid_lat": 39.10112117457372, "B03002_001E": 2020, "B03002_001M": 277, "B03002_012E": 154, "B03002_012M": 101, "B19013_001E": 60793, "B19013_001M": 8169, "B01003_001E": 2020, "state": "29", "county": "095", "tract": "001100", "latino_share": 0.076237623762376236, "camera_count": 3, "arterial_road_m": 13621.922087202214, "land_area_km2": 0.652834, "pop_density_per_km2": 3094.201588765291, "arterial_km_per_km2": 20.865828200127773, "log_income": 11.015229929747163, "city": "Kansas City" }, "geometry": { "type": "Polygon", "coordinates": [ [ [ -94.594761, 39.102455 ], [ -94.594291, 39.103751 ], [ -94.593016, 39.105858 ], [ -94.592104, 39.106831 ], [ -94.588226, 39.10688 ], [ -94.58806, 39.106876 ], [ -94.588057, 39.106854 ], [ -94.58832, 39.102389 ], [ -94.588381, 39.101012 ], [ -94.588602, 39.096171 ], [ -94.591038, 39.096181 ], [ -94.591485, 39.096185 ], [ -94.593223, 39.096221 ], [ -94.596521, 39.09698 ], [ -94.594761, 39.102455 ] ] ] } },
{ "type": "Feature", "properties": { "STATEFP": "29", "COUNTYFP": "095", "TRACTCE": "013100", "GEOIDFQ": "1400000US29095013100", "GEOID": "29095013100", "NAME": "131", "NAMELSAD": "Census Tract 131", "STUSPS": "MO", "NAMELSADCO": "Jackson County", "STATE_NAME": "Missouri", "LSAD": "CT", "ALAND": 4016763, "AWATER": 0, "centroid_lon": -94.518197217968179, "centroid_lat": 38.924601650714621, "B03002_001E": 2934, "B03002_001M": 466, "B03002_012E": 198, "B03002_012M": 161, "B19013_001E": 54018, "B19013_001M": 26004, "B01003_001E": 2934, "state": "29", "county": "095", "tract": "013100", "latino_share": 0.067484662576687116, "camera_count": 0, "arterial_road_m": 20769.303818428139, "land_area_km2": 4.016763, "pop_density_per_km2": 730.43891312482219, "arterial_km_per_km2": 5.1706570236850267, "log_income": 10.897072603336532, "city": "Kansas City" }, "geometry": { "type": "Polygon", "coordinates": [ [ [ -94.529986, 38.93362 ], [ -94.526152, 38.932269 ], [ -94.522804, 38.933 ], [ -94.522795, 38.933262 ], [ -94.520835, 38.933822 ], [ -94.511009, 38.938434 ], [ -94.510446, 38.938442 ], [ -94.508596, 38.938722 ], [ -94.508636, 38.937846 ], [ -94.507737, 38.930535 ], [ -94.507726, 38.929677 ], [ -94.508141, 38.926396 ], [ -94.509309, 38.922436 ], [ -94.511429, 38.917202 ], [ -94.513293, 38.915457 ], [ -94.516854, 38.913017 ], [ -94.522932, 38.908822 ], [ -94.523691, 38.908897 ], [ -94.523868, 38.909368 ], [ -94.524109, 38.91083 ], [ -94.527827, 38.918242 ], [ -94.528008, 38.919655 ], [ -94.527881, 38.924236 ], [ -94.528054, 38.930684 ], [ -94.529986, 38.93362 ] ] ] } },
{ "type": "Feature", "properties": { "STATEFP": "29", "COUNTYFP": "095", "TRACTCE": "017400", "GEOIDFQ": "1400000US29095017400", "GEOID": "29095017400", "NAME": "174", "NAMELSAD": "Census Tract 174", "STUSPS": "MO", "NAMELSADCO": "Jackson County", "STATE_NAME": "Missouri", "LSAD": "CT", "ALAND": 6365203, "AWATER": 0, "centroid_lon": -94.52329167409367, "centroid_lat": 38.959646629356641, "B03002_001E": 3268, "B03002_001M": 651, "B03002_012E": 54, "B03002_012M": 55, "B19013_001E": 40141, "B19013_001M": 6159, "B01003_001E": 3268, "state": "29", "county": "095", "tract": "017400", "latino_share": 0.016523867809057527, "camera_count": 4, "arterial_road_m": 21510.483412505593, "land_area_km2": 6.365203, "pop_density_per_km2": 513.41646134459495, "arterial_km_per_km2": 3.3793868651959085, "log_income": 10.600153534845193, "city": "Kansas City" }, "geometry": { "type": "Polygon", "coordinates": [ [ [ -94.54484, 38.968839 ], [ -94.541687, 38.96989 ], [ -94.53552, 38.967976 ], [ -94.519952, 38.967411 ], [ -94.514209, 38.967179 ], [ -94.502989, 38.966685 ], [ -94.502046, 38.966519 ], [ -94.501424, 38.966484 ], [ -94.500202, 38.966436 ], [ -94.499631, 38.966413 ], [ -94.497984, 38.962945 ], [ -94.497617, 38.960113 ], [ -94.498259, 38.958882 ], [ -94.499448, 38.958214 ], [ -94.503031, 38.957687 ], [ -94.507093, 38.955 ], [ -94.507942, 38.952392 ], [ -94.513204, 38.952594 ], [ -94.521882, 38.952946 ], [ -94.521944, 38.952948 ], [ -94.5251, 38.953124 ], [ -94.529597, 38.953231 ], [ -94.532565, 38.948906 ], [ -94.536779, 38.940999 ], [ -94.537096, 38.941724 ], [ -94.537796, 38.943778 ], [ -94.540138, 38.953781 ], [ -94.543343, 38.965328 ], [ -94.544787, 38.968726 ], [ -94.54484, 38.968839 ] ] ] } },
{ "type": "Feature", "properties": { "STATEFP": "29", "COUNTYFP": "095", "TRACTCE": "005400", "GEOIDFQ": "1400000US29095005400", "GEOID": "29095005400", "NAME": "54", "NAMELSAD": "Census Tract 54", "STUSPS": "MO", "NAMELSADCO": "Jackson County", "STATE_NAME": "Missouri", "LSAD": "CT", "ALAND": 645712, "AWATER": 0, "centroid_lon": -94.557650656589487, "centroid_lat": 39.066403394226654, "B03002_001E": 646, "B03002_001M": 101, "B03002_012E": 47, "B03002_012M": 60, "B19013_001E": 14326, "B19013_001M": 4408, "B01003_001E": 646, "state": "29", "county": "095", "tract": "005400", "latino_share": 0.07275541795665634, "camera_count": 3, "arterial_road_m": 6561.3989585475501, "land_area_km2": 0.645712, "pop_density_per_km2": 1000.4460192779444, "arterial_km_per_km2": 10.161494534014469, "log_income": 9.5698313471743965, "city": "Kansas City" }, "geometry": { "type": "Polygon", "coordinates": [ [ [ -94.562188, 39.068373 ], [ -94.562091, 39.070185 ], [ -94.560491, 39.070129 ], [ -94.552845, 39.069866 ], [ -94.552932, 39.068053 ], [ -94.553203, 39.062627 ], [ -94.562457, 39.062937 ], [ -94.562188, 39.068373 ] ] ] } },
{ "type": "Feature", "properties": { "STATEFP": "29", "COUNTYFP": "095", "TRACTCE": "015900", "GEOIDFQ": "1400000US29095015900", "GEOID": "29095015900", "NAME": "159", "NAMELSAD": "Census Tract 159", "STUSPS": "MO", "NAMELSADCO": "Jackson County", "STATE_NAME": "Missouri", "LSAD": "CT", "ALAND": 612318, "AWATER": 0, "centroid_lon": -94.575419274323778, "centroid_lat": 39.101424592440857, "B03002_001E": 1605, "B03002_001M": 175, "B03002_012E": 115, "B03002_012M": 105, "B19013_001E": 62898, "B19013_001M": 5733, "B01003_001E": 1605, "state": "29", "county": "095", "tract": "015900", "latino_share": 0.071651090342679122, "camera_count": 7, "arterial_road_m": 14036.638505892321, "land_area_km2": 0.612318, "pop_density_per_km2": 2621.1870302685857, "arterial_km_per_km2": 22.923772461192254, "log_income": 11.049269645680628, "city": "Kansas City" }, "geometry": { "type": "Polygon", "coordinates": [ [ [ -94.57867, 39.10618 ], [ -94.577945, 39.106154 ], [ -94.577082, 39.106587 ], [ -94.576924, 39.106582 ], [ -94.571959, 39.106258 ], [ -94.570599, 39.10633 ], [ -94.571269, 39.105654 ], [ -94.572463, 39.103207 ], [ -94.572587, 39.098677 ], [ -94.571877, 39.097418 ], [ -94.572892, 39.096663 ], [ -94.573172, 39.096587 ], [ -94.575227, 39.096245 ], [ -94.57796, 39.095815 ], [ -94.578741, 39.095794 ], [ -94.578731, 39.095994 ], [ -94.57847, 39.100947 ], [ -94.578371, 39.103412 ], [ -94.578282, 39.104339 ], [ -94.578824, 39.104358 ], [ -94.57867, 39.10618 ] ] ] } },
{ "type": "Feature", "properties": { "STATEFP": "29", "COUNTYFP": "095", "TRACTCE": "015701", "GEOIDFQ": "1400000US29095015701", "GEOID": "29095015701", "NAME": "157.01", "NAMELSAD": "Census Tract 157.01", "STUSPS": "MO", "NAMELSADCO": "Jackson County", "STATE_NAME": "Missouri", "LSAD": "CT", "ALAND": 529073, "AWATER": 0, "centroid_lon": -94.585772750939668, "centroid_lat": 39.101420846693358, "B03002_001E": 1829, "B03002_001M": 304, "B03002_012E": 163, "B03002_012M": 93, "B19013_001E": 64927, "B19013_001M": 12483, "B01003_001E": 1829, "state": "29", "county": "095", "tract": "015701", "latino_share": 0.089119737561509024, "camera_count": 4, "arterial_road_m": 7291.4719439569226, "land_area_km2": 0.529073, "pop_density_per_km2": 3456.9898671827896, "arterial_km_per_km2": 13.78159903067615, "log_income": 11.081018840831232, "city": "Kansas City" }, "geometry": { "type": "Polygon", "coordinates": [ [ [ -94.588381, 39.101012 ], [ -94.58832, 39.102389 ], [ -94.588057, 39.106854 ], [ -94.58806, 39.106876 ], [ -94.585231, 39.1068 ], [ -94.583549, 39.106748 ], [ -94.583089, 39.105825 ], [ -94.583074, 39.103561 ], [ -94.583157, 39.101095 ], [ -94.583166, 39.100808 ], [ -94.583396, 39.096038 ], [ -94.587179, 39.096215 ], [ -94.588602, 39.096171 ], [ -94.588381, 39.101012 ] ] ] } },
{ "type": "Feature", "properties": { "STATEFP": "29", "COUNTYFP": "095", "TRACTCE": "017800", "GEOIDFQ": "1400000US29095017800", "GEOID": "29095017800", "NAME": "178", "NAMELSAD": "Census Tract 178", "STUSPS": "MO", "NAMELSADCO": "Jackson County", "STATE_NAME": "Missouri", "LSAD": "CT", "ALAND": 1216839, "AWATER": 0, "centroid_lon": -94.578551102563495, "centroid_lat": 39.066239680233025, "B03002_001E": 3779, "B03002_001M": 512, "B03002_012E": 459, "B03002_012M": 211, "B19013_001E": 51709, "B19013_001M": 11511, "B01003_001E": 3779, "state": "29", "county": "095", "tract": "017800", "latino_share": 0.12146070388991796, "camera_count": 12, "arterial_road_m": 6075.636437822106, "land_area_km2": 1.216839, "pop_density_per_km2": 3105.5875099335244, "arterial_km_per_km2": 4.9929665615764334, "log_income": 10.853387126584051, "city": "Kansas City" }, "geometry": { "type": "Polygon", "coordinates": [ [ [ -94.585681, 39.063787 ], [ -94.58532, 39.071032 ], [ -94.580043, 39.070835 ], [ -94.578898, 39.07079 ], [ -94.571313, 39.070502 ], [ -94.571641, 39.064841 ], [ -94.571723, 39.063246 ], [ -94.571818, 39.061403 ], [ -94.581607, 39.061837 ], [ -94.582271, 39.061861 ], [ -94.585784, 39.061983 ], [ -94.585681, 39.063787 ] ] ] } },
{ "type": "Feature", "properties": { "STATEFP": "29", "COUNTYFP": "095", "TRACTCE": "005700", "GEOIDFQ": "1400000US29095005700", "GEOID": "29095005700", "NAME": "57", "NAMELSAD": "Census Tract 57", "STUSPS": "MO", "NAMELSADCO": "Jackson County", "STATE_NAME": "Missouri", "LSAD": "CT", "ALAND": 1278751, "AWATER": 0, "centroid_lon": -94.539400690186994, "centroid_lat": 39.062185972856724, "B03002_001E": 2375, "B03002_001M": 419, "B03002_012E": 135, "B03002_012M": 136, "B19013_001E": 27788, "B19013_001M": 10981, "B01003_001E": 2375, "state": "29", "county": "095", "tract": "005700", "latino_share": 0.056842105263157895, "camera_count": 8, "arterial_road_m": 5174.8255967811028, "land_area_km2": 1.278751, "pop_density_per_km2": 1857.2810500245944, "arterial_km_per_km2": 4.0467812707721071, "log_income": 10.232359551812772, "city": "Kansas City" }, "geometry": { "type": "Polygon", "coordinates": [ [ [ -94.544, 39.062339 ], [ -94.543814, 39.065933 ], [ -94.543626, 39.069558 ], [ -94.542481, 39.06952 ], [ -94.539052, 39.069409 ], [ -94.534482, 39.069272 ], [ -94.534619, 39.065662 ], [ -94.534782, 39.062066 ], [ -94.53517, 39.054831 ], [ -94.539783, 39.054972 ], [ -94.544373, 39.055122 ], [ -94.544, 39.062339 ] ] ] } },
{ "type": "Feature", "properties": { "STATEFP": "29", "COUNTYFP": "095", "TRACTCE": "006100", "GEOIDFQ": "1400000US29095006100", "GEOID": "29095006100", "NAME": "61", "NAMELSAD": "Census Tract 61", "STUSPS": "MO", "NAMELSADCO": "Jackson County", "STATE_NAME": "Missouri", "LSAD": "CT", "ALAND": 1338886, "AWATER": 0, "centroid_lon": -94.549128684960692, "centroid_lat": 39.047719285704574, "B03002_001E": 2561, "B03002_001M": 561, "B03002_012E": 187, "B03002_012M": 203, "B19013_001E": -666666666, "B19013_001M": -222222222, "B01003_001E": 2561, "state": "29", "county": "095", "tract": "006100", "latino_share": 0.073018352206169465, "camera_count": 3, "arterial_road_m": 6681.4606607930145, "land_area_km2": 1.338886, "pop_density_per_km2": 1912.7842101568019, "arterial_km_per_km2": 4.9903133357082039, "log_income": null, "city": "Kansas City" }, "geometry": { "type": "Polygon", "coordinates": [ [ [ -94.553967, 39.048245 ], [ -94.55359, 39.055445 ], [ -94.548987, 39.055283 ], [ -94.546711, 39.055222 ], [ -94.544373, 39.055122 ], [ -94.545043, 39.042157 ], [ -94.543214, 39.040582 ], [ -94.542448, 39.039918 ], [ -94.542098, 39.038611 ], [ -94.547328, 39.040646 ], [ -94.554348, 39.041103 ], [ -94.553967, 39.048245 ] ] ] } },
{ "type": "Feature", "properties": { "STATEFP": "29", "COUNTYFP": "095", "TRACTCE": "016900", "GEOIDFQ": "1400000US29095016900", "GEOID": "29095016900", "NAME": "169", "NAMELSAD": "Census Tract 169", "STUSPS": "MO", "NAMELSADCO": "Jackson County", "STATE_NAME": "Missouri", "LSAD": "CT", "ALAND": 1281773, "AWATER": 0, "centroid_lon": -94.563045542269435, "centroid_lat": 39.052164082665961, "B03002_001E": 2505, "B03002_001M": 486, "B03002_012E": 377, "B03002_012M": 280, "B19013_001E": 40911, "B19013_001M": 14522, "B01003_001E": 2505, "state": "29", "county": "095", "tract": "016900", "latino_share": 0.15049900199600799, "camera_count": 2, "arterial_road_m": 7731.7135038340293, "land_area_km2": 1.281773, "pop_density_per_km2": 1954.32420561207, "arterial_km_per_km2": 6.0320458488624968, "log_income": 10.619154254525943, "city": "Kansas City" }, "geometry": { "type": "Polygon", "coordinates": [ [ [ -94.57233, 39.052523 ], [ -94.572228, 39.054322 ], [ -94.57212, 39.05608 ], [ -94.568682, 39.055965 ], [ -94.567486, 39.055915 ], [ -94.562865, 39.055749 ], [ -94.561461, 39.055702 ], [ -94.55359, 39.055445 ], [ -94.553967, 39.048245 ], [ -94.561896, 39.048511 ], [ -94.566751, 39.048713 ], [ -94.567909, 39.048751 ], [ -94.571271, 39.048867 ], [ -94.572529, 39.04891 ], [ -94.57233, 39.052523 ] ] ] } },
{ "type": "Feature", "properties": { "STATEFP": "29", "COUNTYFP": "095", "TRACTCE": "006700", "GEOIDFQ": "1400000US29095006700", "GEOID": "29095006700", "NAME": "67", "NAMELSAD": "Census Tract 67", "STUSPS": "MO", "NAMELSADCO": "Jackson County", "STATE_NAME": "Missouri", "LSAD": "CT", "ALAND": 487645, "AWATER": 0, "centroid_lon": -94.582808584756378, "centroid_lat": 39.05268269690162, "B03002_001E": 1423, "B03002_001M": 247, "B03002_012E": 112, "B03002_012M": 66, "B19013_001E": 52347, "B19013_001M": 20382, "B01003_001E": 1423, "state": "29", "county": "095", "tract": "006700", "latino_share": 0.078706957132817987, "camera_count": 4, "arterial_road_m": 1410.3758515247757, "land_area_km2": 0.487645, "pop_density_per_km2": 2918.1064093756727, "arterial_km_per_km2": 2.8922184202130152, "log_income": 10.86564990806634, "city": "Kansas City" }, "geometry": { "type": "Polygon", "coordinates": [ [ [ -94.58639, 39.051768 ], [ -94.586105, 39.056576 ], [ -94.58, 39.056349 ], [ -94.579651, 39.055729 ], [ -94.579365, 39.052769 ], [ -94.579398, 39.051679 ], [ -94.578966, 39.049632 ], [ -94.578721, 39.049099 ], [ -94.579669, 39.048593 ], [ -94.581576, 39.04926 ], [ -94.583024, 39.049235 ], [ -94.586536, 39.049331 ], [ -94.58639, 39.051768 ] ] ] } },
{ "type": "Feature", "properties": { "STATEFP": "29", "COUNTYFP": "095", "TRACTCE": "007700", "GEOIDFQ": "1400000US29095007700", "GEOID": "29095007700", "NAME": "77", "NAMELSAD": "Census Tract 77", "STUSPS": "MO", "NAMELSADCO": "Jackson County", "STATE_NAME": "Missouri", "LSAD": "CT", "ALAND": 1552382, "AWATER": 0, "centroid_lon": -94.548489211536776, "centroid_lat": 39.033348364797156, "B03002_001E": 1712, "B03002_001M": 491, "B03002_012E": 23, "B03002_012M": 37, "B19013_001E": 39623, "B19013_001M": 13113, "B01003_001E": 1712, "state": "29", "county": "095", "tract": "007700", "latino_share": 0.013434579439252336, "camera_count": 2, "arterial_road_m": 7397.1800769688662, "land_area_km2": 1.552382, "pop_density_per_km2": 1102.8213416543094, "arterial_km_per_km2": 4.7650514351292834, "log_income": 10.587165036719648, "city": "Kansas City" }, "geometry": { "type": "Polygon", "coordinates": [ [ [ -94.554586, 39.036525 ], [ -94.554348, 39.041103 ], [ -94.547328, 39.040646 ], [ -94.542098, 39.038611 ], [ -94.542989, 39.037174 ], [ -94.543257, 39.036647 ], [ -94.543375, 39.036143 ], [ -94.542993, 39.033346 ], [ -94.542396, 39.032031 ], [ -94.542456, 39.029714 ], [ -94.542388, 39.027284 ], [ -94.54191, 39.026079 ], [ -94.552863, 39.026452 ], [ -94.554289, 39.0265 ], [ -94.553907, 39.031145 ], [ -94.553405, 39.033708 ], [ -94.553419, 39.034155 ], [ -94.553871, 39.035534 ], [ -94.554167, 39.035986 ], [ -94.554412, 39.036322 ], [ -94.554586, 39.036525 ] ] ] } },
{ "type": "Feature", "properties": { "STATEFP": "29", "COUNTYFP": "095", "TRACTCE": "008500", "GEOIDFQ": "1400000US29095008500", "GEOID": "29095008500", "NAME": "85", "NAMELSAD": "Census Tract 85", "STUSPS": "MO", "NAMELSADCO": "Jackson County", "STATE_NAME": "Missouri", "LSAD": "CT", "ALAND": 2016815, "AWATER": 0, "centroid_lon": -94.600704569135914, "centroid_lat": 39.007239650831657, "B03002_001E": 3624, "B03002_001M": 535, "B03002_012E": 35, "B03002_012M": 34, "B19013_001E": 226705, "B19013_001M": 47732, "B01003_001E": 3624, "state": "29", "county": "095", "tract": "008500", "latino_share": 0.0096578366445916122, "camera_count": 4, "arterial_road_m": 9966.7801180221322, "land_area_km2": 2.016815, "pop_density_per_km2": 1796.892625253184, "arterial_km_per_km2": 4.9418415263780435, "log_income": 12.331404891832461, "city": "Kansas City" }, "geometry": { "type": "Polygon", "coordinates": [ [ [ -94.608088182175507, 39.000554748941902 ], [ -94.607992364788004, 39.007862828196203 ], [ -94.607927906469001, 39.012779122781403 ], [ -94.607912971401603, 39.013918233952602 ], [ -94.607896622028704, 39.015165215486398 ], [ -94.607896585341095, 39.015168013681802 ], [ -94.607252, 39.015097 ], [ -94.606303, 39.014709 ], [ -94.593153, 39.014125 ], [ -94.593183, 39.01025 ], [ -94.593252, 39.008227 ], [ -94.593514, 39.003652 ], [ -94.593813, 38.999614 ], [ -94.603002, 39.000023 ], [ -94.608093083785903, 39.000180898664603 ], [ -94.608088182175507, 39.000554748941902 ] ] ] } },
{ "type": "Feature", "properties": { "STATEFP": "29", "COUNTYFP": "095", "TRACTCE": "008400", "GEOIDFQ": "1400000US29095008400", "GEOID": "29095008400", "NAME": "84", "NAMELSAD": "Census Tract 84", "STUSPS": "MO", "NAMELSADCO": "Jackson County", "STATE_NAME": "Missouri", "LSAD": "CT", "ALAND": 1953896, "AWATER": 0, "centroid_lon": -94.60027288896832, "centroid_lat": 39.021335003618006, "B03002_001E": 2781, "B03002_001M": 414, "B03002_012E": 149, "B03002_012M": 111, "B19013_001E": 205769, "B19013_001M": 46423, "B01003_001E": 2781, "state": "29", "county": "095", "tract": "008400", "latino_share": 0.05357784969435455, "camera_count": 3, "arterial_road_m": 6730.6686776714414, "land_area_km2": 1.953896, "pop_density_per_km2": 1423.310145473454, "arterial_km_per_km2": 3.4447425439590647, "log_income": 12.234509459354751, "city": "Kansas City" }, "geometry": { "type": "Polygon", "coordinates": [ [ [ -94.607818897374102, 39.021093345551897 ], [ -94.607723805593196, 39.028346082125303 ], [ -94.592367, 39.027833 ], [ -94.592574, 39.02423 ], [ -94.593074, 39.017148 ], [ -94.593153, 39.014125 ], [ -94.606303, 39.014709 ], [ -94.607252, 39.015097 ], [ -94.607896585341095, 39.015168013681802 ], [ -94.607818897374102, 39.021093345551897 ] ] ] } },
{ "type": "Feature", "properties": { "STATEFP": "29", "COUNTYFP": "095", "TRACTCE": "009100", "GEOIDFQ": "1400000US29095009100", "GEOID": "29095009100", "NAME": "91", "NAMELSAD": "Census Tract 91", "STUSPS": "MO", "NAMELSADCO": "Jackson County", "STATE_NAME": "Missouri", "LSAD": "CT", "ALAND": 1948749, "AWATER": 0, "centroid_lon": -94.584872446708189, "centroid_lat": 38.993778559435839, "B03002_001E": 3690, "B03002_001M": 524, "B03002_012E": 213, "B03002_012M": 107, "B19013_001E": 103259, "B19013_001M": 15224, "B01003_001E": 3690, "state": "29", "county": "095", "tract": "009100", "latino_share": 0.057723577235772358, "camera_count": 2, "arterial_road_m": 5154.4666956395413, "land_area_km2": 1.948749, "pop_density_per_km2": 1893.5224597934366, "arterial_km_per_km2": 2.6450131318294665, "log_income": 11.544995674094668, "city": "Kansas City" }, "geometry": { "type": "Polygon", "coordinates": [ [ [ -94.594328, 38.992413 ], [ -94.593813, 38.999614 ], [ -94.584594, 38.999222 ], [ -94.584518, 38.999219 ], [ -94.58222, 38.999119 ], [ -94.579913, 38.999018 ], [ -94.575305, 38.998797 ], [ -94.57567, 38.991557 ], [ -94.57585, 38.987941 ], [ -94.580471, 38.988142 ], [ -94.587423, 38.988449 ], [ -94.593692, 38.988711 ], [ -94.594368, 38.988716 ], [ -94.594328, 38.992413 ] ] ] } },
{ "type": "Feature", "properties": { "STATEFP": "29", "COUNTYFP": "095", "TRACTCE": "009900", "GEOIDFQ": "1400000US29095009900", "GEOID": "29095009900", "NAME": "99", "NAMELSAD": "Census Tract 99", "STUSPS": "MO", "NAMELSADCO": "Jackson County", "STATE_NAME": "Missouri", "LSAD": "CT", "ALAND": 2235879, "AWATER": 0, "centroid_lon": -94.601792272907304, "centroid_lat": 38.965445396383451, "B03002_001E": 2328, "B03002_001M": 342, "B03002_012E": 88, "B03002_012M": 73, "B19013_001E": 86406, "B19013_001M": 30221, "B01003_001E": 2328, "state": "29", "county": "095", "tract": "009900", "latino_share": 0.037800687285223365, "camera_count": 1, "arterial_road_m": 12267.022111159442, "land_area_km2": 2.235879, "pop_density_per_km2": 1041.201245684583, "arterial_km_per_km2": 5.4864427418296966, "log_income": 11.366812396825438, "city": "Kansas City" }, "geometry": { "type": "Polygon", "coordinates": [ [ [ -94.608298290742894, 38.974699857835503 ], [ -94.602035, 38.974476 ], [ -94.595078, 38.974192 ], [ -94.595406, 38.966933 ], [ -94.59555, 38.963514 ], [ -94.595093, 38.962052 ], [ -94.594763, 38.960713 ], [ -94.595411, 38.959373 ], [ -94.595511, 38.959203 ], [ -94.595585, 38.95903 ], [ -94.595652, 38.958801 ], [ -94.595817, 38.956097 ], [ -94.605758, 38.956438 ], [ -94.608207947805695, 38.956721613327602 ], [ -94.608207994421704, 38.956730889918198 ], [ -94.608262108024903, 38.967499496944598 ], [ -94.608298290742894, 38.974699857835503 ] ] ] } },
{ "type": "Feature", "properties": { "STATEFP": "29", "COUNTYFP": "095", "TRACTCE": "010001", "GEOIDFQ": "1400000US29095010001", "GEOID": "29095010001", "NAME": "100.01", "NAMELSAD": "Census Tract 100.01", "STUSPS": "MO", "NAMELSADCO": "Jackson County", "STATE_NAME": "Missouri", "LSAD": "CT", "ALAND": 2015636, "AWATER": 1838, "centroid_lon": -94.602437106230767, "centroid_lat": 38.947590585187328, "B03002_001E": 1641, "B03002_001M": 150, "B03002_012E": 44, "B03002_012M": 42, "B19013_001E": 93092, "B19013_001M": 15195, "B01003_001E": 1641, "state": "29", "county": "095", "tract": "010001", "latino_share": 0.026812918951858621, "camera_count": 3, "arterial_road_m": 7692.4563758759441, "land_area_km2": 2.015636, "pop_density_per_km2": 814.13509185190173, "arterial_km_per_km2": 3.816391638111218, "log_income": 11.441343530464556, "city": "Kansas City" }, "geometry": { "type": "Polygon", "coordinates": [ [ [ -94.608207947805695, 38.956721613327602 ], [ -94.605758, 38.956438 ], [ -94.595817, 38.956097 ], [ -94.596263, 38.948821 ], [ -94.596302, 38.947956 ], [ -94.596496, 38.944025 ], [ -94.596665, 38.940518 ], [ -94.596676, 38.940298 ], [ -94.598658, 38.93983 ], [ -94.607978022843497, 38.936847961007999 ], [ -94.607978, 38.93687 ], [ -94.607926744844804, 38.937111631445802 ], [ -94.607866, 38.937398 ], [ -94.608134, 38.940006 ], [ -94.608134, 38.942006 ], [ -94.608134326897499, 38.942071052608298 ], [ -94.608170778496003, 38.949324920711099 ], [ -94.608207947805695, 38.956721613327602 ] ] ] } },
{ "type": "Feature", "properties": { "STATEFP": "29", "COUNTYFP": "095", "TRACTCE": "010204", "GEOIDFQ": "1400000US29095010204", "GEOID": "29095010204", "NAME": "102.04", "NAMELSAD": "Census Tract 102.04", "STUSPS": "MO", "NAMELSADCO": "Jackson County", "STATE_NAME": "Missouri", "LSAD": "CT", "ALAND": 5584368, "AWATER": 219056, "centroid_lon": -94.547402406599716, "centroid_lat": 38.916976028670312, "B03002_001E": 4127, "B03002_001M": 889, "B03002_012E": 94, "B03002_012M": 169, "B19013_001E": 60375, "B19013_001M": 16421, "B01003_001E": 4127, "state": "29", "county": "095", "tract": "010204", "latino_share": 0.022776835473709716, "camera_count": 0, "arterial_road_m": 8889.8045480358414, "land_area_km2": 5.584368, "pop_density_per_km2": 739.02722743200297, "arterial_km_per_km2": 1.5919087975641724, "log_income": 11.008330390954875, "city": "Kansas City" }, "geometry": { "type": "Polygon", "coordinates": [ [ [ -94.569637, 38.916378 ], [ -94.569022, 38.918004 ], [ -94.566926, 38.921549 ], [ -94.566043, 38.925122 ], [ -94.554265, 38.924729 ], [ -94.546196, 38.924434 ], [ -94.541601, 38.924242 ], [ -94.532291, 38.92385 ], [ -94.52912, 38.923724 ], [ -94.527881, 38.924236 ], [ -94.528008, 38.919655 ], [ -94.527827, 38.918242 ], [ -94.524109, 38.91083 ], [ -94.523868, 38.909368 ], [ -94.538167, 38.910027 ], [ -94.543002, 38.910253 ], [ -94.542977, 38.909731 ], [ -94.543056, 38.909243 ], [ -94.560828, 38.910095 ], [ -94.560799, 38.910472 ], [ -94.566365, 38.910541 ], [ -94.567728, 38.910838 ], [ -94.567551, 38.911773 ], [ -94.568529, 38.914214 ], [ -94.569507, 38.915527 ], [ -94.569637, 38.916378 ] ] ] } },
{ "type": "Feature", "properties": { "STATEFP": "29", "COUNTYFP": "095", "TRACTCE": "013407", "GEOIDFQ": "1400000US29095013407", "GEOID": "29095013407", "NAME": "134.07", "NAMELSAD": "Census Tract 134.07", "STUSPS": "MO", "NAMELSADCO": "Jackson County", "STATE_NAME": "Missouri", "LSAD": "CT", "ALAND": 3068921, "AWATER": 24089, "centroid_lon": -94.600924653958188, "centroid_lat": 38.9026840704473, "B03002_001E": 2600, "B03002_001M": 613, "B03002_012E": 151, "B03002_012M": 115, "B19013_001E": 105511, "B19013_001M": 20906, "B01003_001E": 2600, "state": "29", "county": "095", "tract": "013407", "latino_share": 0.058076923076923075, "camera_count": 0, "arterial_road_m": 6118.7584674869031, "land_area_km2": 3.068921, "pop_density_per_km2": 847.20330044338061, "arterial_km_per_km2": 1.9937816801041484, "log_income": 11.566570491865843, "city": "Kansas City" }, "geometry": { "type": "Polygon", "coordinates": [ [ [ -94.608022124029802, 38.894299938269803 ], [ -94.608010380116397, 38.9056302524437 ], [ -94.608009274390596, 38.906697036562001 ], [ -94.608002819766796, 38.912924340284299 ], [ -94.603641, 38.913123 ], [ -94.593296, 38.916353 ], [ -94.593754, 38.909934 ], [ -94.594704, 38.897476 ], [ -94.59522, 38.89025 ], [ -94.6080256044729, 38.890942070072299 ], [ -94.608022124029802, 38.894299938269803 ] ] ] } },
{ "type": "Feature", "properties": { "STATEFP": "29", "COUNTYFP": "095", "TRACTCE": "000600", "GEOIDFQ": "1400000US29095000600", "GEOID": "29095000600", "NAME": "6", "NAMELSAD": "Census Tract 6", "STUSPS": "MO", "NAMELSADCO": "Jackson County", "STATE_NAME": "Missouri", "LSAD": "CT", "ALAND": 1333446, "AWATER": 0, "centroid_lon": -94.513924411661321, "centroid_lat": 39.112923172493261, "B03002_001E": 4650, "B03002_001M": 707, "B03002_012E": 2944, "B03002_012M": 690, "B19013_001E": 50054, "B19013_001M": 9115, "B01003_001E": 4650, "state": "29", "county": "095", "tract": "000600", "latino_share": 0.63311827956989253, "camera_count": 5, "arterial_road_m": 3948.3901863380875, "land_area_km2": 1.333446, "pop_density_per_km2": 3487.2053311495183, "arterial_km_per_km2": 2.9610424316680897, "log_income": 10.820857701629848, "city": "Kansas City" }, "geometry": { "type": "Polygon", "coordinates": [ [ [ -94.518905, 39.108846 ], [ -94.518686, 39.11247 ], [ -94.518318, 39.118645 ], [ -94.518209, 39.120063 ], [ -94.508518, 39.119686 ], [ -94.507772, 39.119405 ], [ -94.508393, 39.11539 ], [ -94.509348, 39.112126 ], [ -94.509504, 39.108986 ], [ -94.509931, 39.108454 ], [ -94.510102, 39.106787 ], [ -94.514137, 39.105452 ], [ -94.51433, 39.10503 ], [ -94.51874, 39.105194 ], [ -94.519107, 39.105208 ], [ -94.518905, 39.108846 ] ] ] } },
{ "type": "Feature", "properties": { "STATEFP": "29", "COUNTYFP": "095", "TRACTCE": "001900", "GEOIDFQ": "1400000US29095001900", "GEOID": "29095001900", "NAME": "19", "NAMELSAD": "Census Tract 19", "STUSPS": "MO", "NAMELSADCO": "Jackson County", "STATE_NAME": "Missouri", "LSAD": "CT", "ALAND": 1733462, "AWATER": 0, "centroid_lon": -94.525327262057672, "centroid_lat": 39.101794208043124, "B03002_001E": 3107, "B03002_001M": 715, "B03002_012E": 1426, "B03002_012M": 486, "B19013_001E": 25260, "B19013_001M": 24620, "B01003_001E": 3107, "state": "29", "county": "095", "tract": "001900", "latino_share": 0.45896363051174766, "camera_count": 8, "arterial_road_m": 6994.4449630267827, "land_area_km2": 1.733462, "pop_density_per_km2": 1792.3669512224669, "arterial_km_per_km2": 4.034957191462393, "log_income": 10.136977395904482, "city": "Kansas City" }, "geometry": { "type": "Polygon", "coordinates": [ [ [ -94.537414, 39.102022 ], [ -94.537224, 39.10583 ], [ -94.535277, 39.10578 ], [ -94.533024, 39.1057 ], [ -94.530709, 39.105623 ], [ -94.528375, 39.105544 ], [ -94.52799, 39.105529 ], [ -94.519107, 39.105208 ], [ -94.51874, 39.105194 ], [ -94.51433, 39.10503 ], [ -94.511209, 39.104926 ], [ -94.511288, 39.103138 ], [ -94.514454, 39.101287 ], [ -94.514419, 39.101285 ], [ -94.514563, 39.097597 ], [ -94.514591, 39.097598 ], [ -94.519172, 39.097744 ], [ -94.523151, 39.097897 ], [ -94.528347, 39.098053 ], [ -94.529388, 39.098076 ], [ -94.529757, 39.098083 ], [ -94.534627, 39.098249 ], [ -94.535992, 39.098302 ], [ -94.536687, 39.098329 ], [ -94.537609, 39.098364 ], [ -94.537414, 39.102022 ] ] ] } },
{ "type": "Feature", "properties": { "STATEFP": "29", "COUNTYFP": "095", "TRACTCE": "002100", "GEOIDFQ": "1400000US29095002100", "GEOID": "29095002100", "NAME": "21", "NAMELSAD": "Census Tract 21", "STUSPS": "MO", "NAMELSADCO": "Jackson County", "STATE_NAME": "Missouri", "LSAD": "CT", "ALAND": 3661728, "AWATER": 62833, "centroid_lon": -94.501510234906448, "centroid_lat": 39.090029024053337, "B03002_001E": 4106, "B03002_001M": 790, "B03002_012E": 2624, "B03002_012M": 828, "B19013_001E": 42909, "B19013_001M": 10496, "B01003_001E": 4106, "state": "29", "county": "095", "tract": "002100", "latino_share": 0.63906478324403315, "camera_count": 0, "arterial_road_m": 15036.926160606859, "land_area_km2": 3.661728, "pop_density_per_km2": 1121.3285093813631, "arterial_km_per_km2": 4.1065109589261839, "log_income": 10.66683687312301, "city": "Kansas City" }, "geometry": { "type": "Polygon", "coordinates": [ [ [ -94.514943, 39.090332 ], [ -94.514878, 39.09126 ], [ -94.514855, 39.091582 ], [ -94.514591, 39.097598 ], [ -94.514563, 39.097597 ], [ -94.509993, 39.097492 ], [ -94.503135, 39.097311 ], [ -94.500824, 39.097247 ], [ -94.491468, 39.096911 ], [ -94.487883, 39.095864 ], [ -94.487558, 39.092879 ], [ -94.48729, 39.08814 ], [ -94.488083, 39.085992 ], [ -94.490458, 39.082128 ], [ -94.492465, 39.082516 ], [ -94.495791, 39.082672 ], [ -94.497924, 39.082772 ], [ -94.506068, 39.082937 ], [ -94.515285, 39.083118 ], [ -94.514943, 39.090332 ] ] ] } },
{ "type": "Feature", "properties": { "STATEFP": "29", "COUNTYFP": "095", "TRACTCE": "016400", "GEOIDFQ": "1400000US29095016400", "GEOID": "29095016400", "NAME": "164", "NAMELSAD": "Census Tract 164", "STUSPS": "MO", "NAMELSADCO": "Jackson County", "STATE_NAME": "Missouri", "LSAD": "CT", "ALAND": 1284006, "AWATER": 0, "centroid_lon": -94.525041787945142, "centroid_lat": 39.072583242161251, "B03002_001E": 1935, "B03002_001M": 430, "B03002_012E": 567, "B03002_012M": 294, "B19013_001E": 32019, "B19013_001M": 15000, "B01003_001E": 1935, "state": "29", "county": "095", "tract": "016400", "latino_share": 0.2930232558139535, "camera_count": 2, "arterial_road_m": 8333.1485626405338, "land_area_km2": 1.284006, "pop_density_per_km2": 1507.0023037275528, "arterial_km_per_km2": 6.4899607654797054, "log_income": 10.374084755582075, "city": "Kansas City" }, "geometry": { "type": "Polygon", "coordinates": [ [ [ -94.53423, 39.073492 ], [ -94.534101, 39.076482 ], [ -94.528849, 39.07632 ], [ -94.52585, 39.076227 ], [ -94.524871, 39.0762 ], [ -94.522924, 39.076145 ], [ -94.520262, 39.076063 ], [ -94.515662, 39.075917 ], [ -94.515937, 39.070382 ], [ -94.516, 39.068626 ], [ -94.52021, 39.068782 ], [ -94.520595, 39.068839 ], [ -94.529831, 39.069125 ], [ -94.534482, 39.069272 ], [ -94.53423, 39.073492 ] ] ] } },
{ "type": "Feature", "properties": { "STATEFP": "29", "COUNTYFP": "095", "TRACTCE": "007802", "GEOIDFQ": "1400000US29095007802", "GEOID": "29095007802", "NAME": "78.02", "NAMELSAD": "Census Tract 78.02", "STUSPS": "MO", "NAMELSADCO": "Jackson County", "STATE_NAME": "Missouri", "LSAD": "CT", "ALAND": 3314617, "AWATER": 0, "centroid_lon": -94.532120700869058, "centroid_lat": 39.024479573457583, "B03002_001E": 2500, "B03002_001M": 473, "B03002_012E": 391, "B03002_012M": 366, "B19013_001E": 35433, "B19013_001M": 12231, "B01003_001E": 2500, "state": "29", "county": "095", "tract": "007802", "latino_share": 0.1564, "camera_count": 2, "arterial_road_m": 5097.7816207005471, "land_area_km2": 3.314617, "pop_density_per_km2": 754.23495384232922, "arterial_km_per_km2": 1.5379700341549407, "log_income": 10.475398868279957, "city": "Kansas City" }, "geometry": { "type": "Polygon", "coordinates": [ [ [ -94.543257, 39.036647 ], [ -94.542466, 39.036321 ], [ -94.540753, 39.036167 ], [ -94.536378, 39.034978 ], [ -94.527409, 39.034489 ], [ -94.526305, 39.034445 ], [ -94.526381, 39.033237 ], [ -94.524044, 39.030906 ], [ -94.523769, 39.028481 ], [ -94.526256, 39.02686 ], [ -94.524264, 39.025498 ], [ -94.524749, 39.024145 ], [ -94.524586, 39.022833 ], [ -94.522215, 39.021379 ], [ -94.523039, 39.018718 ], [ -94.522585, 39.017386 ], [ -94.519696, 39.0165 ], [ -94.522449, 39.015163 ], [ -94.525535, 39.015026 ], [ -94.525209, 39.014009 ], [ -94.532424, 39.012173 ], [ -94.537569, 39.011486 ], [ -94.5369, 39.022646 ], [ -94.536719, 39.025898 ], [ -94.541361, 39.026059 ], [ -94.54191, 39.026079 ], [ -94.542388, 39.027284 ], [ -94.542456, 39.029714 ], [ -94.542396, 39.032031 ], [ -94.542993, 39.033346 ], [ -94.543375, 39.036143 ], [ -94.543257, 39.036647 ] ] ] } },
{ "type": "Feature", "properties": { "STATEFP": "29", "COUNTYFP": "095", "TRACTCE": "008100", "GEOIDFQ": "1400000US29095008100", "GEOID": "29095008100", "NAME": "81", "NAMELSAD": "Census Tract 81", "STUSPS": "MO", "NAMELSADCO": "Jackson County", "STATE_NAME": "Missouri", "LSAD": "CT", "ALAND": 1021901, "AWATER": 0, "centroid_lon": -94.57013612100728, "centroid_lat": 39.020867947544829, "B03002_001E": 2121, "B03002_001M": 327, "B03002_012E": 210, "B03002_012M": 160, "B19013_001E": 51655, "B19013_001M": 6795, "B01003_001E": 2121, "state": "29", "county": "095", "tract": "008100", "latino_share": 0.099009900990099015, "camera_count": 5, "arterial_road_m": 5511.5640224482049, "land_area_km2": 1.021901, "pop_density_per_km2": 2075.5435213391515, "arterial_km_per_km2": 5.3934422438653113, "log_income": 10.852342275283545, "city": "Kansas City" }, "geometry": { "type": "Polygon", "coordinates": [ [ [ -94.574387, 39.016625 ], [ -94.574202, 39.019965 ], [ -94.573997, 39.023571 ], [ -94.573794, 39.027183 ], [ -94.567966, 39.02699 ], [ -94.565659, 39.026905 ], [ -94.564493, 39.026861 ], [ -94.564947, 39.01963 ], [ -94.568398, 39.01975 ], [ -94.568672, 39.013972 ], [ -94.568858, 39.013026 ], [ -94.570454, 39.013089 ], [ -94.574554, 39.01325 ], [ -94.574387, 39.016625 ] ] ] } },
{ "type": "Feature", "properties": { "STATEFP": "29", "COUNTYFP": "095", "TRACTCE": "008900", "GEOIDFQ": "1400000US29095008900", "GEOID": "29095008900", "NAME": "89", "NAMELSAD": "Census Tract 89", "STUSPS": "MO", "NAMELSADCO": "Jackson County", "STATE_NAME": "Missouri", "LSAD": "CT", "ALAND": 1907347, "AWATER": 0, "centroid_lon": -94.543600283291596, "centroid_lat": 38.993625698513142, "B03002_001E": 1738, "B03002_001M": 369, "B03002_012E": 42, "B03002_012M": 39, "B19013_001E": 47393, "B19013_001M": 13838, "B01003_001E": 1738, "state": "29", "county": "095", "tract": "008900", "latino_share": 0.024165707710011506, "camera_count": 1, "arterial_road_m": 6489.4210436171679, "land_area_km2": 1.907347, "pop_density_per_km2": 911.21332405692306, "arterial_km_per_km2": 3.4023284927268964, "log_income": 10.766229817452608, "city": "Kansas City" }, "geometry": { "type": "Polygon", "coordinates": [ [ [ -94.556034, 38.997976 ], [ -94.554888, 38.997908 ], [ -94.553797, 38.997858 ], [ -94.553638, 38.997893 ], [ -94.545254, 38.997519 ], [ -94.543923, 38.997949 ], [ -94.54288, 38.998307 ], [ -94.535934, 38.997603 ], [ -94.533504, 38.996941 ], [ -94.529835, 38.996797 ], [ -94.52985, 38.994239 ], [ -94.530582, 38.992857 ], [ -94.531975, 38.991729 ], [ -94.538729, 38.988862 ], [ -94.538791, 38.988892 ], [ -94.539622, 38.989247 ], [ -94.543289, 38.990089 ], [ -94.547918, 38.990368 ], [ -94.548108, 38.986711 ], [ -94.552036, 38.986924 ], [ -94.553062, 38.990875 ], [ -94.556085, 38.995198 ], [ -94.556034, 38.997976 ] ] ] } },
{ "type": "Feature", "properties": { "STATEFP": "29", "COUNTYFP": "095", "TRACTCE": "017500", "GEOIDFQ": "1400000US29095017500", "GEOID": "29095017500", "NAME": "175", "NAMELSAD": "Census Tract 175", "STUSPS": "MO", "NAMELSADCO": "Jackson County", "STATE_NAME": "Missouri", "LSAD": "CT", "ALAND": 8532031, "AWATER": 0, "centroid_lon": -94.505464815074646, "centroid_lat": 39.012885934024787, "B03002_001E": 2221, "B03002_001M": 425, "B03002_012E": 69, "B03002_012M": 65, "B19013_001E": 46548, "B19013_001M": 13443, "B01003_001E": 2221, "state": "29", "county": "095", "tract": "017500", "latino_share": 0.031067086897793788, "camera_count": 1, "arterial_road_m": 25207.465073133291, "land_area_km2": 8.532031, "pop_density_per_km2": 260.31316576322803, "arterial_km_per_km2": 2.9544507132162661, "log_income": 10.748239317227968, "city": "Kansas City" }, "geometry": { "type": "Polygon", "coordinates": [ [ [ -94.526305, 39.034445 ], [ -94.518523, 39.034734 ], [ -94.517848, 39.034677 ], [ -94.516942, 39.034506 ], [ -94.515828, 39.034188 ], [ -94.508862, 39.029437 ], [ -94.504394, 39.024806 ], [ -94.501093, 39.02157 ], [ -94.498645, 39.018981 ], [ -94.486, 39.00671 ], [ -94.484956, 39.003179 ], [ -94.483139, 39.001223 ], [ -94.483481, 38.995804 ], [ -94.483289, 38.995184 ], [ -94.49194, 38.99549 ], [ -94.497622, 38.99448 ], [ -94.502335, 38.995475 ], [ -94.502601, 38.99552 ], [ -94.503957, 38.995602 ], [ -94.506188, 38.995104 ], [ -94.506696, 38.996246 ], [ -94.510023, 39.001075 ], [ -94.514797, 39.00779 ], [ -94.515457, 39.008773 ], [ -94.51597, 39.01067 ], [ -94.515781, 39.01525 ], [ -94.517897, 39.015126 ], [ -94.525209, 39.014009 ], [ -94.525535, 39.015026 ], [ -94.522449, 39.015163 ], [ -94.519696, 39.0165 ], [ -94.522585, 39.017386 ], [ -94.523039, 39.018718 ], [ -94.522215, 39.021379 ], [ -94.524586, 39.022833 ], [ -94.524749, 39.024145 ], [ -94.524264, 39.025498 ], [ -94.526256, 39.02686 ], [ -94.523769, 39.028481 ], [ -94.524044, 39.030906 ], [ -94.526381, 39.033237 ], [ -94.526305, 39.034445 ] ] ] } },
{ "type": "Feature", "properties": { "STATEFP": "29", "COUNTYFP": "095", "TRACTCE": "001800", "GEOIDFQ": "1400000US29095001800", "GEOID": "29095001800", "NAME": "18", "NAMELSAD": "Census Tract 18", "STUSPS": "MO", "NAMELSADCO": "Jackson County", "STATE_NAME": "Missouri", "LSAD": "CT", "ALAND": 991533, "AWATER": 0, "centroid_lon": -94.544313448879677, "centroid_lat": 39.10234473834786, "B03002_001E": 2802, "B03002_001M": 588, "B03002_012E": 1156, "B03002_012M": 562, "B19013_001E": 37372, "B19013_001M": 8372, "B01003_001E": 2802, "state": "29", "county": "095", "tract": "001800", "latino_share": 0.41256245538900788, "camera_count": 6, "arterial_road_m": 3334.6833529327596, "land_area_km2": 0.991533, "pop_density_per_km2": 2825.9271249670965, "arterial_km_per_km2": 3.3631592220659923, "log_income": 10.528677039912846, "city": "Kansas City" }, "geometry": { "type": "Polygon", "coordinates": [ [ [ -94.551213, 39.102471 ], [ -94.551037, 39.106302 ], [ -94.55081, 39.106295 ], [ -94.548484, 39.106223 ], [ -94.54695, 39.106181 ], [ -94.544071, 39.106088 ], [ -94.537657, 39.105841 ], [ -94.537224, 39.10583 ], [ -94.537414, 39.102022 ], [ -94.537609, 39.098364 ], [ -94.544466, 39.098616 ], [ -94.551413, 39.098848 ], [ -94.551213, 39.102471 ] ] ] } },
{ "type": "Feature", "properties": { "STATEFP": "29", "COUNTYFP": "095", "TRACTCE": "012904", "GEOIDFQ": "1400000US29095012904", "GEOID": "29095012904", "NAME": "129.04", "NAMELSAD": "Census Tract 129.04", "STUSPS": "MO", "NAMELSADCO": "Jackson County", "STATE_NAME": "Missouri", "LSAD": "CT", "ALAND": 2907074, "AWATER": 0, "centroid_lon": -94.476210922902027, "centroid_lat": 38.958764840842441, "B03002_001E": 2544, "B03002_001M": 341, "B03002_012E": 189, "B03002_012M": 126, "B19013_001E": 75329, "B19013_001M": 14062, "B01003_001E": 2544, "state": "29", "county": "095", "tract": "012904", "latino_share": 0.074292452830188677, "camera_count": 0, "arterial_road_m": 2560.0276561919754, "land_area_km2": 2.907074, "pop_density_per_km2": 875.10672242949431, "arterial_km_per_km2": 0.88062005170558955, "log_income": 11.229620465807958, "city": "Kansas City" }, "geometry": { "type": "Polygon", "coordinates": [ [ [ -94.48815, 38.9655 ], [ -94.488127, 38.966143 ], [ -94.482303, 38.965959 ], [ -94.479396, 38.965827 ], [ -94.474746, 38.965614 ], [ -94.465405, 38.965132 ], [ -94.465428, 38.964631 ], [ -94.466093, 38.950632 ], [ -94.475395, 38.951052 ], [ -94.480074, 38.951263 ], [ -94.484219, 38.951432 ], [ -94.483969, 38.956978 ], [ -94.485071, 38.956929 ], [ -94.486131, 38.958128 ], [ -94.486424, 38.958262 ], [ -94.488448, 38.958471 ], [ -94.48815, 38.9655 ] ] ] } },
{ "type": "Feature", "properties": { "STATEFP": "29", "COUNTYFP": "095", "TRACTCE": "013405", "GEOIDFQ": "1400000US29095013405", "GEOID": "29095013405", "NAME": "134.05", "NAMELSAD": "Census Tract 134.05", "STUSPS": "MO", "NAMELSADCO": "Jackson County", "STATE_NAME": "Missouri", "LSAD": "CT", "ALAND": 27018684, "AWATER": 173119, "centroid_lon": -94.574257906600721, "centroid_lat": 38.865492688422876, "B03002_001E": 1906, "B03002_001M": 254, "B03002_012E": 278, "B03002_012M": 184, "B19013_001E": 59441, "B19013_001M": 7491, "B01003_001E": 1906, "state": "29", "county": "095", "tract": "013405", "latino_share": 0.1458551941238195, "camera_count": 16, "arterial_road_m": 50045.399558120182, "land_area_km2": 27.018684, "pop_density_per_km2": 70.543776299393414, "arterial_km_per_km2": 1.8522515588886632, "log_income": 10.992739502937876, "city": "Kansas City" }, "geometry": { "type": "Polygon", "coordinates": [ [ [ -94.608033, 38.850194846153798 ], [ -94.608033, 38.855007 ], [ -94.608033, 38.859882 ], [ -94.608033, 38.861207 ], [ -94.607995895782906, 38.866831999312502 ], [ -94.607993, 38.867271 ], [ -94.608033, 38.868107 ], [ -94.608033, 38.869207 ], [ -94.608033, 38.869749013333298 ], [ -94.608033, 38.883491759999899 ], [ -94.608033, 38.883807 ], [ -94.608032984062305, 38.883822376370603 ], [ -94.6080256044729, 38.890942070072299 ], [ -94.59522, 38.89025 ], [ -94.586002, 38.889703 ], [ -94.578608, 38.889321 ], [ -94.57696, 38.890013 ], [ -94.576108, 38.893648 ], [ -94.574765, 38.89525 ], [ -94.572839, 38.896257 ], [ -94.561711, 38.896053 ], [ -94.563115, 38.874247 ], [ -94.563841, 38.866933 ], [ -94.526921, 38.865305 ], [ -94.528074, 38.857931 ], [ -94.528524, 38.855835 ], [ -94.529564, 38.843652 ], [ -94.532213, 38.843784 ], [ -94.537827, 38.84403 ], [ -94.541828, 38.843994 ], [ -94.5452, 38.844161 ], [ -94.56208, 38.845002 ], [ -94.56269, 38.844992 ], [ -94.564633, 38.845207 ], [ -94.585572, 38.8462 ], [ -94.593789, 38.846564 ], [ -94.608033, 38.847207 ], [ -94.608033, 38.850194846153798 ] ] ] } },
{ "type": "Feature", "properties": { "STATEFP": "29", "COUNTYFP": "095", "TRACTCE": "015200", "GEOIDFQ": "1400000US29095015200", "GEOID": "29095015200", "NAME": "152", "NAMELSAD": "Census Tract 152", "STUSPS": "MO", "NAMELSADCO": "Jackson County", "STATE_NAME": "Missouri", "LSAD": "CT", "ALAND": 3401013, "AWATER": 380248, "centroid_lon": -94.5967885247277, "centroid_lat": 39.102563132041894, "B03002_001E": 2781, "B03002_001M": 318, "B03002_012E": 229, "B03002_012M": 143, "B19013_001E": 74519, "B19013_001M": 8496, "B01003_001E": 2781, "state": "29", "county": "095", "tract": "015200", "latino_share": 0.082344480402732831, "camera_count": 7, "arterial_road_m": 29058.710991188877, "land_area_km2": 3.401013, "pop_density_per_km2": 817.69755070033546, "arterial_km_per_km2": 8.5441340539388939, "log_income": 11.218809405409168, "city": "Kansas City" }, "geometry": { "type": "Polygon", "coordinates": [ [ [ -94.607354, 39.113444 ], [ -94.603901, 39.110916 ], [ -94.597756, 39.109763 ], [ -94.595725, 39.110004 ], [ -94.589685, 39.11253 ], [ -94.579922, 39.116735 ], [ -94.579019, 39.117367 ], [ -94.5782, 39.11329 ], [ -94.578063, 39.112661 ], [ -94.577145, 39.109448 ], [ -94.576991, 39.108128 ], [ -94.577078, 39.106682 ], [ -94.577082, 39.106587 ], [ -94.583549, 39.106748 ], [ -94.585231, 39.1068 ], [ -94.58806, 39.106876 ], [ -94.588226, 39.10688 ], [ -94.592104, 39.106831 ], [ -94.593016, 39.105858 ], [ -94.594291, 39.103751 ], [ -94.594761, 39.102455 ], [ -94.596521, 39.09698 ], [ -94.597505, 39.094564 ], [ -94.597981, 39.095263 ], [ -94.60277, 39.087438 ], [ -94.603161, 39.085557 ], [ -94.600697, 39.083118 ], [ -94.598063, 39.082746 ], [ -94.604557, 39.081647 ], [ -94.607324287407906, 39.082471294777299 ], [ -94.607234, 39.089604 ], [ -94.607234542711794, 39.089711818752299 ], [ -94.607278788981404, 39.098502077636603 ], [ -94.607331232166601, 39.1089207904216 ], [ -94.607354, 39.113444 ] ] ] } },
{ "type": "Feature", "properties": { "STATEFP": "29", "COUNTYFP": "095", "TRACTCE": "005602", "GEOIDFQ": "1400000US29095005602", "GEOID": "29095005602", "NAME": "56.02", "NAMELSAD": "Census Tract 56.02", "STUSPS": "MO", "NAMELSADCO": "Jackson County", "STATE_NAME": "Missouri", "LSAD": "CT", "ALAND": 637722, "AWATER": 0, "centroid_lon": -94.548789246913756, "centroid_lat": 39.058884025600101, "B03002_001E": 1249, "B03002_001M": 311, "B03002_012E": 144, "B03002_012M": 117, "B19013_001E": 45489, "B19013_001M": 15060, "B01003_001E": 1249, "state": "29", "county": "095", "tract": "005602", "latino_share": 0.11529223378702963, "camera_count": 2, "arterial_road_m": 2460.8245886995264, "land_area_km2": 0.637722, "pop_density_per_km2": 1958.5336557308669, "arterial_km_per_km2": 3.8587732408471505, "log_income": 10.725225817469049, "city": "Kansas City" }, "geometry": { "type": "Polygon", "coordinates": [ [ [ -94.553203, 39.062627 ], [ -94.548599, 39.062482 ], [ -94.544, 39.062339 ], [ -94.544373, 39.055122 ], [ -94.546711, 39.055222 ], [ -94.548987, 39.055283 ], [ -94.55359, 39.055445 ], [ -94.553203, 39.062627 ] ] ] } },
{ "type": "Feature", "properties": { "STATEFP": "29", "COUNTYFP": "095", "TRACTCE": "006900", "GEOIDFQ": "1400000US29095006900", "GEOID": "29095006900", "NAME": "69", "NAMELSAD": "Census Tract 69", "STUSPS": "MO", "NAMELSADCO": "Jackson County", "STATE_NAME": "Missouri", "LSAD": "CT", "ALAND": 493810, "AWATER": 0, "centroid_lon": -94.590951773258908, "centroid_lat": 39.046445394686565, "B03002_001E": 1539, "B03002_001M": 213, "B03002_012E": 52, "B03002_012M": 44, "B19013_001E": 112682, "B19013_001M": 12490, "B01003_001E": 1539, "state": "29", "county": "095", "tract": "006900", "latino_share": 0.03378817413905133, "camera_count": 1, "arterial_road_m": 2252.9308158489575, "land_area_km2": 0.49381, "pop_density_per_km2": 3116.583301269719, "arterial_km_per_km2": 4.5623434435288015, "log_income": 11.632324971211562, "city": "Kansas City" }, "geometry": { "type": "Polygon", "coordinates": [ [ [ -94.59592, 39.047959 ], [ -94.594581, 39.049559 ], [ -94.592049, 39.049483 ], [ -94.588267, 39.049375 ], [ -94.586536, 39.049331 ], [ -94.586799, 39.042215 ], [ -94.586735, 39.042101 ], [ -94.588037, 39.042149 ], [ -94.588032, 39.042257 ], [ -94.589496, 39.04322 ], [ -94.589735, 39.04404 ], [ -94.591455, 39.044101 ], [ -94.592332, 39.044129 ], [ -94.594566, 39.044216 ], [ -94.596105, 39.04425 ], [ -94.59592, 39.047959 ] ] ] } },
{ "type": "Feature", "properties": { "STATEFP": "29", "COUNTYFP": "095", "TRACTCE": "010002", "GEOIDFQ": "1400000US29095010002", "GEOID": "29095010002", "NAME": "100.02", "NAMELSAD": "Census Tract 100.02", "STUSPS": "MO", "NAMELSADCO": "Jackson County", "STATE_NAME": "Missouri", "LSAD": "CT", "ALAND": 1999602, "AWATER": 0, "centroid_lon": -94.589313320797103, "centroid_lat": 38.948161344045317, "B03002_001E": 3570, "B03002_001M": 583, "B03002_012E": 404, "B03002_012M": 328, "B19013_001E": 57283, "B19013_001M": 10935, "B01003_001E": 3570, "state": "29", "county": "095", "tract": "010002", "latino_share": 0.11316526610644258, "camera_count": 1, "arterial_road_m": 7605.2303964444054, "land_area_km2": 1.999602, "pop_density_per_km2": 1785.3552857018547, "arterial_km_per_km2": 3.8033720692639856, "log_income": 10.955759174564717, "city": "Kansas City" }, "geometry": { "type": "Polygon", "coordinates": [ [ [ -94.596496, 38.944025 ], [ -94.596302, 38.947956 ], [ -94.596263, 38.948821 ], [ -94.595817, 38.956097 ], [ -94.588585, 38.955412 ], [ -94.586663, 38.955557 ], [ -94.58538, 38.955665 ], [ -94.582003, 38.955523 ], [ -94.582344, 38.94828 ], [ -94.582601, 38.941881 ], [ -94.582644, 38.940386 ], [ -94.592624, 38.940949 ], [ -94.596665, 38.940518 ], [ -94.596496, 38.944025 ] ] ] } },
{ "type": "Feature", "properties": { "STATEFP": "29", "COUNTYFP": "095", "TRACTCE": "012906", "GEOIDFQ": "1400000US29095012906", "GEOID": "29095012906", "NAME": "129.06", "NAMELSAD": "Census Tract 129.06", "STUSPS": "MO", "NAMELSADCO": "Jackson County", "STATE_NAME": "Missouri", "LSAD": "CT", "ALAND": 8273403, "AWATER": 44317, "centroid_lon": -94.488484949209024, "centroid_lat": 38.940809620560891, "B03002_001E": 4655, "B03002_001M": 586, "B03002_012E": 360, "B03002_012M": 248, "B19013_001E": 64867, "B19013_001M": 9109, "B01003_001E": 4655, "state": "29", "county": "095", "tract": "012906", "latino_share": 0.077336197636949516, "camera_count": 0, "arterial_road_m": 15835.037896343716, "land_area_km2": 8.273403, "pop_density_per_km2": 562.64634999648877, "arterial_km_per_km2": 1.9139691244755894, "log_income": 11.080094298798874, "city": "Kansas City" }, "geometry": { "type": "Polygon", "coordinates": [ [ [ -94.508596, 38.938722 ], [ -94.508586, 38.938885 ], [ -94.50827, 38.945161 ], [ -94.507942, 38.952392 ], [ -94.499221, 38.951982 ], [ -94.494046, 38.951764 ], [ -94.484219, 38.951432 ], [ -94.480074, 38.951263 ], [ -94.475395, 38.951052 ], [ -94.466093, 38.950632 ], [ -94.466624, 38.942483 ], [ -94.467307, 38.941462 ], [ -94.470388, 38.939576 ], [ -94.471443, 38.937755 ], [ -94.471481, 38.937684 ], [ -94.471691, 38.937607 ], [ -94.472455, 38.936043 ], [ -94.472578, 38.93568 ], [ -94.472873, 38.934047 ], [ -94.472903, 38.932948 ], [ -94.473379, 38.924935 ], [ -94.477858, 38.925013 ], [ -94.477815, 38.929313 ], [ -94.493741, 38.929986 ], [ -94.494201, 38.930002 ], [ -94.507737, 38.930535 ], [ -94.508636, 38.937846 ], [ -94.508596, 38.938722 ] ] ] } },
{ "type": "Feature", "properties": { "STATEFP": "29", "COUNTYFP": "095", "TRACTCE": "010500", "GEOIDFQ": "1400000US29095010500", "GEOID": "29095010500", "NAME": "105", "NAMELSAD": "Census Tract 105", "STUSPS": "MO", "NAMELSADCO": "Jackson County", "STATE_NAME": "Missouri", "LSAD": "CT", "ALAND": 6327956, "AWATER": 0, "centroid_lon": -94.490343570971447, "centroid_lat": 39.028921898200387, "B03002_001E": 5053, "B03002_001M": 929, "B03002_012E": 495, "B03002_012M": 486, "B19013_001E": 63040, "B19013_001M": 9883, "B01003_001E": 5053, "state": "29", "county": "095", "tract": "010500", "latino_share": 0.097961606966158715, "camera_count": 1, "arterial_road_m": 19707.02676995501, "land_area_km2": 6.327956, "pop_density_per_km2": 798.52009084766075, "arterial_km_per_km2": 3.1142799934062451, "log_income": 11.051524724531761, "city": "Kansas City" }, "geometry": { "type": "Polygon", "coordinates": [ [ [ -94.500929, 39.024684 ], [ -94.500601, 39.031119 ], [ -94.500243, 39.038731 ], [ -94.500226, 39.03909 ], [ -94.499914, 39.044678 ], [ -94.49953, 39.049725 ], [ -94.498679, 39.051502 ], [ -94.492692, 39.046171 ], [ -94.491036, 39.044928 ], [ -94.486133, 39.043567 ], [ -94.483549, 39.041574 ], [ -94.48067, 39.040556 ], [ -94.476348, 39.03681 ], [ -94.476652, 39.036042 ], [ -94.480401, 39.031144 ], [ -94.48101, 39.029759 ], [ -94.481174, 39.027985 ], [ -94.482089, 39.028001 ], [ -94.482124, 39.026636 ], [ -94.482195, 39.023856 ], [ -94.482182, 39.023855 ], [ -94.482425, 39.016628 ], [ -94.482754, 39.009664 ], [ -94.483173, 39.001465 ], [ -94.483139, 39.001223 ], [ -94.484956, 39.003179 ], [ -94.486, 39.00671 ], [ -94.498645, 39.018981 ], [ -94.501093, 39.02157 ], [ -94.500929, 39.024684 ] ] ] } },
{ "type": "Feature", "properties": { "STATEFP": "29", "COUNTYFP": "095", "TRACTCE": "008700", "GEOIDFQ": "1400000US29095008700", "GEOID": "29095008700", "NAME": "87", "NAMELSAD": "Census Tract 87", "STUSPS": "MO", "NAMELSADCO": "Jackson County", "STATE_NAME": "Missouri", "LSAD": "CT", "ALAND": 2715140, "AWATER": 0, "centroid_lon": -94.565220379919367, "centroid_lat": 39.005636248510868, "B03002_001E": 2818, "B03002_001M": 433, "B03002_012E": 216, "B03002_012M": 235, "B19013_001E": 40577, "B19013_001M": 14061, "B01003_001E": 2818, "state": "29", "county": "095", "tract": "008700", "latino_share": 0.076650106458481193, "camera_count": 10, "arterial_road_m": 10529.694997624816, "land_area_km2": 2.71514, "pop_density_per_km2": 1037.8838660253248, "arterial_km_per_km2": 3.8781407211505914, "log_income": 10.610956682603621, "city": "Kansas City" }, "geometry": { "type": "Polygon", "coordinates": [ [ [ -94.57489, 39.007327 ], [ -94.574554, 39.01325 ], [ -94.570454, 39.013089 ], [ -94.568858, 39.013026 ], [ -94.568156, 39.012999 ], [ -94.559438, 39.012632 ], [ -94.555231, 39.012448 ], [ -94.555136, 39.011791 ], [ -94.555324, 39.007214 ], [ -94.555421, 39.005236 ], [ -94.556026, 38.998039 ], [ -94.556748, 38.998031 ], [ -94.561493, 38.998233 ], [ -94.564037, 38.998329 ], [ -94.564362, 38.99834 ], [ -94.575305, 38.998797 ], [ -94.57489, 39.007327 ] ] ] } },
{ "type": "Feature", "properties": { "STATEFP": "29", "COUNTYFP": "095", "TRACTCE": "013417", "GEOIDFQ": "1400000US29095013417", "GEOID": "29095013417", "NAME": "134.17", "NAMELSAD": "Census Tract 134.17", "STUSPS": "MO", "NAMELSADCO": "Jackson County", "STATE_NAME": "Missouri", "LSAD": "CT", "ALAND": 1533487, "AWATER": 0, "centroid_lon": -94.584586549126612, "centroid_lat": 38.914918321742434, "B03002_001E": 2665, "B03002_001M": 453, "B03002_012E": 216, "B03002_012M": 130, "B19013_001E": 40614, "B19013_001M": 14123, "B01003_001E": 2665, "state": "29", "county": "095", "tract": "013417", "latino_share": 0.081050656660412765, "camera_count": 0, "arterial_road_m": 1108.9763850814843, "land_area_km2": 1.533487, "pop_density_per_km2": 1737.8693135318395, "arterial_km_per_km2": 0.7231729940204803, "log_income": 10.611868113736662, "city": "Kansas City" }, "geometry": { "type": "Polygon", "coordinates": [ [ [ -94.593296, 38.916353 ], [ -94.590126, 38.917794 ], [ -94.590003, 38.918847 ], [ -94.589999, 38.918946 ], [ -94.589942, 38.91978 ], [ -94.589659, 38.921301 ], [ -94.588419, 38.921569 ], [ -94.583691, 38.921261 ], [ -94.583916, 38.918577 ], [ -94.574238, 38.918149 ], [ -94.575894, 38.912758 ], [ -94.578129, 38.911207 ], [ -94.584706, 38.907443 ], [ -94.584397, 38.911299 ], [ -94.588961, 38.911623 ], [ -94.589137, 38.910313 ], [ -94.593754, 38.909934 ], [ -94.593296, 38.916353 ] ] ] } },
{ "type": "Feature", "properties": { "STATEFP": "29", "COUNTYFP": "095", "TRACTCE": "015702", "GEOIDFQ": "1400000US29095015702", "GEOID": "29095015702", "NAME": "157.02", "NAMELSAD": "Census Tract 157.02", "STUSPS": "MO", "NAMELSADCO": "Jackson County", "STATE_NAME": "Missouri", "LSAD": "CT", "ALAND": 484643, "AWATER": 0, "centroid_lon": -94.580848846080087, "centroid_lat": 39.101317183371961, "B03002_001E": 3158, "B03002_001M": 402, "B03002_012E": 174, "B03002_012M": 94, "B19013_001E": 80876, "B19013_001M": 18568, "B01003_001E": 3158, "state": "29", "county": "095", "tract": "015702", "latino_share": 0.055098163394553513, "camera_count": 15, "arterial_road_m": 9975.265958335116, "land_area_km2": 0.484643, "pop_density_per_km2": 6516.1366201513283, "arterial_km_per_km2": 20.582709248529572, "log_income": 11.300672396487192, "city": "Kansas City" }, "geometry": { "type": "Polygon", "coordinates": [ [ [ -94.583549, 39.106748 ], [ -94.577082, 39.106587 ], [ -94.577945, 39.106154 ], [ -94.57867, 39.10618 ], [ -94.578824, 39.104358 ], [ -94.578282, 39.104339 ], [ -94.578371, 39.103412 ], [ -94.57847, 39.100947 ], [ -94.578731, 39.095994 ], [ -94.578741, 39.095794 ], [ -94.583396, 39.096038 ], [ -94.583166, 39.100808 ], [ -94.583157, 39.101095 ], [ -94.583074, 39.103561 ], [ -94.583089, 39.105825 ], [ -94.583549, 39.106748 ] ] ] } },
{ "type": "Feature", "properties": { "STATEFP": "29", "COUNTYFP": "095", "TRACTCE": "014400", "GEOIDFQ": "1400000US29095014400", "GEOID": "29095014400", "NAME": "144", "NAMELSAD": "Census Tract 144", "STUSPS": "MO", "NAMELSADCO": "Jackson County", "STATE_NAME": "Missouri", "LSAD": "CT", "ALAND": 11998710, "AWATER": 238805, "centroid_lon": -94.445054741385533, "centroid_lat": 38.947514752487216, "B03002_001E": 2915, "B03002_001M": 490, "B03002_012E": 112, "B03002_012M": 104, "B19013_001E": 82500, "B19013_001M": 9932, "B01003_001E": 2915, "state": "29", "county": "095", "tract": "014400", "latino_share": 0.038421955403087481, "camera_count": 3, "arterial_road_m": 22221.495862404703, "land_area_km2": 11.99871, "pop_density_per_km2": 242.94278301584086, "arterial_km_per_km2": 1.8519904108362233, "log_income": 11.320553572322773, "city": "Kansas City" }, "geometry": { "type": "Polygon", "coordinates": [ [ [ -94.472455, 38.936043 ], [ -94.471691, 38.937607 ], [ -94.471481, 38.937684 ], [ -94.471443, 38.937755 ], [ -94.470388, 38.939576 ], [ -94.467307, 38.941462 ], [ -94.466624, 38.942483 ], [ -94.466093, 38.950632 ], [ -94.465428, 38.964631 ], [ -94.465405, 38.965132 ], [ -94.459424, 38.964854 ], [ -94.457428, 38.964364 ], [ -94.45268, 38.963765 ], [ -94.45074, 38.961354 ], [ -94.450494, 38.960871 ], [ -94.450209, 38.960185 ], [ -94.450248, 38.959798 ], [ -94.447032, 38.95963 ], [ -94.446537, 38.959586 ], [ -94.444601, 38.958442 ], [ -94.443138, 38.959038 ], [ -94.439406, 38.956811 ], [ -94.437823, 38.956647 ], [ -94.435784, 38.956498 ], [ -94.433083, 38.95757 ], [ -94.430817, 38.962856 ], [ -94.429234, 38.965529 ], [ -94.429192, 38.965596 ], [ -94.428516, 38.965235 ], [ -94.421897, 38.957825 ], [ -94.420996, 38.954048 ], [ -94.41479, 38.951325 ], [ -94.412577, 38.950067 ], [ -94.411175, 38.948797 ], [ -94.409855, 38.946766 ], [ -94.409139, 38.944243 ], [ -94.408378, 38.940658 ], [ -94.410206, 38.940751 ], [ -94.429231, 38.94169 ], [ -94.439617, 38.942172 ], [ -94.447879, 38.942572 ], [ -94.448234, 38.936302 ], [ -94.448266, 38.935647 ], [ -94.448776, 38.928064 ], [ -94.449722, 38.927936 ], [ -94.45103, 38.928185 ], [ -94.467044, 38.928604 ], [ -94.467174, 38.933698 ], [ -94.468731, 38.932769 ], [ -94.470579, 38.933541 ], [ -94.472578, 38.93568 ], [ -94.472455, 38.936043 ] ] ] } },
{ "type": "Feature", "properties": { "STATEFP": "29", "COUNTYFP": "095", "TRACTCE": "013418", "GEOIDFQ": "1400000US29095013418", "GEOID": "29095013418", "NAME": "134.18", "NAMELSAD": "Census Tract 134.18", "STUSPS": "MO", "NAMELSADCO": "Jackson County", "STATE_NAME": "Missouri", "LSAD": "CT", "ALAND": 6640130, "AWATER": 32014, "centroid_lon": -94.578093380751156, "centroid_lat": 38.903607294870568, "B03002_001E": 2559, "B03002_001M": 363, "B03002_012E": 160, "B03002_012M": 120, "B19013_001E": 67348, "B19013_001M": 20681, "B01003_001E": 2559, "state": "29", "county": "095", "tract": "013418", "latino_share": 0.062524423602969906, "camera_count": 2, "arterial_road_m": 7340.2306588558567, "land_area_km2": 6.64013, "pop_density_per_km2": 385.38402109597251, "arterial_km_per_km2": 1.1054347819780421, "log_income": 11.11762848577769, "city": "Kansas City" }, "geometry": { "type": "Polygon", "coordinates": [ [ [ -94.594704, 38.897476 ], [ -94.593754, 38.909934 ], [ -94.589137, 38.910313 ], [ -94.588961, 38.911623 ], [ -94.584397, 38.911299 ], [ -94.584706, 38.907443 ], [ -94.578129, 38.911207 ], [ -94.575894, 38.912758 ], [ -94.574238, 38.918149 ], [ -94.573498, 38.925363 ], [ -94.572882, 38.925497 ], [ -94.570957, 38.92562 ], [ -94.567759, 38.925212 ], [ -94.566043, 38.925122 ], [ -94.566926, 38.921549 ], [ -94.569022, 38.918004 ], [ -94.569637, 38.916378 ], [ -94.569507, 38.915527 ], [ -94.568529, 38.914214 ], [ -94.567551, 38.911773 ], [ -94.567728, 38.910838 ], [ -94.566365, 38.910541 ], [ -94.560799, 38.910472 ], [ -94.560828, 38.910095 ], [ -94.561442, 38.900334 ], [ -94.561711, 38.896053 ], [ -94.572839, 38.896257 ], [ -94.574765, 38.89525 ], [ -94.576108, 38.893648 ], [ -94.57696, 38.890013 ], [ -94.578608, 38.889321 ], [ -94.586002, 38.889703 ], [ -94.59522, 38.89025 ], [ -94.594704, 38.897476 ] ] ] } },
{ "type": "Feature", "properties": { "STATEFP": "29", "COUNTYFP": "095", "TRACTCE": "016801", "GEOIDFQ": "1400000US29095016801", "GEOID": "29095016801", "NAME": "168.01", "NAMELSAD": "Census Tract 168.01", "STUSPS": "MO", "NAMELSADCO": "Jackson County", "STATE_NAME": "Missouri", "LSAD": "CT", "ALAND": 983883, "AWATER": 0, "centroid_lon": -94.593331028791553, "centroid_lat": 39.053126455940536, "B03002_001E": 2135, "B03002_001M": 313, "B03002_012E": 70, "B03002_012M": 55, "B19013_001E": 47083, "B19013_001M": 15263, "B01003_001E": 2135, "state": "29", "county": "095", "tract": "016801", "latino_share": 0.032786885245901641, "camera_count": 11, "arterial_road_m": 4445.1221378153268, "land_area_km2": 0.983883, "pop_density_per_km2": 2169.9734622917563, "arterial_km_per_km2": 4.5179377403769827, "log_income": 10.759667280669499, "city": "Kansas City" }, "geometry": { "type": "Polygon", "coordinates": [ [ [ -94.600759, 39.054148 ], [ -94.598917, 39.05526 ], [ -94.599798, 39.057075 ], [ -94.595501, 39.056909 ], [ -94.590768, 39.056743 ], [ -94.586105, 39.056576 ], [ -94.58639, 39.051768 ], [ -94.586536, 39.049331 ], [ -94.588267, 39.049375 ], [ -94.592049, 39.049483 ], [ -94.594581, 39.049559 ], [ -94.598061, 39.049752 ], [ -94.598629, 39.049833 ], [ -94.599299, 39.049861 ], [ -94.600988, 39.049938 ], [ -94.600759, 39.054148 ] ] ] } },
{ "type": "Feature", "properties": { "STATEFP": "29", "COUNTYFP": "095", "TRACTCE": "016500", "GEOIDFQ": "1400000US29095016500", "GEOID": "29095016500", "NAME": "165", "NAMELSAD": "Census Tract 165", "STUSPS": "MO", "NAMELSADCO": "Jackson County", "STATE_NAME": "Missouri", "LSAD": "CT", "ALAND": 1277677, "AWATER": 0, "centroid_lon": -94.538695244471754, "centroid_lat": 39.076648798292624, "B03002_001E": 2273, "B03002_001M": 471, "B03002_012E": 773, "B03002_012M": 491, "B19013_001E": 41525, "B19013_001M": 10537, "B01003_001E": 2273, "state": "29", "county": "095", "tract": "016500", "latino_share": 0.34007919049714036, "camera_count": 2, "arterial_road_m": 7731.0897183317402, "land_area_km2": 1.277677, "pop_density_per_km2": 1779.0098749527463, "arterial_km_per_km2": 6.0508952719128075, "log_income": 10.634050934481495, "city": "Kansas City" }, "geometry": { "type": "Polygon", "coordinates": [ [ [ -94.543444, 39.073413 ], [ -94.54327, 39.076773 ], [ -94.542921, 39.084268 ], [ -94.54113, 39.083959 ], [ -94.538353, 39.083845 ], [ -94.533736, 39.0837 ], [ -94.534101, 39.076482 ], [ -94.53423, 39.073492 ], [ -94.534482, 39.069272 ], [ -94.539052, 39.069409 ], [ -94.542481, 39.06952 ], [ -94.543626, 39.069558 ], [ -94.543444, 39.073413 ] ] ] } },
{ "type": "Feature", "properties": { "STATEFP": "29", "COUNTYFP": "095", "TRACTCE": "009600", "GEOIDFQ": "1400000US29095009600", "GEOID": "29095009600", "NAME": "96", "NAMELSAD": "Census Tract 96", "STUSPS": "MO", "NAMELSADCO": "Jackson County", "STATE_NAME": "Missouri", "LSAD": "CT", "ALAND": 6529036, "AWATER": 0, "centroid_lon": -94.554477338958051, "centroid_lat": 38.973092903517902, "B03002_001E": 1380, "B03002_001M": 310, "B03002_012E": 209, "B03002_012M": 166, "B19013_001E": 42696, "B19013_001M": 16068, "B01003_001E": 1380, "state": "29", "county": "095", "tract": "009600", "latino_share": 0.15144927536231884, "camera_count": 0, "arterial_road_m": 17061.549176060558, "land_area_km2": 6.529036, "pop_density_per_km2": 211.36351522644387, "arterial_km_per_km2": 2.6131804413485482, "log_income": 10.66186051801378, "city": "Kansas City" }, "geometry": { "type": "Polygon", "coordinates": [ [ [ -94.577029, 38.964285 ], [ -94.565846, 38.963911 ], [ -94.564287, 38.964101 ], [ -94.564181, 38.964647 ], [ -94.563319, 38.966032 ], [ -94.562635, 38.965799 ], [ -94.561066, 38.968839 ], [ -94.558217, 38.971695 ], [ -94.558172, 38.972663 ], [ -94.562755, 38.972873 ], [ -94.562224, 38.983773 ], [ -94.557625, 38.983555 ], [ -94.557505, 38.986198 ], [ -94.556831, 38.987149 ], [ -94.552036, 38.986924 ], [ -94.548108, 38.986711 ], [ -94.547918, 38.990368 ], [ -94.543289, 38.990089 ], [ -94.539622, 38.989247 ], [ -94.538791, 38.988892 ], [ -94.538729, 38.988862 ], [ -94.537863, 38.988509 ], [ -94.527833, 38.988256 ], [ -94.529834, 38.986496 ], [ -94.532016, 38.986089 ], [ -94.533499, 38.985745 ], [ -94.534121, 38.985396 ], [ -94.538584, 38.978147 ], [ -94.539959, 38.974169 ], [ -94.545693, 38.970978 ], [ -94.546488, 38.970482 ], [ -94.548088, 38.969831 ], [ -94.55239, 38.965521 ], [ -94.554474, 38.964218 ], [ -94.558352, 38.959731 ], [ -94.558605, 38.958425 ], [ -94.557338, 38.954008 ], [ -94.558993, 38.954131 ], [ -94.563779, 38.954485 ], [ -94.572668, 38.955083 ], [ -94.577862, 38.955341 ], [ -94.577029, 38.964285 ] ] ] } },
{ "type": "Feature", "properties": { "STATEFP": "29", "COUNTYFP": "095", "TRACTCE": "005601", "GEOIDFQ": "1400000US29095005601", "GEOID": "29095005601", "NAME": "56.01", "NAMELSAD": "Census Tract 56.01", "STUSPS": "MO", "NAMELSADCO": "Jackson County", "STATE_NAME": "Missouri", "LSAD": "CT", "ALAND": 640683, "AWATER": 0, "centroid_lon": -94.548419920855963, "centroid_lat": 39.066098118942641, "B03002_001E": 1696, "B03002_001M": 496, "B03002_012E": 0, "B03002_012M": 12, "B19013_001E": 40336, "B19013_001M": 20126, "B01003_001E": 1696, "state": "29", "county": "095", "tract": "005601", "latino_share": 0.0, "camera_count": 4, "arterial_road_m": 4565.0793953911098, "land_area_km2": 0.640683, "pop_density_per_km2": 2647.174967963876, "arterial_km_per_km2": 7.1253324895324361, "log_income": 10.6049996494277, "city": "Kansas City" }, "geometry": { "type": "Polygon", "coordinates": [ [ [ -94.552932, 39.068053 ], [ -94.552845, 39.069866 ], [ -94.54823, 39.069711 ], [ -94.543626, 39.069558 ], [ -94.543814, 39.065933 ], [ -94.544, 39.062339 ], [ -94.548599, 39.062482 ], [ -94.553203, 39.062627 ], [ -94.552932, 39.068053 ] ] ] } },
{ "type": "Feature", "properties": { "STATEFP": "29", "COUNTYFP": "095", "TRACTCE": "007200", "GEOIDFQ": "1400000US29095007200", "GEOID": "29095007200", "NAME": "72", "NAMELSAD": "Census Tract 72", "STUSPS": "MO", "NAMELSADCO": "Jackson County", "STATE_NAME": "Missouri", "LSAD": "CT", "ALAND": 1936576, "AWATER": 0, "centroid_lon": -94.600284010688895, "centroid_lat": 39.034762486799124, "B03002_001E": 2041, "B03002_001M": 197, "B03002_012E": 40, "B03002_012M": 38, "B19013_001E": 126094, "B19013_001M": 24612, "B01003_001E": 2041, "state": "29", "county": "095", "tract": "007200", "latino_share": 0.019598236158745713, "camera_count": 1, "arterial_road_m": 8163.4954506963359, "land_area_km2": 1.936576, "pop_density_per_km2": 1053.9219736276809, "arterial_km_per_km2": 4.2154273577160595, "log_income": 11.744782939536291, "city": "Kansas City" }, "geometry": { "type": "Polygon", "coordinates": [ [ [ -94.607691961467097, 39.030774862574098 ], [ -94.607658132125707, 39.033355057199003 ], [ -94.607646846178397, 39.0342158466566 ], [ -94.6076467216308, 39.034225346013002 ], [ -94.607610761586699, 39.036968051266797 ], [ -94.607560102038804, 39.040831901045401 ], [ -94.607534039453995, 39.042819718079102 ], [ -94.600824, 39.042604 ], [ -94.598526, 39.042537 ], [ -94.598718, 39.039194 ], [ -94.598753, 39.03829 ], [ -94.591657, 39.039861 ], [ -94.591726, 39.038685 ], [ -94.592004, 39.03418 ], [ -94.592367, 39.027833 ], [ -94.607723805593196, 39.028346082125303 ], [ -94.607691961467097, 39.030774862574098 ] ] ] } },
{ "type": "Feature", "properties": { "STATEFP": "29", "COUNTYFP": "095", "TRACTCE": "009400", "GEOIDFQ": "1400000US29095009400", "GEOID": "29095009400", "NAME": "94", "NAMELSAD": "Census Tract 94", "STUSPS": "MO", "NAMELSADCO": "Jackson County", "STATE_NAME": "Missouri", "LSAD": "CT", "ALAND": 2583142, "AWATER": 0, "centroid_lon": -94.585486842795419, "centroid_lat": 38.981104501795286, "B03002_001E": 4342, "B03002_001M": 620, "B03002_012E": 149, "B03002_012M": 133, "B19013_001E": 72500, "B19013_001M": 23783, "B01003_001E": 4342, "state": "29", "county": "095", "tract": "009400", "latino_share": 0.034315983417779826, "camera_count": 0, "arterial_road_m": 5359.1856747986421, "land_area_km2": 2.583142, "pop_density_per_km2": 1680.8986884964124, "arterial_km_per_km2": 2.074677146977844, "log_income": 11.191341840842766, "city": "Kansas City" }, "geometry": { "type": "Polygon", "coordinates": [ [ [ -94.594546, 38.985066 ], [ -94.594368, 38.988716 ], [ -94.593692, 38.988711 ], [ -94.587423, 38.988449 ], [ -94.580471, 38.988142 ], [ -94.57585, 38.987941 ], [ -94.576007, 38.984711 ], [ -94.576025, 38.984334 ], [ -94.576167, 38.981533 ], [ -94.576453, 38.975822 ], [ -94.57656, 38.973485 ], [ -94.580007, 38.973831 ], [ -94.581179, 38.973725 ], [ -94.581936, 38.973664 ], [ -94.585796, 38.97383 ], [ -94.58769, 38.973904 ], [ -94.590421, 38.97401 ], [ -94.595078, 38.974192 ], [ -94.594546, 38.985066 ] ] ] } },
{ "type": "Feature", "properties": { "STATEFP": "29", "COUNTYFP": "095", "TRACTCE": "005801", "GEOIDFQ": "1400000US29095005801", "GEOID": "29095005801", "NAME": "58.01", "NAMELSAD": "Census Tract 58.01", "STUSPS": "MO", "NAMELSADCO": "Jackson County", "STATE_NAME": "Missouri", "LSAD": "CT", "ALAND": 2447945, "AWATER": 0, "centroid_lon": -94.525586476990625, "centroid_lat": 39.0617190832304, "B03002_001E": 2497, "B03002_001M": 649, "B03002_012E": 443, "B03002_012M": 485, "B19013_001E": 32434, "B19013_001M": 15841, "B01003_001E": 2497, "state": "29", "county": "095", "tract": "005801", "latino_share": 0.17741289547456948, "camera_count": 7, "arterial_road_m": 8671.9644789823942, "land_area_km2": 2.447945, "pop_density_per_km2": 1020.0392574179567, "arterial_km_per_km2": 3.542548741488226, "log_income": 10.38696253427932, "city": "Kansas City" }, "geometry": { "type": "Polygon", "coordinates": [ [ [ -94.534782, 39.062066 ], [ -94.534619, 39.065662 ], [ -94.534482, 39.069272 ], [ -94.529831, 39.069125 ], [ -94.520595, 39.068839 ], [ -94.52021, 39.068782 ], [ -94.51823, 39.066391 ], [ -94.517621, 39.06524 ], [ -94.515709, 39.061506 ], [ -94.512909, 39.058963 ], [ -94.513501, 39.057233 ], [ -94.514561, 39.056423 ], [ -94.515901, 39.056183 ], [ -94.521229, 39.056483 ], [ -94.520828, 39.055633 ], [ -94.520655, 39.054353 ], [ -94.527578, 39.055632 ], [ -94.530525, 39.054687 ], [ -94.53517, 39.054831 ], [ -94.534782, 39.062066 ] ] ] } },
{ "type": "Feature", "properties": { "STATEFP": "29", "COUNTYFP": "095", "TRACTCE": "015401", "GEOIDFQ": "1400000US29095015401", "GEOID": "29095015401", "NAME": "154.01", "NAMELSAD": "Census Tract 154.01", "STUSPS": "MO", "NAMELSADCO": "Jackson County", "STATE_NAME": "Missouri", "LSAD": "CT", "ALAND": 1297372, "AWATER": 0, "centroid_lon": -94.566218731190745, "centroid_lat": 39.102048961007569, "B03002_001E": 2484, "B03002_001M": 666, "B03002_012E": 105, "B03002_012M": 93, "B19013_001E": 13616, "B19013_001M": 13608, "B01003_001E": 2484, "state": "29", "county": "095", "tract": "015401", "latino_share": 0.042270531400966184, "camera_count": 15, "arterial_road_m": 18724.057823548705, "land_area_km2": 1.297372, "pop_density_per_km2": 1914.6397486611397, "arterial_km_per_km2": 14.432296845892084, "log_income": 9.5190008508131552, "city": "Kansas City" }, "geometry": { "type": "Polygon", "coordinates": [ [ [ -94.572463, 39.103207 ], [ -94.571269, 39.105654 ], [ -94.570599, 39.10633 ], [ -94.569746, 39.106994 ], [ -94.565336, 39.109882 ], [ -94.564666, 39.111127 ], [ -94.564179, 39.108851 ], [ -94.563757, 39.108102 ], [ -94.563426, 39.106769 ], [ -94.560244, 39.10665 ], [ -94.560651, 39.099107 ], [ -94.560794, 39.095928 ], [ -94.563969, 39.096011 ], [ -94.57031, 39.096376 ], [ -94.571395, 39.096943 ], [ -94.571877, 39.097418 ], [ -94.572587, 39.098677 ], [ -94.572463, 39.103207 ] ] ] } },
{ "type": "Feature", "properties": { "STATEFP": "29", "COUNTYFP": "095", "TRACTCE": "980101", "GEOIDFQ": "1400000US29095980101", "GEOID": "29095980101", "NAME": "9801.01", "NAMELSAD": "Census Tract 9801.01", "STUSPS": "MO", "NAMELSADCO": "Jackson County", "STATE_NAME": "Missouri", "LSAD": "CT", "ALAND": 6703602, "AWATER": 82487, "centroid_lon": -94.5211826136333, "centroid_lat": 38.999651452374145, "B03002_001E": 0, "B03002_001M": 12, "B03002_012E": 0, "B03002_012M": 12, "B19013_001E": -666666666, "B19013_001M": -222222222, "B01003_001E": 0, "state": "29", "county": "095", "tract": "980101", "latino_share": null, "camera_count": 3, "arterial_road_m": 7690.6708121032289, "land_area_km2": 6.703602, "pop_density_per_km2": 0.0, "arterial_km_per_km2": 1.1472445428745963, "log_income": null, "city": "Kansas City" }, "geometry": { "type": "Polygon", "coordinates": [ [ [ -94.542432, 39.007277 ], [ -94.542364, 39.011909 ], [ -94.54126, 39.011691 ], [ -94.537569, 39.011486 ], [ -94.532424, 39.012173 ], [ -94.525209, 39.014009 ], [ -94.517897, 39.015126 ], [ -94.515781, 39.01525 ], [ -94.51597, 39.01067 ], [ -94.515457, 39.008773 ], [ -94.514797, 39.00779 ], [ -94.510023, 39.001075 ], [ -94.506696, 38.996246 ], [ -94.506188, 38.995104 ], [ -94.503957, 38.995602 ], [ -94.502601, 38.99552 ], [ -94.502335, 38.995475 ], [ -94.50187, 38.987758 ], [ -94.502313, 38.986101 ], [ -94.50336, 38.984338 ], [ -94.505423, 38.982388 ], [ -94.509374, 38.984175 ], [ -94.512921, 38.985314 ], [ -94.516086, 38.988144 ], [ -94.520353, 38.990255 ], [ -94.521689, 38.992624 ], [ -94.521751, 38.9921 ], [ -94.525316, 38.990408 ], [ -94.527833, 38.988256 ], [ -94.537863, 38.988509 ], [ -94.538729, 38.988862 ], [ -94.531975, 38.991729 ], [ -94.530582, 38.992857 ], [ -94.52985, 38.994239 ], [ -94.529835, 38.996797 ], [ -94.533504, 38.996941 ], [ -94.533241, 39.004238 ], [ -94.54258, 39.004661 ], [ -94.542432, 39.007277 ] ] ] } },
{ "type": "Feature", "properties": { "STATEFP": "29", "COUNTYFP": "095", "TRACTCE": "007600", "GEOIDFQ": "1400000US29095007600", "GEOID": "29095007600", "NAME": "76", "NAMELSAD": "Census Tract 76", "STUSPS": "MO", "NAMELSADCO": "Jackson County", "STATE_NAME": "Missouri", "LSAD": "CT", "ALAND": 1256138, "AWATER": 0, "centroid_lon": -94.559309594571431, "centroid_lat": 39.033149449567723, "B03002_001E": 2026, "B03002_001M": 457, "B03002_012E": 245, "B03002_012M": 204, "B19013_001E": 49798, "B19013_001M": 10451, "B01003_001E": 2026, "state": "29", "county": "095", "tract": "007600", "latino_share": 0.1209279368213228, "camera_count": 2, "arterial_road_m": 4768.6346391637089, "land_area_km2": 1.256138, "pop_density_per_km2": 1612.8801134907153, "arterial_km_per_km2": 3.7962665241905817, "log_income": 10.815730101563714, "city": "Kansas City" }, "geometry": { "type": "Polygon", "coordinates": [ [ [ -94.564262, 39.0305 ], [ -94.564065, 39.03414 ], [ -94.563694, 39.04103 ], [ -94.559549, 39.040867 ], [ -94.554722, 39.036693 ], [ -94.554586, 39.036525 ], [ -94.554412, 39.036322 ], [ -94.554167, 39.035986 ], [ -94.553871, 39.035534 ], [ -94.553419, 39.034155 ], [ -94.553405, 39.033708 ], [ -94.553907, 39.031145 ], [ -94.554289, 39.0265 ], [ -94.555166, 39.026535 ], [ -94.559827, 39.026699 ], [ -94.561007, 39.026738 ], [ -94.564493, 39.026861 ], [ -94.564262, 39.0305 ] ] ] } },
{ "type": "Feature", "properties": { "STATEFP": "29", "COUNTYFP": "095", "TRACTCE": "000800", "GEOIDFQ": "1400000US29095000800", "GEOID": "29095000800", "NAME": "8", "NAMELSAD": "Census Tract 8", "STUSPS": "MO", "NAMELSADCO": "Jackson County", "STATE_NAME": "Missouri", "LSAD": "CT", "ALAND": 1226167, "AWATER": 0, "centroid_lon": -94.532447396413758, "centroid_lat": 39.112664895546132, "B03002_001E": 3414, "B03002_001M": 717, "B03002_012E": 1725, "B03002_012M": 717, "B19013_001E": 51627, "B19013_001M": 19964, "B01003_001E": 3414, "state": "29", "county": "095", "tract": "000800", "latino_share": 0.50527240773286464, "camera_count": 1, "arterial_road_m": 2339.7642946650785, "land_area_km2": 1.226167, "pop_density_per_km2": 2784.2863166273437, "arterial_km_per_km2": 1.9081938224280042, "log_income": 10.85180007043302, "city": "Kansas City" }, "geometry": { "type": "Polygon", "coordinates": [ [ [ -94.537526, 39.107659 ], [ -94.537272, 39.113081 ], [ -94.537153, 39.115143 ], [ -94.536142, 39.115107 ], [ -94.536099, 39.11713 ], [ -94.535804, 39.119799 ], [ -94.531093, 39.120057 ], [ -94.527449, 39.12004 ], [ -94.527709, 39.118227 ], [ -94.527989, 39.112775 ], [ -94.528375, 39.105544 ], [ -94.530709, 39.105623 ], [ -94.533024, 39.1057 ], [ -94.535277, 39.10578 ], [ -94.537224, 39.10583 ], [ -94.537657, 39.105841 ], [ -94.537526, 39.107659 ] ] ] } },
{ "type": "Feature", "properties": { "STATEFP": "29", "COUNTYFP": "095", "TRACTCE": "017200", "GEOIDFQ": "1400000US29095017200", "GEOID": "29095017200", "NAME": "172", "NAMELSAD": "Census Tract 172", "STUSPS": "MO", "NAMELSADCO": "Jackson County", "STATE_NAME": "Missouri", "LSAD": "CT", "ALAND": 10810824, "AWATER": 7398, "centroid_lon": -94.511209482862753, "centroid_lat": 38.9793890615354, "B03002_001E": 5146, "B03002_001M": 981, "B03002_012E": 67, "B03002_012M": 71, "B19013_001E": 54234, "B19013_001M": 17513, "B01003_001E": 5146, "state": "29", "county": "095", "tract": "017200", "latino_share": 0.013019821220365333, "camera_count": 1, "arterial_road_m": 28227.90585759217, "land_area_km2": 10.810824, "pop_density_per_km2": 476.00441927460849, "arterial_km_per_km2": 2.6110781063119859, "log_income": 10.901063297026466, "city": "Kansas City" }, "geometry": { "type": "Polygon", "coordinates": [ [ [ -94.545693, 38.970978 ], [ -94.539959, 38.974169 ], [ -94.538584, 38.978147 ], [ -94.534121, 38.985396 ], [ -94.533499, 38.985745 ], [ -94.532016, 38.986089 ], [ -94.529834, 38.986496 ], [ -94.527833, 38.988256 ], [ -94.525316, 38.990408 ], [ -94.521751, 38.9921 ], [ -94.521689, 38.992624 ], [ -94.520353, 38.990255 ], [ -94.516086, 38.988144 ], [ -94.512921, 38.985314 ], [ -94.509374, 38.984175 ], [ -94.505423, 38.982388 ], [ -94.50336, 38.984338 ], [ -94.502313, 38.986101 ], [ -94.50187, 38.987758 ], [ -94.502335, 38.995475 ], [ -94.497622, 38.99448 ], [ -94.49194, 38.99549 ], [ -94.483289, 38.995184 ], [ -94.48279, 38.992696 ], [ -94.483937, 38.987871 ], [ -94.482757, 38.983173 ], [ -94.485182, 38.980658 ], [ -94.493056, 38.973661 ], [ -94.494663, 38.972263 ], [ -94.495599, 38.969385 ], [ -94.499009, 38.966403 ], [ -94.499631, 38.966413 ], [ -94.500202, 38.966436 ], [ -94.501424, 38.966484 ], [ -94.502046, 38.966519 ], [ -94.502989, 38.966685 ], [ -94.514209, 38.967179 ], [ -94.519952, 38.967411 ], [ -94.53552, 38.967976 ], [ -94.541687, 38.96989 ], [ -94.54484, 38.968839 ], [ -94.545421, 38.970081 ], [ -94.545693, 38.970978 ] ] ] } },
{ "type": "Feature", "properties": { "STATEFP": "29", "COUNTYFP": "095", "TRACTCE": "018102", "GEOIDFQ": "1400000US29095018102", "GEOID": "29095018102", "NAME": "181.02", "NAMELSAD": "Census Tract 181.02", "STUSPS": "MO", "NAMELSADCO": "Jackson County", "STATE_NAME": "Missouri", "LSAD": "CT", "ALAND": 13626066, "AWATER": 59758, "centroid_lon": -94.447692251774782, "centroid_lat": 38.848103479152485, "B03002_001E": 3775, "B03002_001M": 450, "B03002_012E": 16, "B03002_012M": 28, "B19013_001E": 152500, "B19013_001M": 30201, "B01003_001E": 3775, "state": "29", "county": "095", "tract": "018102", "latino_share": 0.0042384105960264901, "camera_count": 1, "arterial_road_m": 12939.443684022739, "land_area_km2": 13.626066, "pop_density_per_km2": 277.04254478145049, "arterial_km_per_km2": 0.94960964404713288, "log_income": 11.934919875029603, "city": "Kansas City" }, "geometry": { "type": "Polygon", "coordinates": [ [ [ -94.4913, 38.855847 ], [ -94.490792, 38.865323 ], [ -94.486136, 38.86519 ], [ -94.486215, 38.86334 ], [ -94.481609, 38.863282 ], [ -94.482084, 38.855595 ], [ -94.480297, 38.856008 ], [ -94.435742, 38.854178 ], [ -94.430429, 38.854044 ], [ -94.417199, 38.853682 ], [ -94.398681, 38.853232 ], [ -94.399447, 38.838809 ], [ -94.418523, 38.839316 ], [ -94.426801, 38.839506 ], [ -94.431168, 38.839615 ], [ -94.432321, 38.839634 ], [ -94.436649, 38.839707 ], [ -94.436806, 38.839713 ], [ -94.436905, 38.839783 ], [ -94.441401, 38.839943 ], [ -94.45503, 38.840419 ], [ -94.480309, 38.841354 ], [ -94.490031, 38.841713 ], [ -94.49213, 38.841707 ], [ -94.4913, 38.855847 ] ] ] } },
{ "type": "Feature", "properties": { "STATEFP": "29", "COUNTYFP": "095", "TRACTCE": "016300", "GEOIDFQ": "1400000US29095016300", "GEOID": "29095016300", "NAME": "163", "NAMELSAD": "Census Tract 163", "STUSPS": "MO", "NAMELSADCO": "Jackson County", "STATE_NAME": "Missouri", "LSAD": "CT", "ALAND": 10891667, "AWATER": 146221, "centroid_lon": -94.504637167928152, "centroid_lat": 39.058586420431098, "B03002_001E": 2076, "B03002_001M": 464, "B03002_012E": 139, "B03002_012M": 149, "B19013_001E": 36528, "B19013_001M": 9006, "B01003_001E": 2076, "state": "29", "county": "095", "tract": "016300", "latino_share": 0.066955684007707128, "camera_count": 2, "arterial_road_m": 38435.17778730498, "land_area_km2": 10.891667, "pop_density_per_km2": 190.60443181011686, "arterial_km_per_km2": 3.5288608977216231, "log_income": 10.505834368769577, "city": "Kansas City" }, "geometry": { "type": "Polygon", "coordinates": [ [ [ -94.525481, 39.035506 ], [ -94.521575, 39.037269 ], [ -94.520825, 39.038331 ], [ -94.521015, 39.042997 ], [ -94.519687, 39.044369 ], [ -94.517431, 39.044531 ], [ -94.509421, 39.044742 ], [ -94.5069, 39.045962 ], [ -94.506656, 39.047731 ], [ -94.5094, 39.050815 ], [ -94.5117, 39.051525 ], [ -94.513162, 39.054012 ], [ -94.513275, 39.055644 ], [ -94.511986, 39.058391 ], [ -94.512909, 39.058963 ], [ -94.515709, 39.061506 ], [ -94.517621, 39.06524 ], [ -94.51823, 39.066391 ], [ -94.52021, 39.068782 ], [ -94.516, 39.068626 ], [ -94.515937, 39.070382 ], [ -94.515662, 39.075917 ], [ -94.515285, 39.083118 ], [ -94.506068, 39.082937 ], [ -94.497924, 39.082772 ], [ -94.495791, 39.082672 ], [ -94.492465, 39.082516 ], [ -94.490458, 39.082128 ], [ -94.490513, 39.0785 ], [ -94.487846, 39.070814 ], [ -94.488086, 39.063259 ], [ -94.487963, 39.063273 ], [ -94.48875, 39.061347 ], [ -94.490392, 39.059299 ], [ -94.490479, 39.059208 ], [ -94.492584, 39.057015 ], [ -94.497732, 39.052705 ], [ -94.498679, 39.051502 ], [ -94.49953, 39.049725 ], [ -94.499914, 39.044678 ], [ -94.500226, 39.03909 ], [ -94.500243, 39.038731 ], [ -94.500601, 39.031119 ], [ -94.500929, 39.024684 ], [ -94.501093, 39.02157 ], [ -94.504394, 39.024806 ], [ -94.508862, 39.029437 ], [ -94.515828, 39.034188 ], [ -94.516942, 39.034506 ], [ -94.517848, 39.034677 ], [ -94.518523, 39.034734 ], [ -94.526305, 39.034445 ], [ -94.525481, 39.035506 ] ] ] } },
{ "type": "Feature", "properties": { "STATEFP": "29", "COUNTYFP": "095", "TRACTCE": "016802", "GEOIDFQ": "1400000US29095016802", "GEOID": "29095016802", "NAME": "168.02", "NAMELSAD": "Census Tract 168.02", "STUSPS": "MO", "NAMELSADCO": "Jackson County", "STATE_NAME": "Missouri", "LSAD": "CT", "ALAND": 476949, "AWATER": 0, "centroid_lon": -94.603815581516841, "centroid_lat": 39.053815560068983, "B03002_001E": 1438, "B03002_001M": 311, "B03002_012E": 181, "B03002_012M": 107, "B19013_001E": 81985, "B19013_001M": 13766, "B01003_001E": 1438, "state": "29", "county": "095", "tract": "016802", "latino_share": 0.1258692628650904, "camera_count": 4, "arterial_road_m": 1598.7505493294586, "land_area_km2": 0.476949, "pop_density_per_km2": 3014.9974106246159, "arterial_km_per_km2": 3.3520366943414466, "log_income": 11.314291582683969, "city": "Kansas City" }, "geometry": { "type": "Polygon", "coordinates": [ [ [ -94.607382659580495, 39.054365598650001 ], [ -94.607343702392697, 39.057336898781003 ], [ -94.602637, 39.057173 ], [ -94.599798, 39.057075 ], [ -94.598917, 39.05526 ], [ -94.600759, 39.054148 ], [ -94.600988, 39.049938 ], [ -94.602624, 39.050018 ], [ -94.607436783844406, 39.050237491837997 ], [ -94.607382659580495, 39.054365598650001 ] ] ] } },
{ "type": "Feature", "properties": { "STATEFP": "29", "COUNTYFP": "095", "TRACTCE": "012903", "GEOIDFQ": "1400000US29095012903", "GEOID": "29095012903", "NAME": "129.03", "NAMELSAD": "Census Tract 129.03", "STUSPS": "MO", "NAMELSADCO": "Jackson County", "STATE_NAME": "Missouri", "LSAD": "CT", "ALAND": 2118323, "AWATER": 0, "centroid_lon": -94.494347939958544, "centroid_lat": 38.957635247517572, "B03002_001E": 3249, "B03002_001M": 570, "B03002_012E": 486, "B03002_012M": 352, "B19013_001E": 43465, "B19013_001M": 11915, "B01003_001E": 3249, "state": "29", "county": "095", "tract": "012903", "latino_share": 0.14958448753462603, "camera_count": 0, "arterial_road_m": 4222.4234994916169, "land_area_km2": 2.118323, "pop_density_per_km2": 1533.7604321909357, "arterial_km_per_km2": 1.993285962287912, "log_income": 10.679711295513165, "city": "Kansas City" }, "geometry": { "type": "Polygon", "coordinates": [ [ [ -94.507093, 38.955 ], [ -94.503031, 38.957687 ], [ -94.499448, 38.958214 ], [ -94.498259, 38.958882 ], [ -94.497617, 38.960113 ], [ -94.497984, 38.962945 ], [ -94.499631, 38.966413 ], [ -94.499009, 38.966403 ], [ -94.493376, 38.96629 ], [ -94.488315, 38.966147 ], [ -94.488127, 38.966143 ], [ -94.48815, 38.9655 ], [ -94.488448, 38.958471 ], [ -94.486424, 38.958262 ], [ -94.486131, 38.958128 ], [ -94.485071, 38.956929 ], [ -94.483969, 38.956978 ], [ -94.484219, 38.951432 ], [ -94.494046, 38.951764 ], [ -94.499221, 38.951982 ], [ -94.507942, 38.952392 ], [ -94.507093, 38.955 ] ] ] } },
{ "type": "Feature", "properties": { "STATEFP": "29", "COUNTYFP": "095", "TRACTCE": "016000", "GEOIDFQ": "1400000US29095016000", "GEOID": "29095016000", "NAME": "160", "NAMELSAD": "Census Tract 160", "STUSPS": "MO", "NAMELSADCO": "Jackson County", "STATE_NAME": "Missouri", "LSAD": "CT", "ALAND": 1903382, "AWATER": 0, "centroid_lon": -94.544851246435471, "centroid_lat": 39.091441855564057, "B03002_001E": 1765, "B03002_001M": 377, "B03002_012E": 467, "B03002_012M": 238, "B19013_001E": 35441, "B19013_001M": 10242, "B01003_001E": 1765, "state": "29", "county": "095", "tract": "016000", "latino_share": 0.26458923512747873, "camera_count": 4, "arterial_road_m": 14296.776790354254, "land_area_km2": 1.903382, "pop_density_per_km2": 927.29678015238142, "arterial_km_per_km2": 7.5112493395199991, "log_income": 10.475624621025222, "city": "Kansas City" }, "geometry": { "type": "Polygon", "coordinates": [ [ [ -94.551811, 39.090807 ], [ -94.551413, 39.098848 ], [ -94.544466, 39.098616 ], [ -94.537609, 39.098364 ], [ -94.537758, 39.095038 ], [ -94.537834, 39.094165 ], [ -94.537973, 39.091112 ], [ -94.53802, 39.090331 ], [ -94.538025, 39.090234 ], [ -94.538353, 39.083845 ], [ -94.54113, 39.083959 ], [ -94.542921, 39.084268 ], [ -94.552135, 39.084558 ], [ -94.551811, 39.090807 ] ] ] } },
{ "type": "Feature", "properties": { "STATEFP": "29", "COUNTYFP": "095", "TRACTCE": "009800", "GEOIDFQ": "1400000US29095009800", "GEOID": "29095009800", "NAME": "98", "NAMELSAD": "Census Tract 98", "STUSPS": "MO", "NAMELSADCO": "Jackson County", "STATE_NAME": "Missouri", "LSAD": "CT", "ALAND": 2413562, "AWATER": 0, "centroid_lon": -94.588473360134628, "centroid_lat": 38.964836385832079, "B03002_001E": 3271, "B03002_001M": 455, "B03002_012E": 350, "B03002_012M": 219, "B19013_001E": 72139, "B19013_001M": 11680, "B01003_001E": 3271, "state": "29", "county": "095", "tract": "009800", "latino_share": 0.10700091715071844, "camera_count": 0, "arterial_road_m": 5664.5923469283889, "land_area_km2": 2.413562, "pop_density_per_km2": 1355.2583277330352, "arterial_km_per_km2": 2.346984393576129, "log_income": 11.186350092426327, "city": "Kansas City" }, "geometry": { "type": "Polygon", "coordinates": [ [ [ -94.595652, 38.958801 ], [ -94.595585, 38.95903 ], [ -94.595511, 38.959203 ], [ -94.595411, 38.959373 ], [ -94.594763, 38.960713 ], [ -94.595093, 38.962052 ], [ -94.59555, 38.963514 ], [ -94.595406, 38.966933 ], [ -94.595078, 38.974192 ], [ -94.590421, 38.97401 ], [ -94.58769, 38.973904 ], [ -94.585796, 38.97383 ], [ -94.581936, 38.973664 ], [ -94.581179, 38.973725 ], [ -94.581437, 38.967768 ], [ -94.581508, 38.966371 ], [ -94.581661, 38.962782 ], [ -94.582003, 38.955523 ], [ -94.58538, 38.955665 ], [ -94.586663, 38.955557 ], [ -94.588585, 38.955412 ], [ -94.595817, 38.956097 ], [ -94.595652, 38.958801 ] ] ] } },
{ "type": "Feature", "properties": { "STATEFP": "29", "COUNTYFP": "095", "TRACTCE": "017000", "GEOIDFQ": "1400000US29095017000", "GEOID": "29095017000", "NAME": "170", "NAMELSAD": "Census Tract 170", "STUSPS": "MO", "NAMELSADCO": "Jackson County", "STATE_NAME": "Missouri", "LSAD": "CT", "ALAND": 5789241, "AWATER": 16862, "centroid_lon": -94.475703313442168, "centroid_lat": 39.064639626889821, "B03002_001E": 2037, "B03002_001M": 491, "B03002_012E": 210, "B03002_012M": 194, "B19013_001E": 38951, "B19013_001M": 9904, "B01003_001E": 2037, "state": "29", "county": "095", "tract": "017000", "latino_share": 0.10309278350515463, "camera_count": 0, "arterial_road_m": 17280.978693574325, "land_area_km2": 5.789241, "pop_density_per_km2": 351.85959610249427, "arterial_km_per_km2": 2.985016290317561, "log_income": 10.570059724910275, "city": "Kansas City" }, "geometry": { "type": "Polygon", "coordinates": [ [ [ -94.490458, 39.082128 ], [ -94.485665, 39.080995 ], [ -94.477951, 39.081652 ], [ -94.471135, 39.081358 ], [ -94.470183, 39.081314 ], [ -94.470425, 39.074189 ], [ -94.47077, 39.073599 ], [ -94.469798, 39.070401 ], [ -94.468465, 39.068863 ], [ -94.468969, 39.066795 ], [ -94.474706, 39.067085 ], [ -94.474714, 39.06534 ], [ -94.474982, 39.061438 ], [ -94.474983, 39.060647 ], [ -94.474992, 39.060502 ], [ -94.473941, 39.05989 ], [ -94.473978, 39.059697 ], [ -94.472529, 39.0591 ], [ -94.460581, 39.054263 ], [ -94.456705, 39.052677 ], [ -94.454386, 39.051749 ], [ -94.452592, 39.05096 ], [ -94.448552, 39.048979 ], [ -94.447598, 39.048503 ], [ -94.444793, 39.047167 ], [ -94.447654, 39.047285 ], [ -94.451889, 39.047461 ], [ -94.452041, 39.047623 ], [ -94.463949, 39.04796 ], [ -94.465722, 39.048157 ], [ -94.467324, 39.048569 ], [ -94.474442, 39.051776 ], [ -94.490479, 39.059208 ], [ -94.490392, 39.059299 ], [ -94.48875, 39.061347 ], [ -94.487963, 39.063273 ], [ -94.488086, 39.063259 ], [ -94.487846, 39.070814 ], [ -94.490513, 39.0785 ], [ -94.490458, 39.082128 ] ] ] } },
{ "type": "Feature", "properties": { "STATEFP": "29", "COUNTYFP": "095", "TRACTCE": "003700", "GEOIDFQ": "1400000US29095003700", "GEOID": "29095003700", "NAME": "37", "NAMELSAD": "Census Tract 37", "STUSPS": "MO", "NAMELSADCO": "Jackson County", "STATE_NAME": "Missouri", "LSAD": "CT", "ALAND": 664562, "AWATER": 0, "centroid_lon": -94.547698428926154, "centroid_lat": 39.080673374806864, "B03002_001E": 1162, "B03002_001M": 459, "B03002_012E": 334, "B03002_012M": 328, "B19013_001E": 46059, "B19013_001M": 3266, "B01003_001E": 1162, "state": "29", "county": "095", "tract": "003700", "latino_share": 0.28743545611015492, "camera_count": 1, "arterial_road_m": 3179.5340117247906, "land_area_km2": 0.664562, "pop_density_per_km2": 1748.5200778858857, "arterial_km_per_km2": 4.7844053853888591, "log_income": 10.737678462327009, "city": "Kansas City" }, "geometry": { "type": "Polygon", "coordinates": [ [ [ -94.552146, 39.084331 ], [ -94.552135, 39.084558 ], [ -94.542921, 39.084268 ], [ -94.54327, 39.076773 ], [ -94.55248, 39.077094 ], [ -94.552146, 39.084331 ] ] ] } },
{ "type": "Feature", "properties": { "STATEFP": "29", "COUNTYFP": "095", "TRACTCE": "000300", "GEOIDFQ": "1400000US29095000300", "GEOID": "29095000300", "NAME": "3", "NAMELSAD": "Census Tract 3", "STUSPS": "MO", "NAMELSADCO": "Jackson County", "STATE_NAME": "Missouri", "LSAD": "CT", "ALAND": 1469921, "AWATER": 247848, "centroid_lon": -94.571129413049604, "centroid_lat": 39.114182370760872, "B03002_001E": 2180, "B03002_001M": 331, "B03002_012E": 168, "B03002_012M": 110, "B19013_001E": 53990, "B19013_001M": 23016, "B01003_001E": 2180, "state": "29", "county": "095", "tract": "000300", "latino_share": 0.077064220183486243, "camera_count": 6, "arterial_road_m": 12344.053686133157, "land_area_km2": 1.469921, "pop_density_per_km2": 1483.0728998361137, "arterial_km_per_km2": 8.3977667412964063, "log_income": 10.896554123212333, "city": "Kansas City" }, "geometry": { "type": "Polygon", "coordinates": [ [ [ -94.579019, 39.117367 ], [ -94.565803, 39.12325 ], [ -94.564475, 39.120359 ], [ -94.564484, 39.117119 ], [ -94.564557, 39.114766 ], [ -94.564572, 39.114248 ], [ -94.564666, 39.111127 ], [ -94.565336, 39.109882 ], [ -94.569746, 39.106994 ], [ -94.570599, 39.10633 ], [ -94.571959, 39.106258 ], [ -94.576924, 39.106582 ], [ -94.577082, 39.106587 ], [ -94.577078, 39.106682 ], [ -94.576991, 39.108128 ], [ -94.577145, 39.109448 ], [ -94.578063, 39.112661 ], [ -94.5782, 39.11329 ], [ -94.579019, 39.117367 ] ] ] } },
{ "type": "Feature", "properties": { "STATEFP": "29", "COUNTYFP": "095", "TRACTCE": "015800", "GEOIDFQ": "1400000US29095015800", "GEOID": "29095015800", "NAME": "158", "NAMELSAD": "Census Tract 158", "STUSPS": "MO", "NAMELSADCO": "Jackson County", "STATE_NAME": "Missouri", "LSAD": "CT", "ALAND": 2034647, "AWATER": 0, "centroid_lon": -94.580791756316088, "centroid_lat": 39.089837010633111, "B03002_001E": 1995, "B03002_001M": 206, "B03002_012E": 115, "B03002_012M": 55, "B19013_001E": 84500, "B19013_001M": 13003, "B01003_001E": 1995, "state": "29", "county": "095", "tract": "015800", "latino_share": 0.05764411027568922, "camera_count": 21, "arterial_road_m": 20573.101962030472, "land_area_km2": 2.034647, "pop_density_per_km2": 980.51406460186945, "arterial_km_per_km2": 10.11138637907729, "log_income": 11.344506813345266, "city": "Kansas City" }, "geometry": { "type": "Polygon", "coordinates": [ [ [ -94.592873, 39.084017 ], [ -94.592209, 39.085716 ], [ -94.589512, 39.087424 ], [ -94.589026, 39.087728 ], [ -94.58878, 39.091932 ], [ -94.588602, 39.096171 ], [ -94.587179, 39.096215 ], [ -94.583396, 39.096038 ], [ -94.578741, 39.095794 ], [ -94.57796, 39.095815 ], [ -94.575227, 39.096245 ], [ -94.573172, 39.096587 ], [ -94.572892, 39.096663 ], [ -94.572795, 39.096244 ], [ -94.572461, 39.095404 ], [ -94.571906, 39.091416 ], [ -94.571681, 39.090062 ], [ -94.571449, 39.088722 ], [ -94.571027, 39.08688 ], [ -94.570396, 39.085821 ], [ -94.570583, 39.084957 ], [ -94.57833, 39.085262 ], [ -94.578193, 39.084044 ], [ -94.57826, 39.081618 ], [ -94.578616, 39.081632 ], [ -94.579924, 39.083895 ], [ -94.583299, 39.084108 ], [ -94.589256, 39.08338 ], [ -94.589208, 39.085337 ], [ -94.592643, 39.08408 ], [ -94.592873, 39.084017 ] ] ] } }
]
}
