{
"type": "FeatureCollection",
"name": "oakland_block_groups",
"crs": { "type": "name", "properties": { "name": "urn:ogc:def:crs:EPSG::4269" } },
"features": [
{ "type": "Feature", "properties": { "GEOID": "060014047002", "NAME": "2", "ALAND": 603654, "AWATER": 0, "centroid_lon": -122.20489485711495, "centroid_lat": 37.812049976448527 }, "geometry": { "type": "Polygon", "coordinates": [ [ [ -122.210334, 37.815469 ], [ -122.2078, 37.816931 ], [ -122.2062, 37.816963 ], [ -122.204236, 37.815431 ], [ -122.202201, 37.815205 ], [ -122.199439, 37.812007 ], [ -122.197791, 37.810589 ], [ -122.201658, 37.810169 ], [ -122.206073, 37.807279 ], [ -122.207372, 37.806409 ], [ -122.20971, 37.807045 ], [ -122.209615, 37.807805 ], [ -122.206116, 37.810894 ], [ -122.207969, 37.813273 ], [ -122.210334, 37.815469 ] ] ] } },
{ "type": "Feature", "properties": { "GEOID": "060014087002", "NAME": "2", "ALAND": 187918, "AWATER": 0, "centroid_lon": -122.18486932156688, "centroid_lat": 37.76892955036454 }, "geometry": { "type": "Polygon", "coordinates": [ [ [ -122.189033, 37.767452 ], [ -122.18563, 37.769621 ], [ -122.18448, 37.770812 ], [ -122.181981, 37.772422 ], [ -122.181595, 37.771872 ], [ -122.181871, 37.769571 ], [ -122.182051, 37.769184 ], [ -122.187323, 37.765796 ], [ -122.189033, 37.767452 ] ] ] } },
{ "type": "Feature", "properties": { "GEOID": "060014097002", "NAME": "2", "ALAND": 213396, "AWATER": 0, "centroid_lon": -122.16439200400666, "centroid_lat": 37.752635967193804 }, "geometry": { "type": "Polygon", "coordinates": [ [ [ -122.167868, 37.752648 ], [ -122.167571, 37.752785 ], [ -122.161409, 37.755639 ], [ -122.1604, 37.752903 ], [ -122.164044, 37.75119 ], [ -122.167145, 37.749709 ], [ -122.168291, 37.75126 ], [ -122.167868, 37.752648 ] ] ] } },
{ "type": "Feature", "properties": { "GEOID": "060014090001", "NAME": "1", "ALAND": 1302870, "AWATER": 0, "centroid_lon": -122.1902752568502, "centroid_lat": 37.740192560800487 }, "geometry": { "type": "Polygon", "coordinates": [ [ [ -122.196063, 37.745818 ], [ -122.196548, 37.750857 ], [ -122.193624, 37.748322 ], [ -122.190731, 37.745815 ], [ -122.181561, 37.737835 ], [ -122.18335, 37.736426 ], [ -122.183593, 37.735921 ], [ -122.183825, 37.735389 ], [ -122.184187, 37.734824 ], [ -122.184816, 37.734289 ], [ -122.186815, 37.732855 ], [ -122.186936, 37.732769 ], [ -122.188784, 37.731729 ], [ -122.195814, 37.739765 ], [ -122.196628, 37.739705 ], [ -122.196063, 37.745818 ] ] ] } },
{ "type": "Feature", "properties": { "GEOID": "060014087004", "NAME": "4", "ALAND": 143340, "AWATER": 0, "centroid_lon": -122.1960699410938, "centroid_lat": 37.76535921253204 }, "geometry": { "type": "Polygon", "coordinates": [ [ [ -122.195729, 37.767804 ], [ -122.19308, 37.764803 ], [ -122.195455, 37.763258 ], [ -122.199502, 37.765149 ], [ -122.195729, 37.767804 ] ] ] } },
{ "type": "Feature", "properties": { "GEOID": "060014034013", "NAME": "3", "ALAND": 37469, "AWATER": 0, "centroid_lon": -122.26267836252998, "centroid_lat": 37.802621815569402 }, "geometry": { "type": "Polygon", "coordinates": [ [ [ -122.264071, 37.801572 ], [ -122.262394, 37.804196 ], [ -122.261318, 37.80363 ], [ -122.262903, 37.801101 ], [ -122.264071, 37.801572 ] ] ] } },
{ "type": "Feature", "properties": { "GEOID": "060014007003", "NAME": "3", "ALAND": 139344, "AWATER": 0, "centroid_lon": -122.27194403150236, "centroid_lat": 37.840383059392536 }, "geometry": { "type": "Polygon", "coordinates": [ [ [ -122.27658, 37.840676 ], [ -122.267562, 37.841672 ], [ -122.267257, 37.840152 ], [ -122.275229, 37.839149 ], [ -122.276311, 37.839266 ], [ -122.27658, 37.840676 ] ] ] } },
{ "type": "Feature", "properties": { "GEOID": "060014075001", "NAME": "1", "ALAND": 112786, "AWATER": 0, "centroid_lon": -122.19380425439637, "centroid_lat": 37.770622735075023 }, "geometry": { "type": "Polygon", "coordinates": [ [ [ -122.196541, 37.7697 ], [ -122.194398, 37.771202 ], [ -122.19592, 37.772639 ], [ -122.190345, 37.771576 ], [ -122.192194, 37.770292 ], [ -122.194984, 37.768322 ], [ -122.196541, 37.7697 ] ] ] } },
{ "type": "Feature", "properties": { "GEOID": "060014059012", "NAME": "2", "ALAND": 186701, "AWATER": 0, "centroid_lon": -122.23426611834725, "centroid_lat": 37.789507801606916 }, "geometry": { "type": "Polygon", "coordinates": [ [ [ -122.235512, 37.792267 ], [ -122.23544, 37.792224 ], [ -122.233339, 37.790957 ], [ -122.231583, 37.789907 ], [ -122.230914, 37.789441 ], [ -122.23196, 37.788044 ], [ -122.232013, 37.78758 ], [ -122.232503, 37.786558 ], [ -122.237876, 37.789765 ], [ -122.235512, 37.792267 ] ] ] } },
{ "type": "Feature", "properties": { "GEOID": "060014064001", "NAME": "1", "ALAND": 140954, "AWATER": 0, "centroid_lon": -122.21925901317221, "centroid_lat": 37.794806698030612 }, "geometry": { "type": "Polygon", "coordinates": [ [ [ -122.220813, 37.791882 ], [ -122.220646, 37.794198 ], [ -122.218581, 37.798803 ], [ -122.216974, 37.798404 ], [ -122.217936, 37.795826 ], [ -122.218469, 37.794476 ], [ -122.219751, 37.791152 ], [ -122.219995, 37.790516 ], [ -122.221573, 37.790949 ], [ -122.220813, 37.791882 ] ] ] } },
{ "type": "Feature", "properties": { "GEOID": "060014035014", "NAME": "4", "ALAND": 181016, "AWATER": 0, "centroid_lon": -122.26356834037873, "centroid_lat": 37.81379552155655 }, "geometry": { "type": "Polygon", "coordinates": [ [ [ -122.266771, 37.811553 ], [ -122.263084, 37.817449 ], [ -122.26091, 37.817068 ], [ -122.260289, 37.817103 ], [ -122.263071, 37.815063 ], [ -122.261495, 37.813034 ], [ -122.262463, 37.810945 ], [ -122.265421, 37.811468 ], [ -122.266771, 37.811553 ] ] ] } },
{ "type": "Feature", "properties": { "GEOID": "060014093002", "NAME": "2", "ALAND": 194931, "AWATER": 0, "centroid_lon": -122.16915013725406, "centroid_lat": 37.737649776101847 }, "geometry": { "type": "Polygon", "coordinates": [ [ [ -122.170734, 37.737323 ], [ -122.17167, 37.738553 ], [ -122.167519, 37.740468 ], [ -122.165472, 37.737689 ], [ -122.171556, 37.734996 ], [ -122.170097, 37.732056 ], [ -122.17267, 37.73642 ], [ -122.170734, 37.737323 ] ] ] } },
{ "type": "Feature", "properties": { "GEOID": "060014102002", "NAME": "2", "ALAND": 164559, "AWATER": 0, "centroid_lon": -122.156126096297, "centroid_lat": 37.7437362340536 }, "geometry": { "type": "Polygon", "coordinates": [ [ [ -122.159506, 37.745049 ], [ -122.156174, 37.745897 ], [ -122.153625, 37.744069 ], [ -122.152496, 37.742923 ], [ -122.153008, 37.742627 ], [ -122.156962, 37.741506 ], [ -122.159506, 37.745049 ] ] ] } },
{ "type": "Feature", "properties": { "GEOID": "060014024002", "NAME": "2", "ALAND": 154523, "AWATER": 0, "centroid_lon": -122.28306243681345, "centroid_lat": 37.810405141816069 }, "geometry": { "type": "Polygon", "coordinates": [ [ [ -122.285192, 37.812403 ], [ -122.279921, 37.811183 ], [ -122.280965, 37.808301 ], [ -122.281485, 37.808568 ], [ -122.286208, 37.809606 ], [ -122.285192, 37.812403 ] ] ] } },
{ "type": "Feature", "properties": { "GEOID": "060014065001", "NAME": "1", "ALAND": 239955, "AWATER": 0, "centroid_lon": -122.21580081242833, "centroid_lat": 37.790812465073223 }, "geometry": { "type": "Polygon", "coordinates": [ [ [ -122.218469, 37.794476 ], [ -122.216297, 37.793686 ], [ -122.216996, 37.792796 ], [ -122.214825, 37.791757 ], [ -122.211685, 37.790305 ], [ -122.211104, 37.789688 ], [ -122.214328, 37.787803 ], [ -122.216343, 37.788204 ], [ -122.216298, 37.789797 ], [ -122.219751, 37.791152 ], [ -122.218469, 37.794476 ] ] ] } },
{ "type": "Feature", "properties": { "GEOID": "060014083002", "NAME": "2", "ALAND": 465631, "AWATER": 0, "centroid_lon": -122.16084853681092, "centroid_lat": 37.772120619280038 }, "geometry": { "type": "Polygon", "coordinates": [ [ [ -122.164511, 37.776112 ], [ -122.165991, 37.777292 ], [ -122.164035, 37.776422 ], [ -122.158068, 37.773348 ], [ -122.158891, 37.773429 ], [ -122.154381, 37.768779 ], [ -122.156658, 37.767739 ], [ -122.157405, 37.768803 ], [ -122.157946, 37.767845 ], [ -122.158706, 37.768677 ], [ -122.165833, 37.772182 ], [ -122.164496, 37.773016 ], [ -122.166793, 37.774587 ], [ -122.164511, 37.776112 ] ] ] } },
{ "type": "Feature", "properties": { "GEOID": "060014095002", "NAME": "2", "ALAND": 197288, "AWATER": 0, "centroid_lon": -122.18014726064041, "centroid_lat": 37.752883495932132 }, "geometry": { "type": "Polygon", "coordinates": [ [ [ -122.18375, 37.753142 ], [ -122.179302, 37.755303 ], [ -122.179117, 37.755471 ], [ -122.178484, 37.755174 ], [ -122.176501, 37.752609 ], [ -122.181598, 37.750245 ], [ -122.18375, 37.753142 ] ] ] } },
{ "type": "Feature", "properties": { "GEOID": "060014072002", "NAME": "2", "ALAND": 153171, "AWATER": 0, "centroid_lon": -122.21813854926805, "centroid_lat": 37.777287591592739 }, "geometry": { "type": "Polygon", "coordinates": [ [ [ -122.219212, 37.777379 ], [ -122.219928, 37.777706 ], [ -122.218004, 37.780207 ], [ -122.216665, 37.779038 ], [ -122.215354, 37.777833 ], [ -122.214748, 37.777317 ], [ -122.217191, 37.776896 ], [ -122.218938, 37.774348 ], [ -122.220855, 37.77526 ], [ -122.219212, 37.777379 ] ] ] } },
{ "type": "Feature", "properties": { "GEOID": "060014013003", "NAME": "3", "ALAND": 213852, "AWATER": 0, "centroid_lon": -122.26646295293287, "centroid_lat": 37.815122201648897 }, "geometry": { "type": "Polygon", "coordinates": [ [ [ -122.267493, 37.81824 ], [ -122.263084, 37.817449 ], [ -122.266771, 37.811553 ], [ -122.269058, 37.811959 ], [ -122.267493, 37.81824 ] ] ] } },
{ "type": "Feature", "properties": { "GEOID": "060014058004", "NAME": "4", "ALAND": 95553, "AWATER": 0, "centroid_lon": -122.23637958353969, "centroid_lat": 37.796473428433593 }, "geometry": { "type": "Polygon", "coordinates": [ [ [ -122.237973, 37.79646 ], [ -122.237121, 37.797052 ], [ -122.236024, 37.798408 ], [ -122.233174, 37.796691 ], [ -122.237951, 37.794948 ], [ -122.239833, 37.795136 ], [ -122.237973, 37.79646 ] ] ] } },
{ "type": "Feature", "properties": { "GEOID": "060014058001", "NAME": "1", "ALAND": 162231, "AWATER": 0, "centroid_lon": -122.23010367953577, "centroid_lat": 37.792074733825906 }, "geometry": { "type": "Polygon", "coordinates": [ [ [ -122.233339, 37.790957 ], [ -122.229817, 37.794708 ], [ -122.22841, 37.793872 ], [ -122.226685, 37.793545 ], [ -122.229001, 37.790821 ], [ -122.230914, 37.789441 ], [ -122.231583, 37.789907 ], [ -122.233339, 37.790957 ] ] ] } },
{ "type": "Feature", "properties": { "GEOID": "060014062022", "NAME": "2", "ALAND": 133847, "AWATER": 0, "centroid_lon": -122.22802019382503, "centroid_lat": 37.780026548364376 }, "geometry": { "type": "Polygon", "coordinates": [ [ [ -122.229935, 37.782402 ], [ -122.228392, 37.781488 ], [ -122.226522, 37.780372 ], [ -122.224719, 37.779772 ], [ -122.225803, 37.777643 ], [ -122.227853, 37.778614 ], [ -122.229093, 37.779343 ], [ -122.231481, 37.780769 ], [ -122.229935, 37.782402 ] ] ] } },
{ "type": "Feature", "properties": { "GEOID": "060014051001", "NAME": "1", "ALAND": 325887, "AWATER": 0, "centroid_lon": -122.22624463188495, "centroid_lat": 37.811084245833463 }, "geometry": { "type": "Polygon", "coordinates": [ [ [ -122.230686, 37.810097 ], [ -122.227685, 37.811938 ], [ -122.228855, 37.812577 ], [ -122.226056, 37.813255 ], [ -122.225227, 37.814358 ], [ -122.224011, 37.81435 ], [ -122.221714, 37.813669 ], [ -122.221609, 37.813701 ], [ -122.220433, 37.813439 ], [ -122.220905, 37.813316 ], [ -122.222502, 37.81103 ], [ -122.225047, 37.809952 ], [ -122.227693, 37.808099 ], [ -122.23106, 37.807199 ], [ -122.230686, 37.810097 ] ] ] } },
{ "type": "Feature", "properties": { "GEOID": "060014085002", "NAME": "2", "ALAND": 263385, "AWATER": 0, "centroid_lon": -122.17479105983837, "centroid_lat": 37.76069702467786 }, "geometry": { "type": "Polygon", "coordinates": [ [ [ -122.178491, 37.761722 ], [ -122.174561, 37.763909 ], [ -122.172761, 37.762137 ], [ -122.171136, 37.760692 ], [ -122.170547, 37.759996 ], [ -122.172296, 37.75915 ], [ -122.175717, 37.757495 ], [ -122.177263, 37.759575 ], [ -122.178228, 37.760872 ], [ -122.178491, 37.761722 ] ] ] } },
{ "type": "Feature", "properties": { "GEOID": "060014025002", "NAME": "2", "ALAND": 101873, "AWATER": 0, "centroid_lon": -122.28565448570671, "centroid_lat": 37.803312379298148 }, "geometry": { "type": "Polygon", "coordinates": [ [ [ -122.287923, 37.804853 ], [ -122.28274, 37.803675 ], [ -122.283322, 37.8017 ], [ -122.286832, 37.802685 ], [ -122.28867, 37.802755 ], [ -122.287923, 37.804853 ] ] ] } },
{ "type": "Feature", "properties": { "GEOID": "060014027002", "NAME": "2", "ALAND": 193819, "AWATER": 0, "centroid_lon": -122.27845679244156, "centroid_lat": 37.810856494292892 }, "geometry": { "type": "Polygon", "coordinates": [ [ [ -122.279921, 37.811183 ], [ -122.278681, 37.814574 ], [ -122.275858, 37.813468 ], [ -122.277476, 37.810882 ], [ -122.27628, 37.810444 ], [ -122.278678, 37.807284 ], [ -122.280965, 37.808301 ], [ -122.279921, 37.811183 ] ] ] } },
{ "type": "Feature", "properties": { "GEOID": "060014029001", "NAME": "1", "ALAND": 358247, "AWATER": 0, "centroid_lon": -122.26672067243578, "centroid_lat": 37.807546835109314 }, "geometry": { "type": "Polygon", "coordinates": [ [ [ -122.271274, 37.804361 ], [ -122.266771, 37.811553 ], [ -122.265421, 37.811468 ], [ -122.262463, 37.810945 ], [ -122.263564, 37.807216 ], [ -122.265449, 37.806338 ], [ -122.26761, 37.80296 ], [ -122.268798, 37.803427 ], [ -122.271274, 37.804361 ] ] ] } },
{ "type": "Feature", "properties": { "GEOID": "060014098002", "NAME": "2", "ALAND": 646880, "AWATER": 0, "centroid_lon": -122.15835703323722, "centroid_lat": 37.757193765355645 }, "geometry": { "type": "Polygon", "coordinates": [ [ [ -122.164202, 37.763043 ], [ -122.16241, 37.762154 ], [ -122.158785, 37.761524 ], [ -122.155528, 37.759232 ], [ -122.155018, 37.757518 ], [ -122.152102, 37.754142 ], [ -122.152735, 37.753693 ], [ -122.153547, 37.75241 ], [ -122.154381, 37.751643 ], [ -122.157388, 37.753833 ], [ -122.1604, 37.752903 ], [ -122.161409, 37.755639 ], [ -122.161979, 37.757225 ], [ -122.163427, 37.760987 ], [ -122.164942, 37.762685 ], [ -122.164202, 37.763043 ] ] ] } },
{ "type": "Feature", "properties": { "GEOID": "060014101002", "NAME": "2", "ALAND": 480294, "AWATER": 0, "centroid_lon": -122.15142772946065, "centroid_lat": 37.745892629702723 }, "geometry": { "type": "Polygon", "coordinates": [ [ [ -122.157234, 37.747374 ], [ -122.151409, 37.748923 ], [ -122.152534, 37.751448 ], [ -122.153263, 37.752185 ], [ -122.153547, 37.75241 ], [ -122.152735, 37.753693 ], [ -122.152102, 37.754142 ], [ -122.151206, 37.75364 ], [ -122.151677, 37.751124 ], [ -122.148647, 37.745129 ], [ -122.145883, 37.742969 ], [ -122.146051, 37.742802 ], [ -122.14767, 37.741138 ], [ -122.148725, 37.740859 ], [ -122.151526, 37.742214 ], [ -122.152496, 37.742923 ], [ -122.153625, 37.744069 ], [ -122.156174, 37.745897 ], [ -122.157234, 37.747374 ] ] ] } },
{ "type": "Feature", "properties": { "GEOID": "060014048001", "NAME": "1", "ALAND": 250163, "AWATER": 0, "centroid_lon": -122.2121368505872, "centroid_lat": 37.803546505837097 }, "geometry": { "type": "Polygon", "coordinates": [ [ [ -122.214848, 37.803708 ], [ -122.213651, 37.803583 ], [ -122.209615, 37.807805 ], [ -122.20971, 37.807045 ], [ -122.207372, 37.806409 ], [ -122.211014, 37.80286 ], [ -122.214117, 37.799805 ], [ -122.216221, 37.800294 ], [ -122.214848, 37.803708 ] ] ] } },
{ "type": "Feature", "properties": { "GEOID": "060014049002", "NAME": "2", "ALAND": 239117, "AWATER": 0, "centroid_lon": -122.21921629641641, "centroid_lat": 37.801909918031626 }, "geometry": { "type": "Polygon", "coordinates": [ [ [ -122.222842, 37.800492 ], [ -122.220938, 37.802757 ], [ -122.219842, 37.805301 ], [ -122.218413, 37.806014 ], [ -122.216429, 37.805447 ], [ -122.217343, 37.804391 ], [ -122.218248, 37.800859 ], [ -122.216221, 37.800294 ], [ -122.216974, 37.798404 ], [ -122.218581, 37.798803 ], [ -122.220981, 37.799362 ], [ -122.222842, 37.800492 ] ] ] } },
{ "type": "Feature", "properties": { "GEOID": "060014083005", "NAME": "5", "ALAND": 196411, "AWATER": 0, "centroid_lon": -122.16862897875451, "centroid_lat": 37.769025579634395 }, "geometry": { "type": "Polygon", "coordinates": [ [ [ -122.172, 37.769173 ], [ -122.16997, 37.770754 ], [ -122.169033, 37.772433 ], [ -122.168111, 37.771036 ], [ -122.165377, 37.768804 ], [ -122.166286, 37.768019 ], [ -122.167789, 37.766009 ], [ -122.169167, 37.767123 ], [ -122.172133, 37.769131 ], [ -122.172, 37.769173 ] ] ] } },
{ "type": "Feature", "properties": { "GEOID": "060014076004", "NAME": "4", "ALAND": 198514, "AWATER": 0, "centroid_lon": -122.20528336635563, "centroid_lat": 37.774843962122453 }, "geometry": { "type": "Polygon", "coordinates": [ [ [ -122.208708, 37.773253 ], [ -122.204667, 37.778631 ], [ -122.204277, 37.778284 ], [ -122.202974, 37.775109 ], [ -122.202978, 37.772675 ], [ -122.205109, 37.772674 ], [ -122.207611, 37.772734 ], [ -122.208708, 37.773253 ] ] ] } },
{ "type": "Feature", "properties": { "GEOID": "060014088003", "NAME": "3", "ALAND": 244658, "AWATER": 0, "centroid_lon": -122.19497907711721, "centroid_lat": 37.759893593192324 }, "geometry": { "type": "Polygon", "coordinates": [ [ [ -122.198321, 37.760339 ], [ -122.19433, 37.762714 ], [ -122.19283, 37.761996 ], [ -122.190299, 37.760786 ], [ -122.194685, 37.757838 ], [ -122.196464, 37.756695 ], [ -122.198462, 37.758627 ], [ -122.198321, 37.760339 ] ] ] } },
{ "type": "Feature", "properties": { "GEOID": "060014027001", "NAME": "1", "ALAND": 193398, "AWATER": 0, "centroid_lon": -122.27574306839939, "centroid_lat": 37.80983191643962 }, "geometry": { "type": "Polygon", "coordinates": [ [ [ -122.278678, 37.807284 ], [ -122.27628, 37.810444 ], [ -122.277476, 37.810882 ], [ -122.275858, 37.813468 ], [ -122.274122, 37.812829 ], [ -122.273662, 37.811471 ], [ -122.273353, 37.810465 ], [ -122.275979, 37.806222 ], [ -122.277122, 37.806707 ], [ -122.278678, 37.807284 ] ] ] } },
{ "type": "Feature", "properties": { "GEOID": "060014099003", "NAME": "3", "ALAND": 1885314, "AWATER": 0, "centroid_lon": -122.13186613720049, "centroid_lat": 37.762010886843932 }, "geometry": { "type": "Polygon", "coordinates": [ [ [ -122.142517, 37.758912 ], [ -122.141431, 37.76285 ], [ -122.139967, 37.763148 ], [ -122.13734, 37.765042 ], [ -122.13685, 37.766568 ], [ -122.135336, 37.766895 ], [ -122.135071, 37.770397 ], [ -122.131719, 37.770913 ], [ -122.128683, 37.769608 ], [ -122.12525, 37.763753 ], [ -122.124562, 37.762106 ], [ -122.124213, 37.761329 ], [ -122.123828, 37.760777 ], [ -122.123283, 37.76031 ], [ -122.122934, 37.759283 ], [ -122.122739, 37.758991 ], [ -122.121287, 37.757301 ], [ -122.127378, 37.754464 ], [ -122.12952, 37.756046 ], [ -122.138522, 37.757941 ], [ -122.140094, 37.757216 ], [ -122.141828, 37.757477 ], [ -122.142517, 37.758912 ] ] ] } },
{ "type": "Feature", "properties": { "GEOID": "060014088002", "NAME": "2", "ALAND": 324674, "AWATER": 0, "centroid_lon": -122.1973551045206, "centroid_lat": 37.755391691211052 }, "geometry": { "type": "Polygon", "coordinates": [ [ [ -122.202509, 37.756077 ], [ -122.200822, 37.756782 ], [ -122.198462, 37.758627 ], [ -122.196464, 37.756695 ], [ -122.194685, 37.757838 ], [ -122.192564, 37.755743 ], [ -122.1937, 37.754489 ], [ -122.19584, 37.75244 ], [ -122.196675, 37.75311 ], [ -122.198076, 37.752214 ], [ -122.201102, 37.754884 ], [ -122.202509, 37.756077 ] ] ] } },
{ "type": "Feature", "properties": { "GEOID": "060014089001", "NAME": "1", "ALAND": 468230, "AWATER": 0, "centroid_lon": -122.1885192389347, "centroid_lat": 37.753062143101303 }, "geometry": { "type": "Polygon", "coordinates": [ [ [ -122.196675, 37.75311 ], [ -122.19584, 37.75244 ], [ -122.194213, 37.751194 ], [ -122.186879, 37.75593 ], [ -122.185963, 37.755045 ], [ -122.18268, 37.757174 ], [ -122.182446, 37.757065 ], [ -122.179475, 37.755647 ], [ -122.179117, 37.755471 ], [ -122.179302, 37.755303 ], [ -122.18375, 37.753142 ], [ -122.184565, 37.752782 ], [ -122.18501, 37.753295 ], [ -122.192424, 37.749734 ], [ -122.193624, 37.748322 ], [ -122.196548, 37.750857 ], [ -122.198076, 37.752214 ], [ -122.196675, 37.75311 ] ] ] } },
{ "type": "Feature", "properties": { "GEOID": "060014056002", "NAME": "2", "ALAND": 176869, "AWATER": 0, "centroid_lon": -122.23718246460444, "centroid_lat": 37.799414756170734 }, "geometry": { "type": "Polygon", "coordinates": [ [ [ -122.240474, 37.798669 ], [ -122.237543, 37.800727 ], [ -122.238268, 37.801557 ], [ -122.23627, 37.802051 ], [ -122.233791, 37.800539 ], [ -122.234679, 37.799827 ], [ -122.235229, 37.799419 ], [ -122.236024, 37.798408 ], [ -122.237121, 37.797052 ], [ -122.237973, 37.79646 ], [ -122.239635, 37.797933 ], [ -122.240474, 37.798669 ] ] ] } },
{ "type": "Feature", "properties": { "GEOID": "060014049004", "NAME": "4", "ALAND": 308145, "AWATER": 0, "centroid_lon": -122.22399571936916, "centroid_lat": 37.804842763444668 }, "geometry": { "type": "Polygon", "coordinates": [ [ [ -122.228892, 37.804571 ], [ -122.224827, 37.806307 ], [ -122.22174, 37.807758 ], [ -122.218413, 37.806014 ], [ -122.219842, 37.805301 ], [ -122.220938, 37.802757 ], [ -122.227456, 37.80387 ], [ -122.228292, 37.802089 ], [ -122.230803, 37.802906 ], [ -122.228892, 37.804571 ] ] ] } },
{ "type": "Feature", "properties": { "GEOID": "060014070003", "NAME": "3", "ALAND": 156803, "AWATER": 0, "centroid_lon": -122.2040816821724, "centroid_lat": 37.7848408600033 }, "geometry": { "type": "Polygon", "coordinates": [ [ [ -122.205542, 37.786282 ], [ -122.203847, 37.787269 ], [ -122.201878, 37.785127 ], [ -122.200715, 37.784273 ], [ -122.20414, 37.782517 ], [ -122.207444, 37.785373 ], [ -122.205542, 37.786282 ] ] ] } },
{ "type": "Feature", "properties": { "GEOID": "060014068003", "NAME": "3", "ALAND": 227665, "AWATER": 0, "centroid_lon": -122.19661426497781, "centroid_lat": 37.793993158504719 }, "geometry": { "type": "Polygon", "coordinates": [ [ [ -122.200653, 37.793713 ], [ -122.195495, 37.796722 ], [ -122.194294, 37.795426 ], [ -122.191543, 37.795091 ], [ -122.191623, 37.795028 ], [ -122.194306, 37.793458 ], [ -122.198304, 37.791118 ], [ -122.200653, 37.793713 ] ] ] } },
{ "type": "Feature", "properties": { "GEOID": "060014074002", "NAME": "2", "ALAND": 151486, "AWATER": 0, "centroid_lon": -122.20765635614515, "centroid_lat": 37.771106894263191 }, "geometry": { "type": "Polygon", "coordinates": [ [ [ -122.208708, 37.773253 ], [ -122.207611, 37.772734 ], [ -122.205109, 37.772674 ], [ -122.204836, 37.771606 ], [ -122.207008, 37.768703 ], [ -122.210778, 37.770479 ], [ -122.208708, 37.773253 ] ] ] } },
{ "type": "Feature", "properties": { "GEOID": "060014074003", "NAME": "3", "ALAND": 128793, "AWATER": 0, "centroid_lon": -122.21156354660293, "centroid_lat": 37.772637639110386 }, "geometry": { "type": "Polygon", "coordinates": [ [ [ -122.211734, 37.774681 ], [ -122.208708, 37.773253 ], [ -122.210778, 37.770479 ], [ -122.214794, 37.772376 ], [ -122.211734, 37.774681 ] ] ] } },
{ "type": "Feature", "properties": { "GEOID": "060014097001", "NAME": "1", "ALAND": 246276, "AWATER": 0, "centroid_lon": -122.16511149988224, "centroid_lat": 37.759300200360343 }, "geometry": { "type": "Polygon", "coordinates": [ [ [ -122.168729, 37.760898 ], [ -122.164942, 37.762685 ], [ -122.163427, 37.760987 ], [ -122.161979, 37.757225 ], [ -122.165368, 37.75569 ], [ -122.165921, 37.757115 ], [ -122.168729, 37.760898 ] ] ] } },
{ "type": "Feature", "properties": { "GEOID": "060014085003", "NAME": "3", "ALAND": 124030, "AWATER": 0, "centroid_lon": -122.17878843881788, "centroid_lat": 37.757489062094315 }, "geometry": { "type": "Polygon", "coordinates": [ [ [ -122.182446, 37.757065 ], [ -122.177263, 37.759575 ], [ -122.175717, 37.757495 ], [ -122.179475, 37.755647 ], [ -122.182446, 37.757065 ] ] ] } },
{ "type": "Feature", "properties": { "GEOID": "060014052002", "NAME": "2", "ALAND": 152164, "AWATER": 0, "centroid_lon": -122.24666486186584, "centroid_lat": 37.802736524262784 }, "geometry": { "type": "Polygon", "coordinates": [ [ [ -122.249318, 37.804823 ], [ -122.245581, 37.80356 ], [ -122.243006, 37.804082 ], [ -122.244001, 37.802319 ], [ -122.243982, 37.801855 ], [ -122.246539, 37.801387 ], [ -122.248411, 37.800443 ], [ -122.249013, 37.803014 ], [ -122.249318, 37.804823 ] ] ] } },
{ "type": "Feature", "properties": { "GEOID": "060014060003", "NAME": "3", "ALAND": 119795, "AWATER": 0, "centroid_lon": -122.2574612972635, "centroid_lat": 37.796778569749591 }, "geometry": { "type": "Polygon", "coordinates": [ [ [ -122.259496, 37.796832 ], [ -122.259554, 37.798301 ], [ -122.25713, 37.798725 ], [ -122.255481, 37.797239 ], [ -122.254666, 37.796499 ], [ -122.257484, 37.794503 ], [ -122.259577, 37.79632 ], [ -122.259496, 37.796832 ] ] ] } },
{ "type": "Feature", "properties": { "GEOID": "060014015001", "NAME": "1", "ALAND": 163507, "AWATER": 0, "centroid_lon": -122.28022393489992, "centroid_lat": 37.825251040018102 }, "geometry": { "type": "Polygon", "coordinates": [ [ [ -122.28095, 37.827689 ], [ -122.278707, 37.827151 ], [ -122.278611, 37.826878 ], [ -122.277915, 37.824623 ], [ -122.277372, 37.822934 ], [ -122.283643, 37.824406 ], [ -122.28095, 37.827689 ] ] ] } },
{ "type": "Feature", "properties": { "GEOID": "060014012003", "NAME": "3", "ALAND": 189382, "AWATER": 0, "centroid_lon": -122.25980193744104, "centroid_lat": 37.825765735530148 }, "geometry": { "type": "Polygon", "coordinates": [ [ [ -122.2621, 37.823536 ], [ -122.261375, 37.826659 ], [ -122.260841, 37.828634 ], [ -122.257998, 37.828161 ], [ -122.256742, 37.827628 ], [ -122.25868, 37.824515 ], [ -122.260006, 37.822421 ], [ -122.261996, 37.823012 ], [ -122.2621, 37.823536 ] ] ] } },
{ "type": "Feature", "properties": { "GEOID": "060014040002", "NAME": "2", "ALAND": 236373, "AWATER": 0, "centroid_lon": -122.25489585873294, "centroid_lat": 37.824326389096008 }, "geometry": { "type": "Polygon", "coordinates": [ [ [ -122.256742, 37.827628 ], [ -122.256661, 37.827555 ], [ -122.256547, 37.827554 ], [ -122.254964, 37.826904 ], [ -122.254208, 37.826348 ], [ -122.253357, 37.825164 ], [ -122.250981, 37.823407 ], [ -122.250998, 37.822371 ], [ -122.253253, 37.821752 ], [ -122.254566, 37.821528 ], [ -122.254946, 37.82208 ], [ -122.25868, 37.824515 ], [ -122.256742, 37.827628 ] ] ] } },
{ "type": "Feature", "properties": { "GEOID": "060014018002", "NAME": "2", "ALAND": 145017, "AWATER": 0, "centroid_lon": -122.29948887181206, "centroid_lat": 37.808030655490278 }, "geometry": { "type": "Polygon", "coordinates": [ [ [ -122.302012, 37.808058 ], [ -122.300212, 37.810339 ], [ -122.2964, 37.808446 ], [ -122.296666, 37.808092 ], [ -122.298257, 37.806089 ], [ -122.302446, 37.806982 ], [ -122.302012, 37.808058 ] ] ] } },
{ "type": "Feature", "properties": { "GEOID": "060014072003", "NAME": "3", "ALAND": 154734, "AWATER": 0, "centroid_lon": -122.22071271589415, "centroid_lat": 37.781012133391179 }, "geometry": { "type": "Polygon", "coordinates": [ [ [ -122.222729, 37.783749 ], [ -122.219322, 37.782476 ], [ -122.2191, 37.7822 ], [ -122.218657, 37.780838 ], [ -122.218004, 37.780207 ], [ -122.219928, 37.777706 ], [ -122.221517, 37.778367 ], [ -122.220069, 37.780735 ], [ -122.2239, 37.781409 ], [ -122.222729, 37.783749 ] ] ] } },
{ "type": "Feature", "properties": { "GEOID": "060014007001", "NAME": "1", "ALAND": 219501, "AWATER": 0, "centroid_lon": -122.2731972302748, "centroid_lat": 37.845424279480468 }, "geometry": { "type": "Polygon", "coordinates": [ [ [ -122.277766, 37.847525 ], [ -122.27746, 37.847564 ], [ -122.276188, 37.847734 ], [ -122.276173, 37.847662 ], [ -122.2758, 37.845867 ], [ -122.271236, 37.846465 ], [ -122.269144, 37.84674 ], [ -122.269226, 37.847201 ], [ -122.268763, 37.847261 ], [ -122.268183, 37.844585 ], [ -122.276524, 37.843794 ], [ -122.27701, 37.84359 ], [ -122.277186, 37.844823 ], [ -122.277548, 37.847038 ], [ -122.277766, 37.847525 ] ] ] } },
{ "type": "Feature", "properties": { "GEOID": "060014016001", "NAME": "1", "ALAND": 374250, "AWATER": 0, "centroid_lon": -122.28163951870785, "centroid_lat": 37.81840202285472 }, "geometry": { "type": "Polygon", "coordinates": [ [ [ -122.286226, 37.821163 ], [ -122.276053, 37.81887 ], [ -122.275265, 37.816452 ], [ -122.27814, 37.815875 ], [ -122.288425, 37.81831 ], [ -122.286226, 37.821163 ] ] ] } },
{ "type": "Feature", "properties": { "GEOID": "060014051004", "NAME": "4", "ALAND": 167546, "AWATER": 0, "centroid_lon": -122.23756763685758, "centroid_lat": 37.81318887371814 }, "geometry": { "type": "Polygon", "coordinates": [ [ [ -122.241101, 37.81276 ], [ -122.239028, 37.814281 ], [ -122.238144, 37.815118 ], [ -122.232012, 37.81433 ], [ -122.236283, 37.813628 ], [ -122.235304, 37.811544 ], [ -122.240184, 37.811434 ], [ -122.241101, 37.81276 ] ] ] } },
{ "type": "Feature", "properties": { "GEOID": "060014100003", "NAME": "3", "ALAND": 1556176, "AWATER": 0, "centroid_lon": -122.14120270368308, "centroid_lat": 37.752547209597736 }, "geometry": { "type": "Polygon", "coordinates": [ [ [ -122.151206, 37.75364 ], [ -122.150562, 37.753371 ], [ -122.141828, 37.757477 ], [ -122.140094, 37.757216 ], [ -122.138522, 37.757941 ], [ -122.12952, 37.756046 ], [ -122.127378, 37.754464 ], [ -122.136359, 37.750414 ], [ -122.14215, 37.74737 ], [ -122.143607, 37.748562 ], [ -122.148647, 37.745129 ], [ -122.151677, 37.751124 ], [ -122.151206, 37.75364 ] ] ] } },
{ "type": "Feature", "properties": { "GEOID": "060014039003", "NAME": "3", "ALAND": 201894, "AWATER": 0, "centroid_lon": -122.24998984687237, "centroid_lat": 37.815614149895474 }, "geometry": { "type": "Polygon", "coordinates": [ [ [ -122.252476, 37.819886 ], [ -122.250514, 37.8181 ], [ -122.248719, 37.818343 ], [ -122.250154, 37.81707 ], [ -122.246643, 37.813776 ], [ -122.248008, 37.811513 ], [ -122.250385, 37.813264 ], [ -122.251451, 37.816157 ], [ -122.253679, 37.819001 ], [ -122.252476, 37.819886 ] ] ] } },
{ "type": "Feature", "properties": { "GEOID": "060014055003", "NAME": "3", "ALAND": 95924, "AWATER": 0, "centroid_lon": -122.24397700343948, "centroid_lat": 37.798825023853531 }, "geometry": { "type": "Polygon", "coordinates": [ [ [ -122.24665, 37.79828 ], [ -122.242961, 37.800873 ], [ -122.241291, 37.799393 ], [ -122.245002, 37.796765 ], [ -122.24665, 37.79828 ] ] ] } },
{ "type": "Feature", "properties": { "GEOID": "060014058002", "NAME": "2", "ALAND": 120386, "AWATER": 0, "centroid_lon": -122.23262611960901, "centroid_lat": 37.793455582785164 }, "geometry": { "type": "Polygon", "coordinates": [ [ [ -122.23544, 37.792224 ], [ -122.231892, 37.795952 ], [ -122.229817, 37.794708 ], [ -122.233339, 37.790957 ], [ -122.23544, 37.792224 ] ] ] } },
{ "type": "Feature", "properties": { "GEOID": "060014070001", "NAME": "1", "ALAND": 199263, "AWATER": 0, "centroid_lon": -122.1992640758118, "centroid_lat": 37.790308913953346 }, "geometry": { "type": "Polygon", "coordinates": [ [ [ -122.203203, 37.792197 ], [ -122.200653, 37.793713 ], [ -122.198304, 37.791118 ], [ -122.194846, 37.787285 ], [ -122.195775, 37.786829 ], [ -122.199525, 37.788756 ], [ -122.200368, 37.789337 ], [ -122.201303, 37.790168 ], [ -122.203203, 37.792197 ] ] ] } },
{ "type": "Feature", "properties": { "GEOID": "060014068004", "NAME": "4", "ALAND": 218167, "AWATER": 0, "centroid_lon": -122.19927713245671, "centroid_lat": 37.796590133993902 }, "geometry": { "type": "Polygon", "coordinates": [ [ [ -122.202104, 37.797091 ], [ -122.200506, 37.79692 ], [ -122.198397, 37.800064 ], [ -122.197644, 37.799397 ], [ -122.19677, 37.798152 ], [ -122.195495, 37.796722 ], [ -122.200653, 37.793713 ], [ -122.203371, 37.796096 ], [ -122.202104, 37.797091 ] ] ] } },
{ "type": "Feature", "properties": { "GEOID": "060014067002", "NAME": "2", "ALAND": 154047, "AWATER": 0, "centroid_lon": -122.20085910269603, "centroid_lat": 37.799358085981325 }, "geometry": { "type": "Polygon", "coordinates": [ [ [ -122.203836, 37.798491 ], [ -122.201757, 37.80054 ], [ -122.20081, 37.801465 ], [ -122.199676, 37.802503 ], [ -122.198397, 37.800064 ], [ -122.200506, 37.79692 ], [ -122.202104, 37.797091 ], [ -122.203836, 37.798491 ] ] ] } },
{ "type": "Feature", "properties": { "GEOID": "060014067005", "NAME": "5", "ALAND": 175363, "AWATER": 0, "centroid_lon": -122.2074038161676, "centroid_lat": 37.804446859349518 }, "geometry": { "type": "Polygon", "coordinates": [ [ [ -122.211014, 37.80286 ], [ -122.207372, 37.806409 ], [ -122.206073, 37.807279 ], [ -122.20376, 37.805825 ], [ -122.204864, 37.80504 ], [ -122.208323, 37.801629 ], [ -122.211014, 37.80286 ] ] ] } },
{ "type": "Feature", "properties": { "GEOID": "060014076002", "NAME": "2", "ALAND": 187232, "AWATER": 0, "centroid_lon": -122.20305219072877, "centroid_lat": 37.779432393744379 }, "geometry": { "type": "Polygon", "coordinates": [ [ [ -122.206385, 37.780182 ], [ -122.20414, 37.782517 ], [ -122.199497, 37.778386 ], [ -122.201116, 37.777237 ], [ -122.202487, 37.77669 ], [ -122.204277, 37.778284 ], [ -122.204667, 37.778631 ], [ -122.206385, 37.780182 ] ] ] } },
{ "type": "Feature", "properties": { "GEOID": "060014084003", "NAME": "3", "ALAND": 227432, "AWATER": 0, "centroid_lon": -122.16878643387741, "centroid_lat": 37.762775422791449 }, "geometry": { "type": "Polygon", "coordinates": [ [ [ -122.172761, 37.762137 ], [ -122.169659, 37.764127 ], [ -122.167789, 37.766009 ], [ -122.164942, 37.762685 ], [ -122.168729, 37.760898 ], [ -122.170547, 37.759996 ], [ -122.171136, 37.760692 ], [ -122.172761, 37.762137 ] ] ] } },
{ "type": "Feature", "properties": { "GEOID": "060014096004", "NAME": "4", "ALAND": 156413, "AWATER": 0, "centroid_lon": -122.17295259737936, "centroid_lat": 37.750346205138428 }, "geometry": { "type": "Polygon", "coordinates": [ [ [ -122.175823, 37.751696 ], [ -122.172533, 37.753221 ], [ -122.17103, 37.751185 ], [ -122.172159, 37.750596 ], [ -122.170375, 37.748217 ], [ -122.172521, 37.747223 ], [ -122.174969, 37.750546 ], [ -122.175823, 37.751696 ] ] ] } },
{ "type": "Feature", "properties": { "GEOID": "060014103001", "NAME": "1", "ALAND": 171700, "AWATER": 0, "centroid_lon": -122.16378628598881, "centroid_lat": 37.748199397288303 }, "geometry": { "type": "Polygon", "coordinates": [ [ [ -122.167145, 37.749709 ], [ -122.164044, 37.75119 ], [ -122.160307, 37.746125 ], [ -122.16255, 37.745467 ], [ -122.165107, 37.746936 ], [ -122.167145, 37.749709 ] ] ] } },
{ "type": "Feature", "properties": { "GEOID": "060014022002", "NAME": "2", "ALAND": 84569, "AWATER": 0, "centroid_lon": -122.29552433237548, "centroid_lat": 37.806480362718517 }, "geometry": { "type": "Polygon", "coordinates": [ [ [ -122.296666, 37.808092 ], [ -122.295383, 37.807424 ], [ -122.293082, 37.806908 ], [ -122.293325, 37.806077 ], [ -122.29369, 37.805079 ], [ -122.298257, 37.806089 ], [ -122.296666, 37.808092 ] ] ] } },
{ "type": "Feature", "properties": { "GEOID": "060014010002", "NAME": "2", "ALAND": 144969, "AWATER": 0, "centroid_lon": -122.27103915657078, "centroid_lat": 37.833991543389494 }, "geometry": { "type": "Polygon", "coordinates": [ [ [ -122.275896, 37.835661 ], [ -122.267296, 37.834269 ], [ -122.266494, 37.833405 ], [ -122.266895, 37.831339 ], [ -122.267995, 37.831481 ], [ -122.267635, 37.832885 ], [ -122.27641, 37.834279 ], [ -122.275896, 37.835661 ] ] ] } },
{ "type": "Feature", "properties": { "GEOID": "060014010006", "NAME": "6", "ALAND": 234164, "AWATER": 0, "centroid_lon": -122.27460116939945, "centroid_lat": 37.829833433400992 }, "geometry": { "type": "Polygon", "coordinates": [ [ [ -122.278343, 37.828522 ], [ -122.277556, 37.831276 ], [ -122.277204, 37.832216 ], [ -122.276203, 37.831942 ], [ -122.270884, 37.831004 ], [ -122.271722, 37.827629 ], [ -122.277877, 37.828493 ], [ -122.278343, 37.828522 ] ] ] } },
{ "type": "Feature", "properties": { "GEOID": "060014030001", "NAME": "1", "ALAND": 76891, "AWATER": 0, "centroid_lon": -122.27301100313154, "centroid_lat": 37.799166001708976 }, "geometry": { "type": "Polygon", "coordinates": [ [ [ -122.275061, 37.798321 ], [ -122.273445, 37.800927 ], [ -122.270981, 37.79995 ], [ -122.272515, 37.797457 ], [ -122.274935, 37.798276 ], [ -122.275061, 37.798321 ] ] ] } },
{ "type": "Feature", "properties": { "GEOID": "060014093001", "NAME": "1", "ALAND": 222001, "AWATER": 0, "centroid_lon": -122.17112108567883, "centroid_lat": 37.741488989831069 }, "geometry": { "type": "Polygon", "coordinates": [ [ [ -122.173901, 37.742814 ], [ -122.170489, 37.744471 ], [ -122.169212, 37.742763 ], [ -122.167519, 37.740468 ], [ -122.17167, 37.738553 ], [ -122.174793, 37.742388 ], [ -122.173901, 37.742814 ] ] ] } },
{ "type": "Feature", "properties": { "GEOID": "060014085001", "NAME": "1", "ALAND": 152034, "AWATER": 0, "centroid_lon": -122.17799269831787, "centroid_lat": 37.763444943642412 }, "geometry": { "type": "Polygon", "coordinates": [ [ [ -122.181175, 37.76318 ], [ -122.177427, 37.765596 ], [ -122.177197, 37.765816 ], [ -122.175698, 37.76494 ], [ -122.174561, 37.763909 ], [ -122.178491, 37.761722 ], [ -122.178228, 37.760872 ], [ -122.178752, 37.760556 ], [ -122.181175, 37.76318 ] ] ] } },
{ "type": "Feature", "properties": { "GEOID": "060014083004", "NAME": "4", "ALAND": 194880, "AWATER": 0, "centroid_lon": -122.16468768496939, "centroid_lat": 37.765544361185185 }, "geometry": { "type": "Polygon", "coordinates": [ [ [ -122.166286, 37.768019 ], [ -122.165377, 37.768804 ], [ -122.161949, 37.765163 ], [ -122.161219, 37.765433 ], [ -122.160831, 37.764682 ], [ -122.164202, 37.763043 ], [ -122.164942, 37.762685 ], [ -122.167789, 37.766009 ], [ -122.166286, 37.768019 ] ] ] } },
{ "type": "Feature", "properties": { "GEOID": "060014034012", "NAME": "2", "ALAND": 37936, "AWATER": 0, "centroid_lon": -122.26382410701679, "centroid_lat": 37.803111842900122 }, "geometry": { "type": "Polygon", "coordinates": [ [ [ -122.265256, 37.802021 ], [ -122.263575, 37.804656 ], [ -122.262394, 37.804196 ], [ -122.264071, 37.801572 ], [ -122.265256, 37.802021 ] ] ] } },
{ "type": "Feature", "properties": { "GEOID": "060014060004", "NAME": "4", "ALAND": 145807, "AWATER": 0, "centroid_lon": -122.25441529350324, "centroid_lat": 37.794032697089079 }, "geometry": { "type": "Polygon", "coordinates": [ [ [ -122.254666, 37.796499 ], [ -122.253855, 37.795785 ], [ -122.251356, 37.793563 ], [ -122.25415, 37.791562 ], [ -122.257484, 37.794503 ], [ -122.254666, 37.796499 ] ] ] } },
{ "type": "Feature", "properties": { "GEOID": "060014031002", "NAME": "2", "ALAND": 147874, "AWATER": 0, "centroid_lon": -122.27656161369265, "centroid_lat": 37.800543542578737 }, "geometry": { "type": "Polygon", "coordinates": [ [ [ -122.279564, 37.800449 ], [ -122.278135, 37.802763 ], [ -122.273445, 37.800927 ], [ -122.275061, 37.798321 ], [ -122.278536, 37.799654 ], [ -122.279564, 37.800449 ] ] ] } },
{ "type": "Feature", "properties": { "GEOID": "060014028021", "NAME": "1", "ALAND": 65438, "AWATER": 0, "centroid_lon": -122.27295999152214, "centroid_lat": 37.806303342067785 }, "geometry": { "type": "Polygon", "coordinates": [ [ [ -122.272805, 37.80878 ], [ -122.271274, 37.804361 ], [ -122.274801, 37.805769 ], [ -122.272805, 37.80878 ] ] ] } },
{ "type": "Feature", "properties": { "GEOID": "060014036002", "NAME": "2", "ALAND": 80832, "AWATER": 0, "centroid_lon": -122.25647540367881, "centroid_lat": 37.81314018904029 }, "geometry": { "type": "Polygon", "coordinates": [ [ [ -122.258086, 37.814175 ], [ -122.256049, 37.815327 ], [ -122.255301, 37.814295 ], [ -122.255162, 37.811604 ], [ -122.255389, 37.810661 ], [ -122.256414, 37.81092 ], [ -122.257052, 37.812522 ], [ -122.258893, 37.813547 ], [ -122.258086, 37.814175 ] ] ] } },
{ "type": "Feature", "properties": { "GEOID": "060014034022", "NAME": "2", "ALAND": 38424, "AWATER": 0, "centroid_lon": -122.26501703952597, "centroid_lat": 37.803572022969405 }, "geometry": { "type": "Polygon", "coordinates": [ [ [ -122.266458, 37.802497 ], [ -122.264778, 37.805119 ], [ -122.263575, 37.804656 ], [ -122.265256, 37.802021 ], [ -122.266458, 37.802497 ] ] ] } },
{ "type": "Feature", "properties": { "GEOID": "060014030003", "NAME": "3", "ALAND": 103212, "AWATER": 0, "centroid_lon": -122.27112313279525, "centroid_lat": 37.802163953188519 }, "geometry": { "type": "Polygon", "coordinates": [ [ [ -122.271274, 37.804361 ], [ -122.268798, 37.803427 ], [ -122.270981, 37.79995 ], [ -122.273445, 37.800927 ], [ -122.271274, 37.804361 ] ] ] } },
{ "type": "Feature", "properties": { "GEOID": "060014053022", "NAME": "2", "ALAND": 93633, "AWATER": 0, "centroid_lon": -122.25283915972526, "centroid_lat": 37.797801874003504 }, "geometry": { "type": "Polygon", "coordinates": [ [ [ -122.255481, 37.797239 ], [ -122.251935, 37.799731 ], [ -122.251017, 37.79918 ], [ -122.250162, 37.798427 ], [ -122.252043, 37.797093 ], [ -122.253855, 37.795785 ], [ -122.254666, 37.796499 ], [ -122.255481, 37.797239 ] ] ] } },
{ "type": "Feature", "properties": { "GEOID": "060014005002", "NAME": "2", "ALAND": 135779, "AWATER": 0, "centroid_lon": -122.26703283957865, "centroid_lat": 37.846481963415378 }, "geometry": { "type": "Polygon", "coordinates": [ [ [ -122.269409, 37.848107 ], [ -122.265698, 37.848763 ], [ -122.265302, 37.845872 ], [ -122.26514, 37.84453 ], [ -122.26807, 37.844136 ], [ -122.268183, 37.844585 ], [ -122.268763, 37.847261 ], [ -122.269226, 37.847201 ], [ -122.269409, 37.848107 ] ] ] } },
{ "type": "Feature", "properties": { "GEOID": "060014053021", "NAME": "1", "ALAND": 111933, "AWATER": 0, "centroid_lon": -122.25541075194678, "centroid_lat": 37.799125098083806 }, "geometry": { "type": "Polygon", "coordinates": [ [ [ -122.257805, 37.799704 ], [ -122.254505, 37.800561 ], [ -122.251935, 37.799731 ], [ -122.255481, 37.797239 ], [ -122.25713, 37.798725 ], [ -122.259554, 37.798301 ], [ -122.257805, 37.799704 ] ] ] } },
{ "type": "Feature", "properties": { "GEOID": "060014054013", "NAME": "3", "ALAND": 95001, "AWATER": 0, "centroid_lon": -122.25127903895597, "centroid_lat": 37.794959522316717 }, "geometry": { "type": "Polygon", "coordinates": [ [ [ -122.252043, 37.797093 ], [ -122.248697, 37.794132 ], [ -122.250515, 37.792834 ], [ -122.251356, 37.793563 ], [ -122.253855, 37.795785 ], [ -122.252043, 37.797093 ] ] ] } },
{ "type": "Feature", "properties": { "GEOID": "060014066014", "NAME": "4", "ALAND": 173719, "AWATER": 0, "centroid_lon": -122.20436174114394, "centroid_lat": 37.793786465478327 }, "geometry": { "type": "Polygon", "coordinates": [ [ [ -122.207648, 37.794724 ], [ -122.206574, 37.795807 ], [ -122.205208, 37.7947 ], [ -122.203371, 37.796096 ], [ -122.200653, 37.793713 ], [ -122.203203, 37.792197 ], [ -122.204783, 37.791252 ], [ -122.207053, 37.793264 ], [ -122.207648, 37.794724 ] ] ] } },
{ "type": "Feature", "properties": { "GEOID": "060014095003", "NAME": "3", "ALAND": 138769, "AWATER": 0, "centroid_lon": -122.17828579908996, "centroid_lat": 37.750388359868879 }, "geometry": { "type": "Polygon", "coordinates": [ [ [ -122.181598, 37.750245 ], [ -122.176501, 37.752609 ], [ -122.175823, 37.751696 ], [ -122.174969, 37.750546 ], [ -122.180062, 37.748161 ], [ -122.181598, 37.750245 ] ] ] } },
{ "type": "Feature", "properties": { "GEOID": "060014035021", "NAME": "1", "ALAND": 76143, "AWATER": 0, "centroid_lon": -122.25884574385132, "centroid_lat": 37.814446545524305 }, "geometry": { "type": "Polygon", "coordinates": [ [ [ -122.261495, 37.813034 ], [ -122.260034, 37.814521 ], [ -122.259039, 37.815321 ], [ -122.257507, 37.816317 ], [ -122.256049, 37.815327 ], [ -122.258086, 37.814175 ], [ -122.258893, 37.813547 ], [ -122.260867, 37.812406 ], [ -122.261495, 37.813034 ] ] ] } },
{ "type": "Feature", "properties": { "GEOID": "060014035022", "NAME": "2", "ALAND": 104990, "AWATER": 0, "centroid_lon": -122.25564114428786, "centroid_lat": 37.817064876091173 }, "geometry": { "type": "Polygon", "coordinates": [ [ [ -122.258656, 37.816092 ], [ -122.255131, 37.819012 ], [ -122.254155, 37.818646 ], [ -122.253174, 37.816992 ], [ -122.256049, 37.815327 ], [ -122.257507, 37.816317 ], [ -122.259039, 37.815321 ], [ -122.258656, 37.816092 ] ] ] } },
{ "type": "Feature", "properties": { "GEOID": "060014062023", "NAME": "3", "ALAND": 194837, "AWATER": 0, "centroid_lon": -122.22512688729654, "centroid_lat": 37.782904742806465 }, "geometry": { "type": "Polygon", "coordinates": [ [ [ -122.228392, 37.781488 ], [ -122.225515, 37.784371 ], [ -122.226792, 37.784511 ], [ -122.225307, 37.786098 ], [ -122.224369, 37.785646 ], [ -122.222249, 37.784938 ], [ -122.222729, 37.783749 ], [ -122.2239, 37.781409 ], [ -122.224719, 37.779772 ], [ -122.226522, 37.780372 ], [ -122.228392, 37.781488 ] ] ] } },
{ "type": "Feature", "properties": { "GEOID": "060014092002", "NAME": "2", "ALAND": 267027, "AWATER": 0, "centroid_lon": -122.18061059304583, "centroid_lat": 37.7296352695802 }, "geometry": { "type": "Polygon", "coordinates": [ [ [ -122.184167, 37.726529 ], [ -122.179316, 37.73413 ], [ -122.179782, 37.736267 ], [ -122.177295, 37.73403 ], [ -122.178587, 37.733099 ], [ -122.178165, 37.732215 ], [ -122.180226, 37.725738 ], [ -122.181916, 37.725372 ], [ -122.183312, 37.725566 ], [ -122.184167, 37.726529 ] ] ] } },
{ "type": "Feature", "properties": { "GEOID": "060014087006", "NAME": "6", "ALAND": 165741, "AWATER": 0, "centroid_lon": -122.1885836998795, "centroid_lat": 37.76986947479687 }, "geometry": { "type": "Polygon", "coordinates": [ [ [ -122.190345, 37.771576 ], [ -122.18448, 37.770812 ], [ -122.18563, 37.769621 ], [ -122.189033, 37.767452 ], [ -122.192194, 37.770292 ], [ -122.190345, 37.771576 ] ] ] } },
{ "type": "Feature", "properties": { "GEOID": "060014080001", "NAME": "1", "ALAND": 526719, "AWATER": 0, "centroid_lon": -122.18505628599985, "centroid_lat": 37.806948619685848 }, "geometry": { "type": "Polygon", "coordinates": [ [ [ -122.194649, 37.810822 ], [ -122.191459, 37.809752 ], [ -122.186745, 37.809314 ], [ -122.183105, 37.809602 ], [ -122.181329, 37.808877 ], [ -122.179157, 37.804981 ], [ -122.178139, 37.803964 ], [ -122.178786, 37.803131 ], [ -122.180543, 37.804523 ], [ -122.180049, 37.802451 ], [ -122.181652, 37.801873 ], [ -122.184724, 37.805546 ], [ -122.186782, 37.805737 ], [ -122.187937, 37.806617 ], [ -122.186928, 37.807516 ], [ -122.189759, 37.808212 ], [ -122.190461, 37.80724 ], [ -122.191974, 37.807482 ], [ -122.19377, 37.808759 ], [ -122.194649, 37.810822 ] ] ] } },
{ "type": "Feature", "properties": { "GEOID": "060014105002", "NAME": "2", "ALAND": 520766, "AWATER": 0, "centroid_lon": -122.28882780347134, "centroid_lat": 37.811608938323531 }, "geometry": { "type": "Polygon", "coordinates": [ [ [ -122.293082, 37.806908 ], [ -122.289802, 37.816155 ], [ -122.289669, 37.816835 ], [ -122.28967, 37.817002 ], [ -122.284024, 37.815622 ], [ -122.285192, 37.812403 ], [ -122.286208, 37.809606 ], [ -122.288335, 37.810106 ], [ -122.290048, 37.805341 ], [ -122.293325, 37.806077 ], [ -122.293082, 37.806908 ] ] ] } },
{ "type": "Feature", "properties": { "GEOID": "060014011001", "NAME": "1", "ALAND": 168742, "AWATER": 0, "centroid_lon": -122.2616010390513, "centroid_lat": 37.834292721875116 }, "geometry": { "type": "Polygon", "coordinates": [ [ [ -122.262361, 37.837314 ], [ -122.259516, 37.836935 ], [ -122.259531, 37.836825 ], [ -122.260193, 37.834265 ], [ -122.259988, 37.831871 ], [ -122.263904, 37.83156 ], [ -122.262361, 37.837314 ] ] ] } },
{ "type": "Feature", "properties": { "GEOID": "060014074001", "NAME": "1", "ALAND": 231212, "AWATER": 0, "centroid_lon": -122.20344306124515, "centroid_lat": 37.770104784621161 }, "geometry": { "type": "Polygon", "coordinates": [ [ [ -122.204836, 37.771606 ], [ -122.205109, 37.772674 ], [ -122.202978, 37.772675 ], [ -122.200805, 37.772661 ], [ -122.200809, 37.770067 ], [ -122.20084, 37.76913 ], [ -122.20368, 37.767126 ], [ -122.207008, 37.768703 ], [ -122.204836, 37.771606 ] ] ] } },
{ "type": "Feature", "properties": { "GEOID": "060014104002", "NAME": "2", "ALAND": 188081, "AWATER": 0, "centroid_lon": -122.15894725815231, "centroid_lat": 37.739808376867714 }, "geometry": { "type": "Polygon", "coordinates": [ [ [ -122.161847, 37.740852 ], [ -122.15814, 37.741871 ], [ -122.156962, 37.741506 ], [ -122.155119, 37.739082 ], [ -122.160074, 37.737691 ], [ -122.160502, 37.737607 ], [ -122.162726, 37.740646 ], [ -122.161847, 37.740852 ] ] ] } },
{ "type": "Feature", "properties": { "GEOID": "060014077004", "NAME": "4", "ALAND": 203530, "AWATER": 0, "centroid_lon": -122.19194144967695, "centroid_lat": 37.778061306600428 }, "geometry": { "type": "Polygon", "coordinates": [ [ [ -122.192289, 37.780473 ], [ -122.192015, 37.781062 ], [ -122.188298, 37.777873 ], [ -122.192105, 37.775247 ], [ -122.195596, 37.77824 ], [ -122.192289, 37.780473 ] ] ] } },
{ "type": "Feature", "properties": { "GEOID": "060014071012", "NAME": "2", "ALAND": 148338, "AWATER": 0, "centroid_lon": -122.21213047135576, "centroid_lat": 37.78470970335767 }, "geometry": { "type": "Polygon", "coordinates": [ [ [ -122.214028, 37.785834 ], [ -122.211978, 37.78704 ], [ -122.209049, 37.784397 ], [ -122.210697, 37.783221 ], [ -122.212927, 37.781652 ], [ -122.211675, 37.784025 ], [ -122.213399, 37.783211 ], [ -122.215271, 37.785099 ], [ -122.214028, 37.785834 ] ] ] } },
{ "type": "Feature", "properties": { "GEOID": "060014012002", "NAME": "2", "ALAND": 144891, "AWATER": 0, "centroid_lon": -122.25783389657036, "centroid_lat": 37.829716905507617 }, "geometry": { "type": "Polygon", "coordinates": [ [ [ -122.260204, 37.831016 ], [ -122.254455, 37.831252 ], [ -122.255093, 37.83024 ], [ -122.2553, 37.829908 ], [ -122.256203, 37.828483 ], [ -122.256742, 37.827628 ], [ -122.257998, 37.828161 ], [ -122.260841, 37.828634 ], [ -122.260204, 37.831016 ] ] ] } },
{ "type": "Feature", "properties": { "GEOID": "060014022001", "NAME": "1", "ALAND": 200277, "AWATER": 0, "centroid_lon": -122.29312708779173, "centroid_lat": 37.810604356232794 }, "geometry": { "type": "Polygon", "coordinates": [ [ [ -122.2964, 37.808446 ], [ -122.293994, 37.811415 ], [ -122.289669, 37.816835 ], [ -122.289802, 37.816155 ], [ -122.293082, 37.806908 ], [ -122.295383, 37.807424 ], [ -122.296666, 37.808092 ], [ -122.2964, 37.808446 ] ] ] } },
{ "type": "Feature", "properties": { "GEOID": "060014078001", "NAME": "1", "ALAND": 205854, "AWATER": 0, "centroid_lon": -122.19627795953548, "centroid_lat": 37.783928194099019 }, "geometry": { "type": "Polygon", "coordinates": [ [ [ -122.196226, 37.786591 ], [ -122.193681, 37.785172 ], [ -122.193537, 37.782575 ], [ -122.193629, 37.782553 ], [ -122.195924, 37.780924 ], [ -122.200124, 37.784571 ], [ -122.196226, 37.786591 ] ] ] } },
{ "type": "Feature", "properties": { "GEOID": "060014029002", "NAME": "2", "ALAND": 48884, "AWATER": 0, "centroid_lon": -122.26609254033039, "centroid_lat": 37.804246632941428 }, "geometry": { "type": "Polygon", "coordinates": [ [ [ -122.26761, 37.80296 ], [ -122.265449, 37.806338 ], [ -122.264778, 37.805119 ], [ -122.266458, 37.802497 ], [ -122.26761, 37.80296 ] ] ] } },
{ "type": "Feature", "properties": { "GEOID": "060014011003", "NAME": "3", "ALAND": 201645, "AWATER": 0, "centroid_lon": -122.26476746279772, "centroid_lat": 37.825254626684675 }, "geometry": { "type": "Polygon", "coordinates": [ [ [ -122.267828, 37.827044 ], [ -122.265267, 37.826478 ], [ -122.26513, 37.827054 ], [ -122.261375, 37.826659 ], [ -122.2621, 37.823536 ], [ -122.261996, 37.823012 ], [ -122.268563, 37.824462 ], [ -122.267828, 37.827044 ] ] ] } },
{ "type": "Feature", "properties": { "GEOID": "060014038002", "NAME": "2", "ALAND": 110445, "AWATER": 0, "centroid_lon": -122.2417259246491, "centroid_lat": 37.81377460857297 }, "geometry": { "type": "Polygon", "coordinates": [ [ [ -122.244616, 37.813128 ], [ -122.241199, 37.815717 ], [ -122.240056, 37.815608 ], [ -122.239028, 37.814281 ], [ -122.241101, 37.81276 ], [ -122.242276, 37.811565 ], [ -122.244616, 37.813128 ] ] ] } },
{ "type": "Feature", "properties": { "GEOID": "060014038004", "NAME": "4", "ALAND": 234637, "AWATER": 0, "centroid_lon": -122.24312649593915, "centroid_lat": 37.816373185783384 }, "geometry": { "type": "Polygon", "coordinates": [ [ [ -122.245077, 37.818002 ], [ -122.244722, 37.819119 ], [ -122.244206, 37.819034 ], [ -122.244023, 37.818993 ], [ -122.243742, 37.818931 ], [ -122.243672, 37.818857 ], [ -122.243662, 37.818847 ], [ -122.24185, 37.818475 ], [ -122.241683, 37.818437 ], [ -122.24011, 37.817857 ], [ -122.23931, 37.817841 ], [ -122.239021, 37.817592 ], [ -122.240056, 37.815608 ], [ -122.241199, 37.815717 ], [ -122.244616, 37.813128 ], [ -122.246324, 37.814303 ], [ -122.245077, 37.818002 ] ] ] } },
{ "type": "Feature", "properties": { "GEOID": "060014083001", "NAME": "1", "ALAND": 277660, "AWATER": 0, "centroid_lon": -122.16957587544789, "centroid_lat": 37.777388650388275 }, "geometry": { "type": "Polygon", "coordinates": [ [ [ -122.173619, 37.781129 ], [ -122.165991, 37.777292 ], [ -122.164511, 37.776112 ], [ -122.166793, 37.774587 ], [ -122.168283, 37.774149 ], [ -122.169583, 37.774422 ], [ -122.169832, 37.774937 ], [ -122.172039, 37.777821 ], [ -122.175055, 37.78021 ], [ -122.173619, 37.781129 ] ] ] } },
{ "type": "Feature", "properties": { "GEOID": "060014011002", "NAME": "2", "ALAND": 182989, "AWATER": 0, "centroid_lon": -122.26254975656768, "centroid_lat": 37.829283164877431 }, "geometry": { "type": "Polygon", "coordinates": [ [ [ -122.263904, 37.83156 ], [ -122.259988, 37.831871 ], [ -122.260204, 37.831016 ], [ -122.260841, 37.828634 ], [ -122.261375, 37.826659 ], [ -122.26513, 37.827054 ], [ -122.263904, 37.83156 ] ] ] } },
{ "type": "Feature", "properties": { "GEOID": "060014015003", "NAME": "3", "ALAND": 169739, "AWATER": 0, "centroid_lon": -122.28099661341618, "centroid_lat": 37.820892588539238 }, "geometry": { "type": "Polygon", "coordinates": [ [ [ -122.284939, 37.822769 ], [ -122.276697, 37.820883 ], [ -122.276246, 37.819478 ], [ -122.276053, 37.81887 ], [ -122.286226, 37.821163 ], [ -122.284939, 37.822769 ] ] ] } },
{ "type": "Feature", "properties": { "GEOID": "060014086004", "NAME": "4", "ALAND": 148683, "AWATER": 0, "centroid_lon": -122.18857319041132, "centroid_lat": 37.761454956140206 }, "geometry": { "type": "Polygon", "coordinates": [ [ [ -122.19283, 37.761996 ], [ -122.190235, 37.763686 ], [ -122.188771, 37.762268 ], [ -122.186232, 37.762463 ], [ -122.184685, 37.760935 ], [ -122.186688, 37.759638 ], [ -122.187054, 37.759264 ], [ -122.187862, 37.759708 ], [ -122.190299, 37.760786 ], [ -122.19283, 37.761996 ] ] ] } },
{ "type": "Feature", "properties": { "GEOID": "060014099004", "NAME": "4", "ALAND": 620976, "AWATER": 0, "centroid_lon": -122.12111098263151, "centroid_lat": 37.751931084671284 }, "geometry": { "type": "Polygon", "coordinates": [ [ [ -122.127378, 37.754464 ], [ -122.121287, 37.757301 ], [ -122.116126, 37.750264 ], [ -122.115813, 37.748726 ], [ -122.120816, 37.746404 ], [ -122.12401, 37.751307 ], [ -122.127378, 37.754464 ] ] ] } },
{ "type": "Feature", "properties": { "GEOID": "060014006001", "NAME": "1", "ALAND": 166589, "AWATER": 0, "centroid_lon": -122.26455291953384, "centroid_lat": 37.843282840325323 }, "geometry": { "type": "Polygon", "coordinates": [ [ [ -122.26807, 37.844136 ], [ -122.26514, 37.84453 ], [ -122.265041, 37.844541 ], [ -122.261296, 37.845027 ], [ -122.261805, 37.84179 ], [ -122.264324, 37.842042 ], [ -122.264818, 37.842027 ], [ -122.267562, 37.841672 ], [ -122.26807, 37.844136 ] ] ] } },
{ "type": "Feature", "properties": { "GEOID": "060014040003", "NAME": "3", "ALAND": 52438, "AWATER": 0, "centroid_lon": -122.2496968274682, "centroid_lat": 37.822195097746267 }, "geometry": { "type": "Polygon", "coordinates": [ [ [ -122.250981, 37.823407 ], [ -122.249295, 37.823722 ], [ -122.24939, 37.822846 ], [ -122.247573, 37.821569 ], [ -122.250245, 37.820795 ], [ -122.250998, 37.822371 ], [ -122.250981, 37.823407 ] ] ] } },
{ "type": "Feature", "properties": { "GEOID": "060014082002", "NAME": "2", "ALAND": 365982, "AWATER": 0, "centroid_lon": -122.1732071426236, "centroid_lat": 37.772697812922367 }, "geometry": { "type": "Polygon", "coordinates": [ [ [ -122.177957, 37.772563 ], [ -122.174687, 37.774705 ], [ -122.176872, 37.77612 ], [ -122.176332, 37.776474 ], [ -122.173976, 37.776172 ], [ -122.172017, 37.774245 ], [ -122.169832, 37.774937 ], [ -122.169583, 37.774422 ], [ -122.169725, 37.774067 ], [ -122.169033, 37.772433 ], [ -122.16997, 37.770754 ], [ -122.172, 37.769173 ], [ -122.176807, 37.77141 ], [ -122.177957, 37.772563 ] ] ] } },
{ "type": "Feature", "properties": { "GEOID": "060014038001", "NAME": "1", "ALAND": 169922, "AWATER": 0, "centroid_lon": -122.23634855288765, "centroid_lat": 37.815870393037308 }, "geometry": { "type": "Polygon", "coordinates": [ [ [ -122.240056, 37.815608 ], [ -122.239021, 37.817592 ], [ -122.236205, 37.817144 ], [ -122.235694, 37.816952 ], [ -122.235251, 37.817008 ], [ -122.235137, 37.816892 ], [ -122.23507, 37.816849 ], [ -122.234903, 37.816864 ], [ -122.234659, 37.816799 ], [ -122.233938, 37.816644 ], [ -122.233296, 37.816492 ], [ -122.233001, 37.816115 ], [ -122.232012, 37.81433 ], [ -122.238144, 37.815118 ], [ -122.239028, 37.814281 ], [ -122.240056, 37.815608 ] ] ] } },
{ "type": "Feature", "properties": { "GEOID": "060014065004", "NAME": "4", "ALAND": 146623, "AWATER": 0, "centroid_lon": -122.21863815235754, "centroid_lat": 37.788567603577235 }, "geometry": { "type": "Polygon", "coordinates": [ [ [ -122.219995, 37.790516 ], [ -122.219751, 37.791152 ], [ -122.216298, 37.789797 ], [ -122.216343, 37.788204 ], [ -122.218116, 37.785931 ], [ -122.221193, 37.787599 ], [ -122.219995, 37.790516 ] ] ] } },
{ "type": "Feature", "properties": { "GEOID": "060014093004", "NAME": "4", "ALAND": 202496, "AWATER": 0, "centroid_lon": -122.17353813852324, "centroid_lat": 37.733589801169643 }, "geometry": { "type": "Polygon", "coordinates": [ [ [ -122.175508, 37.735195 ], [ -122.17267, 37.73642 ], [ -122.170097, 37.732056 ], [ -122.170497, 37.731869 ], [ -122.17404, 37.73119 ], [ -122.177295, 37.73403 ], [ -122.175508, 37.735195 ] ] ] } },
{ "type": "Feature", "properties": { "GEOID": "060014003004", "NAME": "4", "ALAND": 278413, "AWATER": 0, "centroid_lon": -122.25411144074903, "centroid_lat": 37.840319460283652 }, "geometry": { "type": "Polygon", "coordinates": [ [ [ -122.258074, 37.838292 ], [ -122.253913, 37.843396 ], [ -122.254366, 37.843773 ], [ -122.251857, 37.844746 ], [ -122.251412, 37.840126 ], [ -122.253969, 37.836945 ], [ -122.254342, 37.836556 ], [ -122.258074, 37.838292 ] ] ] } },
{ "type": "Feature", "properties": { "GEOID": "060014045021", "NAME": "1", "ALAND": 508580, "AWATER": 0, "centroid_lon": -122.20371482866219, "centroid_lat": 37.840539111184981 }, "geometry": { "type": "Polygon", "coordinates": [ [ [ -122.210683, 37.83876 ], [ -122.209187, 37.841521 ], [ -122.206704, 37.841774 ], [ -122.20249, 37.843454 ], [ -122.198688, 37.843563 ], [ -122.195287, 37.842817 ], [ -122.197692, 37.842671 ], [ -122.198072, 37.84002 ], [ -122.19906, 37.8385 ], [ -122.199916, 37.838218 ], [ -122.205369, 37.839308 ], [ -122.207001, 37.837675 ], [ -122.208745, 37.838098 ], [ -122.2084, 37.836462 ], [ -122.211029, 37.837762 ], [ -122.210683, 37.83876 ] ] ] } },
{ "type": "Feature", "properties": { "GEOID": "060014085005", "NAME": "5", "ALAND": 181561, "AWATER": 0, "centroid_lon": -122.1829002947003, "centroid_lat": 37.76045009765636 }, "geometry": { "type": "Polygon", "coordinates": [ [ [ -122.186688, 37.759638 ], [ -122.184685, 37.760935 ], [ -122.181175, 37.76318 ], [ -122.178752, 37.760556 ], [ -122.180613, 37.76031 ], [ -122.184368, 37.757975 ], [ -122.187054, 37.759264 ], [ -122.186688, 37.759638 ] ] ] } },
{ "type": "Feature", "properties": { "GEOID": "060014103002", "NAME": "2", "ALAND": 207247, "AWATER": 0, "centroid_lon": -122.16530852392675, "centroid_lat": 37.746322966805621 }, "geometry": { "type": "Polygon", "coordinates": [ [ [ -122.167145, 37.749709 ], [ -122.165107, 37.746936 ], [ -122.16255, 37.745467 ], [ -122.160307, 37.746125 ], [ -122.159506, 37.745049 ], [ -122.160431, 37.745069 ], [ -122.163205, 37.744343 ], [ -122.165619, 37.743715 ], [ -122.169303, 37.748714 ], [ -122.167145, 37.749709 ] ] ] } },
{ "type": "Feature", "properties": { "GEOID": "060014057003", "NAME": "3", "ALAND": 196469, "AWATER": 0, "centroid_lon": -122.23156833882319, "centroid_lat": 37.797662496170773 }, "geometry": { "type": "Polygon", "coordinates": [ [ [ -122.235229, 37.799419 ], [ -122.234679, 37.799827 ], [ -122.2294, 37.798915 ], [ -122.227698, 37.796952 ], [ -122.229817, 37.794708 ], [ -122.231892, 37.795952 ], [ -122.2306, 37.797476 ], [ -122.233174, 37.796691 ], [ -122.236024, 37.798408 ], [ -122.235229, 37.799419 ] ] ] } },
{ "type": "Feature", "properties": { "GEOID": "060014065002", "NAME": "2", "ALAND": 106924, "AWATER": 0, "centroid_lon": -122.21271642664365, "centroid_lat": 37.787770107079155 }, "geometry": { "type": "Polygon", "coordinates": [ [ [ -122.216343, 37.788204 ], [ -122.214328, 37.787803 ], [ -122.211104, 37.789688 ], [ -122.209819, 37.788303 ], [ -122.210377, 37.787975 ], [ -122.211978, 37.78704 ], [ -122.214028, 37.785834 ], [ -122.215828, 37.787971 ], [ -122.216343, 37.788204 ] ] ] } },
{ "type": "Feature", "properties": { "GEOID": "060014097004", "NAME": "4", "ALAND": 177774, "AWATER": 0, "centroid_lon": -122.16911070903065, "centroid_lat": 37.758148311518141 }, "geometry": { "type": "Polygon", "coordinates": [ [ [ -122.170547, 37.759996 ], [ -122.168729, 37.760898 ], [ -122.165921, 37.757115 ], [ -122.169531, 37.755422 ], [ -122.169977, 37.756045 ], [ -122.172296, 37.75915 ], [ -122.170547, 37.759996 ] ] ] } },
{ "type": "Feature", "properties": { "GEOID": "060014007004", "NAME": "4", "ALAND": 246428, "AWATER": 0, "centroid_lon": -122.271474452528, "centroid_lat": 37.838226458276601 }, "geometry": { "type": "Polygon", "coordinates": [ [ [ -122.276311, 37.839266 ], [ -122.275229, 37.839149 ], [ -122.267257, 37.840152 ], [ -122.266653, 37.837482 ], [ -122.274641, 37.836408 ], [ -122.275638, 37.836447 ], [ -122.27622, 37.836818 ], [ -122.275718, 37.83816 ], [ -122.276311, 37.839266 ] ] ] } },
{ "type": "Feature", "properties": { "GEOID": "060014039001", "NAME": "1", "ALAND": 163619, "AWATER": 0, "centroid_lon": -122.24838254971004, "centroid_lat": 37.819480646177553 }, "geometry": { "type": "Polygon", "coordinates": [ [ [ -122.251931, 37.820247 ], [ -122.250245, 37.820795 ], [ -122.247573, 37.821569 ], [ -122.245205, 37.819394 ], [ -122.244722, 37.819119 ], [ -122.245077, 37.818002 ], [ -122.247911, 37.817736 ], [ -122.248719, 37.818343 ], [ -122.250514, 37.8181 ], [ -122.252476, 37.819886 ], [ -122.251931, 37.820247 ] ] ] } },
{ "type": "Feature", "properties": { "GEOID": "060014009001", "NAME": "1", "ALAND": 207839, "AWATER": 0, "centroid_lon": -122.27948263627268, "centroid_lat": 37.840535556248263 }, "geometry": { "type": "Polygon", "coordinates": [ [ [ -122.283135, 37.84082 ], [ -122.277026, 37.843394 ], [ -122.27658, 37.840676 ], [ -122.276311, 37.839266 ], [ -122.282179, 37.838344 ], [ -122.282383, 37.838462 ], [ -122.283135, 37.84082 ] ] ] } },
{ "type": "Feature", "properties": { "GEOID": "060014086002", "NAME": "2", "ALAND": 236018, "AWATER": 0, "centroid_lon": -122.18501579950453, "centroid_lat": 37.765925599021671 }, "geometry": { "type": "Polygon", "coordinates": [ [ [ -122.189343, 37.764516 ], [ -122.187323, 37.765796 ], [ -122.182051, 37.769184 ], [ -122.181871, 37.769571 ], [ -122.17957, 37.768049 ], [ -122.182718, 37.766034 ], [ -122.188771, 37.762268 ], [ -122.190235, 37.763686 ], [ -122.189343, 37.764516 ] ] ] } },
{ "type": "Feature", "properties": { "GEOID": "060014004002", "NAME": "2", "ALAND": 247687, "AWATER": 0, "centroid_lon": -122.25906796329978, "centroid_lat": 37.844827679190814 }, "geometry": { "type": "Polygon", "coordinates": [ [ [ -122.261805, 37.84179 ], [ -122.261296, 37.845027 ], [ -122.261019, 37.847233 ], [ -122.257213, 37.847712 ], [ -122.256578, 37.847773 ], [ -122.256205, 37.844686 ], [ -122.257418, 37.843096 ], [ -122.257923, 37.842606 ], [ -122.26186, 37.841353 ], [ -122.261805, 37.84179 ] ] ] } },
{ "type": "Feature", "properties": { "GEOID": "060014071022", "NAME": "2", "ALAND": 128469, "AWATER": 0, "centroid_lon": -122.21170051787774, "centroid_lat": 37.77924996215863 }, "geometry": { "type": "Polygon", "coordinates": [ [ [ -122.215354, 37.777833 ], [ -122.209332, 37.78199 ], [ -122.208023, 37.780821 ], [ -122.213859, 37.776521 ], [ -122.214748, 37.777317 ], [ -122.215354, 37.777833 ] ] ] } },
{ "type": "Feature", "properties": { "GEOID": "060014053013", "NAME": "3", "ALAND": 77556, "AWATER": 0, "centroid_lon": -122.25030714248683, "centroid_lat": 37.801579509788162 }, "geometry": { "type": "Polygon", "coordinates": [ [ [ -122.252196, 37.802683 ], [ -122.249013, 37.803014 ], [ -122.248411, 37.800443 ], [ -122.248984, 37.800323 ], [ -122.250539, 37.800137 ], [ -122.252019, 37.800865 ], [ -122.252196, 37.802683 ] ] ] } },
{ "type": "Feature", "properties": { "GEOID": "060014054012", "NAME": "2", "ALAND": 98398, "AWATER": 0, "centroid_lon": -122.2494316592083, "centroid_lat": 37.796281440786494 }, "geometry": { "type": "Polygon", "coordinates": [ [ [ -122.250162, 37.798427 ], [ -122.246824, 37.795476 ], [ -122.248697, 37.794132 ], [ -122.252043, 37.797093 ], [ -122.250162, 37.798427 ] ] ] } },
{ "type": "Feature", "properties": { "GEOID": "060014041021", "NAME": "1", "ALAND": 147356, "AWATER": 0, "centroid_lon": -122.24993901012775, "centroid_lat": 37.825725788230962 }, "geometry": { "type": "Polygon", "coordinates": [ [ [ -122.253357, 37.825164 ], [ -122.249899, 37.826359 ], [ -122.251202, 37.8273 ], [ -122.249353, 37.828701 ], [ -122.247605, 37.826763 ], [ -122.24768, 37.826241 ], [ -122.248118, 37.824815 ], [ -122.249295, 37.823722 ], [ -122.250981, 37.823407 ], [ -122.253357, 37.825164 ] ] ] } },
{ "type": "Feature", "properties": { "GEOID": "060014050003", "NAME": "3", "ALAND": 378382, "AWATER": 0, "centroid_lon": -122.23413821416385, "centroid_lat": 37.806646696037191 }, "geometry": { "type": "Polygon", "coordinates": [ [ [ -122.243289, 37.811055 ], [ -122.2372, 37.807052 ], [ -122.234992, 37.8072 ], [ -122.233008, 37.806888 ], [ -122.23106, 37.807199 ], [ -122.231095, 37.805999 ], [ -122.225949, 37.807824 ], [ -122.224827, 37.806307 ], [ -122.228892, 37.804571 ], [ -122.230803, 37.802906 ], [ -122.23117, 37.802605 ], [ -122.233397, 37.804375 ], [ -122.235416, 37.805624 ], [ -122.241982, 37.808552 ], [ -122.246504, 37.809841 ], [ -122.243289, 37.811055 ] ] ] } },
{ "type": "Feature", "properties": { "GEOID": "060014086003", "NAME": "3", "ALAND": 162162, "AWATER": 0, "centroid_lon": -122.18436882865463, "centroid_lat": 37.76322111781014 }, "geometry": { "type": "Polygon", "coordinates": [ [ [ -122.188771, 37.762268 ], [ -122.182718, 37.766034 ], [ -122.183249, 37.765211 ], [ -122.181175, 37.76318 ], [ -122.184685, 37.760935 ], [ -122.186232, 37.762463 ], [ -122.188771, 37.762268 ] ] ] } },
{ "type": "Feature", "properties": { "GEOID": "060014054022", "NAME": "2", "ALAND": 94280, "AWATER": 0, "centroid_lon": -122.24425824523792, "centroid_lat": 37.794647190000518 }, "geometry": { "type": "Polygon", "coordinates": [ [ [ -122.245002, 37.796765 ], [ -122.243346, 37.795289 ], [ -122.241694, 37.793825 ], [ -122.242618, 37.793164 ], [ -122.243512, 37.792528 ], [ -122.246824, 37.795476 ], [ -122.245002, 37.796765 ] ] ] } },
{ "type": "Feature", "properties": { "GEOID": "060014044003", "NAME": "3", "ALAND": 1364955, "AWATER": 0, "centroid_lon": -122.20760635557986, "centroid_lat": 37.845260231923497 }, "geometry": { "type": "Polygon", "coordinates": [ [ [ -122.215363, 37.84087 ], [ -122.213789, 37.842387 ], [ -122.214335, 37.8476 ], [ -122.212199, 37.851035 ], [ -122.210466, 37.851418 ], [ -122.208954, 37.850218 ], [ -122.208198, 37.851297 ], [ -122.206624, 37.850628 ], [ -122.203778, 37.850708 ], [ -122.202761, 37.849025 ], [ -122.200997, 37.847878 ], [ -122.195106, 37.843605 ], [ -122.195046, 37.843 ], [ -122.195348, 37.842626 ], [ -122.195287, 37.842817 ], [ -122.198688, 37.843563 ], [ -122.20249, 37.843454 ], [ -122.206704, 37.841774 ], [ -122.209187, 37.841521 ], [ -122.210683, 37.83876 ], [ -122.212365, 37.838177 ], [ -122.21334, 37.835672 ], [ -122.214753, 37.836763 ], [ -122.2136, 37.838555 ], [ -122.214298, 37.840214 ], [ -122.215363, 37.84087 ] ] ] } },
{ "type": "Feature", "properties": { "GEOID": "060014070004", "NAME": "4", "ALAND": 153763, "AWATER": 0, "centroid_lon": -122.20709515437785, "centroid_lat": 37.787672586277793 }, "geometry": { "type": "Polygon", "coordinates": [ [ [ -122.209819, 37.788303 ], [ -122.2068, 37.790069 ], [ -122.203847, 37.787269 ], [ -122.205542, 37.786282 ], [ -122.207444, 37.785373 ], [ -122.210377, 37.787975 ], [ -122.209819, 37.788303 ] ] ] } },
{ "type": "Feature", "properties": { "GEOID": "060014087001", "NAME": "1", "ALAND": 286499, "AWATER": 0, "centroid_lon": -122.18472310561626, "centroid_lat": 37.77330018155611 }, "geometry": { "type": "Polygon", "coordinates": [ [ [ -122.185365, 37.775425 ], [ -122.184009, 37.776485 ], [ -122.180165, 37.774257 ], [ -122.179729, 37.773893 ], [ -122.181981, 37.772422 ], [ -122.18448, 37.770812 ], [ -122.190345, 37.771576 ], [ -122.185365, 37.775425 ] ] ] } },
{ "type": "Feature", "properties": { "GEOID": "060014057001", "NAME": "1", "ALAND": 208880, "AWATER": 0, "centroid_lon": -122.22929913883793, "centroid_lat": 37.800104489296224 }, "geometry": { "type": "Polygon", "coordinates": [ [ [ -122.233791, 37.800539 ], [ -122.23117, 37.802605 ], [ -122.228499, 37.80097 ], [ -122.22417, 37.799977 ], [ -122.224985, 37.798117 ], [ -122.2294, 37.798915 ], [ -122.234679, 37.799827 ], [ -122.233791, 37.800539 ] ] ] } },
{ "type": "Feature", "properties": { "GEOID": "060014052003", "NAME": "3", "ALAND": 214891, "AWATER": 0, "centroid_lon": -122.24477257825983, "centroid_lat": 37.805921339479262 }, "geometry": { "type": "Polygon", "coordinates": [ [ [ -122.246612, 37.806664 ], [ -122.244887, 37.808781 ], [ -122.242734, 37.808057 ], [ -122.241976, 37.807526 ], [ -122.2411, 37.806836 ], [ -122.243006, 37.804082 ], [ -122.245581, 37.80356 ], [ -122.249318, 37.804823 ], [ -122.246612, 37.806664 ] ] ] } },
{ "type": "Feature", "properties": { "GEOID": "060014034021", "NAME": "1", "ALAND": 60791, "AWATER": 0, "centroid_lon": -122.26510652769151, "centroid_lat": 37.801096377101544 }, "geometry": { "type": "Polygon", "coordinates": [ [ [ -122.266458, 37.802497 ], [ -122.265256, 37.802021 ], [ -122.264071, 37.801572 ], [ -122.262903, 37.801101 ], [ -122.263752, 37.7997 ], [ -122.267312, 37.801081 ], [ -122.266458, 37.802497 ] ] ] } },
{ "type": "Feature", "properties": { "GEOID": "060014033023", "NAME": "3", "ALAND": 75767, "AWATER": 0, "centroid_lon": -122.26990814625137, "centroid_lat": 37.79359253952201 }, "geometry": { "type": "Polygon", "coordinates": [ [ [ -122.270752, 37.795573 ], [ -122.269979, 37.794437 ], [ -122.267604, 37.793525 ], [ -122.268353, 37.792128 ], [ -122.272125, 37.793359 ], [ -122.270752, 37.795573 ] ] ] } },
{ "type": "Feature", "properties": { "GEOID": "060014013001", "NAME": "1", "ALAND": 448500, "AWATER": 0, "centroid_lon": -122.26540379560392, "centroid_lat": 37.82090859108586 }, "geometry": { "type": "Polygon", "coordinates": [ [ [ -122.269891, 37.819488 ], [ -122.268563, 37.824462 ], [ -122.261996, 37.823012 ], [ -122.260006, 37.822421 ], [ -122.263084, 37.817449 ], [ -122.267493, 37.81824 ], [ -122.270041, 37.818894 ], [ -122.269891, 37.819488 ] ] ] } },
{ "type": "Feature", "properties": { "GEOID": "060014096001", "NAME": "1", "ALAND": 140748, "AWATER": 0, "centroid_lon": -122.17285197976553, "centroid_lat": 37.756783069942884 }, "geometry": { "type": "Polygon", "coordinates": [ [ [ -122.175717, 37.757495 ], [ -122.172296, 37.75915 ], [ -122.169977, 37.756045 ], [ -122.173436, 37.754435 ], [ -122.175717, 37.757495 ] ] ] } },
{ "type": "Feature", "properties": { "GEOID": "060014061004", "NAME": "4", "ALAND": 393593, "AWATER": 0, "centroid_lon": -122.23407407111576, "centroid_lat": 37.779345502032569 }, "geometry": { "type": "Polygon", "coordinates": [ [ [ -122.238723, 37.783516 ], [ -122.2359, 37.78341 ], [ -122.231481, 37.780769 ], [ -122.229093, 37.779343 ], [ -122.233452, 37.774957 ], [ -122.234554, 37.775428 ], [ -122.236318, 37.776643 ], [ -122.237421, 37.782134 ], [ -122.238723, 37.783516 ] ] ] } },
{ "type": "Feature", "properties": { "GEOID": "060014055004", "NAME": "4", "ALAND": 123546, "AWATER": 0, "centroid_lon": -122.24553556275848, "centroid_lat": 37.800459452773346 }, "geometry": { "type": "Polygon", "coordinates": [ [ [ -122.248411, 37.800443 ], [ -122.246539, 37.801387 ], [ -122.243982, 37.801855 ], [ -122.242352, 37.80232 ], [ -122.241671, 37.802399 ], [ -122.242198, 37.801722 ], [ -122.242961, 37.800873 ], [ -122.24665, 37.79828 ], [ -122.248984, 37.800323 ], [ -122.248411, 37.800443 ] ] ] } },
{ "type": "Feature", "properties": { "GEOID": "060014010003", "NAME": "3", "ALAND": 202662, "AWATER": 0, "centroid_lon": -122.27233490142382, "centroid_lat": 37.832449961344878 }, "geometry": { "type": "Polygon", "coordinates": [ [ [ -122.27641, 37.834279 ], [ -122.267635, 37.832885 ], [ -122.267995, 37.831481 ], [ -122.268231, 37.830593 ], [ -122.270884, 37.831004 ], [ -122.276203, 37.831942 ], [ -122.277204, 37.832216 ], [ -122.27641, 37.834279 ] ] ] } },
{ "type": "Feature", "properties": { "GEOID": "060014098003", "NAME": "3", "ALAND": 387985, "AWATER": 0, "centroid_lon": -122.15257288926986, "centroid_lat": 37.758210885874327 }, "geometry": { "type": "Polygon", "coordinates": [ [ [ -122.158785, 37.761524 ], [ -122.154843, 37.761795 ], [ -122.149174, 37.759371 ], [ -122.149393, 37.757142 ], [ -122.147737, 37.758759 ], [ -122.148211, 37.75686 ], [ -122.151206, 37.75364 ], [ -122.152102, 37.754142 ], [ -122.155018, 37.757518 ], [ -122.155528, 37.759232 ], [ -122.158785, 37.761524 ] ] ] } },
{ "type": "Feature", "properties": { "GEOID": "060014041012", "NAME": "2", "ALAND": 161236, "AWATER": 0, "centroid_lon": -122.25258299327123, "centroid_lat": 37.828712886743439 }, "geometry": { "type": "Polygon", "coordinates": [ [ [ -122.256203, 37.828483 ], [ -122.2553, 37.829908 ], [ -122.255201, 37.829867 ], [ -122.253411, 37.829565 ], [ -122.252055, 37.831208 ], [ -122.249117, 37.828983 ], [ -122.249353, 37.828701 ], [ -122.251202, 37.8273 ], [ -122.252453, 37.826373 ], [ -122.256099, 37.828446 ], [ -122.256203, 37.828483 ] ] ] } },
{ "type": "Feature", "properties": { "GEOID": "060014022003", "NAME": "3", "ALAND": 430962, "AWATER": 0, "centroid_lon": -122.29770046632149, "centroid_lat": 37.80433165163597 }, "geometry": { "type": "Polygon", "coordinates": [ [ [ -122.304825, 37.807566 ], [ -122.302446, 37.806982 ], [ -122.298257, 37.806089 ], [ -122.29369, 37.805079 ], [ -122.290392, 37.804374 ], [ -122.291101, 37.802526 ], [ -122.296858, 37.801922 ], [ -122.300389, 37.802657 ], [ -122.303339, 37.804684 ], [ -122.304825, 37.807566 ] ] ] } },
{ "type": "Feature", "properties": { "GEOID": "060014059011", "NAME": "1", "ALAND": 133248, "AWATER": 0, "centroid_lon": -122.23761127352961, "centroid_lat": 37.785759815371982 }, "geometry": { "type": "Polygon", "coordinates": [ [ [ -122.239448, 37.788135 ], [ -122.235639, 37.785864 ], [ -122.234054, 37.785193 ], [ -122.234113, 37.785138 ], [ -122.234293, 37.784972 ], [ -122.2359, 37.78341 ], [ -122.241044, 37.786487 ], [ -122.239448, 37.788135 ] ] ] } },
{ "type": "Feature", "properties": { "GEOID": "060014094003", "NAME": "3", "ALAND": 192796, "AWATER": 0, "centroid_lon": -122.176139634896, "centroid_lat": 37.747964258913676 }, "geometry": { "type": "Polygon", "coordinates": [ [ [ -122.180062, 37.748161 ], [ -122.174969, 37.750546 ], [ -122.172521, 37.747223 ], [ -122.175999, 37.745611 ], [ -122.176993, 37.746945 ], [ -122.178615, 37.746213 ], [ -122.180062, 37.748161 ] ] ] } },
{ "type": "Feature", "properties": { "GEOID": "060014036003", "NAME": "3", "ALAND": 251714, "AWATER": 0, "centroid_lon": -122.25256123327225, "centroid_lat": 37.814155776453909 }, "geometry": { "type": "Polygon", "coordinates": [ [ [ -122.256049, 37.815327 ], [ -122.253174, 37.816992 ], [ -122.254155, 37.818646 ], [ -122.253679, 37.819001 ], [ -122.251451, 37.816157 ], [ -122.250385, 37.813264 ], [ -122.248008, 37.811513 ], [ -122.248598, 37.810505 ], [ -122.250061, 37.811785 ], [ -122.251462, 37.810841 ], [ -122.2525, 37.813117 ], [ -122.255162, 37.811604 ], [ -122.255301, 37.814295 ], [ -122.256049, 37.815327 ] ] ] } },
{ "type": "Feature", "properties": { "GEOID": "060014045011", "NAME": "1", "ALAND": 1079143, "AWATER": 5141, "centroid_lon": -122.21587342129172, "centroid_lat": 37.826301417519325 }, "geometry": { "type": "Polygon", "coordinates": [ [ [ -122.224456, 37.830256 ], [ -122.221884, 37.832504 ], [ -122.218516, 37.832939 ], [ -122.2171, 37.832758 ], [ -122.215781, 37.83126 ], [ -122.212634, 37.82809 ], [ -122.209273, 37.823963 ], [ -122.207365, 37.821647 ], [ -122.207288, 37.821554 ], [ -122.208835, 37.819555 ], [ -122.210178, 37.818613 ], [ -122.212238, 37.819907 ], [ -122.214119, 37.821089 ], [ -122.214332, 37.821209 ], [ -122.214391, 37.821245 ], [ -122.214439, 37.821273 ], [ -122.219642, 37.824511 ], [ -122.221116, 37.825912 ], [ -122.221724, 37.826732 ], [ -122.221614, 37.826802 ], [ -122.222161, 37.82724 ], [ -122.222369, 37.827658 ], [ -122.224456, 37.830256 ] ] ] } },
{ "type": "Feature", "properties": { "GEOID": "060014042001", "NAME": "1", "ALAND": 414198, "AWATER": 0, "centroid_lon": -122.22793699009371, "centroid_lat": 37.839870468304966 }, "geometry": { "type": "Polygon", "coordinates": [ [ [ -122.235354, 37.842231 ], [ -122.231442, 37.842733 ], [ -122.227242, 37.842927 ], [ -122.224827, 37.841683 ], [ -122.222687, 37.838895 ], [ -122.219672, 37.836392 ], [ -122.2171, 37.832758 ], [ -122.218516, 37.832939 ], [ -122.220419, 37.835637 ], [ -122.222405, 37.83682 ], [ -122.223608, 37.83695 ], [ -122.223555, 37.838939 ], [ -122.226183, 37.841072 ], [ -122.226448, 37.837813 ], [ -122.229231, 37.840132 ], [ -122.230222, 37.838818 ], [ -122.233954, 37.839482 ], [ -122.236608, 37.841097 ], [ -122.235354, 37.842231 ] ] ] } },
{ "type": "Feature", "properties": { "GEOID": "060014035013", "NAME": "3", "ALAND": 117493, "AWATER": 0, "centroid_lon": -122.25706387041384, "centroid_lat": 37.822173331286479 }, "geometry": { "type": "Polygon", "coordinates": [ [ [ -122.25868, 37.824515 ], [ -122.254946, 37.82208 ], [ -122.254566, 37.821528 ], [ -122.254479, 37.819625 ], [ -122.257124, 37.821183 ], [ -122.260006, 37.822421 ], [ -122.25868, 37.824515 ] ] ] } },
{ "type": "Feature", "properties": { "GEOID": "060014003001", "NAME": "1", "ALAND": 265695, "AWATER": 0, "centroid_lon": -122.24866960020442, "centroid_lat": 37.84399077377369 }, "geometry": { "type": "Polygon", "coordinates": [ [ [ -122.251857, 37.844746 ], [ -122.247313, 37.846563 ], [ -122.243716, 37.848513 ], [ -122.244188, 37.847913 ], [ -122.245396, 37.845798 ], [ -122.24813, 37.841392 ], [ -122.251412, 37.840126 ], [ -122.251857, 37.844746 ] ] ] } },
{ "type": "Feature", "properties": { "GEOID": "060014076005", "NAME": "5", "ALAND": 190946, "AWATER": 0, "centroid_lon": -122.20799415363727, "centroid_lat": 37.776549691072908 }, "geometry": { "type": "Polygon", "coordinates": [ [ [ -122.211133, 37.775171 ], [ -122.20681, 37.779734 ], [ -122.206385, 37.780182 ], [ -122.204667, 37.778631 ], [ -122.208708, 37.773253 ], [ -122.211734, 37.774681 ], [ -122.211133, 37.775171 ] ] ] } },
{ "type": "Feature", "properties": { "GEOID": "060014077001", "NAME": "1", "ALAND": 298328, "AWATER": 0, "centroid_lon": -122.19018153749505, "centroid_lat": 37.774374375233322 }, "geometry": { "type": "Polygon", "coordinates": [ [ [ -122.192105, 37.775247 ], [ -122.188298, 37.777873 ], [ -122.185973, 37.775802 ], [ -122.185365, 37.775425 ], [ -122.190345, 37.771576 ], [ -122.19592, 37.772639 ], [ -122.192105, 37.775247 ] ] ] } },
{ "type": "Feature", "properties": { "GEOID": "060014012001", "NAME": "1", "ALAND": 329347, "AWATER": 0, "centroid_lon": -122.25688617951697, "centroid_lat": 37.833753302049402 }, "geometry": { "type": "Polygon", "coordinates": [ [ [ -122.259988, 37.831871 ], [ -122.260193, 37.834265 ], [ -122.259531, 37.836825 ], [ -122.259516, 37.836935 ], [ -122.25764, 37.836637 ], [ -122.256509, 37.836335 ], [ -122.252852, 37.834865 ], [ -122.25241, 37.834543 ], [ -122.253229, 37.833194 ], [ -122.254455, 37.831252 ], [ -122.260204, 37.831016 ], [ -122.259988, 37.831871 ] ] ] } },
{ "type": "Feature", "properties": { "GEOID": "060014037022", "NAME": "2", "ALAND": 91310, "AWATER": 0, "centroid_lon": -122.25439827285372, "centroid_lat": 37.809332721798704 }, "geometry": { "type": "Polygon", "coordinates": [ [ [ -122.256158, 37.809012 ], [ -122.255389, 37.810661 ], [ -122.253026, 37.810491 ], [ -122.252558, 37.81058 ], [ -122.252774, 37.808747 ], [ -122.255535, 37.807634 ], [ -122.256158, 37.809012 ] ] ] } },
{ "type": "Feature", "properties": { "GEOID": "060014043003", "NAME": "3", "ALAND": 492265, "AWATER": 0, "centroid_lon": -122.24267682946773, "centroid_lat": 37.841160192917854 }, "geometry": { "type": "Polygon", "coordinates": [ [ [ -122.25081, 37.837135 ], [ -122.24813, 37.841392 ], [ -122.242601, 37.843545 ], [ -122.239646, 37.844107 ], [ -122.236674, 37.84283 ], [ -122.234528, 37.843993 ], [ -122.234226, 37.843545 ], [ -122.233773, 37.843422 ], [ -122.233277, 37.843085 ], [ -122.232611, 37.843018 ], [ -122.23188, 37.842973 ], [ -122.231442, 37.842733 ], [ -122.235354, 37.842231 ], [ -122.236608, 37.841097 ], [ -122.237969, 37.840912 ], [ -122.239456, 37.840897 ], [ -122.249351, 37.837189 ], [ -122.25081, 37.837135 ] ] ] } },
{ "type": "Feature", "properties": { "GEOID": "060014084001", "NAME": "1", "ALAND": 191570, "AWATER": 0, "centroid_lon": -122.17322968524455, "centroid_lat": 37.766548818649206 }, "geometry": { "type": "Polygon", "coordinates": [ [ [ -122.176639, 37.766336 ], [ -122.172133, 37.769131 ], [ -122.169167, 37.767123 ], [ -122.174561, 37.763909 ], [ -122.175698, 37.76494 ], [ -122.177197, 37.765816 ], [ -122.176639, 37.766336 ] ] ] } },
{ "type": "Feature", "properties": { "GEOID": "060014102003", "NAME": "3", "ALAND": 155731, "AWATER": 0, "centroid_lon": -122.1532509638766, "centroid_lat": 37.74099720950948 }, "geometry": { "type": "Polygon", "coordinates": [ [ [ -122.156962, 37.741506 ], [ -122.153008, 37.742627 ], [ -122.152496, 37.742923 ], [ -122.151526, 37.742214 ], [ -122.148725, 37.740859 ], [ -122.155119, 37.739082 ], [ -122.156962, 37.741506 ] ] ] } },
{ "type": "Feature", "properties": { "GEOID": "060014033011", "NAME": "1", "ALAND": 89096, "AWATER": 0, "centroid_lon": -122.26617952078223, "centroid_lat": 37.799351988511837 }, "geometry": { "type": "Polygon", "coordinates": [ [ [ -122.267312, 37.801081 ], [ -122.263752, 37.7997 ], [ -122.265066, 37.797622 ], [ -122.268596, 37.799002 ], [ -122.267312, 37.801081 ] ] ] } },
{ "type": "Feature", "properties": { "GEOID": "060014058003", "NAME": "3", "ALAND": 140883, "AWATER": 0, "centroid_lon": -122.23480117360165, "centroid_lat": 37.794813492861479 }, "geometry": { "type": "Polygon", "coordinates": [ [ [ -122.237951, 37.794948 ], [ -122.233174, 37.796691 ], [ -122.2306, 37.797476 ], [ -122.231892, 37.795952 ], [ -122.23544, 37.792224 ], [ -122.235512, 37.792267 ], [ -122.237547, 37.793494 ], [ -122.237951, 37.794948 ] ] ] } },
{ "type": "Feature", "properties": { "GEOID": "060014066021", "NAME": "1", "ALAND": 286382, "AWATER": 0, "centroid_lon": -122.21378179435943, "centroid_lat": 37.797551610088163 }, "geometry": { "type": "Polygon", "coordinates": [ [ [ -122.216974, 37.798404 ], [ -122.216221, 37.800294 ], [ -122.214117, 37.799805 ], [ -122.208794, 37.798478 ], [ -122.21253, 37.794736 ], [ -122.21432, 37.795548 ], [ -122.217936, 37.795826 ], [ -122.216974, 37.798404 ] ] ] } },
{ "type": "Feature", "properties": { "GEOID": "060014062013", "NAME": "3", "ALAND": 87031, "AWATER": 0, "centroid_lon": -122.23044488878604, "centroid_lat": 37.784195762552578 }, "geometry": { "type": "Polygon", "coordinates": [ [ [ -122.234113, 37.785138 ], [ -122.230037, 37.784662 ], [ -122.228972, 37.785769 ], [ -122.227537, 37.78495 ], [ -122.229935, 37.782402 ], [ -122.234293, 37.784972 ], [ -122.234113, 37.785138 ] ] ] } },
{ "type": "Feature", "properties": { "GEOID": "060014051005", "NAME": "5", "ALAND": 282000, "AWATER": 0, "centroid_lon": -122.23096708701159, "centroid_lat": 37.813632237937263 }, "geometry": { "type": "Polygon", "coordinates": [ [ [ -122.236283, 37.813628 ], [ -122.232012, 37.81433 ], [ -122.233001, 37.816115 ], [ -122.233296, 37.816492 ], [ -122.232245, 37.816194 ], [ -122.229736, 37.815646 ], [ -122.229496, 37.815598 ], [ -122.227109, 37.815045 ], [ -122.225988, 37.814782 ], [ -122.225234, 37.814605 ], [ -122.225227, 37.814358 ], [ -122.226056, 37.813255 ], [ -122.228855, 37.812577 ], [ -122.230274, 37.811998 ], [ -122.234447, 37.811225 ], [ -122.235304, 37.811544 ], [ -122.236283, 37.813628 ] ] ] } },
{ "type": "Feature", "properties": { "GEOID": "060014087003", "NAME": "3", "ALAND": 170232, "AWATER": 0, "centroid_lon": -122.1912370340459, "centroid_lat": 37.764601294740324 }, "geometry": { "type": "Polygon", "coordinates": [ [ [ -122.195455, 37.763258 ], [ -122.19308, 37.764803 ], [ -122.189033, 37.767452 ], [ -122.187323, 37.765796 ], [ -122.189343, 37.764516 ], [ -122.190235, 37.763686 ], [ -122.19283, 37.761996 ], [ -122.19433, 37.762714 ], [ -122.195455, 37.763258 ] ] ] } },
{ "type": "Feature", "properties": { "GEOID": "060014053011", "NAME": "1", "ALAND": 73866, "AWATER": 0, "centroid_lon": -122.25120699607018, "centroid_lat": 37.803712623509078 }, "geometry": { "type": "Polygon", "coordinates": [ [ [ -122.253447, 37.803608 ], [ -122.250597, 37.805237 ], [ -122.249318, 37.804823 ], [ -122.249013, 37.803014 ], [ -122.252196, 37.802683 ], [ -122.254073, 37.802521 ], [ -122.253447, 37.803608 ] ] ] } },
{ "type": "Feature", "properties": { "GEOID": "060014075002", "NAME": "2", "ALAND": 233033, "AWATER": 0, "centroid_lon": -122.19927226498021, "centroid_lat": 37.767884240510618 }, "geometry": { "type": "Polygon", "coordinates": [ [ [ -122.20084, 37.76913 ], [ -122.200809, 37.770067 ], [ -122.198781, 37.77059 ], [ -122.197234, 37.769207 ], [ -122.196541, 37.7697 ], [ -122.194984, 37.768322 ], [ -122.195729, 37.767804 ], [ -122.199502, 37.765149 ], [ -122.20368, 37.767126 ], [ -122.20084, 37.76913 ] ] ] } },
{ "type": "Feature", "properties": { "GEOID": "060014005003", "NAME": "3", "ALAND": 92921, "AWATER": 0, "centroid_lon": -122.26756009783664, "centroid_lat": 37.850047043422627 }, "geometry": { "type": "Polygon", "coordinates": [ [ [ -122.268965, 37.851616 ], [ -122.266128, 37.852009 ], [ -122.265698, 37.848763 ], [ -122.269409, 37.848107 ], [ -122.268965, 37.851616 ] ] ] } },
{ "type": "Feature", "properties": { "GEOID": "060014042002", "NAME": "2", "ALAND": 426544, "AWATER": 0, "centroid_lon": -122.22843742475771, "centroid_lat": 37.837674867635968 }, "geometry": { "type": "Polygon", "coordinates": [ [ [ -122.236608, 37.841097 ], [ -122.233954, 37.839482 ], [ -122.230222, 37.838818 ], [ -122.229231, 37.840132 ], [ -122.226448, 37.837813 ], [ -122.226183, 37.841072 ], [ -122.223555, 37.838939 ], [ -122.223608, 37.83695 ], [ -122.222781, 37.835887 ], [ -122.224665, 37.834343 ], [ -122.228041, 37.835814 ], [ -122.229586, 37.83543 ], [ -122.23182, 37.836447 ], [ -122.234976, 37.839169 ], [ -122.237969, 37.840912 ], [ -122.236608, 37.841097 ] ] ] } },
{ "type": "Feature", "properties": { "GEOID": "060014013002", "NAME": "2", "ALAND": 199537, "AWATER": 0, "centroid_lon": -122.2699396759522, "centroid_lat": 37.815161670435572 }, "geometry": { "type": "Polygon", "coordinates": [ [ [ -122.271379, 37.815031 ], [ -122.270041, 37.818894 ], [ -122.267493, 37.81824 ], [ -122.269058, 37.811959 ], [ -122.273394, 37.812723 ], [ -122.271379, 37.815031 ] ] ] } },
{ "type": "Feature", "properties": { "GEOID": "060014096005", "NAME": "5", "ALAND": 186223, "AWATER": 0, "centroid_lon": -122.17580819686694, "centroid_lat": 37.754593878906078 }, "geometry": { "type": "Polygon", "coordinates": [ [ [ -122.179475, 37.755647 ], [ -122.175717, 37.757495 ], [ -122.173436, 37.754435 ], [ -122.172533, 37.753221 ], [ -122.175823, 37.751696 ], [ -122.176501, 37.752609 ], [ -122.178484, 37.755174 ], [ -122.179117, 37.755471 ], [ -122.179475, 37.755647 ] ] ] } },
{ "type": "Feature", "properties": { "GEOID": "060014063004", "NAME": "4", "ALAND": 101037, "AWATER": 0, "centroid_lon": -122.22806637311585, "centroid_lat": 37.790395453358357 }, "geometry": { "type": "Polygon", "coordinates": [ [ [ -122.229001, 37.790821 ], [ -122.226685, 37.793545 ], [ -122.225428, 37.793037 ], [ -122.228071, 37.78999 ], [ -122.226477, 37.789035 ], [ -122.227247, 37.788153 ], [ -122.228901, 37.788213 ], [ -122.230914, 37.789441 ], [ -122.229001, 37.790821 ] ] ] } },
{ "type": "Feature", "properties": { "GEOID": "060014045023", "NAME": "3", "ALAND": 829248, "AWATER": 0, "centroid_lon": -122.19424476172129, "centroid_lat": 37.83688283373364 }, "geometry": { "type": "Polygon", "coordinates": [ [ [ -122.200391, 37.836153 ], [ -122.198222, 37.837733 ], [ -122.198072, 37.84002 ], [ -122.197692, 37.842671 ], [ -122.195287, 37.842817 ], [ -122.195348, 37.842626 ], [ -122.195623, 37.841913 ], [ -122.192069, 37.840249 ], [ -122.188992, 37.83797 ], [ -122.188601, 37.837752 ], [ -122.185116, 37.837353 ], [ -122.184526, 37.835916 ], [ -122.187665, 37.83621 ], [ -122.186974, 37.835419 ], [ -122.192109, 37.833914 ], [ -122.196435, 37.831981 ], [ -122.19914, 37.834085 ], [ -122.198599, 37.832706 ], [ -122.200766, 37.83325 ], [ -122.199987, 37.833578 ], [ -122.201328, 37.833896 ], [ -122.200391, 37.836153 ] ] ] } },
{ "type": "Feature", "properties": { "GEOID": "060014099002", "NAME": "2", "ALAND": 385973, "AWATER": 0, "centroid_lon": -122.14555094769122, "centroid_lat": 37.75830313272747 }, "geometry": { "type": "Polygon", "coordinates": [ [ [ -122.151206, 37.75364 ], [ -122.148211, 37.75686 ], [ -122.147737, 37.758759 ], [ -122.148141, 37.760488 ], [ -122.144253, 37.76155 ], [ -122.142391, 37.7629 ], [ -122.141431, 37.76285 ], [ -122.142517, 37.758912 ], [ -122.141828, 37.757477 ], [ -122.150562, 37.753371 ], [ -122.151206, 37.75364 ] ] ] } },
{ "type": "Feature", "properties": { "GEOID": "060014071024", "NAME": "4", "ALAND": 157064, "AWATER": 0, "centroid_lon": -122.21033623774474, "centroid_lat": 37.777709662573052 }, "geometry": { "type": "Polygon", "coordinates": [ [ [ -122.213859, 37.776521 ], [ -122.208023, 37.780821 ], [ -122.20681, 37.779734 ], [ -122.211133, 37.775171 ], [ -122.211734, 37.774681 ], [ -122.213859, 37.776521 ] ] ] } },
{ "type": "Feature", "properties": { "GEOID": "060014059021", "NAME": "1", "ALAND": 199888, "AWATER": 0, "centroid_lon": -122.23905614877145, "centroid_lat": 37.79261334970046 }, "geometry": { "type": "Polygon", "coordinates": [ [ [ -122.242618, 37.793164 ], [ -122.241694, 37.793825 ], [ -122.239833, 37.795136 ], [ -122.237951, 37.794948 ], [ -122.237547, 37.793494 ], [ -122.235512, 37.792267 ], [ -122.237876, 37.789765 ], [ -122.242057, 37.792273 ], [ -122.242618, 37.793164 ] ] ] } },
{ "type": "Feature", "properties": { "GEOID": "060014034011", "NAME": "1", "ALAND": 474281, "AWATER": 602434, "centroid_lon": -122.25798515898136, "centroid_lat": 37.804931449100948 }, "geometry": { "type": "Polygon", "coordinates": [ [ [ -122.265449, 37.806338 ], [ -122.263564, 37.807216 ], [ -122.262463, 37.810945 ], [ -122.260591, 37.810676 ], [ -122.260213, 37.810523 ], [ -122.258549, 37.809408 ], [ -122.256158, 37.809012 ], [ -122.255535, 37.807634 ], [ -122.252774, 37.808747 ], [ -122.250469, 37.808882 ], [ -122.249148, 37.808391 ], [ -122.250597, 37.805237 ], [ -122.253447, 37.803608 ], [ -122.254073, 37.802521 ], [ -122.254468, 37.801838 ], [ -122.254505, 37.800561 ], [ -122.257805, 37.799704 ], [ -122.259554, 37.798301 ], [ -122.260417, 37.798333 ], [ -122.263752, 37.7997 ], [ -122.262903, 37.801101 ], [ -122.261318, 37.80363 ], [ -122.262394, 37.804196 ], [ -122.263575, 37.804656 ], [ -122.264778, 37.805119 ], [ -122.265449, 37.806338 ] ] ] } },
{ "type": "Feature", "properties": { "GEOID": "060014083003", "NAME": "3", "ALAND": 403907, "AWATER": 0, "centroid_lon": -122.16383282612884, "centroid_lat": 37.769787110911992 }, "geometry": { "type": "Polygon", "coordinates": [ [ [ -122.169583, 37.774422 ], [ -122.168283, 37.774149 ], [ -122.166793, 37.774587 ], [ -122.164496, 37.773016 ], [ -122.165833, 37.772182 ], [ -122.158706, 37.768677 ], [ -122.157946, 37.767845 ], [ -122.157672, 37.766444 ], [ -122.15983, 37.766631 ], [ -122.161219, 37.765433 ], [ -122.161949, 37.765163 ], [ -122.165377, 37.768804 ], [ -122.168111, 37.771036 ], [ -122.169033, 37.772433 ], [ -122.169725, 37.774067 ], [ -122.169583, 37.774422 ] ] ] } },
{ "type": "Feature", "properties": { "GEOID": "060014044001", "NAME": "1", "ALAND": 2025898, "AWATER": 0, "centroid_lon": -122.21889865084461, "centroid_lat": 37.848527583128856 }, "geometry": { "type": "Polygon", "coordinates": [ [ [ -122.233092, 37.851656 ], [ -122.226748, 37.849962 ], [ -122.22424, 37.850933 ], [ -122.22354, 37.854923 ], [ -122.223288, 37.855086 ], [ -122.222724, 37.85358 ], [ -122.22159, 37.854446 ], [ -122.2201, 37.855002 ], [ -122.21924, 37.855084 ], [ -122.218889, 37.854762 ], [ -122.216707, 37.855408 ], [ -122.215561, 37.856181 ], [ -122.213615, 37.855987 ], [ -122.21238, 37.857234 ], [ -122.210408, 37.855065 ], [ -122.208898, 37.851941 ], [ -122.2031, 37.851192 ], [ -122.202657, 37.85048 ], [ -122.200997, 37.847878 ], [ -122.202761, 37.849025 ], [ -122.203778, 37.850708 ], [ -122.206624, 37.850628 ], [ -122.208198, 37.851297 ], [ -122.208954, 37.850218 ], [ -122.210466, 37.851418 ], [ -122.212199, 37.851035 ], [ -122.214335, 37.8476 ], [ -122.213789, 37.842387 ], [ -122.215363, 37.84087 ], [ -122.21568, 37.839599 ], [ -122.217776, 37.842535 ], [ -122.21793, 37.840661 ], [ -122.219274, 37.83965 ], [ -122.224827, 37.841683 ], [ -122.227559, 37.845474 ], [ -122.228003, 37.848244 ], [ -122.230346, 37.848892 ], [ -122.233092, 37.851656 ] ] ] } },
{ "type": "Feature", "properties": { "GEOID": "060014015002", "NAME": "2", "ALAND": 134495, "AWATER": 0, "centroid_lon": -122.28068299298936, "centroid_lat": 37.82270953113553 }, "geometry": { "type": "Polygon", "coordinates": [ [ [ -122.283643, 37.824406 ], [ -122.277372, 37.822934 ], [ -122.276697, 37.820883 ], [ -122.284939, 37.822769 ], [ -122.283643, 37.824406 ] ] ] } },
{ "type": "Feature", "properties": { "GEOID": "060014084002", "NAME": "2", "ALAND": 123832, "AWATER": 0, "centroid_lon": -122.17114032834191, "centroid_lat": 37.764636022891345 }, "geometry": { "type": "Polygon", "coordinates": [ [ [ -122.174561, 37.763909 ], [ -122.169167, 37.767123 ], [ -122.167789, 37.766009 ], [ -122.169659, 37.764127 ], [ -122.172761, 37.762137 ], [ -122.174561, 37.763909 ] ] ] } },
{ "type": "Feature", "properties": { "GEOID": "060014050002", "NAME": "2", "ALAND": 261851, "AWATER": 0, "centroid_lon": -122.22356706300386, "centroid_lat": 37.809385489621143 }, "geometry": { "type": "Polygon", "coordinates": [ [ [ -122.23106, 37.807199 ], [ -122.227693, 37.808099 ], [ -122.225047, 37.809952 ], [ -122.222502, 37.81103 ], [ -122.220905, 37.813316 ], [ -122.220433, 37.813439 ], [ -122.220211, 37.813407 ], [ -122.217935, 37.812891 ], [ -122.215174, 37.812276 ], [ -122.215582, 37.811513 ], [ -122.219757, 37.813005 ], [ -122.22063, 37.812344 ], [ -122.220058, 37.811597 ], [ -122.220724, 37.810764 ], [ -122.219482, 37.809501 ], [ -122.221229, 37.809659 ], [ -122.22239, 37.809081 ], [ -122.222834, 37.808371 ], [ -122.22174, 37.807758 ], [ -122.224827, 37.806307 ], [ -122.225949, 37.807824 ], [ -122.231095, 37.805999 ], [ -122.23106, 37.807199 ] ] ] } },
{ "type": "Feature", "properties": { "GEOID": "060014093003", "NAME": "3", "ALAND": 456614, "AWATER": 0, "centroid_lon": -122.17611334761054, "centroid_lat": 37.738124640912453 }, "geometry": { "type": "Polygon", "coordinates": [ [ [ -122.181561, 37.737835 ], [ -122.176947, 37.741364 ], [ -122.174793, 37.742388 ], [ -122.17167, 37.738553 ], [ -122.170734, 37.737323 ], [ -122.17267, 37.73642 ], [ -122.175508, 37.735195 ], [ -122.177295, 37.73403 ], [ -122.179782, 37.736267 ], [ -122.181561, 37.737835 ] ] ] } },
{ "type": "Feature", "properties": { "GEOID": "060014046003", "NAME": "3", "ALAND": 614079, "AWATER": 0, "centroid_lon": -122.19202148940275, "centroid_lat": 37.82348623542768 }, "geometry": { "type": "Polygon", "coordinates": [ [ [ -122.201593, 37.822792 ], [ -122.198877, 37.824333 ], [ -122.19981, 37.823165 ], [ -122.196967, 37.824038 ], [ -122.194978, 37.823709 ], [ -122.19395, 37.825912 ], [ -122.192976, 37.826951 ], [ -122.187584, 37.827162 ], [ -122.186183, 37.826153 ], [ -122.185729, 37.825366 ], [ -122.186368, 37.823547 ], [ -122.187657, 37.820105 ], [ -122.188325, 37.81987 ], [ -122.188684, 37.818725 ], [ -122.190042, 37.819519 ], [ -122.191018, 37.821246 ], [ -122.189675, 37.821861 ], [ -122.192096, 37.822891 ], [ -122.193296, 37.821885 ], [ -122.195932, 37.821877 ], [ -122.195733, 37.820901 ], [ -122.196931, 37.81938 ], [ -122.198356, 37.821976 ], [ -122.199869, 37.821149 ], [ -122.201593, 37.822792 ] ] ] } },
{ "type": "Feature", "properties": { "GEOID": "060014067004", "NAME": "4", "ALAND": 208839, "AWATER": 0, "centroid_lon": -122.20414069041681, "centroid_lat": 37.803083039339327 }, "geometry": { "type": "Polygon", "coordinates": [ [ [ -122.208323, 37.801629 ], [ -122.204864, 37.80504 ], [ -122.20376, 37.805825 ], [ -122.200609, 37.804724 ], [ -122.202668, 37.802743 ], [ -122.20081, 37.801465 ], [ -122.201757, 37.80054 ], [ -122.204918, 37.802279 ], [ -122.206671, 37.800578 ], [ -122.208323, 37.801629 ] ] ] } },
{ "type": "Feature", "properties": { "GEOID": "060014061002", "NAME": "2", "ALAND": 618298, "AWATER": 35844, "centroid_lon": -122.22430815070042, "centroid_lat": 37.77007714200986 }, "geometry": { "type": "Polygon", "coordinates": [ [ [ -122.229243, 37.77014 ], [ -122.228015, 37.77314 ], [ -122.226994, 37.775237 ], [ -122.21714, 37.770585 ], [ -122.223756, 37.765579 ], [ -122.224904, 37.764563 ], [ -122.226583, 37.766934 ], [ -122.230205, 37.768977 ], [ -122.229243, 37.77014 ] ] ] } },
{ "type": "Feature", "properties": { "GEOID": "060014090003", "NAME": "3", "ALAND": 4959081, "AWATER": 1748425, "centroid_lon": -122.20671781033946, "centroid_lat": 37.742705927652523 }, "geometry": { "type": "Polygon", "coordinates": [ [ [ -122.2265, 37.74808 ], [ -122.223377, 37.748036 ], [ -122.223481, 37.754702 ], [ -122.218112, 37.759656 ], [ -122.214852, 37.761468 ], [ -122.207537, 37.753148 ], [ -122.205176, 37.754231 ], [ -122.201102, 37.754884 ], [ -122.198076, 37.752214 ], [ -122.196548, 37.750857 ], [ -122.196063, 37.745818 ], [ -122.196628, 37.739705 ], [ -122.195814, 37.739765 ], [ -122.188784, 37.731729 ], [ -122.184167, 37.726529 ], [ -122.183312, 37.725566 ], [ -122.18442, 37.726116 ], [ -122.186459, 37.727589 ], [ -122.190299, 37.728858 ], [ -122.191927, 37.727288 ], [ -122.196137, 37.726007 ], [ -122.198055, 37.726227 ], [ -122.197746, 37.725171 ], [ -122.196747, 37.724133 ], [ -122.199778, 37.725793 ], [ -122.201078, 37.726296 ], [ -122.201359, 37.726401 ], [ -122.209391, 37.730477 ], [ -122.210493, 37.731295 ], [ -122.213328, 37.736795 ], [ -122.218703, 37.743322 ], [ -122.220994, 37.745113 ], [ -122.2266, 37.745501 ], [ -122.2265, 37.74808 ] ] ] } },
{ "type": "Feature", "properties": { "GEOID": "060014067003", "NAME": "3", "ALAND": 360059, "AWATER": 0, "centroid_lon": -122.20732408132412, "centroid_lat": 37.799821430638509 }, "geometry": { "type": "Polygon", "coordinates": [ [ [ -122.211014, 37.80286 ], [ -122.208323, 37.801629 ], [ -122.206671, 37.800578 ], [ -122.204918, 37.802279 ], [ -122.201757, 37.80054 ], [ -122.203836, 37.798491 ], [ -122.202104, 37.797091 ], [ -122.203371, 37.796096 ], [ -122.208027, 37.7986 ], [ -122.208794, 37.798478 ], [ -122.214117, 37.799805 ], [ -122.211014, 37.80286 ] ] ] } },
{ "type": "Feature", "properties": { "GEOID": "060014092001", "NAME": "1", "ALAND": 439444, "AWATER": 0, "centroid_lon": -122.17614232380085, "centroid_lat": 37.729007114032278 }, "geometry": { "type": "Polygon", "coordinates": [ [ [ -122.178165, 37.732215 ], [ -122.178587, 37.733099 ], [ -122.177295, 37.73403 ], [ -122.17404, 37.73119 ], [ -122.17043, 37.727836 ], [ -122.170401, 37.727756 ], [ -122.171294, 37.728006 ], [ -122.174341, 37.72665 ], [ -122.17534, 37.725387 ], [ -122.180226, 37.725738 ], [ -122.178165, 37.732215 ] ] ] } },
{ "type": "Feature", "properties": { "GEOID": "060014046004", "NAME": "4", "ALAND": 3209350, "AWATER": 0, "centroid_lon": -122.1905828934533, "centroid_lat": 37.815892320361186 }, "geometry": { "type": "Polygon", "coordinates": [ [ [ -122.209273, 37.823963 ], [ -122.207146, 37.824861 ], [ -122.203167, 37.8238 ], [ -122.201478, 37.828702 ], [ -122.198928, 37.830244 ], [ -122.200846, 37.828584 ], [ -122.201129, 37.825863 ], [ -122.197084, 37.825109 ], [ -122.198877, 37.824333 ], [ -122.201593, 37.822792 ], [ -122.199869, 37.821149 ], [ -122.198356, 37.821976 ], [ -122.196931, 37.81938 ], [ -122.195733, 37.820901 ], [ -122.195932, 37.821877 ], [ -122.193296, 37.821885 ], [ -122.192096, 37.822891 ], [ -122.189675, 37.821861 ], [ -122.191018, 37.821246 ], [ -122.190042, 37.819519 ], [ -122.188684, 37.818725 ], [ -122.188325, 37.81987 ], [ -122.187657, 37.820105 ], [ -122.186368, 37.823547 ], [ -122.186871, 37.822082 ], [ -122.185577, 37.820726 ], [ -122.181224, 37.819341 ], [ -122.177873, 37.816323 ], [ -122.175474, 37.81459 ], [ -122.174159, 37.81027 ], [ -122.175869, 37.807494 ], [ -122.179157, 37.804981 ], [ -122.181329, 37.808877 ], [ -122.183105, 37.809602 ], [ -122.186745, 37.809314 ], [ -122.191459, 37.809752 ], [ -122.194649, 37.810822 ], [ -122.197202, 37.810958 ], [ -122.197791, 37.810589 ], [ -122.199439, 37.812007 ], [ -122.202201, 37.815205 ], [ -122.207288, 37.821554 ], [ -122.207365, 37.821647 ], [ -122.209273, 37.823963 ] ] ] } },
{ "type": "Feature", "properties": { "GEOID": "060014066011", "NAME": "1", "ALAND": 136668, "AWATER": 0, "centroid_lon": -122.20790845505067, "centroid_lat": 37.791078833695693 }, "geometry": { "type": "Polygon", "coordinates": [ [ [ -122.211104, 37.789688 ], [ -122.206753, 37.792077 ], [ -122.209145, 37.793249 ], [ -122.207648, 37.794724 ], [ -122.207053, 37.793264 ], [ -122.204783, 37.791252 ], [ -122.2068, 37.790069 ], [ -122.209819, 37.788303 ], [ -122.211104, 37.789688 ] ] ] } },
{ "type": "Feature", "properties": { "GEOID": "060014045022", "NAME": "2", "ALAND": 680323, "AWATER": 0, "centroid_lon": -122.20663575562318, "centroid_lat": 37.835354786734655 }, "geometry": { "type": "Polygon", "coordinates": [ [ [ -122.212328, 37.834442 ], [ -122.211029, 37.837762 ], [ -122.2084, 37.836462 ], [ -122.208745, 37.838098 ], [ -122.207001, 37.837675 ], [ -122.205369, 37.839308 ], [ -122.199916, 37.838218 ], [ -122.19906, 37.8385 ], [ -122.198072, 37.84002 ], [ -122.198222, 37.837733 ], [ -122.200391, 37.836153 ], [ -122.201328, 37.833896 ], [ -122.203534, 37.834087 ], [ -122.207668, 37.832819 ], [ -122.207995, 37.832023 ], [ -122.211426, 37.832506 ], [ -122.209933, 37.83111 ], [ -122.211145, 37.829879 ], [ -122.214548, 37.832793 ], [ -122.212328, 37.834442 ] ] ] } },
{ "type": "Feature", "properties": { "GEOID": "060014028013", "NAME": "3", "ALAND": 51805, "AWATER": 0, "centroid_lon": -122.27150818731249, "centroid_lat": 37.809998027784225 }, "geometry": { "type": "Polygon", "coordinates": [ [ [ -122.273513, 37.811509 ], [ -122.27331, 37.810915 ], [ -122.272937, 37.810935 ], [ -122.269487, 37.810326 ], [ -122.269812, 37.808978 ], [ -122.273002, 37.809455 ], [ -122.273353, 37.810465 ], [ -122.273662, 37.811471 ], [ -122.273513, 37.811509 ] ] ] } },
{ "type": "Feature", "properties": { "GEOID": "060014070002", "NAME": "2", "ALAND": 185086, "AWATER": 0, "centroid_lon": -122.19987898298064, "centroid_lat": 37.786617903827015 }, "geometry": { "type": "Polygon", "coordinates": [ [ [ -122.203847, 37.787269 ], [ -122.20043, 37.787586 ], [ -122.200368, 37.789337 ], [ -122.199525, 37.788756 ], [ -122.195775, 37.786829 ], [ -122.196226, 37.786591 ], [ -122.200124, 37.784571 ], [ -122.200715, 37.784273 ], [ -122.201878, 37.785127 ], [ -122.203847, 37.787269 ] ] ] } },
{ "type": "Feature", "properties": { "GEOID": "060014082003", "NAME": "3", "ALAND": 162509, "AWATER": 0, "centroid_lon": -122.17903691158297, "centroid_lat": 37.775022669825489 }, "geometry": { "type": "Polygon", "coordinates": [ [ [ -122.182559, 37.777412 ], [ -122.17953, 37.775667 ], [ -122.176872, 37.77612 ], [ -122.174687, 37.774705 ], [ -122.177957, 37.772563 ], [ -122.179729, 37.773893 ], [ -122.180165, 37.774257 ], [ -122.184009, 37.776485 ], [ -122.182559, 37.777412 ] ] ] } },
{ "type": "Feature", "properties": { "GEOID": "060014045024", "NAME": "4", "ALAND": 1061716, "AWATER": 0, "centroid_lon": -122.20559360308401, "centroid_lat": 37.829503384088582 }, "geometry": { "type": "Polygon", "coordinates": [ [ [ -122.215301, 37.831595 ], [ -122.214548, 37.832793 ], [ -122.211145, 37.829879 ], [ -122.209933, 37.83111 ], [ -122.211426, 37.832506 ], [ -122.207995, 37.832023 ], [ -122.207668, 37.832819 ], [ -122.203534, 37.834087 ], [ -122.201328, 37.833896 ], [ -122.199987, 37.833578 ], [ -122.200766, 37.83325 ], [ -122.198599, 37.832706 ], [ -122.19914, 37.834085 ], [ -122.196435, 37.831981 ], [ -122.192109, 37.833914 ], [ -122.194015, 37.832052 ], [ -122.198928, 37.830244 ], [ -122.201478, 37.828702 ], [ -122.203167, 37.8238 ], [ -122.207146, 37.824861 ], [ -122.209273, 37.823963 ], [ -122.212634, 37.82809 ], [ -122.215781, 37.83126 ], [ -122.215301, 37.831595 ] ] ] } },
{ "type": "Feature", "properties": { "GEOID": "060014038003", "NAME": "3", "ALAND": 137664, "AWATER": 0, "centroid_lon": -122.24572885805493, "centroid_lat": 37.811767057175608 }, "geometry": { "type": "Polygon", "coordinates": [ [ [ -122.248008, 37.811513 ], [ -122.246643, 37.813776 ], [ -122.246324, 37.814303 ], [ -122.244616, 37.813128 ], [ -122.242276, 37.811565 ], [ -122.243289, 37.811055 ], [ -122.246504, 37.809841 ], [ -122.248598, 37.810505 ], [ -122.248008, 37.811513 ] ] ] } },
{ "type": "Feature", "properties": { "GEOID": "060014026001", "NAME": "1", "ALAND": 318842, "AWATER": 0, "centroid_lon": -122.27994507476157, "centroid_lat": 37.804282285168647 }, "geometry": { "type": "Polygon", "coordinates": [ [ [ -122.28274, 37.803675 ], [ -122.280965, 37.808301 ], [ -122.278678, 37.807284 ], [ -122.277122, 37.806707 ], [ -122.275979, 37.806222 ], [ -122.278135, 37.802763 ], [ -122.279564, 37.800449 ], [ -122.279687, 37.800256 ], [ -122.283322, 37.8017 ], [ -122.28274, 37.803675 ] ] ] } },
{ "type": "Feature", "properties": { "GEOID": "060014069001", "NAME": "1", "ALAND": 214616, "AWATER": 0, "centroid_lon": -122.1885910066007, "centroid_lat": 37.797234548785354 }, "geometry": { "type": "Polygon", "coordinates": [ [ [ -122.193066, 37.798061 ], [ -122.191753, 37.798872 ], [ -122.187682, 37.798822 ], [ -122.185369, 37.798489 ], [ -122.184387, 37.797244 ], [ -122.18569, 37.79589 ], [ -122.189573, 37.79501 ], [ -122.192472, 37.797505 ], [ -122.193066, 37.798061 ] ] ] } },
{ "type": "Feature", "properties": { "GEOID": "060014062012", "NAME": "2", "ALAND": 77137, "AWATER": 0, "centroid_lon": -122.23141084654885, "centroid_lat": 37.785826852722565 }, "geometry": { "type": "Polygon", "coordinates": [ [ [ -122.234054, 37.785193 ], [ -122.232503, 37.786558 ], [ -122.232013, 37.78758 ], [ -122.228972, 37.785769 ], [ -122.230037, 37.784662 ], [ -122.234113, 37.785138 ], [ -122.234054, 37.785193 ] ] ] } },
{ "type": "Feature", "properties": { "GEOID": "060014049001", "NAME": "1", "ALAND": 236314, "AWATER": 0, "centroid_lon": -122.21710376294413, "centroid_lat": 37.807966427278664 }, "geometry": { "type": "Polygon", "coordinates": [ [ [ -122.22174, 37.807758 ], [ -122.218192, 37.809146 ], [ -122.21762, 37.809588 ], [ -122.217092, 37.810192 ], [ -122.215879, 37.811132 ], [ -122.215582, 37.811513 ], [ -122.215174, 37.812276 ], [ -122.214677, 37.812688 ], [ -122.213383, 37.812182 ], [ -122.215177, 37.809854 ], [ -122.21582, 37.805392 ], [ -122.218248, 37.800859 ], [ -122.217343, 37.804391 ], [ -122.216429, 37.805447 ], [ -122.218413, 37.806014 ], [ -122.22174, 37.807758 ] ] ] } },
{ "type": "Feature", "properties": { "GEOID": "060014081003", "NAME": "3", "ALAND": 727426, "AWATER": 0, "centroid_lon": -122.1363749688809, "centroid_lat": 37.774931055455625 }, "geometry": { "type": "Polygon", "coordinates": [ [ [ -122.143795, 37.780591 ], [ -122.141806, 37.781663 ], [ -122.134654, 37.776978 ], [ -122.133676, 37.777527 ], [ -122.134337, 37.778283 ], [ -122.133176, 37.777674 ], [ -122.13375, 37.777319 ], [ -122.131808, 37.775339 ], [ -122.128683, 37.769608 ], [ -122.131719, 37.770913 ], [ -122.135071, 37.770397 ], [ -122.136356, 37.769865 ], [ -122.13907, 37.771053 ], [ -122.139968, 37.772819 ], [ -122.138223, 37.77533 ], [ -122.142828, 37.778775 ], [ -122.143795, 37.780591 ] ] ] } },
{ "type": "Feature", "properties": { "GEOID": "060014079002", "NAME": "2", "ALAND": 243287, "AWATER": 0, "centroid_lon": -122.1847393876952, "centroid_lat": 37.786686807515345 }, "geometry": { "type": "Polygon", "coordinates": [ [ [ -122.187461, 37.786345 ], [ -122.185777, 37.788546 ], [ -122.185984, 37.789802 ], [ -122.184278, 37.791537 ], [ -122.182936, 37.786217 ], [ -122.18082, 37.784406 ], [ -122.180701, 37.78407 ], [ -122.187784, 37.784355 ], [ -122.187461, 37.786345 ] ] ] } },
{ "type": "Feature", "properties": { "GEOID": "060014063001", "NAME": "1", "ALAND": 117161, "AWATER": 0, "centroid_lon": -122.22221273922497, "centroid_lat": 37.787905789421437 }, "geometry": { "type": "Polygon", "coordinates": [ [ [ -122.223485, 37.788183 ], [ -122.221573, 37.790949 ], [ -122.219995, 37.790516 ], [ -122.221193, 37.787599 ], [ -122.222249, 37.784938 ], [ -122.224369, 37.785646 ], [ -122.223485, 37.788183 ] ] ] } },
{ "type": "Feature", "properties": { "GEOID": "060014066022", "NAME": "2", "ALAND": 128342, "AWATER": 0, "centroid_lon": -122.21548020982459, "centroid_lat": 37.794155723809943 }, "geometry": { "type": "Polygon", "coordinates": [ [ [ -122.217936, 37.795826 ], [ -122.21432, 37.795548 ], [ -122.21253, 37.794736 ], [ -122.214825, 37.791757 ], [ -122.216996, 37.792796 ], [ -122.216297, 37.793686 ], [ -122.218469, 37.794476 ], [ -122.217936, 37.795826 ] ] ] } },
{ "type": "Feature", "properties": { "GEOID": "060014017001", "NAME": "1", "ALAND": 278171, "AWATER": 0, "centroid_lon": -122.30178975430226, "centroid_lat": 37.811014807408888 }, "geometry": { "type": "Polygon", "coordinates": [ [ [ -122.304866, 37.807896 ], [ -122.303977, 37.811781 ], [ -122.300746, 37.814826 ], [ -122.297863, 37.813297 ], [ -122.300212, 37.810339 ], [ -122.302012, 37.808058 ], [ -122.302446, 37.806982 ], [ -122.304825, 37.807566 ], [ -122.304866, 37.807896 ] ] ] } },
{ "type": "Feature", "properties": { "GEOID": "060014088004", "NAME": "4", "ALAND": 439820, "AWATER": 0, "centroid_lon": -122.20023953758434, "centroid_lat": 37.761253783196508 }, "geometry": { "type": "Polygon", "coordinates": [ [ [ -122.205584, 37.760863 ], [ -122.199502, 37.765149 ], [ -122.195455, 37.763258 ], [ -122.19433, 37.762714 ], [ -122.198321, 37.760339 ], [ -122.198462, 37.758627 ], [ -122.200822, 37.756782 ], [ -122.205584, 37.760863 ] ] ] } },
{ "type": "Feature", "properties": { "GEOID": "060014061003", "NAME": "3", "ALAND": 293208, "AWATER": 39031, "centroid_lon": -122.23248924301539, "centroid_lat": 37.772479898473961 }, "geometry": { "type": "Polygon", "coordinates": [ [ [ -122.236566, 37.771731 ], [ -122.235862, 37.772645 ], [ -122.236318, 37.776643 ], [ -122.234554, 37.775428 ], [ -122.233452, 37.774957 ], [ -122.228015, 37.77314 ], [ -122.229243, 37.77014 ], [ -122.230205, 37.768977 ], [ -122.236488, 37.771696 ], [ -122.236566, 37.771731 ] ] ] } },
{ "type": "Feature", "properties": { "GEOID": "060014055002", "NAME": "2", "ALAND": 96237, "AWATER": 0, "centroid_lon": -122.2423206064263, "centroid_lat": 37.797342939423338 }, "geometry": { "type": "Polygon", "coordinates": [ [ [ -122.245002, 37.796765 ], [ -122.241291, 37.799393 ], [ -122.240474, 37.798669 ], [ -122.239635, 37.797933 ], [ -122.243346, 37.795289 ], [ -122.245002, 37.796765 ] ] ] } },
{ "type": "Feature", "properties": { "GEOID": "060014048002", "NAME": "2", "ALAND": 378243, "AWATER": 0, "centroid_lon": -122.21387350896913, "centroid_lat": 37.806634637165708 }, "geometry": { "type": "Polygon", "coordinates": [ [ [ -122.218248, 37.800859 ], [ -122.21582, 37.805392 ], [ -122.215177, 37.809854 ], [ -122.213383, 37.812182 ], [ -122.21091, 37.81061 ], [ -122.21206, 37.809955 ], [ -122.209615, 37.807805 ], [ -122.213651, 37.803583 ], [ -122.214848, 37.803708 ], [ -122.216221, 37.800294 ], [ -122.218248, 37.800859 ] ] ] } },
{ "type": "Feature", "properties": { "GEOID": "060014067001", "NAME": "1", "ALAND": 785419, "AWATER": 0, "centroid_lon": -122.19852842792481, "centroid_lat": 37.805428487401052 }, "geometry": { "type": "Polygon", "coordinates": [ [ [ -122.206073, 37.807279 ], [ -122.201658, 37.810169 ], [ -122.197791, 37.810589 ], [ -122.195357, 37.808705 ], [ -122.194059, 37.807423 ], [ -122.195038, 37.808233 ], [ -122.192556, 37.805123 ], [ -122.194499, 37.805509 ], [ -122.192665, 37.803075 ], [ -122.194085, 37.802956 ], [ -122.193382, 37.801326 ], [ -122.194663, 37.80177 ], [ -122.19677, 37.798152 ], [ -122.197644, 37.799397 ], [ -122.198397, 37.800064 ], [ -122.199676, 37.802503 ], [ -122.20081, 37.801465 ], [ -122.202668, 37.802743 ], [ -122.200609, 37.804724 ], [ -122.20376, 37.805825 ], [ -122.206073, 37.807279 ] ] ] } },
{ "type": "Feature", "properties": { "GEOID": "060014069003", "NAME": "3", "ALAND": 249712, "AWATER": 0, "centroid_lon": -122.19433709042691, "centroid_lat": 37.79036211005311 }, "geometry": { "type": "Polygon", "coordinates": [ [ [ -122.198304, 37.791118 ], [ -122.194306, 37.793458 ], [ -122.190123, 37.789692 ], [ -122.194846, 37.787285 ], [ -122.198304, 37.791118 ] ] ] } },
{ "type": "Feature", "properties": { "GEOID": "060014069002", "NAME": "2", "ALAND": 408799, "AWATER": 0, "centroid_lon": -122.18889910891322, "centroid_lat": 37.792850633538428 }, "geometry": { "type": "Polygon", "coordinates": [ [ [ -122.191623, 37.795028 ], [ -122.191543, 37.795091 ], [ -122.191046, 37.795698 ], [ -122.192472, 37.797505 ], [ -122.189573, 37.79501 ], [ -122.18569, 37.79589 ], [ -122.185836, 37.793375 ], [ -122.183759, 37.792074 ], [ -122.184278, 37.791537 ], [ -122.185984, 37.789802 ], [ -122.188276, 37.790636 ], [ -122.190123, 37.789692 ], [ -122.194306, 37.793458 ], [ -122.191623, 37.795028 ] ] ] } },
{ "type": "Feature", "properties": { "GEOID": "060014060002", "NAME": "2", "ALAND": 230538, "AWATER": 0, "centroid_lon": -122.25512167847967, "centroid_lat": 37.792865266679492 }, "geometry": { "type": "Polygon", "coordinates": [ [ [ -122.260806, 37.79528 ], [ -122.259577, 37.79632 ], [ -122.257484, 37.794503 ], [ -122.25415, 37.791562 ], [ -122.251356, 37.793563 ], [ -122.250515, 37.792834 ], [ -122.248014, 37.790626 ], [ -122.24897, 37.789945 ], [ -122.250636, 37.791427 ], [ -122.252225, 37.790279 ], [ -122.257033, 37.792537 ], [ -122.261327, 37.793807 ], [ -122.260806, 37.79528 ] ] ] } },
{ "type": "Feature", "properties": { "GEOID": "060014077002", "NAME": "2", "ALAND": 202977, "AWATER": 0, "centroid_lon": -122.19576039634913, "centroid_lat": 37.775479242774516 }, "geometry": { "type": "Polygon", "coordinates": [ [ [ -122.196568, 37.777805 ], [ -122.195596, 37.77824 ], [ -122.192105, 37.775247 ], [ -122.19592, 37.772639 ], [ -122.199324, 37.775641 ], [ -122.196568, 37.777805 ] ] ] } },
{ "type": "Feature", "properties": { "GEOID": "060014091002", "NAME": "2", "ALAND": 192170, "AWATER": 0, "centroid_lon": -122.18447963658872, "centroid_lat": 37.732400766056514 }, "geometry": { "type": "Polygon", "coordinates": [ [ [ -122.186815, 37.732855 ], [ -122.184816, 37.734289 ], [ -122.184187, 37.734824 ], [ -122.183825, 37.735389 ], [ -122.183593, 37.735921 ], [ -122.181883, 37.735317 ], [ -122.182762, 37.731812 ], [ -122.184245, 37.730745 ], [ -122.183428, 37.729823 ], [ -122.185182, 37.728832 ], [ -122.186944, 37.730915 ], [ -122.186815, 37.732855 ] ] ] } },
{ "type": "Feature", "properties": { "GEOID": "060014075003", "NAME": "3", "ALAND": 148683, "AWATER": 0, "centroid_lon": -122.19786820940759, "centroid_lat": 37.771306218071402 }, "geometry": { "type": "Polygon", "coordinates": [ [ [ -122.200805, 37.772661 ], [ -122.19592, 37.772639 ], [ -122.194398, 37.771202 ], [ -122.196541, 37.7697 ], [ -122.197234, 37.769207 ], [ -122.198781, 37.77059 ], [ -122.200809, 37.770067 ], [ -122.200805, 37.772661 ] ] ] } },
{ "type": "Feature", "properties": { "GEOID": "060014003002", "NAME": "2", "ALAND": 269288, "AWATER": 0, "centroid_lon": -122.25460142981821, "centroid_lat": 37.837702507476862 }, "geometry": { "type": "Polygon", "coordinates": [ [ [ -122.260486, 37.839515 ], [ -122.258074, 37.838292 ], [ -122.254342, 37.836556 ], [ -122.253969, 37.836945 ], [ -122.251412, 37.840126 ], [ -122.24813, 37.841392 ], [ -122.25081, 37.837135 ], [ -122.25241, 37.834543 ], [ -122.252852, 37.834865 ], [ -122.256509, 37.836335 ], [ -122.25764, 37.836637 ], [ -122.259516, 37.836935 ], [ -122.262361, 37.837314 ], [ -122.260486, 37.839515 ] ] ] } },
{ "type": "Feature", "properties": { "GEOID": "060014003003", "NAME": "3", "ALAND": 297444, "AWATER": 0, "centroid_lon": -122.25981522202535, "centroid_lat": 37.840378745803385 }, "geometry": { "type": "Polygon", "coordinates": [ [ [ -122.26534, 37.838461 ], [ -122.264589, 37.839565 ], [ -122.264383, 37.839774 ], [ -122.263437, 37.840561 ], [ -122.26186, 37.841353 ], [ -122.257923, 37.842606 ], [ -122.254366, 37.843773 ], [ -122.253913, 37.843396 ], [ -122.258074, 37.838292 ], [ -122.260486, 37.839515 ], [ -122.262361, 37.837314 ], [ -122.264169, 37.83787 ], [ -122.265631, 37.837636 ], [ -122.26534, 37.838461 ] ] ] } },
{ "type": "Feature", "properties": { "GEOID": "060014046001", "NAME": "1", "ALAND": 682604, "AWATER": 0, "centroid_lon": -122.19372238671359, "centroid_lat": 37.829938302488095 }, "geometry": { "type": "Polygon", "coordinates": [ [ [ -122.200846, 37.828584 ], [ -122.198928, 37.830244 ], [ -122.194015, 37.832052 ], [ -122.192109, 37.833914 ], [ -122.186974, 37.835419 ], [ -122.187665, 37.83621 ], [ -122.184526, 37.835916 ], [ -122.183818, 37.834353 ], [ -122.185647, 37.831726 ], [ -122.186418, 37.833567 ], [ -122.189337, 37.833401 ], [ -122.187986, 37.831877 ], [ -122.190956, 37.831101 ], [ -122.190746, 37.829593 ], [ -122.193443, 37.830141 ], [ -122.196688, 37.828849 ], [ -122.194211, 37.827439 ], [ -122.19395, 37.825912 ], [ -122.194978, 37.823709 ], [ -122.196967, 37.824038 ], [ -122.19981, 37.823165 ], [ -122.198877, 37.824333 ], [ -122.197084, 37.825109 ], [ -122.201129, 37.825863 ], [ -122.200846, 37.828584 ] ] ] } },
{ "type": "Feature", "properties": { "GEOID": "060014008003", "NAME": "3", "ALAND": 248203, "AWATER": 0, "centroid_lon": -122.28232369666448, "centroid_lat": 37.842733348987771 }, "geometry": { "type": "Polygon", "coordinates": [ [ [ -122.286714, 37.843345 ], [ -122.284259, 37.844019 ], [ -122.277186, 37.844823 ], [ -122.27701, 37.84359 ], [ -122.277026, 37.843394 ], [ -122.283135, 37.84082 ], [ -122.285576, 37.839778 ], [ -122.286714, 37.843345 ] ] ] } },
{ "type": "Feature", "properties": { "GEOID": "060014072004", "NAME": "4", "ALAND": 219709, "AWATER": 0, "centroid_lon": -122.22253666684755, "centroid_lat": 37.778432644759278 }, "geometry": { "type": "Polygon", "coordinates": [ [ [ -122.224719, 37.779772 ], [ -122.2239, 37.781409 ], [ -122.220069, 37.780735 ], [ -122.221517, 37.778367 ], [ -122.219928, 37.777706 ], [ -122.219212, 37.777379 ], [ -122.220855, 37.77526 ], [ -122.225803, 37.777643 ], [ -122.224719, 37.779772 ] ] ] } },
{ "type": "Feature", "properties": { "GEOID": "060014005001", "NAME": "1", "ALAND": 362724, "AWATER": 0, "centroid_lon": -122.26320115286966, "centroid_lat": 37.848896970510118 }, "geometry": { "type": "Polygon", "coordinates": [ [ [ -122.266128, 37.852009 ], [ -122.26225, 37.852696 ], [ -122.261829, 37.85258 ], [ -122.260223, 37.852793 ], [ -122.261019, 37.847233 ], [ -122.261296, 37.845027 ], [ -122.265041, 37.844541 ], [ -122.26514, 37.84453 ], [ -122.265302, 37.845872 ], [ -122.265698, 37.848763 ], [ -122.266128, 37.852009 ] ] ] } },
{ "type": "Feature", "properties": { "GEOID": "060014097003", "NAME": "3", "ALAND": 173482, "AWATER": 0, "centroid_lon": -122.16570268794834, "centroid_lat": 37.755177353156512 }, "geometry": { "type": "Polygon", "coordinates": [ [ [ -122.169531, 37.755422 ], [ -122.165921, 37.757115 ], [ -122.165368, 37.75569 ], [ -122.161979, 37.757225 ], [ -122.161409, 37.755639 ], [ -122.167571, 37.752785 ], [ -122.169531, 37.755422 ] ] ] } },
{ "type": "Feature", "properties": { "GEOID": "060014050001", "NAME": "1", "ALAND": 160445, "AWATER": 0, "centroid_lon": -122.21918892370613, "centroid_lat": 37.810430261556121 }, "geometry": { "type": "Polygon", "coordinates": [ [ [ -122.22239, 37.809081 ], [ -122.221229, 37.809659 ], [ -122.219482, 37.809501 ], [ -122.220724, 37.810764 ], [ -122.220058, 37.811597 ], [ -122.22063, 37.812344 ], [ -122.219757, 37.813005 ], [ -122.215582, 37.811513 ], [ -122.215879, 37.811132 ], [ -122.217092, 37.810192 ], [ -122.21762, 37.809588 ], [ -122.218192, 37.809146 ], [ -122.22174, 37.807758 ], [ -122.222834, 37.808371 ], [ -122.22239, 37.809081 ] ] ] } },
{ "type": "Feature", "properties": { "GEOID": "060014043001", "NAME": "1", "ALAND": 981131, "AWATER": 37495, "centroid_lon": -122.23503048628731, "centroid_lat": 37.847780599023686 }, "geometry": { "type": "Polygon", "coordinates": [ [ [ -122.244188, 37.847913 ], [ -122.243716, 37.848513 ], [ -122.243323, 37.849072 ], [ -122.244044, 37.850257 ], [ -122.242427, 37.850833 ], [ -122.241914, 37.851909 ], [ -122.234191, 37.852544 ], [ -122.233092, 37.851656 ], [ -122.230346, 37.848892 ], [ -122.228003, 37.848244 ], [ -122.227559, 37.845474 ], [ -122.224827, 37.841683 ], [ -122.227242, 37.842927 ], [ -122.231442, 37.842733 ], [ -122.23188, 37.842973 ], [ -122.232611, 37.843018 ], [ -122.233277, 37.843085 ], [ -122.233773, 37.843422 ], [ -122.233522, 37.845133 ], [ -122.235704, 37.84498 ], [ -122.241753, 37.847482 ], [ -122.245396, 37.845798 ], [ -122.244188, 37.847913 ] ] ] } },
{ "type": "Feature", "properties": { "GEOID": "060014004003", "NAME": "3", "ALAND": 201095, "AWATER": 0, "centroid_lon": -122.25876736345747, "centroid_lat": 37.850102744471421 }, "geometry": { "type": "Polygon", "coordinates": [ [ [ -122.260223, 37.852793 ], [ -122.258367, 37.853196 ], [ -122.257251, 37.853176 ], [ -122.256578, 37.847773 ], [ -122.257213, 37.847712 ], [ -122.261019, 37.847233 ], [ -122.260223, 37.852793 ] ] ] } },
{ "type": "Feature", "properties": { "GEOID": "060014001001", "NAME": "1", "ALAND": 5739048, "AWATER": 0, "centroid_lon": -122.23366843125146, "centroid_lat": 37.869867203876566 }, "geometry": { "type": "Polygon", "coordinates": [ [ [ -122.24691, 37.885355 ], [ -122.241971, 37.881927 ], [ -122.238679, 37.883325 ], [ -122.22884, 37.881023 ], [ -122.225876, 37.87962 ], [ -122.22362, 37.878566 ], [ -122.221414, 37.87564 ], [ -122.219804, 37.873495 ], [ -122.21764, 37.87225 ], [ -122.216372, 37.869075 ], [ -122.217784, 37.868356 ], [ -122.21942, 37.868049 ], [ -122.221491, 37.866257 ], [ -122.222732, 37.86643 ], [ -122.221996, 37.864169 ], [ -122.223233, 37.863917 ], [ -122.223914, 37.862089 ], [ -122.222879, 37.860626 ], [ -122.229165, 37.856709 ], [ -122.230266, 37.855752 ], [ -122.234305, 37.853607 ], [ -122.234761, 37.85779 ], [ -122.241614, 37.857066 ], [ -122.242347, 37.85761 ], [ -122.244505, 37.859129 ], [ -122.244065, 37.860776 ], [ -122.244235, 37.861066 ], [ -122.244274, 37.861427 ], [ -122.244166, 37.861497 ], [ -122.245525, 37.864036 ], [ -122.244733, 37.865788 ], [ -122.245338, 37.865986 ], [ -122.244603, 37.8674 ], [ -122.245156, 37.869737 ], [ -122.246439, 37.881203 ], [ -122.246827, 37.884073 ], [ -122.24691, 37.885355 ] ] ] } },
{ "type": "Feature", "properties": { "GEOID": "060014046002", "NAME": "2", "ALAND": 371879, "AWATER": 0, "centroid_lon": -122.19000634324901, "centroid_lat": 37.829463011183655 }, "geometry": { "type": "Polygon", "coordinates": [ [ [ -122.196688, 37.828849 ], [ -122.193443, 37.830141 ], [ -122.190746, 37.829593 ], [ -122.190956, 37.831101 ], [ -122.187986, 37.831877 ], [ -122.189337, 37.833401 ], [ -122.186418, 37.833567 ], [ -122.185647, 37.831726 ], [ -122.185843, 37.831192 ], [ -122.187024, 37.827537 ], [ -122.186183, 37.826153 ], [ -122.187584, 37.827162 ], [ -122.192976, 37.826951 ], [ -122.19395, 37.825912 ], [ -122.194211, 37.827439 ], [ -122.196688, 37.828849 ] ] ] } },
{ "type": "Feature", "properties": { "GEOID": "060014008001", "NAME": "1", "ALAND": 257762, "AWATER": 0, "centroid_lon": -122.28491408332091, "centroid_lat": 37.848042278933214 }, "geometry": { "type": "Polygon", "coordinates": [ [ [ -122.288739, 37.849991 ], [ -122.286247, 37.850505 ], [ -122.286006, 37.850173 ], [ -122.283459, 37.850307 ], [ -122.281863, 37.847776 ], [ -122.281899, 37.846975 ], [ -122.278944, 37.847367 ], [ -122.277841, 37.847515 ], [ -122.277766, 37.847525 ], [ -122.277548, 37.847038 ], [ -122.284814, 37.846035 ], [ -122.287499, 37.845772 ], [ -122.287866, 37.846907 ], [ -122.288537, 37.848366 ], [ -122.288739, 37.849991 ] ] ] } },
{ "type": "Feature", "properties": { "GEOID": "060014101001", "NAME": "1", "ALAND": 328700, "AWATER": 0, "centroid_lon": -122.1560841298658, "centroid_lat": 37.750565334990114 }, "geometry": { "type": "Polygon", "coordinates": [ [ [ -122.1604, 37.752903 ], [ -122.157388, 37.753833 ], [ -122.154381, 37.751643 ], [ -122.153547, 37.75241 ], [ -122.153263, 37.752185 ], [ -122.152534, 37.751448 ], [ -122.151409, 37.748923 ], [ -122.157234, 37.747374 ], [ -122.159831, 37.751335 ], [ -122.1604, 37.752903 ] ] ] } },
{ "type": "Feature", "properties": { "GEOID": "060014043002", "NAME": "2", "ALAND": 343631, "AWATER": 0, "centroid_lon": -122.2411512985844, "centroid_lat": 37.844675118062092 }, "geometry": { "type": "Polygon", "coordinates": [ [ [ -122.245396, 37.845798 ], [ -122.241753, 37.847482 ], [ -122.235704, 37.84498 ], [ -122.233522, 37.845133 ], [ -122.233773, 37.843422 ], [ -122.234226, 37.843545 ], [ -122.234528, 37.843993 ], [ -122.236674, 37.84283 ], [ -122.239646, 37.844107 ], [ -122.242601, 37.843545 ], [ -122.24813, 37.841392 ], [ -122.245396, 37.845798 ] ] ] } },
{ "type": "Feature", "properties": { "GEOID": "060014002002", "NAME": "2", "ALAND": 298490, "AWATER": 0, "centroid_lon": -122.25031542642877, "centroid_lat": 37.846613744299241 }, "geometry": { "type": "Polygon", "coordinates": [ [ [ -122.257418, 37.843096 ], [ -122.256205, 37.844686 ], [ -122.255084, 37.846069 ], [ -122.244044, 37.850257 ], [ -122.243323, 37.849072 ], [ -122.243716, 37.848513 ], [ -122.247313, 37.846563 ], [ -122.251857, 37.844746 ], [ -122.254366, 37.843773 ], [ -122.257923, 37.842606 ], [ -122.257418, 37.843096 ] ] ] } },
{ "type": "Feature", "properties": { "GEOID": "060014056001", "NAME": "1", "ALAND": 119879, "AWATER": 0, "centroid_lon": -122.23442155258668, "centroid_lat": 37.802457312900628 }, "geometry": { "type": "Polygon", "coordinates": [ [ [ -122.238061, 37.802467 ], [ -122.237222, 37.803121 ], [ -122.234866, 37.803376 ], [ -122.233397, 37.804375 ], [ -122.23117, 37.802605 ], [ -122.233791, 37.800539 ], [ -122.23627, 37.802051 ], [ -122.238268, 37.801557 ], [ -122.238061, 37.802467 ] ] ] } },
{ "type": "Feature", "properties": { "GEOID": "060014057002", "NAME": "2", "ALAND": 141511, "AWATER": 0, "centroid_lon": -122.22735682596253, "centroid_lat": 37.796202899856141 }, "geometry": { "type": "Polygon", "coordinates": [ [ [ -122.229817, 37.794708 ], [ -122.227698, 37.796952 ], [ -122.2294, 37.798915 ], [ -122.224985, 37.798117 ], [ -122.225399, 37.7976 ], [ -122.226685, 37.793545 ], [ -122.22841, 37.793872 ], [ -122.229817, 37.794708 ] ] ] } },
{ "type": "Feature", "properties": { "GEOID": "060014049003", "NAME": "3", "ALAND": 227608, "AWATER": 0, "centroid_lon": -122.22537025267931, "centroid_lat": 37.801831246595249 }, "geometry": { "type": "Polygon", "coordinates": [ [ [ -122.230803, 37.802906 ], [ -122.228292, 37.802089 ], [ -122.227456, 37.80387 ], [ -122.220938, 37.802757 ], [ -122.222842, 37.800492 ], [ -122.220981, 37.799362 ], [ -122.22417, 37.799977 ], [ -122.228499, 37.80097 ], [ -122.23117, 37.802605 ], [ -122.230803, 37.802906 ] ] ] } },
{ "type": "Feature", "properties": { "GEOID": "060014062011", "NAME": "1", "ALAND": 134976, "AWATER": 0, "centroid_lon": -122.22880495885617, "centroid_lat": 37.786936125899537 }, "geometry": { "type": "Polygon", "coordinates": [ [ [ -122.23196, 37.788044 ], [ -122.230914, 37.789441 ], [ -122.228901, 37.788213 ], [ -122.225307, 37.786098 ], [ -122.226792, 37.784511 ], [ -122.227537, 37.78495 ], [ -122.228972, 37.785769 ], [ -122.232013, 37.78758 ], [ -122.23196, 37.788044 ] ] ] } },
{ "type": "Feature", "properties": { "GEOID": "060014062021", "NAME": "1", "ALAND": 63499, "AWATER": 0, "centroid_lon": -122.22785193922118, "centroid_lat": 37.783262730276057 }, "geometry": { "type": "Polygon", "coordinates": [ [ [ -122.229935, 37.782402 ], [ -122.227537, 37.78495 ], [ -122.226792, 37.784511 ], [ -122.225515, 37.784371 ], [ -122.228392, 37.781488 ], [ -122.229935, 37.782402 ] ] ] } },
{ "type": "Feature", "properties": { "GEOID": "060014076003", "NAME": "3", "ALAND": 205398, "AWATER": 0, "centroid_lon": -122.20063236197493, "centroid_lat": 37.774581166905527 }, "geometry": { "type": "Polygon", "coordinates": [ [ [ -122.204277, 37.778284 ], [ -122.202487, 37.77669 ], [ -122.201116, 37.777237 ], [ -122.199324, 37.775641 ], [ -122.19592, 37.772639 ], [ -122.200805, 37.772661 ], [ -122.202978, 37.772675 ], [ -122.202974, 37.775109 ], [ -122.204277, 37.778284 ] ] ] } },
{ "type": "Feature", "properties": { "GEOID": "060014070005", "NAME": "5", "ALAND": 168021, "AWATER": 0, "centroid_lon": -122.20325972837088, "centroid_lat": 37.789454331784498 }, "geometry": { "type": "Polygon", "coordinates": [ [ [ -122.204783, 37.791252 ], [ -122.203203, 37.792197 ], [ -122.201303, 37.790168 ], [ -122.200368, 37.789337 ], [ -122.20043, 37.787586 ], [ -122.203847, 37.787269 ], [ -122.2068, 37.790069 ], [ -122.204783, 37.791252 ] ] ] } },
{ "type": "Feature", "properties": { "GEOID": "060014073002", "NAME": "2", "ALAND": 1769577, "AWATER": 209253, "centroid_lon": -122.21460952380015, "centroid_lat": 37.76287510453772 }, "geometry": { "type": "Polygon", "coordinates": [ [ [ -122.224904, 37.764563 ], [ -122.223756, 37.765579 ], [ -122.21714, 37.770585 ], [ -122.214794, 37.772376 ], [ -122.210778, 37.770479 ], [ -122.207008, 37.768703 ], [ -122.210886, 37.765304 ], [ -122.209678, 37.764289 ], [ -122.210837, 37.763362 ], [ -122.202509, 37.756077 ], [ -122.201102, 37.754884 ], [ -122.205176, 37.754231 ], [ -122.207537, 37.753148 ], [ -122.214852, 37.761468 ], [ -122.218112, 37.759656 ], [ -122.223481, 37.754702 ], [ -122.223647, 37.756926 ], [ -122.224213, 37.762813 ], [ -122.224904, 37.764563 ] ] ] } },
{ "type": "Feature", "properties": { "GEOID": "060014085004", "NAME": "4", "ALAND": 110350, "AWATER": 0, "centroid_lon": -122.18070979525079, "centroid_lat": 37.758968733098122 }, "geometry": { "type": "Polygon", "coordinates": [ [ [ -122.184368, 37.757975 ], [ -122.180613, 37.76031 ], [ -122.178752, 37.760556 ], [ -122.178228, 37.760872 ], [ -122.177263, 37.759575 ], [ -122.182446, 37.757065 ], [ -122.18268, 37.757174 ], [ -122.184368, 37.757975 ] ] ] } },
{ "type": "Feature", "properties": { "GEOID": "060014025001", "NAME": "1", "ALAND": 263581, "AWATER": 0, "centroid_lon": -122.28444473634059, "centroid_lat": 37.806647928322612 }, "geometry": { "type": "Polygon", "coordinates": [ [ [ -122.286208, 37.809606 ], [ -122.281485, 37.808568 ], [ -122.280965, 37.808301 ], [ -122.28274, 37.803675 ], [ -122.287923, 37.804853 ], [ -122.286208, 37.809606 ] ] ] } },
{ "type": "Feature", "properties": { "GEOID": "060014103003", "NAME": "3", "ALAND": 199382, "AWATER": 0, "centroid_lon": -122.16913502802285, "centroid_lat": 37.745616437288128 }, "geometry": { "type": "Polygon", "coordinates": [ [ [ -122.172521, 37.747223 ], [ -122.170375, 37.748217 ], [ -122.169303, 37.748714 ], [ -122.165619, 37.743715 ], [ -122.169212, 37.742763 ], [ -122.170489, 37.744471 ], [ -122.172521, 37.747223 ] ] ] } },
{ "type": "Feature", "properties": { "GEOID": "060014104003", "NAME": "3", "ALAND": 365434, "AWATER": 0, "centroid_lon": -122.16457077028201, "centroid_lat": 37.740399350840335 }, "geometry": { "type": "Polygon", "coordinates": [ [ [ -122.169212, 37.742763 ], [ -122.165619, 37.743715 ], [ -122.163205, 37.744343 ], [ -122.161847, 37.740852 ], [ -122.162726, 37.740646 ], [ -122.160502, 37.737607 ], [ -122.16416, 37.73594 ], [ -122.165472, 37.737689 ], [ -122.167519, 37.740468 ], [ -122.169212, 37.742763 ] ] ] } },
{ "type": "Feature", "properties": { "GEOID": "060014104001", "NAME": "1", "ALAND": 153096, "AWATER": 0, "centroid_lon": -122.16044421780053, "centroid_lat": 37.743034265682056 }, "geometry": { "type": "Polygon", "coordinates": [ [ [ -122.163205, 37.744343 ], [ -122.160431, 37.745069 ], [ -122.159506, 37.745049 ], [ -122.156962, 37.741506 ], [ -122.15814, 37.741871 ], [ -122.161847, 37.740852 ], [ -122.163205, 37.744343 ] ] ] } },
{ "type": "Feature", "properties": { "GEOID": "060014052004", "NAME": "4", "ALAND": 164154, "AWATER": 0, "centroid_lon": -122.24720462887359, "centroid_lat": 37.807595267899245 }, "geometry": { "type": "Polygon", "coordinates": [ [ [ -122.250597, 37.805237 ], [ -122.249148, 37.808391 ], [ -122.246702, 37.809703 ], [ -122.246504, 37.809841 ], [ -122.241982, 37.808552 ], [ -122.241976, 37.807526 ], [ -122.242734, 37.808057 ], [ -122.244887, 37.808781 ], [ -122.246612, 37.806664 ], [ -122.249318, 37.804823 ], [ -122.250597, 37.805237 ] ] ] } },
{ "type": "Feature", "properties": { "GEOID": "060014042003", "NAME": "3", "ALAND": 1887483, "AWATER": 0, "centroid_lon": -122.2373651992783, "centroid_lat": 37.834928785354684 }, "geometry": { "type": "Polygon", "coordinates": [ [ [ -122.25081, 37.837135 ], [ -122.249351, 37.837189 ], [ -122.239456, 37.840897 ], [ -122.237969, 37.840912 ], [ -122.234976, 37.839169 ], [ -122.23182, 37.836447 ], [ -122.229586, 37.83543 ], [ -122.228041, 37.835814 ], [ -122.224665, 37.834343 ], [ -122.222781, 37.835887 ], [ -122.223608, 37.83695 ], [ -122.222405, 37.83682 ], [ -122.220419, 37.835637 ], [ -122.218516, 37.832939 ], [ -122.221884, 37.832504 ], [ -122.224456, 37.830256 ], [ -122.225156, 37.831085 ], [ -122.225391, 37.831283 ], [ -122.227516, 37.832698 ], [ -122.227353, 37.832391 ], [ -122.229148, 37.833144 ], [ -122.232494, 37.831686 ], [ -122.237048, 37.830823 ], [ -122.241087, 37.830439 ], [ -122.243288, 37.830063 ], [ -122.246698, 37.833273 ], [ -122.248742, 37.831714 ], [ -122.250523, 37.833668 ], [ -122.25241, 37.834543 ], [ -122.25081, 37.837135 ] ] ] } },
{ "type": "Feature", "properties": { "GEOID": "060014039002", "NAME": "2", "ALAND": 127587, "AWATER": 0, "centroid_lon": -122.24741731704985, "centroid_lat": 37.816449068295498 }, "geometry": { "type": "Polygon", "coordinates": [ [ [ -122.248719, 37.818343 ], [ -122.247911, 37.817736 ], [ -122.245077, 37.818002 ], [ -122.246324, 37.814303 ], [ -122.246643, 37.813776 ], [ -122.250154, 37.81707 ], [ -122.248719, 37.818343 ] ] ] } },
{ "type": "Feature", "properties": { "GEOID": "060014047001", "NAME": "1", "ALAND": 592055, "AWATER": 0, "centroid_lon": -122.20910789998467, "centroid_lat": 37.814589681638289 }, "geometry": { "type": "Polygon", "coordinates": [ [ [ -122.214183, 37.813047 ], [ -122.213204, 37.814506 ], [ -122.213091, 37.814657 ], [ -122.212968, 37.814913 ], [ -122.212906, 37.815168 ], [ -122.212826, 37.815812 ], [ -122.212751, 37.816127 ], [ -122.212469, 37.816722 ], [ -122.210178, 37.818613 ], [ -122.208835, 37.819555 ], [ -122.207288, 37.821554 ], [ -122.202201, 37.815205 ], [ -122.204236, 37.815431 ], [ -122.2062, 37.816963 ], [ -122.2078, 37.816931 ], [ -122.210334, 37.815469 ], [ -122.207969, 37.813273 ], [ -122.206116, 37.810894 ], [ -122.209615, 37.807805 ], [ -122.21206, 37.809955 ], [ -122.21091, 37.81061 ], [ -122.213383, 37.812182 ], [ -122.214677, 37.812688 ], [ -122.214183, 37.813047 ] ] ] } },
{ "type": "Feature", "properties": { "GEOID": "060014033021", "NAME": "1", "ALAND": 60151, "AWATER": 0, "centroid_lon": -122.2687613473819, "centroid_lat": 37.795022269399212 }, "geometry": { "type": "Polygon", "coordinates": [ [ [ -122.27014, 37.796524 ], [ -122.266615, 37.795117 ], [ -122.267604, 37.793525 ], [ -122.269979, 37.794437 ], [ -122.270752, 37.795573 ], [ -122.27014, 37.796524 ] ] ] } },
{ "type": "Feature", "properties": { "GEOID": "060014044004", "NAME": "4", "ALAND": 192780, "AWATER": 0, "centroid_lon": -122.22014837466067, "centroid_lat": 37.856719080677493 }, "geometry": { "type": "Polygon", "coordinates": [ [ [ -122.223288, 37.855086 ], [ -122.221609, 37.855291 ], [ -122.222621, 37.857711 ], [ -122.222103, 37.858796 ], [ -122.221407, 37.859064 ], [ -122.22108, 37.860114 ], [ -122.219371, 37.859413 ], [ -122.219349, 37.857728 ], [ -122.21784, 37.85726 ], [ -122.217893, 37.856628 ], [ -122.216815, 37.856638 ], [ -122.21654, 37.856019 ], [ -122.215561, 37.856181 ], [ -122.216707, 37.855408 ], [ -122.218889, 37.854762 ], [ -122.21924, 37.855084 ], [ -122.2201, 37.855002 ], [ -122.22159, 37.854446 ], [ -122.222724, 37.85358 ], [ -122.223288, 37.855086 ] ] ] } },
{ "type": "Feature", "properties": { "GEOID": "060014001002", "NAME": "2", "ALAND": 1206808, "AWATER": 0, "centroid_lon": -122.22356895441295, "centroid_lat": 37.857205974309835 }, "geometry": { "type": "Polygon", "coordinates": [ [ [ -122.234305, 37.853607 ], [ -122.230266, 37.855752 ], [ -122.229165, 37.856709 ], [ -122.222879, 37.860626 ], [ -122.223914, 37.862089 ], [ -122.223233, 37.863917 ], [ -122.221996, 37.864169 ], [ -122.222732, 37.86643 ], [ -122.221491, 37.866257 ], [ -122.21942, 37.868049 ], [ -122.217784, 37.868356 ], [ -122.219791, 37.867332 ], [ -122.221418, 37.865468 ], [ -122.219826, 37.864771 ], [ -122.212923, 37.857784 ], [ -122.212889, 37.857607 ], [ -122.21238, 37.857234 ], [ -122.213615, 37.855987 ], [ -122.215561, 37.856181 ], [ -122.21654, 37.856019 ], [ -122.216815, 37.856638 ], [ -122.217893, 37.856628 ], [ -122.21784, 37.85726 ], [ -122.219349, 37.857728 ], [ -122.219371, 37.859413 ], [ -122.22108, 37.860114 ], [ -122.221407, 37.859064 ], [ -122.222103, 37.858796 ], [ -122.222621, 37.857711 ], [ -122.221609, 37.855291 ], [ -122.223288, 37.855086 ], [ -122.22354, 37.854923 ], [ -122.22424, 37.850933 ], [ -122.226748, 37.849962 ], [ -122.233092, 37.851656 ], [ -122.234191, 37.852544 ], [ -122.234305, 37.853607 ] ] ] } },
{ "type": "Feature", "properties": { "GEOID": "060014041013", "NAME": "3", "ALAND": 103788, "AWATER": 0, "centroid_lon": -122.25283741186067, "centroid_lat": 37.831959010644958 }, "geometry": { "type": "Polygon", "coordinates": [ [ [ -122.2553, 37.829908 ], [ -122.255093, 37.83024 ], [ -122.254455, 37.831252 ], [ -122.253229, 37.833194 ], [ -122.25241, 37.834543 ], [ -122.250523, 37.833668 ], [ -122.251318, 37.832232 ], [ -122.252055, 37.831208 ], [ -122.253411, 37.829565 ], [ -122.255201, 37.829867 ], [ -122.2553, 37.829908 ] ] ] } },
{ "type": "Feature", "properties": { "GEOID": "060014033012", "NAME": "2", "ALAND": 107502, "AWATER": 0, "centroid_lon": -122.26760184847161, "centroid_lat": 37.797064619198871 }, "geometry": { "type": "Polygon", "coordinates": [ [ [ -122.268596, 37.799002 ], [ -122.265066, 37.797622 ], [ -122.266615, 37.795117 ], [ -122.27014, 37.796524 ], [ -122.268596, 37.799002 ] ] ] } },
{ "type": "Feature", "properties": { "GEOID": "060014036001", "NAME": "1", "ALAND": 60274, "AWATER": 0, "centroid_lon": -122.2533462801542, "centroid_lat": 37.8115051979808 }, "geometry": { "type": "Polygon", "coordinates": [ [ [ -122.255162, 37.811604 ], [ -122.2525, 37.813117 ], [ -122.251462, 37.810841 ], [ -122.252558, 37.81058 ], [ -122.253026, 37.810491 ], [ -122.255389, 37.810661 ], [ -122.255162, 37.811604 ] ] ] } },
{ "type": "Feature", "properties": { "GEOID": "060014028011", "NAME": "1", "ALAND": 210548, "AWATER": 0, "centroid_lon": -122.27044452436833, "centroid_lat": 37.809270145836756 }, "geometry": { "type": "Polygon", "coordinates": [ [ [ -122.274122, 37.812829 ], [ -122.273394, 37.812723 ], [ -122.269058, 37.811959 ], [ -122.266771, 37.811553 ], [ -122.271274, 37.804361 ], [ -122.272805, 37.80878 ], [ -122.273002, 37.809455 ], [ -122.269812, 37.808978 ], [ -122.269487, 37.810326 ], [ -122.269293, 37.81105 ], [ -122.272751, 37.811637 ], [ -122.272973, 37.811774 ], [ -122.273513, 37.811509 ], [ -122.273662, 37.811471 ], [ -122.274122, 37.812829 ] ] ] } },
{ "type": "Feature", "properties": { "GEOID": "060019832001", "NAME": "1", "ALAND": 321907, "AWATER": 127401, "centroid_lon": -122.27868989223259, "centroid_lat": 37.795882546573047 }, "geometry": { "type": "Polygon", "coordinates": [ [ [ -122.283739, 37.794803 ], [ -122.282207, 37.796267 ], [ -122.279687, 37.800256 ], [ -122.279564, 37.800449 ], [ -122.278536, 37.799654 ], [ -122.275061, 37.798321 ], [ -122.274935, 37.798276 ], [ -122.275899, 37.796749 ], [ -122.273749, 37.795916 ], [ -122.276005, 37.792175 ], [ -122.278243, 37.793129 ], [ -122.284396, 37.793597 ], [ -122.283739, 37.794803 ] ] ] } },
{ "type": "Feature", "properties": { "GEOID": "060014041011", "NAME": "1", "ALAND": 304257, "AWATER": 0, "centroid_lon": -122.24750763337104, "centroid_lat": 37.830196028150489 }, "geometry": { "type": "Polygon", "coordinates": [ [ [ -122.251318, 37.832232 ], [ -122.250523, 37.833668 ], [ -122.248742, 37.831714 ], [ -122.246698, 37.833273 ], [ -122.243288, 37.830063 ], [ -122.243358, 37.829833 ], [ -122.245476, 37.827538 ], [ -122.24768, 37.826241 ], [ -122.247605, 37.826763 ], [ -122.249353, 37.828701 ], [ -122.249117, 37.828983 ], [ -122.252055, 37.831208 ], [ -122.251318, 37.832232 ] ] ] } },
{ "type": "Feature", "properties": { "GEOID": "060014054011", "NAME": "1", "ALAND": 120531, "AWATER": 0, "centroid_lon": -122.2480823555091, "centroid_lat": 37.798045969110397 }, "geometry": { "type": "Polygon", "coordinates": [ [ [ -122.250539, 37.800137 ], [ -122.248984, 37.800323 ], [ -122.24665, 37.79828 ], [ -122.245002, 37.796765 ], [ -122.246824, 37.795476 ], [ -122.250162, 37.798427 ], [ -122.251017, 37.79918 ], [ -122.250539, 37.800137 ] ] ] } },
{ "type": "Feature", "properties": { "GEOID": "060014066013", "NAME": "3", "ALAND": 238509, "AWATER": 0, "centroid_lon": -122.20822665463338, "centroid_lat": 37.795965976047711 }, "geometry": { "type": "Polygon", "coordinates": [ [ [ -122.21253, 37.794736 ], [ -122.208794, 37.798478 ], [ -122.208027, 37.7986 ], [ -122.203371, 37.796096 ], [ -122.205208, 37.7947 ], [ -122.206574, 37.795807 ], [ -122.207648, 37.794724 ], [ -122.209145, 37.793249 ], [ -122.21253, 37.794736 ] ] ] } },
{ "type": "Feature", "properties": { "GEOID": "060014071023", "NAME": "3", "ALAND": 127712, "AWATER": 0, "centroid_lon": -122.21299643264217, "centroid_lat": 37.780529476764592 }, "geometry": { "type": "Polygon", "coordinates": [ [ [ -122.216665, 37.779038 ], [ -122.212927, 37.781652 ], [ -122.210697, 37.783221 ], [ -122.209332, 37.78199 ], [ -122.215354, 37.777833 ], [ -122.216665, 37.779038 ] ] ] } },
{ "type": "Feature", "properties": { "GEOID": "060014054021", "NAME": "1", "ALAND": 191089, "AWATER": 0, "centroid_lon": -122.2470107739198, "centroid_lat": 37.792686969331903 }, "geometry": { "type": "Polygon", "coordinates": [ [ [ -122.248697, 37.794132 ], [ -122.246824, 37.795476 ], [ -122.243512, 37.792528 ], [ -122.247175, 37.789913 ], [ -122.248014, 37.790626 ], [ -122.250515, 37.792834 ], [ -122.248697, 37.794132 ] ] ] } },
{ "type": "Feature", "properties": { "GEOID": "060014037011", "NAME": "1", "ALAND": 79098, "AWATER": 0, "centroid_lon": -122.25975719665142, "centroid_lat": 37.812004196832028 }, "geometry": { "type": "Polygon", "coordinates": [ [ [ -122.261495, 37.813034 ], [ -122.260867, 37.812406 ], [ -122.258893, 37.813547 ], [ -122.257052, 37.812522 ], [ -122.256414, 37.81092 ], [ -122.258439, 37.8124 ], [ -122.260213, 37.810523 ], [ -122.260591, 37.810676 ], [ -122.262463, 37.810945 ], [ -122.261495, 37.813034 ] ] ] } },
{ "type": "Feature", "properties": { "GEOID": "060014053012", "NAME": "2", "ALAND": 76331, "AWATER": 0, "centroid_lon": -122.25281169772387, "centroid_lat": 37.801059557427585 }, "geometry": { "type": "Polygon", "coordinates": [ [ [ -122.254468, 37.801838 ], [ -122.254073, 37.802521 ], [ -122.252196, 37.802683 ], [ -122.252019, 37.800865 ], [ -122.250539, 37.800137 ], [ -122.251017, 37.79918 ], [ -122.251935, 37.799731 ], [ -122.254505, 37.800561 ], [ -122.254468, 37.801838 ] ] ] } },
{ "type": "Feature", "properties": { "GEOID": "060014063003", "NAME": "3", "ALAND": 122873, "AWATER": 0, "centroid_lon": -122.22538643571839, "centroid_lat": 37.790739059169013 }, "geometry": { "type": "Polygon", "coordinates": [ [ [ -122.228071, 37.78999 ], [ -122.225428, 37.793037 ], [ -122.222667, 37.791538 ], [ -122.225411, 37.788404 ], [ -122.226477, 37.789035 ], [ -122.228071, 37.78999 ] ] ] } },
{ "type": "Feature", "properties": { "GEOID": "060014081001", "NAME": "1", "ALAND": 3492632, "AWATER": 0, "centroid_lon": -122.15738344733022, "centroid_lat": 37.79208623134928 }, "geometry": { "type": "Polygon", "coordinates": [ [ [ -122.173601, 37.797163 ], [ -122.170754, 37.796512 ], [ -122.170615, 37.800138 ], [ -122.168388, 37.799128 ], [ -122.168411, 37.80094 ], [ -122.170519, 37.802686 ], [ -122.170248, 37.804699 ], [ -122.167528, 37.805789 ], [ -122.164805, 37.804651 ], [ -122.164802, 37.804473 ], [ -122.164146, 37.802929 ], [ -122.161632, 37.801443 ], [ -122.161732, 37.80115 ], [ -122.162292, 37.800904 ], [ -122.162322, 37.800022 ], [ -122.159697, 37.800057 ], [ -122.15842, 37.798024 ], [ -122.15667, 37.796478 ], [ -122.152262, 37.796471 ], [ -122.152244, 37.79306 ], [ -122.143317, 37.793017 ], [ -122.143244, 37.790349 ], [ -122.141799, 37.789751 ], [ -122.143706, 37.787393 ], [ -122.134337, 37.778283 ], [ -122.133676, 37.777527 ], [ -122.134654, 37.776978 ], [ -122.141806, 37.781663 ], [ -122.142502, 37.785282 ], [ -122.14452, 37.784981 ], [ -122.146613, 37.786069 ], [ -122.14636, 37.785001 ], [ -122.148763, 37.783523 ], [ -122.150916, 37.784462 ], [ -122.153697, 37.783896 ], [ -122.157819, 37.784996 ], [ -122.163663, 37.787714 ], [ -122.165665, 37.787451 ], [ -122.168141, 37.788577 ], [ -122.16774, 37.791988 ], [ -122.171054, 37.794897 ], [ -122.175818, 37.794814 ], [ -122.173601, 37.797163 ] ] ] } },
{ "type": "Feature", "properties": { "GEOID": "060014090002", "NAME": "2", "ALAND": 10651418, "AWATER": 2640996, "centroid_lon": -122.21895512931336, "centroid_lat": 37.721162083058402 }, "geometry": { "type": "Polygon", "coordinates": [ [ [ -122.248369, 37.727772 ], [ -122.248487328517001, 37.7278947076043 ], [ -122.247912, 37.728375 ], [ -122.245039, 37.725798 ], [ -122.236181, 37.719851 ], [ -122.228343, 37.727729 ], [ -122.226768, 37.727657 ], [ -122.226443, 37.734387 ], [ -122.226492, 37.745037 ], [ -122.2266, 37.745501 ], [ -122.220994, 37.745113 ], [ -122.218703, 37.743322 ], [ -122.213328, 37.736795 ], [ -122.210493, 37.731295 ], [ -122.209391, 37.730477 ], [ -122.201359, 37.726401 ], [ -122.201078, 37.726296 ], [ -122.199778, 37.725793 ], [ -122.196747, 37.724133 ], [ -122.189138, 37.717812 ], [ -122.192905, 37.716726 ], [ -122.193401, 37.717829 ], [ -122.194714, 37.717538 ], [ -122.194265, 37.715912 ], [ -122.197028, 37.715829 ], [ -122.202166, 37.712983 ], [ -122.209726, 37.711087 ], [ -122.209187112470005, 37.710012817523598 ], [ -122.21248, 37.708971 ], [ -122.211767, 37.702013 ], [ -122.214744, 37.699247 ], [ -122.226503, 37.706526 ], [ -122.227129556354996, 37.706975761478901 ], [ -122.252172, 37.724952 ], [ -122.248369, 37.727772 ] ] ] } },
{ "type": "Feature", "properties": { "GEOID": "060014040001", "NAME": "1", "ALAND": 78175, "AWATER": 0, "centroid_lon": -122.25267580783068, "centroid_lat": 37.820837573354794 }, "geometry": { "type": "Polygon", "coordinates": [ [ [ -122.254566, 37.821528 ], [ -122.253253, 37.821752 ], [ -122.250998, 37.822371 ], [ -122.250245, 37.820795 ], [ -122.251931, 37.820247 ], [ -122.252476, 37.819886 ], [ -122.253679, 37.819001 ], [ -122.254479, 37.819625 ], [ -122.254566, 37.821528 ] ] ] } },
{ "type": "Feature", "properties": { "GEOID": "060014037021", "NAME": "1", "ALAND": 107790, "AWATER": 0, "centroid_lon": -122.25006819619821, "centroid_lat": 37.809874396145723 }, "geometry": { "type": "Polygon", "coordinates": [ [ [ -122.252558, 37.81058 ], [ -122.251462, 37.810841 ], [ -122.250061, 37.811785 ], [ -122.248598, 37.810505 ], [ -122.246504, 37.809841 ], [ -122.246702, 37.809703 ], [ -122.249148, 37.808391 ], [ -122.250469, 37.808882 ], [ -122.252774, 37.808747 ], [ -122.252558, 37.81058 ] ] ] } },
{ "type": "Feature", "properties": { "GEOID": "060014073001", "NAME": "1", "ALAND": 601340, "AWATER": 0, "centroid_lon": -122.20562966266709, "centroid_lat": 37.763541084902798 }, "geometry": { "type": "Polygon", "coordinates": [ [ [ -122.210886, 37.765304 ], [ -122.207008, 37.768703 ], [ -122.20368, 37.767126 ], [ -122.199502, 37.765149 ], [ -122.205584, 37.760863 ], [ -122.200822, 37.756782 ], [ -122.202509, 37.756077 ], [ -122.210837, 37.763362 ], [ -122.209678, 37.764289 ], [ -122.210886, 37.765304 ] ] ] } },
{ "type": "Feature", "properties": { "GEOID": "060014017002", "NAME": "2", "ALAND": 431791, "AWATER": 0, "centroid_lon": -122.29480821522351, "centroid_lat": 37.815449182036097 }, "geometry": { "type": "Polygon", "coordinates": [ [ [ -122.299613, 37.815796 ], [ -122.295695, 37.81789 ], [ -122.294379, 37.819486 ], [ -122.28967, 37.817002 ], [ -122.289669, 37.816835 ], [ -122.293994, 37.811415 ], [ -122.297863, 37.813297 ], [ -122.300746, 37.814826 ], [ -122.299613, 37.815796 ] ] ] } },
{ "type": "Feature", "properties": { "GEOID": "060014061001", "NAME": "1", "ALAND": 538942, "AWATER": 0, "centroid_lon": -122.2248178975244, "centroid_lat": 37.774951121784731 }, "geometry": { "type": "Polygon", "coordinates": [ [ [ -122.229093, 37.779343 ], [ -122.227853, 37.778614 ], [ -122.225803, 37.777643 ], [ -122.220855, 37.77526 ], [ -122.218938, 37.774348 ], [ -122.214794, 37.772376 ], [ -122.21714, 37.770585 ], [ -122.226994, 37.775237 ], [ -122.228015, 37.77314 ], [ -122.233452, 37.774957 ], [ -122.229093, 37.779343 ] ] ] } },
{ "type": "Feature", "properties": { "GEOID": "060014007002", "NAME": "2", "ALAND": 259868, "AWATER": 0, "centroid_lon": -122.27237273264801, "centroid_lat": 37.842659815006357 }, "geometry": { "type": "Polygon", "coordinates": [ [ [ -122.27701, 37.84359 ], [ -122.276524, 37.843794 ], [ -122.268183, 37.844585 ], [ -122.26807, 37.844136 ], [ -122.267562, 37.841672 ], [ -122.27658, 37.840676 ], [ -122.277026, 37.843394 ], [ -122.27701, 37.84359 ] ] ] } },
{ "type": "Feature", "properties": { "GEOID": "060014018001", "NAME": "1", "ALAND": 155999, "AWATER": 0, "centroid_lon": -122.29711244830511, "centroid_lat": 37.810874999741515 }, "geometry": { "type": "Polygon", "coordinates": [ [ [ -122.297863, 37.813297 ], [ -122.293994, 37.811415 ], [ -122.2964, 37.808446 ], [ -122.300212, 37.810339 ], [ -122.297863, 37.813297 ] ] ] } },
{ "type": "Feature", "properties": { "GEOID": "060014077003", "NAME": "3", "ALAND": 209448, "AWATER": 0, "centroid_lon": -122.19641890074811, "centroid_lat": 37.779141669633766 }, "geometry": { "type": "Polygon", "coordinates": [ [ [ -122.199497, 37.778386 ], [ -122.195924, 37.780924 ], [ -122.193629, 37.782553 ], [ -122.193537, 37.782575 ], [ -122.192015, 37.781062 ], [ -122.192289, 37.780473 ], [ -122.195596, 37.77824 ], [ -122.196568, 37.777805 ], [ -122.199324, 37.775641 ], [ -122.201116, 37.777237 ], [ -122.199497, 37.778386 ] ] ] } },
{ "type": "Feature", "properties": { "GEOID": "060014030002", "NAME": "2", "ALAND": 172291, "AWATER": 0, "centroid_lon": -122.26947979608067, "centroid_lat": 37.799971380965388 }, "geometry": { "type": "Polygon", "coordinates": [ [ [ -122.270981, 37.79995 ], [ -122.268798, 37.803427 ], [ -122.26761, 37.80296 ], [ -122.266458, 37.802497 ], [ -122.267312, 37.801081 ], [ -122.268596, 37.799002 ], [ -122.27014, 37.796524 ], [ -122.272515, 37.797457 ], [ -122.270981, 37.79995 ] ] ] } },
{ "type": "Feature", "properties": { "GEOID": "060014094002", "NAME": "2", "ALAND": 933591, "AWATER": 0, "centroid_lon": -122.18216366918907, "centroid_lat": 37.743833831105995 }, "geometry": { "type": "Polygon", "coordinates": [ [ [ -122.185952, 37.748986 ], [ -122.183321, 37.746462 ], [ -122.180062, 37.748161 ], [ -122.178615, 37.746213 ], [ -122.176993, 37.746945 ], [ -122.175999, 37.745611 ], [ -122.173901, 37.742814 ], [ -122.174793, 37.742388 ], [ -122.176947, 37.741364 ], [ -122.181561, 37.737835 ], [ -122.190731, 37.745815 ], [ -122.185952, 37.748986 ] ] ] } },
{ "type": "Feature", "properties": { "GEOID": "060014010001", "NAME": "1", "ALAND": 204669, "AWATER": 0, "centroid_lon": -122.26971448412253, "centroid_lat": 37.8358714861848 }, "geometry": { "type": "Polygon", "coordinates": [ [ [ -122.275638, 37.836447 ], [ -122.274641, 37.836408 ], [ -122.266653, 37.837482 ], [ -122.265631, 37.837636 ], [ -122.266494, 37.833405 ], [ -122.267296, 37.834269 ], [ -122.275896, 37.835661 ], [ -122.275638, 37.836447 ] ] ] } },
{ "type": "Feature", "properties": { "GEOID": "060014071021", "NAME": "1", "ALAND": 247619, "AWATER": 0, "centroid_lon": -122.20798225533986, "centroid_lat": 37.783648419854131 }, "geometry": { "type": "Polygon", "coordinates": [ [ [ -122.210377, 37.787975 ], [ -122.207444, 37.785373 ], [ -122.20414, 37.782517 ], [ -122.206385, 37.780182 ], [ -122.20681, 37.779734 ], [ -122.208023, 37.780821 ], [ -122.209332, 37.78199 ], [ -122.210697, 37.783221 ], [ -122.209049, 37.784397 ], [ -122.211978, 37.78704 ], [ -122.210377, 37.787975 ] ] ] } },
{ "type": "Feature", "properties": { "GEOID": "060014031001", "NAME": "1", "ALAND": 198978, "AWATER": 0, "centroid_lon": -122.27470800695632, "centroid_lat": 37.803573281486024 }, "geometry": { "type": "Polygon", "coordinates": [ [ [ -122.275979, 37.806222 ], [ -122.274801, 37.805769 ], [ -122.271274, 37.804361 ], [ -122.273445, 37.800927 ], [ -122.278135, 37.802763 ], [ -122.275979, 37.806222 ] ] ] } },
{ "type": "Feature", "properties": { "GEOID": "060014100001", "NAME": "1", "ALAND": 2603672, "AWATER": 145283, "centroid_lon": -122.12536809799876, "centroid_lat": 37.737658722164838 }, "geometry": { "type": "Polygon", "coordinates": [ [ [ -122.140264, 37.737438 ], [ -122.140032, 37.737308 ], [ -122.139579, 37.736548 ], [ -122.139547, 37.73623 ], [ -122.138665, 37.736244 ], [ -122.138662, 37.736446 ], [ -122.138757, 37.736875 ], [ -122.139335, 37.736852 ], [ -122.139723, 37.737157 ], [ -122.139593, 37.737501 ], [ -122.135293, 37.740232 ], [ -122.131039, 37.739678 ], [ -122.127639, 37.74087 ], [ -122.128885, 37.742621 ], [ -122.120816, 37.746404 ], [ -122.115813, 37.748726 ], [ -122.115503, 37.748871 ], [ -122.114797, 37.740164 ], [ -122.115091, 37.735279 ], [ -122.119964, 37.732042 ], [ -122.121206, 37.731812 ], [ -122.122168, 37.729386 ], [ -122.124462, 37.728588 ], [ -122.127244, 37.729827 ], [ -122.131227, 37.730427 ], [ -122.132345, 37.731726 ], [ -122.130491, 37.73277 ], [ -122.132624, 37.733911 ], [ -122.134438, 37.734305 ], [ -122.136693, 37.731867 ], [ -122.138414, 37.730965 ], [ -122.138752, 37.730947 ], [ -122.138977, 37.730932 ], [ -122.139886, 37.73447 ], [ -122.140243, 37.736051 ], [ -122.140772, 37.737282 ], [ -122.140264, 37.737438 ] ] ] } },
{ "type": "Feature", "properties": { "GEOID": "060014010004", "NAME": "4", "ALAND": 141375, "AWATER": 0, "centroid_lon": -122.26925308147833, "centroid_lat": 37.829156506100681 }, "geometry": { "type": "Polygon", "coordinates": [ [ [ -122.270884, 37.831004 ], [ -122.268231, 37.830593 ], [ -122.267995, 37.831481 ], [ -122.266895, 37.831339 ], [ -122.267828, 37.827044 ], [ -122.271722, 37.827629 ], [ -122.270884, 37.831004 ] ] ] } },
{ "type": "Feature", "properties": { "GEOID": "060014014002", "NAME": "2", "ALAND": 273666, "AWATER": 0, "centroid_lon": -122.27394987719406, "centroid_lat": 37.821503103701801 }, "geometry": { "type": "Polygon", "coordinates": [ [ [ -122.277723, 37.824437 ], [ -122.270203, 37.822676 ], [ -122.270954, 37.819641 ], [ -122.271186, 37.818732 ], [ -122.276246, 37.819478 ], [ -122.276697, 37.820883 ], [ -122.277372, 37.822934 ], [ -122.277915, 37.824623 ], [ -122.277723, 37.824437 ] ] ] } },
{ "type": "Feature", "properties": { "GEOID": "060014071011", "NAME": "1", "ALAND": 222488, "AWATER": 0, "centroid_lon": -122.21580607085455, "centroid_lat": 37.782129308877998 }, "geometry": { "type": "Polygon", "coordinates": [ [ [ -122.2191, 37.7822 ], [ -122.217565, 37.783713 ], [ -122.215271, 37.785099 ], [ -122.213399, 37.783211 ], [ -122.211675, 37.784025 ], [ -122.212927, 37.781652 ], [ -122.216665, 37.779038 ], [ -122.218004, 37.780207 ], [ -122.218657, 37.780838 ], [ -122.2191, 37.7822 ] ] ] } },
{ "type": "Feature", "properties": { "GEOID": "060014091001", "NAME": "1", "ALAND": 298380, "AWATER": 0, "centroid_lon": -122.18289238318368, "centroid_lat": 37.732296685186256 }, "geometry": { "type": "Polygon", "coordinates": [ [ [ -122.186936, 37.732769 ], [ -122.186815, 37.732855 ], [ -122.186944, 37.730915 ], [ -122.185182, 37.728832 ], [ -122.183428, 37.729823 ], [ -122.184245, 37.730745 ], [ -122.182762, 37.731812 ], [ -122.181883, 37.735317 ], [ -122.183593, 37.735921 ], [ -122.18335, 37.736426 ], [ -122.181561, 37.737835 ], [ -122.179782, 37.736267 ], [ -122.179316, 37.73413 ], [ -122.184167, 37.726529 ], [ -122.188784, 37.731729 ], [ -122.186936, 37.732769 ] ] ] } },
{ "type": "Feature", "properties": { "GEOID": "060014056003", "NAME": "3", "ALAND": 132026, "AWATER": 0, "centroid_lon": -122.24012772959884, "centroid_lat": 37.801012888093233 }, "geometry": { "type": "Polygon", "coordinates": [ [ [ -122.242198, 37.801722 ], [ -122.241671, 37.802399 ], [ -122.240188, 37.802549 ], [ -122.237222, 37.803121 ], [ -122.238061, 37.802467 ], [ -122.238268, 37.801557 ], [ -122.237543, 37.800727 ], [ -122.240474, 37.798669 ], [ -122.241291, 37.799393 ], [ -122.242961, 37.800873 ], [ -122.242198, 37.801722 ] ] ] } },
{ "type": "Feature", "properties": { "GEOID": "060014033022", "NAME": "2", "ALAND": 583321, "AWATER": 104126, "centroid_lon": -122.26588357657668, "centroid_lat": 37.793428021141288 }, "geometry": { "type": "Polygon", "coordinates": [ [ [ -122.273681, 37.79221 ], [ -122.272125, 37.793359 ], [ -122.268353, 37.792128 ], [ -122.267604, 37.793525 ], [ -122.266615, 37.795117 ], [ -122.265066, 37.797622 ], [ -122.263752, 37.7997 ], [ -122.260417, 37.798333 ], [ -122.259554, 37.798301 ], [ -122.259496, 37.796832 ], [ -122.259577, 37.79632 ], [ -122.260806, 37.79528 ], [ -122.261327, 37.793807 ], [ -122.263018, 37.790816 ], [ -122.264448, 37.790678 ], [ -122.268544, 37.787934 ], [ -122.274225, 37.791259 ], [ -122.273681, 37.79221 ] ] ] } },
{ "type": "Feature", "properties": { "GEOID": "060014016002", "NAME": "2", "ALAND": 261886, "AWATER": 0, "centroid_lon": -122.28119388246506, "centroid_lat": 37.815848997237865 }, "geometry": { "type": "Polygon", "coordinates": [ [ [ -122.288425, 37.81831 ], [ -122.27814, 37.815875 ], [ -122.275265, 37.816452 ], [ -122.274122, 37.812829 ], [ -122.275858, 37.813468 ], [ -122.278681, 37.814574 ], [ -122.280237, 37.814777 ], [ -122.284024, 37.815622 ], [ -122.28967, 37.817002 ], [ -122.288425, 37.81831 ] ] ] } },
{ "type": "Feature", "properties": { "GEOID": "060014059022", "NAME": "2", "ALAND": 287392, "AWATER": 0, "centroid_lon": -122.24231832001432, "centroid_lat": 37.789782274459462 }, "geometry": { "type": "Polygon", "coordinates": [ [ [ -122.247175, 37.789913 ], [ -122.243512, 37.792528 ], [ -122.242618, 37.793164 ], [ -122.242057, 37.792273 ], [ -122.237876, 37.789765 ], [ -122.237974, 37.789708 ], [ -122.239448, 37.788135 ], [ -122.241044, 37.786487 ], [ -122.245238, 37.788992 ], [ -122.247175, 37.789913 ] ] ] } },
{ "type": "Feature", "properties": { "GEOID": "060014009002", "NAME": "2", "ALAND": 200503, "AWATER": 0, "centroid_lon": -122.28090060670179, "centroid_lat": 37.838168759979652 }, "geometry": { "type": "Polygon", "coordinates": [ [ [ -122.285576, 37.839778 ], [ -122.283135, 37.84082 ], [ -122.282383, 37.838462 ], [ -122.282179, 37.838344 ], [ -122.276311, 37.839266 ], [ -122.275718, 37.83816 ], [ -122.27622, 37.836818 ], [ -122.281649, 37.836692 ], [ -122.281963, 37.837181 ], [ -122.284491, 37.836715 ], [ -122.285576, 37.839778 ] ] ] } },
{ "type": "Feature", "properties": { "GEOID": "060014080002", "NAME": "2", "ALAND": 1428557, "AWATER": 0, "centroid_lon": -122.18212281786417, "centroid_lat": 37.801356483809457 }, "geometry": { "type": "Polygon", "coordinates": [ [ [ -122.197202, 37.810958 ], [ -122.194649, 37.810822 ], [ -122.19377, 37.808759 ], [ -122.191974, 37.807482 ], [ -122.190461, 37.80724 ], [ -122.189759, 37.808212 ], [ -122.186928, 37.807516 ], [ -122.187937, 37.806617 ], [ -122.186782, 37.805737 ], [ -122.184724, 37.805546 ], [ -122.181652, 37.801873 ], [ -122.180049, 37.802451 ], [ -122.180543, 37.804523 ], [ -122.178786, 37.803131 ], [ -122.178139, 37.803964 ], [ -122.176953, 37.804711 ], [ -122.175957, 37.802699 ], [ -122.170615, 37.800138 ], [ -122.170754, 37.796512 ], [ -122.173601, 37.797163 ], [ -122.175818, 37.794814 ], [ -122.17692, 37.794239 ], [ -122.182769, 37.796717 ], [ -122.185369, 37.798489 ], [ -122.190151, 37.802808 ], [ -122.194059, 37.807423 ], [ -122.195357, 37.808705 ], [ -122.197791, 37.810589 ], [ -122.197202, 37.810958 ] ] ] } },
{ "type": "Feature", "properties": { "GEOID": "060014051003", "NAME": "3", "ALAND": 282514, "AWATER": 0, "centroid_lon": -122.23754007358791, "centroid_lat": 37.809782079908601 }, "geometry": { "type": "Polygon", "coordinates": [ [ [ -122.242276, 37.811565 ], [ -122.241101, 37.81276 ], [ -122.240184, 37.811434 ], [ -122.235304, 37.811544 ], [ -122.234447, 37.811225 ], [ -122.232587, 37.809895 ], [ -122.234992, 37.8072 ], [ -122.2372, 37.807052 ], [ -122.243289, 37.811055 ], [ -122.242276, 37.811565 ] ] ] } },
{ "type": "Feature", "properties": { "GEOID": "060014004001", "NAME": "1", "ALAND": 267356, "AWATER": 0, "centroid_lon": -122.25494324609649, "centroid_lat": 37.85010844535141 }, "geometry": { "type": "Polygon", "coordinates": [ [ [ -122.257251, 37.853176 ], [ -122.256197, 37.853449 ], [ -122.253346, 37.85383 ], [ -122.25331, 37.853466 ], [ -122.252503, 37.850826 ], [ -122.25235, 37.849428 ], [ -122.255084, 37.846069 ], [ -122.256205, 37.844686 ], [ -122.256578, 37.847773 ], [ -122.257251, 37.853176 ] ] ] } },
{ "type": "Feature", "properties": { "GEOID": "060014066012", "NAME": "2", "ALAND": 198507, "AWATER": 0, "centroid_lon": -122.21110873724963, "centroid_lat": 37.79218010283558 }, "geometry": { "type": "Polygon", "coordinates": [ [ [ -122.21253, 37.794736 ], [ -122.209145, 37.793249 ], [ -122.206753, 37.792077 ], [ -122.211104, 37.789688 ], [ -122.211685, 37.790305 ], [ -122.214825, 37.791757 ], [ -122.21253, 37.794736 ] ] ] } },
{ "type": "Feature", "properties": { "GEOID": "060014096002", "NAME": "2", "ALAND": 148066, "AWATER": 0, "centroid_lon": -122.17050458792478, "centroid_lat": 37.753611913720398 }, "geometry": { "type": "Polygon", "coordinates": [ [ [ -122.173436, 37.754435 ], [ -122.169977, 37.756045 ], [ -122.169531, 37.755422 ], [ -122.167571, 37.752785 ], [ -122.167868, 37.752648 ], [ -122.17103, 37.751185 ], [ -122.172533, 37.753221 ], [ -122.173436, 37.754435 ] ] ] } },
{ "type": "Feature", "properties": { "GEOID": "060014081005", "NAME": "5", "ALAND": 2235634, "AWATER": 0, "centroid_lon": -122.17039054525239, "centroid_lat": 37.786226345440284 }, "geometry": { "type": "Polygon", "coordinates": [ [ [ -122.185369, 37.798489 ], [ -122.182769, 37.796717 ], [ -122.17692, 37.794239 ], [ -122.175818, 37.794814 ], [ -122.171054, 37.794897 ], [ -122.16774, 37.791988 ], [ -122.168141, 37.788577 ], [ -122.167998, 37.787511 ], [ -122.165796, 37.786463 ], [ -122.163193, 37.786616 ], [ -122.162598, 37.784974 ], [ -122.159048, 37.783227 ], [ -122.155362, 37.779359 ], [ -122.156336, 37.780235 ], [ -122.161263, 37.777727 ], [ -122.163958, 37.779963 ], [ -122.164035, 37.776422 ], [ -122.165991, 37.777292 ], [ -122.173619, 37.781129 ], [ -122.177329, 37.783424 ], [ -122.178401, 37.783822 ], [ -122.178321, 37.784669 ], [ -122.177195, 37.787633 ], [ -122.179924, 37.790628 ], [ -122.179633, 37.791688 ], [ -122.181569, 37.794211 ], [ -122.181994, 37.79387 ], [ -122.184387, 37.797244 ], [ -122.185369, 37.798489 ] ] ] } },
{ "type": "Feature", "properties": { "GEOID": "060019832002", "NAME": "2", "ALAND": 172635, "AWATER": 27229, "centroid_lon": -122.27335204892235, "centroid_lat": 37.795049553859336 }, "geometry": { "type": "Polygon", "coordinates": [ [ [ -122.276005, 37.792175 ], [ -122.273749, 37.795916 ], [ -122.275899, 37.796749 ], [ -122.274935, 37.798276 ], [ -122.272515, 37.797457 ], [ -122.27014, 37.796524 ], [ -122.270752, 37.795573 ], [ -122.272125, 37.793359 ], [ -122.273681, 37.79221 ], [ -122.274225, 37.791259 ], [ -122.274709, 37.791511 ], [ -122.276005, 37.792175 ] ] ] } },
{ "type": "Feature", "properties": { "GEOID": "060014086001", "NAME": "1", "ALAND": 513122, "AWATER": 0, "centroid_lon": -122.17854019244838, "centroid_lat": 37.768625690394778 }, "geometry": { "type": "Polygon", "coordinates": [ [ [ -122.182718, 37.766034 ], [ -122.17957, 37.768049 ], [ -122.181871, 37.769571 ], [ -122.181595, 37.771872 ], [ -122.181981, 37.772422 ], [ -122.179729, 37.773893 ], [ -122.177957, 37.772563 ], [ -122.176807, 37.77141 ], [ -122.172, 37.769173 ], [ -122.172133, 37.769131 ], [ -122.176639, 37.766336 ], [ -122.177197, 37.765816 ], [ -122.177427, 37.765596 ], [ -122.181175, 37.76318 ], [ -122.183249, 37.765211 ], [ -122.182718, 37.766034 ] ] ] } },
{ "type": "Feature", "properties": { "GEOID": "060014076001", "NAME": "1", "ALAND": 240620, "AWATER": 0, "centroid_lon": -122.19995185485131, "centroid_lat": 37.781572932627874 }, "geometry": { "type": "Polygon", "coordinates": [ [ [ -122.200715, 37.784273 ], [ -122.200124, 37.784571 ], [ -122.195924, 37.780924 ], [ -122.199497, 37.778386 ], [ -122.20414, 37.782517 ], [ -122.200715, 37.784273 ] ] ] } },
{ "type": "Feature", "properties": { "GEOID": "060014100002", "NAME": "2", "ALAND": 2391119, "AWATER": 0, "centroid_lon": -122.13429107950489, "centroid_lat": 37.745650045694916 }, "geometry": { "type": "Polygon", "coordinates": [ [ [ -122.148647, 37.745129 ], [ -122.143607, 37.748562 ], [ -122.14215, 37.74737 ], [ -122.136359, 37.750414 ], [ -122.127378, 37.754464 ], [ -122.12401, 37.751307 ], [ -122.120816, 37.746404 ], [ -122.128885, 37.742621 ], [ -122.127639, 37.74087 ], [ -122.131039, 37.739678 ], [ -122.135293, 37.740232 ], [ -122.139593, 37.737501 ], [ -122.139723, 37.737157 ], [ -122.139335, 37.736852 ], [ -122.138757, 37.736875 ], [ -122.138662, 37.736446 ], [ -122.138665, 37.736244 ], [ -122.139547, 37.73623 ], [ -122.139579, 37.736548 ], [ -122.140032, 37.737308 ], [ -122.140264, 37.737438 ], [ -122.140772, 37.737282 ], [ -122.144044, 37.740307 ], [ -122.146051, 37.742802 ], [ -122.145883, 37.742969 ], [ -122.148647, 37.745129 ] ] ] } },
{ "type": "Feature", "properties": { "GEOID": "060014008002", "NAME": "2", "ALAND": 219852, "AWATER": 0, "centroid_lon": -122.28228782263298, "centroid_lat": 37.845295910113691 }, "geometry": { "type": "Polygon", "coordinates": [ [ [ -122.287499, 37.845772 ], [ -122.284814, 37.846035 ], [ -122.277548, 37.847038 ], [ -122.277186, 37.844823 ], [ -122.284259, 37.844019 ], [ -122.286714, 37.843345 ], [ -122.287499, 37.845772 ] ] ] } },
{ "type": "Feature", "properties": { "GEOID": "060014087005", "NAME": "5", "ALAND": 179645, "AWATER": 0, "centroid_lon": -122.19247023640264, "centroid_lat": 37.767569376111311 }, "geometry": { "type": "Polygon", "coordinates": [ [ [ -122.194984, 37.768322 ], [ -122.192194, 37.770292 ], [ -122.189033, 37.767452 ], [ -122.19308, 37.764803 ], [ -122.195729, 37.767804 ], [ -122.194984, 37.768322 ] ] ] } },
{ "type": "Feature", "properties": { "GEOID": "060014002001", "NAME": "1", "ALAND": 288070, "AWATER": 0, "centroid_lon": -122.24883738189335, "centroid_lat": 37.849744565426207 }, "geometry": { "type": "Polygon", "coordinates": [ [ [ -122.25235, 37.849428 ], [ -122.252503, 37.850826 ], [ -122.25096, 37.851159 ], [ -122.244781, 37.851733 ], [ -122.243991, 37.851777 ], [ -122.241914, 37.851909 ], [ -122.242427, 37.850833 ], [ -122.244044, 37.850257 ], [ -122.255084, 37.846069 ], [ -122.25235, 37.849428 ] ] ] } },
{ "type": "Feature", "properties": { "GEOID": "060014063002", "NAME": "2", "ALAND": 144644, "AWATER": 0, "centroid_lon": -122.22472860312256, "centroid_lat": 37.788364278933962 }, "geometry": { "type": "Polygon", "coordinates": [ [ [ -122.227247, 37.788153 ], [ -122.226477, 37.789035 ], [ -122.225411, 37.788404 ], [ -122.222667, 37.791538 ], [ -122.221573, 37.790949 ], [ -122.223485, 37.788183 ], [ -122.224369, 37.785646 ], [ -122.225307, 37.786098 ], [ -122.228901, 37.788213 ], [ -122.227247, 37.788153 ] ] ] } },
{ "type": "Feature", "properties": { "GEOID": "060014096003", "NAME": "3", "ALAND": 116028, "AWATER": 0, "centroid_lon": -122.16958486289062, "centroid_lat": 37.750285097573951 }, "geometry": { "type": "Polygon", "coordinates": [ [ [ -122.17103, 37.751185 ], [ -122.167868, 37.752648 ], [ -122.168291, 37.75126 ], [ -122.167145, 37.749709 ], [ -122.169303, 37.748714 ], [ -122.170375, 37.748217 ], [ -122.172159, 37.750596 ], [ -122.17103, 37.751185 ] ] ] } },
{ "type": "Feature", "properties": { "GEOID": "060014081002", "NAME": "2", "ALAND": 828692, "AWATER": 0, "centroid_lon": -122.1551977341248, "centroid_lat": 37.775283935329007 }, "geometry": { "type": "Polygon", "coordinates": [ [ [ -122.163958, 37.779963 ], [ -122.161263, 37.777727 ], [ -122.156336, 37.780235 ], [ -122.155362, 37.779359 ], [ -122.152202, 37.776988 ], [ -122.152033, 37.774973 ], [ -122.1462, 37.775025 ], [ -122.14496, 37.774417 ], [ -122.148254, 37.772149 ], [ -122.147745, 37.771393 ], [ -122.150944, 37.770404 ], [ -122.153957, 37.7724 ], [ -122.155824, 37.772354 ], [ -122.156288, 37.772002 ], [ -122.158068, 37.773348 ], [ -122.164035, 37.776422 ], [ -122.163958, 37.779963 ] ] ] } },
{ "type": "Feature", "properties": { "GEOID": "060014068002", "NAME": "2", "ALAND": 192437, "AWATER": 0, "centroid_lon": -122.19395259780684, "centroid_lat": 37.798190036271286 }, "geometry": { "type": "Polygon", "coordinates": [ [ [ -122.19677, 37.798152 ], [ -122.194663, 37.80177 ], [ -122.193382, 37.801326 ], [ -122.191753, 37.798872 ], [ -122.193066, 37.798061 ], [ -122.192472, 37.797505 ], [ -122.191046, 37.795698 ], [ -122.191543, 37.795091 ], [ -122.194294, 37.795426 ], [ -122.195495, 37.796722 ], [ -122.19677, 37.798152 ] ] ] } },
{ "type": "Feature", "properties": { "GEOID": "060014064002", "NAME": "2", "ALAND": 347023, "AWATER": 77536, "centroid_lon": -122.2227369221733, "centroid_lat": 37.79580282815661 }, "geometry": { "type": "Polygon", "coordinates": [ [ [ -122.226685, 37.793545 ], [ -122.225399, 37.7976 ], [ -122.224985, 37.798117 ], [ -122.22417, 37.799977 ], [ -122.220981, 37.799362 ], [ -122.218581, 37.798803 ], [ -122.220646, 37.794198 ], [ -122.220813, 37.791882 ], [ -122.221573, 37.790949 ], [ -122.222667, 37.791538 ], [ -122.225428, 37.793037 ], [ -122.226685, 37.793545 ] ] ] } },
{ "type": "Feature", "properties": { "GEOID": "060019819001", "NAME": "1", "ALAND": 3824795, "AWATER": 1387910, "centroid_lon": -122.31749795414866, "centroid_lat": 37.802561789319945 }, "geometry": { "type": "Polygon", "coordinates": [ [ [ -122.342253, 37.805558 ], [ -122.333852963018003, 37.810328784404199 ], [ -122.333018, 37.810803 ], [ -122.328660769126998, 37.810517286923101 ], [ -122.327803, 37.807658 ], [ -122.323932, 37.807979 ], [ -122.320197, 37.809318 ], [ -122.312214, 37.808657 ], [ -122.310768, 37.808798 ], [ -122.304866, 37.807896 ], [ -122.304825, 37.807566 ], [ -122.303339, 37.804684 ], [ -122.300389, 37.802657 ], [ -122.296858, 37.801922 ], [ -122.291101, 37.802526 ], [ -122.289161, 37.802772 ], [ -122.28867, 37.802755 ], [ -122.290031, 37.799622 ], [ -122.300868, 37.797369 ], [ -122.307743, 37.795816 ], [ -122.313212, 37.795303 ], [ -122.315064, 37.794579 ], [ -122.328507, 37.797493 ], [ -122.333001177211003, 37.799054386056 ], [ -122.334168, 37.801272 ], [ -122.34151, 37.804158 ], [ -122.342253, 37.805558 ] ] ] } },
{ "type": "Feature", "properties": { "GEOID": "060014095001", "NAME": "1", "ALAND": 500554, "AWATER": 0, "centroid_lon": -122.18668149271066, "centroid_lat": 37.749466530275953 }, "geometry": { "type": "Polygon", "coordinates": [ [ [ -122.192424, 37.749734 ], [ -122.18501, 37.753295 ], [ -122.184565, 37.752782 ], [ -122.18375, 37.753142 ], [ -122.181598, 37.750245 ], [ -122.180062, 37.748161 ], [ -122.183321, 37.746462 ], [ -122.185952, 37.748986 ], [ -122.190731, 37.745815 ], [ -122.193624, 37.748322 ], [ -122.192424, 37.749734 ] ] ] } },
{ "type": "Feature", "properties": { "GEOID": "060014098001", "NAME": "1", "ALAND": 755183, "AWATER": 0, "centroid_lon": -122.15532380104175, "centroid_lat": 37.764261093413282 }, "geometry": { "type": "Polygon", "coordinates": [ [ [ -122.164202, 37.763043 ], [ -122.160831, 37.764682 ], [ -122.161219, 37.765433 ], [ -122.15983, 37.766631 ], [ -122.157672, 37.766444 ], [ -122.157946, 37.767845 ], [ -122.157405, 37.768803 ], [ -122.156658, 37.767739 ], [ -122.154381, 37.768779 ], [ -122.158891, 37.773429 ], [ -122.158068, 37.773348 ], [ -122.156288, 37.772002 ], [ -122.155169, 37.770856 ], [ -122.148141, 37.760488 ], [ -122.147737, 37.758759 ], [ -122.149393, 37.757142 ], [ -122.149174, 37.759371 ], [ -122.154843, 37.761795 ], [ -122.158785, 37.761524 ], [ -122.16241, 37.762154 ], [ -122.164202, 37.763043 ] ] ] } },
{ "type": "Feature", "properties": { "GEOID": "060014035012", "NAME": "2", "ALAND": 284166, "AWATER": 0, "centroid_lon": -122.258807986523, "centroid_lat": 37.8191622386734 }, "geometry": { "type": "Polygon", "coordinates": [ [ [ -122.263084, 37.817449 ], [ -122.260006, 37.822421 ], [ -122.257124, 37.821183 ], [ -122.254479, 37.819625 ], [ -122.253679, 37.819001 ], [ -122.254155, 37.818646 ], [ -122.255131, 37.819012 ], [ -122.258656, 37.816092 ], [ -122.260289, 37.817103 ], [ -122.26091, 37.817068 ], [ -122.263084, 37.817449 ] ] ] } },
{ "type": "Feature", "properties": { "GEOID": "060014055001", "NAME": "1", "ALAND": 96014, "AWATER": 0, "centroid_lon": -122.24065906915794, "centroid_lat": 37.795877143280741 }, "geometry": { "type": "Polygon", "coordinates": [ [ [ -122.243346, 37.795289 ], [ -122.239635, 37.797933 ], [ -122.237973, 37.79646 ], [ -122.239833, 37.795136 ], [ -122.241694, 37.793825 ], [ -122.243346, 37.795289 ] ] ] } },
{ "type": "Feature", "properties": { "GEOID": "060014017003", "NAME": "3", "ALAND": 5041494, "AWATER": 5771096, "centroid_lon": -122.3057229558263, "centroid_lat": 37.819920879724798 }, "geometry": { "type": "Polygon", "coordinates": [ [ [ -122.330369, 37.82058 ], [ -122.316108, 37.827338 ], [ -122.306125, 37.826024 ], [ -122.296618, 37.828465 ], [ -122.297115883456001, 37.831217674031201 ], [ -122.29447, 37.830558 ], [ -122.293391, 37.830674 ], [ -122.291029, 37.830107 ], [ -122.290863, 37.830067 ], [ -122.290059, 37.829874 ], [ -122.288904, 37.829599 ], [ -122.288138, 37.829414 ], [ -122.287998, 37.829379 ], [ -122.282384, 37.828033 ], [ -122.28095, 37.827689 ], [ -122.283643, 37.824406 ], [ -122.284939, 37.822769 ], [ -122.286226, 37.821163 ], [ -122.288425, 37.81831 ], [ -122.28967, 37.817002 ], [ -122.294379, 37.819486 ], [ -122.295695, 37.81789 ], [ -122.299613, 37.815796 ], [ -122.300746, 37.814826 ], [ -122.303977, 37.811781 ], [ -122.304866, 37.807896 ], [ -122.310768, 37.808798 ], [ -122.312214, 37.808657 ], [ -122.320197, 37.809318 ], [ -122.323932, 37.807979 ], [ -122.327803, 37.807658 ], [ -122.328660769126998, 37.810517286923101 ], [ -122.322785, 37.810132 ], [ -122.317296, 37.816261 ], [ -122.319198, 37.819078 ], [ -122.330369, 37.82058 ] ] ] } },
{ "type": "Feature", "properties": { "GEOID": "060014014001", "NAME": "1", "ALAND": 234408, "AWATER": 0, "centroid_lon": -122.27306384673892, "centroid_lat": 37.824094544096774 }, "geometry": { "type": "Polygon", "coordinates": [ [ [ -122.278611, 37.826878 ], [ -122.268563, 37.824462 ], [ -122.269891, 37.819488 ], [ -122.270954, 37.819641 ], [ -122.270203, 37.822676 ], [ -122.277723, 37.824437 ], [ -122.277915, 37.824623 ], [ -122.278611, 37.826878 ] ] ] } },
{ "type": "Feature", "properties": { "GEOID": "060014024001", "NAME": "1", "ALAND": 182488, "AWATER": 0, "centroid_lon": -122.28194499949814, "centroid_lat": 37.813418278714195 }, "geometry": { "type": "Polygon", "coordinates": [ [ [ -122.284024, 37.815622 ], [ -122.280237, 37.814777 ], [ -122.278681, 37.814574 ], [ -122.279921, 37.811183 ], [ -122.285192, 37.812403 ], [ -122.284024, 37.815622 ] ] ] } },
{ "type": "Feature", "properties": { "GEOID": "060014078002", "NAME": "2", "ALAND": 1015910, "AWATER": 0, "centroid_lon": -122.18497367596548, "centroid_lat": 37.781320738794363 }, "geometry": { "type": "Polygon", "coordinates": [ [ [ -122.195775, 37.786829 ], [ -122.192183, 37.785265 ], [ -122.187784, 37.784355 ], [ -122.180701, 37.78407 ], [ -122.179451, 37.784019 ], [ -122.178401, 37.783822 ], [ -122.177329, 37.783424 ], [ -122.173619, 37.781129 ], [ -122.175055, 37.78021 ], [ -122.180189, 37.779744 ], [ -122.182559, 37.777412 ], [ -122.184009, 37.776485 ], [ -122.185365, 37.775425 ], [ -122.185973, 37.775802 ], [ -122.188298, 37.777873 ], [ -122.192015, 37.781062 ], [ -122.193537, 37.782575 ], [ -122.193681, 37.785172 ], [ -122.196226, 37.786591 ], [ -122.195775, 37.786829 ] ] ] } },
{ "type": "Feature", "properties": { "GEOID": "060014088001", "NAME": "1", "ALAND": 170314, "AWATER": 0, "centroid_lon": -122.19107058834945, "centroid_lat": 37.758398587882738 }, "geometry": { "type": "Polygon", "coordinates": [ [ [ -122.194685, 37.757838 ], [ -122.190299, 37.760786 ], [ -122.187862, 37.759708 ], [ -122.187054, 37.759264 ], [ -122.192564, 37.755743 ], [ -122.194685, 37.757838 ] ] ] } },
{ "type": "Feature", "properties": { "GEOID": "060014037012", "NAME": "2", "ALAND": 94848, "AWATER": 0, "centroid_lon": -122.25778038697234, "centroid_lat": 37.810510012869052 }, "geometry": { "type": "Polygon", "coordinates": [ [ [ -122.260213, 37.810523 ], [ -122.258439, 37.8124 ], [ -122.256414, 37.81092 ], [ -122.255389, 37.810661 ], [ -122.256158, 37.809012 ], [ -122.258549, 37.809408 ], [ -122.260213, 37.810523 ] ] ] } },
{ "type": "Feature", "properties": { "GEOID": "060014081004", "NAME": "4", "ALAND": 1652904, "AWATER": 0, "centroid_lon": -122.14902422978427, "centroid_lat": 37.779695798635494 }, "geometry": { "type": "Polygon", "coordinates": [ [ [ -122.168141, 37.788577 ], [ -122.165665, 37.787451 ], [ -122.163663, 37.787714 ], [ -122.157819, 37.784996 ], [ -122.153697, 37.783896 ], [ -122.150916, 37.784462 ], [ -122.148763, 37.783523 ], [ -122.14636, 37.785001 ], [ -122.146613, 37.786069 ], [ -122.14452, 37.784981 ], [ -122.142502, 37.785282 ], [ -122.141806, 37.781663 ], [ -122.143795, 37.780591 ], [ -122.142828, 37.778775 ], [ -122.138223, 37.77533 ], [ -122.139968, 37.772819 ], [ -122.13907, 37.771053 ], [ -122.136356, 37.769865 ], [ -122.138414, 37.769644 ], [ -122.142249, 37.77254 ], [ -122.144594, 37.773175 ], [ -122.147745, 37.771393 ], [ -122.148254, 37.772149 ], [ -122.14496, 37.774417 ], [ -122.1462, 37.775025 ], [ -122.152033, 37.774973 ], [ -122.152202, 37.776988 ], [ -122.155362, 37.779359 ], [ -122.159048, 37.783227 ], [ -122.162598, 37.784974 ], [ -122.163193, 37.786616 ], [ -122.165796, 37.786463 ], [ -122.167998, 37.787511 ], [ -122.168141, 37.788577 ] ] ] } },
{ "type": "Feature", "properties": { "GEOID": "060014102001", "NAME": "1", "ALAND": 265547, "AWATER": 0, "centroid_lon": -122.16015777522657, "centroid_lat": 37.748828484169394 }, "geometry": { "type": "Polygon", "coordinates": [ [ [ -122.1604, 37.752903 ], [ -122.159831, 37.751335 ], [ -122.157234, 37.747374 ], [ -122.156174, 37.745897 ], [ -122.159506, 37.745049 ], [ -122.160307, 37.746125 ], [ -122.164044, 37.75119 ], [ -122.1604, 37.752903 ] ] ] } },
{ "type": "Feature", "properties": { "GEOID": "060014099001", "NAME": "1", "ALAND": 1422956, "AWATER": 0, "centroid_lon": -122.14512057284198, "centroid_lat": 37.767319708056853 }, "geometry": { "type": "Polygon", "coordinates": [ [ [ -122.155824, 37.772354 ], [ -122.153957, 37.7724 ], [ -122.150944, 37.770404 ], [ -122.147745, 37.771393 ], [ -122.144594, 37.773175 ], [ -122.142249, 37.77254 ], [ -122.138414, 37.769644 ], [ -122.136356, 37.769865 ], [ -122.135071, 37.770397 ], [ -122.135336, 37.766895 ], [ -122.13685, 37.766568 ], [ -122.13734, 37.765042 ], [ -122.139967, 37.763148 ], [ -122.141431, 37.76285 ], [ -122.142391, 37.7629 ], [ -122.144253, 37.76155 ], [ -122.148141, 37.760488 ], [ -122.155169, 37.770856 ], [ -122.156288, 37.772002 ], [ -122.155824, 37.772354 ] ] ] } },
{ "type": "Feature", "properties": { "GEOID": "060014079001", "NAME": "1", "ALAND": 522939, "AWATER": 0, "centroid_lon": -122.18161947859984, "centroid_lat": 37.7899158803313 }, "geometry": { "type": "Polygon", "coordinates": [ [ [ -122.18569, 37.79589 ], [ -122.184387, 37.797244 ], [ -122.181994, 37.79387 ], [ -122.181569, 37.794211 ], [ -122.179633, 37.791688 ], [ -122.179924, 37.790628 ], [ -122.177195, 37.787633 ], [ -122.178321, 37.784669 ], [ -122.178401, 37.783822 ], [ -122.179451, 37.784019 ], [ -122.180701, 37.78407 ], [ -122.18082, 37.784406 ], [ -122.182936, 37.786217 ], [ -122.184278, 37.791537 ], [ -122.183759, 37.792074 ], [ -122.185836, 37.793375 ], [ -122.18569, 37.79589 ] ] ] } },
{ "type": "Feature", "properties": { "GEOID": "060014089002", "NAME": "2", "ALAND": 359063, "AWATER": 0, "centroid_lon": -122.18945747578647, "centroid_lat": 37.7555764418737 }, "geometry": { "type": "Polygon", "coordinates": [ [ [ -122.19584, 37.75244 ], [ -122.1937, 37.754489 ], [ -122.192564, 37.755743 ], [ -122.187054, 37.759264 ], [ -122.184368, 37.757975 ], [ -122.18268, 37.757174 ], [ -122.185963, 37.755045 ], [ -122.186879, 37.75593 ], [ -122.194213, 37.751194 ], [ -122.19584, 37.75244 ] ] ] } },
{ "type": "Feature", "properties": { "GEOID": "060014079003", "NAME": "3", "ALAND": 332872, "AWATER": 0, "centroid_lon": -122.18993319918883, "centroid_lat": 37.787429881281945 }, "geometry": { "type": "Polygon", "coordinates": [ [ [ -122.194846, 37.787285 ], [ -122.190123, 37.789692 ], [ -122.188276, 37.790636 ], [ -122.185984, 37.789802 ], [ -122.185777, 37.788546 ], [ -122.187461, 37.786345 ], [ -122.187784, 37.784355 ], [ -122.192183, 37.785265 ], [ -122.195775, 37.786829 ], [ -122.194846, 37.787285 ] ] ] } },
{ "type": "Feature", "properties": { "GEOID": "060014051002", "NAME": "2", "ALAND": 198573, "AWATER": 0, "centroid_lon": -122.23173001273494, "centroid_lat": 37.809734404792614 }, "geometry": { "type": "Polygon", "coordinates": [ [ [ -122.234992, 37.8072 ], [ -122.232587, 37.809895 ], [ -122.234447, 37.811225 ], [ -122.230274, 37.811998 ], [ -122.228855, 37.812577 ], [ -122.227685, 37.811938 ], [ -122.230686, 37.810097 ], [ -122.23106, 37.807199 ], [ -122.233008, 37.806888 ], [ -122.234992, 37.8072 ] ] ] } },
{ "type": "Feature", "properties": { "GEOID": "060014006002", "NAME": "2", "ALAND": 131267, "AWATER": 0, "centroid_lon": -122.26530936359788, "centroid_lat": 37.840349820452026 }, "geometry": { "type": "Polygon", "coordinates": [ [ [ -122.267562, 37.841672 ], [ -122.264818, 37.842027 ], [ -122.264324, 37.842042 ], [ -122.261805, 37.84179 ], [ -122.26186, 37.841353 ], [ -122.263437, 37.840561 ], [ -122.264383, 37.839774 ], [ -122.264589, 37.839565 ], [ -122.26534, 37.838461 ], [ -122.265631, 37.837636 ], [ -122.266653, 37.837482 ], [ -122.267257, 37.840152 ], [ -122.267562, 37.841672 ] ] ] } },
{ "type": "Feature", "properties": { "GEOID": "060014028022", "NAME": "2", "ALAND": 53008, "AWATER": 0, "centroid_lon": -122.2742335009268, "centroid_lat": 37.807872703065925 }, "geometry": { "type": "Polygon", "coordinates": [ [ [ -122.275979, 37.806222 ], [ -122.273353, 37.810465 ], [ -122.273002, 37.809455 ], [ -122.272805, 37.80878 ], [ -122.274801, 37.805769 ], [ -122.275979, 37.806222 ] ] ] } },
{ "type": "Feature", "properties": { "GEOID": "060019820001", "NAME": "1", "ALAND": 1269350, "AWATER": 453537, "centroid_lon": -122.29398239125581, "centroid_lat": 37.796250834810728 }, "geometry": { "type": "Polygon", "coordinates": [ [ [ -122.313212, 37.795303 ], [ -122.307743, 37.795816 ], [ -122.300868, 37.797369 ], [ -122.290031, 37.799622 ], [ -122.28867, 37.802755 ], [ -122.286832, 37.802685 ], [ -122.283322, 37.8017 ], [ -122.279687, 37.800256 ], [ -122.282207, 37.796267 ], [ -122.283739, 37.794803 ], [ -122.284396, 37.793597 ], [ -122.285971, 37.793616 ], [ -122.294801, 37.792163 ], [ -122.30104, 37.791954 ], [ -122.305802, 37.792572 ], [ -122.315064, 37.794579 ], [ -122.313212, 37.795303 ] ] ] } },
{ "type": "Feature", "properties": { "GEOID": "060014010005", "NAME": "5", "ALAND": 221161, "AWATER": 0, "centroid_lon": -122.27284800497458, "centroid_lat": 37.826654075804107 }, "geometry": { "type": "Polygon", "coordinates": [ [ [ -122.278707, 37.827151 ], [ -122.277923, 37.827108 ], [ -122.278343, 37.828522 ], [ -122.277877, 37.828493 ], [ -122.271722, 37.827629 ], [ -122.267828, 37.827044 ], [ -122.268563, 37.824462 ], [ -122.278611, 37.826878 ], [ -122.278707, 37.827151 ] ] ] } },
{ "type": "Feature", "properties": { "GEOID": "060014062014", "NAME": "4", "ALAND": 108920, "AWATER": 0, "centroid_lon": -122.2328996701319, "centroid_lat": 37.78288277986573 }, "geometry": { "type": "Polygon", "coordinates": [ [ [ -122.234293, 37.784972 ], [ -122.229935, 37.782402 ], [ -122.231481, 37.780769 ], [ -122.2359, 37.78341 ], [ -122.234293, 37.784972 ] ] ] } },
{ "type": "Feature", "properties": { "GEOID": "060014072001", "NAME": "1", "ALAND": 187459, "AWATER": 0, "centroid_lon": -122.21539158354571, "centroid_lat": 37.774920600061435 }, "geometry": { "type": "Polygon", "coordinates": [ [ [ -122.217191, 37.776896 ], [ -122.214748, 37.777317 ], [ -122.213859, 37.776521 ], [ -122.211734, 37.774681 ], [ -122.214794, 37.772376 ], [ -122.218938, 37.774348 ], [ -122.217191, 37.776896 ] ] ] } },
{ "type": "Feature", "properties": { "GEOID": "060014052001", "NAME": "1", "ALAND": 326609, "AWATER": 0, "centroid_lon": -122.23920712439875, "centroid_lat": 37.804745214925113 }, "geometry": { "type": "Polygon", "coordinates": [ [ [ -122.244001, 37.802319 ], [ -122.243006, 37.804082 ], [ -122.2411, 37.806836 ], [ -122.241976, 37.807526 ], [ -122.241982, 37.808552 ], [ -122.235416, 37.805624 ], [ -122.233397, 37.804375 ], [ -122.234866, 37.803376 ], [ -122.237222, 37.803121 ], [ -122.240188, 37.802549 ], [ -122.241671, 37.802399 ], [ -122.242352, 37.80232 ], [ -122.243982, 37.801855 ], [ -122.244001, 37.802319 ] ] ] } },
{ "type": "Feature", "properties": { "GEOID": "060014014003", "NAME": "3", "ALAND": 246694, "AWATER": 0, "centroid_lon": -122.27313216589639, "centroid_lat": 37.816708581006715 }, "geometry": { "type": "Polygon", "coordinates": [ [ [ -122.276246, 37.819478 ], [ -122.271186, 37.818732 ], [ -122.270954, 37.819641 ], [ -122.269891, 37.819488 ], [ -122.270041, 37.818894 ], [ -122.271379, 37.815031 ], [ -122.273394, 37.812723 ], [ -122.274122, 37.812829 ], [ -122.275265, 37.816452 ], [ -122.276053, 37.81887 ], [ -122.276246, 37.819478 ] ] ] } },
{ "type": "Feature", "properties": { "GEOID": "060014065003", "NAME": "3", "ALAND": 251514, "AWATER": 0, "centroid_lon": -122.21868907211723, "centroid_lat": 37.785210159304029 }, "geometry": { "type": "Polygon", "coordinates": [ [ [ -122.222249, 37.784938 ], [ -122.221193, 37.787599 ], [ -122.218116, 37.785931 ], [ -122.216343, 37.788204 ], [ -122.215828, 37.787971 ], [ -122.214028, 37.785834 ], [ -122.215271, 37.785099 ], [ -122.217565, 37.783713 ], [ -122.2191, 37.7822 ], [ -122.219322, 37.782476 ], [ -122.222729, 37.783749 ], [ -122.222249, 37.784938 ] ] ] } },
{ "type": "Feature", "properties": { "GEOID": "060014094001", "NAME": "1", "ALAND": 127231, "AWATER": 0, "centroid_lon": -122.17323453222578, "centroid_lat": 37.745028603479511 }, "geometry": { "type": "Polygon", "coordinates": [ [ [ -122.175999, 37.745611 ], [ -122.172521, 37.747223 ], [ -122.170489, 37.744471 ], [ -122.173901, 37.742814 ], [ -122.175999, 37.745611 ] ] ] } },
{ "type": "Feature", "properties": { "GEOID": "060014041022", "NAME": "2", "ALAND": 82816, "AWATER": 0, "centroid_lon": -122.25334397113529, "centroid_lat": 37.826680841906516 }, "geometry": { "type": "Polygon", "coordinates": [ [ [ -122.256742, 37.827628 ], [ -122.256203, 37.828483 ], [ -122.256099, 37.828446 ], [ -122.252453, 37.826373 ], [ -122.251202, 37.8273 ], [ -122.249899, 37.826359 ], [ -122.253357, 37.825164 ], [ -122.254208, 37.826348 ], [ -122.254964, 37.826904 ], [ -122.256547, 37.827554 ], [ -122.256661, 37.827555 ], [ -122.256742, 37.827628 ] ] ] } },
{ "type": "Feature", "properties": { "GEOID": "060014028012", "NAME": "2", "ALAND": 29119, "AWATER": 0, "centroid_lon": -122.27139807042933, "centroid_lat": 37.811036762177721 }, "geometry": { "type": "Polygon", "coordinates": [ [ [ -122.273513, 37.811509 ], [ -122.272973, 37.811774 ], [ -122.272751, 37.811637 ], [ -122.269293, 37.81105 ], [ -122.269487, 37.810326 ], [ -122.272937, 37.810935 ], [ -122.27331, 37.810915 ], [ -122.273513, 37.811509 ] ] ] } },
{ "type": "Feature", "properties": { "GEOID": "060014068001", "NAME": "1", "ALAND": 274258, "AWATER": 0, "centroid_lon": -122.19084067229045, "centroid_lat": 37.801576843713555 }, "geometry": { "type": "Polygon", "coordinates": [ [ [ -122.194059, 37.807423 ], [ -122.190151, 37.802808 ], [ -122.185369, 37.798489 ], [ -122.187682, 37.798822 ], [ -122.191753, 37.798872 ], [ -122.193382, 37.801326 ], [ -122.194085, 37.802956 ], [ -122.192665, 37.803075 ], [ -122.194499, 37.805509 ], [ -122.192556, 37.805123 ], [ -122.195038, 37.808233 ], [ -122.194059, 37.807423 ] ] ] } },
{ "type": "Feature", "properties": { "GEOID": "060014035011", "NAME": "1", "ALAND": 87198, "AWATER": 0, "centroid_lon": -122.26086961876653, "centroid_lat": 37.815220574288475 }, "geometry": { "type": "Polygon", "coordinates": [ [ [ -122.263071, 37.815063 ], [ -122.260289, 37.817103 ], [ -122.258656, 37.816092 ], [ -122.259039, 37.815321 ], [ -122.260034, 37.814521 ], [ -122.261495, 37.813034 ], [ -122.263071, 37.815063 ] ] ] } },
{ "type": "Feature", "properties": { "GEOID": "060014082001", "NAME": "1", "ALAND": 372649, "AWATER": 0, "centroid_lon": -122.1762930696358, "centroid_lat": 37.777552559175042 }, "geometry": { "type": "Polygon", "coordinates": [ [ [ -122.180189, 37.779744 ], [ -122.175055, 37.78021 ], [ -122.172039, 37.777821 ], [ -122.169832, 37.774937 ], [ -122.172017, 37.774245 ], [ -122.173976, 37.776172 ], [ -122.176332, 37.776474 ], [ -122.176872, 37.77612 ], [ -122.17953, 37.775667 ], [ -122.182559, 37.777412 ], [ -122.180189, 37.779744 ] ] ] } },
{ "type": "Feature", "properties": { "GEOID": "060014011004", "NAME": "4", "ALAND": 319956, "AWATER": 0, "centroid_lon": -122.26518774358244, "centroid_lat": 37.832418768057281 }, "geometry": { "type": "Polygon", "coordinates": [ [ [ -122.266895, 37.831339 ], [ -122.266494, 37.833405 ], [ -122.265631, 37.837636 ], [ -122.264169, 37.83787 ], [ -122.262361, 37.837314 ], [ -122.263904, 37.83156 ], [ -122.26513, 37.827054 ], [ -122.265267, 37.826478 ], [ -122.267828, 37.827044 ], [ -122.266895, 37.831339 ] ] ] } },
{ "type": "Feature", "properties": { "GEOID": "060014059013", "NAME": "3", "ALAND": 132649, "AWATER": 0, "centroid_lon": -122.23603872553758, "centroid_lat": 37.787409982122355 }, "geometry": { "type": "Polygon", "coordinates": [ [ [ -122.237974, 37.789708 ], [ -122.237876, 37.789765 ], [ -122.232503, 37.786558 ], [ -122.234054, 37.785193 ], [ -122.235639, 37.785864 ], [ -122.239448, 37.788135 ], [ -122.237974, 37.789708 ] ] ] } },
{ "type": "Feature", "properties": { "GEOID": "060014105001", "NAME": "1", "ALAND": 195927, "AWATER": 0, "centroid_lon": -122.28915879130633, "centroid_lat": 37.806080025427775 }, "geometry": { "type": "Polygon", "coordinates": [ [ [ -122.293325, 37.806077 ], [ -122.290048, 37.805341 ], [ -122.288335, 37.810106 ], [ -122.286208, 37.809606 ], [ -122.287923, 37.804853 ], [ -122.28867, 37.802755 ], [ -122.289161, 37.802772 ], [ -122.291101, 37.802526 ], [ -122.290392, 37.804374 ], [ -122.29369, 37.805079 ], [ -122.293325, 37.806077 ] ] ] } },
{ "type": "Feature", "properties": { "GEOID": "060014044002", "NAME": "2", "ALAND": 569050, "AWATER": 0, "centroid_lon": -122.21692000583121, "centroid_lat": 37.837129007298117 }, "geometry": { "type": "Polygon", "coordinates": [ [ [ -122.224827, 37.841683 ], [ -122.219274, 37.83965 ], [ -122.21793, 37.840661 ], [ -122.217776, 37.842535 ], [ -122.21568, 37.839599 ], [ -122.215363, 37.84087 ], [ -122.214298, 37.840214 ], [ -122.2136, 37.838555 ], [ -122.214753, 37.836763 ], [ -122.21334, 37.835672 ], [ -122.212365, 37.838177 ], [ -122.210683, 37.83876 ], [ -122.211029, 37.837762 ], [ -122.212328, 37.834442 ], [ -122.214548, 37.832793 ], [ -122.215301, 37.831595 ], [ -122.215781, 37.83126 ], [ -122.2171, 37.832758 ], [ -122.219672, 37.836392 ], [ -122.222687, 37.838895 ], [ -122.224827, 37.841683 ] ] ] } }
]
}
