{
"type": "FeatureCollection",
"name": "oakland_block_groups_analysis_table",
"crs": { "type": "name", "properties": { "name": "urn:ogc:def:crs:EPSG::4269" } },
"features": [
{ "type": "Feature", "properties": { "GEOID": "060014047002", "NAME_x": "2", "ALAND": 603654, "AWATER": 0, "centroid_lon": -122.20489485711495, "centroid_lat": 37.812049976448527, "NAME_y": "Block Group 2; Census Tract 4047; Alameda County; California", "B03002_001E": 1174, "B03002_001M": 176, "B03002_012E": 92, "B03002_012M": 76, "B19013_001E": 250001, "B19013_001M": -333333333, "B01003_001E": 1174, "state": "06", "county": "001", "tract": "404700", "block group": "2", "latino_share": 0.078364565587734247, "latino_share_moe90": 0.063661031274068455, "camera_count": 0, "arterial_road_m": 2130.2595695345726, "crime_count_pre_treatment": 135, "land_area_km2": 0.603654, "pop_density_per_km2": 1944.8226964453147, "camera_density_per_km2": 0.0, "crime_rate_per_km2": 223.63804431015117, "arterial_km_per_km2": 3.5289413629903428 }, "geometry": { "type": "Polygon", "coordinates": [ [ [ -122.210334, 37.815469 ], [ -122.2078, 37.816931 ], [ -122.2062, 37.816963 ], [ -122.204236, 37.815431 ], [ -122.202201, 37.815205 ], [ -122.199439, 37.812007 ], [ -122.197791, 37.810589 ], [ -122.201658, 37.810169 ], [ -122.206073, 37.807279 ], [ -122.207372, 37.806409 ], [ -122.20971, 37.807045 ], [ -122.209615, 37.807805 ], [ -122.206116, 37.810894 ], [ -122.207969, 37.813273 ], [ -122.210334, 37.815469 ] ] ] } },
{ "type": "Feature", "properties": { "GEOID": "060014087002", "NAME_x": "2", "ALAND": 187918, "AWATER": 0, "centroid_lon": -122.18486932156688, "centroid_lat": 37.76892955036454, "NAME_y": "Block Group 2; Census Tract 4087; Alameda County; California", "B03002_001E": 2631, "B03002_001M": 822, "B03002_012E": 1243, "B03002_012M": 624, "B19013_001E": 66541, "B19013_001M": 43963, "B01003_001E": 2631, "state": "06", "county": "001", "tract": "408700", "block group": "2", "latino_share": 0.47244393766628656, "latino_share_moe90": 0.1856431732775021, "camera_count": 3, "arterial_road_m": 1578.6329673905655, "crime_count_pre_treatment": 648, "land_area_km2": 0.187918, "pop_density_per_km2": 14000.787577560424, "camera_density_per_km2": 15.964410008620781, "crime_rate_per_km2": 3448.3125618620888, "arterial_km_per_km2": 8.4006479815162223 }, "geometry": { "type": "Polygon", "coordinates": [ [ [ -122.189033, 37.767452 ], [ -122.18563, 37.769621 ], [ -122.18448, 37.770812 ], [ -122.181981, 37.772422 ], [ -122.181595, 37.771872 ], [ -122.181871, 37.769571 ], [ -122.182051, 37.769184 ], [ -122.187323, 37.765796 ], [ -122.189033, 37.767452 ] ] ] } },
{ "type": "Feature", "properties": { "GEOID": "060014097002", "NAME_x": "2", "ALAND": 213396, "AWATER": 0, "centroid_lon": -122.16439200400666, "centroid_lat": 37.752635967193804, "NAME_y": "Block Group 2; Census Tract 4097; Alameda County; California", "B03002_001E": 1489, "B03002_001M": 484, "B03002_012E": 551, "B03002_012M": 321, "B19013_001E": 28663, "B19013_001M": 17922, "B01003_001E": 1489, "state": "06", "county": "001", "tract": "409700", "block group": "2", "latino_share": 0.37004701141705842, "latino_share_moe90": 0.17890476553122206, "camera_count": 3, "arterial_road_m": 1402.7263691693333, "crime_count_pre_treatment": 664, "land_area_km2": 0.213396, "pop_density_per_km2": 6977.6378188907011, "camera_density_per_km2": 14.058370353708598, "crime_rate_per_km2": 3111.5859716208365, "arterial_km_per_km2": 6.5733489342318192 }, "geometry": { "type": "Polygon", "coordinates": [ [ [ -122.167868, 37.752648 ], [ -122.167571, 37.752785 ], [ -122.161409, 37.755639 ], [ -122.1604, 37.752903 ], [ -122.164044, 37.75119 ], [ -122.167145, 37.749709 ], [ -122.168291, 37.75126 ], [ -122.167868, 37.752648 ] ] ] } },
{ "type": "Feature", "properties": { "GEOID": "060014090001", "NAME_x": "1", "ALAND": 1302870, "AWATER": 0, "centroid_lon": -122.1902752568502, "centroid_lat": 37.740192560800487, "NAME_y": "Block Group 1; Census Tract 4090; Alameda County; California", "B03002_001E": 2919, "B03002_001M": 1107, "B03002_012E": 1909, "B03002_012M": 1140, "B19013_001E": 95388, "B19013_001M": 31161, "B01003_001E": 2919, "state": "06", "county": "001", "tract": "409000", "block group": "1", "latino_share": 0.65399109284001367, "latino_share_moe90": 0.30168133606372238, "camera_count": 5, "arterial_road_m": 7737.3801704931921, "crime_count_pre_treatment": 1911, "land_area_km2": 1.30287, "pop_density_per_km2": 2240.438416726151, "camera_density_per_km2": 3.8376814263894325, "crime_rate_per_km2": 1466.7618411660412, "arterial_km_per_km2": 5.9387200338431247 }, "geometry": { "type": "Polygon", "coordinates": [ [ [ -122.196063, 37.745818 ], [ -122.196548, 37.750857 ], [ -122.193624, 37.748322 ], [ -122.190731, 37.745815 ], [ -122.181561, 37.737835 ], [ -122.18335, 37.736426 ], [ -122.183593, 37.735921 ], [ -122.183825, 37.735389 ], [ -122.184187, 37.734824 ], [ -122.184816, 37.734289 ], [ -122.186815, 37.732855 ], [ -122.186936, 37.732769 ], [ -122.188784, 37.731729 ], [ -122.195814, 37.739765 ], [ -122.196628, 37.739705 ], [ -122.196063, 37.745818 ] ] ] } },
{ "type": "Feature", "properties": { "GEOID": "060014087004", "NAME_x": "4", "ALAND": 143340, "AWATER": 0, "centroid_lon": -122.1960699410938, "centroid_lat": 37.76535921253204, "NAME_y": "Block Group 4; Census Tract 4087; Alameda County; California", "B03002_001E": 648, "B03002_001M": 368, "B03002_012E": 538, "B03002_012M": 366, "B19013_001E": -666666666, "B19013_001M": -222222222, "B01003_001E": 648, "state": "06", "county": "001", "tract": "408700", "block group": "4", "latino_share": 0.83024691358024694, "latino_share_moe90": 0.31097456150665914, "camera_count": 1, "arterial_road_m": 278.25777743350113, "crime_count_pre_treatment": 598, "land_area_km2": 0.14334, "pop_density_per_km2": 4520.7199665131857, "camera_density_per_km2": 6.9764197014092373, "crime_rate_per_km2": 4171.8989814427241, "arterial_km_per_km2": 1.9412430405574237 }, "geometry": { "type": "Polygon", "coordinates": [ [ [ -122.195729, 37.767804 ], [ -122.19308, 37.764803 ], [ -122.195455, 37.763258 ], [ -122.199502, 37.765149 ], [ -122.195729, 37.767804 ] ] ] } },
{ "type": "Feature", "properties": { "GEOID": "060014034013", "NAME_x": "3", "ALAND": 37469, "AWATER": 0, "centroid_lon": -122.26267836252998, "centroid_lat": 37.802621815569402, "NAME_y": "Block Group 3; Census Tract 4034.01; Alameda County; California", "B03002_001E": 744, "B03002_001M": 245, "B03002_012E": 52, "B03002_012M": 74, "B19013_001E": -666666666, "B19013_001M": -222222222, "B01003_001E": 744, "state": "06", "county": "001", "tract": "403401", "block group": "3", "latino_share": 0.069892473118279563, "latino_share_moe90": 0.096762809292867943, "camera_count": 0, "arterial_road_m": 496.64798189922868, "crime_count_pre_treatment": 172, "land_area_km2": 0.037469, "pop_density_per_km2": 19856.414636099173, "camera_density_per_km2": 0.0, "crime_rate_per_km2": 4590.4614481304543, "arterial_km_per_km2": 13.2549035709314 }, "geometry": { "type": "Polygon", "coordinates": [ [ [ -122.264071, 37.801572 ], [ -122.262394, 37.804196 ], [ -122.261318, 37.80363 ], [ -122.262903, 37.801101 ], [ -122.264071, 37.801572 ] ] ] } },
{ "type": "Feature", "properties": { "GEOID": "060014007003", "NAME_x": "3", "ALAND": 139344, "AWATER": 0, "centroid_lon": -122.27194403150236, "centroid_lat": 37.840383059392536, "NAME_y": "Block Group 3; Census Tract 4007; Alameda County; California", "B03002_001E": 735, "B03002_001M": 274, "B03002_012E": 58, "B03002_012M": 71, "B19013_001E": 113972, "B19013_001M": 43667, "B01003_001E": 735, "state": "06", "county": "001", "tract": "400700", "block group": "3", "latino_share": 0.078911564625850333, "latino_share_moe90": 0.092010408901980256, "camera_count": 0, "arterial_road_m": 734.87682764805515, "crime_count_pre_treatment": 268, "land_area_km2": 0.139344, "pop_density_per_km2": 5274.715811229762, "camera_density_per_km2": 0.0, "crime_rate_per_km2": 1923.2977379722126, "arterial_km_per_km2": 5.2738318668048514 }, "geometry": { "type": "Polygon", "coordinates": [ [ [ -122.27658, 37.840676 ], [ -122.267562, 37.841672 ], [ -122.267257, 37.840152 ], [ -122.275229, 37.839149 ], [ -122.276311, 37.839266 ], [ -122.27658, 37.840676 ] ] ] } },
{ "type": "Feature", "properties": { "GEOID": "060014075001", "NAME_x": "1", "ALAND": 112786, "AWATER": 0, "centroid_lon": -122.19380425439637, "centroid_lat": 37.770622735075023, "NAME_y": "Block Group 1; Census Tract 4075; Alameda County; California", "B03002_001E": 421, "B03002_001M": 247, "B03002_012E": 181, "B03002_012M": 155, "B19013_001E": -666666666, "B19013_001M": -222222222, "B01003_001E": 421, "state": "06", "county": "001", "tract": "407500", "block group": "1", "latino_share": 0.42992874109263657, "latino_share_moe90": 0.26818958112488511, "camera_count": 1, "arterial_road_m": 835.91228489603679, "crime_count_pre_treatment": 695, "land_area_km2": 0.112786, "pop_density_per_km2": 3732.7327859840761, "camera_density_per_km2": 8.866348660294717, "crime_rate_per_km2": 6162.1123189048285, "arterial_km_per_km2": 7.4114897673118714 }, "geometry": { "type": "Polygon", "coordinates": [ [ [ -122.196541, 37.7697 ], [ -122.194398, 37.771202 ], [ -122.19592, 37.772639 ], [ -122.190345, 37.771576 ], [ -122.192194, 37.770292 ], [ -122.194984, 37.768322 ], [ -122.196541, 37.7697 ] ] ] } },
{ "type": "Feature", "properties": { "GEOID": "060014059012", "NAME_x": "2", "ALAND": 186701, "AWATER": 0, "centroid_lon": -122.23426611834725, "centroid_lat": 37.789507801606916, "NAME_y": "Block Group 2; Census Tract 4059.01; Alameda County; California", "B03002_001E": 1139, "B03002_001M": 395, "B03002_012E": 283, "B03002_012M": 197, "B19013_001E": 52208, "B19013_001M": 27606, "B01003_001E": 1139, "state": "06", "county": "001", "tract": "405901", "block group": "2", "latino_share": 0.24846356453028973, "latino_share_moe90": 0.14996712829065706, "camera_count": 0, "arterial_road_m": 1442.4458298169591, "crime_count_pre_treatment": 604, "land_area_km2": 0.186701, "pop_density_per_km2": 6100.6636279398608, "camera_density_per_km2": 0.0, "crime_rate_per_km2": 3235.1192548513395, "arterial_km_per_km2": 7.7259673478822242 }, "geometry": { "type": "Polygon", "coordinates": [ [ [ -122.235512, 37.792267 ], [ -122.23544, 37.792224 ], [ -122.233339, 37.790957 ], [ -122.231583, 37.789907 ], [ -122.230914, 37.789441 ], [ -122.23196, 37.788044 ], [ -122.232013, 37.78758 ], [ -122.232503, 37.786558 ], [ -122.237876, 37.789765 ], [ -122.235512, 37.792267 ] ] ] } },
{ "type": "Feature", "properties": { "GEOID": "060014064001", "NAME_x": "1", "ALAND": 140954, "AWATER": 0, "centroid_lon": -122.21925901317221, "centroid_lat": 37.794806698030612, "NAME_y": "Block Group 1; Census Tract 4064; Alameda County; California", "B03002_001E": 622, "B03002_001M": 170, "B03002_012E": 171, "B03002_012M": 115, "B19013_001E": 81597, "B19013_001M": 34165, "B01003_001E": 622, "state": "06", "county": "001", "tract": "406400", "block group": "1", "latino_share": 0.27491961414790994, "latino_share_moe90": 0.16893055772697349, "camera_count": 4, "arterial_road_m": 1260.1444411088019, "crime_count_pre_treatment": 201, "land_area_km2": 0.140954, "pop_density_per_km2": 4412.7871504178665, "camera_density_per_km2": 28.378052414262811, "crime_rate_per_km2": 1425.9971338167063, "arterial_km_per_km2": 8.9401112498318742 }, "geometry": { "type": "Polygon", "coordinates": [ [ [ -122.220813, 37.791882 ], [ -122.220646, 37.794198 ], [ -122.218581, 37.798803 ], [ -122.216974, 37.798404 ], [ -122.217936, 37.795826 ], [ -122.218469, 37.794476 ], [ -122.219751, 37.791152 ], [ -122.219995, 37.790516 ], [ -122.221573, 37.790949 ], [ -122.220813, 37.791882 ] ] ] } },
{ "type": "Feature", "properties": { "GEOID": "060014035014", "NAME_x": "4", "ALAND": 181016, "AWATER": 0, "centroid_lon": -122.26356834037873, "centroid_lat": 37.81379552155655, "NAME_y": "Block Group 4; Census Tract 4035.01; Alameda County; California", "B03002_001E": 1619, "B03002_001M": 517, "B03002_012E": 91, "B03002_012M": 114, "B19013_001E": 158250, "B19013_001M": 92749, "B01003_001E": 1619, "state": "06", "county": "001", "tract": "403501", "block group": "4", "latino_share": 0.056207535515750466, "latino_share_moe90": 0.068087771688777041, "camera_count": 2, "arterial_road_m": 2458.4513012308953, "crime_count_pre_treatment": 2562, "land_area_km2": 0.181016, "pop_density_per_km2": 8943.9607548503991, "camera_density_per_km2": 11.048747072082024, "crime_rate_per_km2": 14153.444999337074, "arterial_km_per_km2": 13.581403308165552 }, "geometry": { "type": "Polygon", "coordinates": [ [ [ -122.266771, 37.811553 ], [ -122.263084, 37.817449 ], [ -122.26091, 37.817068 ], [ -122.260289, 37.817103 ], [ -122.263071, 37.815063 ], [ -122.261495, 37.813034 ], [ -122.262463, 37.810945 ], [ -122.265421, 37.811468 ], [ -122.266771, 37.811553 ] ] ] } },
{ "type": "Feature", "properties": { "GEOID": "060014093002", "NAME_x": "2", "ALAND": 194931, "AWATER": 0, "centroid_lon": -122.16915013725406, "centroid_lat": 37.737649776101847, "NAME_y": "Block Group 2; Census Tract 4093; Alameda County; California", "B03002_001E": 1213, "B03002_001M": 468, "B03002_012E": 888, "B03002_012M": 420, "B19013_001E": 70566, "B19013_001M": 10385, "B01003_001E": 1213, "state": "06", "county": "001", "tract": "409300", "block group": "2", "latino_share": 0.73206924979389942, "latino_share_moe90": 0.20027967671514407, "camera_count": 2, "arterial_road_m": 1107.4866391611865, "crime_count_pre_treatment": 372, "land_area_km2": 0.194931, "pop_density_per_km2": 6222.714704177376, "camera_density_per_km2": 10.260040732361707, "crime_rate_per_km2": 1908.3675762192777, "arterial_km_per_km2": 5.6814290141700736 }, "geometry": { "type": "Polygon", "coordinates": [ [ [ -122.170734, 37.737323 ], [ -122.17167, 37.738553 ], [ -122.167519, 37.740468 ], [ -122.165472, 37.737689 ], [ -122.171556, 37.734996 ], [ -122.170097, 37.732056 ], [ -122.17267, 37.73642 ], [ -122.170734, 37.737323 ] ] ] } },
{ "type": "Feature", "properties": { "GEOID": "060014102002", "NAME_x": "2", "ALAND": 164559, "AWATER": 0, "centroid_lon": -122.156126096297, "centroid_lat": 37.7437362340536, "NAME_y": "Block Group 2; Census Tract 4102; Alameda County; California", "B03002_001E": 973, "B03002_001M": 294, "B03002_012E": 231, "B03002_012M": 185, "B19013_001E": 88977, "B19013_001M": 57817, "B01003_001E": 973, "state": "06", "county": "001", "tract": "410200", "block group": "2", "latino_share": 0.23741007194244604, "latino_share_moe90": 0.17608185184802061, "camera_count": 1, "arterial_road_m": 1285.509211036715, "crime_count_pre_treatment": 282, "land_area_km2": 0.164559, "pop_density_per_km2": 5912.7729264276031, "camera_density_per_km2": 6.0768478175001057, "crime_rate_per_km2": 1713.6710845350299, "arterial_km_per_km2": 7.8118438434647448 }, "geometry": { "type": "Polygon", "coordinates": [ [ [ -122.159506, 37.745049 ], [ -122.156174, 37.745897 ], [ -122.153625, 37.744069 ], [ -122.152496, 37.742923 ], [ -122.153008, 37.742627 ], [ -122.156962, 37.741506 ], [ -122.159506, 37.745049 ] ] ] } },
{ "type": "Feature", "properties": { "GEOID": "060014024002", "NAME_x": "2", "ALAND": 154523, "AWATER": 0, "centroid_lon": -122.28306243681345, "centroid_lat": 37.810405141816069, "NAME_y": "Block Group 2; Census Tract 4024; Alameda County; California", "B03002_001E": 1409, "B03002_001M": 387, "B03002_012E": 87, "B03002_012M": 66, "B19013_001E": 24085, "B19013_001M": 14600, "B01003_001E": 1409, "state": "06", "county": "001", "tract": "402400", "block group": "2", "latino_share": 0.061745919091554295, "latino_share_moe90": 0.043663824448992167, "camera_count": 0, "arterial_road_m": 1086.3318144040556, "crime_count_pre_treatment": 336, "land_area_km2": 0.154523, "pop_density_per_km2": 9118.3836710392625, "camera_density_per_km2": 0.0, "crime_rate_per_km2": 2174.4335794671342, "arterial_km_per_km2": 7.0302273085822549 }, "geometry": { "type": "Polygon", "coordinates": [ [ [ -122.285192, 37.812403 ], [ -122.279921, 37.811183 ], [ -122.280965, 37.808301 ], [ -122.281485, 37.808568 ], [ -122.286208, 37.809606 ], [ -122.285192, 37.812403 ] ] ] } },
{ "type": "Feature", "properties": { "GEOID": "060014065001", "NAME_x": "1", "ALAND": 239955, "AWATER": 0, "centroid_lon": -122.21580081242833, "centroid_lat": 37.790812465073223, "NAME_y": "Block Group 1; Census Tract 4065; Alameda County; California", "B03002_001E": 1967, "B03002_001M": 515, "B03002_012E": 919, "B03002_012M": 390, "B19013_001E": 69821, "B19013_001M": 13417, "B01003_001E": 1967, "state": "06", "county": "001", "tract": "406500", "block group": "1", "latino_share": 0.46720894763599391, "latino_share_moe90": 0.15603927992010097, "camera_count": 0, "arterial_road_m": 253.53807397483092, "crime_count_pre_treatment": 202, "land_area_km2": 0.239955, "pop_density_per_km2": 8197.3703402721349, "camera_density_per_km2": 0.0, "crime_rate_per_km2": 841.82450876205951, "arterial_km_per_km2": 1.0566067553284195 }, "geometry": { "type": "Polygon", "coordinates": [ [ [ -122.218469, 37.794476 ], [ -122.216297, 37.793686 ], [ -122.216996, 37.792796 ], [ -122.214825, 37.791757 ], [ -122.211685, 37.790305 ], [ -122.211104, 37.789688 ], [ -122.214328, 37.787803 ], [ -122.216343, 37.788204 ], [ -122.216298, 37.789797 ], [ -122.219751, 37.791152 ], [ -122.218469, 37.794476 ] ] ] } },
{ "type": "Feature", "properties": { "GEOID": "060014083002", "NAME_x": "2", "ALAND": 465631, "AWATER": 0, "centroid_lon": -122.16084853681092, "centroid_lat": 37.772120619280038, "NAME_y": "Block Group 2; Census Tract 4083; Alameda County; California", "B03002_001E": 993, "B03002_001M": 346, "B03002_012E": 145, "B03002_012M": 152, "B19013_001E": 124904, "B19013_001M": 43024, "B01003_001E": 993, "state": "06", "county": "001", "tract": "408300", "block group": "2", "latino_share": 0.14602215508559918, "latino_share_moe90": 0.14436802877475555, "camera_count": 3, "arterial_road_m": 1101.9650115404033, "crime_count_pre_treatment": 256, "land_area_km2": 0.465631, "pop_density_per_km2": 2132.5899693104625, "camera_density_per_km2": 6.4428699979168051, "crime_rate_per_km2": 549.79157315556733, "arterial_km_per_km2": 2.3666057705359038 }, "geometry": { "type": "Polygon", "coordinates": [ [ [ -122.164511, 37.776112 ], [ -122.165991, 37.777292 ], [ -122.164035, 37.776422 ], [ -122.158068, 37.773348 ], [ -122.158891, 37.773429 ], [ -122.154381, 37.768779 ], [ -122.156658, 37.767739 ], [ -122.157405, 37.768803 ], [ -122.157946, 37.767845 ], [ -122.158706, 37.768677 ], [ -122.165833, 37.772182 ], [ -122.164496, 37.773016 ], [ -122.166793, 37.774587 ], [ -122.164511, 37.776112 ] ] ] } },
{ "type": "Feature", "properties": { "GEOID": "060014095002", "NAME_x": "2", "ALAND": 197288, "AWATER": 0, "centroid_lon": -122.18014726064041, "centroid_lat": 37.752883495932132, "NAME_y": "Block Group 2; Census Tract 4095; Alameda County; California", "B03002_001E": 1998, "B03002_001M": 611, "B03002_012E": 1623, "B03002_012M": 585, "B19013_001E": 66129, "B19013_001M": 29444, "B01003_001E": 1998, "state": "06", "county": "001", "tract": "409500", "block group": "2", "latino_share": 0.81231231231231227, "latino_share_moe90": 0.15498445156392018, "camera_count": 1, "arterial_road_m": 648.29558496963796, "crime_count_pre_treatment": 535, "land_area_km2": 0.197288, "pop_density_per_km2": 10127.326547990755, "camera_density_per_km2": 5.0687320060013787, "crime_rate_per_km2": 2711.7716232107377, "arterial_km_per_km2": 3.2860365808849901 }, "geometry": { "type": "Polygon", "coordinates": [ [ [ -122.18375, 37.753142 ], [ -122.179302, 37.755303 ], [ -122.179117, 37.755471 ], [ -122.178484, 37.755174 ], [ -122.176501, 37.752609 ], [ -122.181598, 37.750245 ], [ -122.18375, 37.753142 ] ] ] } },
{ "type": "Feature", "properties": { "GEOID": "060014072002", "NAME_x": "2", "ALAND": 153171, "AWATER": 0, "centroid_lon": -122.21813854926805, "centroid_lat": 37.777287591592739, "NAME_y": "Block Group 2; Census Tract 4072; Alameda County; California", "B03002_001E": 1412, "B03002_001M": 682, "B03002_012E": 1167, "B03002_012M": 684, "B19013_001E": 68421, "B19013_001M": 27390, "B01003_001E": 1412, "state": "06", "county": "001", "tract": "407200", "block group": "2", "latino_share": 0.82648725212464591, "latino_share_moe90": 0.27441725274366885, "camera_count": 0, "arterial_road_m": 1180.1319027572313, "crime_count_pre_treatment": 392, "land_area_km2": 0.153171, "pop_density_per_km2": 9218.4551906039651, "camera_density_per_km2": 0.0, "crime_rate_per_km2": 2559.2311860600244, "arterial_km_per_km2": 7.7046693091853626 }, "geometry": { "type": "Polygon", "coordinates": [ [ [ -122.219212, 37.777379 ], [ -122.219928, 37.777706 ], [ -122.218004, 37.780207 ], [ -122.216665, 37.779038 ], [ -122.215354, 37.777833 ], [ -122.214748, 37.777317 ], [ -122.217191, 37.776896 ], [ -122.218938, 37.774348 ], [ -122.220855, 37.77526 ], [ -122.219212, 37.777379 ] ] ] } },
{ "type": "Feature", "properties": { "GEOID": "060014013003", "NAME_x": "3", "ALAND": 213852, "AWATER": 0, "centroid_lon": -122.26646295293287, "centroid_lat": 37.815122201648897, "NAME_y": "Block Group 3; Census Tract 4013; Alameda County; California", "B03002_001E": 1582, "B03002_001M": 418, "B03002_012E": 192, "B03002_012M": 123, "B19013_001E": 126689, "B19013_001M": 21375, "B01003_001E": 1582, "state": "06", "county": "001", "tract": "401300", "block group": "3", "latino_share": 0.1213653603034134, "latino_share_moe90": 0.07082860585756981, "camera_count": 0, "arterial_road_m": 1391.8378419416156, "crime_count_pre_treatment": 1236, "land_area_km2": 0.213852, "pop_density_per_km2": 7397.6394889923877, "camera_density_per_km2": 0.0, "crime_rate_per_km2": 5779.6981089725605, "arterial_km_per_km2": 6.5084162969792922 }, "geometry": { "type": "Polygon", "coordinates": [ [ [ -122.267493, 37.81824 ], [ -122.263084, 37.817449 ], [ -122.266771, 37.811553 ], [ -122.269058, 37.811959 ], [ -122.267493, 37.81824 ] ] ] } },
{ "type": "Feature", "properties": { "GEOID": "060014058004", "NAME_x": "4", "ALAND": 95553, "AWATER": 0, "centroid_lon": -122.23637958353969, "centroid_lat": 37.796473428433593, "NAME_y": "Block Group 4; Census Tract 4058; Alameda County; California", "B03002_001E": 351, "B03002_001M": 251, "B03002_012E": 71, "B03002_012M": 108, "B19013_001E": 96417, "B19013_001M": 60644, "B01003_001E": 351, "state": "06", "county": "001", "tract": "405800", "block group": "4", "latino_share": 0.20227920227920229, "latino_share_moe90": 0.27157133795006799, "camera_count": 1, "arterial_road_m": 160.86053466729487, "crime_count_pre_treatment": 120, "land_area_km2": 0.095553, "pop_density_per_km2": 3673.3540548177452, "camera_density_per_km2": 10.465396167571923, "crime_rate_per_km2": 1255.8475401086309, "arterial_km_per_km2": 1.6834692230206783 }, "geometry": { "type": "Polygon", "coordinates": [ [ [ -122.237973, 37.79646 ], [ -122.237121, 37.797052 ], [ -122.236024, 37.798408 ], [ -122.233174, 37.796691 ], [ -122.237951, 37.794948 ], [ -122.239833, 37.795136 ], [ -122.237973, 37.79646 ] ] ] } },
{ "type": "Feature", "properties": { "GEOID": "060014058001", "NAME_x": "1", "ALAND": 162231, "AWATER": 0, "centroid_lon": -122.23010367953577, "centroid_lat": 37.792074733825906, "NAME_y": "Block Group 1; Census Tract 4058; Alameda County; California", "B03002_001E": 844, "B03002_001M": 273, "B03002_012E": 19, "B03002_012M": 38, "B19013_001E": 68581, "B19013_001M": 16425, "B01003_001E": 844, "state": "06", "county": "001", "tract": "405800", "block group": "1", "latino_share": 0.022511848341232227, "latino_share_moe90": 0.044430962815005068, "camera_count": 0, "arterial_road_m": 299.12678270743334, "crime_count_pre_treatment": 251, "land_area_km2": 0.162231, "pop_density_per_km2": 5202.4582231509394, "camera_density_per_km2": 0.0, "crime_rate_per_km2": 1547.1765568849357, "arterial_km_per_km2": 1.843832453152809 }, "geometry": { "type": "Polygon", "coordinates": [ [ [ -122.233339, 37.790957 ], [ -122.229817, 37.794708 ], [ -122.22841, 37.793872 ], [ -122.226685, 37.793545 ], [ -122.229001, 37.790821 ], [ -122.230914, 37.789441 ], [ -122.231583, 37.789907 ], [ -122.233339, 37.790957 ] ] ] } },
{ "type": "Feature", "properties": { "GEOID": "060014062022", "NAME_x": "2", "ALAND": 133847, "AWATER": 0, "centroid_lon": -122.22802019382503, "centroid_lat": 37.780026548364376, "NAME_y": "Block Group 2; Census Tract 4062.02; Alameda County; California", "B03002_001E": 1338, "B03002_001M": 283, "B03002_012E": 746, "B03002_012M": 299, "B19013_001E": 44554, "B19013_001M": 16928, "B01003_001E": 1338, "state": "06", "county": "001", "tract": "406202", "block group": "2", "latino_share": 0.55754857997010465, "latino_share_moe90": 0.18981865545597479, "camera_count": 1, "arterial_road_m": 565.32896398345667, "crime_count_pre_treatment": 589, "land_area_km2": 0.133847, "pop_density_per_km2": 9996.4885279460887, "camera_density_per_km2": 7.4712171359836237, "crime_rate_per_km2": 4400.5468930943543, "arterial_km_per_km2": 4.2236954431810698 }, "geometry": { "type": "Polygon", "coordinates": [ [ [ -122.229935, 37.782402 ], [ -122.228392, 37.781488 ], [ -122.226522, 37.780372 ], [ -122.224719, 37.779772 ], [ -122.225803, 37.777643 ], [ -122.227853, 37.778614 ], [ -122.229093, 37.779343 ], [ -122.231481, 37.780769 ], [ -122.229935, 37.782402 ] ] ] } },
{ "type": "Feature", "properties": { "GEOID": "060014051001", "NAME_x": "1", "ALAND": 325887, "AWATER": 0, "centroid_lon": -122.22624463188495, "centroid_lat": 37.811084245833463, "NAME_y": "Block Group 1; Census Tract 4051; Alameda County; California", "B03002_001E": 1076, "B03002_001M": 328, "B03002_012E": 118, "B03002_012M": 80, "B19013_001E": 250001, "B19013_001M": -333333333, "B01003_001E": 1076, "state": "06", "county": "001", "tract": "405100", "block group": "1", "latino_share": 0.10966542750929369, "latino_share_moe90": 0.066410095360968799, "camera_count": 0, "arterial_road_m": 405.08163391447596, "crime_count_pre_treatment": 77, "land_area_km2": 0.325887, "pop_density_per_km2": 3301.7579713213477, "camera_density_per_km2": 0.0, "crime_rate_per_km2": 236.27821913730835, "arterial_km_per_km2": 1.2430125593057593 }, "geometry": { "type": "Polygon", "coordinates": [ [ [ -122.230686, 37.810097 ], [ -122.227685, 37.811938 ], [ -122.228855, 37.812577 ], [ -122.226056, 37.813255 ], [ -122.225227, 37.814358 ], [ -122.224011, 37.81435 ], [ -122.221714, 37.813669 ], [ -122.221609, 37.813701 ], [ -122.220433, 37.813439 ], [ -122.220905, 37.813316 ], [ -122.222502, 37.81103 ], [ -122.225047, 37.809952 ], [ -122.227693, 37.808099 ], [ -122.23106, 37.807199 ], [ -122.230686, 37.810097 ] ] ] } },
{ "type": "Feature", "properties": { "GEOID": "060014085002", "NAME_x": "2", "ALAND": 263385, "AWATER": 0, "centroid_lon": -122.17479105983837, "centroid_lat": 37.76069702467786, "NAME_y": "Block Group 2; Census Tract 4085; Alameda County; California", "B03002_001E": 1009, "B03002_001M": 442, "B03002_012E": 343, "B03002_012M": 244, "B19013_001E": 62188, "B19013_001M": 12833, "B01003_001E": 1009, "state": "06", "county": "001", "tract": "408500", "block group": "2", "latino_share": 0.33994053518334988, "latino_share_moe90": 0.19053455999310223, "camera_count": 0, "arterial_road_m": 1093.8738855234851, "crime_count_pre_treatment": 474, "land_area_km2": 0.263385, "pop_density_per_km2": 3830.8939385310482, "camera_density_per_km2": 0.0, "crime_rate_per_km2": 1799.6469047212256, "arterial_km_per_km2": 4.1531366080964567 }, "geometry": { "type": "Polygon", "coordinates": [ [ [ -122.178491, 37.761722 ], [ -122.174561, 37.763909 ], [ -122.172761, 37.762137 ], [ -122.171136, 37.760692 ], [ -122.170547, 37.759996 ], [ -122.172296, 37.75915 ], [ -122.175717, 37.757495 ], [ -122.177263, 37.759575 ], [ -122.178228, 37.760872 ], [ -122.178491, 37.761722 ] ] ] } },
{ "type": "Feature", "properties": { "GEOID": "060014025002", "NAME_x": "2", "ALAND": 101873, "AWATER": 0, "centroid_lon": -122.28565448570671, "centroid_lat": 37.803312379298148, "NAME_y": "Block Group 2; Census Tract 4025; Alameda County; California", "B03002_001E": 939, "B03002_001M": 275, "B03002_012E": 101, "B03002_012M": 81, "B19013_001E": 15938, "B19013_001M": 3171, "B01003_001E": 939, "state": "06", "county": "001", "tract": "402500", "block group": "2", "latino_share": 0.10756123535676251, "latino_share_moe90": 0.080304563984752095, "camera_count": 2, "arterial_road_m": 2529.5556667329461, "crime_count_pre_treatment": 338, "land_area_km2": 0.101873, "pop_density_per_km2": 9217.358868394962, "camera_density_per_km2": 19.632287259627184, "crime_rate_per_km2": 3317.8565468769939, "arterial_km_per_km2": 24.83048174425948 }, "geometry": { "type": "Polygon", "coordinates": [ [ [ -122.287923, 37.804853 ], [ -122.28274, 37.803675 ], [ -122.283322, 37.8017 ], [ -122.286832, 37.802685 ], [ -122.28867, 37.802755 ], [ -122.287923, 37.804853 ] ] ] } },
{ "type": "Feature", "properties": { "GEOID": "060014027002", "NAME_x": "2", "ALAND": 193819, "AWATER": 0, "centroid_lon": -122.27845679244156, "centroid_lat": 37.810856494292892, "NAME_y": "Block Group 2; Census Tract 4027; Alameda County; California", "B03002_001E": 1193, "B03002_001M": 312, "B03002_012E": 240, "B03002_012M": 143, "B19013_001E": 126964, "B19013_001M": 13096, "B01003_001E": 1193, "state": "06", "county": "001", "tract": "402700", "block group": "2", "latino_share": 0.20117351215423301, "latino_share_moe90": 0.10770239521654563, "camera_count": 1, "arterial_road_m": 2354.2253366304326, "crime_count_pre_treatment": 651, "land_area_km2": 0.193819, "pop_density_per_km2": 6155.2272996971406, "camera_density_per_km2": 5.1594528916153735, "crime_rate_per_km2": 3358.8038324416079, "arterial_km_per_km2": 12.14651472059206 }, "geometry": { "type": "Polygon", "coordinates": [ [ [ -122.279921, 37.811183 ], [ -122.278681, 37.814574 ], [ -122.275858, 37.813468 ], [ -122.277476, 37.810882 ], [ -122.27628, 37.810444 ], [ -122.278678, 37.807284 ], [ -122.280965, 37.808301 ], [ -122.279921, 37.811183 ] ] ] } },
{ "type": "Feature", "properties": { "GEOID": "060014029001", "NAME_x": "1", "ALAND": 358247, "AWATER": 0, "centroid_lon": -122.26672067243578, "centroid_lat": 37.807546835109314, "NAME_y": "Block Group 1; Census Tract 4029; Alameda County; California", "B03002_001E": 1218, "B03002_001M": 214, "B03002_012E": 132, "B03002_012M": 87, "B19013_001E": 72188, "B19013_001M": 27061, "B01003_001E": 1218, "state": "06", "county": "001", "tract": "402900", "block group": "1", "latino_share": 0.10837438423645321, "latino_share_moe90": 0.068843848674648878, "camera_count": 0, "arterial_road_m": 3461.039485753251, "crime_count_pre_treatment": 3522, "land_area_km2": 0.358247, "pop_density_per_km2": 3399.8889034660447, "camera_density_per_km2": 0.0, "crime_rate_per_km2": 9831.2058440126511, "arterial_km_per_km2": 9.6610424811743041 }, "geometry": { "type": "Polygon", "coordinates": [ [ [ -122.271274, 37.804361 ], [ -122.266771, 37.811553 ], [ -122.265421, 37.811468 ], [ -122.262463, 37.810945 ], [ -122.263564, 37.807216 ], [ -122.265449, 37.806338 ], [ -122.26761, 37.80296 ], [ -122.268798, 37.803427 ], [ -122.271274, 37.804361 ] ] ] } },
{ "type": "Feature", "properties": { "GEOID": "060014098002", "NAME_x": "2", "ALAND": 646880, "AWATER": 0, "centroid_lon": -122.15835703323722, "centroid_lat": 37.757193765355645, "NAME_y": "Block Group 2; Census Tract 4098; Alameda County; California", "B03002_001E": 1628, "B03002_001M": 361, "B03002_012E": 245, "B03002_012M": 199, "B19013_001E": 67344, "B19013_001M": 17585, "B01003_001E": 1628, "state": "06", "county": "001", "tract": "409800", "block group": "2", "latino_share": 0.1504914004914005, "latino_share_moe90": 0.11759255549257984, "camera_count": 2, "arterial_road_m": 2203.6039354344225, "crime_count_pre_treatment": 719, "land_area_km2": 0.64688, "pop_density_per_km2": 2516.6955231263914, "camera_density_per_km2": 3.0917635419243137, "crime_rate_per_km2": 1111.4889933217908, "arterial_km_per_km2": 3.4065111542085433 }, "geometry": { "type": "Polygon", "coordinates": [ [ [ -122.164202, 37.763043 ], [ -122.16241, 37.762154 ], [ -122.158785, 37.761524 ], [ -122.155528, 37.759232 ], [ -122.155018, 37.757518 ], [ -122.152102, 37.754142 ], [ -122.152735, 37.753693 ], [ -122.153547, 37.75241 ], [ -122.154381, 37.751643 ], [ -122.157388, 37.753833 ], [ -122.1604, 37.752903 ], [ -122.161409, 37.755639 ], [ -122.161979, 37.757225 ], [ -122.163427, 37.760987 ], [ -122.164942, 37.762685 ], [ -122.164202, 37.763043 ] ] ] } },
{ "type": "Feature", "properties": { "GEOID": "060014101002", "NAME_x": "2", "ALAND": 480294, "AWATER": 0, "centroid_lon": -122.15142772946065, "centroid_lat": 37.745892629702723, "NAME_y": "Block Group 2; Census Tract 4101; Alameda County; California", "B03002_001E": 1675, "B03002_001M": 397, "B03002_012E": 382, "B03002_012M": 105, "B19013_001E": 105625, "B19013_001M": 42375, "B01003_001E": 1675, "state": "06", "county": "001", "tract": "410100", "block group": "2", "latino_share": 0.22805970149253732, "latino_share_moe90": 0.031746166648355077, "camera_count": 8, "arterial_road_m": 7109.9635236215372, "crime_count_pre_treatment": 1098, "land_area_km2": 0.480294, "pop_density_per_km2": 3487.4472718793072, "camera_density_per_km2": 16.656464582110125, "crime_rate_per_km2": 2286.0997638946146, "arterial_km_per_km2": 14.803356951412129 }, "geometry": { "type": "Polygon", "coordinates": [ [ [ -122.157234, 37.747374 ], [ -122.151409, 37.748923 ], [ -122.152534, 37.751448 ], [ -122.153263, 37.752185 ], [ -122.153547, 37.75241 ], [ -122.152735, 37.753693 ], [ -122.152102, 37.754142 ], [ -122.151206, 37.75364 ], [ -122.151677, 37.751124 ], [ -122.148647, 37.745129 ], [ -122.145883, 37.742969 ], [ -122.146051, 37.742802 ], [ -122.14767, 37.741138 ], [ -122.148725, 37.740859 ], [ -122.151526, 37.742214 ], [ -122.152496, 37.742923 ], [ -122.153625, 37.744069 ], [ -122.156174, 37.745897 ], [ -122.157234, 37.747374 ] ] ] } },
{ "type": "Feature", "properties": { "GEOID": "060014048001", "NAME_x": "1", "ALAND": 250163, "AWATER": 0, "centroid_lon": -122.2121368505872, "centroid_lat": 37.803546505837097, "NAME_y": "Block Group 1; Census Tract 4048; Alameda County; California", "B03002_001E": 1214, "B03002_001M": 287, "B03002_012E": 117, "B03002_012M": 95, "B19013_001E": 93036, "B19013_001M": 35190, "B01003_001E": 1214, "state": "06", "county": "001", "tract": "404800", "block group": "1", "latino_share": 0.09637561779242175, "latino_share_moe90": 0.07486341548046592, "camera_count": 0, "arterial_road_m": 671.52884018493569, "crime_count_pre_treatment": 406, "land_area_km2": 0.250163, "pop_density_per_km2": 4852.8359509599741, "camera_density_per_km2": 0.0, "crime_rate_per_km2": 1622.9418419190686, "arterial_km_per_km2": 2.6843651546589049 }, "geometry": { "type": "Polygon", "coordinates": [ [ [ -122.214848, 37.803708 ], [ -122.213651, 37.803583 ], [ -122.209615, 37.807805 ], [ -122.20971, 37.807045 ], [ -122.207372, 37.806409 ], [ -122.211014, 37.80286 ], [ -122.214117, 37.799805 ], [ -122.216221, 37.800294 ], [ -122.214848, 37.803708 ] ] ] } },
{ "type": "Feature", "properties": { "GEOID": "060014049002", "NAME_x": "2", "ALAND": 239117, "AWATER": 0, "centroid_lon": -122.21921629641641, "centroid_lat": 37.801909918031626, "NAME_y": "Block Group 2; Census Tract 4049; Alameda County; California", "B03002_001E": 1360, "B03002_001M": 371, "B03002_012E": 42, "B03002_012M": 53, "B19013_001E": 63750, "B19013_001M": 47323, "B01003_001E": 1360, "state": "06", "county": "001", "tract": "404900", "block group": "2", "latino_share": 0.030882352941176472, "latino_share_moe90": 0.038049101685151396, "camera_count": 1, "arterial_road_m": 1151.8822919980362, "crime_count_pre_treatment": 414, "land_area_km2": 0.239117, "pop_density_per_km2": 5687.592266547339, "camera_density_per_km2": 4.182053137167161, "crime_rate_per_km2": 1731.3699987872046, "arterial_km_per_km2": 4.8172329528976876 }, "geometry": { "type": "Polygon", "coordinates": [ [ [ -122.222842, 37.800492 ], [ -122.220938, 37.802757 ], [ -122.219842, 37.805301 ], [ -122.218413, 37.806014 ], [ -122.216429, 37.805447 ], [ -122.217343, 37.804391 ], [ -122.218248, 37.800859 ], [ -122.216221, 37.800294 ], [ -122.216974, 37.798404 ], [ -122.218581, 37.798803 ], [ -122.220981, 37.799362 ], [ -122.222842, 37.800492 ] ] ] } },
{ "type": "Feature", "properties": { "GEOID": "060014083005", "NAME_x": "5", "ALAND": 196411, "AWATER": 0, "centroid_lon": -122.16862897875451, "centroid_lat": 37.769025579634395, "NAME_y": "Block Group 5; Census Tract 4083; Alameda County; California", "B03002_001E": 674, "B03002_001M": 260, "B03002_012E": 156, "B03002_012M": 194, "B19013_001E": -666666666, "B19013_001M": -222222222, "B01003_001E": 674, "state": "06", "county": "001", "tract": "408300", "block group": "5", "latino_share": 0.2314540059347181, "latino_share_moe90": 0.27363573248546125, "camera_count": 0, "arterial_road_m": 994.194350132056, "crime_count_pre_treatment": 411, "land_area_km2": 0.196411, "pop_density_per_km2": 3431.5796976747738, "camera_density_per_km2": 0.0, "crime_rate_per_km2": 2092.5508245464866, "arterial_km_per_km2": 5.0618058567598352 }, "geometry": { "type": "Polygon", "coordinates": [ [ [ -122.172, 37.769173 ], [ -122.16997, 37.770754 ], [ -122.169033, 37.772433 ], [ -122.168111, 37.771036 ], [ -122.165377, 37.768804 ], [ -122.166286, 37.768019 ], [ -122.167789, 37.766009 ], [ -122.169167, 37.767123 ], [ -122.172133, 37.769131 ], [ -122.172, 37.769173 ] ] ] } },
{ "type": "Feature", "properties": { "GEOID": "060014076004", "NAME_x": "4", "ALAND": 198514, "AWATER": 0, "centroid_lon": -122.20528336635563, "centroid_lat": 37.774843962122453, "NAME_y": "Block Group 4; Census Tract 4076; Alameda County; California", "B03002_001E": 2041, "B03002_001M": 772, "B03002_012E": 570, "B03002_012M": 461, "B19013_001E": 141250, "B19013_001M": 51057, "B01003_001E": 2041, "state": "06", "county": "001", "tract": "407600", "block group": "4", "latino_share": 0.27927486526212641, "latino_share_moe90": 0.19964579191974566, "camera_count": 0, "arterial_road_m": 0.0, "crime_count_pre_treatment": 347, "land_area_km2": 0.198514, "pop_density_per_km2": 10281.390733147284, "camera_density_per_km2": 0.0, "crime_rate_per_km2": 1747.9875474777598, "arterial_km_per_km2": 0.0 }, "geometry": { "type": "Polygon", "coordinates": [ [ [ -122.208708, 37.773253 ], [ -122.204667, 37.778631 ], [ -122.204277, 37.778284 ], [ -122.202974, 37.775109 ], [ -122.202978, 37.772675 ], [ -122.205109, 37.772674 ], [ -122.207611, 37.772734 ], [ -122.208708, 37.773253 ] ] ] } },
{ "type": "Feature", "properties": { "GEOID": "060014088003", "NAME_x": "3", "ALAND": 244658, "AWATER": 0, "centroid_lon": -122.19497907711721, "centroid_lat": 37.759893593192324, "NAME_y": "Block Group 3; Census Tract 4088; Alameda County; California", "B03002_001E": 1229, "B03002_001M": 631, "B03002_012E": 420, "B03002_012M": 532, "B19013_001E": 19509, "B19013_001M": 3954, "B01003_001E": 1229, "state": "06", "county": "001", "tract": "408800", "block group": "3", "latino_share": 0.34174125305126118, "latino_share_moe90": 0.39571787434940603, "camera_count": 0, "arterial_road_m": 1355.3574720097142, "crime_count_pre_treatment": 702, "land_area_km2": 0.244658, "pop_density_per_km2": 5023.3387013708934, "camera_density_per_km2": 0.0, "crime_rate_per_km2": 2869.3114469994853, "arterial_km_per_km2": 5.5398044290794264 }, "geometry": { "type": "Polygon", "coordinates": [ [ [ -122.198321, 37.760339 ], [ -122.19433, 37.762714 ], [ -122.19283, 37.761996 ], [ -122.190299, 37.760786 ], [ -122.194685, 37.757838 ], [ -122.196464, 37.756695 ], [ -122.198462, 37.758627 ], [ -122.198321, 37.760339 ] ] ] } },
{ "type": "Feature", "properties": { "GEOID": "060014027001", "NAME_x": "1", "ALAND": 193398, "AWATER": 0, "centroid_lon": -122.27574306839939, "centroid_lat": 37.80983191643962, "NAME_y": "Block Group 1; Census Tract 4027; Alameda County; California", "B03002_001E": 863, "B03002_001M": 269, "B03002_012E": 155, "B03002_012M": 160, "B19013_001E": 46429, "B19013_001M": 39035, "B01003_001E": 863, "state": "06", "county": "001", "tract": "402700", "block group": "1", "latino_share": 0.17960602549246812, "latino_share_moe90": 0.17674526306445981, "camera_count": 8, "arterial_road_m": 5367.0780631664129, "crime_count_pre_treatment": 353, "land_area_km2": 0.193398, "pop_density_per_km2": 4462.3005408535764, "camera_density_per_km2": 41.365474306869771, "crime_rate_per_km2": 1825.2515537906288, "arterial_km_per_km2": 27.75146621560933 }, "geometry": { "type": "Polygon", "coordinates": [ [ [ -122.278678, 37.807284 ], [ -122.27628, 37.810444 ], [ -122.277476, 37.810882 ], [ -122.275858, 37.813468 ], [ -122.274122, 37.812829 ], [ -122.273662, 37.811471 ], [ -122.273353, 37.810465 ], [ -122.275979, 37.806222 ], [ -122.277122, 37.806707 ], [ -122.278678, 37.807284 ] ] ] } },
{ "type": "Feature", "properties": { "GEOID": "060014099003", "NAME_x": "3", "ALAND": 1885314, "AWATER": 0, "centroid_lon": -122.13186613720049, "centroid_lat": 37.762010886843932, "NAME_y": "Block Group 3; Census Tract 4099; Alameda County; California", "B03002_001E": 1101, "B03002_001M": 296, "B03002_012E": 72, "B03002_012M": 71, "B19013_001E": 190893, "B19013_001M": 31853, "B01003_001E": 1101, "state": "06", "county": "001", "tract": "409900", "block group": "3", "latino_share": 0.065395095367847406, "latino_share_moe90": 0.062043945457795936, "camera_count": 0, "arterial_road_m": 1022.55811727551, "crime_count_pre_treatment": 155, "land_area_km2": 1.885314, "pop_density_per_km2": 583.98760100439506, "camera_density_per_km2": 0.0, "crime_rate_per_km2": 82.214421576458889, "arterial_km_per_km2": 0.54238080090399265 }, "geometry": { "type": "Polygon", "coordinates": [ [ [ -122.142517, 37.758912 ], [ -122.141431, 37.76285 ], [ -122.139967, 37.763148 ], [ -122.13734, 37.765042 ], [ -122.13685, 37.766568 ], [ -122.135336, 37.766895 ], [ -122.135071, 37.770397 ], [ -122.131719, 37.770913 ], [ -122.128683, 37.769608 ], [ -122.12525, 37.763753 ], [ -122.124562, 37.762106 ], [ -122.124213, 37.761329 ], [ -122.123828, 37.760777 ], [ -122.123283, 37.76031 ], [ -122.122934, 37.759283 ], [ -122.122739, 37.758991 ], [ -122.121287, 37.757301 ], [ -122.127378, 37.754464 ], [ -122.12952, 37.756046 ], [ -122.138522, 37.757941 ], [ -122.140094, 37.757216 ], [ -122.141828, 37.757477 ], [ -122.142517, 37.758912 ] ] ] } },
{ "type": "Feature", "properties": { "GEOID": "060014088002", "NAME_x": "2", "ALAND": 324674, "AWATER": 0, "centroid_lon": -122.1973551045206, "centroid_lat": 37.755391691211052, "NAME_y": "Block Group 2; Census Tract 4088; Alameda County; California", "B03002_001E": 2283, "B03002_001M": 906, "B03002_012E": 508, "B03002_012M": 230, "B19013_001E": 43690, "B19013_001M": 29015, "B01003_001E": 2283, "state": "06", "county": "001", "tract": "408800", "block group": "2", "latino_share": 0.22251423565484013, "latino_share_moe90": 0.048496343358866024, "camera_count": 2, "arterial_road_m": 1818.3228732213793, "crime_count_pre_treatment": 1079, "land_area_km2": 0.324674, "pop_density_per_km2": 7031.6686892082516, "camera_density_per_km2": 6.1600251329025415, "crime_rate_per_km2": 3323.3335592009212, "arterial_km_per_km2": 5.6004572993876289 }, "geometry": { "type": "Polygon", "coordinates": [ [ [ -122.202509, 37.756077 ], [ -122.200822, 37.756782 ], [ -122.198462, 37.758627 ], [ -122.196464, 37.756695 ], [ -122.194685, 37.757838 ], [ -122.192564, 37.755743 ], [ -122.1937, 37.754489 ], [ -122.19584, 37.75244 ], [ -122.196675, 37.75311 ], [ -122.198076, 37.752214 ], [ -122.201102, 37.754884 ], [ -122.202509, 37.756077 ] ] ] } },
{ "type": "Feature", "properties": { "GEOID": "060014089001", "NAME_x": "1", "ALAND": 468230, "AWATER": 0, "centroid_lon": -122.1885192389347, "centroid_lat": 37.753062143101303, "NAME_y": "Block Group 1; Census Tract 4089; Alameda County; California", "B03002_001E": 1758, "B03002_001M": 409, "B03002_012E": 1386, "B03002_012M": 394, "B19013_001E": 29735, "B19013_001M": 3175, "B01003_001E": 1758, "state": "06", "county": "001", "tract": "408900", "block group": "1", "latino_share": 0.78839590443686003, "latino_share_moe90": 0.12878585612224447, "camera_count": 2, "arterial_road_m": 1791.3290170535615, "crime_count_pre_treatment": 753, "land_area_km2": 0.46823, "pop_density_per_km2": 3754.5650641778616, "camera_density_per_km2": 4.2714050787006386, "crime_rate_per_km2": 1608.1840121307905, "arterial_km_per_km2": 3.8257459305332033 }, "geometry": { "type": "Polygon", "coordinates": [ [ [ -122.196675, 37.75311 ], [ -122.19584, 37.75244 ], [ -122.194213, 37.751194 ], [ -122.186879, 37.75593 ], [ -122.185963, 37.755045 ], [ -122.18268, 37.757174 ], [ -122.182446, 37.757065 ], [ -122.179475, 37.755647 ], [ -122.179117, 37.755471 ], [ -122.179302, 37.755303 ], [ -122.18375, 37.753142 ], [ -122.184565, 37.752782 ], [ -122.18501, 37.753295 ], [ -122.192424, 37.749734 ], [ -122.193624, 37.748322 ], [ -122.196548, 37.750857 ], [ -122.198076, 37.752214 ], [ -122.196675, 37.75311 ] ] ] } },
{ "type": "Feature", "properties": { "GEOID": "060014056002", "NAME_x": "2", "ALAND": 176869, "AWATER": 0, "centroid_lon": -122.23718246460444, "centroid_lat": 37.799414756170734, "NAME_y": "Block Group 2; Census Tract 4056; Alameda County; California", "B03002_001E": 915, "B03002_001M": 369, "B03002_012E": 59, "B03002_012M": 71, "B19013_001E": 103073, "B19013_001M": 52328, "B01003_001E": 915, "state": "06", "county": "001", "tract": "405600", "block group": "2", "latino_share": 0.064480874316939885, "latino_share_moe90": 0.073108726487867995, "camera_count": 0, "arterial_road_m": 0.0, "crime_count_pre_treatment": 303, "land_area_km2": 0.176869, "pop_density_per_km2": 5173.3203670513203, "camera_density_per_km2": 0.0, "crime_rate_per_km2": 1713.1323182694537, "arterial_km_per_km2": 0.0 }, "geometry": { "type": "Polygon", "coordinates": [ [ [ -122.240474, 37.798669 ], [ -122.237543, 37.800727 ], [ -122.238268, 37.801557 ], [ -122.23627, 37.802051 ], [ -122.233791, 37.800539 ], [ -122.234679, 37.799827 ], [ -122.235229, 37.799419 ], [ -122.236024, 37.798408 ], [ -122.237121, 37.797052 ], [ -122.237973, 37.79646 ], [ -122.239635, 37.797933 ], [ -122.240474, 37.798669 ] ] ] } },
{ "type": "Feature", "properties": { "GEOID": "060014049004", "NAME_x": "4", "ALAND": 308145, "AWATER": 0, "centroid_lon": -122.22399571936916, "centroid_lat": 37.804842763444668, "NAME_y": "Block Group 4; Census Tract 4049; Alameda County; California", "B03002_001E": 925, "B03002_001M": 274, "B03002_012E": 93, "B03002_012M": 114, "B19013_001E": 157656, "B19013_001M": 55121, "B01003_001E": 925, "state": "06", "county": "001", "tract": "404900", "block group": "4", "latino_share": 0.10054054054054054, "latino_share_moe90": 0.11959073984767235, "camera_count": 0, "arterial_road_m": 1810.0922457618249, "crime_count_pre_treatment": 292, "land_area_km2": 0.308145, "pop_density_per_km2": 3001.8335523860519, "camera_density_per_km2": 0.0, "crime_rate_per_km2": 947.60583491538068, "arterial_km_per_km2": 5.8741574445855846 }, "geometry": { "type": "Polygon", "coordinates": [ [ [ -122.228892, 37.804571 ], [ -122.224827, 37.806307 ], [ -122.22174, 37.807758 ], [ -122.218413, 37.806014 ], [ -122.219842, 37.805301 ], [ -122.220938, 37.802757 ], [ -122.227456, 37.80387 ], [ -122.228292, 37.802089 ], [ -122.230803, 37.802906 ], [ -122.228892, 37.804571 ] ] ] } },
{ "type": "Feature", "properties": { "GEOID": "060014070003", "NAME_x": "3", "ALAND": 156803, "AWATER": 0, "centroid_lon": -122.2040816821724, "centroid_lat": 37.7848408600033, "NAME_y": "Block Group 3; Census Tract 4070; Alameda County; California", "B03002_001E": 1359, "B03002_001M": 428, "B03002_012E": 321, "B03002_012M": 349, "B19013_001E": 106548, "B19013_001M": 59786, "B01003_001E": 1359, "state": "06", "county": "001", "tract": "407000", "block group": "3", "latino_share": 0.23620309050772628, "latino_share_moe90": 0.24579628294925032, "camera_count": 0, "arterial_road_m": 393.76459976980948, "crime_count_pre_treatment": 395, "land_area_km2": 0.156803, "pop_density_per_km2": 8666.9260154461335, "camera_density_per_km2": 0.0, "crime_rate_per_km2": 2519.0844562922903, "arterial_km_per_km2": 2.5112057790336251 }, "geometry": { "type": "Polygon", "coordinates": [ [ [ -122.205542, 37.786282 ], [ -122.203847, 37.787269 ], [ -122.201878, 37.785127 ], [ -122.200715, 37.784273 ], [ -122.20414, 37.782517 ], [ -122.207444, 37.785373 ], [ -122.205542, 37.786282 ] ] ] } },
{ "type": "Feature", "properties": { "GEOID": "060014068003", "NAME_x": "3", "ALAND": 227665, "AWATER": 0, "centroid_lon": -122.19661426497781, "centroid_lat": 37.793993158504719, "NAME_y": "Block Group 3; Census Tract 4068; Alameda County; California", "B03002_001E": 1338, "B03002_001M": 526, "B03002_012E": 374, "B03002_012M": 212, "B19013_001E": 118750, "B19013_001M": 19002, "B01003_001E": 1338, "state": "06", "county": "001", "tract": "406800", "block group": "3", "latino_share": 0.27952167414050821, "latino_share_moe90": 0.1141484628911934, "camera_count": 1, "arterial_road_m": 918.41408383352996, "crime_count_pre_treatment": 372, "land_area_km2": 0.227665, "pop_density_per_km2": 5877.056200997079, "camera_density_per_km2": 4.392418685349087, "crime_rate_per_km2": 1633.9797509498605, "arterial_km_per_km2": 4.0340591827181598 }, "geometry": { "type": "Polygon", "coordinates": [ [ [ -122.200653, 37.793713 ], [ -122.195495, 37.796722 ], [ -122.194294, 37.795426 ], [ -122.191543, 37.795091 ], [ -122.191623, 37.795028 ], [ -122.194306, 37.793458 ], [ -122.198304, 37.791118 ], [ -122.200653, 37.793713 ] ] ] } },
{ "type": "Feature", "properties": { "GEOID": "060014074002", "NAME_x": "2", "ALAND": 151486, "AWATER": 0, "centroid_lon": -122.20765635614515, "centroid_lat": 37.771106894263191, "NAME_y": "Block Group 2; Census Tract 4074; Alameda County; California", "B03002_001E": 1360, "B03002_001M": 328, "B03002_012E": 920, "B03002_012M": 257, "B19013_001E": 44792, "B19013_001M": 25872, "B01003_001E": 1360, "state": "06", "county": "001", "tract": "407400", "block group": "2", "latino_share": 0.67647058823529416, "latino_share_moe90": 0.095353845698727638, "camera_count": 0, "arterial_road_m": 1001.453310135232, "crime_count_pre_treatment": 442, "land_area_km2": 0.151486, "pop_density_per_km2": 8977.7273147353553, "camera_density_per_km2": 0.0, "crime_rate_per_km2": 2917.7613772889904, "arterial_km_per_km2": 6.6108637770832406 }, "geometry": { "type": "Polygon", "coordinates": [ [ [ -122.208708, 37.773253 ], [ -122.207611, 37.772734 ], [ -122.205109, 37.772674 ], [ -122.204836, 37.771606 ], [ -122.207008, 37.768703 ], [ -122.210778, 37.770479 ], [ -122.208708, 37.773253 ] ] ] } },
{ "type": "Feature", "properties": { "GEOID": "060014074003", "NAME_x": "3", "ALAND": 128793, "AWATER": 0, "centroid_lon": -122.21156354660293, "centroid_lat": 37.772637639110386, "NAME_y": "Block Group 3; Census Tract 4074; Alameda County; California", "B03002_001E": 927, "B03002_001M": 384, "B03002_012E": 581, "B03002_012M": 282, "B19013_001E": 36464, "B19013_001M": 32954, "B01003_001E": 927, "state": "06", "county": "001", "tract": "407400", "block group": "3", "latino_share": 0.62675296655879176, "latino_share_moe90": 0.15854464052603759, "camera_count": 0, "arterial_road_m": 1188.8702640322713, "crime_count_pre_treatment": 394, "land_area_km2": 0.128793, "pop_density_per_km2": 7197.5961426475051, "camera_density_per_km2": 0.0, "crime_rate_per_km2": 3059.1724705535239, "arterial_km_per_km2": 9.2308608700183346 }, "geometry": { "type": "Polygon", "coordinates": [ [ [ -122.211734, 37.774681 ], [ -122.208708, 37.773253 ], [ -122.210778, 37.770479 ], [ -122.214794, 37.772376 ], [ -122.211734, 37.774681 ] ] ] } },
{ "type": "Feature", "properties": { "GEOID": "060014097001", "NAME_x": "1", "ALAND": 246276, "AWATER": 0, "centroid_lon": -122.16511149988224, "centroid_lat": 37.759300200360343, "NAME_y": "Block Group 1; Census Tract 4097; Alameda County; California", "B03002_001E": 1306, "B03002_001M": 479, "B03002_012E": 613, "B03002_012M": 460, "B19013_001E": 47550, "B19013_001M": 15124, "B01003_001E": 1306, "state": "06", "county": "001", "tract": "409700", "block group": "1", "latino_share": 0.46937212863705974, "latino_share_moe90": 0.30728377256845263, "camera_count": 1, "arterial_road_m": 421.90581377238408, "crime_count_pre_treatment": 245, "land_area_km2": 0.246276, "pop_density_per_km2": 5302.9933895304457, "camera_density_per_km2": 4.0604849843265276, "crime_rate_per_km2": 994.8188211599994, "arterial_km_per_km2": 1.71314222162283 }, "geometry": { "type": "Polygon", "coordinates": [ [ [ -122.168729, 37.760898 ], [ -122.164942, 37.762685 ], [ -122.163427, 37.760987 ], [ -122.161979, 37.757225 ], [ -122.165368, 37.75569 ], [ -122.165921, 37.757115 ], [ -122.168729, 37.760898 ] ] ] } },
{ "type": "Feature", "properties": { "GEOID": "060014085003", "NAME_x": "3", "ALAND": 124030, "AWATER": 0, "centroid_lon": -122.17878843881788, "centroid_lat": 37.757489062094315, "NAME_y": "Block Group 3; Census Tract 4085; Alameda County; California", "B03002_001E": 1336, "B03002_001M": 631, "B03002_012E": 910, "B03002_012M": 555, "B19013_001E": 53707, "B19013_001M": 34646, "B01003_001E": 1336, "state": "06", "county": "001", "tract": "408500", "block group": "3", "latino_share": 0.68113772455089816, "latino_share_moe90": 0.2628287678557707, "camera_count": 1, "arterial_road_m": 390.57939136964205, "crime_count_pre_treatment": 245, "land_area_km2": 0.12403, "pop_density_per_km2": 10771.587519148594, "camera_density_per_km2": 8.0625655083447558, "crime_rate_per_km2": 1975.328549544465, "arterial_km_per_km2": 3.1490719291271629 }, "geometry": { "type": "Polygon", "coordinates": [ [ [ -122.182446, 37.757065 ], [ -122.177263, 37.759575 ], [ -122.175717, 37.757495 ], [ -122.179475, 37.755647 ], [ -122.182446, 37.757065 ] ] ] } },
{ "type": "Feature", "properties": { "GEOID": "060014052002", "NAME_x": "2", "ALAND": 152164, "AWATER": 0, "centroid_lon": -122.24666486186584, "centroid_lat": 37.802736524262784, "NAME_y": "Block Group 2; Census Tract 4052; Alameda County; California", "B03002_001E": 1343, "B03002_001M": 392, "B03002_012E": 291, "B03002_012M": 261, "B19013_001E": 94783, "B19013_001M": 33804, "B01003_001E": 1343, "state": "06", "county": "001", "tract": "405200", "block group": "2", "latino_share": 0.21667907669396871, "latino_share_moe90": 0.18376204615247799, "camera_count": 0, "arterial_road_m": 188.04038975653773, "crime_count_pre_treatment": 330, "land_area_km2": 0.152164, "pop_density_per_km2": 8826.0035225151805, "camera_density_per_km2": 0.0, "crime_rate_per_km2": 2168.7127047133358, "arterial_km_per_km2": 1.2357744917098508 }, "geometry": { "type": "Polygon", "coordinates": [ [ [ -122.249318, 37.804823 ], [ -122.245581, 37.80356 ], [ -122.243006, 37.804082 ], [ -122.244001, 37.802319 ], [ -122.243982, 37.801855 ], [ -122.246539, 37.801387 ], [ -122.248411, 37.800443 ], [ -122.249013, 37.803014 ], [ -122.249318, 37.804823 ] ] ] } },
{ "type": "Feature", "properties": { "GEOID": "060014060003", "NAME_x": "3", "ALAND": 119795, "AWATER": 0, "centroid_lon": -122.2574612972635, "centroid_lat": 37.796778569749591, "NAME_y": "Block Group 3; Census Tract 4060; Alameda County; California", "B03002_001E": 795, "B03002_001M": 249, "B03002_012E": 188, "B03002_012M": 101, "B19013_001E": -666666666, "B19013_001M": -222222222, "B01003_001E": 795, "state": "06", "county": "001", "tract": "406000", "block group": "3", "latino_share": 0.23647798742138365, "latino_share_moe90": 0.10321971566205841, "camera_count": 0, "arterial_road_m": 1145.6181640395644, "crime_count_pre_treatment": 610, "land_area_km2": 0.119795, "pop_density_per_km2": 6636.3370758378896, "camera_density_per_km2": 0.0, "crime_rate_per_km2": 5092.032221712092, "arterial_km_per_km2": 9.5631550902755915 }, "geometry": { "type": "Polygon", "coordinates": [ [ [ -122.259496, 37.796832 ], [ -122.259554, 37.798301 ], [ -122.25713, 37.798725 ], [ -122.255481, 37.797239 ], [ -122.254666, 37.796499 ], [ -122.257484, 37.794503 ], [ -122.259577, 37.79632 ], [ -122.259496, 37.796832 ] ] ] } },
{ "type": "Feature", "properties": { "GEOID": "060014015001", "NAME_x": "1", "ALAND": 163507, "AWATER": 0, "centroid_lon": -122.28022393489992, "centroid_lat": 37.825251040018102, "NAME_y": "Block Group 1; Census Tract 4015; Alameda County; California", "B03002_001E": 1218, "B03002_001M": 371, "B03002_012E": 173, "B03002_012M": 181, "B19013_001E": 21034, "B19013_001M": 5010, "B01003_001E": 1218, "state": "06", "county": "001", "tract": "401500", "block group": "1", "latino_share": 0.14203612479474548, "latino_share_moe90": 0.14216703482626727, "camera_count": 1, "arterial_road_m": 1826.9243561901421, "crime_count_pre_treatment": 418, "land_area_km2": 0.163507, "pop_density_per_km2": 7449.2223574525851, "camera_density_per_km2": 6.1159461062829106, "crime_rate_per_km2": 2556.4654724262568, "arterial_km_per_km2": 11.173370902714513 }, "geometry": { "type": "Polygon", "coordinates": [ [ [ -122.28095, 37.827689 ], [ -122.278707, 37.827151 ], [ -122.278611, 37.826878 ], [ -122.277915, 37.824623 ], [ -122.277372, 37.822934 ], [ -122.283643, 37.824406 ], [ -122.28095, 37.827689 ] ] ] } },
{ "type": "Feature", "properties": { "GEOID": "060014012003", "NAME_x": "3", "ALAND": 189382, "AWATER": 0, "centroid_lon": -122.25980193744104, "centroid_lat": 37.825765735530148, "NAME_y": "Block Group 3; Census Tract 4012; Alameda County; California", "B03002_001E": 712, "B03002_001M": 222, "B03002_012E": 21, "B03002_012M": 22, "B19013_001E": 95102, "B19013_001M": 28761, "B01003_001E": 712, "state": "06", "county": "001", "tract": "401200", "block group": "3", "latino_share": 0.029494382022471909, "latino_share_moe90": 0.029498626405159611, "camera_count": 1, "arterial_road_m": 1067.2503257894618, "crime_count_pre_treatment": 611, "land_area_km2": 0.189382, "pop_density_per_km2": 3759.5970049951952, "camera_density_per_km2": 5.2803328721842631, "crime_rate_per_km2": 3226.2833849045846, "arterial_km_per_km2": 5.6354369781154592 }, "geometry": { "type": "Polygon", "coordinates": [ [ [ -122.2621, 37.823536 ], [ -122.261375, 37.826659 ], [ -122.260841, 37.828634 ], [ -122.257998, 37.828161 ], [ -122.256742, 37.827628 ], [ -122.25868, 37.824515 ], [ -122.260006, 37.822421 ], [ -122.261996, 37.823012 ], [ -122.2621, 37.823536 ] ] ] } },
{ "type": "Feature", "properties": { "GEOID": "060014040002", "NAME_x": "2", "ALAND": 236373, "AWATER": 0, "centroid_lon": -122.25489585873294, "centroid_lat": 37.824326389096008, "NAME_y": "Block Group 2; Census Tract 4040; Alameda County; California", "B03002_001E": 1214, "B03002_001M": 296, "B03002_012E": 199, "B03002_012M": 161, "B19013_001E": 92237, "B19013_001M": 36776, "B01003_001E": 1214, "state": "06", "county": "001", "tract": "404000", "block group": "2", "latino_share": 0.16392092257001648, "latino_share_moe90": 0.12645359468541109, "camera_count": 3, "arterial_road_m": 2719.11777905688, "crime_count_pre_treatment": 903, "land_area_km2": 0.236373, "pop_density_per_km2": 5135.9503835040377, "camera_density_per_km2": 12.691804901575052, "crime_rate_per_km2": 3820.2332753740911, "arterial_km_per_km2": 11.503504118731328 }, "geometry": { "type": "Polygon", "coordinates": [ [ [ -122.256742, 37.827628 ], [ -122.256661, 37.827555 ], [ -122.256547, 37.827554 ], [ -122.254964, 37.826904 ], [ -122.254208, 37.826348 ], [ -122.253357, 37.825164 ], [ -122.250981, 37.823407 ], [ -122.250998, 37.822371 ], [ -122.253253, 37.821752 ], [ -122.254566, 37.821528 ], [ -122.254946, 37.82208 ], [ -122.25868, 37.824515 ], [ -122.256742, 37.827628 ] ] ] } },
{ "type": "Feature", "properties": { "GEOID": "060014018002", "NAME_x": "2", "ALAND": 145017, "AWATER": 0, "centroid_lon": -122.29948887181206, "centroid_lat": 37.808030655490278, "NAME_y": "Block Group 2; Census Tract 4018; Alameda County; California", "B03002_001E": 960, "B03002_001M": 276, "B03002_012E": 176, "B03002_012M": 197, "B19013_001E": 60341, "B19013_001M": 25498, "B01003_001E": 960, "state": "06", "county": "001", "tract": "401800", "block group": "2", "latino_share": 0.18333333333333332, "latino_share_moe90": 0.19832370424804663, "camera_count": 1, "arterial_road_m": 399.40073296763001, "crime_count_pre_treatment": 571, "land_area_km2": 0.145017, "pop_density_per_km2": 6619.9135273795482, "camera_density_per_km2": 6.8957432576870294, "crime_rate_per_km2": 3937.4694001392936, "arterial_km_per_km2": 2.7541649114767925 }, "geometry": { "type": "Polygon", "coordinates": [ [ [ -122.302012, 37.808058 ], [ -122.300212, 37.810339 ], [ -122.2964, 37.808446 ], [ -122.296666, 37.808092 ], [ -122.298257, 37.806089 ], [ -122.302446, 37.806982 ], [ -122.302012, 37.808058 ] ] ] } },
{ "type": "Feature", "properties": { "GEOID": "060014072003", "NAME_x": "3", "ALAND": 154734, "AWATER": 0, "centroid_lon": -122.22071271589415, "centroid_lat": 37.781012133391179, "NAME_y": "Block Group 3; Census Tract 4072; Alameda County; California", "B03002_001E": 1981, "B03002_001M": 469, "B03002_012E": 1370, "B03002_012M": 401, "B19013_001E": 74453, "B19013_001M": 14595, "B01003_001E": 1981, "state": "06", "county": "001", "tract": "407200", "block group": "3", "latino_share": 0.69156991418475522, "latino_share_moe90": 0.11902955549912962, "camera_count": 2, "arterial_road_m": 521.59971601623158, "crime_count_pre_treatment": 292, "land_area_km2": 0.154734, "pop_density_per_km2": 12802.61610247263, "camera_density_per_km2": 12.925407473470599, "crime_rate_per_km2": 1887.1094911267076, "arterial_km_per_km2": 3.3709444337781713 }, "geometry": { "type": "Polygon", "coordinates": [ [ [ -122.222729, 37.783749 ], [ -122.219322, 37.782476 ], [ -122.2191, 37.7822 ], [ -122.218657, 37.780838 ], [ -122.218004, 37.780207 ], [ -122.219928, 37.777706 ], [ -122.221517, 37.778367 ], [ -122.220069, 37.780735 ], [ -122.2239, 37.781409 ], [ -122.222729, 37.783749 ] ] ] } },
{ "type": "Feature", "properties": { "GEOID": "060014007001", "NAME_x": "1", "ALAND": 219501, "AWATER": 0, "centroid_lon": -122.2731972302748, "centroid_lat": 37.845424279480468, "NAME_y": "Block Group 1; Census Tract 4007; Alameda County; California", "B03002_001E": 947, "B03002_001M": 304, "B03002_012E": 197, "B03002_012M": 165, "B19013_001E": 98958, "B19013_001M": 50321, "B01003_001E": 947, "state": "06", "county": "001", "tract": "400700", "block group": "1", "latino_share": 0.20802534318901794, "latino_share_moe90": 0.16092918026922254, "camera_count": 2, "arterial_road_m": 2466.7020686070437, "crime_count_pre_treatment": 280, "land_area_km2": 0.219501, "pop_density_per_km2": 4314.3311419993533, "camera_density_per_km2": 9.1115758014769863, "crime_rate_per_km2": 1275.6206122067781, "arterial_km_per_km2": 11.237771438886583 }, "geometry": { "type": "Polygon", "coordinates": [ [ [ -122.277766, 37.847525 ], [ -122.27746, 37.847564 ], [ -122.276188, 37.847734 ], [ -122.276173, 37.847662 ], [ -122.2758, 37.845867 ], [ -122.271236, 37.846465 ], [ -122.269144, 37.84674 ], [ -122.269226, 37.847201 ], [ -122.268763, 37.847261 ], [ -122.268183, 37.844585 ], [ -122.276524, 37.843794 ], [ -122.27701, 37.84359 ], [ -122.277186, 37.844823 ], [ -122.277548, 37.847038 ], [ -122.277766, 37.847525 ] ] ] } },
{ "type": "Feature", "properties": { "GEOID": "060014016001", "NAME_x": "1", "ALAND": 374250, "AWATER": 0, "centroid_lon": -122.28163951870785, "centroid_lat": 37.81840202285472, "NAME_y": "Block Group 1; Census Tract 4016; Alameda County; California", "B03002_001E": 1225, "B03002_001M": 413, "B03002_012E": 656, "B03002_012M": 355, "B19013_001E": 180272, "B19013_001M": 56714, "B01003_001E": 1225, "state": "06", "county": "001", "tract": "401600", "block group": "1", "latino_share": 0.53551020408163263, "latino_share_moe90": 0.22668423079500236, "camera_count": 0, "arterial_road_m": 1109.1195861358688, "crime_count_pre_treatment": 743, "land_area_km2": 0.37425, "pop_density_per_km2": 3273.2130928523711, "camera_density_per_km2": 0.0, "crime_rate_per_km2": 1985.3039412157648, "arterial_km_per_km2": 2.9635793884725947 }, "geometry": { "type": "Polygon", "coordinates": [ [ [ -122.286226, 37.821163 ], [ -122.276053, 37.81887 ], [ -122.275265, 37.816452 ], [ -122.27814, 37.815875 ], [ -122.288425, 37.81831 ], [ -122.286226, 37.821163 ] ] ] } },
{ "type": "Feature", "properties": { "GEOID": "060014051004", "NAME_x": "4", "ALAND": 167546, "AWATER": 0, "centroid_lon": -122.23756763685758, "centroid_lat": 37.81318887371814, "NAME_y": "Block Group 4; Census Tract 4051; Alameda County; California", "B03002_001E": 631, "B03002_001M": 203, "B03002_012E": 23, "B03002_012M": 23, "B19013_001E": 207854, "B19013_001M": 59872, "B01003_001E": 631, "state": "06", "county": "001", "tract": "405100", "block group": "4", "latino_share": 0.036450079239302692, "latino_share_moe90": 0.034512309889896543, "camera_count": 0, "arterial_road_m": 321.14864631488189, "crime_count_pre_treatment": 72, "land_area_km2": 0.167546, "pop_density_per_km2": 3766.1298986546976, "camera_density_per_km2": 0.0, "crime_rate_per_km2": 429.73273011590845, "arterial_km_per_km2": 1.9167789521378122 }, "geometry": { "type": "Polygon", "coordinates": [ [ [ -122.241101, 37.81276 ], [ -122.239028, 37.814281 ], [ -122.238144, 37.815118 ], [ -122.232012, 37.81433 ], [ -122.236283, 37.813628 ], [ -122.235304, 37.811544 ], [ -122.240184, 37.811434 ], [ -122.241101, 37.81276 ] ] ] } },
{ "type": "Feature", "properties": { "GEOID": "060014100003", "NAME_x": "3", "ALAND": 1556176, "AWATER": 0, "centroid_lon": -122.14120270368308, "centroid_lat": 37.752547209597736, "NAME_y": "Block Group 3; Census Tract 4100; Alameda County; California", "B03002_001E": 0, "B03002_001M": 14, "B03002_012E": 0, "B03002_012M": 14, "B19013_001E": -666666666, "B19013_001M": -222222222, "B01003_001E": 0, "state": "06", "county": "001", "tract": "410000", "block group": "3", "latino_share": null, "latino_share_moe90": null, "camera_count": 2, "arterial_road_m": 1925.3021631369134, "crime_count_pre_treatment": 34, "land_area_km2": 1.556176, "pop_density_per_km2": 0.0, "camera_density_per_km2": 1.2852016738466601, "crime_rate_per_km2": 21.848428455393222, "arterial_km_per_km2": 1.2372007813620782 }, "geometry": { "type": "Polygon", "coordinates": [ [ [ -122.151206, 37.75364 ], [ -122.150562, 37.753371 ], [ -122.141828, 37.757477 ], [ -122.140094, 37.757216 ], [ -122.138522, 37.757941 ], [ -122.12952, 37.756046 ], [ -122.127378, 37.754464 ], [ -122.136359, 37.750414 ], [ -122.14215, 37.74737 ], [ -122.143607, 37.748562 ], [ -122.148647, 37.745129 ], [ -122.151677, 37.751124 ], [ -122.151206, 37.75364 ] ] ] } },
{ "type": "Feature", "properties": { "GEOID": "060014039003", "NAME_x": "3", "ALAND": 201894, "AWATER": 0, "centroid_lon": -122.24998984687237, "centroid_lat": 37.815614149895474, "NAME_y": "Block Group 3; Census Tract 4039; Alameda County; California", "B03002_001E": 1685, "B03002_001M": 496, "B03002_012E": 253, "B03002_012M": 247, "B19013_001E": 102631, "B19013_001M": 49526, "B01003_001E": 1685, "state": "06", "county": "001", "tract": "403900", "block group": "3", "latino_share": 0.15014836795252226, "latino_share_moe90": 0.13976567854323907, "camera_count": 3, "arterial_road_m": 2194.9886049090146, "crime_count_pre_treatment": 341, "land_area_km2": 0.201894, "pop_density_per_km2": 8345.9637235380942, "camera_density_per_km2": 14.859282593836371, "crime_rate_per_km2": 1689.0051214994007, "arterial_km_per_km2": 10.871985323531234 }, "geometry": { "type": "Polygon", "coordinates": [ [ [ -122.252476, 37.819886 ], [ -122.250514, 37.8181 ], [ -122.248719, 37.818343 ], [ -122.250154, 37.81707 ], [ -122.246643, 37.813776 ], [ -122.248008, 37.811513 ], [ -122.250385, 37.813264 ], [ -122.251451, 37.816157 ], [ -122.253679, 37.819001 ], [ -122.252476, 37.819886 ] ] ] } },
{ "type": "Feature", "properties": { "GEOID": "060014055003", "NAME_x": "3", "ALAND": 95924, "AWATER": 0, "centroid_lon": -122.24397700343948, "centroid_lat": 37.798825023853531, "NAME_y": "Block Group 3; Census Tract 4055; Alameda County; California", "B03002_001E": 831, "B03002_001M": 291, "B03002_012E": 254, "B03002_012M": 205, "B19013_001E": 63182, "B19013_001M": 54436, "B01003_001E": 831, "state": "06", "county": "001", "tract": "405500", "block group": "3", "latino_share": 0.30565583634175691, "latino_share_moe90": 0.22226085575158178, "camera_count": 0, "arterial_road_m": 0.0, "crime_count_pre_treatment": 191, "land_area_km2": 0.095924, "pop_density_per_km2": 8663.1082940661363, "camera_density_per_km2": 0.0, "crime_rate_per_km2": 1991.1596680705559, "arterial_km_per_km2": 0.0 }, "geometry": { "type": "Polygon", "coordinates": [ [ [ -122.24665, 37.79828 ], [ -122.242961, 37.800873 ], [ -122.241291, 37.799393 ], [ -122.245002, 37.796765 ], [ -122.24665, 37.79828 ] ] ] } },
{ "type": "Feature", "properties": { "GEOID": "060014058002", "NAME_x": "2", "ALAND": 120386, "AWATER": 0, "centroid_lon": -122.23262611960901, "centroid_lat": 37.793455582785164, "NAME_y": "Block Group 2; Census Tract 4058; Alameda County; California", "B03002_001E": 1451, "B03002_001M": 577, "B03002_012E": 363, "B03002_012M": 227, "B19013_001E": 44229, "B19013_001M": 29183, "B01003_001E": 1451, "state": "06", "county": "001", "tract": "405800", "block group": "2", "latino_share": 0.25017229496898691, "latino_share_moe90": 0.12073882001823114, "camera_count": 0, "arterial_road_m": 0.0, "crime_count_pre_treatment": 232, "land_area_km2": 0.120386, "pop_density_per_km2": 12052.896516206203, "camera_density_per_km2": 0.0, "crime_rate_per_km2": 1927.1343843968566, "arterial_km_per_km2": 0.0 }, "geometry": { "type": "Polygon", "coordinates": [ [ [ -122.23544, 37.792224 ], [ -122.231892, 37.795952 ], [ -122.229817, 37.794708 ], [ -122.233339, 37.790957 ], [ -122.23544, 37.792224 ] ] ] } },
{ "type": "Feature", "properties": { "GEOID": "060014070001", "NAME_x": "1", "ALAND": 199263, "AWATER": 0, "centroid_lon": -122.1992640758118, "centroid_lat": 37.790308913953346, "NAME_y": "Block Group 1; Census Tract 4070; Alameda County; California", "B03002_001E": 681, "B03002_001M": 311, "B03002_012E": 135, "B03002_012M": 154, "B19013_001E": 58904, "B19013_001M": 54397, "B01003_001E": 681, "state": "06", "county": "001", "tract": "407000", "block group": "1", "latino_share": 0.19823788546255505, "latino_share_moe90": 0.20722559917324226, "camera_count": 2, "arterial_road_m": 1072.0908832259111, "crime_count_pre_treatment": 196, "land_area_km2": 0.199263, "pop_density_per_km2": 3417.5938332756209, "camera_density_per_km2": 10.036986294495215, "crime_rate_per_km2": 983.6246568605311, "arterial_km_per_km2": 5.3802807506958699 }, "geometry": { "type": "Polygon", "coordinates": [ [ [ -122.203203, 37.792197 ], [ -122.200653, 37.793713 ], [ -122.198304, 37.791118 ], [ -122.194846, 37.787285 ], [ -122.195775, 37.786829 ], [ -122.199525, 37.788756 ], [ -122.200368, 37.789337 ], [ -122.201303, 37.790168 ], [ -122.203203, 37.792197 ] ] ] } },
{ "type": "Feature", "properties": { "GEOID": "060014068004", "NAME_x": "4", "ALAND": 218167, "AWATER": 0, "centroid_lon": -122.19927713245671, "centroid_lat": 37.796590133993902, "NAME_y": "Block Group 4; Census Tract 4068; Alameda County; California", "B03002_001E": 1000, "B03002_001M": 267, "B03002_012E": 197, "B03002_012M": 176, "B19013_001E": 82989, "B19013_001M": 6808, "B01003_001E": 1000, "state": "06", "county": "001", "tract": "406800", "block group": "4", "latino_share": 0.197, "latino_share_moe90": 0.16795637885772605, "camera_count": 1, "arterial_road_m": 923.09625891756536, "crime_count_pre_treatment": 329, "land_area_km2": 0.218167, "pop_density_per_km2": 4583.6446391984118, "camera_density_per_km2": 4.583644639198412, "crime_rate_per_km2": 1508.0190862962777, "arterial_km_per_km2": 4.2311452186516085 }, "geometry": { "type": "Polygon", "coordinates": [ [ [ -122.202104, 37.797091 ], [ -122.200506, 37.79692 ], [ -122.198397, 37.800064 ], [ -122.197644, 37.799397 ], [ -122.19677, 37.798152 ], [ -122.195495, 37.796722 ], [ -122.200653, 37.793713 ], [ -122.203371, 37.796096 ], [ -122.202104, 37.797091 ] ] ] } },
{ "type": "Feature", "properties": { "GEOID": "060014067002", "NAME_x": "2", "ALAND": 154047, "AWATER": 0, "centroid_lon": -122.20085910269603, "centroid_lat": 37.799358085981325, "NAME_y": "Block Group 2; Census Tract 4067; Alameda County; California", "B03002_001E": 333, "B03002_001M": 165, "B03002_012E": 5, "B03002_012M": 9, "B19013_001E": 103380, "B19013_001M": 40774, "B01003_001E": 333, "state": "06", "county": "001", "tract": "406700", "block group": "2", "latino_share": 0.015015015015015015, "latino_share_moe90": 0.025982849920839213, "camera_count": 0, "arterial_road_m": 0.0, "crime_count_pre_treatment": 145, "land_area_km2": 0.154047, "pop_density_per_km2": 2161.677929463086, "camera_density_per_km2": 0.0, "crime_rate_per_km2": 941.27117048692935, "arterial_km_per_km2": 0.0 }, "geometry": { "type": "Polygon", "coordinates": [ [ [ -122.203836, 37.798491 ], [ -122.201757, 37.80054 ], [ -122.20081, 37.801465 ], [ -122.199676, 37.802503 ], [ -122.198397, 37.800064 ], [ -122.200506, 37.79692 ], [ -122.202104, 37.797091 ], [ -122.203836, 37.798491 ] ] ] } },
{ "type": "Feature", "properties": { "GEOID": "060014067005", "NAME_x": "5", "ALAND": 175363, "AWATER": 0, "centroid_lon": -122.2074038161676, "centroid_lat": 37.804446859349518, "NAME_y": "Block Group 5; Census Tract 4067; Alameda County; California", "B03002_001E": 910, "B03002_001M": 362, "B03002_012E": 397, "B03002_012M": 304, "B19013_001E": 177738, "B19013_001M": 30576, "B01003_001E": 910, "state": "06", "county": "001", "tract": "406700", "block group": "5", "latino_share": 0.43626373626373627, "latino_share_moe90": 0.28544982143416725, "camera_count": 0, "arterial_road_m": 657.48123370404983, "crime_count_pre_treatment": 144, "land_area_km2": 0.175363, "pop_density_per_km2": 5189.2360418104163, "camera_density_per_km2": 0.0, "crime_rate_per_km2": 821.15383518758233, "arterial_km_per_km2": 3.7492585876384981 }, "geometry": { "type": "Polygon", "coordinates": [ [ [ -122.211014, 37.80286 ], [ -122.207372, 37.806409 ], [ -122.206073, 37.807279 ], [ -122.20376, 37.805825 ], [ -122.204864, 37.80504 ], [ -122.208323, 37.801629 ], [ -122.211014, 37.80286 ] ] ] } },
{ "type": "Feature", "properties": { "GEOID": "060014076002", "NAME_x": "2", "ALAND": 187232, "AWATER": 0, "centroid_lon": -122.20305219072877, "centroid_lat": 37.779432393744379, "NAME_y": "Block Group 2; Census Tract 4076; Alameda County; California", "B03002_001E": 1588, "B03002_001M": 887, "B03002_012E": 873, "B03002_012M": 850, "B19013_001E": 60658, "B19013_001M": 19508, "B01003_001E": 1588, "state": "06", "county": "001", "tract": "407600", "block group": "2", "latino_share": 0.5497481108312342, "latino_share_moe90": 0.43842480431905717, "camera_count": 2, "arterial_road_m": 0.0, "crime_count_pre_treatment": 225, "land_area_km2": 0.187232, "pop_density_per_km2": 8481.4561613399419, "camera_density_per_km2": 10.681934712015039, "crime_rate_per_km2": 1201.7176551016919, "arterial_km_per_km2": 0.0 }, "geometry": { "type": "Polygon", "coordinates": [ [ [ -122.206385, 37.780182 ], [ -122.20414, 37.782517 ], [ -122.199497, 37.778386 ], [ -122.201116, 37.777237 ], [ -122.202487, 37.77669 ], [ -122.204277, 37.778284 ], [ -122.204667, 37.778631 ], [ -122.206385, 37.780182 ] ] ] } },
{ "type": "Feature", "properties": { "GEOID": "060014084003", "NAME_x": "3", "ALAND": 227432, "AWATER": 0, "centroid_lon": -122.16878643387741, "centroid_lat": 37.762775422791449, "NAME_y": "Block Group 3; Census Tract 4084; Alameda County; California", "B03002_001E": 1339, "B03002_001M": 449, "B03002_012E": 619, "B03002_012M": 405, "B19013_001E": 66302, "B19013_001M": 42847, "B01003_001E": 1339, "state": "06", "county": "001", "tract": "408400", "block group": "3", "latino_share": 0.46228528752800596, "latino_share_moe90": 0.2597208221831665, "camera_count": 2, "arterial_road_m": 415.59533529096348, "crime_count_pre_treatment": 295, "land_area_km2": 0.227432, "pop_density_per_km2": 5887.4740581800279, "camera_density_per_km2": 8.7938372788349923, "crime_rate_per_km2": 1297.0909986281615, "arterial_km_per_km2": 1.8273388761958014 }, "geometry": { "type": "Polygon", "coordinates": [ [ [ -122.172761, 37.762137 ], [ -122.169659, 37.764127 ], [ -122.167789, 37.766009 ], [ -122.164942, 37.762685 ], [ -122.168729, 37.760898 ], [ -122.170547, 37.759996 ], [ -122.171136, 37.760692 ], [ -122.172761, 37.762137 ] ] ] } },
{ "type": "Feature", "properties": { "GEOID": "060014096004", "NAME_x": "4", "ALAND": 156413, "AWATER": 0, "centroid_lon": -122.17295259737936, "centroid_lat": 37.750346205138428, "NAME_y": "Block Group 4; Census Tract 4096; Alameda County; California", "B03002_001E": 806, "B03002_001M": 455, "B03002_012E": 492, "B03002_012M": 384, "B19013_001E": 51667, "B19013_001M": 35602, "B01003_001E": 806, "state": "06", "county": "001", "tract": "409600", "block group": "4", "latino_share": 0.61042183622828783, "latino_share_moe90": 0.32899571185098075, "camera_count": 2, "arterial_road_m": 285.91212596263654, "crime_count_pre_treatment": 270, "land_area_km2": 0.156413, "pop_density_per_km2": 5153.0243649824506, "camera_density_per_km2": 12.78666095529144, "crime_rate_per_km2": 1726.1992289643445, "arterial_km_per_km2": 1.8279307088454064 }, "geometry": { "type": "Polygon", "coordinates": [ [ [ -122.175823, 37.751696 ], [ -122.172533, 37.753221 ], [ -122.17103, 37.751185 ], [ -122.172159, 37.750596 ], [ -122.170375, 37.748217 ], [ -122.172521, 37.747223 ], [ -122.174969, 37.750546 ], [ -122.175823, 37.751696 ] ] ] } },
{ "type": "Feature", "properties": { "GEOID": "060014103001", "NAME_x": "1", "ALAND": 171700, "AWATER": 0, "centroid_lon": -122.16378628598881, "centroid_lat": 37.748199397288303, "NAME_y": "Block Group 1; Census Tract 4103; Alameda County; California", "B03002_001E": 1301, "B03002_001M": 386, "B03002_012E": 1110, "B03002_012M": 428, "B19013_001E": 53269, "B19013_001M": 22285, "B01003_001E": 1301, "state": "06", "county": "001", "tract": "410300", "block group": "1", "latino_share": 0.85318985395849345, "latino_share_moe90": 0.21011419372298504, "camera_count": 3, "arterial_road_m": 1074.7214415593153, "crime_count_pre_treatment": 395, "land_area_km2": 0.1717, "pop_density_per_km2": 7577.1694816540485, "camera_density_per_km2": 17.472335468841003, "crime_rate_per_km2": 2300.5241700640654, "arterial_km_per_km2": 6.2592978541602529 }, "geometry": { "type": "Polygon", "coordinates": [ [ [ -122.167145, 37.749709 ], [ -122.164044, 37.75119 ], [ -122.160307, 37.746125 ], [ -122.16255, 37.745467 ], [ -122.165107, 37.746936 ], [ -122.167145, 37.749709 ] ] ] } },
{ "type": "Feature", "properties": { "GEOID": "060014022002", "NAME_x": "2", "ALAND": 84569, "AWATER": 0, "centroid_lon": -122.29552433237548, "centroid_lat": 37.806480362718517, "NAME_y": "Block Group 2; Census Tract 4022; Alameda County; California", "B03002_001E": 733, "B03002_001M": 309, "B03002_012E": 78, "B03002_012M": 52, "B19013_001E": 56594, "B19013_001M": 13339, "B01003_001E": 733, "state": "06", "county": "001", "tract": "402200", "block group": "2", "latino_share": 0.10641200545702592, "latino_share_moe90": 0.054958026681507399, "camera_count": 0, "arterial_road_m": 572.09497694623201, "crime_count_pre_treatment": 303, "land_area_km2": 0.084569, "pop_density_per_km2": 8667.4786269200285, "camera_density_per_km2": 0.0, "crime_rate_per_km2": 3582.873156830517, "arterial_km_per_km2": 6.7648308120733596 }, "geometry": { "type": "Polygon", "coordinates": [ [ [ -122.296666, 37.808092 ], [ -122.295383, 37.807424 ], [ -122.293082, 37.806908 ], [ -122.293325, 37.806077 ], [ -122.29369, 37.805079 ], [ -122.298257, 37.806089 ], [ -122.296666, 37.808092 ] ] ] } },
{ "type": "Feature", "properties": { "GEOID": "060014010002", "NAME_x": "2", "ALAND": 144969, "AWATER": 0, "centroid_lon": -122.27103915657078, "centroid_lat": 37.833991543389494, "NAME_y": "Block Group 2; Census Tract 4010; Alameda County; California", "B03002_001E": 1367, "B03002_001M": 756, "B03002_012E": 32, "B03002_012M": 87, "B19013_001E": 194425, "B19013_001M": 63198, "B01003_001E": 1367, "state": "06", "county": "001", "tract": "401000", "block group": "2", "latino_share": 0.023408924652523776, "latino_share_moe90": 0.06231239815938211, "camera_count": 1, "arterial_road_m": 1244.0832369166963, "crime_count_pre_treatment": 362, "land_area_km2": 0.144969, "pop_density_per_km2": 9429.6021908132097, "camera_density_per_km2": 6.8980264746256106, "crime_rate_per_km2": 2497.0855838144707, "arterial_km_per_km2": 8.5817191048892969 }, "geometry": { "type": "Polygon", "coordinates": [ [ [ -122.275896, 37.835661 ], [ -122.267296, 37.834269 ], [ -122.266494, 37.833405 ], [ -122.266895, 37.831339 ], [ -122.267995, 37.831481 ], [ -122.267635, 37.832885 ], [ -122.27641, 37.834279 ], [ -122.275896, 37.835661 ] ] ] } },
{ "type": "Feature", "properties": { "GEOID": "060014010006", "NAME_x": "6", "ALAND": 234164, "AWATER": 0, "centroid_lon": -122.27460116939945, "centroid_lat": 37.829833433400992, "NAME_y": "Block Group 6; Census Tract 4010; Alameda County; California", "B03002_001E": 1069, "B03002_001M": 511, "B03002_012E": 288, "B03002_012M": 175, "B19013_001E": 160292, "B19013_001M": 123952, "B01003_001E": 1069, "state": "06", "county": "001", "tract": "401000", "block group": "6", "latino_share": 0.2694106641721235, "latino_share_moe90": 0.10106488599316464, "camera_count": 2, "arterial_road_m": 2278.7924905837622, "crime_count_pre_treatment": 408, "land_area_km2": 0.234164, "pop_density_per_km2": 4565.1765429357201, "camera_density_per_km2": 8.5410225312174362, "crime_rate_per_km2": 1742.3685963683572, "arterial_km_per_km2": 9.7316090030225055 }, "geometry": { "type": "Polygon", "coordinates": [ [ [ -122.278343, 37.828522 ], [ -122.277556, 37.831276 ], [ -122.277204, 37.832216 ], [ -122.276203, 37.831942 ], [ -122.270884, 37.831004 ], [ -122.271722, 37.827629 ], [ -122.277877, 37.828493 ], [ -122.278343, 37.828522 ] ] ] } },
{ "type": "Feature", "properties": { "GEOID": "060014030001", "NAME_x": "1", "ALAND": 76891, "AWATER": 0, "centroid_lon": -122.27301100313154, "centroid_lat": 37.799166001708976, "NAME_y": "Block Group 1; Census Tract 4030; Alameda County; California", "B03002_001E": 844, "B03002_001M": 227, "B03002_012E": 21, "B03002_012M": 34, "B19013_001E": 75972, "B19013_001M": 39846, "B01003_001E": 844, "state": "06", "county": "001", "tract": "403000", "block group": "1", "latino_share": 0.024881516587677725, "latino_share_moe90": 0.039724626110666184, "camera_count": 0, "arterial_road_m": 2392.684315151494, "crime_count_pre_treatment": 1863, "land_area_km2": 0.076891, "pop_density_per_km2": 10976.577232706039, "camera_density_per_km2": 0.0, "crime_rate_per_km2": 24229.103536174585, "arterial_km_per_km2": 31.117872249697548 }, "geometry": { "type": "Polygon", "coordinates": [ [ [ -122.275061, 37.798321 ], [ -122.273445, 37.800927 ], [ -122.270981, 37.79995 ], [ -122.272515, 37.797457 ], [ -122.274935, 37.798276 ], [ -122.275061, 37.798321 ] ] ] } },
{ "type": "Feature", "properties": { "GEOID": "060014093001", "NAME_x": "1", "ALAND": 222001, "AWATER": 0, "centroid_lon": -122.17112108567883, "centroid_lat": 37.741488989831069, "NAME_y": "Block Group 1; Census Tract 4093; Alameda County; California", "B03002_001E": 1871, "B03002_001M": 825, "B03002_012E": 1241, "B03002_012M": 770, "B19013_001E": 43670, "B19013_001M": 40592, "B01003_001E": 1871, "state": "06", "county": "001", "tract": "409300", "block group": "1", "latino_share": 0.66328166755745588, "latino_share_moe90": 0.28953674917562205, "camera_count": 1, "arterial_road_m": 1475.8092870282082, "crime_count_pre_treatment": 778, "land_area_km2": 0.222001, "pop_density_per_km2": 8427.8899644596186, "camera_density_per_km2": 4.504484214035072, "crime_rate_per_km2": 3504.4887185192861, "arterial_km_per_km2": 6.6477596363449187 }, "geometry": { "type": "Polygon", "coordinates": [ [ [ -122.173901, 37.742814 ], [ -122.170489, 37.744471 ], [ -122.169212, 37.742763 ], [ -122.167519, 37.740468 ], [ -122.17167, 37.738553 ], [ -122.174793, 37.742388 ], [ -122.173901, 37.742814 ] ] ] } },
{ "type": "Feature", "properties": { "GEOID": "060014085001", "NAME_x": "1", "ALAND": 152034, "AWATER": 0, "centroid_lon": -122.17799269831787, "centroid_lat": 37.763444943642412, "NAME_y": "Block Group 1; Census Tract 4085; Alameda County; California", "B03002_001E": 895, "B03002_001M": 516, "B03002_012E": 242, "B03002_012M": 247, "B19013_001E": 150560, "B19013_001M": 32724, "B01003_001E": 895, "state": "06", "county": "001", "tract": "408500", "block group": "1", "latino_share": 0.27039106145251396, "latino_share_moe90": 0.22773205834019677, "camera_count": 2, "arterial_road_m": 1058.3349338304988, "crime_count_pre_treatment": 188, "land_area_km2": 0.152034, "pop_density_per_km2": 5886.8411013325967, "camera_density_per_km2": 13.154952181748818, "crime_rate_per_km2": 1236.5655050843891, "arterial_km_per_km2": 6.9611727234072562 }, "geometry": { "type": "Polygon", "coordinates": [ [ [ -122.181175, 37.76318 ], [ -122.177427, 37.765596 ], [ -122.177197, 37.765816 ], [ -122.175698, 37.76494 ], [ -122.174561, 37.763909 ], [ -122.178491, 37.761722 ], [ -122.178228, 37.760872 ], [ -122.178752, 37.760556 ], [ -122.181175, 37.76318 ] ] ] } },
{ "type": "Feature", "properties": { "GEOID": "060014083004", "NAME_x": "4", "ALAND": 194880, "AWATER": 0, "centroid_lon": -122.16468768496939, "centroid_lat": 37.765544361185185, "NAME_y": "Block Group 4; Census Tract 4083; Alameda County; California", "B03002_001E": 438, "B03002_001M": 239, "B03002_012E": 184, "B03002_012M": 176, "B19013_001E": 137734, "B19013_001M": 54356, "B01003_001E": 438, "state": "06", "county": "001", "tract": "408300", "block group": "4", "latino_share": 0.42009132420091322, "latino_share_moe90": 0.33002891773687276, "camera_count": 1, "arterial_road_m": 457.27189230188691, "crime_count_pre_treatment": 369, "land_area_km2": 0.19488, "pop_density_per_km2": 2247.536945812808, "camera_density_per_km2": 5.1313628899835795, "crime_rate_per_km2": 1893.4729064039409, "arterial_km_per_km2": 2.3464280187904705 }, "geometry": { "type": "Polygon", "coordinates": [ [ [ -122.166286, 37.768019 ], [ -122.165377, 37.768804 ], [ -122.161949, 37.765163 ], [ -122.161219, 37.765433 ], [ -122.160831, 37.764682 ], [ -122.164202, 37.763043 ], [ -122.164942, 37.762685 ], [ -122.167789, 37.766009 ], [ -122.166286, 37.768019 ] ] ] } },
{ "type": "Feature", "properties": { "GEOID": "060014034012", "NAME_x": "2", "ALAND": 37936, "AWATER": 0, "centroid_lon": -122.26382410701679, "centroid_lat": 37.803111842900122, "NAME_y": "Block Group 2; Census Tract 4034.01; Alameda County; California", "B03002_001E": 1046, "B03002_001M": 330, "B03002_012E": 178, "B03002_012M": 127, "B19013_001E": 77325, "B19013_001M": 18540, "B01003_001E": 1046, "state": "06", "county": "001", "tract": "403401", "block group": "2", "latino_share": 0.17017208413001911, "latino_share_moe90": 0.10890026764634667, "camera_count": 0, "arterial_road_m": 136.37328790305548, "crime_count_pre_treatment": 405, "land_area_km2": 0.037936, "pop_density_per_km2": 27572.754112188952, "camera_density_per_km2": 0.0, "crime_rate_per_km2": 10675.875158161114, "arterial_km_per_km2": 3.5948251766937864 }, "geometry": { "type": "Polygon", "coordinates": [ [ [ -122.265256, 37.802021 ], [ -122.263575, 37.804656 ], [ -122.262394, 37.804196 ], [ -122.264071, 37.801572 ], [ -122.265256, 37.802021 ] ] ] } },
{ "type": "Feature", "properties": { "GEOID": "060014060004", "NAME_x": "4", "ALAND": 145807, "AWATER": 0, "centroid_lon": -122.25441529350324, "centroid_lat": 37.794032697089079, "NAME_y": "Block Group 4; Census Tract 4060; Alameda County; California", "B03002_001E": 1299, "B03002_001M": 481, "B03002_012E": 162, "B03002_012M": 185, "B19013_001E": 68173, "B19013_001M": 30268, "B01003_001E": 1299, "state": "06", "county": "001", "tract": "406000", "block group": "4", "latino_share": 0.12471131639722864, "latino_share_moe90": 0.1347226715120981, "camera_count": 0, "arterial_road_m": 1208.0843288932108, "crime_count_pre_treatment": 677, "land_area_km2": 0.145807, "pop_density_per_km2": 8909.0372890190465, "camera_density_per_km2": 0.0, "crime_rate_per_km2": 4643.1241298428749, "arterial_km_per_km2": 8.2855029518007424 }, "geometry": { "type": "Polygon", "coordinates": [ [ [ -122.254666, 37.796499 ], [ -122.253855, 37.795785 ], [ -122.251356, 37.793563 ], [ -122.25415, 37.791562 ], [ -122.257484, 37.794503 ], [ -122.254666, 37.796499 ] ] ] } },
{ "type": "Feature", "properties": { "GEOID": "060014031002", "NAME_x": "2", "ALAND": 147874, "AWATER": 0, "centroid_lon": -122.27656161369265, "centroid_lat": 37.800543542578737, "NAME_y": "Block Group 2; Census Tract 4031; Alameda County; California", "B03002_001E": 1220, "B03002_001M": 344, "B03002_012E": 145, "B03002_012M": 64, "B19013_001E": 155179, "B19013_001M": 36809, "B01003_001E": 1220, "state": "06", "county": "001", "tract": "403100", "block group": "2", "latino_share": 0.11885245901639344, "latino_share_moe90": 0.040359149766507202, "camera_count": 1, "arterial_road_m": 3065.3232614884737, "crime_count_pre_treatment": 502, "land_area_km2": 0.147874, "pop_density_per_km2": 8250.2671193042715, "camera_density_per_km2": 6.7625140322166164, "crime_rate_per_km2": 3394.7820441727417, "arterial_km_per_km2": 20.72929156909581 }, "geometry": { "type": "Polygon", "coordinates": [ [ [ -122.279564, 37.800449 ], [ -122.278135, 37.802763 ], [ -122.273445, 37.800927 ], [ -122.275061, 37.798321 ], [ -122.278536, 37.799654 ], [ -122.279564, 37.800449 ] ] ] } },
{ "type": "Feature", "properties": { "GEOID": "060014028021", "NAME_x": "1", "ALAND": 65438, "AWATER": 0, "centroid_lon": -122.27295999152214, "centroid_lat": 37.806303342067785, "NAME_y": "Block Group 1; Census Tract 4028.02; Alameda County; California", "B03002_001E": 527, "B03002_001M": 149, "B03002_012E": 24, "B03002_012M": 35, "B19013_001E": 14224, "B19013_001M": 4614, "B01003_001E": 527, "state": "06", "county": "001", "tract": "402802", "block group": "1", "latino_share": 0.045540796963946868, "latino_share_moe90": 0.065153562722891897, "camera_count": 0, "arterial_road_m": 162.79938018891937, "crime_count_pre_treatment": 1229, "land_area_km2": 0.065438, "pop_density_per_km2": 8053.4246156667386, "camera_density_per_km2": 0.0, "crime_rate_per_km2": 18781.136342797763, "arterial_km_per_km2": 2.4878416239634369 }, "geometry": { "type": "Polygon", "coordinates": [ [ [ -122.272805, 37.80878 ], [ -122.271274, 37.804361 ], [ -122.274801, 37.805769 ], [ -122.272805, 37.80878 ] ] ] } },
{ "type": "Feature", "properties": { "GEOID": "060014036002", "NAME_x": "2", "ALAND": 80832, "AWATER": 0, "centroid_lon": -122.25647540367881, "centroid_lat": 37.81314018904029, "NAME_y": "Block Group 2; Census Tract 4036; Alameda County; California", "B03002_001E": 1354, "B03002_001M": 386, "B03002_012E": 372, "B03002_012M": 217, "B19013_001E": 125255, "B19013_001M": 20071, "B01003_001E": 1354, "state": "06", "county": "001", "tract": "403600", "block group": "2", "latino_share": 0.27474150664697194, "latino_share_moe90": 0.13982330937591844, "camera_count": 0, "arterial_road_m": 0.0, "crime_count_pre_treatment": 510, "land_area_km2": 0.080832, "pop_density_per_km2": 16750.791765637372, "camera_density_per_km2": 0.0, "crime_rate_per_km2": 6309.3824228028507, "arterial_km_per_km2": 0.0 }, "geometry": { "type": "Polygon", "coordinates": [ [ [ -122.258086, 37.814175 ], [ -122.256049, 37.815327 ], [ -122.255301, 37.814295 ], [ -122.255162, 37.811604 ], [ -122.255389, 37.810661 ], [ -122.256414, 37.81092 ], [ -122.257052, 37.812522 ], [ -122.258893, 37.813547 ], [ -122.258086, 37.814175 ] ] ] } },
{ "type": "Feature", "properties": { "GEOID": "060014034022", "NAME_x": "2", "ALAND": 38424, "AWATER": 0, "centroid_lon": -122.26501703952597, "centroid_lat": 37.803572022969405, "NAME_y": "Block Group 2; Census Tract 4034.02; Alameda County; California", "B03002_001E": 942, "B03002_001M": 169, "B03002_012E": 153, "B03002_012M": 100, "B19013_001E": 91659, "B19013_001M": 22591, "B01003_001E": 942, "state": "06", "county": "001", "tract": "403402", "block group": "2", "latino_share": 0.16242038216560509, "latino_share_moe90": 0.10207959945495983, "camera_count": 0, "arterial_road_m": 0.0, "crime_count_pre_treatment": 130, "land_area_km2": 0.038424, "pop_density_per_km2": 24515.927545284198, "camera_density_per_km2": 0.0, "crime_rate_per_km2": 3383.302102852384, "arterial_km_per_km2": 0.0 }, "geometry": { "type": "Polygon", "coordinates": [ [ [ -122.266458, 37.802497 ], [ -122.264778, 37.805119 ], [ -122.263575, 37.804656 ], [ -122.265256, 37.802021 ], [ -122.266458, 37.802497 ] ] ] } },
{ "type": "Feature", "properties": { "GEOID": "060014030003", "NAME_x": "3", "ALAND": 103212, "AWATER": 0, "centroid_lon": -122.27112313279525, "centroid_lat": 37.802163953188519, "NAME_y": "Block Group 3; Census Tract 4030; Alameda County; California", "B03002_001E": 783, "B03002_001M": 212, "B03002_012E": 14, "B03002_012M": 23, "B19013_001E": 24514, "B19013_001M": 8860, "B01003_001E": 783, "state": "06", "county": "001", "tract": "403000", "block group": "3", "latino_share": 0.017879948914431672, "latino_share_moe90": 0.028972536629987451, "camera_count": 0, "arterial_road_m": 1323.7913072065671, "crime_count_pre_treatment": 852, "land_area_km2": 0.103212, "pop_density_per_km2": 7586.3271712591559, "camera_density_per_km2": 0.0, "crime_rate_per_km2": 8254.8540867341017, "arterial_km_per_km2": 12.825943758541325 }, "geometry": { "type": "Polygon", "coordinates": [ [ [ -122.271274, 37.804361 ], [ -122.268798, 37.803427 ], [ -122.270981, 37.79995 ], [ -122.273445, 37.800927 ], [ -122.271274, 37.804361 ] ] ] } },
{ "type": "Feature", "properties": { "GEOID": "060014053022", "NAME_x": "2", "ALAND": 93633, "AWATER": 0, "centroid_lon": -122.25283915972526, "centroid_lat": 37.797801874003504, "NAME_y": "Block Group 2; Census Tract 4053.02; Alameda County; California", "B03002_001E": 1370, "B03002_001M": 290, "B03002_012E": 208, "B03002_012M": 146, "B19013_001E": 72500, "B19013_001M": 25449, "B01003_001E": 1370, "state": "06", "county": "001", "tract": "405302", "block group": "2", "latino_share": 0.15182481751824817, "latino_share_moe90": 0.1016079101550485, "camera_count": 0, "arterial_road_m": 654.7941615880568, "crime_count_pre_treatment": 317, "land_area_km2": 0.093633, "pop_density_per_km2": 14631.593562098833, "camera_density_per_km2": 0.0, "crime_rate_per_km2": 3385.5585103542558, "arterial_km_per_km2": 6.9931985687530771 }, "geometry": { "type": "Polygon", "coordinates": [ [ [ -122.255481, 37.797239 ], [ -122.251935, 37.799731 ], [ -122.251017, 37.79918 ], [ -122.250162, 37.798427 ], [ -122.252043, 37.797093 ], [ -122.253855, 37.795785 ], [ -122.254666, 37.796499 ], [ -122.255481, 37.797239 ] ] ] } },
{ "type": "Feature", "properties": { "GEOID": "060014005002", "NAME_x": "2", "ALAND": 135779, "AWATER": 0, "centroid_lon": -122.26703283957865, "centroid_lat": 37.846481963415378, "NAME_y": "Block Group 2; Census Tract 4005; Alameda County; California", "B03002_001E": 942, "B03002_001M": 311, "B03002_012E": 196, "B03002_012M": 174, "B19013_001E": 155536, "B19013_001M": 89812, "B01003_001E": 942, "state": "06", "county": "001", "tract": "400500", "block group": "2", "latino_share": 0.20806794055201699, "latino_share_moe90": 0.17146502782298859, "camera_count": 0, "arterial_road_m": 0.0, "crime_count_pre_treatment": 154, "land_area_km2": 0.135779, "pop_density_per_km2": 6937.744422922543, "camera_density_per_km2": 0.0, "crime_rate_per_km2": 1134.1960096922203, "arterial_km_per_km2": 0.0 }, "geometry": { "type": "Polygon", "coordinates": [ [ [ -122.269409, 37.848107 ], [ -122.265698, 37.848763 ], [ -122.265302, 37.845872 ], [ -122.26514, 37.84453 ], [ -122.26807, 37.844136 ], [ -122.268183, 37.844585 ], [ -122.268763, 37.847261 ], [ -122.269226, 37.847201 ], [ -122.269409, 37.848107 ] ] ] } },
{ "type": "Feature", "properties": { "GEOID": "060014053021", "NAME_x": "1", "ALAND": 111933, "AWATER": 0, "centroid_lon": -122.25541075194678, "centroid_lat": 37.799125098083806, "NAME_y": "Block Group 1; Census Tract 4053.02; Alameda County; California", "B03002_001E": 1190, "B03002_001M": 200, "B03002_012E": 51, "B03002_012M": 42, "B19013_001E": 39950, "B19013_001M": 27483, "B01003_001E": 1190, "state": "06", "county": "001", "tract": "405302", "block group": "1", "latino_share": 0.042857142857142858, "latino_share_moe90": 0.034551313196287514, "camera_count": 0, "arterial_road_m": 1075.2522548440288, "crime_count_pre_treatment": 581, "land_area_km2": 0.111933, "pop_density_per_km2": 10631.359831327669, "camera_density_per_km2": 0.0, "crime_rate_per_km2": 5190.6050941188032, "arterial_km_per_km2": 9.6062131350363948 }, "geometry": { "type": "Polygon", "coordinates": [ [ [ -122.257805, 37.799704 ], [ -122.254505, 37.800561 ], [ -122.251935, 37.799731 ], [ -122.255481, 37.797239 ], [ -122.25713, 37.798725 ], [ -122.259554, 37.798301 ], [ -122.257805, 37.799704 ] ] ] } },
{ "type": "Feature", "properties": { "GEOID": "060014054013", "NAME_x": "3", "ALAND": 95001, "AWATER": 0, "centroid_lon": -122.25127903895597, "centroid_lat": 37.794959522316717, "NAME_y": "Block Group 3; Census Tract 4054.01; Alameda County; California", "B03002_001E": 998, "B03002_001M": 287, "B03002_012E": 280, "B03002_012M": 192, "B19013_001E": -666666666, "B19013_001M": -222222222, "B01003_001E": 998, "state": "06", "county": "001", "tract": "405401", "block group": "3", "latino_share": 0.28056112224448898, "latino_share_moe90": 0.17464893005041726, "camera_count": 0, "arterial_road_m": 656.62543487538312, "crime_count_pre_treatment": 377, "land_area_km2": 0.095001, "pop_density_per_km2": 10505.15257734129, "camera_density_per_km2": 0.0, "crime_rate_per_km2": 3968.3792802181028, "arterial_km_per_km2": 6.9117739273837451 }, "geometry": { "type": "Polygon", "coordinates": [ [ [ -122.252043, 37.797093 ], [ -122.248697, 37.794132 ], [ -122.250515, 37.792834 ], [ -122.251356, 37.793563 ], [ -122.253855, 37.795785 ], [ -122.252043, 37.797093 ] ] ] } },
{ "type": "Feature", "properties": { "GEOID": "060014066014", "NAME_x": "4", "ALAND": 173719, "AWATER": 0, "centroid_lon": -122.20436174114394, "centroid_lat": 37.793786465478327, "NAME_y": "Block Group 4; Census Tract 4066.01; Alameda County; California", "B03002_001E": 1220, "B03002_001M": 405, "B03002_012E": 164, "B03002_012M": 136, "B19013_001E": 71316, "B19013_001M": 51981, "B01003_001E": 1220, "state": "06", "county": "001", "tract": "406601", "block group": "4", "latino_share": 0.13442622950819672, "latino_share_moe90": 0.10215364593860912, "camera_count": 4, "arterial_road_m": 2344.6481565793388, "crime_count_pre_treatment": 320, "land_area_km2": 0.173719, "pop_density_per_km2": 7022.8357289645919, "camera_density_per_km2": 23.025690914638005, "crime_rate_per_km2": 1842.0552731710404, "arterial_km_per_km2": 13.496785939242907 }, "geometry": { "type": "Polygon", "coordinates": [ [ [ -122.207648, 37.794724 ], [ -122.206574, 37.795807 ], [ -122.205208, 37.7947 ], [ -122.203371, 37.796096 ], [ -122.200653, 37.793713 ], [ -122.203203, 37.792197 ], [ -122.204783, 37.791252 ], [ -122.207053, 37.793264 ], [ -122.207648, 37.794724 ] ] ] } },
{ "type": "Feature", "properties": { "GEOID": "060014095003", "NAME_x": "3", "ALAND": 138769, "AWATER": 0, "centroid_lon": -122.17828579908996, "centroid_lat": 37.750388359868879, "NAME_y": "Block Group 3; Census Tract 4095; Alameda County; California", "B03002_001E": 993, "B03002_001M": 299, "B03002_012E": 862, "B03002_012M": 299, "B19013_001E": 34539, "B19013_001M": 22121, "B01003_001E": 993, "state": "06", "county": "001", "tract": "409500", "block group": "3", "latino_share": 0.86807653575025179, "latino_share_moe90": 0.14947903866530307, "camera_count": 0, "arterial_road_m": 532.15654623541991, "crime_count_pre_treatment": 312, "land_area_km2": 0.138769, "pop_density_per_km2": 7155.7768665912417, "camera_density_per_km2": 0.0, "crime_rate_per_km2": 2248.3407677507225, "arterial_km_per_km2": 3.8348373645080662 }, "geometry": { "type": "Polygon", "coordinates": [ [ [ -122.181598, 37.750245 ], [ -122.176501, 37.752609 ], [ -122.175823, 37.751696 ], [ -122.174969, 37.750546 ], [ -122.180062, 37.748161 ], [ -122.181598, 37.750245 ] ] ] } },
{ "type": "Feature", "properties": { "GEOID": "060014035021", "NAME_x": "1", "ALAND": 76143, "AWATER": 0, "centroid_lon": -122.25884574385132, "centroid_lat": 37.814446545524305, "NAME_y": "Block Group 1; Census Tract 4035.02; Alameda County; California", "B03002_001E": 782, "B03002_001M": 225, "B03002_012E": 96, "B03002_012M": 68, "B19013_001E": 77061, "B19013_001M": 41078, "B01003_001E": 782, "state": "06", "county": "001", "tract": "403502", "block group": "1", "latino_share": 0.12276214833759591, "latino_share_moe90": 0.079459561748129501, "camera_count": 1, "arterial_road_m": 660.4523239915934, "crime_count_pre_treatment": 228, "land_area_km2": 0.076143, "pop_density_per_km2": 10270.149586961375, "camera_density_per_km2": 13.133183615040121, "crime_rate_per_km2": 2994.3658642291475, "arterial_km_per_km2": 8.6738416399615641 }, "geometry": { "type": "Polygon", "coordinates": [ [ [ -122.261495, 37.813034 ], [ -122.260034, 37.814521 ], [ -122.259039, 37.815321 ], [ -122.257507, 37.816317 ], [ -122.256049, 37.815327 ], [ -122.258086, 37.814175 ], [ -122.258893, 37.813547 ], [ -122.260867, 37.812406 ], [ -122.261495, 37.813034 ] ] ] } },
{ "type": "Feature", "properties": { "GEOID": "060014035022", "NAME_x": "2", "ALAND": 104990, "AWATER": 0, "centroid_lon": -122.25564114428786, "centroid_lat": 37.817064876091173, "NAME_y": "Block Group 2; Census Tract 4035.02; Alameda County; California", "B03002_001E": 1103, "B03002_001M": 235, "B03002_012E": 137, "B03002_012M": 73, "B19013_001E": 122188, "B19013_001M": 58439, "B01003_001E": 1103, "state": "06", "county": "001", "tract": "403502", "block group": "2", "latino_share": 0.1242067089755213, "latino_share_moe90": 0.060662365876643448, "camera_count": 1, "arterial_road_m": 715.65939294019176, "crime_count_pre_treatment": 275, "land_area_km2": 0.10499, "pop_density_per_km2": 10505.762453567006, "camera_density_per_km2": 9.5247166396799692, "crime_rate_per_km2": 2619.2970759119917, "arterial_km_per_km2": 6.81645292828071 }, "geometry": { "type": "Polygon", "coordinates": [ [ [ -122.258656, 37.816092 ], [ -122.255131, 37.819012 ], [ -122.254155, 37.818646 ], [ -122.253174, 37.816992 ], [ -122.256049, 37.815327 ], [ -122.257507, 37.816317 ], [ -122.259039, 37.815321 ], [ -122.258656, 37.816092 ] ] ] } },
{ "type": "Feature", "properties": { "GEOID": "060014062023", "NAME_x": "3", "ALAND": 194837, "AWATER": 0, "centroid_lon": -122.22512688729654, "centroid_lat": 37.782904742806465, "NAME_y": "Block Group 3; Census Tract 4062.02; Alameda County; California", "B03002_001E": 1792, "B03002_001M": 596, "B03002_012E": 1156, "B03002_012M": 506, "B19013_001E": 79922, "B19013_001M": 22331, "B01003_001E": 1792, "state": "06", "county": "001", "tract": "406202", "block group": "3", "latino_share": 0.6450892857142857, "latino_share_moe90": 0.18357284154920589, "camera_count": 1, "arterial_road_m": 872.04271951171881, "crime_count_pre_treatment": 662, "land_area_km2": 0.194837, "pop_density_per_km2": 9197.4316993178909, "camera_density_per_km2": 5.1324953679229299, "crime_rate_per_km2": 3397.71193356498, "arterial_km_per_km2": 4.475755218524812 }, "geometry": { "type": "Polygon", "coordinates": [ [ [ -122.228392, 37.781488 ], [ -122.225515, 37.784371 ], [ -122.226792, 37.784511 ], [ -122.225307, 37.786098 ], [ -122.224369, 37.785646 ], [ -122.222249, 37.784938 ], [ -122.222729, 37.783749 ], [ -122.2239, 37.781409 ], [ -122.224719, 37.779772 ], [ -122.226522, 37.780372 ], [ -122.228392, 37.781488 ] ] ] } },
{ "type": "Feature", "properties": { "GEOID": "060014092002", "NAME_x": "2", "ALAND": 267027, "AWATER": 0, "centroid_lon": -122.18061059304583, "centroid_lat": 37.7296352695802, "NAME_y": "Block Group 2; Census Tract 4092; Alameda County; California", "B03002_001E": 1313, "B03002_001M": 414, "B03002_012E": 894, "B03002_012M": 353, "B19013_001E": 67717, "B19013_001M": 20642, "B01003_001E": 1313, "state": "06", "county": "001", "tract": "409200", "block group": "2", "latino_share": 0.68088347296268092, "latino_share_moe90": 0.16183086651585393, "camera_count": 1, "arterial_road_m": 569.94471396747963, "crime_count_pre_treatment": 302, "land_area_km2": 0.267027, "pop_density_per_km2": 4917.1057608406636, "camera_density_per_km2": 3.7449396502975354, "crime_rate_per_km2": 1130.9717743898557, "arterial_km_per_km2": 2.1344085578143019 }, "geometry": { "type": "Polygon", "coordinates": [ [ [ -122.184167, 37.726529 ], [ -122.179316, 37.73413 ], [ -122.179782, 37.736267 ], [ -122.177295, 37.73403 ], [ -122.178587, 37.733099 ], [ -122.178165, 37.732215 ], [ -122.180226, 37.725738 ], [ -122.181916, 37.725372 ], [ -122.183312, 37.725566 ], [ -122.184167, 37.726529 ] ] ] } },
{ "type": "Feature", "properties": { "GEOID": "060014087006", "NAME_x": "6", "ALAND": 165741, "AWATER": 0, "centroid_lon": -122.1885836998795, "centroid_lat": 37.76986947479687, "NAME_y": "Block Group 6; Census Tract 4087; Alameda County; California", "B03002_001E": 1233, "B03002_001M": 564, "B03002_012E": 591, "B03002_012M": 397, "B19013_001E": 77637, "B19013_001M": 53462, "B01003_001E": 1233, "state": "06", "county": "001", "tract": "408700", "block group": "6", "latino_share": 0.47931873479318737, "latino_share_moe90": 0.23579583202199259, "camera_count": 1, "arterial_road_m": 1299.2013756653087, "crime_count_pre_treatment": 564, "land_area_km2": 0.165741, "pop_density_per_km2": 7439.3179720165799, "camera_density_per_km2": 6.0335101151797081, "crime_rate_per_km2": 3402.8997049613554, "arterial_km_per_km2": 7.8387446417320321 }, "geometry": { "type": "Polygon", "coordinates": [ [ [ -122.190345, 37.771576 ], [ -122.18448, 37.770812 ], [ -122.18563, 37.769621 ], [ -122.189033, 37.767452 ], [ -122.192194, 37.770292 ], [ -122.190345, 37.771576 ] ] ] } },
{ "type": "Feature", "properties": { "GEOID": "060014080001", "NAME_x": "1", "ALAND": 526719, "AWATER": 0, "centroid_lon": -122.18505628599985, "centroid_lat": 37.806948619685848, "NAME_y": "Block Group 1; Census Tract 4080; Alameda County; California", "B03002_001E": 617, "B03002_001M": 309, "B03002_012E": 38, "B03002_012M": 48, "B19013_001E": 216845, "B19013_001M": 51246, "B01003_001E": 617, "state": "06", "county": "001", "tract": "408000", "block group": "1", "latino_share": 0.061588330632090758, "latino_share_moe90": 0.071420076850288297, "camera_count": 0, "arterial_road_m": 1287.8252019706586, "crime_count_pre_treatment": 131, "land_area_km2": 0.526719, "pop_density_per_km2": 1171.4025884769676, "camera_density_per_km2": 0.0, "crime_rate_per_km2": 248.70946367987483, "arterial_km_per_km2": 2.4449947732484656 }, "geometry": { "type": "Polygon", "coordinates": [ [ [ -122.194649, 37.810822 ], [ -122.191459, 37.809752 ], [ -122.186745, 37.809314 ], [ -122.183105, 37.809602 ], [ -122.181329, 37.808877 ], [ -122.179157, 37.804981 ], [ -122.178139, 37.803964 ], [ -122.178786, 37.803131 ], [ -122.180543, 37.804523 ], [ -122.180049, 37.802451 ], [ -122.181652, 37.801873 ], [ -122.184724, 37.805546 ], [ -122.186782, 37.805737 ], [ -122.187937, 37.806617 ], [ -122.186928, 37.807516 ], [ -122.189759, 37.808212 ], [ -122.190461, 37.80724 ], [ -122.191974, 37.807482 ], [ -122.19377, 37.808759 ], [ -122.194649, 37.810822 ] ] ] } },
{ "type": "Feature", "properties": { "GEOID": "060014105002", "NAME_x": "2", "ALAND": 520766, "AWATER": 0, "centroid_lon": -122.28882780347134, "centroid_lat": 37.811608938323531, "NAME_y": "Block Group 2; Census Tract 4105; Alameda County; California", "B03002_001E": 1214, "B03002_001M": 287, "B03002_012E": 0, "B03002_012M": 14, "B19013_001E": 57656, "B19013_001M": 16037, "B01003_001E": 1214, "state": "06", "county": "001", "tract": "410500", "block group": "2", "latino_share": 0.0, "latino_share_moe90": 0.011532125205930808, "camera_count": 2, "arterial_road_m": 4040.180188197618, "crime_count_pre_treatment": 826, "land_area_km2": 0.520766, "pop_density_per_km2": 2331.1813751281766, "camera_density_per_km2": 3.8404964993874411, "crime_rate_per_km2": 1586.1250542470132, "arterial_km_per_km2": 7.7581489348337218 }, "geometry": { "type": "Polygon", "coordinates": [ [ [ -122.293082, 37.806908 ], [ -122.289802, 37.816155 ], [ -122.289669, 37.816835 ], [ -122.28967, 37.817002 ], [ -122.284024, 37.815622 ], [ -122.285192, 37.812403 ], [ -122.286208, 37.809606 ], [ -122.288335, 37.810106 ], [ -122.290048, 37.805341 ], [ -122.293325, 37.806077 ], [ -122.293082, 37.806908 ] ] ] } },
{ "type": "Feature", "properties": { "GEOID": "060014011001", "NAME_x": "1", "ALAND": 168742, "AWATER": 0, "centroid_lon": -122.2616010390513, "centroid_lat": 37.834292721875116, "NAME_y": "Block Group 1; Census Tract 4011; Alameda County; California", "B03002_001E": 665, "B03002_001M": 371, "B03002_012E": 24, "B03002_012M": 40, "B19013_001E": 87210, "B19013_001M": 79825, "B01003_001E": 665, "state": "06", "county": "001", "tract": "401100", "block group": "1", "latino_share": 0.036090225563909777, "latino_share_moe90": 0.056680400025905686, "camera_count": 0, "arterial_road_m": 1269.5633124377255, "crime_count_pre_treatment": 1931, "land_area_km2": 0.168742, "pop_density_per_km2": 3940.9275698996098, "camera_density_per_km2": 0.0, "crime_rate_per_km2": 11443.505469888943, "arterial_km_per_km2": 7.5236948266449692 }, "geometry": { "type": "Polygon", "coordinates": [ [ [ -122.262361, 37.837314 ], [ -122.259516, 37.836935 ], [ -122.259531, 37.836825 ], [ -122.260193, 37.834265 ], [ -122.259988, 37.831871 ], [ -122.263904, 37.83156 ], [ -122.262361, 37.837314 ] ] ] } },
{ "type": "Feature", "properties": { "GEOID": "060014074001", "NAME_x": "1", "ALAND": 231212, "AWATER": 0, "centroid_lon": -122.20344306124515, "centroid_lat": 37.770104784621161, "NAME_y": "Block Group 1; Census Tract 4074; Alameda County; California", "B03002_001E": 1981, "B03002_001M": 636, "B03002_012E": 529, "B03002_012M": 224, "B19013_001E": 76250, "B19013_001M": 31310, "B01003_001E": 1981, "state": "06", "county": "001", "tract": "407400", "block group": "1", "latino_share": 0.26703685007571931, "latino_share_moe90": 0.073727675737113516, "camera_count": 0, "arterial_road_m": 736.32820746783727, "crime_count_pre_treatment": 418, "land_area_km2": 0.231212, "pop_density_per_km2": 8567.8943999446401, "camera_density_per_km2": 0.0, "crime_rate_per_km2": 1807.8646437036141, "arterial_km_per_km2": 3.1846452929252687 }, "geometry": { "type": "Polygon", "coordinates": [ [ [ -122.204836, 37.771606 ], [ -122.205109, 37.772674 ], [ -122.202978, 37.772675 ], [ -122.200805, 37.772661 ], [ -122.200809, 37.770067 ], [ -122.20084, 37.76913 ], [ -122.20368, 37.767126 ], [ -122.207008, 37.768703 ], [ -122.204836, 37.771606 ] ] ] } },
{ "type": "Feature", "properties": { "GEOID": "060014104002", "NAME_x": "2", "ALAND": 188081, "AWATER": 0, "centroid_lon": -122.15894725815231, "centroid_lat": 37.739808376867714, "NAME_y": "Block Group 2; Census Tract 4104; Alameda County; California", "B03002_001E": 1969, "B03002_001M": 838, "B03002_012E": 1249, "B03002_012M": 777, "B19013_001E": 121907, "B19013_001M": 27470, "B01003_001E": 1969, "state": "06", "county": "001", "tract": "410400", "block group": "2", "latino_share": 0.63433214829862872, "latino_share_moe90": 0.28781693414300191, "camera_count": 2, "arterial_road_m": 90.364568741340122, "crime_count_pre_treatment": 188, "land_area_km2": 0.188081, "pop_density_per_km2": 10468.893721322196, "camera_density_per_km2": 10.633716324349615, "crime_rate_per_km2": 999.56933448886389, "arterial_km_per_km2": 0.48045559488380069 }, "geometry": { "type": "Polygon", "coordinates": [ [ [ -122.161847, 37.740852 ], [ -122.15814, 37.741871 ], [ -122.156962, 37.741506 ], [ -122.155119, 37.739082 ], [ -122.160074, 37.737691 ], [ -122.160502, 37.737607 ], [ -122.162726, 37.740646 ], [ -122.161847, 37.740852 ] ] ] } },
{ "type": "Feature", "properties": { "GEOID": "060014077004", "NAME_x": "4", "ALAND": 203530, "AWATER": 0, "centroid_lon": -122.19194144967695, "centroid_lat": 37.778061306600428, "NAME_y": "Block Group 4; Census Tract 4077; Alameda County; California", "B03002_001E": 985, "B03002_001M": 322, "B03002_012E": 200, "B03002_012M": 101, "B19013_001E": 123219, "B19013_001M": 31521, "B01003_001E": 985, "state": "06", "county": "001", "tract": "407700", "block group": "4", "latino_share": 0.20304568527918782, "latino_share_moe90": 0.078155200608206063, "camera_count": 0, "arterial_road_m": 0.0, "crime_count_pre_treatment": 180, "land_area_km2": 0.20353, "pop_density_per_km2": 4839.5813884930967, "camera_density_per_km2": 0.0, "crime_rate_per_km2": 884.39050754188577, "arterial_km_per_km2": 0.0 }, "geometry": { "type": "Polygon", "coordinates": [ [ [ -122.192289, 37.780473 ], [ -122.192015, 37.781062 ], [ -122.188298, 37.777873 ], [ -122.192105, 37.775247 ], [ -122.195596, 37.77824 ], [ -122.192289, 37.780473 ] ] ] } },
{ "type": "Feature", "properties": { "GEOID": "060014071012", "NAME_x": "2", "ALAND": 148338, "AWATER": 0, "centroid_lon": -122.21213047135576, "centroid_lat": 37.78470970335767, "NAME_y": "Block Group 2; Census Tract 4071.01; Alameda County; California", "B03002_001E": 1257, "B03002_001M": 471, "B03002_012E": 723, "B03002_012M": 465, "B19013_001E": 120324, "B19013_001M": 23152, "B01003_001E": 1257, "state": "06", "county": "001", "tract": "407101", "block group": "2", "latino_share": 0.57517899761336511, "latino_share_moe90": 0.30066247256704653, "camera_count": 0, "arterial_road_m": 449.14894613264994, "crime_count_pre_treatment": 315, "land_area_km2": 0.148338, "pop_density_per_km2": 8473.8907090563443, "camera_density_per_km2": 0.0, "crime_rate_per_km2": 2123.528697973547, "arterial_km_per_km2": 3.0278751643722441 }, "geometry": { "type": "Polygon", "coordinates": [ [ [ -122.214028, 37.785834 ], [ -122.211978, 37.78704 ], [ -122.209049, 37.784397 ], [ -122.210697, 37.783221 ], [ -122.212927, 37.781652 ], [ -122.211675, 37.784025 ], [ -122.213399, 37.783211 ], [ -122.215271, 37.785099 ], [ -122.214028, 37.785834 ] ] ] } },
{ "type": "Feature", "properties": { "GEOID": "060014012002", "NAME_x": "2", "ALAND": 144891, "AWATER": 0, "centroid_lon": -122.25783389657036, "centroid_lat": 37.829716905507617, "NAME_y": "Block Group 2; Census Tract 4012; Alameda County; California", "B03002_001E": 848, "B03002_001M": 207, "B03002_012E": 164, "B03002_012M": 104, "B19013_001E": 116563, "B19013_001M": 31304, "B01003_001E": 848, "state": "06", "county": "001", "tract": "401200", "block group": "2", "latino_share": 0.19339622641509435, "latino_share_moe90": 0.11319131541653278, "camera_count": 0, "arterial_road_m": 323.5891203675526, "crime_count_pre_treatment": 462, "land_area_km2": 0.144891, "pop_density_per_km2": 5852.6754594833365, "camera_density_per_km2": 0.0, "crime_rate_per_km2": 3188.6038470298363, "arterial_km_per_km2": 2.2333279525129415 }, "geometry": { "type": "Polygon", "coordinates": [ [ [ -122.260204, 37.831016 ], [ -122.254455, 37.831252 ], [ -122.255093, 37.83024 ], [ -122.2553, 37.829908 ], [ -122.256203, 37.828483 ], [ -122.256742, 37.827628 ], [ -122.257998, 37.828161 ], [ -122.260841, 37.828634 ], [ -122.260204, 37.831016 ] ] ] } },
{ "type": "Feature", "properties": { "GEOID": "060014022001", "NAME_x": "1", "ALAND": 200277, "AWATER": 0, "centroid_lon": -122.29312708779173, "centroid_lat": 37.810604356232794, "NAME_y": "Block Group 1; Census Tract 4022; Alameda County; California", "B03002_001E": 1123, "B03002_001M": 287, "B03002_012E": 161, "B03002_012M": 137, "B19013_001E": 139650, "B19013_001M": 39795, "B01003_001E": 1123, "state": "06", "county": "001", "tract": "402200", "block group": "1", "latino_share": 0.14336598397150491, "latino_share_moe90": 0.11636258556549144, "camera_count": 1, "arterial_road_m": 2079.0673614914676, "crime_count_pre_treatment": 490, "land_area_km2": 0.200277, "pop_density_per_km2": 5607.233980936403, "camera_density_per_km2": 4.9930845778596638, "crime_rate_per_km2": 2446.6114431512356, "arterial_km_per_km2": 10.380959178994431 }, "geometry": { "type": "Polygon", "coordinates": [ [ [ -122.2964, 37.808446 ], [ -122.293994, 37.811415 ], [ -122.289669, 37.816835 ], [ -122.289802, 37.816155 ], [ -122.293082, 37.806908 ], [ -122.295383, 37.807424 ], [ -122.296666, 37.808092 ], [ -122.2964, 37.808446 ] ] ] } },
{ "type": "Feature", "properties": { "GEOID": "060014078001", "NAME_x": "1", "ALAND": 205854, "AWATER": 0, "centroid_lon": -122.19627795953548, "centroid_lat": 37.783928194099019, "NAME_y": "Block Group 1; Census Tract 4078; Alameda County; California", "B03002_001E": 1293, "B03002_001M": 323, "B03002_012E": 498, "B03002_012M": 286, "B19013_001E": 113235, "B19013_001M": 80810, "B01003_001E": 1293, "state": "06", "county": "001", "tract": "407800", "block group": "1", "latino_share": 0.38515081206496521, "latino_share_moe90": 0.19916948720603986, "camera_count": 0, "arterial_road_m": 0.0, "crime_count_pre_treatment": 244, "land_area_km2": 0.205854, "pop_density_per_km2": 6281.1507184703723, "camera_density_per_km2": 0.0, "crime_rate_per_km2": 1185.306090724494, "arterial_km_per_km2": 0.0 }, "geometry": { "type": "Polygon", "coordinates": [ [ [ -122.196226, 37.786591 ], [ -122.193681, 37.785172 ], [ -122.193537, 37.782575 ], [ -122.193629, 37.782553 ], [ -122.195924, 37.780924 ], [ -122.200124, 37.784571 ], [ -122.196226, 37.786591 ] ] ] } },
{ "type": "Feature", "properties": { "GEOID": "060014029002", "NAME_x": "2", "ALAND": 48884, "AWATER": 0, "centroid_lon": -122.26609254033039, "centroid_lat": 37.804246632941428, "NAME_y": "Block Group 2; Census Tract 4029; Alameda County; California", "B03002_001E": 893, "B03002_001M": 286, "B03002_012E": 114, "B03002_012M": 75, "B19013_001E": 29256, "B19013_001M": 16905, "B01003_001E": 893, "state": "06", "county": "001", "tract": "402900", "block group": "2", "latino_share": 0.1276595744680851, "latino_share_moe90": 0.073362993922753347, "camera_count": 0, "arterial_road_m": 109.00050424050748, "crime_count_pre_treatment": 277, "land_area_km2": 0.048884, "pop_density_per_km2": 18267.735864495542, "camera_density_per_km2": 0.0, "crime_rate_per_km2": 5666.47573848294, "arterial_km_per_km2": 2.2297787464304784 }, "geometry": { "type": "Polygon", "coordinates": [ [ [ -122.26761, 37.80296 ], [ -122.265449, 37.806338 ], [ -122.264778, 37.805119 ], [ -122.266458, 37.802497 ], [ -122.26761, 37.80296 ] ] ] } },
{ "type": "Feature", "properties": { "GEOID": "060014011003", "NAME_x": "3", "ALAND": 201645, "AWATER": 0, "centroid_lon": -122.26476746279772, "centroid_lat": 37.825254626684675, "NAME_y": "Block Group 3; Census Tract 4011; Alameda County; California", "B03002_001E": 1186, "B03002_001M": 432, "B03002_012E": 306, "B03002_012M": 243, "B19013_001E": 133242, "B19013_001M": 77956, "B01003_001E": 1186, "state": "06", "county": "001", "tract": "401100", "block group": "3", "latino_share": 0.25801011804384488, "latino_share_moe90": 0.18206541740718141, "camera_count": 0, "arterial_road_m": 3345.1206842553333, "crime_count_pre_treatment": 375, "land_area_km2": 0.201645, "pop_density_per_km2": 5881.6236455156341, "camera_density_per_km2": 0.0, "crime_rate_per_km2": 1859.7039351335268, "arterial_km_per_km2": 16.589157600016531 }, "geometry": { "type": "Polygon", "coordinates": [ [ [ -122.267828, 37.827044 ], [ -122.265267, 37.826478 ], [ -122.26513, 37.827054 ], [ -122.261375, 37.826659 ], [ -122.2621, 37.823536 ], [ -122.261996, 37.823012 ], [ -122.268563, 37.824462 ], [ -122.267828, 37.827044 ] ] ] } },
{ "type": "Feature", "properties": { "GEOID": "060014038002", "NAME_x": "2", "ALAND": 110445, "AWATER": 0, "centroid_lon": -122.2417259246491, "centroid_lat": 37.81377460857297, "NAME_y": "Block Group 2; Census Tract 4038; Alameda County; California", "B03002_001E": 844, "B03002_001M": 179, "B03002_012E": 39, "B03002_012M": 30, "B19013_001E": 126250, "B19013_001M": 37913, "B01003_001E": 844, "state": "06", "county": "001", "tract": "403800", "block group": "2", "latino_share": 0.046208530805687202, "latino_share_moe90": 0.034167320058146051, "camera_count": 0, "arterial_road_m": 129.88159437744108, "crime_count_pre_treatment": 84, "land_area_km2": 0.110445, "pop_density_per_km2": 7641.8126669382946, "camera_density_per_km2": 0.0, "crime_rate_per_km2": 760.55955452940373, "arterial_km_per_km2": 1.1759843757294677 }, "geometry": { "type": "Polygon", "coordinates": [ [ [ -122.244616, 37.813128 ], [ -122.241199, 37.815717 ], [ -122.240056, 37.815608 ], [ -122.239028, 37.814281 ], [ -122.241101, 37.81276 ], [ -122.242276, 37.811565 ], [ -122.244616, 37.813128 ] ] ] } },
{ "type": "Feature", "properties": { "GEOID": "060014038004", "NAME_x": "4", "ALAND": 234637, "AWATER": 0, "centroid_lon": -122.24312649593915, "centroid_lat": 37.816373185783384, "NAME_y": "Block Group 4; Census Tract 4038; Alameda County; California", "B03002_001E": 1563, "B03002_001M": 323, "B03002_012E": 137, "B03002_012M": 83, "B19013_001E": 171193, "B19013_001M": 29895, "B01003_001E": 1563, "state": "06", "county": "001", "tract": "403800", "block group": "4", "latino_share": 0.087651951375559825, "latino_share_moe90": 0.049918196150703094, "camera_count": 1, "arterial_road_m": 802.94892998887838, "crime_count_pre_treatment": 457, "land_area_km2": 0.234637, "pop_density_per_km2": 6661.3534949730856, "camera_density_per_km2": 4.2619024280058131, "crime_rate_per_km2": 1947.6894095986565, "arterial_km_per_km2": 3.4220899942842702 }, "geometry": { "type": "Polygon", "coordinates": [ [ [ -122.245077, 37.818002 ], [ -122.244722, 37.819119 ], [ -122.244206, 37.819034 ], [ -122.244023, 37.818993 ], [ -122.243742, 37.818931 ], [ -122.243672, 37.818857 ], [ -122.243662, 37.818847 ], [ -122.24185, 37.818475 ], [ -122.241683, 37.818437 ], [ -122.24011, 37.817857 ], [ -122.23931, 37.817841 ], [ -122.239021, 37.817592 ], [ -122.240056, 37.815608 ], [ -122.241199, 37.815717 ], [ -122.244616, 37.813128 ], [ -122.246324, 37.814303 ], [ -122.245077, 37.818002 ] ] ] } },
{ "type": "Feature", "properties": { "GEOID": "060014083001", "NAME_x": "1", "ALAND": 277660, "AWATER": 0, "centroid_lon": -122.16957587544789, "centroid_lat": 37.777388650388275, "NAME_y": "Block Group 1; Census Tract 4083; Alameda County; California", "B03002_001E": 1523, "B03002_001M": 570, "B03002_012E": 639, "B03002_012M": 314, "B19013_001E": -666666666, "B19013_001M": -222222222, "B01003_001E": 1523, "state": "06", "county": "001", "tract": "408300", "block group": "1", "latino_share": 0.41956664478003941, "latino_share_moe90": 0.13360107815274355, "camera_count": 2, "arterial_road_m": 3387.3487334518932, "crime_count_pre_treatment": 280, "land_area_km2": 0.27766, "pop_density_per_km2": 5485.1256932939559, "camera_density_per_km2": 7.2030540949362525, "crime_rate_per_km2": 1008.4275732910753, "arterial_km_per_km2": 12.199628082733893 }, "geometry": { "type": "Polygon", "coordinates": [ [ [ -122.173619, 37.781129 ], [ -122.165991, 37.777292 ], [ -122.164511, 37.776112 ], [ -122.166793, 37.774587 ], [ -122.168283, 37.774149 ], [ -122.169583, 37.774422 ], [ -122.169832, 37.774937 ], [ -122.172039, 37.777821 ], [ -122.175055, 37.78021 ], [ -122.173619, 37.781129 ] ] ] } },
{ "type": "Feature", "properties": { "GEOID": "060014011002", "NAME_x": "2", "ALAND": 182989, "AWATER": 0, "centroid_lon": -122.26254975656768, "centroid_lat": 37.829283164877431, "NAME_y": "Block Group 2; Census Tract 4011; Alameda County; California", "B03002_001E": 1530, "B03002_001M": 494, "B03002_012E": 151, "B03002_012M": 96, "B19013_001E": 91683, "B19013_001M": 20676, "B01003_001E": 1530, "state": "06", "county": "001", "tract": "401100", "block group": "2", "latino_share": 0.098692810457516336, "latino_share_moe90": 0.054051233546183915, "camera_count": 0, "arterial_road_m": 1207.2865097313447, "crime_count_pre_treatment": 673, "land_area_km2": 0.182989, "pop_density_per_km2": 8361.1583209919718, "camera_density_per_km2": 0.0, "crime_rate_per_km2": 3677.8166993644422, "arterial_km_per_km2": 6.5975906187330642 }, "geometry": { "type": "Polygon", "coordinates": [ [ [ -122.263904, 37.83156 ], [ -122.259988, 37.831871 ], [ -122.260204, 37.831016 ], [ -122.260841, 37.828634 ], [ -122.261375, 37.826659 ], [ -122.26513, 37.827054 ], [ -122.263904, 37.83156 ] ] ] } },
{ "type": "Feature", "properties": { "GEOID": "060014015003", "NAME_x": "3", "ALAND": 169739, "AWATER": 0, "centroid_lon": -122.28099661341618, "centroid_lat": 37.820892588539238, "NAME_y": "Block Group 3; Census Tract 4015; Alameda County; California", "B03002_001E": 788, "B03002_001M": 410, "B03002_012E": 139, "B03002_012M": 98, "B19013_001E": 94338, "B19013_001M": 88596, "B01003_001E": 788, "state": "06", "county": "001", "tract": "401500", "block group": "3", "latino_share": 0.17639593908629442, "latino_share_moe90": 0.083924226615912895, "camera_count": 0, "arterial_road_m": 593.5659900480066, "crime_count_pre_treatment": 294, "land_area_km2": 0.169739, "pop_density_per_km2": 4642.4216002215162, "camera_density_per_km2": 0.0, "crime_rate_per_km2": 1732.0710031283322, "arterial_km_per_km2": 3.4969334687255524 }, "geometry": { "type": "Polygon", "coordinates": [ [ [ -122.284939, 37.822769 ], [ -122.276697, 37.820883 ], [ -122.276246, 37.819478 ], [ -122.276053, 37.81887 ], [ -122.286226, 37.821163 ], [ -122.284939, 37.822769 ] ] ] } },
{ "type": "Feature", "properties": { "GEOID": "060014086004", "NAME_x": "4", "ALAND": 148683, "AWATER": 0, "centroid_lon": -122.18857319041132, "centroid_lat": 37.761454956140206, "NAME_y": "Block Group 4; Census Tract 4086; Alameda County; California", "B03002_001E": 509, "B03002_001M": 305, "B03002_012E": 309, "B03002_012M": 302, "B19013_001E": 34747, "B19013_001M": 34179, "B01003_001E": 509, "state": "06", "county": "001", "tract": "408600", "block group": "4", "latino_share": 0.60707269155206289, "latino_share_moe90": 0.46872465647240524, "camera_count": 2, "arterial_road_m": 210.94967050556849, "crime_count_pre_treatment": 326, "land_area_km2": 0.148683, "pop_density_per_km2": 3423.3907037119238, "camera_density_per_km2": 13.451436949752157, "crime_rate_per_km2": 2192.5842228096017, "arterial_km_per_km2": 1.4187880961883232 }, "geometry": { "type": "Polygon", "coordinates": [ [ [ -122.19283, 37.761996 ], [ -122.190235, 37.763686 ], [ -122.188771, 37.762268 ], [ -122.186232, 37.762463 ], [ -122.184685, 37.760935 ], [ -122.186688, 37.759638 ], [ -122.187054, 37.759264 ], [ -122.187862, 37.759708 ], [ -122.190299, 37.760786 ], [ -122.19283, 37.761996 ] ] ] } },
{ "type": "Feature", "properties": { "GEOID": "060014099004", "NAME_x": "4", "ALAND": 620976, "AWATER": 0, "centroid_lon": -122.12111098263151, "centroid_lat": 37.751931084671284, "NAME_y": "Block Group 4; Census Tract 4099; Alameda County; California", "B03002_001E": 1515, "B03002_001M": 390, "B03002_012E": 80, "B03002_012M": 68, "B19013_001E": 162500, "B19013_001M": 119370, "B01003_001E": 1515, "state": "06", "county": "001", "tract": "409900", "block group": "4", "latino_share": 0.052805280528052806, "latino_share_moe90": 0.042776579242075695, "camera_count": 0, "arterial_road_m": 681.77288826381891, "crime_count_pre_treatment": 121, "land_area_km2": 0.620976, "pop_density_per_km2": 2439.707814794775, "camera_density_per_km2": 0.0, "crime_rate_per_km2": 194.85455154466518, "arterial_km_per_km2": 1.0979053751897319 }, "geometry": { "type": "Polygon", "coordinates": [ [ [ -122.127378, 37.754464 ], [ -122.121287, 37.757301 ], [ -122.116126, 37.750264 ], [ -122.115813, 37.748726 ], [ -122.120816, 37.746404 ], [ -122.12401, 37.751307 ], [ -122.127378, 37.754464 ] ] ] } },
{ "type": "Feature", "properties": { "GEOID": "060014006001", "NAME_x": "1", "ALAND": 166589, "AWATER": 0, "centroid_lon": -122.26455291953384, "centroid_lat": 37.843282840325323, "NAME_y": "Block Group 1; Census Tract 4006; Alameda County; California", "B03002_001E": 1112, "B03002_001M": 243, "B03002_012E": 62, "B03002_012M": 36, "B19013_001E": 106083, "B19013_001M": 39841, "B01003_001E": 1112, "state": "06", "county": "001", "tract": "400600", "block group": "1", "latino_share": 0.055755395683453238, "latino_share_moe90": 0.029993892178598828, "camera_count": 0, "arterial_road_m": 280.18481195280788, "crime_count_pre_treatment": 215, "land_area_km2": 0.166589, "pop_density_per_km2": 6675.1106015403184, "camera_density_per_km2": 0.0, "crime_rate_per_km2": 1290.6014202618421, "arterial_km_per_km2": 1.6818926336841442 }, "geometry": { "type": "Polygon", "coordinates": [ [ [ -122.26807, 37.844136 ], [ -122.26514, 37.84453 ], [ -122.265041, 37.844541 ], [ -122.261296, 37.845027 ], [ -122.261805, 37.84179 ], [ -122.264324, 37.842042 ], [ -122.264818, 37.842027 ], [ -122.267562, 37.841672 ], [ -122.26807, 37.844136 ] ] ] } },
{ "type": "Feature", "properties": { "GEOID": "060014040003", "NAME_x": "3", "ALAND": 52438, "AWATER": 0, "centroid_lon": -122.2496968274682, "centroid_lat": 37.822195097746267, "NAME_y": "Block Group 3; Census Tract 4040; Alameda County; California", "B03002_001E": 969, "B03002_001M": 289, "B03002_012E": 235, "B03002_012M": 135, "B19013_001E": 110417, "B19013_001M": 26856, "B01003_001E": 969, "state": "06", "county": "001", "tract": "404000", "block group": "3", "latino_share": 0.24251805985552116, "latino_share_moe90": 0.11907195518628766, "camera_count": 0, "arterial_road_m": 22.502370265125695, "crime_count_pre_treatment": 116, "land_area_km2": 0.052438, "pop_density_per_km2": 18478.965635607765, "camera_density_per_km2": 0.0, "crime_rate_per_km2": 2212.1362370799802, "arterial_km_per_km2": 0.42912335072134133 }, "geometry": { "type": "Polygon", "coordinates": [ [ [ -122.250981, 37.823407 ], [ -122.249295, 37.823722 ], [ -122.24939, 37.822846 ], [ -122.247573, 37.821569 ], [ -122.250245, 37.820795 ], [ -122.250998, 37.822371 ], [ -122.250981, 37.823407 ] ] ] } },
{ "type": "Feature", "properties": { "GEOID": "060014082002", "NAME_x": "2", "ALAND": 365982, "AWATER": 0, "centroid_lon": -122.1732071426236, "centroid_lat": 37.772697812922367, "NAME_y": "Block Group 2; Census Tract 4082; Alameda County; California", "B03002_001E": 1903, "B03002_001M": 490, "B03002_012E": 897, "B03002_012M": 366, "B19013_001E": 80060, "B19013_001M": 38297, "B01003_001E": 1903, "state": "06", "county": "001", "tract": "408200", "block group": "2", "latino_share": 0.47136100893326327, "latino_share_moe90": 0.14919575394728563, "camera_count": 1, "arterial_road_m": 222.69099730827338, "crime_count_pre_treatment": 478, "land_area_km2": 0.365982, "pop_density_per_km2": 5199.709275319552, "camera_density_per_km2": 2.7323748162477939, "crime_rate_per_km2": 1306.0751621664454, "arterial_km_per_km2": 0.6084752728502314 }, "geometry": { "type": "Polygon", "coordinates": [ [ [ -122.177957, 37.772563 ], [ -122.174687, 37.774705 ], [ -122.176872, 37.77612 ], [ -122.176332, 37.776474 ], [ -122.173976, 37.776172 ], [ -122.172017, 37.774245 ], [ -122.169832, 37.774937 ], [ -122.169583, 37.774422 ], [ -122.169725, 37.774067 ], [ -122.169033, 37.772433 ], [ -122.16997, 37.770754 ], [ -122.172, 37.769173 ], [ -122.176807, 37.77141 ], [ -122.177957, 37.772563 ] ] ] } },
{ "type": "Feature", "properties": { "GEOID": "060014038001", "NAME_x": "1", "ALAND": 169922, "AWATER": 0, "centroid_lon": -122.23634855288765, "centroid_lat": 37.815870393037308, "NAME_y": "Block Group 1; Census Tract 4038; Alameda County; California", "B03002_001E": 757, "B03002_001M": 253, "B03002_012E": 16, "B03002_012M": 18, "B19013_001E": 240197, "B19013_001M": 48224, "B01003_001E": 757, "state": "06", "county": "001", "tract": "403800", "block group": "1", "latino_share": 0.021136063408190225, "latino_share_moe90": 0.022704559619171057, "camera_count": 1, "arterial_road_m": 305.32476691365088, "crime_count_pre_treatment": 51, "land_area_km2": 0.169922, "pop_density_per_km2": 4454.9852285166135, "camera_density_per_km2": 5.8850531420298733, "crime_rate_per_km2": 300.13771024352354, "arterial_km_per_km2": 1.7968524788647198 }, "geometry": { "type": "Polygon", "coordinates": [ [ [ -122.240056, 37.815608 ], [ -122.239021, 37.817592 ], [ -122.236205, 37.817144 ], [ -122.235694, 37.816952 ], [ -122.235251, 37.817008 ], [ -122.235137, 37.816892 ], [ -122.23507, 37.816849 ], [ -122.234903, 37.816864 ], [ -122.234659, 37.816799 ], [ -122.233938, 37.816644 ], [ -122.233296, 37.816492 ], [ -122.233001, 37.816115 ], [ -122.232012, 37.81433 ], [ -122.238144, 37.815118 ], [ -122.239028, 37.814281 ], [ -122.240056, 37.815608 ] ] ] } },
{ "type": "Feature", "properties": { "GEOID": "060014065004", "NAME_x": "4", "ALAND": 146623, "AWATER": 0, "centroid_lon": -122.21863815235754, "centroid_lat": 37.788567603577235, "NAME_y": "Block Group 4; Census Tract 4065; Alameda County; California", "B03002_001E": 1284, "B03002_001M": 425, "B03002_012E": 577, "B03002_012M": 347, "B19013_001E": 52368, "B19013_001M": 17310, "B01003_001E": 1284, "state": "06", "county": "001", "tract": "406500", "block group": "4", "latino_share": 0.44937694704049846, "latino_share_moe90": 0.22563321797425162, "camera_count": 0, "arterial_road_m": 445.61886188773661, "crime_count_pre_treatment": 244, "land_area_km2": 0.146623, "pop_density_per_km2": 8757.1526977350077, "camera_density_per_km2": 0.0, "crime_rate_per_km2": 1664.1318210649079, "arterial_km_per_km2": 3.0392152792381593 }, "geometry": { "type": "Polygon", "coordinates": [ [ [ -122.219995, 37.790516 ], [ -122.219751, 37.791152 ], [ -122.216298, 37.789797 ], [ -122.216343, 37.788204 ], [ -122.218116, 37.785931 ], [ -122.221193, 37.787599 ], [ -122.219995, 37.790516 ] ] ] } },
{ "type": "Feature", "properties": { "GEOID": "060014093004", "NAME_x": "4", "ALAND": 202496, "AWATER": 0, "centroid_lon": -122.17353813852324, "centroid_lat": 37.733589801169643, "NAME_y": "Block Group 4; Census Tract 4093; Alameda County; California", "B03002_001E": 846, "B03002_001M": 518, "B03002_012E": 671, "B03002_012M": 515, "B19013_001E": 61154, "B19013_001M": 53948, "B01003_001E": 846, "state": "06", "county": "001", "tract": "409300", "block group": "4", "latino_share": 0.79314420803782504, "latino_share_moe90": 0.36705571935280984, "camera_count": 0, "arterial_road_m": 1113.328759752661, "crime_count_pre_treatment": 342, "land_area_km2": 0.202496, "pop_density_per_km2": 4177.8603034134003, "camera_density_per_km2": 0.0, "crime_rate_per_km2": 1688.9222503160556, "arterial_km_per_km2": 5.4980284042779157 }, "geometry": { "type": "Polygon", "coordinates": [ [ [ -122.175508, 37.735195 ], [ -122.17267, 37.73642 ], [ -122.170097, 37.732056 ], [ -122.170497, 37.731869 ], [ -122.17404, 37.73119 ], [ -122.177295, 37.73403 ], [ -122.175508, 37.735195 ] ] ] } },
{ "type": "Feature", "properties": { "GEOID": "060014003004", "NAME_x": "4", "ALAND": 278413, "AWATER": 0, "centroid_lon": -122.25411144074903, "centroid_lat": 37.840319460283652, "NAME_y": "Block Group 4; Census Tract 4003; Alameda County; California", "B03002_001E": 1514, "B03002_001M": 388, "B03002_012E": 43, "B03002_012M": 49, "B19013_001E": 248958, "B19013_001M": 105705, "B01003_001E": 1514, "state": "06", "county": "001", "tract": "400300", "block group": "4", "latino_share": 0.028401585204755615, "latino_share_moe90": 0.031535519436532398, "camera_count": 0, "arterial_road_m": 740.75343744913039, "crime_count_pre_treatment": 280, "land_area_km2": 0.278413, "pop_density_per_km2": 5437.9644628663173, "camera_density_per_km2": 0.0, "crime_rate_per_km2": 1005.7001648629912, "arterial_km_per_km2": 2.6606280505907782 }, "geometry": { "type": "Polygon", "coordinates": [ [ [ -122.258074, 37.838292 ], [ -122.253913, 37.843396 ], [ -122.254366, 37.843773 ], [ -122.251857, 37.844746 ], [ -122.251412, 37.840126 ], [ -122.253969, 37.836945 ], [ -122.254342, 37.836556 ], [ -122.258074, 37.838292 ] ] ] } },
{ "type": "Feature", "properties": { "GEOID": "060014045021", "NAME_x": "1", "ALAND": 508580, "AWATER": 0, "centroid_lon": -122.20371482866219, "centroid_lat": 37.840539111184981, "NAME_y": "Block Group 1; Census Tract 4045.02; Alameda County; California", "B03002_001E": 1166, "B03002_001M": 361, "B03002_012E": 50, "B03002_012M": 77, "B19013_001E": 245813, "B19013_001M": 62076, "B01003_001E": 1166, "state": "06", "county": "001", "tract": "404502", "block group": "1", "latino_share": 0.042881646655231559, "latino_share_moe90": 0.064689411346227771, "camera_count": 0, "arterial_road_m": 2071.8350644441362, "crime_count_pre_treatment": 79, "land_area_km2": 0.50858, "pop_density_per_km2": 2292.6579889102991, "camera_density_per_km2": 0.0, "crime_rate_per_km2": 155.3344606551575, "arterial_km_per_km2": 4.0737643329351059 }, "geometry": { "type": "Polygon", "coordinates": [ [ [ -122.210683, 37.83876 ], [ -122.209187, 37.841521 ], [ -122.206704, 37.841774 ], [ -122.20249, 37.843454 ], [ -122.198688, 37.843563 ], [ -122.195287, 37.842817 ], [ -122.197692, 37.842671 ], [ -122.198072, 37.84002 ], [ -122.19906, 37.8385 ], [ -122.199916, 37.838218 ], [ -122.205369, 37.839308 ], [ -122.207001, 37.837675 ], [ -122.208745, 37.838098 ], [ -122.2084, 37.836462 ], [ -122.211029, 37.837762 ], [ -122.210683, 37.83876 ] ] ] } },
{ "type": "Feature", "properties": { "GEOID": "060014085005", "NAME_x": "5", "ALAND": 181561, "AWATER": 0, "centroid_lon": -122.1829002947003, "centroid_lat": 37.76045009765636, "NAME_y": "Block Group 5; Census Tract 4085; Alameda County; California", "B03002_001E": 1332, "B03002_001M": 682, "B03002_012E": 566, "B03002_012M": 526, "B19013_001E": 106290, "B19013_001M": 9892, "B01003_001E": 1332, "state": "06", "county": "001", "tract": "408500", "block group": "5", "latino_share": 0.42492492492492495, "latino_share_moe90": 0.32955534279087334, "camera_count": 1, "arterial_road_m": 1206.8490374594257, "crime_count_pre_treatment": 497, "land_area_km2": 0.181561, "pop_density_per_km2": 7336.3773056989112, "camera_density_per_km2": 5.5077907700442275, "crime_rate_per_km2": 2737.3720127119809, "arterial_km_per_km2": 6.6470719893557861 }, "geometry": { "type": "Polygon", "coordinates": [ [ [ -122.186688, 37.759638 ], [ -122.184685, 37.760935 ], [ -122.181175, 37.76318 ], [ -122.178752, 37.760556 ], [ -122.180613, 37.76031 ], [ -122.184368, 37.757975 ], [ -122.187054, 37.759264 ], [ -122.186688, 37.759638 ] ] ] } },
{ "type": "Feature", "properties": { "GEOID": "060014103002", "NAME_x": "2", "ALAND": 207247, "AWATER": 0, "centroid_lon": -122.16530852392675, "centroid_lat": 37.746322966805621, "NAME_y": "Block Group 2; Census Tract 4103; Alameda County; California", "B03002_001E": 1136, "B03002_001M": 410, "B03002_012E": 911, "B03002_012M": 390, "B19013_001E": 71250, "B19013_001M": 56912, "B01003_001E": 1136, "state": "06", "county": "001", "tract": "410300", "block group": "2", "latino_share": 0.80193661971830987, "latino_share_moe90": 0.18463789638984895, "camera_count": 0, "arterial_road_m": 359.08600945563808, "crime_count_pre_treatment": 325, "land_area_km2": 0.207247, "pop_density_per_km2": 5481.3821189209011, "camera_density_per_km2": 0.0, "crime_rate_per_km2": 1568.1771026842368, "arterial_km_per_km2": 1.732647562838729 }, "geometry": { "type": "Polygon", "coordinates": [ [ [ -122.167145, 37.749709 ], [ -122.165107, 37.746936 ], [ -122.16255, 37.745467 ], [ -122.160307, 37.746125 ], [ -122.159506, 37.745049 ], [ -122.160431, 37.745069 ], [ -122.163205, 37.744343 ], [ -122.165619, 37.743715 ], [ -122.169303, 37.748714 ], [ -122.167145, 37.749709 ] ] ] } },
{ "type": "Feature", "properties": { "GEOID": "060014057003", "NAME_x": "3", "ALAND": 196469, "AWATER": 0, "centroid_lon": -122.23156833882319, "centroid_lat": 37.797662496170773, "NAME_y": "Block Group 3; Census Tract 4057; Alameda County; California", "B03002_001E": 868, "B03002_001M": 261, "B03002_012E": 165, "B03002_012M": 121, "B19013_001E": 86750, "B19013_001M": 24643, "B01003_001E": 868, "state": "06", "county": "001", "tract": "405700", "block group": "3", "latino_share": 0.19009216589861752, "latino_share_moe90": 0.12714346218230524, "camera_count": 0, "arterial_road_m": 816.09417778670945, "crime_count_pre_treatment": 327, "land_area_km2": 0.196469, "pop_density_per_km2": 4417.9997862258169, "camera_density_per_km2": 0.0, "crime_rate_per_km2": 1664.3847120919838, "arterial_km_per_km2": 4.1538063398638432 }, "geometry": { "type": "Polygon", "coordinates": [ [ [ -122.235229, 37.799419 ], [ -122.234679, 37.799827 ], [ -122.2294, 37.798915 ], [ -122.227698, 37.796952 ], [ -122.229817, 37.794708 ], [ -122.231892, 37.795952 ], [ -122.2306, 37.797476 ], [ -122.233174, 37.796691 ], [ -122.236024, 37.798408 ], [ -122.235229, 37.799419 ] ] ] } },
{ "type": "Feature", "properties": { "GEOID": "060014065002", "NAME_x": "2", "ALAND": 106924, "AWATER": 0, "centroid_lon": -122.21271642664365, "centroid_lat": 37.787770107079155, "NAME_y": "Block Group 2; Census Tract 4065; Alameda County; California", "B03002_001E": 1205, "B03002_001M": 373, "B03002_012E": 840, "B03002_012M": 393, "B19013_001E": 125446, "B19013_001M": 36041, "B01003_001E": 1205, "state": "06", "county": "001", "tract": "406500", "block group": "2", "latino_share": 0.69709543568464727, "latino_share_moe90": 0.2445534439658277, "camera_count": 0, "arterial_road_m": 460.69751947707397, "crime_count_pre_treatment": 214, "land_area_km2": 0.106924, "pop_density_per_km2": 11269.686880401032, "camera_density_per_km2": 0.0, "crime_rate_per_km2": 2001.421570461262, "arterial_km_per_km2": 4.3086446399038003 }, "geometry": { "type": "Polygon", "coordinates": [ [ [ -122.216343, 37.788204 ], [ -122.214328, 37.787803 ], [ -122.211104, 37.789688 ], [ -122.209819, 37.788303 ], [ -122.210377, 37.787975 ], [ -122.211978, 37.78704 ], [ -122.214028, 37.785834 ], [ -122.215828, 37.787971 ], [ -122.216343, 37.788204 ] ] ] } },
{ "type": "Feature", "properties": { "GEOID": "060014097004", "NAME_x": "4", "ALAND": 177774, "AWATER": 0, "centroid_lon": -122.16911070903065, "centroid_lat": 37.758148311518141, "NAME_y": "Block Group 4; Census Tract 4097; Alameda County; California", "B03002_001E": 642, "B03002_001M": 254, "B03002_012E": 394, "B03002_012M": 255, "B19013_001E": -666666666, "B19013_001M": -222222222, "B01003_001E": 642, "state": "06", "county": "001", "tract": "409700", "block group": "4", "latino_share": 0.61370716510903423, "latino_share_moe90": 0.31434056313077235, "camera_count": 1, "arterial_road_m": 1050.0037315375616, "crime_count_pre_treatment": 382, "land_area_km2": 0.177774, "pop_density_per_km2": 3611.32674069324, "camera_density_per_km2": 5.6251195337900937, "crime_rate_per_km2": 2148.7956619078159, "arterial_km_per_km2": 5.9063965008244272 }, "geometry": { "type": "Polygon", "coordinates": [ [ [ -122.170547, 37.759996 ], [ -122.168729, 37.760898 ], [ -122.165921, 37.757115 ], [ -122.169531, 37.755422 ], [ -122.169977, 37.756045 ], [ -122.172296, 37.75915 ], [ -122.170547, 37.759996 ] ] ] } },
{ "type": "Feature", "properties": { "GEOID": "060014007004", "NAME_x": "4", "ALAND": 246428, "AWATER": 0, "centroid_lon": -122.271474452528, "centroid_lat": 37.838226458276601, "NAME_y": "Block Group 4; Census Tract 4007; Alameda County; California", "B03002_001E": 1368, "B03002_001M": 389, "B03002_012E": 123, "B03002_012M": 98, "B19013_001E": 97301, "B19013_001M": 54438, "B01003_001E": 1368, "state": "06", "county": "001", "tract": "400700", "block group": "4", "latino_share": 0.089912280701754388, "latino_share_moe90": 0.06691966210325867, "camera_count": 0, "arterial_road_m": 2043.4684792642388, "crime_count_pre_treatment": 319, "land_area_km2": 0.246428, "pop_density_per_km2": 5551.3172204457287, "camera_density_per_km2": 0.0, "crime_rate_per_km2": 1294.4957553524762, "arterial_km_per_km2": 8.2923550865333429 }, "geometry": { "type": "Polygon", "coordinates": [ [ [ -122.276311, 37.839266 ], [ -122.275229, 37.839149 ], [ -122.267257, 37.840152 ], [ -122.266653, 37.837482 ], [ -122.274641, 37.836408 ], [ -122.275638, 37.836447 ], [ -122.27622, 37.836818 ], [ -122.275718, 37.83816 ], [ -122.276311, 37.839266 ] ] ] } },
{ "type": "Feature", "properties": { "GEOID": "060014039001", "NAME_x": "1", "ALAND": 163619, "AWATER": 0, "centroid_lon": -122.24838254971004, "centroid_lat": 37.819480646177553, "NAME_y": "Block Group 1; Census Tract 4039; Alameda County; California", "B03002_001E": 978, "B03002_001M": 217, "B03002_012E": 110, "B03002_012M": 73, "B19013_001E": 82417, "B19013_001M": 37678, "B01003_001E": 978, "state": "06", "county": "001", "tract": "403900", "block group": "1", "latino_share": 0.11247443762781185, "latino_share_moe90": 0.070346612732492306, "camera_count": 0, "arterial_road_m": 528.19566252742391, "crime_count_pre_treatment": 316, "land_area_km2": 0.163619, "pop_density_per_km2": 5977.3009247092332, "camera_density_per_km2": 0.0, "crime_rate_per_km2": 1931.3160452025745, "arterial_km_per_km2": 3.2282049305241074 }, "geometry": { "type": "Polygon", "coordinates": [ [ [ -122.251931, 37.820247 ], [ -122.250245, 37.820795 ], [ -122.247573, 37.821569 ], [ -122.245205, 37.819394 ], [ -122.244722, 37.819119 ], [ -122.245077, 37.818002 ], [ -122.247911, 37.817736 ], [ -122.248719, 37.818343 ], [ -122.250514, 37.8181 ], [ -122.252476, 37.819886 ], [ -122.251931, 37.820247 ] ] ] } },
{ "type": "Feature", "properties": { "GEOID": "060014009001", "NAME_x": "1", "ALAND": 207839, "AWATER": 0, "centroid_lon": -122.27948263627268, "centroid_lat": 37.840535556248263, "NAME_y": "Block Group 1; Census Tract 4009; Alameda County; California", "B03002_001E": 1328, "B03002_001M": 355, "B03002_012E": 42, "B03002_012M": 47, "B19013_001E": 91463, "B19013_001M": 24759, "B01003_001E": 1328, "state": "06", "county": "001", "tract": "400900", "block group": "1", "latino_share": 0.031626506024096383, "latino_share_moe90": 0.034366939209880633, "camera_count": 1, "arterial_road_m": 1168.9418102542486, "crime_count_pre_treatment": 202, "land_area_km2": 0.207839, "pop_density_per_km2": 6389.5611506983769, "camera_density_per_km2": 4.8114165291403443, "crime_rate_per_km2": 971.90613888634959, "arterial_km_per_km2": 5.6242659474605281 }, "geometry": { "type": "Polygon", "coordinates": [ [ [ -122.283135, 37.84082 ], [ -122.277026, 37.843394 ], [ -122.27658, 37.840676 ], [ -122.276311, 37.839266 ], [ -122.282179, 37.838344 ], [ -122.282383, 37.838462 ], [ -122.283135, 37.84082 ] ] ] } },
{ "type": "Feature", "properties": { "GEOID": "060014086002", "NAME_x": "2", "ALAND": 236018, "AWATER": 0, "centroid_lon": -122.18501579950453, "centroid_lat": 37.765925599021671, "NAME_y": "Block Group 2; Census Tract 4086; Alameda County; California", "B03002_001E": 2368, "B03002_001M": 907, "B03002_012E": 1224, "B03002_012M": 810, "B19013_001E": 85313, "B19013_001M": 25842, "B01003_001E": 2368, "state": "06", "county": "001", "tract": "408600", "block group": "2", "latino_share": 0.51689189189189189, "latino_share_moe90": 0.27894228413742078, "camera_count": 1, "arterial_road_m": 43.386435940697723, "crime_count_pre_treatment": 355, "land_area_km2": 0.236018, "pop_density_per_km2": 10033.133066122075, "camera_density_per_km2": 4.2369649772474975, "crime_rate_per_km2": 1504.1225669228618, "arterial_km_per_km2": 0.18382680956832836 }, "geometry": { "type": "Polygon", "coordinates": [ [ [ -122.189343, 37.764516 ], [ -122.187323, 37.765796 ], [ -122.182051, 37.769184 ], [ -122.181871, 37.769571 ], [ -122.17957, 37.768049 ], [ -122.182718, 37.766034 ], [ -122.188771, 37.762268 ], [ -122.190235, 37.763686 ], [ -122.189343, 37.764516 ] ] ] } },
{ "type": "Feature", "properties": { "GEOID": "060014004002", "NAME_x": "2", "ALAND": 247687, "AWATER": 0, "centroid_lon": -122.25906796329978, "centroid_lat": 37.844827679190814, "NAME_y": "Block Group 2; Census Tract 4004; Alameda County; California", "B03002_001E": 1822, "B03002_001M": 471, "B03002_012E": 401, "B03002_012M": 270, "B19013_001E": 123700, "B19013_001M": 47530, "B01003_001E": 1822, "state": "06", "county": "001", "tract": "400400", "block group": "2", "latino_share": 0.22008781558726673, "latino_share_moe90": 0.1368318802495489, "camera_count": 1, "arterial_road_m": 1712.2758746087782, "crime_count_pre_treatment": 344, "land_area_km2": 0.247687, "pop_density_per_km2": 7356.0582509376754, "camera_density_per_km2": 4.0373535954652446, "crime_rate_per_km2": 1388.8496368400442, "arterial_km_per_km2": 6.9130631587801465 }, "geometry": { "type": "Polygon", "coordinates": [ [ [ -122.261805, 37.84179 ], [ -122.261296, 37.845027 ], [ -122.261019, 37.847233 ], [ -122.257213, 37.847712 ], [ -122.256578, 37.847773 ], [ -122.256205, 37.844686 ], [ -122.257418, 37.843096 ], [ -122.257923, 37.842606 ], [ -122.26186, 37.841353 ], [ -122.261805, 37.84179 ] ] ] } },
{ "type": "Feature", "properties": { "GEOID": "060014071022", "NAME_x": "2", "ALAND": 128469, "AWATER": 0, "centroid_lon": -122.21170051787774, "centroid_lat": 37.77924996215863, "NAME_y": "Block Group 2; Census Tract 4071.02; Alameda County; California", "B03002_001E": 998, "B03002_001M": 378, "B03002_012E": 284, "B03002_012M": 152, "B19013_001E": 89250, "B19013_001M": 38803, "B01003_001E": 998, "state": "06", "county": "001", "tract": "407102", "block group": "2", "latino_share": 0.28456913827655311, "latino_share_moe90": 0.1076084738368029, "camera_count": 0, "arterial_road_m": 0.0, "crime_count_pre_treatment": 161, "land_area_km2": 0.128469, "pop_density_per_km2": 7768.4110563637923, "camera_density_per_km2": 0.0, "crime_rate_per_km2": 1253.2206213172049, "arterial_km_per_km2": 0.0 }, "geometry": { "type": "Polygon", "coordinates": [ [ [ -122.215354, 37.777833 ], [ -122.209332, 37.78199 ], [ -122.208023, 37.780821 ], [ -122.213859, 37.776521 ], [ -122.214748, 37.777317 ], [ -122.215354, 37.777833 ] ] ] } },
{ "type": "Feature", "properties": { "GEOID": "060014053013", "NAME_x": "3", "ALAND": 77556, "AWATER": 0, "centroid_lon": -122.25030714248683, "centroid_lat": 37.801579509788162, "NAME_y": "Block Group 3; Census Tract 4053.01; Alameda County; California", "B03002_001E": 816, "B03002_001M": 180, "B03002_012E": 135, "B03002_012M": 86, "B19013_001E": 156645, "B19013_001M": 26431, "B01003_001E": 816, "state": "06", "county": "001", "tract": "405301", "block group": "3", "latino_share": 0.16544117647058823, "latino_share_moe90": 0.098871973600678148, "camera_count": 0, "arterial_road_m": 0.0, "crime_count_pre_treatment": 235, "land_area_km2": 0.077556, "pop_density_per_km2": 10521.429676620764, "camera_density_per_km2": 0.0, "crime_rate_per_km2": 3030.0685955954409, "arterial_km_per_km2": 0.0 }, "geometry": { "type": "Polygon", "coordinates": [ [ [ -122.252196, 37.802683 ], [ -122.249013, 37.803014 ], [ -122.248411, 37.800443 ], [ -122.248984, 37.800323 ], [ -122.250539, 37.800137 ], [ -122.252019, 37.800865 ], [ -122.252196, 37.802683 ] ] ] } },
{ "type": "Feature", "properties": { "GEOID": "060014054012", "NAME_x": "2", "ALAND": 98398, "AWATER": 0, "centroid_lon": -122.2494316592083, "centroid_lat": 37.796281440786494, "NAME_y": "Block Group 2; Census Tract 4054.01; Alameda County; California", "B03002_001E": 1035, "B03002_001M": 349, "B03002_012E": 315, "B03002_012M": 220, "B19013_001E": 64306, "B19013_001M": 36288, "B01003_001E": 1035, "state": "06", "county": "001", "tract": "405401", "block group": "2", "latino_share": 0.30434782608695654, "latino_share_moe90": 0.18614490292402275, "camera_count": 0, "arterial_road_m": 882.4689344749811, "crime_count_pre_treatment": 373, "land_area_km2": 0.098398, "pop_density_per_km2": 10518.506473708816, "camera_density_per_km2": 0.0, "crime_rate_per_km2": 3790.7274538100369, "arterial_km_per_km2": 8.9683625121951778 }, "geometry": { "type": "Polygon", "coordinates": [ [ [ -122.250162, 37.798427 ], [ -122.246824, 37.795476 ], [ -122.248697, 37.794132 ], [ -122.252043, 37.797093 ], [ -122.250162, 37.798427 ] ] ] } },
{ "type": "Feature", "properties": { "GEOID": "060014041021", "NAME_x": "1", "ALAND": 147356, "AWATER": 0, "centroid_lon": -122.24993901012775, "centroid_lat": 37.825725788230962, "NAME_y": "Block Group 1; Census Tract 4041.02; Alameda County; California", "B03002_001E": 1738, "B03002_001M": 367, "B03002_012E": 326, "B03002_012M": 166, "B19013_001E": 109709, "B19013_001M": 24765, "B01003_001E": 1738, "state": "06", "county": "001", "tract": "404102", "block group": "1", "latino_share": 0.18757192174913695, "latino_share_moe90": 0.086912344282406462, "camera_count": 1, "arterial_road_m": 274.47359653051757, "crime_count_pre_treatment": 54, "land_area_km2": 0.147356, "pop_density_per_km2": 11794.565541952823, "camera_density_per_km2": 6.7862862727001279, "crime_rate_per_km2": 366.45945872580694, "arterial_km_per_km2": 1.862656400353685 }, "geometry": { "type": "Polygon", "coordinates": [ [ [ -122.253357, 37.825164 ], [ -122.249899, 37.826359 ], [ -122.251202, 37.8273 ], [ -122.249353, 37.828701 ], [ -122.247605, 37.826763 ], [ -122.24768, 37.826241 ], [ -122.248118, 37.824815 ], [ -122.249295, 37.823722 ], [ -122.250981, 37.823407 ], [ -122.253357, 37.825164 ] ] ] } },
{ "type": "Feature", "properties": { "GEOID": "060014050003", "NAME_x": "3", "ALAND": 378382, "AWATER": 0, "centroid_lon": -122.23413821416385, "centroid_lat": 37.806646696037191, "NAME_y": "Block Group 3; Census Tract 4050; Alameda County; California", "B03002_001E": 1256, "B03002_001M": 295, "B03002_012E": 210, "B03002_012M": 127, "B19013_001E": 130464, "B19013_001M": 14662, "B01003_001E": 1256, "state": "06", "county": "001", "tract": "405000", "block group": "3", "latino_share": 0.16719745222929935, "latino_share_moe90": 0.093177419210024759, "camera_count": 10, "arterial_road_m": 4112.1459726732583, "crime_count_pre_treatment": 1127, "land_area_km2": 0.378382, "pop_density_per_km2": 3319.3968000591994, "camera_density_per_km2": 26.428318471808915, "crime_rate_per_km2": 2978.4714917728643, "arterial_km_per_km2": 10.867710336837531 }, "geometry": { "type": "Polygon", "coordinates": [ [ [ -122.243289, 37.811055 ], [ -122.2372, 37.807052 ], [ -122.234992, 37.8072 ], [ -122.233008, 37.806888 ], [ -122.23106, 37.807199 ], [ -122.231095, 37.805999 ], [ -122.225949, 37.807824 ], [ -122.224827, 37.806307 ], [ -122.228892, 37.804571 ], [ -122.230803, 37.802906 ], [ -122.23117, 37.802605 ], [ -122.233397, 37.804375 ], [ -122.235416, 37.805624 ], [ -122.241982, 37.808552 ], [ -122.246504, 37.809841 ], [ -122.243289, 37.811055 ] ] ] } },
{ "type": "Feature", "properties": { "GEOID": "060014086003", "NAME_x": "3", "ALAND": 162162, "AWATER": 0, "centroid_lon": -122.18436882865463, "centroid_lat": 37.76322111781014, "NAME_y": "Block Group 3; Census Tract 4086; Alameda County; California", "B03002_001E": 1207, "B03002_001M": 425, "B03002_012E": 787, "B03002_012M": 332, "B19013_001E": 59188, "B19013_001M": 46325, "B01003_001E": 1207, "state": "06", "county": "001", "tract": "408600", "block group": "3", "latino_share": 0.65202982601491299, "latino_share_moe90": 0.15148777163463459, "camera_count": 0, "arterial_road_m": 24.163092233503317, "crime_count_pre_treatment": 343, "land_area_km2": 0.162162, "pop_density_per_km2": 7443.1741098407765, "camera_density_per_km2": 0.0, "crime_rate_per_km2": 2115.1687818354485, "arterial_km_per_km2": 0.14900588444582158 }, "geometry": { "type": "Polygon", "coordinates": [ [ [ -122.188771, 37.762268 ], [ -122.182718, 37.766034 ], [ -122.183249, 37.765211 ], [ -122.181175, 37.76318 ], [ -122.184685, 37.760935 ], [ -122.186232, 37.762463 ], [ -122.188771, 37.762268 ] ] ] } },
{ "type": "Feature", "properties": { "GEOID": "060014054022", "NAME_x": "2", "ALAND": 94280, "AWATER": 0, "centroid_lon": -122.24425824523792, "centroid_lat": 37.794647190000518, "NAME_y": "Block Group 2; Census Tract 4054.02; Alameda County; California", "B03002_001E": 1292, "B03002_001M": 308, "B03002_012E": 217, "B03002_012M": 204, "B19013_001E": 65938, "B19013_001M": 33643, "B01003_001E": 1292, "state": "06", "county": "001", "tract": "405402", "block group": "2", "latino_share": 0.16795665634674922, "latino_share_moe90": 0.15273378851149649, "camera_count": 0, "arterial_road_m": 217.0241626747559, "crime_count_pre_treatment": 250, "land_area_km2": 0.09428, "pop_density_per_km2": 13703.860840050911, "camera_density_per_km2": 0.0, "crime_rate_per_km2": 2651.6758591429784, "arterial_km_per_km2": 2.3019109320614755 }, "geometry": { "type": "Polygon", "coordinates": [ [ [ -122.245002, 37.796765 ], [ -122.243346, 37.795289 ], [ -122.241694, 37.793825 ], [ -122.242618, 37.793164 ], [ -122.243512, 37.792528 ], [ -122.246824, 37.795476 ], [ -122.245002, 37.796765 ] ] ] } },
{ "type": "Feature", "properties": { "GEOID": "060014044003", "NAME_x": "3", "ALAND": 1364955, "AWATER": 0, "centroid_lon": -122.20760635557986, "centroid_lat": 37.845260231923497, "NAME_y": "Block Group 3; Census Tract 4044; Alameda County; California", "B03002_001E": 1701, "B03002_001M": 531, "B03002_012E": 32, "B03002_012M": 38, "B19013_001E": 227277, "B19013_001M": 76632, "B01003_001E": 1701, "state": "06", "county": "001", "tract": "404400", "block group": "3", "latino_share": 0.018812463256907701, "latino_share_moe90": 0.021554080187497677, "camera_count": 0, "arterial_road_m": 2439.4230660717944, "crime_count_pre_treatment": 192, "land_area_km2": 1.364955, "pop_density_per_km2": 1246.1949295031704, "camera_density_per_km2": 0.0, "crime_rate_per_km2": 140.66397793333846, "arterial_km_per_km2": 1.7871820434166654 }, "geometry": { "type": "Polygon", "coordinates": [ [ [ -122.215363, 37.84087 ], [ -122.213789, 37.842387 ], [ -122.214335, 37.8476 ], [ -122.212199, 37.851035 ], [ -122.210466, 37.851418 ], [ -122.208954, 37.850218 ], [ -122.208198, 37.851297 ], [ -122.206624, 37.850628 ], [ -122.203778, 37.850708 ], [ -122.202761, 37.849025 ], [ -122.200997, 37.847878 ], [ -122.195106, 37.843605 ], [ -122.195046, 37.843 ], [ -122.195348, 37.842626 ], [ -122.195287, 37.842817 ], [ -122.198688, 37.843563 ], [ -122.20249, 37.843454 ], [ -122.206704, 37.841774 ], [ -122.209187, 37.841521 ], [ -122.210683, 37.83876 ], [ -122.212365, 37.838177 ], [ -122.21334, 37.835672 ], [ -122.214753, 37.836763 ], [ -122.2136, 37.838555 ], [ -122.214298, 37.840214 ], [ -122.215363, 37.84087 ] ] ] } },
{ "type": "Feature", "properties": { "GEOID": "060014070004", "NAME_x": "4", "ALAND": 153763, "AWATER": 0, "centroid_lon": -122.20709515437785, "centroid_lat": 37.787672586277793, "NAME_y": "Block Group 4; Census Tract 4070; Alameda County; California", "B03002_001E": 2284, "B03002_001M": 968, "B03002_012E": 1186, "B03002_012M": 854, "B19013_001E": 81506, "B19013_001M": 24050, "B01003_001E": 2284, "state": "06", "county": "001", "tract": "407000", "block group": "4", "latino_share": 0.51926444833625218, "latino_share_moe90": 0.30227951122388652, "camera_count": 0, "arterial_road_m": 346.75589792258711, "crime_count_pre_treatment": 301, "land_area_km2": 0.153763, "pop_density_per_km2": 14854.028602459628, "camera_density_per_km2": 0.0, "crime_rate_per_km2": 1957.558060131501, "arterial_km_per_km2": 2.2551322354700876 }, "geometry": { "type": "Polygon", "coordinates": [ [ [ -122.209819, 37.788303 ], [ -122.2068, 37.790069 ], [ -122.203847, 37.787269 ], [ -122.205542, 37.786282 ], [ -122.207444, 37.785373 ], [ -122.210377, 37.787975 ], [ -122.209819, 37.788303 ] ] ] } },
{ "type": "Feature", "properties": { "GEOID": "060014087001", "NAME_x": "1", "ALAND": 286499, "AWATER": 0, "centroid_lon": -122.18472310561626, "centroid_lat": 37.77330018155611, "NAME_y": "Block Group 1; Census Tract 4087; Alameda County; California", "B03002_001E": 750, "B03002_001M": 379, "B03002_012E": 87, "B03002_012M": 120, "B19013_001E": -666666666, "B19013_001M": -222222222, "B01003_001E": 750, "state": "06", "county": "001", "tract": "408700", "block group": "1", "latino_share": 0.116, "latino_share_moe90": 0.14887528981742479, "camera_count": 2, "arterial_road_m": 1105.2290227835854, "crime_count_pre_treatment": 358, "land_area_km2": 0.286499, "pop_density_per_km2": 2617.8101843287409, "camera_density_per_km2": 6.9808271582099763, "crime_rate_per_km2": 1249.5680613195857, "arterial_km_per_km2": 3.8577063891447629 }, "geometry": { "type": "Polygon", "coordinates": [ [ [ -122.185365, 37.775425 ], [ -122.184009, 37.776485 ], [ -122.180165, 37.774257 ], [ -122.179729, 37.773893 ], [ -122.181981, 37.772422 ], [ -122.18448, 37.770812 ], [ -122.190345, 37.771576 ], [ -122.185365, 37.775425 ] ] ] } },
{ "type": "Feature", "properties": { "GEOID": "060014057001", "NAME_x": "1", "ALAND": 208880, "AWATER": 0, "centroid_lon": -122.22929913883793, "centroid_lat": 37.800104489296224, "NAME_y": "Block Group 1; Census Tract 4057; Alameda County; California", "B03002_001E": 1563, "B03002_001M": 323, "B03002_012E": 368, "B03002_012M": 240, "B19013_001E": 87404, "B19013_001M": 26492, "B01003_001E": 1563, "state": "06", "county": "001", "tract": "405700", "block group": "1", "latino_share": 0.23544465770953296, "latino_share_moe90": 0.14563826838275351, "camera_count": 2, "arterial_road_m": 3090.8810169430162, "crime_count_pre_treatment": 676, "land_area_km2": 0.20888, "pop_density_per_km2": 7482.7652240520865, "camera_density_per_km2": 9.574875526618154, "crime_rate_per_km2": 3236.3079279969361, "arterial_km_per_km2": 14.797400502408159 }, "geometry": { "type": "Polygon", "coordinates": [ [ [ -122.233791, 37.800539 ], [ -122.23117, 37.802605 ], [ -122.228499, 37.80097 ], [ -122.22417, 37.799977 ], [ -122.224985, 37.798117 ], [ -122.2294, 37.798915 ], [ -122.234679, 37.799827 ], [ -122.233791, 37.800539 ] ] ] } },
{ "type": "Feature", "properties": { "GEOID": "060014052003", "NAME_x": "3", "ALAND": 214891, "AWATER": 0, "centroid_lon": -122.24477257825983, "centroid_lat": 37.805921339479262, "NAME_y": "Block Group 3; Census Tract 4052; Alameda County; California", "B03002_001E": 732, "B03002_001M": 327, "B03002_012E": 28, "B03002_012M": 34, "B19013_001E": 157625, "B19013_001M": 34536, "B01003_001E": 732, "state": "06", "county": "001", "tract": "405200", "block group": "3", "latino_share": 0.03825136612021858, "latino_share_moe90": 0.043190685567272416, "camera_count": 0, "arterial_road_m": 41.339436776996223, "crime_count_pre_treatment": 281, "land_area_km2": 0.214891, "pop_density_per_km2": 3406.3781172780618, "camera_density_per_km2": 0.0, "crime_rate_per_km2": 1307.6396870971796, "arterial_km_per_km2": 0.1923739792592348 }, "geometry": { "type": "Polygon", "coordinates": [ [ [ -122.246612, 37.806664 ], [ -122.244887, 37.808781 ], [ -122.242734, 37.808057 ], [ -122.241976, 37.807526 ], [ -122.2411, 37.806836 ], [ -122.243006, 37.804082 ], [ -122.245581, 37.80356 ], [ -122.249318, 37.804823 ], [ -122.246612, 37.806664 ] ] ] } },
{ "type": "Feature", "properties": { "GEOID": "060014034021", "NAME_x": "1", "ALAND": 60791, "AWATER": 0, "centroid_lon": -122.26510652769151, "centroid_lat": 37.801096377101544, "NAME_y": "Block Group 1; Census Tract 4034.02; Alameda County; California", "B03002_001E": 13, "B03002_001M": 18, "B03002_012E": 8, "B03002_012M": 17, "B19013_001E": -666666666, "B19013_001M": -222222222, "B01003_001E": 13, "state": "06", "county": "001", "tract": "403402", "block group": "1", "latino_share": 0.61538461538461542, "latino_share_moe90": 0.99198496585026552, "camera_count": 0, "arterial_road_m": 615.16698462199997, "crime_count_pre_treatment": 572, "land_area_km2": 0.060791, "pop_density_per_km2": 213.84744452303795, "camera_density_per_km2": 0.0, "crime_rate_per_km2": 9409.28755901367, "arterial_km_per_km2": 10.119375970489052 }, "geometry": { "type": "Polygon", "coordinates": [ [ [ -122.266458, 37.802497 ], [ -122.265256, 37.802021 ], [ -122.264071, 37.801572 ], [ -122.262903, 37.801101 ], [ -122.263752, 37.7997 ], [ -122.267312, 37.801081 ], [ -122.266458, 37.802497 ] ] ] } },
{ "type": "Feature", "properties": { "GEOID": "060014033023", "NAME_x": "3", "ALAND": 75767, "AWATER": 0, "centroid_lon": -122.26990814625137, "centroid_lat": 37.79359253952201, "NAME_y": "Block Group 3; Census Tract 4033.02; Alameda County; California", "B03002_001E": 794, "B03002_001M": 270, "B03002_012E": 112, "B03002_012M": 87, "B19013_001E": 164188, "B19013_001M": 33762, "B01003_001E": 794, "state": "06", "county": "001", "tract": "403302", "block group": "3", "latino_share": 0.14105793450881612, "latino_share_moe90": 0.098514783343176288, "camera_count": 0, "arterial_road_m": 224.41964473223214, "crime_count_pre_treatment": 639, "land_area_km2": 0.075767, "pop_density_per_km2": 10479.496350653979, "camera_density_per_km2": 0.0, "crime_rate_per_km2": 8433.750841395331, "arterial_km_per_km2": 2.9619708412928074 }, "geometry": { "type": "Polygon", "coordinates": [ [ [ -122.270752, 37.795573 ], [ -122.269979, 37.794437 ], [ -122.267604, 37.793525 ], [ -122.268353, 37.792128 ], [ -122.272125, 37.793359 ], [ -122.270752, 37.795573 ] ] ] } },
{ "type": "Feature", "properties": { "GEOID": "060014013001", "NAME_x": "1", "ALAND": 448500, "AWATER": 0, "centroid_lon": -122.26540379560392, "centroid_lat": 37.82090859108586, "NAME_y": "Block Group 1; Census Tract 4013; Alameda County; California", "B03002_001E": 1667, "B03002_001M": 418, "B03002_012E": 90, "B03002_012M": 71, "B19013_001E": 112885, "B19013_001M": 24389, "B01003_001E": 1667, "state": "06", "county": "001", "tract": "401300", "block group": "1", "latino_share": 0.053989202159568088, "latino_share_moe90": 0.040382703088676031, "camera_count": 3, "arterial_road_m": 7236.1504512240244, "crime_count_pre_treatment": 1133, "land_area_km2": 0.4485, "pop_density_per_km2": 3716.8338907469342, "camera_density_per_km2": 6.6889632107023411, "crime_rate_per_km2": 2526.1984392419176, "arterial_km_per_km2": 16.134114718448217 }, "geometry": { "type": "Polygon", "coordinates": [ [ [ -122.269891, 37.819488 ], [ -122.268563, 37.824462 ], [ -122.261996, 37.823012 ], [ -122.260006, 37.822421 ], [ -122.263084, 37.817449 ], [ -122.267493, 37.81824 ], [ -122.270041, 37.818894 ], [ -122.269891, 37.819488 ] ] ] } },
{ "type": "Feature", "properties": { "GEOID": "060014096001", "NAME_x": "1", "ALAND": 140748, "AWATER": 0, "centroid_lon": -122.17285197976553, "centroid_lat": 37.756783069942884, "NAME_y": "Block Group 1; Census Tract 4096; Alameda County; California", "B03002_001E": 768, "B03002_001M": 502, "B03002_012E": 589, "B03002_012M": 474, "B19013_001E": -666666666, "B19013_001M": -222222222, "B01003_001E": 768, "state": "06", "county": "001", "tract": "409600", "block group": "1", "latino_share": 0.76692708333333337, "latino_share_moe90": 0.36002781984555515, "camera_count": 0, "arterial_road_m": 0.0, "crime_count_pre_treatment": 277, "land_area_km2": 0.140748, "pop_density_per_km2": 5456.5606616079795, "camera_density_per_km2": 0.0, "crime_rate_per_km2": 1968.0563844601697, "arterial_km_per_km2": 0.0 }, "geometry": { "type": "Polygon", "coordinates": [ [ [ -122.175717, 37.757495 ], [ -122.172296, 37.75915 ], [ -122.169977, 37.756045 ], [ -122.173436, 37.754435 ], [ -122.175717, 37.757495 ] ] ] } },
{ "type": "Feature", "properties": { "GEOID": "060014061004", "NAME_x": "4", "ALAND": 393593, "AWATER": 0, "centroid_lon": -122.23407407111576, "centroid_lat": 37.779345502032569, "NAME_y": "Block Group 4; Census Tract 4061; Alameda County; California", "B03002_001E": 1122, "B03002_001M": 367, "B03002_012E": 398, "B03002_012M": 311, "B19013_001E": 48938, "B19013_001M": 35566, "B01003_001E": 1122, "state": "06", "county": "001", "tract": "406100", "block group": "4", "latino_share": 0.35472370766488415, "latino_share_moe90": 0.25173043820167329, "camera_count": 3, "arterial_road_m": 4478.1452231888534, "crime_count_pre_treatment": 1007, "land_area_km2": 0.393593, "pop_density_per_km2": 2850.6604538190463, "camera_density_per_km2": 7.6220867749172365, "crime_rate_per_km2": 2558.4804607805522, "arterial_km_per_km2": 11.37760382727552 }, "geometry": { "type": "Polygon", "coordinates": [ [ [ -122.238723, 37.783516 ], [ -122.2359, 37.78341 ], [ -122.231481, 37.780769 ], [ -122.229093, 37.779343 ], [ -122.233452, 37.774957 ], [ -122.234554, 37.775428 ], [ -122.236318, 37.776643 ], [ -122.237421, 37.782134 ], [ -122.238723, 37.783516 ] ] ] } },
{ "type": "Feature", "properties": { "GEOID": "060014055004", "NAME_x": "4", "ALAND": 123546, "AWATER": 0, "centroid_lon": -122.24553556275848, "centroid_lat": 37.800459452773346, "NAME_y": "Block Group 4; Census Tract 4055; Alameda County; California", "B03002_001E": 1071, "B03002_001M": 247, "B03002_012E": 177, "B03002_012M": 121, "B19013_001E": 93148, "B19013_001M": 19510, "B01003_001E": 1071, "state": "06", "county": "001", "tract": "405500", "block group": "4", "latino_share": 0.16526610644257703, "latino_share_moe90": 0.10635518281387735, "camera_count": 0, "arterial_road_m": 500.62974789368275, "crime_count_pre_treatment": 288, "land_area_km2": 0.123546, "pop_density_per_km2": 8668.835899179252, "camera_density_per_km2": 0.0, "crime_rate_per_km2": 2331.1155359137488, "arterial_km_per_km2": 4.0521728578317608 }, "geometry": { "type": "Polygon", "coordinates": [ [ [ -122.248411, 37.800443 ], [ -122.246539, 37.801387 ], [ -122.243982, 37.801855 ], [ -122.242352, 37.80232 ], [ -122.241671, 37.802399 ], [ -122.242198, 37.801722 ], [ -122.242961, 37.800873 ], [ -122.24665, 37.79828 ], [ -122.248984, 37.800323 ], [ -122.248411, 37.800443 ] ] ] } },
{ "type": "Feature", "properties": { "GEOID": "060014010003", "NAME_x": "3", "ALAND": 202662, "AWATER": 0, "centroid_lon": -122.27233490142382, "centroid_lat": 37.832449961344878, "NAME_y": "Block Group 3; Census Tract 4010; Alameda County; California", "B03002_001E": 1442, "B03002_001M": 555, "B03002_012E": 179, "B03002_012M": 162, "B19013_001E": 119657, "B19013_001M": 80445, "B01003_001E": 1442, "state": "06", "county": "001", "tract": "401000", "block group": "3", "latino_share": 0.12413314840499307, "latino_share_moe90": 0.10167871305113707, "camera_count": 0, "arterial_road_m": 777.2198972715023, "crime_count_pre_treatment": 317, "land_area_km2": 0.202662, "pop_density_per_km2": 7115.2954179865983, "camera_density_per_km2": 0.0, "crime_rate_per_km2": 1564.1807541621024, "arterial_km_per_km2": 3.8350549055644487 }, "geometry": { "type": "Polygon", "coordinates": [ [ [ -122.27641, 37.834279 ], [ -122.267635, 37.832885 ], [ -122.267995, 37.831481 ], [ -122.268231, 37.830593 ], [ -122.270884, 37.831004 ], [ -122.276203, 37.831942 ], [ -122.277204, 37.832216 ], [ -122.27641, 37.834279 ] ] ] } },
{ "type": "Feature", "properties": { "GEOID": "060014098003", "NAME_x": "3", "ALAND": 387985, "AWATER": 0, "centroid_lon": -122.15257288926986, "centroid_lat": 37.758210885874327, "NAME_y": "Block Group 3; Census Tract 4098; Alameda County; California", "B03002_001E": 1019, "B03002_001M": 511, "B03002_012E": 268, "B03002_012M": 306, "B19013_001E": 174375, "B19013_001M": 107718, "B01003_001E": 1019, "state": "06", "county": "001", "tract": "409800", "block group": "3", "latino_share": 0.26300294406280667, "latino_share_moe90": 0.26978161945042778, "camera_count": 1, "arterial_road_m": 2561.9478901500265, "crime_count_pre_treatment": 181, "land_area_km2": 0.387985, "pop_density_per_km2": 2626.3901954972484, "camera_density_per_km2": 2.5774192301248759, "crime_rate_per_km2": 466.51288065260252, "arterial_km_per_km2": 6.6032137586505311 }, "geometry": { "type": "Polygon", "coordinates": [ [ [ -122.158785, 37.761524 ], [ -122.154843, 37.761795 ], [ -122.149174, 37.759371 ], [ -122.149393, 37.757142 ], [ -122.147737, 37.758759 ], [ -122.148211, 37.75686 ], [ -122.151206, 37.75364 ], [ -122.152102, 37.754142 ], [ -122.155018, 37.757518 ], [ -122.155528, 37.759232 ], [ -122.158785, 37.761524 ] ] ] } },
{ "type": "Feature", "properties": { "GEOID": "060014041012", "NAME_x": "2", "ALAND": 161236, "AWATER": 0, "centroid_lon": -122.25258299327123, "centroid_lat": 37.828712886743439, "NAME_y": "Block Group 2; Census Tract 4041.01; Alameda County; California", "B03002_001E": 1276, "B03002_001M": 317, "B03002_012E": 104, "B03002_012M": 108, "B19013_001E": 134318, "B19013_001M": 57649, "B01003_001E": 1276, "state": "06", "county": "001", "tract": "404101", "block group": "2", "latino_share": 0.081504702194357362, "latino_share_moe90": 0.082181786124176412, "camera_count": 0, "arterial_road_m": 1275.4409759318942, "crime_count_pre_treatment": 627, "land_area_km2": 0.161236, "pop_density_per_km2": 7913.8653898633065, "camera_density_per_km2": 0.0, "crime_rate_per_km2": 3888.7097174328314, "arterial_km_per_km2": 7.910398272916062 }, "geometry": { "type": "Polygon", "coordinates": [ [ [ -122.256203, 37.828483 ], [ -122.2553, 37.829908 ], [ -122.255201, 37.829867 ], [ -122.253411, 37.829565 ], [ -122.252055, 37.831208 ], [ -122.249117, 37.828983 ], [ -122.249353, 37.828701 ], [ -122.251202, 37.8273 ], [ -122.252453, 37.826373 ], [ -122.256099, 37.828446 ], [ -122.256203, 37.828483 ] ] ] } },
{ "type": "Feature", "properties": { "GEOID": "060014022003", "NAME_x": "3", "ALAND": 430962, "AWATER": 0, "centroid_lon": -122.29770046632149, "centroid_lat": 37.80433165163597, "NAME_y": "Block Group 3; Census Tract 4022; Alameda County; California", "B03002_001E": 529, "B03002_001M": 164, "B03002_012E": 254, "B03002_012M": 135, "B19013_001E": 111136, "B19013_001M": 44146, "B01003_001E": 529, "state": "06", "county": "001", "tract": "402200", "block group": "3", "latino_share": 0.48015122873345933, "latino_share_moe90": 0.20728765532593402, "camera_count": 4, "arterial_road_m": 4971.3293665367528, "crime_count_pre_treatment": 530, "land_area_km2": 0.430962, "pop_density_per_km2": 1227.4864141153976, "camera_density_per_km2": 9.2815607872619861, "crime_rate_per_km2": 1229.8068043122132, "arterial_km_per_km2": 11.535423927252873 }, "geometry": { "type": "Polygon", "coordinates": [ [ [ -122.304825, 37.807566 ], [ -122.302446, 37.806982 ], [ -122.298257, 37.806089 ], [ -122.29369, 37.805079 ], [ -122.290392, 37.804374 ], [ -122.291101, 37.802526 ], [ -122.296858, 37.801922 ], [ -122.300389, 37.802657 ], [ -122.303339, 37.804684 ], [ -122.304825, 37.807566 ] ] ] } },
{ "type": "Feature", "properties": { "GEOID": "060014059011", "NAME_x": "1", "ALAND": 133248, "AWATER": 0, "centroid_lon": -122.23761127352961, "centroid_lat": 37.785759815371982, "NAME_y": "Block Group 1; Census Tract 4059.01; Alameda County; California", "B03002_001E": 1759, "B03002_001M": 661, "B03002_012E": 711, "B03002_012M": 466, "B19013_001E": 50417, "B19013_001M": 14387, "B01003_001E": 1759, "state": "06", "county": "001", "tract": "405901", "block group": "1", "latino_share": 0.40420693575895394, "latino_share_moe90": 0.21705454070768618, "camera_count": 1, "arterial_road_m": 1142.5539683978486, "crime_count_pre_treatment": 590, "land_area_km2": 0.133248, "pop_density_per_km2": 13200.948607108548, "camera_density_per_km2": 7.5048030739673388, "crime_rate_per_km2": 4427.8338136407301, "arterial_km_per_km2": 8.574642534205756 }, "geometry": { "type": "Polygon", "coordinates": [ [ [ -122.239448, 37.788135 ], [ -122.235639, 37.785864 ], [ -122.234054, 37.785193 ], [ -122.234113, 37.785138 ], [ -122.234293, 37.784972 ], [ -122.2359, 37.78341 ], [ -122.241044, 37.786487 ], [ -122.239448, 37.788135 ] ] ] } },
{ "type": "Feature", "properties": { "GEOID": "060014094003", "NAME_x": "3", "ALAND": 192796, "AWATER": 0, "centroid_lon": -122.176139634896, "centroid_lat": 37.747964258913676, "NAME_y": "Block Group 3; Census Tract 4094; Alameda County; California", "B03002_001E": 1388, "B03002_001M": 518, "B03002_012E": 1215, "B03002_012M": 541, "B19013_001E": 78269, "B19013_001M": 42493, "B01003_001E": 1388, "state": "06", "county": "001", "tract": "409400", "block group": "3", "latino_share": 0.87536023054755041, "latino_share_moe90": 0.21259859663928107, "camera_count": 2, "arterial_road_m": 871.62048065115073, "crime_count_pre_treatment": 537, "land_area_km2": 0.192796, "pop_density_per_km2": 7199.3194879561815, "camera_density_per_km2": 10.373659204547813, "crime_rate_per_km2": 2785.3274964210877, "arterial_km_per_km2": 4.5209469109895988 }, "geometry": { "type": "Polygon", "coordinates": [ [ [ -122.180062, 37.748161 ], [ -122.174969, 37.750546 ], [ -122.172521, 37.747223 ], [ -122.175999, 37.745611 ], [ -122.176993, 37.746945 ], [ -122.178615, 37.746213 ], [ -122.180062, 37.748161 ] ] ] } },
{ "type": "Feature", "properties": { "GEOID": "060014036003", "NAME_x": "3", "ALAND": 251714, "AWATER": 0, "centroid_lon": -122.25256123327225, "centroid_lat": 37.814155776453909, "NAME_y": "Block Group 3; Census Tract 4036; Alameda County; California", "B03002_001E": 2587, "B03002_001M": 620, "B03002_012E": 346, "B03002_012M": 190, "B19013_001E": 92200, "B19013_001M": 16738, "B01003_001E": 2587, "state": "06", "county": "001", "tract": "403600", "block group": "3", "latino_share": 0.13374565133359104, "latino_share_moe90": 0.066080389605292944, "camera_count": 2, "arterial_road_m": 3837.0465125102992, "crime_count_pre_treatment": 641, "land_area_km2": 0.251714, "pop_density_per_km2": 10277.537204923048, "camera_density_per_km2": 7.9455254773274433, "crime_rate_per_km2": 2546.5409154834456, "arterial_km_per_km2": 15.243675411420497 }, "geometry": { "type": "Polygon", "coordinates": [ [ [ -122.256049, 37.815327 ], [ -122.253174, 37.816992 ], [ -122.254155, 37.818646 ], [ -122.253679, 37.819001 ], [ -122.251451, 37.816157 ], [ -122.250385, 37.813264 ], [ -122.248008, 37.811513 ], [ -122.248598, 37.810505 ], [ -122.250061, 37.811785 ], [ -122.251462, 37.810841 ], [ -122.2525, 37.813117 ], [ -122.255162, 37.811604 ], [ -122.255301, 37.814295 ], [ -122.256049, 37.815327 ] ] ] } },
{ "type": "Feature", "properties": { "GEOID": "060014045011", "NAME_x": "1", "ALAND": 1079143, "AWATER": 5141, "centroid_lon": -122.21587342129172, "centroid_lat": 37.826301417519325, "NAME_y": "Block Group 1; Census Tract 4045.01; Alameda County; California", "B03002_001E": 1830, "B03002_001M": 203, "B03002_012E": 153, "B03002_012M": 72, "B19013_001E": 239271, "B19013_001M": 60342, "B01003_001E": 1830, "state": "06", "county": "001", "tract": "404501", "block group": "1", "latino_share": 0.083606557377049182, "latino_share_moe90": 0.038235542255128166, "camera_count": 4, "arterial_road_m": 3908.9545575996667, "crime_count_pre_treatment": 124, "land_area_km2": 1.079143, "pop_density_per_km2": 1695.7900852806347, "camera_density_per_km2": 3.7066449951489284, "crime_rate_per_km2": 114.90599484961679, "arterial_km_per_km2": 3.6222767117978498 }, "geometry": { "type": "Polygon", "coordinates": [ [ [ -122.224456, 37.830256 ], [ -122.221884, 37.832504 ], [ -122.218516, 37.832939 ], [ -122.2171, 37.832758 ], [ -122.215781, 37.83126 ], [ -122.212634, 37.82809 ], [ -122.209273, 37.823963 ], [ -122.207365, 37.821647 ], [ -122.207288, 37.821554 ], [ -122.208835, 37.819555 ], [ -122.210178, 37.818613 ], [ -122.212238, 37.819907 ], [ -122.214119, 37.821089 ], [ -122.214332, 37.821209 ], [ -122.214391, 37.821245 ], [ -122.214439, 37.821273 ], [ -122.219642, 37.824511 ], [ -122.221116, 37.825912 ], [ -122.221724, 37.826732 ], [ -122.221614, 37.826802 ], [ -122.222161, 37.82724 ], [ -122.222369, 37.827658 ], [ -122.224456, 37.830256 ] ] ] } },
{ "type": "Feature", "properties": { "GEOID": "060014042001", "NAME_x": "1", "ALAND": 414198, "AWATER": 0, "centroid_lon": -122.22793699009371, "centroid_lat": 37.839870468304966, "NAME_y": "Block Group 1; Census Tract 4042; Alameda County; California", "B03002_001E": 1156, "B03002_001M": 277, "B03002_012E": 38, "B03002_012M": 30, "B19013_001E": 205667, "B19013_001M": 82014, "B01003_001E": 1156, "state": "06", "county": "001", "tract": "404200", "block group": "1", "latino_share": 0.032871972318339097, "latino_share_moe90": 0.024727311688195003, "camera_count": 1, "arterial_road_m": 2956.1535465483125, "crime_count_pre_treatment": 119, "land_area_km2": 0.414198, "pop_density_per_km2": 2790.9357360489425, "camera_density_per_km2": 2.4143042699385315, "crime_rate_per_km2": 287.30220812268527, "arterial_km_per_km2": 7.1370541300255246 }, "geometry": { "type": "Polygon", "coordinates": [ [ [ -122.235354, 37.842231 ], [ -122.231442, 37.842733 ], [ -122.227242, 37.842927 ], [ -122.224827, 37.841683 ], [ -122.222687, 37.838895 ], [ -122.219672, 37.836392 ], [ -122.2171, 37.832758 ], [ -122.218516, 37.832939 ], [ -122.220419, 37.835637 ], [ -122.222405, 37.83682 ], [ -122.223608, 37.83695 ], [ -122.223555, 37.838939 ], [ -122.226183, 37.841072 ], [ -122.226448, 37.837813 ], [ -122.229231, 37.840132 ], [ -122.230222, 37.838818 ], [ -122.233954, 37.839482 ], [ -122.236608, 37.841097 ], [ -122.235354, 37.842231 ] ] ] } },
{ "type": "Feature", "properties": { "GEOID": "060014035013", "NAME_x": "3", "ALAND": 117493, "AWATER": 0, "centroid_lon": -122.25706387041384, "centroid_lat": 37.822173331286479, "NAME_y": "Block Group 3; Census Tract 4035.01; Alameda County; California", "B03002_001E": 678, "B03002_001M": 233, "B03002_012E": 90, "B03002_012M": 60, "B19013_001E": -666666666, "B19013_001M": -222222222, "B01003_001E": 678, "state": "06", "county": "001", "tract": "403501", "block group": "3", "latino_share": 0.13274336283185842, "latino_share_moe90": 0.075831642856404965, "camera_count": 8, "arterial_road_m": 1698.2882157647171, "crime_count_pre_treatment": 393, "land_area_km2": 0.117493, "pop_density_per_km2": 5770.5565437940986, "camera_density_per_km2": 68.089162758632426, "crime_rate_per_km2": 3344.8801205178179, "arterial_km_per_km2": 14.454377841783911 }, "geometry": { "type": "Polygon", "coordinates": [ [ [ -122.25868, 37.824515 ], [ -122.254946, 37.82208 ], [ -122.254566, 37.821528 ], [ -122.254479, 37.819625 ], [ -122.257124, 37.821183 ], [ -122.260006, 37.822421 ], [ -122.25868, 37.824515 ] ] ] } },
{ "type": "Feature", "properties": { "GEOID": "060014003001", "NAME_x": "1", "ALAND": 265695, "AWATER": 0, "centroid_lon": -122.24866960020442, "centroid_lat": 37.84399077377369, "NAME_y": "Block Group 1; Census Tract 4003; Alameda County; California", "B03002_001E": 1345, "B03002_001M": 366, "B03002_012E": 53, "B03002_012M": 41, "B19013_001E": 250001, "B19013_001M": -333333333, "B01003_001E": 1345, "state": "06", "county": "001", "tract": "400300", "block group": "1", "latino_share": 0.039405204460966542, "latino_share_moe90": 0.028535051782953156, "camera_count": 2, "arterial_road_m": 3321.9044944873103, "crime_count_pre_treatment": 669, "land_area_km2": 0.265695, "pop_density_per_km2": 5062.1953743954527, "camera_density_per_km2": 7.5274280660155437, "crime_rate_per_km2": 2517.9246880821993, "arterial_km_per_km2": 12.502698562213478 }, "geometry": { "type": "Polygon", "coordinates": [ [ [ -122.251857, 37.844746 ], [ -122.247313, 37.846563 ], [ -122.243716, 37.848513 ], [ -122.244188, 37.847913 ], [ -122.245396, 37.845798 ], [ -122.24813, 37.841392 ], [ -122.251412, 37.840126 ], [ -122.251857, 37.844746 ] ] ] } },
{ "type": "Feature", "properties": { "GEOID": "060014076005", "NAME_x": "5", "ALAND": 190946, "AWATER": 0, "centroid_lon": -122.20799415363727, "centroid_lat": 37.776549691072908, "NAME_y": "Block Group 5; Census Tract 4076; Alameda County; California", "B03002_001E": 943, "B03002_001M": 495, "B03002_012E": 481, "B03002_012M": 390, "B19013_001E": -666666666, "B19013_001M": -222222222, "B01003_001E": 943, "state": "06", "county": "001", "tract": "407600", "block group": "5", "latino_share": 0.51007423117709438, "latino_share_moe90": 0.31520469314850685, "camera_count": 0, "arterial_road_m": 0.0, "crime_count_pre_treatment": 338, "land_area_km2": 0.190946, "pop_density_per_km2": 4938.5690195133702, "camera_density_per_km2": 0.0, "crime_rate_per_km2": 1770.1339645763724, "arterial_km_per_km2": 0.0 }, "geometry": { "type": "Polygon", "coordinates": [ [ [ -122.211133, 37.775171 ], [ -122.20681, 37.779734 ], [ -122.206385, 37.780182 ], [ -122.204667, 37.778631 ], [ -122.208708, 37.773253 ], [ -122.211734, 37.774681 ], [ -122.211133, 37.775171 ] ] ] } },
{ "type": "Feature", "properties": { "GEOID": "060014077001", "NAME_x": "1", "ALAND": 298328, "AWATER": 0, "centroid_lon": -122.19018153749505, "centroid_lat": 37.774374375233322, "NAME_y": "Block Group 1; Census Tract 4077; Alameda County; California", "B03002_001E": 1260, "B03002_001M": 378, "B03002_012E": 350, "B03002_012M": 346, "B19013_001E": 113542, "B19013_001M": 42941, "B01003_001E": 1260, "state": "06", "county": "001", "tract": "407700", "block group": "1", "latino_share": 0.27777777777777779, "latino_share_moe90": 0.26165331845343975, "camera_count": 4, "arterial_road_m": 3.1344842533295965, "crime_count_pre_treatment": 415, "land_area_km2": 0.298328, "pop_density_per_km2": 4223.5391917620873, "camera_density_per_km2": 13.408060926228849, "crime_rate_per_km2": 1391.0863210962432, "arterial_km_per_km2": 0.010506838960237044 }, "geometry": { "type": "Polygon", "coordinates": [ [ [ -122.192105, 37.775247 ], [ -122.188298, 37.777873 ], [ -122.185973, 37.775802 ], [ -122.185365, 37.775425 ], [ -122.190345, 37.771576 ], [ -122.19592, 37.772639 ], [ -122.192105, 37.775247 ] ] ] } },
{ "type": "Feature", "properties": { "GEOID": "060014012001", "NAME_x": "1", "ALAND": 329347, "AWATER": 0, "centroid_lon": -122.25688617951697, "centroid_lat": 37.833753302049402, "NAME_y": "Block Group 1; Census Tract 4012; Alameda County; California", "B03002_001E": 1508, "B03002_001M": 251, "B03002_012E": 170, "B03002_012M": 94, "B19013_001E": 203056, "B19013_001M": 73333, "B01003_001E": 1508, "state": "06", "county": "001", "tract": "401200", "block group": "1", "latino_share": 0.11273209549071618, "latino_share_moe90": 0.059443046997067955, "camera_count": 1, "arterial_road_m": 1152.2310399587248, "crime_count_pre_treatment": 744, "land_area_km2": 0.329347, "pop_density_per_km2": 4578.7573592593826, "camera_density_per_km2": 3.0363112461932249, "crime_rate_per_km2": 2259.0155671677594, "arterial_km_per_km2": 3.498532064839591 }, "geometry": { "type": "Polygon", "coordinates": [ [ [ -122.259988, 37.831871 ], [ -122.260193, 37.834265 ], [ -122.259531, 37.836825 ], [ -122.259516, 37.836935 ], [ -122.25764, 37.836637 ], [ -122.256509, 37.836335 ], [ -122.252852, 37.834865 ], [ -122.25241, 37.834543 ], [ -122.253229, 37.833194 ], [ -122.254455, 37.831252 ], [ -122.260204, 37.831016 ], [ -122.259988, 37.831871 ] ] ] } },
{ "type": "Feature", "properties": { "GEOID": "060014037022", "NAME_x": "2", "ALAND": 91310, "AWATER": 0, "centroid_lon": -122.25439827285372, "centroid_lat": 37.809332721798704, "NAME_y": "Block Group 2; Census Tract 4037.02; Alameda County; California", "B03002_001E": 1552, "B03002_001M": 278, "B03002_012E": 142, "B03002_012M": 88, "B19013_001E": 140365, "B19013_001M": 41636, "B01003_001E": 1552, "state": "06", "county": "001", "tract": "403702", "block group": "2", "latino_share": 0.091494845360824736, "latino_share_moe90": 0.05428085286126149, "camera_count": 0, "arterial_road_m": 287.34178085726967, "crime_count_pre_treatment": 412, "land_area_km2": 0.09131, "pop_density_per_km2": 16997.043040192748, "camera_density_per_km2": 0.0, "crime_rate_per_km2": 4512.1016318037455, "arterial_km_per_km2": 3.146881840513303 }, "geometry": { "type": "Polygon", "coordinates": [ [ [ -122.256158, 37.809012 ], [ -122.255389, 37.810661 ], [ -122.253026, 37.810491 ], [ -122.252558, 37.81058 ], [ -122.252774, 37.808747 ], [ -122.255535, 37.807634 ], [ -122.256158, 37.809012 ] ] ] } },
{ "type": "Feature", "properties": { "GEOID": "060014043003", "NAME_x": "3", "ALAND": 492265, "AWATER": 0, "centroid_lon": -122.24267682946773, "centroid_lat": 37.841160192917854, "NAME_y": "Block Group 3; Census Tract 4043; Alameda County; California", "B03002_001E": 1431, "B03002_001M": 328, "B03002_012E": 120, "B03002_012M": 62, "B19013_001E": 250001, "B19013_001M": -333333333, "B01003_001E": 1431, "state": "06", "county": "001", "tract": "404300", "block group": "3", "latino_share": 0.08385744234800839, "latino_share_moe90": 0.038829442627258605, "camera_count": 0, "arterial_road_m": 1788.6245921144025, "crime_count_pre_treatment": 244, "land_area_km2": 0.492265, "pop_density_per_km2": 2906.9708388774338, "camera_density_per_km2": 0.0, "crime_rate_per_km2": 495.66798370796215, "arterial_km_per_km2": 3.6334587917369761 }, "geometry": { "type": "Polygon", "coordinates": [ [ [ -122.25081, 37.837135 ], [ -122.24813, 37.841392 ], [ -122.242601, 37.843545 ], [ -122.239646, 37.844107 ], [ -122.236674, 37.84283 ], [ -122.234528, 37.843993 ], [ -122.234226, 37.843545 ], [ -122.233773, 37.843422 ], [ -122.233277, 37.843085 ], [ -122.232611, 37.843018 ], [ -122.23188, 37.842973 ], [ -122.231442, 37.842733 ], [ -122.235354, 37.842231 ], [ -122.236608, 37.841097 ], [ -122.237969, 37.840912 ], [ -122.239456, 37.840897 ], [ -122.249351, 37.837189 ], [ -122.25081, 37.837135 ] ] ] } },
{ "type": "Feature", "properties": { "GEOID": "060014084001", "NAME_x": "1", "ALAND": 191570, "AWATER": 0, "centroid_lon": -122.17322968524455, "centroid_lat": 37.766548818649206, "NAME_y": "Block Group 1; Census Tract 4084; Alameda County; California", "B03002_001E": 1803, "B03002_001M": 592, "B03002_012E": 911, "B03002_012M": 416, "B19013_001E": 86295, "B19013_001M": 38044, "B01003_001E": 1803, "state": "06", "county": "001", "tract": "408400", "block group": "1", "latino_share": 0.5052689961175818, "latino_share_moe90": 0.16034853972390156, "camera_count": 2, "arterial_road_m": 1109.7680708694249, "crime_count_pre_treatment": 822, "land_area_km2": 0.19157, "pop_density_per_km2": 9411.7032938351513, "camera_density_per_km2": 10.440048024220912, "crime_rate_per_km2": 4290.8597379547946, "arterial_km_per_km2": 5.7930159778118959 }, "geometry": { "type": "Polygon", "coordinates": [ [ [ -122.176639, 37.766336 ], [ -122.172133, 37.769131 ], [ -122.169167, 37.767123 ], [ -122.174561, 37.763909 ], [ -122.175698, 37.76494 ], [ -122.177197, 37.765816 ], [ -122.176639, 37.766336 ] ] ] } },
{ "type": "Feature", "properties": { "GEOID": "060014102003", "NAME_x": "3", "ALAND": 155731, "AWATER": 0, "centroid_lon": -122.1532509638766, "centroid_lat": 37.74099720950948, "NAME_y": "Block Group 3; Census Tract 4102; Alameda County; California", "B03002_001E": 814, "B03002_001M": 344, "B03002_012E": 517, "B03002_012M": 377, "B19013_001E": 108068, "B19013_001M": 57450, "B01003_001E": 814, "state": "06", "county": "001", "tract": "410200", "block group": "3", "latino_share": 0.63513513513513509, "latino_share_moe90": 0.37743719542434112, "camera_count": 1, "arterial_road_m": 471.66406509175249, "crime_count_pre_treatment": 224, "land_area_km2": 0.155731, "pop_density_per_km2": 5226.9618765692121, "camera_density_per_km2": 6.4213290866943638, "crime_rate_per_km2": 1438.3777154195375, "arterial_km_per_km2": 3.0287101803221739 }, "geometry": { "type": "Polygon", "coordinates": [ [ [ -122.156962, 37.741506 ], [ -122.153008, 37.742627 ], [ -122.152496, 37.742923 ], [ -122.151526, 37.742214 ], [ -122.148725, 37.740859 ], [ -122.155119, 37.739082 ], [ -122.156962, 37.741506 ] ] ] } },
{ "type": "Feature", "properties": { "GEOID": "060014033011", "NAME_x": "1", "ALAND": 89096, "AWATER": 0, "centroid_lon": -122.26617952078223, "centroid_lat": 37.799351988511837, "NAME_y": "Block Group 1; Census Tract 4033.01; Alameda County; California", "B03002_001E": 865, "B03002_001M": 297, "B03002_012E": 17, "B03002_012M": 28, "B19013_001E": 35278, "B19013_001M": 21364, "B01003_001E": 865, "state": "06", "county": "001", "tract": "403301", "block group": "1", "latino_share": 0.019653179190751446, "latino_share_moe90": 0.031658775340163418, "camera_count": 0, "arterial_road_m": 863.87955018536513, "crime_count_pre_treatment": 484, "land_area_km2": 0.089096, "pop_density_per_km2": 9708.6288946754066, "camera_density_per_km2": 0.0, "crime_rate_per_km2": 5432.3426416449674, "arterial_km_per_km2": 9.6960531357789925 }, "geometry": { "type": "Polygon", "coordinates": [ [ [ -122.267312, 37.801081 ], [ -122.263752, 37.7997 ], [ -122.265066, 37.797622 ], [ -122.268596, 37.799002 ], [ -122.267312, 37.801081 ] ] ] } },
{ "type": "Feature", "properties": { "GEOID": "060014058003", "NAME_x": "3", "ALAND": 140883, "AWATER": 0, "centroid_lon": -122.23480117360165, "centroid_lat": 37.794813492861479, "NAME_y": "Block Group 3; Census Tract 4058; Alameda County; California", "B03002_001E": 1683, "B03002_001M": 634, "B03002_012E": 319, "B03002_012M": 277, "B19013_001E": 75531, "B19013_001M": 11241, "B01003_001E": 1683, "state": "06", "county": "001", "tract": "405800", "block group": "3", "latino_share": 0.18954248366013071, "latino_share_moe90": 0.14829234348715345, "camera_count": 0, "arterial_road_m": 1568.8700388303178, "crime_count_pre_treatment": 372, "land_area_km2": 0.140883, "pop_density_per_km2": 11946.082919869679, "camera_density_per_km2": 0.0, "crime_rate_per_km2": 2640.4889163348307, "arterial_km_per_km2": 11.13597835672379 }, "geometry": { "type": "Polygon", "coordinates": [ [ [ -122.237951, 37.794948 ], [ -122.233174, 37.796691 ], [ -122.2306, 37.797476 ], [ -122.231892, 37.795952 ], [ -122.23544, 37.792224 ], [ -122.235512, 37.792267 ], [ -122.237547, 37.793494 ], [ -122.237951, 37.794948 ] ] ] } },
{ "type": "Feature", "properties": { "GEOID": "060014066021", "NAME_x": "1", "ALAND": 286382, "AWATER": 0, "centroid_lon": -122.21378179435943, "centroid_lat": 37.797551610088163, "NAME_y": "Block Group 1; Census Tract 4066.02; Alameda County; California", "B03002_001E": 1303, "B03002_001M": 378, "B03002_012E": 312, "B03002_012M": 187, "B19013_001E": 79432, "B19013_001M": 28017, "B01003_001E": 1303, "state": "06", "county": "001", "tract": "406602", "block group": "1", "latino_share": 0.23944742900997698, "latino_share_moe90": 0.12558402554012799, "camera_count": 5, "arterial_road_m": 3475.0748515817045, "crime_count_pre_treatment": 629, "land_area_km2": 0.286382, "pop_density_per_km2": 4549.8669609123472, "camera_density_per_km2": 17.459197854613766, "crime_rate_per_km2": 2196.3670901104119, "arterial_km_per_km2": 12.13440387867151 }, "geometry": { "type": "Polygon", "coordinates": [ [ [ -122.216974, 37.798404 ], [ -122.216221, 37.800294 ], [ -122.214117, 37.799805 ], [ -122.208794, 37.798478 ], [ -122.21253, 37.794736 ], [ -122.21432, 37.795548 ], [ -122.217936, 37.795826 ], [ -122.216974, 37.798404 ] ] ] } },
{ "type": "Feature", "properties": { "GEOID": "060014062013", "NAME_x": "3", "ALAND": 87031, "AWATER": 0, "centroid_lon": -122.23044488878604, "centroid_lat": 37.784195762552578, "NAME_y": "Block Group 3; Census Tract 4062.01; Alameda County; California", "B03002_001E": 1981, "B03002_001M": 604, "B03002_012E": 1135, "B03002_012M": 579, "B19013_001E": 76010, "B19013_001M": 50056, "B01003_001E": 1981, "state": "06", "county": "001", "tract": "406201", "block group": "3", "latino_share": 0.57294295810196871, "latino_share_moe90": 0.23432801965610048, "camera_count": 1, "arterial_road_m": 533.86504031880395, "crime_count_pre_treatment": 438, "land_area_km2": 0.087031, "pop_density_per_km2": 22762.004343279983, "camera_density_per_km2": 11.490158679091358, "crime_rate_per_km2": 5032.6895014420152, "arterial_km_per_km2": 6.1341940264825636 }, "geometry": { "type": "Polygon", "coordinates": [ [ [ -122.234113, 37.785138 ], [ -122.230037, 37.784662 ], [ -122.228972, 37.785769 ], [ -122.227537, 37.78495 ], [ -122.229935, 37.782402 ], [ -122.234293, 37.784972 ], [ -122.234113, 37.785138 ] ] ] } },
{ "type": "Feature", "properties": { "GEOID": "060014051005", "NAME_x": "5", "ALAND": 282000, "AWATER": 0, "centroid_lon": -122.23096708701159, "centroid_lat": 37.813632237937263, "NAME_y": "Block Group 5; Census Tract 4051; Alameda County; California", "B03002_001E": 1067, "B03002_001M": 270, "B03002_012E": 172, "B03002_012M": 125, "B19013_001E": 250001, "B19013_001M": -333333333, "B01003_001E": 1067, "state": "06", "county": "001", "tract": "405100", "block group": "5", "latino_share": 0.16119962511715089, "latino_share_moe90": 0.10982000244824573, "camera_count": 0, "arterial_road_m": 366.88543263438936, "crime_count_pre_treatment": 61, "land_area_km2": 0.282, "pop_density_per_km2": 3783.6879432624119, "camera_density_per_km2": 0.0, "crime_rate_per_km2": 216.31205673758868, "arterial_km_per_km2": 1.3010121724623738 }, "geometry": { "type": "Polygon", "coordinates": [ [ [ -122.236283, 37.813628 ], [ -122.232012, 37.81433 ], [ -122.233001, 37.816115 ], [ -122.233296, 37.816492 ], [ -122.232245, 37.816194 ], [ -122.229736, 37.815646 ], [ -122.229496, 37.815598 ], [ -122.227109, 37.815045 ], [ -122.225988, 37.814782 ], [ -122.225234, 37.814605 ], [ -122.225227, 37.814358 ], [ -122.226056, 37.813255 ], [ -122.228855, 37.812577 ], [ -122.230274, 37.811998 ], [ -122.234447, 37.811225 ], [ -122.235304, 37.811544 ], [ -122.236283, 37.813628 ] ] ] } },
{ "type": "Feature", "properties": { "GEOID": "060014087003", "NAME_x": "3", "ALAND": 170232, "AWATER": 0, "centroid_lon": -122.1912370340459, "centroid_lat": 37.764601294740324, "NAME_y": "Block Group 3; Census Tract 4087; Alameda County; California", "B03002_001E": 1368, "B03002_001M": 786, "B03002_012E": 1055, "B03002_012M": 787, "B19013_001E": 27360, "B19013_001M": 20828, "B01003_001E": 1368, "state": "06", "county": "001", "tract": "408700", "block group": "3", "latino_share": 0.77119883040935677, "latino_share_moe90": 0.36690976219797511, "camera_count": 0, "arterial_road_m": 695.54910029017174, "crime_count_pre_treatment": 349, "land_area_km2": 0.170232, "pop_density_per_km2": 8036.0919216128577, "camera_density_per_km2": 0.0, "crime_rate_per_km2": 2050.1433338032803, "arterial_km_per_km2": 4.0858892587185238 }, "geometry": { "type": "Polygon", "coordinates": [ [ [ -122.195455, 37.763258 ], [ -122.19308, 37.764803 ], [ -122.189033, 37.767452 ], [ -122.187323, 37.765796 ], [ -122.189343, 37.764516 ], [ -122.190235, 37.763686 ], [ -122.19283, 37.761996 ], [ -122.19433, 37.762714 ], [ -122.195455, 37.763258 ] ] ] } },
{ "type": "Feature", "properties": { "GEOID": "060014053011", "NAME_x": "1", "ALAND": 73866, "AWATER": 0, "centroid_lon": -122.25120699607018, "centroid_lat": 37.803712623509078, "NAME_y": "Block Group 1; Census Tract 4053.01; Alameda County; California", "B03002_001E": 763, "B03002_001M": 204, "B03002_012E": 63, "B03002_012M": 57, "B19013_001E": 113106, "B19013_001M": 46773, "B01003_001E": 763, "state": "06", "county": "001", "tract": "405301", "block group": "1", "latino_share": 0.082568807339449546, "latino_share_moe90": 0.071368768209241429, "camera_count": 0, "arterial_road_m": 439.09321092851224, "crime_count_pre_treatment": 183, "land_area_km2": 0.073866, "pop_density_per_km2": 10329.515609346654, "camera_density_per_km2": 0.0, "crime_rate_per_km2": 2477.4591828446105, "arterial_km_per_km2": 5.9444563253528306 }, "geometry": { "type": "Polygon", "coordinates": [ [ [ -122.253447, 37.803608 ], [ -122.250597, 37.805237 ], [ -122.249318, 37.804823 ], [ -122.249013, 37.803014 ], [ -122.252196, 37.802683 ], [ -122.254073, 37.802521 ], [ -122.253447, 37.803608 ] ] ] } },
{ "type": "Feature", "properties": { "GEOID": "060014075002", "NAME_x": "2", "ALAND": 233033, "AWATER": 0, "centroid_lon": -122.19927226498021, "centroid_lat": 37.767884240510618, "NAME_y": "Block Group 2; Census Tract 4075; Alameda County; California", "B03002_001E": 2441, "B03002_001M": 629, "B03002_012E": 1707, "B03002_012M": 449, "B19013_001E": 70980, "B19013_001M": 22964, "B01003_001E": 2441, "state": "06", "county": "001", "tract": "407500", "block group": "2", "latino_share": 0.69930356411306838, "latino_share_moe90": 0.036921244861714761, "camera_count": 2, "arterial_road_m": 257.64673367852959, "crime_count_pre_treatment": 489, "land_area_km2": 0.233033, "pop_density_per_km2": 10474.911278660104, "camera_density_per_km2": 8.5824754433921377, "crime_rate_per_km2": 2098.4152459093775, "arterial_km_per_km2": 1.1056233824330872 }, "geometry": { "type": "Polygon", "coordinates": [ [ [ -122.20084, 37.76913 ], [ -122.200809, 37.770067 ], [ -122.198781, 37.77059 ], [ -122.197234, 37.769207 ], [ -122.196541, 37.7697 ], [ -122.194984, 37.768322 ], [ -122.195729, 37.767804 ], [ -122.199502, 37.765149 ], [ -122.20368, 37.767126 ], [ -122.20084, 37.76913 ] ] ] } },
{ "type": "Feature", "properties": { "GEOID": "060014005003", "NAME_x": "3", "ALAND": 92921, "AWATER": 0, "centroid_lon": -122.26756009783664, "centroid_lat": 37.850047043422627, "NAME_y": "Block Group 3; Census Tract 4005; Alameda County; California", "B03002_001E": 709, "B03002_001M": 207, "B03002_012E": 196, "B03002_012M": 151, "B19013_001E": 87969, "B19013_001M": 49861, "B01003_001E": 709, "state": "06", "county": "001", "tract": "400500", "block group": "3", "latino_share": 0.27644569816643161, "latino_share_moe90": 0.19709004064339797, "camera_count": 0, "arterial_road_m": 311.50293357061673, "crime_count_pre_treatment": 50, "land_area_km2": 0.092921, "pop_density_per_km2": 7630.1374285683532, "camera_density_per_km2": 0.0, "crime_rate_per_km2": 538.09149707816312, "arterial_km_per_km2": 3.3523415973850557 }, "geometry": { "type": "Polygon", "coordinates": [ [ [ -122.268965, 37.851616 ], [ -122.266128, 37.852009 ], [ -122.265698, 37.848763 ], [ -122.269409, 37.848107 ], [ -122.268965, 37.851616 ] ] ] } },
{ "type": "Feature", "properties": { "GEOID": "060014042002", "NAME_x": "2", "ALAND": 426544, "AWATER": 0, "centroid_lon": -122.22843742475771, "centroid_lat": 37.837674867635968, "NAME_y": "Block Group 2; Census Tract 4042; Alameda County; California", "B03002_001E": 1259, "B03002_001M": 311, "B03002_012E": 125, "B03002_012M": 92, "B19013_001E": 250001, "B19013_001M": -333333333, "B01003_001E": 1259, "state": "06", "county": "001", "tract": "404200", "block group": "2", "latino_share": 0.099285146942017469, "latino_share_moe90": 0.068835216911968047, "camera_count": 0, "arterial_road_m": 2093.4211839491081, "crime_count_pre_treatment": 85, "land_area_km2": 0.426544, "pop_density_per_km2": 2951.6298435800295, "camera_density_per_km2": 0.0, "crime_rate_per_km2": 199.27604186203536, "arterial_km_per_km2": 4.9078669116178126 }, "geometry": { "type": "Polygon", "coordinates": [ [ [ -122.236608, 37.841097 ], [ -122.233954, 37.839482 ], [ -122.230222, 37.838818 ], [ -122.229231, 37.840132 ], [ -122.226448, 37.837813 ], [ -122.226183, 37.841072 ], [ -122.223555, 37.838939 ], [ -122.223608, 37.83695 ], [ -122.222781, 37.835887 ], [ -122.224665, 37.834343 ], [ -122.228041, 37.835814 ], [ -122.229586, 37.83543 ], [ -122.23182, 37.836447 ], [ -122.234976, 37.839169 ], [ -122.237969, 37.840912 ], [ -122.236608, 37.841097 ] ] ] } },
{ "type": "Feature", "properties": { "GEOID": "060014013002", "NAME_x": "2", "ALAND": 199537, "AWATER": 0, "centroid_lon": -122.2699396759522, "centroid_lat": 37.815161670435572, "NAME_y": "Block Group 2; Census Tract 4013; Alameda County; California", "B03002_001E": 1119, "B03002_001M": 266, "B03002_012E": 68, "B03002_012M": 47, "B19013_001E": 81447, "B19013_001M": 9173, "B01003_001E": 1119, "state": "06", "county": "001", "tract": "401300", "block group": "2", "latino_share": 0.06076854334226988, "latino_share_moe90": 0.039439571287752571, "camera_count": 1, "arterial_road_m": 4104.4788781021307, "crime_count_pre_treatment": 652, "land_area_km2": 0.199537, "pop_density_per_km2": 5607.9824794399037, "camera_density_per_km2": 5.0116018583019697, "crime_rate_per_km2": 3267.5644116128838, "arterial_km_per_km2": 20.570013972857822 }, "geometry": { "type": "Polygon", "coordinates": [ [ [ -122.271379, 37.815031 ], [ -122.270041, 37.818894 ], [ -122.267493, 37.81824 ], [ -122.269058, 37.811959 ], [ -122.273394, 37.812723 ], [ -122.271379, 37.815031 ] ] ] } },
{ "type": "Feature", "properties": { "GEOID": "060014096005", "NAME_x": "5", "ALAND": 186223, "AWATER": 0, "centroid_lon": -122.17580819686694, "centroid_lat": 37.754593878906078, "NAME_y": "Block Group 5; Census Tract 4096; Alameda County; California", "B03002_001E": 1678, "B03002_001M": 633, "B03002_012E": 1316, "B03002_012M": 629, "B19013_001E": 61677, "B19013_001M": 25274, "B01003_001E": 1678, "state": "06", "county": "001", "tract": "409600", "block group": "5", "latino_share": 0.78426698450536347, "latino_share_moe90": 0.2301834089978998, "camera_count": 0, "arterial_road_m": 144.30963583280973, "crime_count_pre_treatment": 436, "land_area_km2": 0.186223, "pop_density_per_km2": 9010.7022226040826, "camera_density_per_km2": 0.0, "crime_rate_per_km2": 2341.2790042046363, "arterial_km_per_km2": 0.77492917541232675 }, "geometry": { "type": "Polygon", "coordinates": [ [ [ -122.179475, 37.755647 ], [ -122.175717, 37.757495 ], [ -122.173436, 37.754435 ], [ -122.172533, 37.753221 ], [ -122.175823, 37.751696 ], [ -122.176501, 37.752609 ], [ -122.178484, 37.755174 ], [ -122.179117, 37.755471 ], [ -122.179475, 37.755647 ] ] ] } },
{ "type": "Feature", "properties": { "GEOID": "060014063004", "NAME_x": "4", "ALAND": 101037, "AWATER": 0, "centroid_lon": -122.22806637311585, "centroid_lat": 37.790395453358357, "NAME_y": "Block Group 4; Census Tract 4063; Alameda County; California", "B03002_001E": 1194, "B03002_001M": 518, "B03002_012E": 967, "B03002_012M": 536, "B19013_001E": 54922, "B19013_001M": 37834, "B01003_001E": 1194, "state": "06", "county": "001", "tract": "406300", "block group": "4", "latino_share": 0.80988274706867669, "latino_share_moe90": 0.27941032567622792, "camera_count": 0, "arterial_road_m": 296.61789675080178, "crime_count_pre_treatment": 186, "land_area_km2": 0.101037, "pop_density_per_km2": 11817.453012262835, "camera_density_per_km2": 0.0, "crime_rate_per_km2": 1840.9097657293862, "arterial_km_per_km2": 2.9357353914981816 }, "geometry": { "type": "Polygon", "coordinates": [ [ [ -122.229001, 37.790821 ], [ -122.226685, 37.793545 ], [ -122.225428, 37.793037 ], [ -122.228071, 37.78999 ], [ -122.226477, 37.789035 ], [ -122.227247, 37.788153 ], [ -122.228901, 37.788213 ], [ -122.230914, 37.789441 ], [ -122.229001, 37.790821 ] ] ] } },
{ "type": "Feature", "properties": { "GEOID": "060014045023", "NAME_x": "3", "ALAND": 829248, "AWATER": 0, "centroid_lon": -122.19424476172129, "centroid_lat": 37.83688283373364, "NAME_y": "Block Group 3; Census Tract 4045.02; Alameda County; California", "B03002_001E": 1534, "B03002_001M": 363, "B03002_012E": 189, "B03002_012M": 115, "B19013_001E": 250001, "B19013_001M": -333333333, "B01003_001E": 1534, "state": "06", "county": "001", "tract": "404502", "block group": "3", "latino_share": 0.12320730117340287, "latino_share_moe90": 0.069065762868912764, "camera_count": 0, "arterial_road_m": 2330.2930594499285, "crime_count_pre_treatment": 195, "land_area_km2": 0.829248, "pop_density_per_km2": 1849.8687967893802, "camera_density_per_km2": 0.0, "crime_rate_per_km2": 235.15281315119242, "arterial_km_per_km2": 2.8101280430582025 }, "geometry": { "type": "Polygon", "coordinates": [ [ [ -122.200391, 37.836153 ], [ -122.198222, 37.837733 ], [ -122.198072, 37.84002 ], [ -122.197692, 37.842671 ], [ -122.195287, 37.842817 ], [ -122.195348, 37.842626 ], [ -122.195623, 37.841913 ], [ -122.192069, 37.840249 ], [ -122.188992, 37.83797 ], [ -122.188601, 37.837752 ], [ -122.185116, 37.837353 ], [ -122.184526, 37.835916 ], [ -122.187665, 37.83621 ], [ -122.186974, 37.835419 ], [ -122.192109, 37.833914 ], [ -122.196435, 37.831981 ], [ -122.19914, 37.834085 ], [ -122.198599, 37.832706 ], [ -122.200766, 37.83325 ], [ -122.199987, 37.833578 ], [ -122.201328, 37.833896 ], [ -122.200391, 37.836153 ] ] ] } },
{ "type": "Feature", "properties": { "GEOID": "060014099002", "NAME_x": "2", "ALAND": 385973, "AWATER": 0, "centroid_lon": -122.14555094769122, "centroid_lat": 37.75830313272747, "NAME_y": "Block Group 2; Census Tract 4099; Alameda County; California", "B03002_001E": 858, "B03002_001M": 464, "B03002_012E": 207, "B03002_012M": 241, "B19013_001E": 191901, "B19013_001M": 134641, "B01003_001E": 858, "state": "06", "county": "001", "tract": "409900", "block group": "2", "latino_share": 0.24125874125874125, "latino_share_moe90": 0.24874516866820259, "camera_count": 1, "arterial_road_m": 2333.0797412950478, "crime_count_pre_treatment": 215, "land_area_km2": 0.385973, "pop_density_per_km2": 2222.9534190215377, "camera_density_per_km2": 2.590854800724403, "crime_rate_per_km2": 557.03378215574662, "arterial_km_per_km2": 6.0446708482071223 }, "geometry": { "type": "Polygon", "coordinates": [ [ [ -122.151206, 37.75364 ], [ -122.148211, 37.75686 ], [ -122.147737, 37.758759 ], [ -122.148141, 37.760488 ], [ -122.144253, 37.76155 ], [ -122.142391, 37.7629 ], [ -122.141431, 37.76285 ], [ -122.142517, 37.758912 ], [ -122.141828, 37.757477 ], [ -122.150562, 37.753371 ], [ -122.151206, 37.75364 ] ] ] } },
{ "type": "Feature", "properties": { "GEOID": "060014071024", "NAME_x": "4", "ALAND": 157064, "AWATER": 0, "centroid_lon": -122.21033623774474, "centroid_lat": 37.777709662573052, "NAME_y": "Block Group 4; Census Tract 4071.02; Alameda County; California", "B03002_001E": 1133, "B03002_001M": 785, "B03002_012E": 395, "B03002_012M": 240, "B19013_001E": 146314, "B19013_001M": 47215, "B01003_001E": 1133, "state": "06", "county": "001", "tract": "407102", "block group": "4", "latino_share": 0.34863195057369817, "latino_share_moe90": 0.0, "camera_count": 2, "arterial_road_m": 1149.4696688467175, "crime_count_pre_treatment": 268, "land_area_km2": 0.157064, "pop_density_per_km2": 7213.6199256354093, "camera_density_per_km2": 12.733662710742117, "crime_rate_per_km2": 1706.3108032394437, "arterial_km_per_km2": 7.3184795296612677 }, "geometry": { "type": "Polygon", "coordinates": [ [ [ -122.213859, 37.776521 ], [ -122.208023, 37.780821 ], [ -122.20681, 37.779734 ], [ -122.211133, 37.775171 ], [ -122.211734, 37.774681 ], [ -122.213859, 37.776521 ] ] ] } },
{ "type": "Feature", "properties": { "GEOID": "060014059021", "NAME_x": "1", "ALAND": 199888, "AWATER": 0, "centroid_lon": -122.23905614877145, "centroid_lat": 37.79261334970046, "NAME_y": "Block Group 1; Census Tract 4059.02; Alameda County; California", "B03002_001E": 1569, "B03002_001M": 320, "B03002_012E": 409, "B03002_012M": 175, "B19013_001E": 75893, "B19013_001M": 22713, "B01003_001E": 1569, "state": "06", "county": "001", "tract": "405902", "block group": "1", "latino_share": 0.26067558954748249, "latino_share_moe90": 0.098049700495529066, "camera_count": 3, "arterial_road_m": 2026.4417235573883, "crime_count_pre_treatment": 627, "land_area_km2": 0.199888, "pop_density_per_km2": 7849.3956615704792, "camera_density_per_km2": 15.008404706635716, "crime_rate_per_km2": 3136.7565836868644, "arterial_km_per_km2": 10.1378858338539 }, "geometry": { "type": "Polygon", "coordinates": [ [ [ -122.242618, 37.793164 ], [ -122.241694, 37.793825 ], [ -122.239833, 37.795136 ], [ -122.237951, 37.794948 ], [ -122.237547, 37.793494 ], [ -122.235512, 37.792267 ], [ -122.237876, 37.789765 ], [ -122.242057, 37.792273 ], [ -122.242618, 37.793164 ] ] ] } },
{ "type": "Feature", "properties": { "GEOID": "060014034011", "NAME_x": "1", "ALAND": 474281, "AWATER": 602434, "centroid_lon": -122.25798515898136, "centroid_lat": 37.804931449100948, "NAME_y": "Block Group 1; Census Tract 4034.01; Alameda County; California", "B03002_001E": 851, "B03002_001M": 216, "B03002_012E": 89, "B03002_012M": 66, "B19013_001E": 103056, "B19013_001M": 41594, "B01003_001E": 851, "state": "06", "county": "001", "tract": "403401", "block group": "1", "latino_share": 0.1045828437132785, "latino_share_moe90": 0.072871540985482486, "camera_count": 2, "arterial_road_m": 3079.4185707177867, "crime_count_pre_treatment": 1841, "land_area_km2": 0.474281, "pop_density_per_km2": 1794.2949432931109, "camera_density_per_km2": 4.2169093849426815, "crime_rate_per_km2": 3881.6650888397385, "arterial_km_per_km2": 6.4928145355133067 }, "geometry": { "type": "Polygon", "coordinates": [ [ [ -122.265449, 37.806338 ], [ -122.263564, 37.807216 ], [ -122.262463, 37.810945 ], [ -122.260591, 37.810676 ], [ -122.260213, 37.810523 ], [ -122.258549, 37.809408 ], [ -122.256158, 37.809012 ], [ -122.255535, 37.807634 ], [ -122.252774, 37.808747 ], [ -122.250469, 37.808882 ], [ -122.249148, 37.808391 ], [ -122.250597, 37.805237 ], [ -122.253447, 37.803608 ], [ -122.254073, 37.802521 ], [ -122.254468, 37.801838 ], [ -122.254505, 37.800561 ], [ -122.257805, 37.799704 ], [ -122.259554, 37.798301 ], [ -122.260417, 37.798333 ], [ -122.263752, 37.7997 ], [ -122.262903, 37.801101 ], [ -122.261318, 37.80363 ], [ -122.262394, 37.804196 ], [ -122.263575, 37.804656 ], [ -122.264778, 37.805119 ], [ -122.265449, 37.806338 ] ] ] } },
{ "type": "Feature", "properties": { "GEOID": "060014083003", "NAME_x": "3", "ALAND": 403907, "AWATER": 0, "centroid_lon": -122.16383282612884, "centroid_lat": 37.769787110911992, "NAME_y": "Block Group 3; Census Tract 4083; Alameda County; California", "B03002_001E": 927, "B03002_001M": 218, "B03002_012E": 0, "B03002_012M": 14, "B19013_001E": 133092, "B19013_001M": 68167, "B01003_001E": 927, "state": "06", "county": "001", "tract": "408300", "block group": "3", "latino_share": 0.0, "latino_share_moe90": 0.015102481121898598, "camera_count": 0, "arterial_road_m": 370.60491048413382, "crime_count_pre_treatment": 290, "land_area_km2": 0.403907, "pop_density_per_km2": 2295.0827789565419, "camera_density_per_km2": 0.0, "crime_rate_per_km2": 717.98706137799047, "arterial_km_per_km2": 0.91755010555433247 }, "geometry": { "type": "Polygon", "coordinates": [ [ [ -122.169583, 37.774422 ], [ -122.168283, 37.774149 ], [ -122.166793, 37.774587 ], [ -122.164496, 37.773016 ], [ -122.165833, 37.772182 ], [ -122.158706, 37.768677 ], [ -122.157946, 37.767845 ], [ -122.157672, 37.766444 ], [ -122.15983, 37.766631 ], [ -122.161219, 37.765433 ], [ -122.161949, 37.765163 ], [ -122.165377, 37.768804 ], [ -122.168111, 37.771036 ], [ -122.169033, 37.772433 ], [ -122.169725, 37.774067 ], [ -122.169583, 37.774422 ] ] ] } },
{ "type": "Feature", "properties": { "GEOID": "060014044001", "NAME_x": "1", "ALAND": 2025898, "AWATER": 0, "centroid_lon": -122.21889865084461, "centroid_lat": 37.848527583128856, "NAME_y": "Block Group 1; Census Tract 4044; Alameda County; California", "B03002_001E": 1934, "B03002_001M": 536, "B03002_012E": 28, "B03002_012M": 32, "B19013_001E": 227188, "B19013_001M": 103937, "B01003_001E": 1934, "state": "06", "county": "001", "tract": "404400", "block group": "1", "latino_share": 0.014477766287487074, "latino_share_moe90": 0.01605213252496869, "camera_count": 8, "arterial_road_m": 16615.380605412331, "crime_count_pre_treatment": 180, "land_area_km2": 2.025898, "pop_density_per_km2": 954.63838752000333, "camera_density_per_km2": 3.9488661324508931, "crime_rate_per_km2": 88.849487980145099, "arterial_km_per_km2": 8.201489218811771 }, "geometry": { "type": "Polygon", "coordinates": [ [ [ -122.233092, 37.851656 ], [ -122.226748, 37.849962 ], [ -122.22424, 37.850933 ], [ -122.22354, 37.854923 ], [ -122.223288, 37.855086 ], [ -122.222724, 37.85358 ], [ -122.22159, 37.854446 ], [ -122.2201, 37.855002 ], [ -122.21924, 37.855084 ], [ -122.218889, 37.854762 ], [ -122.216707, 37.855408 ], [ -122.215561, 37.856181 ], [ -122.213615, 37.855987 ], [ -122.21238, 37.857234 ], [ -122.210408, 37.855065 ], [ -122.208898, 37.851941 ], [ -122.2031, 37.851192 ], [ -122.202657, 37.85048 ], [ -122.200997, 37.847878 ], [ -122.202761, 37.849025 ], [ -122.203778, 37.850708 ], [ -122.206624, 37.850628 ], [ -122.208198, 37.851297 ], [ -122.208954, 37.850218 ], [ -122.210466, 37.851418 ], [ -122.212199, 37.851035 ], [ -122.214335, 37.8476 ], [ -122.213789, 37.842387 ], [ -122.215363, 37.84087 ], [ -122.21568, 37.839599 ], [ -122.217776, 37.842535 ], [ -122.21793, 37.840661 ], [ -122.219274, 37.83965 ], [ -122.224827, 37.841683 ], [ -122.227559, 37.845474 ], [ -122.228003, 37.848244 ], [ -122.230346, 37.848892 ], [ -122.233092, 37.851656 ] ] ] } },
{ "type": "Feature", "properties": { "GEOID": "060014015002", "NAME_x": "2", "ALAND": 134495, "AWATER": 0, "centroid_lon": -122.28068299298936, "centroid_lat": 37.82270953113553, "NAME_y": "Block Group 2; Census Tract 4015; Alameda County; California", "B03002_001E": 821, "B03002_001M": 306, "B03002_012E": 198, "B03002_012M": 193, "B19013_001E": 100833, "B19013_001M": 54516, "B01003_001E": 821, "state": "06", "county": "001", "tract": "401500", "block group": "2", "latino_share": 0.24116930572472595, "latino_share_moe90": 0.2172151401126125, "camera_count": 0, "arterial_road_m": 426.41620178365798, "crime_count_pre_treatment": 328, "land_area_km2": 0.134495, "pop_density_per_km2": 6104.3161455816198, "camera_density_per_km2": 0.0, "crime_rate_per_km2": 2438.7523699765788, "arterial_km_per_km2": 3.1704985448058141 }, "geometry": { "type": "Polygon", "coordinates": [ [ [ -122.283643, 37.824406 ], [ -122.277372, 37.822934 ], [ -122.276697, 37.820883 ], [ -122.284939, 37.822769 ], [ -122.283643, 37.824406 ] ] ] } },
{ "type": "Feature", "properties": { "GEOID": "060014084002", "NAME_x": "2", "ALAND": 123832, "AWATER": 0, "centroid_lon": -122.17114032834191, "centroid_lat": 37.764636022891345, "NAME_y": "Block Group 2; Census Tract 4084; Alameda County; California", "B03002_001E": 956, "B03002_001M": 417, "B03002_012E": 515, "B03002_012M": 348, "B19013_001E": 74115, "B19013_001M": 29260, "B01003_001E": 956, "state": "06", "county": "001", "tract": "408400", "block group": "2", "latino_share": 0.53870292887029292, "latino_share_moe90": 0.27801699321673129, "camera_count": 0, "arterial_road_m": 252.06263361079877, "crime_count_pre_treatment": 347, "land_area_km2": 0.123832, "pop_density_per_km2": 7720.1369597519224, "camera_density_per_km2": 0.0, "crime_rate_per_km2": 2802.1836035919632, "arterial_km_per_km2": 2.0355209768944924 }, "geometry": { "type": "Polygon", "coordinates": [ [ [ -122.174561, 37.763909 ], [ -122.169167, 37.767123 ], [ -122.167789, 37.766009 ], [ -122.169659, 37.764127 ], [ -122.172761, 37.762137 ], [ -122.174561, 37.763909 ] ] ] } },
{ "type": "Feature", "properties": { "GEOID": "060014050002", "NAME_x": "2", "ALAND": 261851, "AWATER": 0, "centroid_lon": -122.22356706300386, "centroid_lat": 37.809385489621143, "NAME_y": "Block Group 2; Census Tract 4050; Alameda County; California", "B03002_001E": 1374, "B03002_001M": 292, "B03002_012E": 161, "B03002_012M": 183, "B19013_001E": 147014, "B19013_001M": 73425, "B01003_001E": 1374, "state": "06", "county": "001", "tract": "405000", "block group": "2", "latino_share": 0.11717612809315867, "latino_share_moe90": 0.13083910081570679, "camera_count": 0, "arterial_road_m": 1.4942554369545258, "crime_count_pre_treatment": 144, "land_area_km2": 0.261851, "pop_density_per_km2": 5247.2589373345909, "camera_density_per_km2": 0.0, "crime_rate_per_km2": 549.93106766825406, "arterial_km_per_km2": 0.0057065103320381658 }, "geometry": { "type": "Polygon", "coordinates": [ [ [ -122.23106, 37.807199 ], [ -122.227693, 37.808099 ], [ -122.225047, 37.809952 ], [ -122.222502, 37.81103 ], [ -122.220905, 37.813316 ], [ -122.220433, 37.813439 ], [ -122.220211, 37.813407 ], [ -122.217935, 37.812891 ], [ -122.215174, 37.812276 ], [ -122.215582, 37.811513 ], [ -122.219757, 37.813005 ], [ -122.22063, 37.812344 ], [ -122.220058, 37.811597 ], [ -122.220724, 37.810764 ], [ -122.219482, 37.809501 ], [ -122.221229, 37.809659 ], [ -122.22239, 37.809081 ], [ -122.222834, 37.808371 ], [ -122.22174, 37.807758 ], [ -122.224827, 37.806307 ], [ -122.225949, 37.807824 ], [ -122.231095, 37.805999 ], [ -122.23106, 37.807199 ] ] ] } },
{ "type": "Feature", "properties": { "GEOID": "060014093003", "NAME_x": "3", "ALAND": 456614, "AWATER": 0, "centroid_lon": -122.17611334761054, "centroid_lat": 37.738124640912453, "NAME_y": "Block Group 3; Census Tract 4093; Alameda County; California", "B03002_001E": 1647, "B03002_001M": 624, "B03002_012E": 1073, "B03002_012M": 533, "B19013_001E": 65897, "B19013_001M": 36593, "B01003_001E": 1647, "state": "06", "county": "001", "tract": "409300", "block group": "3", "latino_share": 0.65148755312689743, "latino_share_moe90": 0.20929464247527424, "camera_count": 0, "arterial_road_m": 2064.4201503184636, "crime_count_pre_treatment": 652, "land_area_km2": 0.456614, "pop_density_per_km2": 3606.9853311549796, "camera_density_per_km2": 0.0, "crime_rate_per_km2": 1427.9019040152075, "arterial_km_per_km2": 4.5211494836305137 }, "geometry": { "type": "Polygon", "coordinates": [ [ [ -122.181561, 37.737835 ], [ -122.176947, 37.741364 ], [ -122.174793, 37.742388 ], [ -122.17167, 37.738553 ], [ -122.170734, 37.737323 ], [ -122.17267, 37.73642 ], [ -122.175508, 37.735195 ], [ -122.177295, 37.73403 ], [ -122.179782, 37.736267 ], [ -122.181561, 37.737835 ] ] ] } },
{ "type": "Feature", "properties": { "GEOID": "060014046003", "NAME_x": "3", "ALAND": 614079, "AWATER": 0, "centroid_lon": -122.19202148940275, "centroid_lat": 37.82348623542768, "NAME_y": "Block Group 3; Census Tract 4046; Alameda County; California", "B03002_001E": 1108, "B03002_001M": 367, "B03002_012E": 32, "B03002_012M": 29, "B19013_001E": 226765, "B19013_001M": 54117, "B01003_001E": 1108, "state": "06", "county": "001", "tract": "404600", "block group": "3", "latino_share": 0.028880866425992781, "latino_share_moe90": 0.024362469340533641, "camera_count": 0, "arterial_road_m": 1794.5498092853236, "crime_count_pre_treatment": 124, "land_area_km2": 0.614079, "pop_density_per_km2": 1804.328107621332, "camera_density_per_km2": 0.0, "crime_rate_per_km2": 201.92841637639455, "arterial_km_per_km2": 2.9223435572382761 }, "geometry": { "type": "Polygon", "coordinates": [ [ [ -122.201593, 37.822792 ], [ -122.198877, 37.824333 ], [ -122.19981, 37.823165 ], [ -122.196967, 37.824038 ], [ -122.194978, 37.823709 ], [ -122.19395, 37.825912 ], [ -122.192976, 37.826951 ], [ -122.187584, 37.827162 ], [ -122.186183, 37.826153 ], [ -122.185729, 37.825366 ], [ -122.186368, 37.823547 ], [ -122.187657, 37.820105 ], [ -122.188325, 37.81987 ], [ -122.188684, 37.818725 ], [ -122.190042, 37.819519 ], [ -122.191018, 37.821246 ], [ -122.189675, 37.821861 ], [ -122.192096, 37.822891 ], [ -122.193296, 37.821885 ], [ -122.195932, 37.821877 ], [ -122.195733, 37.820901 ], [ -122.196931, 37.81938 ], [ -122.198356, 37.821976 ], [ -122.199869, 37.821149 ], [ -122.201593, 37.822792 ] ] ] } },
{ "type": "Feature", "properties": { "GEOID": "060014067004", "NAME_x": "4", "ALAND": 208839, "AWATER": 0, "centroid_lon": -122.20414069041681, "centroid_lat": 37.803083039339327, "NAME_y": "Block Group 4; Census Tract 4067; Alameda County; California", "B03002_001E": 837, "B03002_001M": 326, "B03002_012E": 155, "B03002_012M": 224, "B19013_001E": 163272, "B19013_001M": 81463, "B01003_001E": 837, "state": "06", "county": "001", "tract": "406700", "block group": "4", "latino_share": 0.18518518518518517, "latino_share_moe90": 0.25771974176167245, "camera_count": 0, "arterial_road_m": 0.0, "crime_count_pre_treatment": 166, "land_area_km2": 0.208839, "pop_density_per_km2": 4007.8720928562193, "camera_density_per_km2": 0.0, "crime_rate_per_km2": 794.87068986156805, "arterial_km_per_km2": 0.0 }, "geometry": { "type": "Polygon", "coordinates": [ [ [ -122.208323, 37.801629 ], [ -122.204864, 37.80504 ], [ -122.20376, 37.805825 ], [ -122.200609, 37.804724 ], [ -122.202668, 37.802743 ], [ -122.20081, 37.801465 ], [ -122.201757, 37.80054 ], [ -122.204918, 37.802279 ], [ -122.206671, 37.800578 ], [ -122.208323, 37.801629 ] ] ] } },
{ "type": "Feature", "properties": { "GEOID": "060014061002", "NAME_x": "2", "ALAND": 618298, "AWATER": 35844, "centroid_lon": -122.22430815070042, "centroid_lat": 37.77007714200986, "NAME_y": "Block Group 2; Census Tract 4061; Alameda County; California", "B03002_001E": 795, "B03002_001M": 448, "B03002_012E": 482, "B03002_012M": 398, "B19013_001E": 91161, "B19013_001M": 71670, "B01003_001E": 795, "state": "06", "county": "001", "tract": "406100", "block group": "2", "latino_share": 0.60628930817610061, "latino_share_moe90": 0.36592289776894371, "camera_count": 4, "arterial_road_m": 6212.4116619560637, "crime_count_pre_treatment": 944, "land_area_km2": 0.618298, "pop_density_per_km2": 1285.7877593005314, "camera_density_per_km2": 6.4693723738391515, "crime_rate_per_km2": 1526.7718802260399, "arterial_km_per_km2": 10.047601095193682 }, "geometry": { "type": "Polygon", "coordinates": [ [ [ -122.229243, 37.77014 ], [ -122.228015, 37.77314 ], [ -122.226994, 37.775237 ], [ -122.21714, 37.770585 ], [ -122.223756, 37.765579 ], [ -122.224904, 37.764563 ], [ -122.226583, 37.766934 ], [ -122.230205, 37.768977 ], [ -122.229243, 37.77014 ] ] ] } },
{ "type": "Feature", "properties": { "GEOID": "060014090003", "NAME_x": "3", "ALAND": 4959081, "AWATER": 1748425, "centroid_lon": -122.20671781033946, "centroid_lat": 37.742705927652523, "NAME_y": "Block Group 3; Census Tract 4090; Alameda County; California", "B03002_001E": 1995, "B03002_001M": 486, "B03002_012E": 910, "B03002_012M": 428, "B19013_001E": 63500, "B19013_001M": 38499, "B01003_001E": 1995, "state": "06", "county": "001", "tract": "409000", "block group": "3", "latino_share": 0.45614035087719296, "latino_share_moe90": 0.18351623430447758, "camera_count": 28, "arterial_road_m": 30423.0038239309, "crime_count_pre_treatment": 6031, "land_area_km2": 4.959081, "pop_density_per_km2": 402.29227955744216, "camera_density_per_km2": 5.646207432385153, "crime_rate_per_km2": 1216.1527508826734, "arterial_km_per_km2": 6.1348067966485917 }, "geometry": { "type": "Polygon", "coordinates": [ [ [ -122.2265, 37.74808 ], [ -122.223377, 37.748036 ], [ -122.223481, 37.754702 ], [ -122.218112, 37.759656 ], [ -122.214852, 37.761468 ], [ -122.207537, 37.753148 ], [ -122.205176, 37.754231 ], [ -122.201102, 37.754884 ], [ -122.198076, 37.752214 ], [ -122.196548, 37.750857 ], [ -122.196063, 37.745818 ], [ -122.196628, 37.739705 ], [ -122.195814, 37.739765 ], [ -122.188784, 37.731729 ], [ -122.184167, 37.726529 ], [ -122.183312, 37.725566 ], [ -122.18442, 37.726116 ], [ -122.186459, 37.727589 ], [ -122.190299, 37.728858 ], [ -122.191927, 37.727288 ], [ -122.196137, 37.726007 ], [ -122.198055, 37.726227 ], [ -122.197746, 37.725171 ], [ -122.196747, 37.724133 ], [ -122.199778, 37.725793 ], [ -122.201078, 37.726296 ], [ -122.201359, 37.726401 ], [ -122.209391, 37.730477 ], [ -122.210493, 37.731295 ], [ -122.213328, 37.736795 ], [ -122.218703, 37.743322 ], [ -122.220994, 37.745113 ], [ -122.2266, 37.745501 ], [ -122.2265, 37.74808 ] ] ] } },
{ "type": "Feature", "properties": { "GEOID": "060014067003", "NAME_x": "3", "ALAND": 360059, "AWATER": 0, "centroid_lon": -122.20732408132412, "centroid_lat": 37.799821430638509, "NAME_y": "Block Group 3; Census Tract 4067; Alameda County; California", "B03002_001E": 2129, "B03002_001M": 667, "B03002_012E": 516, "B03002_012M": 403, "B19013_001E": 116806, "B19013_001M": 53041, "B01003_001E": 2129, "state": "06", "county": "001", "tract": "406700", "block group": "3", "latino_share": 0.24236730859558478, "latino_share_moe90": 0.17339358362784635, "camera_count": 2, "arterial_road_m": 1428.2367281062175, "crime_count_pre_treatment": 547, "land_area_km2": 0.360059, "pop_density_per_km2": 5912.9198270283478, "camera_density_per_km2": 5.5546452109237654, "crime_rate_per_km2": 1519.1954651876497, "arterial_km_per_km2": 3.9666741509203138 }, "geometry": { "type": "Polygon", "coordinates": [ [ [ -122.211014, 37.80286 ], [ -122.208323, 37.801629 ], [ -122.206671, 37.800578 ], [ -122.204918, 37.802279 ], [ -122.201757, 37.80054 ], [ -122.203836, 37.798491 ], [ -122.202104, 37.797091 ], [ -122.203371, 37.796096 ], [ -122.208027, 37.7986 ], [ -122.208794, 37.798478 ], [ -122.214117, 37.799805 ], [ -122.211014, 37.80286 ] ] ] } },
{ "type": "Feature", "properties": { "GEOID": "060014092001", "NAME_x": "1", "ALAND": 439444, "AWATER": 0, "centroid_lon": -122.17614232380085, "centroid_lat": 37.729007114032278, "NAME_y": "Block Group 1; Census Tract 4092; Alameda County; California", "B03002_001E": 2519, "B03002_001M": 515, "B03002_012E": 1582, "B03002_012M": 578, "B19013_001E": 79524, "B19013_001M": 8117, "B01003_001E": 2519, "state": "06", "county": "001", "tract": "409200", "block group": "1", "latino_share": 0.62802699483922186, "latino_share_moe90": 0.19016870928840082, "camera_count": 1, "arterial_road_m": 0.0, "crime_count_pre_treatment": 320, "land_area_km2": 0.439444, "pop_density_per_km2": 5732.2434712955464, "camera_density_per_km2": 2.2756028071836227, "crime_rate_per_km2": 728.19289829875936, "arterial_km_per_km2": 0.0 }, "geometry": { "type": "Polygon", "coordinates": [ [ [ -122.178165, 37.732215 ], [ -122.178587, 37.733099 ], [ -122.177295, 37.73403 ], [ -122.17404, 37.73119 ], [ -122.17043, 37.727836 ], [ -122.170401, 37.727756 ], [ -122.171294, 37.728006 ], [ -122.174341, 37.72665 ], [ -122.17534, 37.725387 ], [ -122.180226, 37.725738 ], [ -122.178165, 37.732215 ] ] ] } },
{ "type": "Feature", "properties": { "GEOID": "060014046004", "NAME_x": "4", "ALAND": 3209350, "AWATER": 0, "centroid_lon": -122.1905828934533, "centroid_lat": 37.815892320361186, "NAME_y": "Block Group 4; Census Tract 4046; Alameda County; California", "B03002_001E": 1970, "B03002_001M": 446, "B03002_012E": 131, "B03002_012M": 125, "B19013_001E": 209318, "B19013_001M": 64561, "B01003_001E": 1970, "state": "06", "county": "001", "tract": "404600", "block group": "4", "latino_share": 0.066497461928934007, "latino_share_moe90": 0.061639940798595076, "camera_count": 5, "arterial_road_m": 13885.186432388053, "crime_count_pre_treatment": 380, "land_area_km2": 3.20935, "pop_density_per_km2": 613.83146119930825, "camera_density_per_km2": 1.557947871064234, "crime_rate_per_km2": 118.4040382008818, "arterial_km_per_km2": 4.3264793283337912 }, "geometry": { "type": "Polygon", "coordinates": [ [ [ -122.209273, 37.823963 ], [ -122.207146, 37.824861 ], [ -122.203167, 37.8238 ], [ -122.201478, 37.828702 ], [ -122.198928, 37.830244 ], [ -122.200846, 37.828584 ], [ -122.201129, 37.825863 ], [ -122.197084, 37.825109 ], [ -122.198877, 37.824333 ], [ -122.201593, 37.822792 ], [ -122.199869, 37.821149 ], [ -122.198356, 37.821976 ], [ -122.196931, 37.81938 ], [ -122.195733, 37.820901 ], [ -122.195932, 37.821877 ], [ -122.193296, 37.821885 ], [ -122.192096, 37.822891 ], [ -122.189675, 37.821861 ], [ -122.191018, 37.821246 ], [ -122.190042, 37.819519 ], [ -122.188684, 37.818725 ], [ -122.188325, 37.81987 ], [ -122.187657, 37.820105 ], [ -122.186368, 37.823547 ], [ -122.186871, 37.822082 ], [ -122.185577, 37.820726 ], [ -122.181224, 37.819341 ], [ -122.177873, 37.816323 ], [ -122.175474, 37.81459 ], [ -122.174159, 37.81027 ], [ -122.175869, 37.807494 ], [ -122.179157, 37.804981 ], [ -122.181329, 37.808877 ], [ -122.183105, 37.809602 ], [ -122.186745, 37.809314 ], [ -122.191459, 37.809752 ], [ -122.194649, 37.810822 ], [ -122.197202, 37.810958 ], [ -122.197791, 37.810589 ], [ -122.199439, 37.812007 ], [ -122.202201, 37.815205 ], [ -122.207288, 37.821554 ], [ -122.207365, 37.821647 ], [ -122.209273, 37.823963 ] ] ] } },
{ "type": "Feature", "properties": { "GEOID": "060014066011", "NAME_x": "1", "ALAND": 136668, "AWATER": 0, "centroid_lon": -122.20790845505067, "centroid_lat": 37.791078833695693, "NAME_y": "Block Group 1; Census Tract 4066.01; Alameda County; California", "B03002_001E": 516, "B03002_001M": 242, "B03002_012E": 97, "B03002_012M": 130, "B19013_001E": 45508, "B19013_001M": 27020, "B01003_001E": 516, "state": "06", "county": "001", "tract": "406601", "block group": "1", "latino_share": 0.18798449612403101, "latino_share_moe90": 0.23600844391952633, "camera_count": 0, "arterial_road_m": 958.00910145680382, "crime_count_pre_treatment": 197, "land_area_km2": 0.136668, "pop_density_per_km2": 3775.5729212397923, "camera_density_per_km2": 0.0, "crime_rate_per_km2": 1441.4493517136416, "arterial_km_per_km2": 7.0097543057394835 }, "geometry": { "type": "Polygon", "coordinates": [ [ [ -122.211104, 37.789688 ], [ -122.206753, 37.792077 ], [ -122.209145, 37.793249 ], [ -122.207648, 37.794724 ], [ -122.207053, 37.793264 ], [ -122.204783, 37.791252 ], [ -122.2068, 37.790069 ], [ -122.209819, 37.788303 ], [ -122.211104, 37.789688 ] ] ] } },
{ "type": "Feature", "properties": { "GEOID": "060014045022", "NAME_x": "2", "ALAND": 680323, "AWATER": 0, "centroid_lon": -122.20663575562318, "centroid_lat": 37.835354786734655, "NAME_y": "Block Group 2; Census Tract 4045.02; Alameda County; California", "B03002_001E": 1625, "B03002_001M": 641, "B03002_012E": 46, "B03002_012M": 62, "B19013_001E": 250001, "B19013_001M": -333333333, "B01003_001E": 1625, "state": "06", "county": "001", "tract": "404502", "block group": "2", "latino_share": 0.028307692307692308, "latino_share_moe90": 0.03648328128257157, "camera_count": 0, "arterial_road_m": 2063.0159132480494, "crime_count_pre_treatment": 161, "land_area_km2": 0.680323, "pop_density_per_km2": 2388.5713109802255, "camera_density_per_km2": 0.0, "crime_rate_per_km2": 236.65229604173311, "arterial_km_per_km2": 3.032406538141514 }, "geometry": { "type": "Polygon", "coordinates": [ [ [ -122.212328, 37.834442 ], [ -122.211029, 37.837762 ], [ -122.2084, 37.836462 ], [ -122.208745, 37.838098 ], [ -122.207001, 37.837675 ], [ -122.205369, 37.839308 ], [ -122.199916, 37.838218 ], [ -122.19906, 37.8385 ], [ -122.198072, 37.84002 ], [ -122.198222, 37.837733 ], [ -122.200391, 37.836153 ], [ -122.201328, 37.833896 ], [ -122.203534, 37.834087 ], [ -122.207668, 37.832819 ], [ -122.207995, 37.832023 ], [ -122.211426, 37.832506 ], [ -122.209933, 37.83111 ], [ -122.211145, 37.829879 ], [ -122.214548, 37.832793 ], [ -122.212328, 37.834442 ] ] ] } },
{ "type": "Feature", "properties": { "GEOID": "060014028013", "NAME_x": "3", "ALAND": 51805, "AWATER": 0, "centroid_lon": -122.27150818731249, "centroid_lat": 37.809998027784225, "NAME_y": "Block Group 3; Census Tract 4028.01; Alameda County; California", "B03002_001E": 920, "B03002_001M": 251, "B03002_012E": 57, "B03002_012M": 55, "B19013_001E": 149286, "B19013_001M": 31336, "B01003_001E": 920, "state": "06", "county": "001", "tract": "402801", "block group": "3", "latino_share": 0.061956521739130438, "latino_share_moe90": 0.057343150236977232, "camera_count": 0, "arterial_road_m": 828.70449282361312, "crime_count_pre_treatment": 339, "land_area_km2": 0.051805, "pop_density_per_km2": 17758.903580735452, "camera_density_per_km2": 0.0, "crime_rate_per_km2": 6543.7699063796936, "arterial_km_per_km2": 15.996612157583499 }, "geometry": { "type": "Polygon", "coordinates": [ [ [ -122.273513, 37.811509 ], [ -122.27331, 37.810915 ], [ -122.272937, 37.810935 ], [ -122.269487, 37.810326 ], [ -122.269812, 37.808978 ], [ -122.273002, 37.809455 ], [ -122.273353, 37.810465 ], [ -122.273662, 37.811471 ], [ -122.273513, 37.811509 ] ] ] } },
{ "type": "Feature", "properties": { "GEOID": "060014070002", "NAME_x": "2", "ALAND": 185086, "AWATER": 0, "centroid_lon": -122.19987898298064, "centroid_lat": 37.786617903827015, "NAME_y": "Block Group 2; Census Tract 4070; Alameda County; California", "B03002_001E": 1694, "B03002_001M": 871, "B03002_012E": 588, "B03002_012M": 536, "B19013_001E": 98750, "B19013_001M": 92122, "B01003_001E": 1694, "state": "06", "county": "001", "tract": "407000", "block group": "2", "latino_share": 0.34710743801652894, "latino_share_moe90": 0.26127339554140905, "camera_count": 2, "arterial_road_m": 1804.5651200244872, "crime_count_pre_treatment": 502, "land_area_km2": 0.185086, "pop_density_per_km2": 9152.502080114109, "camera_density_per_km2": 10.805787579827756, "crime_rate_per_km2": 2712.2526825367668, "arterial_km_per_km2": 9.7498736804754937 }, "geometry": { "type": "Polygon", "coordinates": [ [ [ -122.203847, 37.787269 ], [ -122.20043, 37.787586 ], [ -122.200368, 37.789337 ], [ -122.199525, 37.788756 ], [ -122.195775, 37.786829 ], [ -122.196226, 37.786591 ], [ -122.200124, 37.784571 ], [ -122.200715, 37.784273 ], [ -122.201878, 37.785127 ], [ -122.203847, 37.787269 ] ] ] } },
{ "type": "Feature", "properties": { "GEOID": "060014082003", "NAME_x": "3", "ALAND": 162509, "AWATER": 0, "centroid_lon": -122.17903691158297, "centroid_lat": 37.775022669825489, "NAME_y": "Block Group 3; Census Tract 4082; Alameda County; California", "B03002_001E": 1015, "B03002_001M": 506, "B03002_012E": 435, "B03002_012M": 390, "B19013_001E": -666666666, "B19013_001M": -222222222, "B01003_001E": 1015, "state": "06", "county": "001", "tract": "408200", "block group": "3", "latino_share": 0.42857142857142855, "latino_share_moe90": 0.31935923676351924, "camera_count": 0, "arterial_road_m": 837.44917836678962, "crime_count_pre_treatment": 417, "land_area_km2": 0.162509, "pop_density_per_km2": 6245.8079244841829, "camera_density_per_km2": 0.0, "crime_rate_per_km2": 2566.0117285811866, "arterial_km_per_km2": 5.1532479946759242 }, "geometry": { "type": "Polygon", "coordinates": [ [ [ -122.182559, 37.777412 ], [ -122.17953, 37.775667 ], [ -122.176872, 37.77612 ], [ -122.174687, 37.774705 ], [ -122.177957, 37.772563 ], [ -122.179729, 37.773893 ], [ -122.180165, 37.774257 ], [ -122.184009, 37.776485 ], [ -122.182559, 37.777412 ] ] ] } },
{ "type": "Feature", "properties": { "GEOID": "060014045024", "NAME_x": "4", "ALAND": 1061716, "AWATER": 0, "centroid_lon": -122.20559360308401, "centroid_lat": 37.829503384088582, "NAME_y": "Block Group 4; Census Tract 4045.02; Alameda County; California", "B03002_001E": 1713, "B03002_001M": 403, "B03002_012E": 140, "B03002_012M": 120, "B19013_001E": 206071, "B19013_001M": 79031, "B01003_001E": 1713, "state": "06", "county": "001", "tract": "404502", "block group": "4", "latino_share": 0.081727962638645651, "latino_share_moe90": 0.067362223248405809, "camera_count": 4, "arterial_road_m": 6681.4720821489027, "crime_count_pre_treatment": 572, "land_area_km2": 1.061716, "pop_density_per_km2": 1613.4258125525091, "camera_density_per_km2": 3.7674858436719418, "crime_rate_per_km2": 538.7504756450877, "arterial_km_per_km2": 6.2930878710963221 }, "geometry": { "type": "Polygon", "coordinates": [ [ [ -122.215301, 37.831595 ], [ -122.214548, 37.832793 ], [ -122.211145, 37.829879 ], [ -122.209933, 37.83111 ], [ -122.211426, 37.832506 ], [ -122.207995, 37.832023 ], [ -122.207668, 37.832819 ], [ -122.203534, 37.834087 ], [ -122.201328, 37.833896 ], [ -122.199987, 37.833578 ], [ -122.200766, 37.83325 ], [ -122.198599, 37.832706 ], [ -122.19914, 37.834085 ], [ -122.196435, 37.831981 ], [ -122.192109, 37.833914 ], [ -122.194015, 37.832052 ], [ -122.198928, 37.830244 ], [ -122.201478, 37.828702 ], [ -122.203167, 37.8238 ], [ -122.207146, 37.824861 ], [ -122.209273, 37.823963 ], [ -122.212634, 37.82809 ], [ -122.215781, 37.83126 ], [ -122.215301, 37.831595 ] ] ] } },
{ "type": "Feature", "properties": { "GEOID": "060014038003", "NAME_x": "3", "ALAND": 137664, "AWATER": 0, "centroid_lon": -122.24572885805493, "centroid_lat": 37.811767057175608, "NAME_y": "Block Group 3; Census Tract 4038; Alameda County; California", "B03002_001E": 832, "B03002_001M": 269, "B03002_012E": 70, "B03002_012M": 50, "B19013_001E": 140725, "B19013_001M": 39671, "B01003_001E": 832, "state": "06", "county": "001", "tract": "403800", "block group": "3", "latino_share": 0.084134615384615391, "latino_share_moe90": 0.053587211679786667, "camera_count": 1, "arterial_road_m": 1627.3647899780597, "crime_count_pre_treatment": 1085, "land_area_km2": 0.137664, "pop_density_per_km2": 6043.7006043700603, "camera_density_per_km2": 7.2640632264063223, "crime_rate_per_km2": 7881.50860065086, "arterial_km_per_km2": 11.821280726828071 }, "geometry": { "type": "Polygon", "coordinates": [ [ [ -122.248008, 37.811513 ], [ -122.246643, 37.813776 ], [ -122.246324, 37.814303 ], [ -122.244616, 37.813128 ], [ -122.242276, 37.811565 ], [ -122.243289, 37.811055 ], [ -122.246504, 37.809841 ], [ -122.248598, 37.810505 ], [ -122.248008, 37.811513 ] ] ] } },
{ "type": "Feature", "properties": { "GEOID": "060014026001", "NAME_x": "1", "ALAND": 318842, "AWATER": 0, "centroid_lon": -122.27994507476157, "centroid_lat": 37.804282285168647, "NAME_y": "Block Group 1; Census Tract 4026; Alameda County; California", "B03002_001E": 1255, "B03002_001M": 305, "B03002_012E": 44, "B03002_012M": 47, "B19013_001E": 48362, "B19013_001M": 12163, "B01003_001E": 1255, "state": "06", "county": "001", "tract": "402600", "block group": "1", "latino_share": 0.035059760956175301, "latino_share_moe90": 0.036468047735701545, "camera_count": 12, "arterial_road_m": 10413.95580606805, "crime_count_pre_treatment": 690, "land_area_km2": 0.318842, "pop_density_per_km2": 3936.1188300161207, "camera_density_per_km2": 37.636195984217885, "crime_rate_per_km2": 2164.0812690925286, "arterial_km_per_km2": 32.661806807346736 }, "geometry": { "type": "Polygon", "coordinates": [ [ [ -122.28274, 37.803675 ], [ -122.280965, 37.808301 ], [ -122.278678, 37.807284 ], [ -122.277122, 37.806707 ], [ -122.275979, 37.806222 ], [ -122.278135, 37.802763 ], [ -122.279564, 37.800449 ], [ -122.279687, 37.800256 ], [ -122.283322, 37.8017 ], [ -122.28274, 37.803675 ] ] ] } },
{ "type": "Feature", "properties": { "GEOID": "060014069001", "NAME_x": "1", "ALAND": 214616, "AWATER": 0, "centroid_lon": -122.1885910066007, "centroid_lat": 37.797234548785354, "NAME_y": "Block Group 1; Census Tract 4069; Alameda County; California", "B03002_001E": 780, "B03002_001M": 232, "B03002_012E": 88, "B03002_012M": 92, "B19013_001E": 214318, "B19013_001M": 79776, "B01003_001E": 780, "state": "06", "county": "001", "tract": "406900", "block group": "1", "latino_share": 0.11282051282051282, "latino_share_moe90": 0.11307447328790991, "camera_count": 0, "arterial_road_m": 489.82135564175451, "crime_count_pre_treatment": 127, "land_area_km2": 0.214616, "pop_density_per_km2": 3634.3981809371157, "camera_density_per_km2": 0.0, "crime_rate_per_km2": 591.75457561412009, "arterial_km_per_km2": 2.282315184523775 }, "geometry": { "type": "Polygon", "coordinates": [ [ [ -122.193066, 37.798061 ], [ -122.191753, 37.798872 ], [ -122.187682, 37.798822 ], [ -122.185369, 37.798489 ], [ -122.184387, 37.797244 ], [ -122.18569, 37.79589 ], [ -122.189573, 37.79501 ], [ -122.192472, 37.797505 ], [ -122.193066, 37.798061 ] ] ] } },
{ "type": "Feature", "properties": { "GEOID": "060014062012", "NAME_x": "2", "ALAND": 77137, "AWATER": 0, "centroid_lon": -122.23141084654885, "centroid_lat": 37.785826852722565, "NAME_y": "Block Group 2; Census Tract 4062.01; Alameda County; California", "B03002_001E": 420, "B03002_001M": 220, "B03002_012E": 255, "B03002_012M": 198, "B19013_001E": 53182, "B19013_001M": 49857, "B01003_001E": 420, "state": "06", "county": "001", "tract": "406201", "block group": "2", "latino_share": 0.6071428571428571, "latino_share_moe90": 0.34799941249419153, "camera_count": 0, "arterial_road_m": 240.78447762299973, "crime_count_pre_treatment": 138, "land_area_km2": 0.077137, "pop_density_per_km2": 5444.8578503182653, "camera_density_per_km2": 0.0, "crime_rate_per_km2": 1789.02472224743, "arterial_km_per_km2": 3.1215172695723159 }, "geometry": { "type": "Polygon", "coordinates": [ [ [ -122.234054, 37.785193 ], [ -122.232503, 37.786558 ], [ -122.232013, 37.78758 ], [ -122.228972, 37.785769 ], [ -122.230037, 37.784662 ], [ -122.234113, 37.785138 ], [ -122.234054, 37.785193 ] ] ] } },
{ "type": "Feature", "properties": { "GEOID": "060014049001", "NAME_x": "1", "ALAND": 236314, "AWATER": 0, "centroid_lon": -122.21710376294413, "centroid_lat": 37.807966427278664, "NAME_y": "Block Group 1; Census Tract 4049; Alameda County; California", "B03002_001E": 1027, "B03002_001M": 316, "B03002_012E": 143, "B03002_012M": 120, "B19013_001E": 198838, "B19013_001M": 51114, "B01003_001E": 1027, "state": "06", "county": "001", "tract": "404900", "block group": "1", "latino_share": 0.13924050632911392, "latino_share_moe90": 0.10870719171920439, "camera_count": 2, "arterial_road_m": 1548.4141699432007, "crime_count_pre_treatment": 162, "land_area_km2": 0.236314, "pop_density_per_km2": 4345.9126416547479, "camera_density_per_km2": 8.4633157578476101, "crime_rate_per_km2": 685.52857638565638, "arterial_km_per_km2": 6.5523590220774093 }, "geometry": { "type": "Polygon", "coordinates": [ [ [ -122.22174, 37.807758 ], [ -122.218192, 37.809146 ], [ -122.21762, 37.809588 ], [ -122.217092, 37.810192 ], [ -122.215879, 37.811132 ], [ -122.215582, 37.811513 ], [ -122.215174, 37.812276 ], [ -122.214677, 37.812688 ], [ -122.213383, 37.812182 ], [ -122.215177, 37.809854 ], [ -122.21582, 37.805392 ], [ -122.218248, 37.800859 ], [ -122.217343, 37.804391 ], [ -122.216429, 37.805447 ], [ -122.218413, 37.806014 ], [ -122.22174, 37.807758 ] ] ] } },
{ "type": "Feature", "properties": { "GEOID": "060014081003", "NAME_x": "3", "ALAND": 727426, "AWATER": 0, "centroid_lon": -122.1363749688809, "centroid_lat": 37.774931055455625, "NAME_y": "Block Group 3; Census Tract 4081; Alameda County; California", "B03002_001E": 1318, "B03002_001M": 607, "B03002_012E": 25, "B03002_012M": 29, "B19013_001E": 203795, "B19013_001M": 53912, "B01003_001E": 1318, "state": "06", "county": "001", "tract": "408100", "block group": "3", "latino_share": 0.018968133535660091, "latino_share_moe90": 0.020194579255584055, "camera_count": 0, "arterial_road_m": 2813.8523070048063, "crime_count_pre_treatment": 87, "land_area_km2": 0.727426, "pop_density_per_km2": 1811.8681487876429, "camera_density_per_km2": 0.0, "crime_rate_per_km2": 119.59979434334214, "arterial_km_per_km2": 3.8682316923024556 }, "geometry": { "type": "Polygon", "coordinates": [ [ [ -122.143795, 37.780591 ], [ -122.141806, 37.781663 ], [ -122.134654, 37.776978 ], [ -122.133676, 37.777527 ], [ -122.134337, 37.778283 ], [ -122.133176, 37.777674 ], [ -122.13375, 37.777319 ], [ -122.131808, 37.775339 ], [ -122.128683, 37.769608 ], [ -122.131719, 37.770913 ], [ -122.135071, 37.770397 ], [ -122.136356, 37.769865 ], [ -122.13907, 37.771053 ], [ -122.139968, 37.772819 ], [ -122.138223, 37.77533 ], [ -122.142828, 37.778775 ], [ -122.143795, 37.780591 ] ] ] } },
{ "type": "Feature", "properties": { "GEOID": "060014079002", "NAME_x": "2", "ALAND": 243287, "AWATER": 0, "centroid_lon": -122.1847393876952, "centroid_lat": 37.786686807515345, "NAME_y": "Block Group 2; Census Tract 4079; Alameda County; California", "B03002_001E": 948, "B03002_001M": 308, "B03002_012E": 229, "B03002_012M": 188, "B19013_001E": 70865, "B19013_001M": 37455, "B01003_001E": 948, "state": "06", "county": "001", "tract": "407900", "block group": "2", "latino_share": 0.24156118143459915, "latino_share_moe90": 0.18212175594767471, "camera_count": 3, "arterial_road_m": 1178.2002918192904, "crime_count_pre_treatment": 300, "land_area_km2": 0.243287, "pop_density_per_km2": 3896.6323724654421, "camera_density_per_km2": 12.331115102738741, "crime_rate_per_km2": 1233.111510273874, "arterial_km_per_km2": 4.842841137501348 }, "geometry": { "type": "Polygon", "coordinates": [ [ [ -122.187461, 37.786345 ], [ -122.185777, 37.788546 ], [ -122.185984, 37.789802 ], [ -122.184278, 37.791537 ], [ -122.182936, 37.786217 ], [ -122.18082, 37.784406 ], [ -122.180701, 37.78407 ], [ -122.187784, 37.784355 ], [ -122.187461, 37.786345 ] ] ] } },
{ "type": "Feature", "properties": { "GEOID": "060014063001", "NAME_x": "1", "ALAND": 117161, "AWATER": 0, "centroid_lon": -122.22221273922497, "centroid_lat": 37.787905789421437, "NAME_y": "Block Group 1; Census Tract 4063; Alameda County; California", "B03002_001E": 1149, "B03002_001M": 485, "B03002_012E": 332, "B03002_012M": 230, "B19013_001E": -666666666, "B19013_001M": -222222222, "B01003_001E": 1149, "state": "06", "county": "001", "tract": "406300", "block group": "1", "latino_share": 0.28894691035683201, "latino_share_moe90": 0.15872581231141689, "camera_count": 1, "arterial_road_m": 650.86251124887963, "crime_count_pre_treatment": 404, "land_area_km2": 0.117161, "pop_density_per_km2": 9807.0176936011121, "camera_density_per_km2": 8.5352634409061032, "crime_rate_per_km2": 3448.2464301260657, "arterial_km_per_km2": 5.5552829973188995 }, "geometry": { "type": "Polygon", "coordinates": [ [ [ -122.223485, 37.788183 ], [ -122.221573, 37.790949 ], [ -122.219995, 37.790516 ], [ -122.221193, 37.787599 ], [ -122.222249, 37.784938 ], [ -122.224369, 37.785646 ], [ -122.223485, 37.788183 ] ] ] } },
{ "type": "Feature", "properties": { "GEOID": "060014066022", "NAME_x": "2", "ALAND": 128342, "AWATER": 0, "centroid_lon": -122.21548020982459, "centroid_lat": 37.794155723809943, "NAME_y": "Block Group 2; Census Tract 4066.02; Alameda County; California", "B03002_001E": 1335, "B03002_001M": 334, "B03002_012E": 628, "B03002_012M": 286, "B19013_001E": 71023, "B19013_001M": 47736, "B01003_001E": 1335, "state": "06", "county": "001", "tract": "406602", "block group": "2", "latino_share": 0.47041198501872661, "latino_share_moe90": 0.17900907072968333, "camera_count": 1, "arterial_road_m": 487.42326074722871, "crime_count_pre_treatment": 385, "land_area_km2": 0.128342, "pop_density_per_km2": 10401.894936965295, "camera_density_per_km2": 7.7916816007230674, "crime_rate_per_km2": 2999.7974162783808, "arterial_km_per_km2": 3.797846852528624 }, "geometry": { "type": "Polygon", "coordinates": [ [ [ -122.217936, 37.795826 ], [ -122.21432, 37.795548 ], [ -122.21253, 37.794736 ], [ -122.214825, 37.791757 ], [ -122.216996, 37.792796 ], [ -122.216297, 37.793686 ], [ -122.218469, 37.794476 ], [ -122.217936, 37.795826 ] ] ] } },
{ "type": "Feature", "properties": { "GEOID": "060014017001", "NAME_x": "1", "ALAND": 278171, "AWATER": 0, "centroid_lon": -122.30178975430226, "centroid_lat": 37.811014807408888, "NAME_y": "Block Group 1; Census Tract 4017; Alameda County; California", "B03002_001E": 1366, "B03002_001M": 386, "B03002_012E": 360, "B03002_012M": 231, "B19013_001E": 145764, "B19013_001M": 6068, "B01003_001E": 1366, "state": "06", "county": "001", "tract": "401700", "block group": "1", "latino_share": 0.26354319180087848, "latino_share_moe90": 0.15182613842744722, "camera_count": 1, "arterial_road_m": 2421.9806870944089, "crime_count_pre_treatment": 161, "land_area_km2": 0.278171, "pop_density_per_km2": 4910.6484860032142, "camera_density_per_km2": 3.594911043926218, "crime_rate_per_km2": 578.78067807212108, "arterial_km_per_km2": 8.7068051202117012 }, "geometry": { "type": "Polygon", "coordinates": [ [ [ -122.304866, 37.807896 ], [ -122.303977, 37.811781 ], [ -122.300746, 37.814826 ], [ -122.297863, 37.813297 ], [ -122.300212, 37.810339 ], [ -122.302012, 37.808058 ], [ -122.302446, 37.806982 ], [ -122.304825, 37.807566 ], [ -122.304866, 37.807896 ] ] ] } },
{ "type": "Feature", "properties": { "GEOID": "060014088004", "NAME_x": "4", "ALAND": 439820, "AWATER": 0, "centroid_lon": -122.20023953758434, "centroid_lat": 37.761253783196508, "NAME_y": "Block Group 4; Census Tract 4088; Alameda County; California", "B03002_001E": 2504, "B03002_001M": 880, "B03002_012E": 1370, "B03002_012M": 892, "B19013_001E": 55861, "B19013_001M": 5606, "B01003_001E": 2504, "state": "06", "county": "001", "tract": "408800", "block group": "4", "latino_share": 0.54712460063897761, "latino_share_moe90": 0.29988023623868676, "camera_count": 1, "arterial_road_m": 1474.0758983765063, "crime_count_pre_treatment": 807, "land_area_km2": 0.43982, "pop_density_per_km2": 5693.2381428766312, "camera_density_per_km2": 2.2736574053021692, "crime_rate_per_km2": 1834.8415260788504, "arterial_km_per_km2": 3.3515435823211912 }, "geometry": { "type": "Polygon", "coordinates": [ [ [ -122.205584, 37.760863 ], [ -122.199502, 37.765149 ], [ -122.195455, 37.763258 ], [ -122.19433, 37.762714 ], [ -122.198321, 37.760339 ], [ -122.198462, 37.758627 ], [ -122.200822, 37.756782 ], [ -122.205584, 37.760863 ] ] ] } },
{ "type": "Feature", "properties": { "GEOID": "060014061003", "NAME_x": "3", "ALAND": 293208, "AWATER": 39031, "centroid_lon": -122.23248924301539, "centroid_lat": 37.772479898473961, "NAME_y": "Block Group 3; Census Tract 4061; Alameda County; California", "B03002_001E": 2075, "B03002_001M": 683, "B03002_012E": 986, "B03002_012M": 491, "B19013_001E": 95521, "B19013_001M": 73385, "B01003_001E": 2075, "state": "06", "county": "001", "tract": "406100", "block group": "3", "latino_share": 0.47518072289156627, "latino_share_moe90": 0.17756228328176069, "camera_count": 3, "arterial_road_m": 2650.1918366099958, "crime_count_pre_treatment": 597, "land_area_km2": 0.293208, "pop_density_per_km2": 7076.8873973425007, "camera_density_per_km2": 10.231644429892771, "crime_rate_per_km2": 2036.0972415486615, "arterial_km_per_km2": 9.0386068477326535 }, "geometry": { "type": "Polygon", "coordinates": [ [ [ -122.236566, 37.771731 ], [ -122.235862, 37.772645 ], [ -122.236318, 37.776643 ], [ -122.234554, 37.775428 ], [ -122.233452, 37.774957 ], [ -122.228015, 37.77314 ], [ -122.229243, 37.77014 ], [ -122.230205, 37.768977 ], [ -122.236488, 37.771696 ], [ -122.236566, 37.771731 ] ] ] } },
{ "type": "Feature", "properties": { "GEOID": "060014055002", "NAME_x": "2", "ALAND": 96237, "AWATER": 0, "centroid_lon": -122.2423206064263, "centroid_lat": 37.797342939423338, "NAME_y": "Block Group 2; Census Tract 4055; Alameda County; California", "B03002_001E": 875, "B03002_001M": 416, "B03002_012E": 113, "B03002_012M": 95, "B19013_001E": 67361, "B19013_001M": 60201, "B01003_001E": 875, "state": "06", "county": "001", "tract": "405500", "block group": "2", "latino_share": 0.12914285714285714, "latino_share_moe90": 0.089543372940664931, "camera_count": 0, "arterial_road_m": 0.0, "crime_count_pre_treatment": 219, "land_area_km2": 0.096237, "pop_density_per_km2": 9092.1371198187808, "camera_density_per_km2": 0.0, "crime_rate_per_km2": 2275.6320334175007, "arterial_km_per_km2": 0.0 }, "geometry": { "type": "Polygon", "coordinates": [ [ [ -122.245002, 37.796765 ], [ -122.241291, 37.799393 ], [ -122.240474, 37.798669 ], [ -122.239635, 37.797933 ], [ -122.243346, 37.795289 ], [ -122.245002, 37.796765 ] ] ] } },
{ "type": "Feature", "properties": { "GEOID": "060014048002", "NAME_x": "2", "ALAND": 378243, "AWATER": 0, "centroid_lon": -122.21387350896913, "centroid_lat": 37.806634637165708, "NAME_y": "Block Group 2; Census Tract 4048; Alameda County; California", "B03002_001E": 1408, "B03002_001M": 321, "B03002_012E": 153, "B03002_012M": 115, "B19013_001E": 130987, "B19013_001M": 96460, "B01003_001E": 1408, "state": "06", "county": "001", "tract": "404800", "block group": "2", "latino_share": 0.10866477272727272, "latino_share_moe90": 0.077828364043884643, "camera_count": 2, "arterial_road_m": 1112.0804781725803, "crime_count_pre_treatment": 348, "land_area_km2": 0.378243, "pop_density_per_km2": 3722.4747054142445, "camera_density_per_km2": 5.2876061156452332, "crime_rate_per_km2": 920.04346412227062, "arterial_km_per_km2": 2.9401217687375056 }, "geometry": { "type": "Polygon", "coordinates": [ [ [ -122.218248, 37.800859 ], [ -122.21582, 37.805392 ], [ -122.215177, 37.809854 ], [ -122.213383, 37.812182 ], [ -122.21091, 37.81061 ], [ -122.21206, 37.809955 ], [ -122.209615, 37.807805 ], [ -122.213651, 37.803583 ], [ -122.214848, 37.803708 ], [ -122.216221, 37.800294 ], [ -122.218248, 37.800859 ] ] ] } },
{ "type": "Feature", "properties": { "GEOID": "060014067001", "NAME_x": "1", "ALAND": 785419, "AWATER": 0, "centroid_lon": -122.19852842792481, "centroid_lat": 37.805428487401052, "NAME_y": "Block Group 1; Census Tract 4067; Alameda County; California", "B03002_001E": 1509, "B03002_001M": 489, "B03002_012E": 150, "B03002_012M": 141, "B19013_001E": 179211, "B19013_001M": 62539, "B01003_001E": 1509, "state": "06", "county": "001", "tract": "406700", "block group": "1", "latino_share": 0.099403578528827044, "latino_share_moe90": 0.087711361295552542, "camera_count": 2, "arterial_road_m": 1550.3092059320456, "crime_count_pre_treatment": 301, "land_area_km2": 0.785419, "pop_density_per_km2": 1921.2675018047692, "camera_density_per_km2": 2.5464115332071162, "crime_rate_per_km2": 383.23493574767099, "arterial_km_per_km2": 1.9738626210112635 }, "geometry": { "type": "Polygon", "coordinates": [ [ [ -122.206073, 37.807279 ], [ -122.201658, 37.810169 ], [ -122.197791, 37.810589 ], [ -122.195357, 37.808705 ], [ -122.194059, 37.807423 ], [ -122.195038, 37.808233 ], [ -122.192556, 37.805123 ], [ -122.194499, 37.805509 ], [ -122.192665, 37.803075 ], [ -122.194085, 37.802956 ], [ -122.193382, 37.801326 ], [ -122.194663, 37.80177 ], [ -122.19677, 37.798152 ], [ -122.197644, 37.799397 ], [ -122.198397, 37.800064 ], [ -122.199676, 37.802503 ], [ -122.20081, 37.801465 ], [ -122.202668, 37.802743 ], [ -122.200609, 37.804724 ], [ -122.20376, 37.805825 ], [ -122.206073, 37.807279 ] ] ] } },
{ "type": "Feature", "properties": { "GEOID": "060014069003", "NAME_x": "3", "ALAND": 249712, "AWATER": 0, "centroid_lon": -122.19433709042691, "centroid_lat": 37.79036211005311, "NAME_y": "Block Group 3; Census Tract 4069; Alameda County; California", "B03002_001E": 2458, "B03002_001M": 762, "B03002_012E": 335, "B03002_012M": 170, "B19013_001E": 106328, "B19013_001M": 47188, "B01003_001E": 2458, "state": "06", "county": "001", "tract": "406900", "block group": "3", "latino_share": 0.13628966639544346, "latino_share_moe90": 0.054756115603439001, "camera_count": 1, "arterial_road_m": 1030.0752195466591, "crime_count_pre_treatment": 728, "land_area_km2": 0.249712, "pop_density_per_km2": 9843.3395271352601, "camera_density_per_km2": 4.0046133145383482, "crime_rate_per_km2": 2915.3584929839176, "arterial_km_per_km2": 4.1250529391725639 }, "geometry": { "type": "Polygon", "coordinates": [ [ [ -122.198304, 37.791118 ], [ -122.194306, 37.793458 ], [ -122.190123, 37.789692 ], [ -122.194846, 37.787285 ], [ -122.198304, 37.791118 ] ] ] } },
{ "type": "Feature", "properties": { "GEOID": "060014069002", "NAME_x": "2", "ALAND": 408799, "AWATER": 0, "centroid_lon": -122.18889910891322, "centroid_lat": 37.792850633538428, "NAME_y": "Block Group 2; Census Tract 4069; Alameda County; California", "B03002_001E": 1297, "B03002_001M": 443, "B03002_012E": 210, "B03002_012M": 301, "B19013_001E": 181389, "B19013_001M": 32151, "B01003_001E": 1297, "state": "06", "county": "001", "tract": "406900", "block group": "2", "latino_share": 0.16191210485736315, "latino_share_moe90": 0.22538856830929016, "camera_count": 0, "arterial_road_m": 935.67154616465803, "crime_count_pre_treatment": 195, "land_area_km2": 0.408799, "pop_density_per_km2": 3172.7083481123973, "camera_density_per_km2": 0.0, "crime_rate_per_km2": 477.00703768844835, "arterial_km_per_km2": 2.288830320437814 }, "geometry": { "type": "Polygon", "coordinates": [ [ [ -122.191623, 37.795028 ], [ -122.191543, 37.795091 ], [ -122.191046, 37.795698 ], [ -122.192472, 37.797505 ], [ -122.189573, 37.79501 ], [ -122.18569, 37.79589 ], [ -122.185836, 37.793375 ], [ -122.183759, 37.792074 ], [ -122.184278, 37.791537 ], [ -122.185984, 37.789802 ], [ -122.188276, 37.790636 ], [ -122.190123, 37.789692 ], [ -122.194306, 37.793458 ], [ -122.191623, 37.795028 ] ] ] } },
{ "type": "Feature", "properties": { "GEOID": "060014060002", "NAME_x": "2", "ALAND": 230538, "AWATER": 0, "centroid_lon": -122.25512167847967, "centroid_lat": 37.792865266679492, "NAME_y": "Block Group 2; Census Tract 4060; Alameda County; California", "B03002_001E": 1041, "B03002_001M": 471, "B03002_012E": 201, "B03002_012M": 225, "B19013_001E": 140938, "B19013_001M": 124268, "B01003_001E": 1041, "state": "06", "county": "001", "tract": "406000", "block group": "2", "latino_share": 0.1930835734870317, "latino_share_moe90": 0.1976965003078433, "camera_count": 0, "arterial_road_m": 1017.090862496984, "crime_count_pre_treatment": 546, "land_area_km2": 0.230538, "pop_density_per_km2": 4515.5245556047157, "camera_density_per_km2": 0.0, "crime_rate_per_km2": 2368.3731098560756, "arterial_km_per_km2": 4.4118143754911721 }, "geometry": { "type": "Polygon", "coordinates": [ [ [ -122.260806, 37.79528 ], [ -122.259577, 37.79632 ], [ -122.257484, 37.794503 ], [ -122.25415, 37.791562 ], [ -122.251356, 37.793563 ], [ -122.250515, 37.792834 ], [ -122.248014, 37.790626 ], [ -122.24897, 37.789945 ], [ -122.250636, 37.791427 ], [ -122.252225, 37.790279 ], [ -122.257033, 37.792537 ], [ -122.261327, 37.793807 ], [ -122.260806, 37.79528 ] ] ] } },
{ "type": "Feature", "properties": { "GEOID": "060014077002", "NAME_x": "2", "ALAND": 202977, "AWATER": 0, "centroid_lon": -122.19576039634913, "centroid_lat": 37.775479242774516, "NAME_y": "Block Group 2; Census Tract 4077; Alameda County; California", "B03002_001E": 1187, "B03002_001M": 391, "B03002_012E": 300, "B03002_012M": 272, "B19013_001E": 76842, "B19013_001M": 37646, "B01003_001E": 1187, "state": "06", "county": "001", "tract": "407700", "block group": "2", "latino_share": 0.25273799494524007, "latino_share_moe90": 0.21349089205641281, "camera_count": 1, "arterial_road_m": 0.0, "crime_count_pre_treatment": 222, "land_area_km2": 0.202977, "pop_density_per_km2": 5847.9532163742697, "camera_density_per_km2": 4.9266665681333359, "crime_rate_per_km2": 1093.7199781256004, "arterial_km_per_km2": 0.0 }, "geometry": { "type": "Polygon", "coordinates": [ [ [ -122.196568, 37.777805 ], [ -122.195596, 37.77824 ], [ -122.192105, 37.775247 ], [ -122.19592, 37.772639 ], [ -122.199324, 37.775641 ], [ -122.196568, 37.777805 ] ] ] } },
{ "type": "Feature", "properties": { "GEOID": "060014091002", "NAME_x": "2", "ALAND": 192170, "AWATER": 0, "centroid_lon": -122.18447963658872, "centroid_lat": 37.732400766056514, "NAME_y": "Block Group 2; Census Tract 4091; Alameda County; California", "B03002_001E": 968, "B03002_001M": 293, "B03002_012E": 670, "B03002_012M": 258, "B19013_001E": 71071, "B19013_001M": 25541, "B01003_001E": 968, "state": "06", "county": "001", "tract": "409100", "block group": "2", "latino_share": 0.69214876033057848, "latino_share_moe90": 0.16476002439160942, "camera_count": 1, "arterial_road_m": 645.35196628304641, "crime_count_pre_treatment": 240, "land_area_km2": 0.19217, "pop_density_per_km2": 5037.2066399542073, "camera_density_per_km2": 5.2037258677212881, "crime_rate_per_km2": 1248.8942082531091, "arterial_km_per_km2": 3.3582347207318848 }, "geometry": { "type": "Polygon", "coordinates": [ [ [ -122.186815, 37.732855 ], [ -122.184816, 37.734289 ], [ -122.184187, 37.734824 ], [ -122.183825, 37.735389 ], [ -122.183593, 37.735921 ], [ -122.181883, 37.735317 ], [ -122.182762, 37.731812 ], [ -122.184245, 37.730745 ], [ -122.183428, 37.729823 ], [ -122.185182, 37.728832 ], [ -122.186944, 37.730915 ], [ -122.186815, 37.732855 ] ] ] } },
{ "type": "Feature", "properties": { "GEOID": "060014075003", "NAME_x": "3", "ALAND": 148683, "AWATER": 0, "centroid_lon": -122.19786820940759, "centroid_lat": 37.771306218071402, "NAME_y": "Block Group 3; Census Tract 4075; Alameda County; California", "B03002_001E": 825, "B03002_001M": 422, "B03002_012E": 447, "B03002_012M": 402, "B19013_001E": 41232, "B19013_001M": 10431, "B01003_001E": 825, "state": "06", "county": "001", "tract": "407500", "block group": "3", "latino_share": 0.54181818181818187, "latino_share_moe90": 0.40077871798388282, "camera_count": 3, "arterial_road_m": 994.6812820251605, "crime_count_pre_treatment": 413, "land_area_km2": 0.148683, "pop_density_per_km2": 5548.7177417727644, "camera_density_per_km2": 20.177155424628236, "crime_rate_per_km2": 2777.7217301238202, "arterial_km_per_km2": 6.6899462751300449 }, "geometry": { "type": "Polygon", "coordinates": [ [ [ -122.200805, 37.772661 ], [ -122.19592, 37.772639 ], [ -122.194398, 37.771202 ], [ -122.196541, 37.7697 ], [ -122.197234, 37.769207 ], [ -122.198781, 37.77059 ], [ -122.200809, 37.770067 ], [ -122.200805, 37.772661 ] ] ] } },
{ "type": "Feature", "properties": { "GEOID": "060014003002", "NAME_x": "2", "ALAND": 269288, "AWATER": 0, "centroid_lon": -122.25460142981821, "centroid_lat": 37.837702507476862, "NAME_y": "Block Group 2; Census Tract 4003; Alameda County; California", "B03002_001E": 1659, "B03002_001M": 430, "B03002_012E": 368, "B03002_012M": 291, "B19013_001E": 129135, "B19013_001M": 51252, "B01003_001E": 1659, "state": "06", "county": "001", "tract": "400300", "block group": "2", "latino_share": 0.2218203737191079, "latino_share_moe90": 0.16571661259701009, "camera_count": 1, "arterial_road_m": 1199.4668276364664, "crime_count_pre_treatment": 994, "land_area_km2": 0.269288, "pop_density_per_km2": 6160.6904132378713, "camera_density_per_km2": 3.7134963310656244, "crime_rate_per_km2": 3691.2153530792307, "arterial_km_per_km2": 4.454215663662942 }, "geometry": { "type": "Polygon", "coordinates": [ [ [ -122.260486, 37.839515 ], [ -122.258074, 37.838292 ], [ -122.254342, 37.836556 ], [ -122.253969, 37.836945 ], [ -122.251412, 37.840126 ], [ -122.24813, 37.841392 ], [ -122.25081, 37.837135 ], [ -122.25241, 37.834543 ], [ -122.252852, 37.834865 ], [ -122.256509, 37.836335 ], [ -122.25764, 37.836637 ], [ -122.259516, 37.836935 ], [ -122.262361, 37.837314 ], [ -122.260486, 37.839515 ] ] ] } },
{ "type": "Feature", "properties": { "GEOID": "060014003003", "NAME_x": "3", "ALAND": 297444, "AWATER": 0, "centroid_lon": -122.25981522202535, "centroid_lat": 37.840378745803385, "NAME_y": "Block Group 3; Census Tract 4003; Alameda County; California", "B03002_001E": 1209, "B03002_001M": 367, "B03002_012E": 33, "B03002_012M": 51, "B19013_001E": 78281, "B19013_001M": 76809, "B01003_001E": 1209, "state": "06", "county": "001", "tract": "400300", "block group": "3", "latino_share": 0.02729528535980149, "latino_share_moe90": 0.041361888016601914, "camera_count": 3, "arterial_road_m": 5017.8413430200262, "crime_count_pre_treatment": 525, "land_area_km2": 0.297444, "pop_density_per_km2": 4064.6306531649657, "camera_density_per_km2": 10.08593214184855, "crime_rate_per_km2": 1765.0381248234962, "arterial_km_per_km2": 16.869869094754058 }, "geometry": { "type": "Polygon", "coordinates": [ [ [ -122.26534, 37.838461 ], [ -122.264589, 37.839565 ], [ -122.264383, 37.839774 ], [ -122.263437, 37.840561 ], [ -122.26186, 37.841353 ], [ -122.257923, 37.842606 ], [ -122.254366, 37.843773 ], [ -122.253913, 37.843396 ], [ -122.258074, 37.838292 ], [ -122.260486, 37.839515 ], [ -122.262361, 37.837314 ], [ -122.264169, 37.83787 ], [ -122.265631, 37.837636 ], [ -122.26534, 37.838461 ] ] ] } },
{ "type": "Feature", "properties": { "GEOID": "060014046001", "NAME_x": "1", "ALAND": 682604, "AWATER": 0, "centroid_lon": -122.19372238671359, "centroid_lat": 37.829938302488095, "NAME_y": "Block Group 1; Census Tract 4046; Alameda County; California", "B03002_001E": 1041, "B03002_001M": 199, "B03002_012E": 34, "B03002_012M": 40, "B19013_001E": 208523, "B19013_001M": 59374, "B01003_001E": 1041, "state": "06", "county": "001", "tract": "404600", "block group": "1", "latino_share": 0.032660902977905859, "latino_share_moe90": 0.037913948935690438, "camera_count": 0, "arterial_road_m": 1199.3001548065124, "crime_count_pre_treatment": 106, "land_area_km2": 0.682604, "pop_density_per_km2": 1525.0423378708592, "camera_density_per_km2": 0.0, "crime_rate_per_km2": 155.28769242489057, "arterial_km_per_km2": 1.7569486185350691 }, "geometry": { "type": "Polygon", "coordinates": [ [ [ -122.200846, 37.828584 ], [ -122.198928, 37.830244 ], [ -122.194015, 37.832052 ], [ -122.192109, 37.833914 ], [ -122.186974, 37.835419 ], [ -122.187665, 37.83621 ], [ -122.184526, 37.835916 ], [ -122.183818, 37.834353 ], [ -122.185647, 37.831726 ], [ -122.186418, 37.833567 ], [ -122.189337, 37.833401 ], [ -122.187986, 37.831877 ], [ -122.190956, 37.831101 ], [ -122.190746, 37.829593 ], [ -122.193443, 37.830141 ], [ -122.196688, 37.828849 ], [ -122.194211, 37.827439 ], [ -122.19395, 37.825912 ], [ -122.194978, 37.823709 ], [ -122.196967, 37.824038 ], [ -122.19981, 37.823165 ], [ -122.198877, 37.824333 ], [ -122.197084, 37.825109 ], [ -122.201129, 37.825863 ], [ -122.200846, 37.828584 ] ] ] } },
{ "type": "Feature", "properties": { "GEOID": "060014008003", "NAME_x": "3", "ALAND": 248203, "AWATER": 0, "centroid_lon": -122.28232369666448, "centroid_lat": 37.842733348987771, "NAME_y": "Block Group 3; Census Tract 4008; Alameda County; California", "B03002_001E": 1545, "B03002_001M": 463, "B03002_012E": 194, "B03002_012M": 138, "B19013_001E": 148333, "B19013_001M": 69547, "B01003_001E": 1545, "state": "06", "county": "001", "tract": "400800", "block group": "3", "latino_share": 0.1255663430420712, "latino_share_moe90": 0.081007222353268918, "camera_count": 0, "arterial_road_m": 1828.1467656600169, "crime_count_pre_treatment": 291, "land_area_km2": 0.248203, "pop_density_per_km2": 6224.7434559614503, "camera_density_per_km2": 0.0, "crime_rate_per_km2": 1172.4274082102149, "arterial_km_per_km2": 7.3655304958441947 }, "geometry": { "type": "Polygon", "coordinates": [ [ [ -122.286714, 37.843345 ], [ -122.284259, 37.844019 ], [ -122.277186, 37.844823 ], [ -122.27701, 37.84359 ], [ -122.277026, 37.843394 ], [ -122.283135, 37.84082 ], [ -122.285576, 37.839778 ], [ -122.286714, 37.843345 ] ] ] } },
{ "type": "Feature", "properties": { "GEOID": "060014072004", "NAME_x": "4", "ALAND": 219709, "AWATER": 0, "centroid_lon": -122.22253666684755, "centroid_lat": 37.778432644759278, "NAME_y": "Block Group 4; Census Tract 4072; Alameda County; California", "B03002_001E": 2174, "B03002_001M": 662, "B03002_012E": 1708, "B03002_012M": 684, "B19013_001E": 61290, "B19013_001M": 10020, "B01003_001E": 2174, "state": "06", "county": "001", "tract": "407200", "block group": "4", "latino_share": 0.7856485740570377, "latino_share_moe90": 0.20434402913058886, "camera_count": 0, "arterial_road_m": 878.77166955787834, "crime_count_pre_treatment": 540, "land_area_km2": 0.219709, "pop_density_per_km2": 9894.9064444333198, "camera_density_per_km2": 0.0, "crime_rate_per_km2": 2457.7964489392789, "arterial_km_per_km2": 3.9997072016070274 }, "geometry": { "type": "Polygon", "coordinates": [ [ [ -122.224719, 37.779772 ], [ -122.2239, 37.781409 ], [ -122.220069, 37.780735 ], [ -122.221517, 37.778367 ], [ -122.219928, 37.777706 ], [ -122.219212, 37.777379 ], [ -122.220855, 37.77526 ], [ -122.225803, 37.777643 ], [ -122.224719, 37.779772 ] ] ] } },
{ "type": "Feature", "properties": { "GEOID": "060014005001", "NAME_x": "1", "ALAND": 362724, "AWATER": 0, "centroid_lon": -122.26320115286966, "centroid_lat": 37.848896970510118, "NAME_y": "Block Group 1; Census Tract 4005; Alameda County; California", "B03002_001E": 2171, "B03002_001M": 705, "B03002_012E": 165, "B03002_012M": 84, "B19013_001E": 91528, "B19013_001M": 57800, "B01003_001E": 2171, "state": "06", "county": "001", "tract": "400500", "block group": "1", "latino_share": 0.076001842468908343, "latino_share_moe90": 0.029798212415521198, "camera_count": 3, "arterial_road_m": 1299.4923658335181, "crime_count_pre_treatment": 377, "land_area_km2": 0.362724, "pop_density_per_km2": 5985.2670349907921, "camera_density_per_km2": 8.2707513150494592, "crime_rate_per_km2": 1039.3577485912153, "arterial_km_per_km2": 3.5825927312047674 }, "geometry": { "type": "Polygon", "coordinates": [ [ [ -122.266128, 37.852009 ], [ -122.26225, 37.852696 ], [ -122.261829, 37.85258 ], [ -122.260223, 37.852793 ], [ -122.261019, 37.847233 ], [ -122.261296, 37.845027 ], [ -122.265041, 37.844541 ], [ -122.26514, 37.84453 ], [ -122.265302, 37.845872 ], [ -122.265698, 37.848763 ], [ -122.266128, 37.852009 ] ] ] } },
{ "type": "Feature", "properties": { "GEOID": "060014097003", "NAME_x": "3", "ALAND": 173482, "AWATER": 0, "centroid_lon": -122.16570268794834, "centroid_lat": 37.755177353156512, "NAME_y": "Block Group 3; Census Tract 4097; Alameda County; California", "B03002_001E": 1624, "B03002_001M": 934, "B03002_012E": 632, "B03002_012M": 402, "B19013_001E": 45962, "B19013_001M": 33348, "B01003_001E": 1624, "state": "06", "county": "001", "tract": "409700", "block group": "3", "latino_share": 0.3891625615763547, "latino_share_moe90": 0.10573910787016316, "camera_count": 2, "arterial_road_m": 682.24790716708253, "crime_count_pre_treatment": 277, "land_area_km2": 0.173482, "pop_density_per_km2": 9361.2017385088948, "camera_density_per_km2": 11.528573569592234, "crime_rate_per_km2": 1596.7074393885246, "arterial_km_per_km2": 3.9326725952380217 }, "geometry": { "type": "Polygon", "coordinates": [ [ [ -122.169531, 37.755422 ], [ -122.165921, 37.757115 ], [ -122.165368, 37.75569 ], [ -122.161979, 37.757225 ], [ -122.161409, 37.755639 ], [ -122.167571, 37.752785 ], [ -122.169531, 37.755422 ] ] ] } },
{ "type": "Feature", "properties": { "GEOID": "060014050001", "NAME_x": "1", "ALAND": 160445, "AWATER": 0, "centroid_lon": -122.21918892370613, "centroid_lat": 37.810430261556121, "NAME_y": "Block Group 1; Census Tract 4050; Alameda County; California", "B03002_001E": 1040, "B03002_001M": 291, "B03002_012E": 19, "B03002_012M": 32, "B19013_001E": 201164, "B19013_001M": 69479, "B01003_001E": 1040, "state": "06", "county": "001", "tract": "405000", "block group": "1", "latino_share": 0.01826923076923077, "latino_share_moe90": 0.03034162708102954, "camera_count": 0, "arterial_road_m": 116.52724121366865, "crime_count_pre_treatment": 81, "land_area_km2": 0.160445, "pop_density_per_km2": 6481.9720153323569, "camera_density_per_km2": 0.0, "crime_rate_per_km2": 504.84589734800085, "arterial_km_per_km2": 0.72627530439508015 }, "geometry": { "type": "Polygon", "coordinates": [ [ [ -122.22239, 37.809081 ], [ -122.221229, 37.809659 ], [ -122.219482, 37.809501 ], [ -122.220724, 37.810764 ], [ -122.220058, 37.811597 ], [ -122.22063, 37.812344 ], [ -122.219757, 37.813005 ], [ -122.215582, 37.811513 ], [ -122.215879, 37.811132 ], [ -122.217092, 37.810192 ], [ -122.21762, 37.809588 ], [ -122.218192, 37.809146 ], [ -122.22174, 37.807758 ], [ -122.222834, 37.808371 ], [ -122.22239, 37.809081 ] ] ] } },
{ "type": "Feature", "properties": { "GEOID": "060014043001", "NAME_x": "1", "ALAND": 981131, "AWATER": 37495, "centroid_lon": -122.23503048628731, "centroid_lat": 37.847780599023686, "NAME_y": "Block Group 1; Census Tract 4043; Alameda County; California", "B03002_001E": 1111, "B03002_001M": 225, "B03002_012E": 50, "B03002_012M": 72, "B19013_001E": 202813, "B19013_001M": 61332, "B01003_001E": 1111, "state": "06", "county": "001", "tract": "404300", "block group": "1", "latino_share": 0.045004500450045004, "latino_share_moe90": 0.064162364781623113, "camera_count": 4, "arterial_road_m": 10326.842542689144, "crime_count_pre_treatment": 133, "land_area_km2": 0.981131, "pop_density_per_km2": 1132.3666258634169, "camera_density_per_km2": 4.0769275458628869, "crime_rate_per_km2": 135.557840899941, "arterial_km_per_km2": 10.525447206019527 }, "geometry": { "type": "Polygon", "coordinates": [ [ [ -122.244188, 37.847913 ], [ -122.243716, 37.848513 ], [ -122.243323, 37.849072 ], [ -122.244044, 37.850257 ], [ -122.242427, 37.850833 ], [ -122.241914, 37.851909 ], [ -122.234191, 37.852544 ], [ -122.233092, 37.851656 ], [ -122.230346, 37.848892 ], [ -122.228003, 37.848244 ], [ -122.227559, 37.845474 ], [ -122.224827, 37.841683 ], [ -122.227242, 37.842927 ], [ -122.231442, 37.842733 ], [ -122.23188, 37.842973 ], [ -122.232611, 37.843018 ], [ -122.233277, 37.843085 ], [ -122.233773, 37.843422 ], [ -122.233522, 37.845133 ], [ -122.235704, 37.84498 ], [ -122.241753, 37.847482 ], [ -122.245396, 37.845798 ], [ -122.244188, 37.847913 ] ] ] } },
{ "type": "Feature", "properties": { "GEOID": "060014004003", "NAME_x": "3", "ALAND": 201095, "AWATER": 0, "centroid_lon": -122.25876736345747, "centroid_lat": 37.850102744471421, "NAME_y": "Block Group 3; Census Tract 4004; Alameda County; California", "B03002_001E": 1540, "B03002_001M": 559, "B03002_012E": 51, "B03002_012M": 38, "B19013_001E": 207589, "B19013_001M": 88401, "B01003_001E": 1540, "state": "06", "county": "001", "tract": "400400", "block group": "3", "latino_share": 0.033116883116883114, "latino_share_moe90": 0.021549181964231036, "camera_count": 0, "arterial_road_m": 957.68646709483244, "crime_count_pre_treatment": 328, "land_area_km2": 0.201095, "pop_density_per_km2": 7658.072055496159, "camera_density_per_km2": 0.0, "crime_rate_per_km2": 1631.0698923394416, "arterial_km_per_km2": 4.7623584231076475 }, "geometry": { "type": "Polygon", "coordinates": [ [ [ -122.260223, 37.852793 ], [ -122.258367, 37.853196 ], [ -122.257251, 37.853176 ], [ -122.256578, 37.847773 ], [ -122.257213, 37.847712 ], [ -122.261019, 37.847233 ], [ -122.260223, 37.852793 ] ] ] } },
{ "type": "Feature", "properties": { "GEOID": "060014001001", "NAME_x": "1", "ALAND": 5739048, "AWATER": 0, "centroid_lon": -122.23366843125146, "centroid_lat": 37.869867203876566, "NAME_y": "Block Group 1; Census Tract 4001; Alameda County; California", "B03002_001E": 1927, "B03002_001M": 457, "B03002_012E": 82, "B03002_012M": 52, "B19013_001E": 250001, "B19013_001M": -333333333, "B01003_001E": 1927, "state": "06", "county": "001", "tract": "400100", "block group": "1", "latino_share": 0.042553191489361701, "latino_share_moe90": 0.025026867176605846, "camera_count": 0, "arterial_road_m": 8557.6180628265356, "crime_count_pre_treatment": 145, "land_area_km2": 5.739048, "pop_density_per_km2": 335.76997439296548, "camera_density_per_km2": 0.0, "crime_rate_per_km2": 25.265514419813179, "arterial_km_per_km2": 1.4911215349351554 }, "geometry": { "type": "Polygon", "coordinates": [ [ [ -122.24691, 37.885355 ], [ -122.241971, 37.881927 ], [ -122.238679, 37.883325 ], [ -122.22884, 37.881023 ], [ -122.225876, 37.87962 ], [ -122.22362, 37.878566 ], [ -122.221414, 37.87564 ], [ -122.219804, 37.873495 ], [ -122.21764, 37.87225 ], [ -122.216372, 37.869075 ], [ -122.217784, 37.868356 ], [ -122.21942, 37.868049 ], [ -122.221491, 37.866257 ], [ -122.222732, 37.86643 ], [ -122.221996, 37.864169 ], [ -122.223233, 37.863917 ], [ -122.223914, 37.862089 ], [ -122.222879, 37.860626 ], [ -122.229165, 37.856709 ], [ -122.230266, 37.855752 ], [ -122.234305, 37.853607 ], [ -122.234761, 37.85779 ], [ -122.241614, 37.857066 ], [ -122.242347, 37.85761 ], [ -122.244505, 37.859129 ], [ -122.244065, 37.860776 ], [ -122.244235, 37.861066 ], [ -122.244274, 37.861427 ], [ -122.244166, 37.861497 ], [ -122.245525, 37.864036 ], [ -122.244733, 37.865788 ], [ -122.245338, 37.865986 ], [ -122.244603, 37.8674 ], [ -122.245156, 37.869737 ], [ -122.246439, 37.881203 ], [ -122.246827, 37.884073 ], [ -122.24691, 37.885355 ] ] ] } },
{ "type": "Feature", "properties": { "GEOID": "060014046002", "NAME_x": "2", "ALAND": 371879, "AWATER": 0, "centroid_lon": -122.19000634324901, "centroid_lat": 37.829463011183655, "NAME_y": "Block Group 2; Census Tract 4046; Alameda County; California", "B03002_001E": 648, "B03002_001M": 219, "B03002_012E": 70, "B03002_012M": 89, "B19013_001E": 250001, "B19013_001M": -333333333, "B01003_001E": 648, "state": "06", "county": "001", "tract": "404600", "block group": "2", "latino_share": 0.10802469135802469, "latino_share_moe90": 0.13240459322061834, "camera_count": 0, "arterial_road_m": 764.1189656908507, "crime_count_pre_treatment": 142, "land_area_km2": 0.371879, "pop_density_per_km2": 1742.5022655218497, "camera_density_per_km2": 0.0, "crime_rate_per_km2": 381.84463225941772, "arterial_km_per_km2": 2.0547515877230245 }, "geometry": { "type": "Polygon", "coordinates": [ [ [ -122.196688, 37.828849 ], [ -122.193443, 37.830141 ], [ -122.190746, 37.829593 ], [ -122.190956, 37.831101 ], [ -122.187986, 37.831877 ], [ -122.189337, 37.833401 ], [ -122.186418, 37.833567 ], [ -122.185647, 37.831726 ], [ -122.185843, 37.831192 ], [ -122.187024, 37.827537 ], [ -122.186183, 37.826153 ], [ -122.187584, 37.827162 ], [ -122.192976, 37.826951 ], [ -122.19395, 37.825912 ], [ -122.194211, 37.827439 ], [ -122.196688, 37.828849 ] ] ] } },
{ "type": "Feature", "properties": { "GEOID": "060014008001", "NAME_x": "1", "ALAND": 257762, "AWATER": 0, "centroid_lon": -122.28491408332091, "centroid_lat": 37.848042278933214, "NAME_y": "Block Group 1; Census Tract 4008; Alameda County; California", "B03002_001E": 1558, "B03002_001M": 487, "B03002_012E": 223, "B03002_012M": 201, "B19013_001E": 83182, "B19013_001M": 25881, "B01003_001E": 1558, "state": "06", "county": "001", "tract": "400800", "block group": "1", "latino_share": 0.14313222079589216, "latino_share_moe90": 0.12100531474638633, "camera_count": 0, "arterial_road_m": 1533.9605486571597, "crime_count_pre_treatment": 260, "land_area_km2": 0.257762, "pop_density_per_km2": 6044.335472257354, "camera_density_per_km2": 0.0, "crime_rate_per_km2": 1008.6824279761952, "arterial_km_per_km2": 5.9510732716892321 }, "geometry": { "type": "Polygon", "coordinates": [ [ [ -122.288739, 37.849991 ], [ -122.286247, 37.850505 ], [ -122.286006, 37.850173 ], [ -122.283459, 37.850307 ], [ -122.281863, 37.847776 ], [ -122.281899, 37.846975 ], [ -122.278944, 37.847367 ], [ -122.277841, 37.847515 ], [ -122.277766, 37.847525 ], [ -122.277548, 37.847038 ], [ -122.284814, 37.846035 ], [ -122.287499, 37.845772 ], [ -122.287866, 37.846907 ], [ -122.288537, 37.848366 ], [ -122.288739, 37.849991 ] ] ] } },
{ "type": "Feature", "properties": { "GEOID": "060014101001", "NAME_x": "1", "ALAND": 328700, "AWATER": 0, "centroid_lon": -122.1560841298658, "centroid_lat": 37.750565334990114, "NAME_y": "Block Group 1; Census Tract 4101; Alameda County; California", "B03002_001E": 1218, "B03002_001M": 312, "B03002_012E": 137, "B03002_012M": 136, "B19013_001E": 83309, "B19013_001M": 25420, "B01003_001E": 1218, "state": "06", "county": "001", "tract": "410100", "block group": "1", "latino_share": 0.11247947454844007, "latino_share_moe90": 0.10787702312272995, "camera_count": 1, "arterial_road_m": 2201.7343686703152, "crime_count_pre_treatment": 626, "land_area_km2": 0.3287, "pop_density_per_km2": 3705.506540918771, "camera_density_per_km2": 3.0422878004259202, "crime_rate_per_km2": 1904.4721630666261, "arterial_km_per_km2": 6.6983096095841654 }, "geometry": { "type": "Polygon", "coordinates": [ [ [ -122.1604, 37.752903 ], [ -122.157388, 37.753833 ], [ -122.154381, 37.751643 ], [ -122.153547, 37.75241 ], [ -122.153263, 37.752185 ], [ -122.152534, 37.751448 ], [ -122.151409, 37.748923 ], [ -122.157234, 37.747374 ], [ -122.159831, 37.751335 ], [ -122.1604, 37.752903 ] ] ] } },
{ "type": "Feature", "properties": { "GEOID": "060014043002", "NAME_x": "2", "ALAND": 343631, "AWATER": 0, "centroid_lon": -122.2411512985844, "centroid_lat": 37.844675118062092, "NAME_y": "Block Group 2; Census Tract 4043; Alameda County; California", "B03002_001E": 968, "B03002_001M": 227, "B03002_012E": 8, "B03002_012M": 13, "B19013_001E": 145694, "B19013_001M": 65128, "B01003_001E": 968, "state": "06", "county": "001", "tract": "404300", "block group": "2", "latino_share": 0.0082644628099173556, "latino_share_moe90": 0.013289176051232341, "camera_count": 0, "arterial_road_m": 708.70776030014622, "crime_count_pre_treatment": 158, "land_area_km2": 0.343631, "pop_density_per_km2": 2816.975185591521, "camera_density_per_km2": 0.0, "crime_rate_per_km2": 459.79553649117798, "arterial_km_per_km2": 2.0624092712827022 }, "geometry": { "type": "Polygon", "coordinates": [ [ [ -122.245396, 37.845798 ], [ -122.241753, 37.847482 ], [ -122.235704, 37.84498 ], [ -122.233522, 37.845133 ], [ -122.233773, 37.843422 ], [ -122.234226, 37.843545 ], [ -122.234528, 37.843993 ], [ -122.236674, 37.84283 ], [ -122.239646, 37.844107 ], [ -122.242601, 37.843545 ], [ -122.24813, 37.841392 ], [ -122.245396, 37.845798 ] ] ] } },
{ "type": "Feature", "properties": { "GEOID": "060014002002", "NAME_x": "2", "ALAND": 298490, "AWATER": 0, "centroid_lon": -122.25031542642877, "centroid_lat": 37.846613744299241, "NAME_y": "Block Group 2; Census Tract 4002; Alameda County; California", "B03002_001E": 1189, "B03002_001M": 200, "B03002_012E": 156, "B03002_012M": 89, "B19013_001E": 225789, "B19013_001M": 84488, "B01003_001E": 1189, "state": "06", "county": "001", "tract": "400200", "block group": "2", "latino_share": 0.1312026913372582, "latino_share_moe90": 0.071525415525049527, "camera_count": 3, "arterial_road_m": 4099.7698863031246, "crime_count_pre_treatment": 738, "land_area_km2": 0.29849, "pop_density_per_km2": 3983.3830279071331, "camera_density_per_km2": 10.050587959395626, "crime_rate_per_km2": 2472.4446380113241, "arterial_km_per_km2": 13.735032618523652 }, "geometry": { "type": "Polygon", "coordinates": [ [ [ -122.257418, 37.843096 ], [ -122.256205, 37.844686 ], [ -122.255084, 37.846069 ], [ -122.244044, 37.850257 ], [ -122.243323, 37.849072 ], [ -122.243716, 37.848513 ], [ -122.247313, 37.846563 ], [ -122.251857, 37.844746 ], [ -122.254366, 37.843773 ], [ -122.257923, 37.842606 ], [ -122.257418, 37.843096 ] ] ] } },
{ "type": "Feature", "properties": { "GEOID": "060014056001", "NAME_x": "1", "ALAND": 119879, "AWATER": 0, "centroid_lon": -122.23442155258668, "centroid_lat": 37.802457312900628, "NAME_y": "Block Group 1; Census Tract 4056; Alameda County; California", "B03002_001E": 555, "B03002_001M": 201, "B03002_012E": 94, "B03002_012M": 77, "B19013_001E": 58750, "B19013_001M": 53090, "B01003_001E": 555, "state": "06", "county": "001", "tract": "405600", "block group": "1", "latino_share": 0.16936936936936936, "latino_share_moe90": 0.12444252886355442, "camera_count": 1, "arterial_road_m": 959.65581771452457, "crime_count_pre_treatment": 311, "land_area_km2": 0.119879, "pop_density_per_km2": 4629.6682488175575, "camera_density_per_km2": 8.3417445924640674, "crime_rate_per_km2": 2594.2825682563252, "arterial_km_per_km2": 8.0052037280468191 }, "geometry": { "type": "Polygon", "coordinates": [ [ [ -122.238061, 37.802467 ], [ -122.237222, 37.803121 ], [ -122.234866, 37.803376 ], [ -122.233397, 37.804375 ], [ -122.23117, 37.802605 ], [ -122.233791, 37.800539 ], [ -122.23627, 37.802051 ], [ -122.238268, 37.801557 ], [ -122.238061, 37.802467 ] ] ] } },
{ "type": "Feature", "properties": { "GEOID": "060014057002", "NAME_x": "2", "ALAND": 141511, "AWATER": 0, "centroid_lon": -122.22735682596253, "centroid_lat": 37.796202899856141, "NAME_y": "Block Group 2; Census Tract 4057; Alameda County; California", "B03002_001E": 1122, "B03002_001M": 576, "B03002_012E": 554, "B03002_012M": 467, "B19013_001E": 76317, "B19013_001M": 10129, "B01003_001E": 1122, "state": "06", "county": "001", "tract": "405700", "block group": "2", "latino_share": 0.49376114081996436, "latino_share_moe90": 0.33013179113996, "camera_count": 1, "arterial_road_m": 536.41575608709365, "crime_count_pre_treatment": 244, "land_area_km2": 0.141511, "pop_density_per_km2": 7928.7122555843716, "camera_density_per_km2": 7.0665884630876752, "crime_rate_per_km2": 1724.2475849933928, "arterial_km_per_km2": 3.7906293933835085 }, "geometry": { "type": "Polygon", "coordinates": [ [ [ -122.229817, 37.794708 ], [ -122.227698, 37.796952 ], [ -122.2294, 37.798915 ], [ -122.224985, 37.798117 ], [ -122.225399, 37.7976 ], [ -122.226685, 37.793545 ], [ -122.22841, 37.793872 ], [ -122.229817, 37.794708 ] ] ] } },
{ "type": "Feature", "properties": { "GEOID": "060014049003", "NAME_x": "3", "ALAND": 227608, "AWATER": 0, "centroid_lon": -122.22537025267931, "centroid_lat": 37.801831246595249, "NAME_y": "Block Group 3; Census Tract 4049; Alameda County; California", "B03002_001E": 1486, "B03002_001M": 423, "B03002_012E": 426, "B03002_012M": 304, "B19013_001E": 131852, "B19013_001M": 72467, "B01003_001E": 1486, "state": "06", "county": "001", "tract": "404900", "block group": "3", "latino_share": 0.28667563930013457, "latino_share_moe90": 0.18759562086465556, "camera_count": 4, "arterial_road_m": 2704.6491808066194, "crime_count_pre_treatment": 303, "land_area_km2": 0.227608, "pop_density_per_km2": 6528.7687603247687, "camera_density_per_km2": 17.57407472496573, "crime_rate_per_km2": 1331.236160416154, "arterial_km_per_km2": 11.882926702078219 }, "geometry": { "type": "Polygon", "coordinates": [ [ [ -122.230803, 37.802906 ], [ -122.228292, 37.802089 ], [ -122.227456, 37.80387 ], [ -122.220938, 37.802757 ], [ -122.222842, 37.800492 ], [ -122.220981, 37.799362 ], [ -122.22417, 37.799977 ], [ -122.228499, 37.80097 ], [ -122.23117, 37.802605 ], [ -122.230803, 37.802906 ] ] ] } },
{ "type": "Feature", "properties": { "GEOID": "060014062011", "NAME_x": "1", "ALAND": 134976, "AWATER": 0, "centroid_lon": -122.22880495885617, "centroid_lat": 37.786936125899537, "NAME_y": "Block Group 1; Census Tract 4062.01; Alameda County; California", "B03002_001E": 1719, "B03002_001M": 596, "B03002_012E": 928, "B03002_012M": 514, "B19013_001E": 64974, "B19013_001M": 3866, "B01003_001E": 1719, "state": "06", "county": "001", "tract": "406201", "block group": "1", "latino_share": 0.539848749272833, "latino_share_moe90": 0.23318231879298487, "camera_count": 0, "arterial_road_m": 559.75963207943562, "crime_count_pre_treatment": 261, "land_area_km2": 0.134976, "pop_density_per_km2": 12735.597439544807, "camera_density_per_km2": 0.0, "crime_rate_per_km2": 1933.6770981507823, "arterial_km_per_km2": 4.1471049081276341 }, "geometry": { "type": "Polygon", "coordinates": [ [ [ -122.23196, 37.788044 ], [ -122.230914, 37.789441 ], [ -122.228901, 37.788213 ], [ -122.225307, 37.786098 ], [ -122.226792, 37.784511 ], [ -122.227537, 37.78495 ], [ -122.228972, 37.785769 ], [ -122.232013, 37.78758 ], [ -122.23196, 37.788044 ] ] ] } },
{ "type": "Feature", "properties": { "GEOID": "060014062021", "NAME_x": "1", "ALAND": 63499, "AWATER": 0, "centroid_lon": -122.22785193922118, "centroid_lat": 37.783262730276057, "NAME_y": "Block Group 1; Census Tract 4062.02; Alameda County; California", "B03002_001E": 1828, "B03002_001M": 535, "B03002_012E": 1549, "B03002_012M": 493, "B19013_001E": 55000, "B19013_001M": 29924, "B01003_001E": 1828, "state": "06", "county": "001", "tract": "406202", "block group": "1", "latino_share": 0.84737417943107218, "latino_share_moe90": 0.10597332376390191, "camera_count": 0, "arterial_road_m": 234.76925241598056, "crime_count_pre_treatment": 231, "land_area_km2": 0.063499, "pop_density_per_km2": 28787.854926849242, "camera_density_per_km2": 0.0, "crime_rate_per_km2": 3637.8525646073167, "arterial_km_per_km2": 3.69721180516198 }, "geometry": { "type": "Polygon", "coordinates": [ [ [ -122.229935, 37.782402 ], [ -122.227537, 37.78495 ], [ -122.226792, 37.784511 ], [ -122.225515, 37.784371 ], [ -122.228392, 37.781488 ], [ -122.229935, 37.782402 ] ] ] } },
{ "type": "Feature", "properties": { "GEOID": "060014076003", "NAME_x": "3", "ALAND": 205398, "AWATER": 0, "centroid_lon": -122.20063236197493, "centroid_lat": 37.774581166905527, "NAME_y": "Block Group 3; Census Tract 4076; Alameda County; California", "B03002_001E": 508, "B03002_001M": 261, "B03002_012E": 63, "B03002_012M": 104, "B19013_001E": 59605, "B19013_001M": 57790, "B01003_001E": 508, "state": "06", "county": "001", "tract": "407600", "block group": "3", "latino_share": 0.12401574803149606, "latino_share_moe90": 0.19455657090803977, "camera_count": 1, "arterial_road_m": 0.0, "crime_count_pre_treatment": 279, "land_area_km2": 0.205398, "pop_density_per_km2": 2473.2470618019652, "camera_density_per_km2": 4.8685965783503251, "crime_rate_per_km2": 1358.3384453597407, "arterial_km_per_km2": 0.0 }, "geometry": { "type": "Polygon", "coordinates": [ [ [ -122.204277, 37.778284 ], [ -122.202487, 37.77669 ], [ -122.201116, 37.777237 ], [ -122.199324, 37.775641 ], [ -122.19592, 37.772639 ], [ -122.200805, 37.772661 ], [ -122.202978, 37.772675 ], [ -122.202974, 37.775109 ], [ -122.204277, 37.778284 ] ] ] } },
{ "type": "Feature", "properties": { "GEOID": "060014070005", "NAME_x": "5", "ALAND": 168021, "AWATER": 0, "centroid_lon": -122.20325972837088, "centroid_lat": 37.789454331784498, "NAME_y": "Block Group 5; Census Tract 4070; Alameda County; California", "B03002_001E": 297, "B03002_001M": 209, "B03002_012E": 49, "B03002_012M": 78, "B19013_001E": -666666666, "B19013_001M": -222222222, "B01003_001E": 297, "state": "06", "county": "001", "tract": "407000", "block group": "5", "latino_share": 0.16498316498316498, "latino_share_moe90": 0.23557061502285931, "camera_count": 2, "arterial_road_m": 1142.4991160613545, "crime_count_pre_treatment": 389, "land_area_km2": 0.168021, "pop_density_per_km2": 1767.636188333601, "camera_density_per_km2": 11.903273995512466, "crime_rate_per_km2": 2315.1867921271746, "arterial_km_per_km2": 6.799740009054549 }, "geometry": { "type": "Polygon", "coordinates": [ [ [ -122.204783, 37.791252 ], [ -122.203203, 37.792197 ], [ -122.201303, 37.790168 ], [ -122.200368, 37.789337 ], [ -122.20043, 37.787586 ], [ -122.203847, 37.787269 ], [ -122.2068, 37.790069 ], [ -122.204783, 37.791252 ] ] ] } },
{ "type": "Feature", "properties": { "GEOID": "060014073002", "NAME_x": "2", "ALAND": 1769577, "AWATER": 209253, "centroid_lon": -122.21460952380015, "centroid_lat": 37.76287510453772, "NAME_y": "Block Group 2; Census Tract 4073; Alameda County; California", "B03002_001E": 1259, "B03002_001M": 368, "B03002_012E": 759, "B03002_012M": 356, "B19013_001E": 89643, "B19013_001M": 28640, "B01003_001E": 1259, "state": "06", "county": "001", "tract": "407300", "block group": "2", "latino_share": 0.60285941223193007, "latino_share_moe90": 0.22114358900313622, "camera_count": 10, "arterial_road_m": 12295.46647325808, "crime_count_pre_treatment": 2540, "land_area_km2": 1.769577, "pop_density_per_km2": 711.46946417138111, "camera_density_per_km2": 5.6510680236011206, "crime_rate_per_km2": 1435.3712779946845, "arterial_km_per_km2": 6.9482517422288383 }, "geometry": { "type": "Polygon", "coordinates": [ [ [ -122.224904, 37.764563 ], [ -122.223756, 37.765579 ], [ -122.21714, 37.770585 ], [ -122.214794, 37.772376 ], [ -122.210778, 37.770479 ], [ -122.207008, 37.768703 ], [ -122.210886, 37.765304 ], [ -122.209678, 37.764289 ], [ -122.210837, 37.763362 ], [ -122.202509, 37.756077 ], [ -122.201102, 37.754884 ], [ -122.205176, 37.754231 ], [ -122.207537, 37.753148 ], [ -122.214852, 37.761468 ], [ -122.218112, 37.759656 ], [ -122.223481, 37.754702 ], [ -122.223647, 37.756926 ], [ -122.224213, 37.762813 ], [ -122.224904, 37.764563 ] ] ] } },
{ "type": "Feature", "properties": { "GEOID": "060014085004", "NAME_x": "4", "ALAND": 110350, "AWATER": 0, "centroid_lon": -122.18070979525079, "centroid_lat": 37.758968733098122, "NAME_y": "Block Group 4; Census Tract 4085; Alameda County; California", "B03002_001E": 968, "B03002_001M": 331, "B03002_012E": 593, "B03002_012M": 298, "B19013_001E": 127540, "B19013_001M": 84360, "B01003_001E": 968, "state": "06", "county": "001", "tract": "408500", "block group": "4", "latino_share": 0.61260330578512401, "latino_share_moe90": 0.22559400684580605, "camera_count": 1, "arterial_road_m": 0.0, "crime_count_pre_treatment": 194, "land_area_km2": 0.11035, "pop_density_per_km2": 8772.0888083371083, "camera_density_per_km2": 9.0620752152242865, "crime_rate_per_km2": 1758.0425917535115, "arterial_km_per_km2": 0.0 }, "geometry": { "type": "Polygon", "coordinates": [ [ [ -122.184368, 37.757975 ], [ -122.180613, 37.76031 ], [ -122.178752, 37.760556 ], [ -122.178228, 37.760872 ], [ -122.177263, 37.759575 ], [ -122.182446, 37.757065 ], [ -122.18268, 37.757174 ], [ -122.184368, 37.757975 ] ] ] } },
{ "type": "Feature", "properties": { "GEOID": "060014025001", "NAME_x": "1", "ALAND": 263581, "AWATER": 0, "centroid_lon": -122.28444473634059, "centroid_lat": 37.806647928322612, "NAME_y": "Block Group 1; Census Tract 4025; Alameda County; California", "B03002_001E": 938, "B03002_001M": 327, "B03002_012E": 91, "B03002_012M": 66, "B19013_001E": 101389, "B19013_001M": 37323, "B01003_001E": 938, "state": "06", "county": "001", "tract": "402500", "block group": "1", "latino_share": 0.097014925373134331, "latino_share_moe90": 0.061701161189345002, "camera_count": 1, "arterial_road_m": 1306.8780961791124, "crime_count_pre_treatment": 529, "land_area_km2": 0.263581, "pop_density_per_km2": 3558.6783569377153, "camera_density_per_km2": 3.7939001673109973, "crime_rate_per_km2": 2006.9731885075175, "arterial_km_per_km2": 4.9581650277490121 }, "geometry": { "type": "Polygon", "coordinates": [ [ [ -122.286208, 37.809606 ], [ -122.281485, 37.808568 ], [ -122.280965, 37.808301 ], [ -122.28274, 37.803675 ], [ -122.287923, 37.804853 ], [ -122.286208, 37.809606 ] ] ] } },
{ "type": "Feature", "properties": { "GEOID": "060014103003", "NAME_x": "3", "ALAND": 199382, "AWATER": 0, "centroid_lon": -122.16913502802285, "centroid_lat": 37.745616437288128, "NAME_y": "Block Group 3; Census Tract 4103; Alameda County; California", "B03002_001E": 1530, "B03002_001M": 479, "B03002_012E": 1267, "B03002_012M": 473, "B19013_001E": 34750, "B19013_001M": 14496, "B01003_001E": 1530, "state": "06", "county": "001", "tract": "410300", "block group": "3", "latino_share": 0.82810457516339864, "latino_share_moe90": 0.16840460672364421, "camera_count": 2, "arterial_road_m": 328.03529688013083, "crime_count_pre_treatment": 595, "land_area_km2": 0.199382, "pop_density_per_km2": 7673.7117693673454, "camera_density_per_km2": 10.030995776950778, "crime_rate_per_km2": 2984.2212436428563, "arterial_km_per_km2": 1.6452603388476934 }, "geometry": { "type": "Polygon", "coordinates": [ [ [ -122.172521, 37.747223 ], [ -122.170375, 37.748217 ], [ -122.169303, 37.748714 ], [ -122.165619, 37.743715 ], [ -122.169212, 37.742763 ], [ -122.170489, 37.744471 ], [ -122.172521, 37.747223 ] ] ] } },
{ "type": "Feature", "properties": { "GEOID": "060014104003", "NAME_x": "3", "ALAND": 365434, "AWATER": 0, "centroid_lon": -122.16457077028201, "centroid_lat": 37.740399350840335, "NAME_y": "Block Group 3; Census Tract 4104; Alameda County; California", "B03002_001E": 1813, "B03002_001M": 305, "B03002_012E": 730, "B03002_012M": 278, "B19013_001E": 67778, "B19013_001M": 14017, "B01003_001E": 1813, "state": "06", "county": "001", "tract": "410400", "block group": "3", "latino_share": 0.40264754550468834, "latino_share_moe90": 0.13756421654625448, "camera_count": 1, "arterial_road_m": 485.52499269265365, "crime_count_pre_treatment": 819, "land_area_km2": 0.365434, "pop_density_per_km2": 4961.2241882255075, "camera_density_per_km2": 2.7364722494349185, "crime_rate_per_km2": 2241.1707722871984, "arterial_km_per_km2": 1.3286256689105382 }, "geometry": { "type": "Polygon", "coordinates": [ [ [ -122.169212, 37.742763 ], [ -122.165619, 37.743715 ], [ -122.163205, 37.744343 ], [ -122.161847, 37.740852 ], [ -122.162726, 37.740646 ], [ -122.160502, 37.737607 ], [ -122.16416, 37.73594 ], [ -122.165472, 37.737689 ], [ -122.167519, 37.740468 ], [ -122.169212, 37.742763 ] ] ] } },
{ "type": "Feature", "properties": { "GEOID": "060014104001", "NAME_x": "1", "ALAND": 153096, "AWATER": 0, "centroid_lon": -122.16044421780053, "centroid_lat": 37.743034265682056, "NAME_y": "Block Group 1; Census Tract 4104; Alameda County; California", "B03002_001E": 851, "B03002_001M": 460, "B03002_012E": 424, "B03002_012M": 333, "B19013_001E": 95000, "B19013_001M": 73958, "B01003_001E": 851, "state": "06", "county": "001", "tract": "410400", "block group": "1", "latino_share": 0.49823736780258521, "latino_share_moe90": 0.2838788102640028, "camera_count": 1, "arterial_road_m": 571.72713549106413, "crime_count_pre_treatment": 198, "land_area_km2": 0.153096, "pop_density_per_km2": 5558.6037518942358, "camera_density_per_km2": 6.5318492971730153, "crime_rate_per_km2": 1293.306160840257, "arterial_km_per_km2": 3.7344354881320485 }, "geometry": { "type": "Polygon", "coordinates": [ [ [ -122.163205, 37.744343 ], [ -122.160431, 37.745069 ], [ -122.159506, 37.745049 ], [ -122.156962, 37.741506 ], [ -122.15814, 37.741871 ], [ -122.161847, 37.740852 ], [ -122.163205, 37.744343 ] ] ] } },
{ "type": "Feature", "properties": { "GEOID": "060014052004", "NAME_x": "4", "ALAND": 164154, "AWATER": 0, "centroid_lon": -122.24720462887359, "centroid_lat": 37.807595267899245, "NAME_y": "Block Group 4; Census Tract 4052; Alameda County; California", "B03002_001E": 1481, "B03002_001M": 413, "B03002_012E": 301, "B03002_012M": 230, "B19013_001E": 105714, "B19013_001M": 77244, "B01003_001E": 1481, "state": "06", "county": "001", "tract": "405200", "block group": "4", "latino_share": 0.20324105334233625, "latino_share_moe90": 0.14458893716771831, "camera_count": 1, "arterial_road_m": 2043.3452294335329, "crime_count_pre_treatment": 451, "land_area_km2": 0.164154, "pop_density_per_km2": 9022.0159118876181, "camera_density_per_km2": 6.091840588715475, "crime_rate_per_km2": 2747.4201055106792, "arterial_km_per_km2": 12.44773340542133 }, "geometry": { "type": "Polygon", "coordinates": [ [ [ -122.250597, 37.805237 ], [ -122.249148, 37.808391 ], [ -122.246702, 37.809703 ], [ -122.246504, 37.809841 ], [ -122.241982, 37.808552 ], [ -122.241976, 37.807526 ], [ -122.242734, 37.808057 ], [ -122.244887, 37.808781 ], [ -122.246612, 37.806664 ], [ -122.249318, 37.804823 ], [ -122.250597, 37.805237 ] ] ] } },
{ "type": "Feature", "properties": { "GEOID": "060014042003", "NAME_x": "3", "ALAND": 1887483, "AWATER": 0, "centroid_lon": -122.2373651992783, "centroid_lat": 37.834928785354684, "NAME_y": "Block Group 3; Census Tract 4042; Alameda County; California", "B03002_001E": 1169, "B03002_001M": 182, "B03002_012E": 135, "B03002_012M": 78, "B19013_001E": 250001, "B19013_001M": -333333333, "B01003_001E": 1169, "state": "06", "county": "001", "tract": "404200", "block group": "3", "latino_share": 0.11548331907613345, "latino_share_moe90": 0.064255671450680327, "camera_count": 1, "arterial_road_m": 2327.5515469481702, "crime_count_pre_treatment": 500, "land_area_km2": 1.887483, "pop_density_per_km2": 619.34332653592116, "camera_density_per_km2": 0.52980609626682729, "crime_rate_per_km2": 264.90304813341368, "arterial_km_per_km2": 1.2331509989484251 }, "geometry": { "type": "Polygon", "coordinates": [ [ [ -122.25081, 37.837135 ], [ -122.249351, 37.837189 ], [ -122.239456, 37.840897 ], [ -122.237969, 37.840912 ], [ -122.234976, 37.839169 ], [ -122.23182, 37.836447 ], [ -122.229586, 37.83543 ], [ -122.228041, 37.835814 ], [ -122.224665, 37.834343 ], [ -122.222781, 37.835887 ], [ -122.223608, 37.83695 ], [ -122.222405, 37.83682 ], [ -122.220419, 37.835637 ], [ -122.218516, 37.832939 ], [ -122.221884, 37.832504 ], [ -122.224456, 37.830256 ], [ -122.225156, 37.831085 ], [ -122.225391, 37.831283 ], [ -122.227516, 37.832698 ], [ -122.227353, 37.832391 ], [ -122.229148, 37.833144 ], [ -122.232494, 37.831686 ], [ -122.237048, 37.830823 ], [ -122.241087, 37.830439 ], [ -122.243288, 37.830063 ], [ -122.246698, 37.833273 ], [ -122.248742, 37.831714 ], [ -122.250523, 37.833668 ], [ -122.25241, 37.834543 ], [ -122.25081, 37.837135 ] ] ] } },
{ "type": "Feature", "properties": { "GEOID": "060014039002", "NAME_x": "2", "ALAND": 127587, "AWATER": 0, "centroid_lon": -122.24741731704985, "centroid_lat": 37.816449068295498, "NAME_y": "Block Group 2; Census Tract 4039; Alameda County; California", "B03002_001E": 1201, "B03002_001M": 574, "B03002_012E": 85, "B03002_012M": 74, "B19013_001E": 177891, "B19013_001M": 96358, "B01003_001E": 1201, "state": "06", "county": "001", "tract": "403900", "block group": "2", "latino_share": 0.070774354704412984, "latino_share_moe90": 0.05150029350218379, "camera_count": 0, "arterial_road_m": 31.240607308018941, "crime_count_pre_treatment": 52, "land_area_km2": 0.127587, "pop_density_per_km2": 9413.1847288516856, "camera_density_per_km2": 0.0, "crime_rate_per_km2": 407.56503405519368, "arterial_km_per_km2": 0.24485729194995523 }, "geometry": { "type": "Polygon", "coordinates": [ [ [ -122.248719, 37.818343 ], [ -122.247911, 37.817736 ], [ -122.245077, 37.818002 ], [ -122.246324, 37.814303 ], [ -122.246643, 37.813776 ], [ -122.250154, 37.81707 ], [ -122.248719, 37.818343 ] ] ] } },
{ "type": "Feature", "properties": { "GEOID": "060014047001", "NAME_x": "1", "ALAND": 592055, "AWATER": 0, "centroid_lon": -122.20910789998467, "centroid_lat": 37.814589681638289, "NAME_y": "Block Group 1; Census Tract 4047; Alameda County; California", "B03002_001E": 1049, "B03002_001M": 214, "B03002_012E": 116, "B03002_012M": 57, "B19013_001E": 250001, "B19013_001M": -333333333, "B01003_001E": 1049, "state": "06", "county": "001", "tract": "404700", "block group": "1", "latino_share": 0.11058150619637751, "latino_share_moe90": 0.049433281630311091, "camera_count": 4, "arterial_road_m": 3920.6008779193858, "crime_count_pre_treatment": 192, "land_area_km2": 0.592055, "pop_density_per_km2": 1771.794850140612, "camera_density_per_km2": 6.756129075845994, "crime_rate_per_km2": 324.29419564060771, "arterial_km_per_km2": 6.6220213965246231 }, "geometry": { "type": "Polygon", "coordinates": [ [ [ -122.214183, 37.813047 ], [ -122.213204, 37.814506 ], [ -122.213091, 37.814657 ], [ -122.212968, 37.814913 ], [ -122.212906, 37.815168 ], [ -122.212826, 37.815812 ], [ -122.212751, 37.816127 ], [ -122.212469, 37.816722 ], [ -122.210178, 37.818613 ], [ -122.208835, 37.819555 ], [ -122.207288, 37.821554 ], [ -122.202201, 37.815205 ], [ -122.204236, 37.815431 ], [ -122.2062, 37.816963 ], [ -122.2078, 37.816931 ], [ -122.210334, 37.815469 ], [ -122.207969, 37.813273 ], [ -122.206116, 37.810894 ], [ -122.209615, 37.807805 ], [ -122.21206, 37.809955 ], [ -122.21091, 37.81061 ], [ -122.213383, 37.812182 ], [ -122.214677, 37.812688 ], [ -122.214183, 37.813047 ] ] ] } },
{ "type": "Feature", "properties": { "GEOID": "060014033021", "NAME_x": "1", "ALAND": 60151, "AWATER": 0, "centroid_lon": -122.2687613473819, "centroid_lat": 37.795022269399212, "NAME_y": "Block Group 1; Census Tract 4033.02; Alameda County; California", "B03002_001E": 644, "B03002_001M": 230, "B03002_012E": 69, "B03002_012M": 67, "B19013_001E": 205052, "B19013_001M": 67885, "B01003_001E": 644, "state": "06", "county": "001", "tract": "403302", "block group": "1", "latino_share": 0.10714285714285714, "latino_share_moe90": 0.096744608578388527, "camera_count": 1, "arterial_road_m": 444.52158185666383, "crime_count_pre_treatment": 581, "land_area_km2": 0.060151, "pop_density_per_km2": 10706.388921214942, "camera_density_per_km2": 16.624827517414506, "crime_rate_per_km2": 9659.0247876178273, "arterial_km_per_km2": 7.3900946261352898 }, "geometry": { "type": "Polygon", "coordinates": [ [ [ -122.27014, 37.796524 ], [ -122.266615, 37.795117 ], [ -122.267604, 37.793525 ], [ -122.269979, 37.794437 ], [ -122.270752, 37.795573 ], [ -122.27014, 37.796524 ] ] ] } },
{ "type": "Feature", "properties": { "GEOID": "060014044004", "NAME_x": "4", "ALAND": 192780, "AWATER": 0, "centroid_lon": -122.22014837466067, "centroid_lat": 37.856719080677493, "NAME_y": "Block Group 4; Census Tract 4044; Alameda County; California", "B03002_001E": 780, "B03002_001M": 310, "B03002_012E": 79, "B03002_012M": 94, "B19013_001E": 181500, "B19013_001M": 61825, "B01003_001E": 780, "state": "06", "county": "001", "tract": "404400", "block group": "4", "latino_share": 0.10128205128205128, "latino_share_moe90": 0.11359148736192928, "camera_count": 0, "arterial_road_m": 1504.421995721576, "crime_count_pre_treatment": 31, "land_area_km2": 0.19278, "pop_density_per_km2": 4046.062869592281, "camera_density_per_km2": 0.0, "crime_rate_per_km2": 160.80506276584708, "arterial_km_per_km2": 7.8038281757525461 }, "geometry": { "type": "Polygon", "coordinates": [ [ [ -122.223288, 37.855086 ], [ -122.221609, 37.855291 ], [ -122.222621, 37.857711 ], [ -122.222103, 37.858796 ], [ -122.221407, 37.859064 ], [ -122.22108, 37.860114 ], [ -122.219371, 37.859413 ], [ -122.219349, 37.857728 ], [ -122.21784, 37.85726 ], [ -122.217893, 37.856628 ], [ -122.216815, 37.856638 ], [ -122.21654, 37.856019 ], [ -122.215561, 37.856181 ], [ -122.216707, 37.855408 ], [ -122.218889, 37.854762 ], [ -122.21924, 37.855084 ], [ -122.2201, 37.855002 ], [ -122.22159, 37.854446 ], [ -122.222724, 37.85358 ], [ -122.223288, 37.855086 ] ] ] } },
{ "type": "Feature", "properties": { "GEOID": "060014001002", "NAME_x": "2", "ALAND": 1206808, "AWATER": 0, "centroid_lon": -122.22356895441295, "centroid_lat": 37.857205974309835, "NAME_y": "Block Group 2; Census Tract 4001; Alameda County; California", "B03002_001E": 1167, "B03002_001M": 241, "B03002_012E": 118, "B03002_012M": 96, "B19013_001E": 242813, "B19013_001M": 34973, "B01003_001E": 1167, "state": "06", "county": "001", "tract": "400100", "block group": "2", "latino_share": 0.10111396743787489, "latino_share_moe90": 0.079567851719619956, "camera_count": 0, "arterial_road_m": 5894.9633311080597, "crime_count_pre_treatment": 86, "land_area_km2": 1.206808, "pop_density_per_km2": 967.01380832742234, "camera_density_per_km2": 0.0, "crime_rate_per_km2": 71.262371479141663, "arterial_km_per_km2": 4.884756590201639 }, "geometry": { "type": "Polygon", "coordinates": [ [ [ -122.234305, 37.853607 ], [ -122.230266, 37.855752 ], [ -122.229165, 37.856709 ], [ -122.222879, 37.860626 ], [ -122.223914, 37.862089 ], [ -122.223233, 37.863917 ], [ -122.221996, 37.864169 ], [ -122.222732, 37.86643 ], [ -122.221491, 37.866257 ], [ -122.21942, 37.868049 ], [ -122.217784, 37.868356 ], [ -122.219791, 37.867332 ], [ -122.221418, 37.865468 ], [ -122.219826, 37.864771 ], [ -122.212923, 37.857784 ], [ -122.212889, 37.857607 ], [ -122.21238, 37.857234 ], [ -122.213615, 37.855987 ], [ -122.215561, 37.856181 ], [ -122.21654, 37.856019 ], [ -122.216815, 37.856638 ], [ -122.217893, 37.856628 ], [ -122.21784, 37.85726 ], [ -122.219349, 37.857728 ], [ -122.219371, 37.859413 ], [ -122.22108, 37.860114 ], [ -122.221407, 37.859064 ], [ -122.222103, 37.858796 ], [ -122.222621, 37.857711 ], [ -122.221609, 37.855291 ], [ -122.223288, 37.855086 ], [ -122.22354, 37.854923 ], [ -122.22424, 37.850933 ], [ -122.226748, 37.849962 ], [ -122.233092, 37.851656 ], [ -122.234191, 37.852544 ], [ -122.234305, 37.853607 ] ] ] } },
{ "type": "Feature", "properties": { "GEOID": "060014041013", "NAME_x": "3", "ALAND": 103788, "AWATER": 0, "centroid_lon": -122.25283741186067, "centroid_lat": 37.831959010644958, "NAME_y": "Block Group 3; Census Tract 4041.01; Alameda County; California", "B03002_001E": 829, "B03002_001M": 196, "B03002_012E": 100, "B03002_012M": 114, "B19013_001E": 124464, "B19013_001M": 36902, "B01003_001E": 829, "state": "06", "county": "001", "tract": "404101", "block group": "3", "latino_share": 0.12062726176115803, "latino_share_moe90": 0.13452514930245885, "camera_count": 2, "arterial_road_m": 1220.8878081022992, "crime_count_pre_treatment": 248, "land_area_km2": 0.103788, "pop_density_per_km2": 7987.4359270821287, "camera_density_per_km2": 19.270050487532277, "crime_rate_per_km2": 2389.4862604540021, "arterial_km_per_km2": 11.76328485087196 }, "geometry": { "type": "Polygon", "coordinates": [ [ [ -122.2553, 37.829908 ], [ -122.255093, 37.83024 ], [ -122.254455, 37.831252 ], [ -122.253229, 37.833194 ], [ -122.25241, 37.834543 ], [ -122.250523, 37.833668 ], [ -122.251318, 37.832232 ], [ -122.252055, 37.831208 ], [ -122.253411, 37.829565 ], [ -122.255201, 37.829867 ], [ -122.2553, 37.829908 ] ] ] } },
{ "type": "Feature", "properties": { "GEOID": "060014033012", "NAME_x": "2", "ALAND": 107502, "AWATER": 0, "centroid_lon": -122.26760184847161, "centroid_lat": 37.797064619198871, "NAME_y": "Block Group 2; Census Tract 4033.01; Alameda County; California", "B03002_001E": 942, "B03002_001M": 321, "B03002_012E": 18, "B03002_012M": 16, "B19013_001E": 42574, "B19013_001M": 21664, "B01003_001E": 942, "state": "06", "county": "001", "tract": "403301", "block group": "2", "latino_share": 0.019108280254777069, "latino_share_moe90": 0.015687457351602305, "camera_count": 0, "arterial_road_m": 2724.9714539764555, "crime_count_pre_treatment": 212, "land_area_km2": 0.107502, "pop_density_per_km2": 8762.6276720433107, "camera_density_per_km2": 0.0, "crime_rate_per_km2": 1972.0563338356496, "arterial_km_per_km2": 25.348100072337775 }, "geometry": { "type": "Polygon", "coordinates": [ [ [ -122.268596, 37.799002 ], [ -122.265066, 37.797622 ], [ -122.266615, 37.795117 ], [ -122.27014, 37.796524 ], [ -122.268596, 37.799002 ] ] ] } },
{ "type": "Feature", "properties": { "GEOID": "060014036001", "NAME_x": "1", "ALAND": 60274, "AWATER": 0, "centroid_lon": -122.2533462801542, "centroid_lat": 37.8115051979808, "NAME_y": "Block Group 1; Census Tract 4036; Alameda County; California", "B03002_001E": 961, "B03002_001M": 329, "B03002_012E": 213, "B03002_012M": 131, "B19013_001E": 108311, "B19013_001M": 17637, "B01003_001E": 961, "state": "06", "county": "001", "tract": "403600", "block group": "1", "latino_share": 0.22164412070759626, "latino_share_moe90": 0.11324456786140132, "camera_count": 0, "arterial_road_m": 0.0, "crime_count_pre_treatment": 134, "land_area_km2": 0.060274, "pop_density_per_km2": 15943.856389156186, "camera_density_per_km2": 0.0, "crime_rate_per_km2": 2223.1808076450875, "arterial_km_per_km2": 0.0 }, "geometry": { "type": "Polygon", "coordinates": [ [ [ -122.255162, 37.811604 ], [ -122.2525, 37.813117 ], [ -122.251462, 37.810841 ], [ -122.252558, 37.81058 ], [ -122.253026, 37.810491 ], [ -122.255389, 37.810661 ], [ -122.255162, 37.811604 ] ] ] } },
{ "type": "Feature", "properties": { "GEOID": "060014028011", "NAME_x": "1", "ALAND": 210548, "AWATER": 0, "centroid_lon": -122.27044452436833, "centroid_lat": 37.809270145836756, "NAME_y": "Block Group 1; Census Tract 4028.01; Alameda County; California", "B03002_001E": 857, "B03002_001M": 311, "B03002_012E": 89, "B03002_012M": 85, "B19013_001E": 127115, "B19013_001M": 43580, "B01003_001E": 857, "state": "06", "county": "001", "tract": "402801", "block group": "1", "latino_share": 0.10385064177362893, "latino_share_moe90": 0.091744291677130482, "camera_count": 2, "arterial_road_m": 3303.40810513816, "crime_count_pre_treatment": 2260, "land_area_km2": 0.210548, "pop_density_per_km2": 4070.3307559321388, "camera_density_per_km2": 9.4990216007751194, "crime_rate_per_km2": 10733.894408875885, "arterial_km_per_km2": 15.689572473441494 }, "geometry": { "type": "Polygon", "coordinates": [ [ [ -122.274122, 37.812829 ], [ -122.273394, 37.812723 ], [ -122.269058, 37.811959 ], [ -122.266771, 37.811553 ], [ -122.271274, 37.804361 ], [ -122.272805, 37.80878 ], [ -122.273002, 37.809455 ], [ -122.269812, 37.808978 ], [ -122.269487, 37.810326 ], [ -122.269293, 37.81105 ], [ -122.272751, 37.811637 ], [ -122.272973, 37.811774 ], [ -122.273513, 37.811509 ], [ -122.273662, 37.811471 ], [ -122.274122, 37.812829 ] ] ] } },
{ "type": "Feature", "properties": { "GEOID": "060019832001", "NAME_x": "1", "ALAND": 321907, "AWATER": 127401, "centroid_lon": -122.27868989223259, "centroid_lat": 37.795882546573047, "NAME_y": "Block Group 1; Census Tract 9832; Alameda County; California", "B03002_001E": 464, "B03002_001M": 126, "B03002_012E": 40, "B03002_012M": 43, "B19013_001E": 177969, "B19013_001M": 52797, "B01003_001E": 464, "state": "06", "county": "001", "tract": "983200", "block group": "1", "latino_share": 0.086206896551724144, "latino_share_moe90": 0.089666969595098345, "camera_count": 1, "arterial_road_m": 3882.6596902526962, "crime_count_pre_treatment": 1983, "land_area_km2": 0.321907, "pop_density_per_km2": 1441.410096704949, "camera_density_per_km2": 3.1064872773813557, "crime_rate_per_km2": 6160.1642710472279, "arterial_km_per_km2": 12.061432930171435 }, "geometry": { "type": "Polygon", "coordinates": [ [ [ -122.283739, 37.794803 ], [ -122.282207, 37.796267 ], [ -122.279687, 37.800256 ], [ -122.279564, 37.800449 ], [ -122.278536, 37.799654 ], [ -122.275061, 37.798321 ], [ -122.274935, 37.798276 ], [ -122.275899, 37.796749 ], [ -122.273749, 37.795916 ], [ -122.276005, 37.792175 ], [ -122.278243, 37.793129 ], [ -122.284396, 37.793597 ], [ -122.283739, 37.794803 ] ] ] } },
{ "type": "Feature", "properties": { "GEOID": "060014041011", "NAME_x": "1", "ALAND": 304257, "AWATER": 0, "centroid_lon": -122.24750763337104, "centroid_lat": 37.830196028150489, "NAME_y": "Block Group 1; Census Tract 4041.01; Alameda County; California", "B03002_001E": 1050, "B03002_001M": 218, "B03002_012E": 65, "B03002_012M": 47, "B19013_001E": 120776, "B19013_001M": 37200, "B01003_001E": 1050, "state": "06", "county": "001", "tract": "404101", "block group": "1", "latino_share": 0.061904761904761907, "latino_share_moe90": 0.042877017071772758, "camera_count": 2, "arterial_road_m": 2061.9795476875483, "crime_count_pre_treatment": 436, "land_area_km2": 0.304257, "pop_density_per_km2": 3451.0298859188119, "camera_density_per_km2": 6.5733902588929753, "crime_rate_per_km2": 1432.9990764386687, "arterial_km_per_km2": 6.7770981364029366 }, "geometry": { "type": "Polygon", "coordinates": [ [ [ -122.251318, 37.832232 ], [ -122.250523, 37.833668 ], [ -122.248742, 37.831714 ], [ -122.246698, 37.833273 ], [ -122.243288, 37.830063 ], [ -122.243358, 37.829833 ], [ -122.245476, 37.827538 ], [ -122.24768, 37.826241 ], [ -122.247605, 37.826763 ], [ -122.249353, 37.828701 ], [ -122.249117, 37.828983 ], [ -122.252055, 37.831208 ], [ -122.251318, 37.832232 ] ] ] } },
{ "type": "Feature", "properties": { "GEOID": "060014054011", "NAME_x": "1", "ALAND": 120531, "AWATER": 0, "centroid_lon": -122.2480823555091, "centroid_lat": 37.798045969110397, "NAME_y": "Block Group 1; Census Tract 4054.01; Alameda County; California", "B03002_001E": 1700, "B03002_001M": 406, "B03002_012E": 313, "B03002_012M": 199, "B19013_001E": 79079, "B19013_001M": 45547, "B01003_001E": 1700, "state": "06", "county": "001", "tract": "405401", "block group": "1", "latino_share": 0.18411764705882352, "latino_share_moe90": 0.10848623989629343, "camera_count": 1, "arterial_road_m": 245.71694659925839, "crime_count_pre_treatment": 497, "land_area_km2": 0.120531, "pop_density_per_km2": 14104.255336801321, "camera_density_per_km2": 8.2966207863537189, "crime_rate_per_km2": 4123.420530817798, "arterial_km_per_km2": 2.0386203267147738 }, "geometry": { "type": "Polygon", "coordinates": [ [ [ -122.250539, 37.800137 ], [ -122.248984, 37.800323 ], [ -122.24665, 37.79828 ], [ -122.245002, 37.796765 ], [ -122.246824, 37.795476 ], [ -122.250162, 37.798427 ], [ -122.251017, 37.79918 ], [ -122.250539, 37.800137 ] ] ] } },
{ "type": "Feature", "properties": { "GEOID": "060014066013", "NAME_x": "3", "ALAND": 238509, "AWATER": 0, "centroid_lon": -122.20822665463338, "centroid_lat": 37.795965976047711, "NAME_y": "Block Group 3; Census Tract 4066.01; Alameda County; California", "B03002_001E": 1196, "B03002_001M": 449, "B03002_012E": 424, "B03002_012M": 282, "B19013_001E": 94135, "B19013_001M": 25740, "B01003_001E": 1196, "state": "06", "county": "001", "tract": "406601", "block group": "3", "latino_share": 0.35451505016722407, "latino_share_moe90": 0.19463223684651129, "camera_count": 4, "arterial_road_m": 1685.27755006334, "crime_count_pre_treatment": 299, "land_area_km2": 0.238509, "pop_density_per_km2": 5014.4858265306548, "camera_density_per_km2": 16.770855607125938, "crime_rate_per_km2": 1253.6214566326637, "arterial_km_per_km2": 7.0658866125108064 }, "geometry": { "type": "Polygon", "coordinates": [ [ [ -122.21253, 37.794736 ], [ -122.208794, 37.798478 ], [ -122.208027, 37.7986 ], [ -122.203371, 37.796096 ], [ -122.205208, 37.7947 ], [ -122.206574, 37.795807 ], [ -122.207648, 37.794724 ], [ -122.209145, 37.793249 ], [ -122.21253, 37.794736 ] ] ] } },
{ "type": "Feature", "properties": { "GEOID": "060014071023", "NAME_x": "3", "ALAND": 127712, "AWATER": 0, "centroid_lon": -122.21299643264217, "centroid_lat": 37.780529476764592, "NAME_y": "Block Group 3; Census Tract 4071.02; Alameda County; California", "B03002_001E": 983, "B03002_001M": 358, "B03002_012E": 583, "B03002_012M": 359, "B19013_001E": 53482, "B19013_001M": 37665, "B01003_001E": 983, "state": "06", "county": "001", "tract": "407102", "block group": "3", "latino_share": 0.59308240081383523, "latino_share_moe90": 0.29448813110214039, "camera_count": 1, "arterial_road_m": 47.553145265085099, "crime_count_pre_treatment": 143, "land_area_km2": 0.127712, "pop_density_per_km2": 7697.0057629666753, "camera_density_per_km2": 7.8301177649711855, "crime_rate_per_km2": 1119.7068403908795, "arterial_km_per_km2": 0.37234672752039827 }, "geometry": { "type": "Polygon", "coordinates": [ [ [ -122.216665, 37.779038 ], [ -122.212927, 37.781652 ], [ -122.210697, 37.783221 ], [ -122.209332, 37.78199 ], [ -122.215354, 37.777833 ], [ -122.216665, 37.779038 ] ] ] } },
{ "type": "Feature", "properties": { "GEOID": "060014054021", "NAME_x": "1", "ALAND": 191089, "AWATER": 0, "centroid_lon": -122.2470107739198, "centroid_lat": 37.792686969331903, "NAME_y": "Block Group 1; Census Tract 4054.02; Alameda County; California", "B03002_001E": 2033, "B03002_001M": 615, "B03002_012E": 698, "B03002_012M": 507, "B19013_001E": 34712, "B19013_001M": 9373, "B01003_001E": 2033, "state": "06", "county": "001", "tract": "405402", "block group": "1", "latino_share": 0.34333497294638465, "latino_share_moe90": 0.22672820793079776, "camera_count": 0, "arterial_road_m": 1750.961116379498, "crime_count_pre_treatment": 796, "land_area_km2": 0.191089, "pop_density_per_km2": 10639.021607732522, "camera_density_per_km2": 0.0, "crime_rate_per_km2": 4165.5982290974362, "arterial_km_per_km2": 9.1630659869458633 }, "geometry": { "type": "Polygon", "coordinates": [ [ [ -122.248697, 37.794132 ], [ -122.246824, 37.795476 ], [ -122.243512, 37.792528 ], [ -122.247175, 37.789913 ], [ -122.248014, 37.790626 ], [ -122.250515, 37.792834 ], [ -122.248697, 37.794132 ] ] ] } },
{ "type": "Feature", "properties": { "GEOID": "060014037011", "NAME_x": "1", "ALAND": 79098, "AWATER": 0, "centroid_lon": -122.25975719665142, "centroid_lat": 37.812004196832028, "NAME_y": "Block Group 1; Census Tract 4037.01; Alameda County; California", "B03002_001E": 1459, "B03002_001M": 351, "B03002_012E": 117, "B03002_012M": 68, "B19013_001E": 83182, "B19013_001M": 16559, "B01003_001E": 1459, "state": "06", "county": "001", "tract": "403701", "block group": "1", "latino_share": 0.080191912268677182, "latino_share_moe90": 0.042426961925605459, "camera_count": 0, "arterial_road_m": 965.52831830571108, "crime_count_pre_treatment": 573, "land_area_km2": 0.079098, "pop_density_per_km2": 18445.472704746011, "camera_density_per_km2": 0.0, "crime_rate_per_km2": 7244.1781081696126, "arterial_km_per_km2": 12.206734914987877 }, "geometry": { "type": "Polygon", "coordinates": [ [ [ -122.261495, 37.813034 ], [ -122.260867, 37.812406 ], [ -122.258893, 37.813547 ], [ -122.257052, 37.812522 ], [ -122.256414, 37.81092 ], [ -122.258439, 37.8124 ], [ -122.260213, 37.810523 ], [ -122.260591, 37.810676 ], [ -122.262463, 37.810945 ], [ -122.261495, 37.813034 ] ] ] } },
{ "type": "Feature", "properties": { "GEOID": "060014053012", "NAME_x": "2", "ALAND": 76331, "AWATER": 0, "centroid_lon": -122.25281169772387, "centroid_lat": 37.801059557427585, "NAME_y": "Block Group 2; Census Tract 4053.01; Alameda County; California", "B03002_001E": 1355, "B03002_001M": 430, "B03002_012E": 177, "B03002_012M": 128, "B19013_001E": 97435, "B19013_001M": 35044, "B01003_001E": 1355, "state": "06", "county": "001", "tract": "405301", "block group": "2", "latino_share": 0.13062730627306274, "latino_share_moe90": 0.084883554696722791, "camera_count": 0, "arterial_road_m": 716.13537439509787, "crime_count_pre_treatment": 868, "land_area_km2": 0.076331, "pop_density_per_km2": 17751.634329433651, "camera_density_per_km2": 0.0, "crime_rate_per_km2": 11371.526640552333, "arterial_km_per_km2": 9.3819729126449012 }, "geometry": { "type": "Polygon", "coordinates": [ [ [ -122.254468, 37.801838 ], [ -122.254073, 37.802521 ], [ -122.252196, 37.802683 ], [ -122.252019, 37.800865 ], [ -122.250539, 37.800137 ], [ -122.251017, 37.79918 ], [ -122.251935, 37.799731 ], [ -122.254505, 37.800561 ], [ -122.254468, 37.801838 ] ] ] } },
{ "type": "Feature", "properties": { "GEOID": "060014063003", "NAME_x": "3", "ALAND": 122873, "AWATER": 0, "centroid_lon": -122.22538643571839, "centroid_lat": 37.790739059169013, "NAME_y": "Block Group 3; Census Tract 4063; Alameda County; California", "B03002_001E": 1067, "B03002_001M": 376, "B03002_012E": 42, "B03002_012M": 70, "B19013_001E": 65087, "B19013_001M": 42570, "B01003_001E": 1067, "state": "06", "county": "001", "tract": "406300", "block group": "3", "latino_share": 0.039362699156513588, "latino_share_moe90": 0.064121331316813995, "camera_count": 0, "arterial_road_m": 0.0, "crime_count_pre_treatment": 152, "land_area_km2": 0.122873, "pop_density_per_km2": 8683.7629096709607, "camera_density_per_km2": 0.0, "crime_rate_per_km2": 1237.0496366166692, "arterial_km_per_km2": 0.0 }, "geometry": { "type": "Polygon", "coordinates": [ [ [ -122.228071, 37.78999 ], [ -122.225428, 37.793037 ], [ -122.222667, 37.791538 ], [ -122.225411, 37.788404 ], [ -122.226477, 37.789035 ], [ -122.228071, 37.78999 ] ] ] } },
{ "type": "Feature", "properties": { "GEOID": "060014081001", "NAME_x": "1", "ALAND": 3492632, "AWATER": 0, "centroid_lon": -122.15738344733022, "centroid_lat": 37.79208623134928, "NAME_y": "Block Group 1; Census Tract 4081; Alameda County; California", "B03002_001E": 1155, "B03002_001M": 360, "B03002_012E": 41, "B03002_012M": 39, "B19013_001E": 225136, "B19013_001M": 119748, "B01003_001E": 1155, "state": "06", "county": "001", "tract": "408100", "block group": "1", "latino_share": 0.0354978354978355, "latino_share_moe90": 0.031902048276356898, "camera_count": 0, "arterial_road_m": 9469.5346260772549, "crime_count_pre_treatment": 228, "land_area_km2": 3.492632, "pop_density_per_km2": 330.6961626647182, "camera_density_per_km2": 0.0, "crime_rate_per_km2": 65.280281461087228, "arterial_km_per_km2": 2.7112889723501516 }, "geometry": { "type": "Polygon", "coordinates": [ [ [ -122.173601, 37.797163 ], [ -122.170754, 37.796512 ], [ -122.170615, 37.800138 ], [ -122.168388, 37.799128 ], [ -122.168411, 37.80094 ], [ -122.170519, 37.802686 ], [ -122.170248, 37.804699 ], [ -122.167528, 37.805789 ], [ -122.164805, 37.804651 ], [ -122.164802, 37.804473 ], [ -122.164146, 37.802929 ], [ -122.161632, 37.801443 ], [ -122.161732, 37.80115 ], [ -122.162292, 37.800904 ], [ -122.162322, 37.800022 ], [ -122.159697, 37.800057 ], [ -122.15842, 37.798024 ], [ -122.15667, 37.796478 ], [ -122.152262, 37.796471 ], [ -122.152244, 37.79306 ], [ -122.143317, 37.793017 ], [ -122.143244, 37.790349 ], [ -122.141799, 37.789751 ], [ -122.143706, 37.787393 ], [ -122.134337, 37.778283 ], [ -122.133676, 37.777527 ], [ -122.134654, 37.776978 ], [ -122.141806, 37.781663 ], [ -122.142502, 37.785282 ], [ -122.14452, 37.784981 ], [ -122.146613, 37.786069 ], [ -122.14636, 37.785001 ], [ -122.148763, 37.783523 ], [ -122.150916, 37.784462 ], [ -122.153697, 37.783896 ], [ -122.157819, 37.784996 ], [ -122.163663, 37.787714 ], [ -122.165665, 37.787451 ], [ -122.168141, 37.788577 ], [ -122.16774, 37.791988 ], [ -122.171054, 37.794897 ], [ -122.175818, 37.794814 ], [ -122.173601, 37.797163 ] ] ] } },
{ "type": "Feature", "properties": { "GEOID": "060014090002", "NAME_x": "2", "ALAND": 10651418, "AWATER": 2640996, "centroid_lon": -122.21895512931336, "centroid_lat": 37.721162083058402, "NAME_y": "Block Group 2; Census Tract 4090; Alameda County; California", "B03002_001E": 0, "B03002_001M": 14, "B03002_012E": 0, "B03002_012M": 14, "B19013_001E": -666666666, "B19013_001M": -222222222, "B01003_001E": 0, "state": "06", "county": "001", "tract": "409000", "block group": "2", "latino_share": null, "latino_share_moe90": null, "camera_count": 11, "arterial_road_m": 15896.019584407923, "crime_count_pre_treatment": 34, "land_area_km2": 10.651418, "pop_density_per_km2": 0.0, "camera_density_per_km2": 1.0327263468582306, "crime_rate_per_km2": 3.1920632539254399, "arterial_km_per_km2": 1.4923852940902256 }, "geometry": { "type": "Polygon", "coordinates": [ [ [ -122.248369, 37.727772 ], [ -122.248487328517001, 37.7278947076043 ], [ -122.247912, 37.728375 ], [ -122.245039, 37.725798 ], [ -122.236181, 37.719851 ], [ -122.228343, 37.727729 ], [ -122.226768, 37.727657 ], [ -122.226443, 37.734387 ], [ -122.226492, 37.745037 ], [ -122.2266, 37.745501 ], [ -122.220994, 37.745113 ], [ -122.218703, 37.743322 ], [ -122.213328, 37.736795 ], [ -122.210493, 37.731295 ], [ -122.209391, 37.730477 ], [ -122.201359, 37.726401 ], [ -122.201078, 37.726296 ], [ -122.199778, 37.725793 ], [ -122.196747, 37.724133 ], [ -122.189138, 37.717812 ], [ -122.192905, 37.716726 ], [ -122.193401, 37.717829 ], [ -122.194714, 37.717538 ], [ -122.194265, 37.715912 ], [ -122.197028, 37.715829 ], [ -122.202166, 37.712983 ], [ -122.209726, 37.711087 ], [ -122.209187112470005, 37.710012817523598 ], [ -122.21248, 37.708971 ], [ -122.211767, 37.702013 ], [ -122.214744, 37.699247 ], [ -122.226503, 37.706526 ], [ -122.227129556354996, 37.706975761478901 ], [ -122.252172, 37.724952 ], [ -122.248369, 37.727772 ] ] ] } },
{ "type": "Feature", "properties": { "GEOID": "060014040001", "NAME_x": "1", "ALAND": 78175, "AWATER": 0, "centroid_lon": -122.25267580783068, "centroid_lat": 37.820837573354794, "NAME_y": "Block Group 1; Census Tract 4040; Alameda County; California", "B03002_001E": 801, "B03002_001M": 213, "B03002_012E": 107, "B03002_012M": 87, "B19013_001E": 93958, "B19013_001M": 40737, "B01003_001E": 801, "state": "06", "county": "001", "tract": "404000", "block group": "1", "latino_share": 0.13358302122347065, "latino_share_moe90": 0.10264128554333671, "camera_count": 1, "arterial_road_m": 1132.2148659998043, "crime_count_pre_treatment": 160, "land_area_km2": 0.078175, "pop_density_per_km2": 10246.24240486089, "camera_density_per_km2": 12.791813239526704, "crime_rate_per_km2": 2046.6901183242726, "arterial_km_per_km2": 14.48308111288525 }, "geometry": { "type": "Polygon", "coordinates": [ [ [ -122.254566, 37.821528 ], [ -122.253253, 37.821752 ], [ -122.250998, 37.822371 ], [ -122.250245, 37.820795 ], [ -122.251931, 37.820247 ], [ -122.252476, 37.819886 ], [ -122.253679, 37.819001 ], [ -122.254479, 37.819625 ], [ -122.254566, 37.821528 ] ] ] } },
{ "type": "Feature", "properties": { "GEOID": "060014037021", "NAME_x": "1", "ALAND": 107790, "AWATER": 0, "centroid_lon": -122.25006819619821, "centroid_lat": 37.809874396145723, "NAME_y": "Block Group 1; Census Tract 4037.02; Alameda County; California", "B03002_001E": 712, "B03002_001M": 176, "B03002_012E": 106, "B03002_012M": 107, "B19013_001E": 105600, "B19013_001M": 20776, "B01003_001E": 712, "state": "06", "county": "001", "tract": "403702", "block group": "1", "latino_share": 0.14887640449438203, "latino_share_moe90": 0.14570532476759393, "camera_count": 3, "arterial_road_m": 1908.9160915042551, "crime_count_pre_treatment": 542, "land_area_km2": 0.10779, "pop_density_per_km2": 6605.4364968921054, "camera_density_per_km2": 27.831895352073477, "crime_rate_per_km2": 5028.2957602746083, "arterial_km_per_km2": 17.709584298211848 }, "geometry": { "type": "Polygon", "coordinates": [ [ [ -122.252558, 37.81058 ], [ -122.251462, 37.810841 ], [ -122.250061, 37.811785 ], [ -122.248598, 37.810505 ], [ -122.246504, 37.809841 ], [ -122.246702, 37.809703 ], [ -122.249148, 37.808391 ], [ -122.250469, 37.808882 ], [ -122.252774, 37.808747 ], [ -122.252558, 37.81058 ] ] ] } },
{ "type": "Feature", "properties": { "GEOID": "060014073001", "NAME_x": "1", "ALAND": 601340, "AWATER": 0, "centroid_lon": -122.20562966266709, "centroid_lat": 37.763541084902798, "NAME_y": "Block Group 1; Census Tract 4073; Alameda County; California", "B03002_001E": 1142, "B03002_001M": 344, "B03002_012E": 723, "B03002_012M": 369, "B19013_001E": 65294, "B19013_001M": 17293, "B01003_001E": 1142, "state": "06", "county": "001", "tract": "407300", "block group": "1", "latino_share": 0.63309982486865146, "latino_share_moe90": 0.26083712614117027, "camera_count": 1, "arterial_road_m": 2587.6444689389982, "crime_count_pre_treatment": 711, "land_area_km2": 0.60134, "pop_density_per_km2": 1899.0920278045699, "camera_density_per_km2": 1.6629527388831611, "crime_rate_per_km2": 1182.3593973459274, "arterial_km_per_km2": 4.3031304568779696 }, "geometry": { "type": "Polygon", "coordinates": [ [ [ -122.210886, 37.765304 ], [ -122.207008, 37.768703 ], [ -122.20368, 37.767126 ], [ -122.199502, 37.765149 ], [ -122.205584, 37.760863 ], [ -122.200822, 37.756782 ], [ -122.202509, 37.756077 ], [ -122.210837, 37.763362 ], [ -122.209678, 37.764289 ], [ -122.210886, 37.765304 ] ] ] } },
{ "type": "Feature", "properties": { "GEOID": "060014017002", "NAME_x": "2", "ALAND": 431791, "AWATER": 0, "centroid_lon": -122.29480821522351, "centroid_lat": 37.815449182036097, "NAME_y": "Block Group 2; Census Tract 4017; Alameda County; California", "B03002_001E": 999, "B03002_001M": 322, "B03002_012E": 43, "B03002_012M": 40, "B19013_001E": 144628, "B19013_001M": 34287, "B01003_001E": 999, "state": "06", "county": "001", "tract": "401700", "block group": "2", "latino_share": 0.043043043043043044, "latino_share_moe90": 0.037559610256043589, "camera_count": 2, "arterial_road_m": 3344.9494401365732, "crime_count_pre_treatment": 623, "land_area_km2": 0.431791, "pop_density_per_km2": 2313.6193204582773, "camera_density_per_km2": 4.6318705114279828, "crime_rate_per_km2": 1442.8276643098166, "arterial_km_per_km2": 7.7466863369930667 }, "geometry": { "type": "Polygon", "coordinates": [ [ [ -122.299613, 37.815796 ], [ -122.295695, 37.81789 ], [ -122.294379, 37.819486 ], [ -122.28967, 37.817002 ], [ -122.289669, 37.816835 ], [ -122.293994, 37.811415 ], [ -122.297863, 37.813297 ], [ -122.300746, 37.814826 ], [ -122.299613, 37.815796 ] ] ] } },
{ "type": "Feature", "properties": { "GEOID": "060014061001", "NAME_x": "1", "ALAND": 538942, "AWATER": 0, "centroid_lon": -122.2248178975244, "centroid_lat": 37.774951121784731, "NAME_y": "Block Group 1; Census Tract 4061; Alameda County; California", "B03002_001E": 1387, "B03002_001M": 580, "B03002_012E": 1044, "B03002_012M": 486, "B19013_001E": -666666666, "B19013_001M": -222222222, "B01003_001E": 1387, "state": "06", "county": "001", "tract": "406100", "block group": "1", "latino_share": 0.75270367700072094, "latino_share_moe90": 0.15396651220642413, "camera_count": 5, "arterial_road_m": 9510.6084553786113, "crime_count_pre_treatment": 2884, "land_area_km2": 0.538942, "pop_density_per_km2": 2573.5607913281947, "camera_density_per_km2": 9.2774361619617682, "crime_rate_per_km2": 5351.2251782195481, "arterial_km_per_km2": 17.646812561237777 }, "geometry": { "type": "Polygon", "coordinates": [ [ [ -122.229093, 37.779343 ], [ -122.227853, 37.778614 ], [ -122.225803, 37.777643 ], [ -122.220855, 37.77526 ], [ -122.218938, 37.774348 ], [ -122.214794, 37.772376 ], [ -122.21714, 37.770585 ], [ -122.226994, 37.775237 ], [ -122.228015, 37.77314 ], [ -122.233452, 37.774957 ], [ -122.229093, 37.779343 ] ] ] } },
{ "type": "Feature", "properties": { "GEOID": "060014007002", "NAME_x": "2", "ALAND": 259868, "AWATER": 0, "centroid_lon": -122.27237273264801, "centroid_lat": 37.842659815006357, "NAME_y": "Block Group 2; Census Tract 4007; Alameda County; California", "B03002_001E": 1354, "B03002_001M": 439, "B03002_012E": 75, "B03002_012M": 65, "B19013_001E": 102386, "B19013_001M": 54270, "B01003_001E": 1354, "state": "06", "county": "001", "tract": "400700", "block group": "2", "latino_share": 0.055391432791728215, "latino_share_moe90": 0.044520020194116688, "camera_count": 4, "arterial_road_m": 1815.3252479200039, "crime_count_pre_treatment": 287, "land_area_km2": 0.259868, "pop_density_per_km2": 5210.3375559899641, "camera_density_per_km2": 15.392430002924563, "crime_rate_per_km2": 1104.4068527098373, "arterial_km_per_km2": 6.985566702787585 }, "geometry": { "type": "Polygon", "coordinates": [ [ [ -122.27701, 37.84359 ], [ -122.276524, 37.843794 ], [ -122.268183, 37.844585 ], [ -122.26807, 37.844136 ], [ -122.267562, 37.841672 ], [ -122.27658, 37.840676 ], [ -122.277026, 37.843394 ], [ -122.27701, 37.84359 ] ] ] } },
{ "type": "Feature", "properties": { "GEOID": "060014018001", "NAME_x": "1", "ALAND": 155999, "AWATER": 0, "centroid_lon": -122.29711244830511, "centroid_lat": 37.810874999741515, "NAME_y": "Block Group 1; Census Tract 4018; Alameda County; California", "B03002_001E": 856, "B03002_001M": 271, "B03002_012E": 400, "B03002_012M": 244, "B19013_001E": 90865, "B19013_001M": 32178, "B01003_001E": 856, "state": "06", "county": "001", "tract": "401800", "block group": "1", "latino_share": 0.46728971962616822, "latino_share_moe90": 0.24365094560879488, "camera_count": 0, "arterial_road_m": 227.45503023185981, "crime_count_pre_treatment": 510, "land_area_km2": 0.155999, "pop_density_per_km2": 5487.2146616324462, "camera_density_per_km2": 0.0, "crime_rate_per_km2": 3269.2517259726023, "arterial_km_per_km2": 1.4580544120914867 }, "geometry": { "type": "Polygon", "coordinates": [ [ [ -122.297863, 37.813297 ], [ -122.293994, 37.811415 ], [ -122.2964, 37.808446 ], [ -122.300212, 37.810339 ], [ -122.297863, 37.813297 ] ] ] } },
{ "type": "Feature", "properties": { "GEOID": "060014077003", "NAME_x": "3", "ALAND": 209448, "AWATER": 0, "centroid_lon": -122.19641890074811, "centroid_lat": 37.779141669633766, "NAME_y": "Block Group 3; Census Tract 4077; Alameda County; California", "B03002_001E": 829, "B03002_001M": 375, "B03002_012E": 65, "B03002_012M": 70, "B19013_001E": 212279, "B19013_001M": 28977, "B01003_001E": 829, "state": "06", "county": "001", "tract": "407700", "block group": "3", "latino_share": 0.07840772014475271, "latino_share_moe90": 0.07662888709417591, "camera_count": 0, "arterial_road_m": 0.0, "crime_count_pre_treatment": 245, "land_area_km2": 0.209448, "pop_density_per_km2": 3958.022993774111, "camera_density_per_km2": 0.0, "crime_rate_per_km2": 1169.7414155303466, "arterial_km_per_km2": 0.0 }, "geometry": { "type": "Polygon", "coordinates": [ [ [ -122.199497, 37.778386 ], [ -122.195924, 37.780924 ], [ -122.193629, 37.782553 ], [ -122.193537, 37.782575 ], [ -122.192015, 37.781062 ], [ -122.192289, 37.780473 ], [ -122.195596, 37.77824 ], [ -122.196568, 37.777805 ], [ -122.199324, 37.775641 ], [ -122.201116, 37.777237 ], [ -122.199497, 37.778386 ] ] ] } },
{ "type": "Feature", "properties": { "GEOID": "060014030002", "NAME_x": "2", "ALAND": 172291, "AWATER": 0, "centroid_lon": -122.26947979608067, "centroid_lat": 37.799971380965388, "NAME_y": "Block Group 2; Census Tract 4030; Alameda County; California", "B03002_001E": 1498, "B03002_001M": 442, "B03002_012E": 31, "B03002_012M": 37, "B19013_001E": 50156, "B19013_001M": 39061, "B01003_001E": 1498, "state": "06", "county": "001", "tract": "403000", "block group": "2", "latino_share": 0.02069425901201602, "latino_share_moe90": 0.023932955742512151, "camera_count": 3, "arterial_road_m": 3383.2752960573152, "crime_count_pre_treatment": 1523, "land_area_km2": 0.172291, "pop_density_per_km2": 8694.5922886279604, "camera_density_per_km2": 17.412401112072018, "crime_rate_per_km2": 8839.6956312285602, "arterial_km_per_km2": 19.63698217583806 }, "geometry": { "type": "Polygon", "coordinates": [ [ [ -122.270981, 37.79995 ], [ -122.268798, 37.803427 ], [ -122.26761, 37.80296 ], [ -122.266458, 37.802497 ], [ -122.267312, 37.801081 ], [ -122.268596, 37.799002 ], [ -122.27014, 37.796524 ], [ -122.272515, 37.797457 ], [ -122.270981, 37.79995 ] ] ] } },
{ "type": "Feature", "properties": { "GEOID": "060014094002", "NAME_x": "2", "ALAND": 933591, "AWATER": 0, "centroid_lon": -122.18216366918907, "centroid_lat": 37.743833831105995, "NAME_y": "Block Group 2; Census Tract 4094; Alameda County; California", "B03002_001E": 2626, "B03002_001M": 586, "B03002_012E": 1549, "B03002_012M": 598, "B19013_001E": 86607, "B19013_001M": 12039, "B01003_001E": 2626, "state": "06", "county": "001", "tract": "409400", "block group": "2", "latino_share": 0.58987052551408992, "latino_share_moe90": 0.18582472487395274, "camera_count": 3, "arterial_road_m": 1548.4949798310663, "crime_count_pre_treatment": 899, "land_area_km2": 0.933591, "pop_density_per_km2": 2812.794896266138, "camera_density_per_km2": 3.2133985867473016, "crime_rate_per_km2": 962.94844316194144, "arterial_km_per_km2": 1.6586438599248132 }, "geometry": { "type": "Polygon", "coordinates": [ [ [ -122.185952, 37.748986 ], [ -122.183321, 37.746462 ], [ -122.180062, 37.748161 ], [ -122.178615, 37.746213 ], [ -122.176993, 37.746945 ], [ -122.175999, 37.745611 ], [ -122.173901, 37.742814 ], [ -122.174793, 37.742388 ], [ -122.176947, 37.741364 ], [ -122.181561, 37.737835 ], [ -122.190731, 37.745815 ], [ -122.185952, 37.748986 ] ] ] } },
{ "type": "Feature", "properties": { "GEOID": "060014010001", "NAME_x": "1", "ALAND": 204669, "AWATER": 0, "centroid_lon": -122.26971448412253, "centroid_lat": 37.8358714861848, "NAME_y": "Block Group 1; Census Tract 4010; Alameda County; California", "B03002_001E": 1121, "B03002_001M": 419, "B03002_012E": 279, "B03002_012M": 271, "B19013_001E": 164722, "B19013_001M": 11887, "B01003_001E": 1121, "state": "06", "county": "001", "tract": "401000", "block group": "1", "latino_share": 0.2488849241748439, "latino_share_moe90": 0.22313306628681906, "camera_count": 3, "arterial_road_m": 2604.7902737596114, "crime_count_pre_treatment": 320, "land_area_km2": 0.204669, "pop_density_per_km2": 5477.1362541469398, "camera_density_per_km2": 14.657813347404835, "crime_rate_per_km2": 1563.500090389849, "arterial_km_per_km2": 12.726843213967975 }, "geometry": { "type": "Polygon", "coordinates": [ [ [ -122.275638, 37.836447 ], [ -122.274641, 37.836408 ], [ -122.266653, 37.837482 ], [ -122.265631, 37.837636 ], [ -122.266494, 37.833405 ], [ -122.267296, 37.834269 ], [ -122.275896, 37.835661 ], [ -122.275638, 37.836447 ] ] ] } },
{ "type": "Feature", "properties": { "GEOID": "060014071021", "NAME_x": "1", "ALAND": 247619, "AWATER": 0, "centroid_lon": -122.20798225533986, "centroid_lat": 37.783648419854131, "NAME_y": "Block Group 1; Census Tract 4071.02; Alameda County; California", "B03002_001E": 1350, "B03002_001M": 430, "B03002_012E": 317, "B03002_012M": 277, "B19013_001E": 62000, "B19013_001M": 10640, "B01003_001E": 1350, "state": "06", "county": "001", "tract": "407102", "block group": "1", "latino_share": 0.23481481481481481, "latino_share_moe90": 0.1910680174027625, "camera_count": 1, "arterial_road_m": 567.47201986235859, "crime_count_pre_treatment": 323, "land_area_km2": 0.247619, "pop_density_per_km2": 5451.9241253700238, "camera_density_per_km2": 4.038462315088907, "crime_rate_per_km2": 1304.4233277737169, "arterial_km_per_km2": 2.2917143670815188 }, "geometry": { "type": "Polygon", "coordinates": [ [ [ -122.210377, 37.787975 ], [ -122.207444, 37.785373 ], [ -122.20414, 37.782517 ], [ -122.206385, 37.780182 ], [ -122.20681, 37.779734 ], [ -122.208023, 37.780821 ], [ -122.209332, 37.78199 ], [ -122.210697, 37.783221 ], [ -122.209049, 37.784397 ], [ -122.211978, 37.78704 ], [ -122.210377, 37.787975 ] ] ] } },
{ "type": "Feature", "properties": { "GEOID": "060014031001", "NAME_x": "1", "ALAND": 198978, "AWATER": 0, "centroid_lon": -122.27470800695632, "centroid_lat": 37.803573281486024, "NAME_y": "Block Group 1; Census Tract 4031; Alameda County; California", "B03002_001E": 954, "B03002_001M": 201, "B03002_012E": 64, "B03002_012M": 55, "B19013_001E": 153553, "B19013_001M": 25957, "B01003_001E": 954, "state": "06", "county": "001", "tract": "403100", "block group": "1", "latino_share": 0.067085953878406712, "latino_share_moe90": 0.055892478220304333, "camera_count": 0, "arterial_road_m": 1813.949429812219, "crime_count_pre_treatment": 1281, "land_area_km2": 0.198978, "pop_density_per_km2": 4794.4998944606941, "camera_density_per_km2": 0.0, "crime_rate_per_km2": 6437.8976570274108, "arterial_km_per_km2": 9.1163316035552633 }, "geometry": { "type": "Polygon", "coordinates": [ [ [ -122.275979, 37.806222 ], [ -122.274801, 37.805769 ], [ -122.271274, 37.804361 ], [ -122.273445, 37.800927 ], [ -122.278135, 37.802763 ], [ -122.275979, 37.806222 ] ] ] } },
{ "type": "Feature", "properties": { "GEOID": "060014100001", "NAME_x": "1", "ALAND": 2603672, "AWATER": 145283, "centroid_lon": -122.12536809799876, "centroid_lat": 37.737658722164838, "NAME_y": "Block Group 1; Census Tract 4100; Alameda County; California", "B03002_001E": 1042, "B03002_001M": 228, "B03002_012E": 110, "B03002_012M": 78, "B19013_001E": 222841, "B19013_001M": 94804, "B01003_001E": 1042, "state": "06", "county": "001", "tract": "410000", "block group": "1", "latino_share": 0.10556621880998081, "latino_share_moe90": 0.07120299499747243, "camera_count": 0, "arterial_road_m": 2177.2090958229282, "crime_count_pre_treatment": 136, "land_area_km2": 2.603672, "pop_density_per_km2": 400.20401955392231, "camera_density_per_km2": 0.0, "crime_rate_per_km2": 52.233921937939954, "arterial_km_per_km2": 0.83620713201314456 }, "geometry": { "type": "Polygon", "coordinates": [ [ [ -122.140264, 37.737438 ], [ -122.140032, 37.737308 ], [ -122.139579, 37.736548 ], [ -122.139547, 37.73623 ], [ -122.138665, 37.736244 ], [ -122.138662, 37.736446 ], [ -122.138757, 37.736875 ], [ -122.139335, 37.736852 ], [ -122.139723, 37.737157 ], [ -122.139593, 37.737501 ], [ -122.135293, 37.740232 ], [ -122.131039, 37.739678 ], [ -122.127639, 37.74087 ], [ -122.128885, 37.742621 ], [ -122.120816, 37.746404 ], [ -122.115813, 37.748726 ], [ -122.115503, 37.748871 ], [ -122.114797, 37.740164 ], [ -122.115091, 37.735279 ], [ -122.119964, 37.732042 ], [ -122.121206, 37.731812 ], [ -122.122168, 37.729386 ], [ -122.124462, 37.728588 ], [ -122.127244, 37.729827 ], [ -122.131227, 37.730427 ], [ -122.132345, 37.731726 ], [ -122.130491, 37.73277 ], [ -122.132624, 37.733911 ], [ -122.134438, 37.734305 ], [ -122.136693, 37.731867 ], [ -122.138414, 37.730965 ], [ -122.138752, 37.730947 ], [ -122.138977, 37.730932 ], [ -122.139886, 37.73447 ], [ -122.140243, 37.736051 ], [ -122.140772, 37.737282 ], [ -122.140264, 37.737438 ] ] ] } },
{ "type": "Feature", "properties": { "GEOID": "060014010004", "NAME_x": "4", "ALAND": 141375, "AWATER": 0, "centroid_lon": -122.26925308147833, "centroid_lat": 37.829156506100681, "NAME_y": "Block Group 4; Census Tract 4010; Alameda County; California", "B03002_001E": 836, "B03002_001M": 559, "B03002_012E": 26, "B03002_012M": 67, "B19013_001E": 101989, "B19013_001M": 80951, "B01003_001E": 836, "state": "06", "county": "001", "tract": "401000", "block group": "4", "latino_share": 0.031100478468899521, "latino_share_moe90": 0.07739850030838609, "camera_count": 4, "arterial_road_m": 2993.6459723066209, "crime_count_pre_treatment": 341, "land_area_km2": 0.141375, "pop_density_per_km2": 5913.3510167992927, "camera_density_per_km2": 28.293545534924846, "crime_rate_per_km2": 2412.0247568523432, "arterial_km_per_km2": 21.175214658225435 }, "geometry": { "type": "Polygon", "coordinates": [ [ [ -122.270884, 37.831004 ], [ -122.268231, 37.830593 ], [ -122.267995, 37.831481 ], [ -122.266895, 37.831339 ], [ -122.267828, 37.827044 ], [ -122.271722, 37.827629 ], [ -122.270884, 37.831004 ] ] ] } },
{ "type": "Feature", "properties": { "GEOID": "060014014002", "NAME_x": "2", "ALAND": 273666, "AWATER": 0, "centroid_lon": -122.27394987719406, "centroid_lat": 37.821503103701801, "NAME_y": "Block Group 2; Census Tract 4014; Alameda County; California", "B03002_001E": 2570, "B03002_001M": 823, "B03002_012E": 539, "B03002_012M": 391, "B19013_001E": 98357, "B19013_001M": 17425, "B01003_001E": 2570, "state": "06", "county": "001", "tract": "401400", "block group": "2", "latino_share": 0.20972762645914397, "latino_share_moe90": 0.13651335226777214, "camera_count": 0, "arterial_road_m": 2562.9292868736225, "crime_count_pre_treatment": 866, "land_area_km2": 0.273666, "pop_density_per_km2": 9391.0094787076214, "camera_density_per_km2": 0.0, "crime_rate_per_km2": 3164.441326288249, "arterial_km_per_km2": 9.3651724615904879 }, "geometry": { "type": "Polygon", "coordinates": [ [ [ -122.277723, 37.824437 ], [ -122.270203, 37.822676 ], [ -122.270954, 37.819641 ], [ -122.271186, 37.818732 ], [ -122.276246, 37.819478 ], [ -122.276697, 37.820883 ], [ -122.277372, 37.822934 ], [ -122.277915, 37.824623 ], [ -122.277723, 37.824437 ] ] ] } },
{ "type": "Feature", "properties": { "GEOID": "060014071011", "NAME_x": "1", "ALAND": 222488, "AWATER": 0, "centroid_lon": -122.21580607085455, "centroid_lat": 37.782129308877998, "NAME_y": "Block Group 1; Census Tract 4071.01; Alameda County; California", "B03002_001E": 2290, "B03002_001M": 840, "B03002_012E": 1113, "B03002_012M": 534, "B19013_001E": 49648, "B19013_001M": 9895, "B01003_001E": 2290, "state": "06", "county": "001", "tract": "407101", "block group": "1", "latino_share": 0.48602620087336246, "latino_share_moe90": 0.15030852643697762, "camera_count": 1, "arterial_road_m": 610.42343965378723, "crime_count_pre_treatment": 453, "land_area_km2": 0.222488, "pop_density_per_km2": 10292.689942828378, "camera_density_per_km2": 4.4946244291826973, "crime_rate_per_km2": 2036.064866419762, "arterial_km_per_km2": 2.7436241040136422 }, "geometry": { "type": "Polygon", "coordinates": [ [ [ -122.2191, 37.7822 ], [ -122.217565, 37.783713 ], [ -122.215271, 37.785099 ], [ -122.213399, 37.783211 ], [ -122.211675, 37.784025 ], [ -122.212927, 37.781652 ], [ -122.216665, 37.779038 ], [ -122.218004, 37.780207 ], [ -122.218657, 37.780838 ], [ -122.2191, 37.7822 ] ] ] } },
{ "type": "Feature", "properties": { "GEOID": "060014091001", "NAME_x": "1", "ALAND": 298380, "AWATER": 0, "centroid_lon": -122.18289238318368, "centroid_lat": 37.732296685186256, "NAME_y": "Block Group 1; Census Tract 4091; Alameda County; California", "B03002_001E": 1420, "B03002_001M": 431, "B03002_012E": 932, "B03002_012M": 352, "B19013_001E": 81429, "B19013_001M": 34601, "B01003_001E": 1420, "state": "06", "county": "001", "tract": "409100", "block group": "1", "latino_share": 0.6563380281690141, "latino_share_moe90": 0.14752125952227677, "camera_count": 2, "arterial_road_m": 2941.3356402542377, "crime_count_pre_treatment": 449, "land_area_km2": 0.29838, "pop_density_per_km2": 4759.0321067095656, "camera_density_per_km2": 6.702862122126148, "crime_rate_per_km2": 1504.7925464173204, "arterial_km_per_km2": 9.857683625759897 }, "geometry": { "type": "Polygon", "coordinates": [ [ [ -122.186936, 37.732769 ], [ -122.186815, 37.732855 ], [ -122.186944, 37.730915 ], [ -122.185182, 37.728832 ], [ -122.183428, 37.729823 ], [ -122.184245, 37.730745 ], [ -122.182762, 37.731812 ], [ -122.181883, 37.735317 ], [ -122.183593, 37.735921 ], [ -122.18335, 37.736426 ], [ -122.181561, 37.737835 ], [ -122.179782, 37.736267 ], [ -122.179316, 37.73413 ], [ -122.184167, 37.726529 ], [ -122.188784, 37.731729 ], [ -122.186936, 37.732769 ] ] ] } },
{ "type": "Feature", "properties": { "GEOID": "060014056003", "NAME_x": "3", "ALAND": 132026, "AWATER": 0, "centroid_lon": -122.24012772959884, "centroid_lat": 37.801012888093233, "NAME_y": "Block Group 3; Census Tract 4056; Alameda County; California", "B03002_001E": 1683, "B03002_001M": 334, "B03002_012E": 527, "B03002_012M": 278, "B19013_001E": 85366, "B19013_001M": 21578, "B01003_001E": 1683, "state": "06", "county": "001", "tract": "405600", "block group": "3", "latino_share": 0.31313131313131315, "latino_share_moe90": 0.15304621577109173, "camera_count": 0, "arterial_road_m": 346.5469567518432, "crime_count_pre_treatment": 366, "land_area_km2": 0.132026, "pop_density_per_km2": 12747.489130928756, "camera_density_per_km2": 0.0, "crime_rate_per_km2": 2772.18123702907, "arterial_km_per_km2": 2.624838719281378 }, "geometry": { "type": "Polygon", "coordinates": [ [ [ -122.242198, 37.801722 ], [ -122.241671, 37.802399 ], [ -122.240188, 37.802549 ], [ -122.237222, 37.803121 ], [ -122.238061, 37.802467 ], [ -122.238268, 37.801557 ], [ -122.237543, 37.800727 ], [ -122.240474, 37.798669 ], [ -122.241291, 37.799393 ], [ -122.242961, 37.800873 ], [ -122.242198, 37.801722 ] ] ] } },
{ "type": "Feature", "properties": { "GEOID": "060014033022", "NAME_x": "2", "ALAND": 583321, "AWATER": 104126, "centroid_lon": -122.26588357657668, "centroid_lat": 37.793428021141288, "NAME_y": "Block Group 2; Census Tract 4033.02; Alameda County; California", "B03002_001E": 1249, "B03002_001M": 321, "B03002_012E": 98, "B03002_012M": 67, "B19013_001E": 89951, "B19013_001M": 45603, "B01003_001E": 1249, "state": "06", "county": "001", "tract": "403302", "block group": "2", "latino_share": 0.078462770216172942, "latino_share_moe90": 0.049708349828000341, "camera_count": 4, "arterial_road_m": 5528.5382997706356, "crime_count_pre_treatment": 978, "land_area_km2": 0.583321, "pop_density_per_km2": 2141.188127977563, "camera_density_per_km2": 6.8572878398000414, "crime_rate_per_km2": 1676.6068768311102, "arterial_km_per_km2": 9.4776946137214946 }, "geometry": { "type": "Polygon", "coordinates": [ [ [ -122.273681, 37.79221 ], [ -122.272125, 37.793359 ], [ -122.268353, 37.792128 ], [ -122.267604, 37.793525 ], [ -122.266615, 37.795117 ], [ -122.265066, 37.797622 ], [ -122.263752, 37.7997 ], [ -122.260417, 37.798333 ], [ -122.259554, 37.798301 ], [ -122.259496, 37.796832 ], [ -122.259577, 37.79632 ], [ -122.260806, 37.79528 ], [ -122.261327, 37.793807 ], [ -122.263018, 37.790816 ], [ -122.264448, 37.790678 ], [ -122.268544, 37.787934 ], [ -122.274225, 37.791259 ], [ -122.273681, 37.79221 ] ] ] } },
{ "type": "Feature", "properties": { "GEOID": "060014016002", "NAME_x": "2", "ALAND": 261886, "AWATER": 0, "centroid_lon": -122.28119388246506, "centroid_lat": 37.815848997237865, "NAME_y": "Block Group 2; Census Tract 4016; Alameda County; California", "B03002_001E": 1392, "B03002_001M": 287, "B03002_012E": 111, "B03002_012M": 51, "B19013_001E": 114118, "B19013_001M": 61259, "B01003_001E": 1392, "state": "06", "county": "001", "tract": "401600", "block group": "2", "latino_share": 0.079741379310344834, "latino_share_moe90": 0.032741926951007437, "camera_count": 1, "arterial_road_m": 900.44908599556629, "crime_count_pre_treatment": 542, "land_area_km2": 0.261886, "pop_density_per_km2": 5315.2898589462593, "camera_density_per_km2": 3.8184553584384044, "crime_rate_per_km2": 2069.6028042736152, "arterial_km_per_km2": 3.4383246374207337 }, "geometry": { "type": "Polygon", "coordinates": [ [ [ -122.288425, 37.81831 ], [ -122.27814, 37.815875 ], [ -122.275265, 37.816452 ], [ -122.274122, 37.812829 ], [ -122.275858, 37.813468 ], [ -122.278681, 37.814574 ], [ -122.280237, 37.814777 ], [ -122.284024, 37.815622 ], [ -122.28967, 37.817002 ], [ -122.288425, 37.81831 ] ] ] } },
{ "type": "Feature", "properties": { "GEOID": "060014059022", "NAME_x": "2", "ALAND": 287392, "AWATER": 0, "centroid_lon": -122.24231832001432, "centroid_lat": 37.789782274459462, "NAME_y": "Block Group 2; Census Tract 4059.02; Alameda County; California", "B03002_001E": 1425, "B03002_001M": 400, "B03002_012E": 503, "B03002_012M": 267, "B19013_001E": 68750, "B19013_001M": 10266, "B01003_001E": 1425, "state": "06", "county": "001", "tract": "405902", "block group": "2", "latino_share": 0.3529824561403509, "latino_share_moe90": 0.15902680591960694, "camera_count": 3, "arterial_road_m": 1943.6752824312366, "crime_count_pre_treatment": 866, "land_area_km2": 0.287392, "pop_density_per_km2": 4958.3843669969938, "camera_density_per_km2": 10.438703930519987, "crime_rate_per_km2": 3013.3058679434362, "arterial_km_per_km2": 6.7631502701231652 }, "geometry": { "type": "Polygon", "coordinates": [ [ [ -122.247175, 37.789913 ], [ -122.243512, 37.792528 ], [ -122.242618, 37.793164 ], [ -122.242057, 37.792273 ], [ -122.237876, 37.789765 ], [ -122.237974, 37.789708 ], [ -122.239448, 37.788135 ], [ -122.241044, 37.786487 ], [ -122.245238, 37.788992 ], [ -122.247175, 37.789913 ] ] ] } },
{ "type": "Feature", "properties": { "GEOID": "060014009002", "NAME_x": "2", "ALAND": 200503, "AWATER": 0, "centroid_lon": -122.28090060670179, "centroid_lat": 37.838168759979652, "NAME_y": "Block Group 2; Census Tract 4009; Alameda County; California", "B03002_001E": 1424, "B03002_001M": 446, "B03002_012E": 467, "B03002_012M": 327, "B19013_001E": 127813, "B19013_001M": 107973, "B01003_001E": 1424, "state": "06", "county": "001", "tract": "400900", "block group": "2", "latino_share": 0.3279494382022472, "latino_share_moe90": 0.20538229500676142, "camera_count": 0, "arterial_road_m": 344.20961239431642, "crime_count_pre_treatment": 214, "land_area_km2": 0.200503, "pop_density_per_km2": 7102.1381226216072, "camera_density_per_km2": 0.0, "crime_rate_per_km2": 1067.3157010119551, "arterial_km_per_km2": 1.7167304848023044 }, "geometry": { "type": "Polygon", "coordinates": [ [ [ -122.285576, 37.839778 ], [ -122.283135, 37.84082 ], [ -122.282383, 37.838462 ], [ -122.282179, 37.838344 ], [ -122.276311, 37.839266 ], [ -122.275718, 37.83816 ], [ -122.27622, 37.836818 ], [ -122.281649, 37.836692 ], [ -122.281963, 37.837181 ], [ -122.284491, 37.836715 ], [ -122.285576, 37.839778 ] ] ] } },
{ "type": "Feature", "properties": { "GEOID": "060014080002", "NAME_x": "2", "ALAND": 1428557, "AWATER": 0, "centroid_lon": -122.18212281786417, "centroid_lat": 37.801356483809457, "NAME_y": "Block Group 2; Census Tract 4080; Alameda County; California", "B03002_001E": 2150, "B03002_001M": 297, "B03002_012E": 262, "B03002_012M": 118, "B19013_001E": 199167, "B19013_001M": 41930, "B01003_001E": 2150, "state": "06", "county": "001", "tract": "408000", "block group": "2", "latino_share": 0.12186046511627907, "latino_share_moe90": 0.052238374327375318, "camera_count": 4, "arterial_road_m": 8815.0414738654217, "crime_count_pre_treatment": 429, "land_area_km2": 1.428557, "pop_density_per_km2": 1505.0152006535266, "camera_density_per_km2": 2.8000282802856309, "crime_rate_per_km2": 300.30303306063388, "arterial_km_per_km2": 6.1705913546784776 }, "geometry": { "type": "Polygon", "coordinates": [ [ [ -122.197202, 37.810958 ], [ -122.194649, 37.810822 ], [ -122.19377, 37.808759 ], [ -122.191974, 37.807482 ], [ -122.190461, 37.80724 ], [ -122.189759, 37.808212 ], [ -122.186928, 37.807516 ], [ -122.187937, 37.806617 ], [ -122.186782, 37.805737 ], [ -122.184724, 37.805546 ], [ -122.181652, 37.801873 ], [ -122.180049, 37.802451 ], [ -122.180543, 37.804523 ], [ -122.178786, 37.803131 ], [ -122.178139, 37.803964 ], [ -122.176953, 37.804711 ], [ -122.175957, 37.802699 ], [ -122.170615, 37.800138 ], [ -122.170754, 37.796512 ], [ -122.173601, 37.797163 ], [ -122.175818, 37.794814 ], [ -122.17692, 37.794239 ], [ -122.182769, 37.796717 ], [ -122.185369, 37.798489 ], [ -122.190151, 37.802808 ], [ -122.194059, 37.807423 ], [ -122.195357, 37.808705 ], [ -122.197791, 37.810589 ], [ -122.197202, 37.810958 ] ] ] } },
{ "type": "Feature", "properties": { "GEOID": "060014051003", "NAME_x": "3", "ALAND": 282514, "AWATER": 0, "centroid_lon": -122.23754007358791, "centroid_lat": 37.809782079908601, "NAME_y": "Block Group 3; Census Tract 4051; Alameda County; California", "B03002_001E": 1053, "B03002_001M": 292, "B03002_012E": 0, "B03002_012M": 14, "B19013_001E": 250001, "B19013_001M": -333333333, "B01003_001E": 1053, "state": "06", "county": "001", "tract": "405100", "block group": "3", "latino_share": 0.0, "latino_share_moe90": 0.013295346628679962, "camera_count": 2, "arterial_road_m": 1061.3110991487622, "crime_count_pre_treatment": 232, "land_area_km2": 0.282514, "pop_density_per_km2": 3727.2489150980132, "camera_density_per_km2": 7.0792951853713451, "crime_rate_per_km2": 821.19824150307602, "arterial_km_per_km2": 3.7566672771925012 }, "geometry": { "type": "Polygon", "coordinates": [ [ [ -122.242276, 37.811565 ], [ -122.241101, 37.81276 ], [ -122.240184, 37.811434 ], [ -122.235304, 37.811544 ], [ -122.234447, 37.811225 ], [ -122.232587, 37.809895 ], [ -122.234992, 37.8072 ], [ -122.2372, 37.807052 ], [ -122.243289, 37.811055 ], [ -122.242276, 37.811565 ] ] ] } },
{ "type": "Feature", "properties": { "GEOID": "060014004001", "NAME_x": "1", "ALAND": 267356, "AWATER": 0, "centroid_lon": -122.25494324609649, "centroid_lat": 37.85010844535141, "NAME_y": "Block Group 1; Census Tract 4004; Alameda County; California", "B03002_001E": 1033, "B03002_001M": 230, "B03002_012E": 152, "B03002_012M": 105, "B19013_001E": 145250, "B19013_001M": 22219, "B01003_001E": 1033, "state": "06", "county": "001", "tract": "400400", "block group": "1", "latino_share": 0.14714424007744434, "latino_share_moe90": 0.096221080003937018, "camera_count": 0, "arterial_road_m": 383.88133287327707, "crime_count_pre_treatment": 197, "land_area_km2": 0.267356, "pop_density_per_km2": 3863.7621747781986, "camera_density_per_km2": 0.0, "crime_rate_per_km2": 736.84525501578423, "arterial_km_per_km2": 1.435843343232533 }, "geometry": { "type": "Polygon", "coordinates": [ [ [ -122.257251, 37.853176 ], [ -122.256197, 37.853449 ], [ -122.253346, 37.85383 ], [ -122.25331, 37.853466 ], [ -122.252503, 37.850826 ], [ -122.25235, 37.849428 ], [ -122.255084, 37.846069 ], [ -122.256205, 37.844686 ], [ -122.256578, 37.847773 ], [ -122.257251, 37.853176 ] ] ] } },
{ "type": "Feature", "properties": { "GEOID": "060014066012", "NAME_x": "2", "ALAND": 198507, "AWATER": 0, "centroid_lon": -122.21110873724963, "centroid_lat": 37.79218010283558, "NAME_y": "Block Group 2; Census Tract 4066.01; Alameda County; California", "B03002_001E": 1544, "B03002_001M": 554, "B03002_012E": 555, "B03002_012M": 379, "B19013_001E": 65833, "B19013_001M": 20021, "B01003_001E": 1544, "state": "06", "county": "001", "tract": "406601", "block group": "2", "latino_share": 0.3594559585492228, "latino_share_moe90": 0.20885153479642768, "camera_count": 0, "arterial_road_m": 588.72998208671129, "crime_count_pre_treatment": 403, "land_area_km2": 0.198507, "pop_density_per_km2": 7778.0632421022938, "camera_density_per_km2": 0.0, "crime_rate_per_km2": 2030.1551078803268, "arterial_km_per_km2": 2.9657895292695535 }, "geometry": { "type": "Polygon", "coordinates": [ [ [ -122.21253, 37.794736 ], [ -122.209145, 37.793249 ], [ -122.206753, 37.792077 ], [ -122.211104, 37.789688 ], [ -122.211685, 37.790305 ], [ -122.214825, 37.791757 ], [ -122.21253, 37.794736 ] ] ] } },
{ "type": "Feature", "properties": { "GEOID": "060014096002", "NAME_x": "2", "ALAND": 148066, "AWATER": 0, "centroid_lon": -122.17050458792478, "centroid_lat": 37.753611913720398, "NAME_y": "Block Group 2; Census Tract 4096; Alameda County; California", "B03002_001E": 704, "B03002_001M": 458, "B03002_012E": 184, "B03002_012M": 214, "B19013_001E": -666666666, "B19013_001M": -222222222, "B01003_001E": 704, "state": "06", "county": "001", "tract": "409600", "block group": "2", "latino_share": 0.26136363636363635, "latino_share_moe90": 0.25197286913525146, "camera_count": 0, "arterial_road_m": 0.0, "crime_count_pre_treatment": 254, "land_area_km2": 0.148066, "pop_density_per_km2": 4754.6364459092565, "camera_density_per_km2": 0.0, "crime_rate_per_km2": 1715.4512177002148, "arterial_km_per_km2": 0.0 }, "geometry": { "type": "Polygon", "coordinates": [ [ [ -122.173436, 37.754435 ], [ -122.169977, 37.756045 ], [ -122.169531, 37.755422 ], [ -122.167571, 37.752785 ], [ -122.167868, 37.752648 ], [ -122.17103, 37.751185 ], [ -122.172533, 37.753221 ], [ -122.173436, 37.754435 ] ] ] } },
{ "type": "Feature", "properties": { "GEOID": "060014081005", "NAME_x": "5", "ALAND": 2235634, "AWATER": 0, "centroid_lon": -122.17039054525239, "centroid_lat": 37.786226345440284, "NAME_y": "Block Group 5; Census Tract 4081; Alameda County; California", "B03002_001E": 2791, "B03002_001M": 698, "B03002_012E": 358, "B03002_012M": 278, "B19013_001E": 219034, "B19013_001M": 75327, "B01003_001E": 2791, "state": "06", "county": "001", "tract": "408100", "block group": "5", "latino_share": 0.12826943747760658, "latino_share_moe90": 0.09429887587424983, "camera_count": 5, "arterial_road_m": 7613.4012597605933, "crime_count_pre_treatment": 395, "land_area_km2": 2.235634, "pop_density_per_km2": 1248.4154383051966, "camera_density_per_km2": 2.2365020392425592, "crime_rate_per_km2": 176.68366110016217, "arterial_km_per_km2": 3.4054774886052872 }, "geometry": { "type": "Polygon", "coordinates": [ [ [ -122.185369, 37.798489 ], [ -122.182769, 37.796717 ], [ -122.17692, 37.794239 ], [ -122.175818, 37.794814 ], [ -122.171054, 37.794897 ], [ -122.16774, 37.791988 ], [ -122.168141, 37.788577 ], [ -122.167998, 37.787511 ], [ -122.165796, 37.786463 ], [ -122.163193, 37.786616 ], [ -122.162598, 37.784974 ], [ -122.159048, 37.783227 ], [ -122.155362, 37.779359 ], [ -122.156336, 37.780235 ], [ -122.161263, 37.777727 ], [ -122.163958, 37.779963 ], [ -122.164035, 37.776422 ], [ -122.165991, 37.777292 ], [ -122.173619, 37.781129 ], [ -122.177329, 37.783424 ], [ -122.178401, 37.783822 ], [ -122.178321, 37.784669 ], [ -122.177195, 37.787633 ], [ -122.179924, 37.790628 ], [ -122.179633, 37.791688 ], [ -122.181569, 37.794211 ], [ -122.181994, 37.79387 ], [ -122.184387, 37.797244 ], [ -122.185369, 37.798489 ] ] ] } },
{ "type": "Feature", "properties": { "GEOID": "060019832002", "NAME_x": "2", "ALAND": 172635, "AWATER": 27229, "centroid_lon": -122.27335204892235, "centroid_lat": 37.795049553859336, "NAME_y": "Block Group 2; Census Tract 9832; Alameda County; California", "B03002_001E": 574, "B03002_001M": 107, "B03002_012E": 20, "B03002_012M": 33, "B19013_001E": 186875, "B19013_001M": 19437, "B01003_001E": 574, "state": "06", "county": "001", "tract": "983200", "block group": "2", "latino_share": 0.03484320557491289, "latino_share_moe90": 0.057123210730129818, "camera_count": 3, "arterial_road_m": 2898.7185905417896, "crime_count_pre_treatment": 739, "land_area_km2": 0.172635, "pop_density_per_km2": 3324.9341095374634, "camera_density_per_km2": 17.377704405248064, "crime_rate_per_km2": 4280.7078518261069, "arterial_km_per_km2": 16.791024940144172 }, "geometry": { "type": "Polygon", "coordinates": [ [ [ -122.276005, 37.792175 ], [ -122.273749, 37.795916 ], [ -122.275899, 37.796749 ], [ -122.274935, 37.798276 ], [ -122.272515, 37.797457 ], [ -122.27014, 37.796524 ], [ -122.270752, 37.795573 ], [ -122.272125, 37.793359 ], [ -122.273681, 37.79221 ], [ -122.274225, 37.791259 ], [ -122.274709, 37.791511 ], [ -122.276005, 37.792175 ] ] ] } },
{ "type": "Feature", "properties": { "GEOID": "060014086001", "NAME_x": "1", "ALAND": 513122, "AWATER": 0, "centroid_lon": -122.17854019244838, "centroid_lat": 37.768625690394778, "NAME_y": "Block Group 1; Census Tract 4086; Alameda County; California", "B03002_001E": 2280, "B03002_001M": 817, "B03002_012E": 1046, "B03002_012M": 714, "B19013_001E": 113750, "B19013_001M": 93769, "B01003_001E": 2280, "state": "06", "county": "001", "tract": "408600", "block group": "1", "latino_share": 0.45877192982456139, "latino_share_moe90": 0.26653839914513944, "camera_count": 2, "arterial_road_m": 3605.7216539803694, "crime_count_pre_treatment": 1111, "land_area_km2": 0.513122, "pop_density_per_km2": 4443.3877323521501, "camera_density_per_km2": 3.8977085371510092, "crime_rate_per_km2": 2165.1770923873855, "arterial_km_per_km2": 7.027026036654771 }, "geometry": { "type": "Polygon", "coordinates": [ [ [ -122.182718, 37.766034 ], [ -122.17957, 37.768049 ], [ -122.181871, 37.769571 ], [ -122.181595, 37.771872 ], [ -122.181981, 37.772422 ], [ -122.179729, 37.773893 ], [ -122.177957, 37.772563 ], [ -122.176807, 37.77141 ], [ -122.172, 37.769173 ], [ -122.172133, 37.769131 ], [ -122.176639, 37.766336 ], [ -122.177197, 37.765816 ], [ -122.177427, 37.765596 ], [ -122.181175, 37.76318 ], [ -122.183249, 37.765211 ], [ -122.182718, 37.766034 ] ] ] } },
{ "type": "Feature", "properties": { "GEOID": "060014076001", "NAME_x": "1", "ALAND": 240620, "AWATER": 0, "centroid_lon": -122.19995185485131, "centroid_lat": 37.781572932627874, "NAME_y": "Block Group 1; Census Tract 4076; Alameda County; California", "B03002_001E": 1713, "B03002_001M": 797, "B03002_012E": 697, "B03002_012M": 533, "B19013_001E": 146312, "B19013_001M": 61212, "B01003_001E": 1713, "state": "06", "county": "001", "tract": "407600", "block group": "1", "latino_share": 0.40688849970811442, "latino_share_moe90": 0.24693237831784656, "camera_count": 0, "arterial_road_m": 0.0, "crime_count_pre_treatment": 269, "land_area_km2": 0.24062, "pop_density_per_km2": 7119.108968498047, "camera_density_per_km2": 0.0, "crime_rate_per_km2": 1117.945307954451, "arterial_km_per_km2": 0.0 }, "geometry": { "type": "Polygon", "coordinates": [ [ [ -122.200715, 37.784273 ], [ -122.200124, 37.784571 ], [ -122.195924, 37.780924 ], [ -122.199497, 37.778386 ], [ -122.20414, 37.782517 ], [ -122.200715, 37.784273 ] ] ] } },
{ "type": "Feature", "properties": { "GEOID": "060014100002", "NAME_x": "2", "ALAND": 2391119, "AWATER": 0, "centroid_lon": -122.13429107950489, "centroid_lat": 37.745650045694916, "NAME_y": "Block Group 2; Census Tract 4100; Alameda County; California", "B03002_001E": 2011, "B03002_001M": 493, "B03002_012E": 42, "B03002_012M": 64, "B19013_001E": 168813, "B19013_001M": 84906, "B01003_001E": 2011, "state": "06", "county": "001", "tract": "410000", "block group": "2", "latino_share": 0.020885131775236199, "latino_share_moe90": 0.031410405867472034, "camera_count": 0, "arterial_road_m": 5518.9403862188356, "crime_count_pre_treatment": 240, "land_area_km2": 2.391119, "pop_density_per_km2": 841.02882374319302, "camera_density_per_km2": 0.0, "crime_rate_per_km2": 100.37141606084849, "arterial_km_per_km2": 2.3080994238341273 }, "geometry": { "type": "Polygon", "coordinates": [ [ [ -122.148647, 37.745129 ], [ -122.143607, 37.748562 ], [ -122.14215, 37.74737 ], [ -122.136359, 37.750414 ], [ -122.127378, 37.754464 ], [ -122.12401, 37.751307 ], [ -122.120816, 37.746404 ], [ -122.128885, 37.742621 ], [ -122.127639, 37.74087 ], [ -122.131039, 37.739678 ], [ -122.135293, 37.740232 ], [ -122.139593, 37.737501 ], [ -122.139723, 37.737157 ], [ -122.139335, 37.736852 ], [ -122.138757, 37.736875 ], [ -122.138662, 37.736446 ], [ -122.138665, 37.736244 ], [ -122.139547, 37.73623 ], [ -122.139579, 37.736548 ], [ -122.140032, 37.737308 ], [ -122.140264, 37.737438 ], [ -122.140772, 37.737282 ], [ -122.144044, 37.740307 ], [ -122.146051, 37.742802 ], [ -122.145883, 37.742969 ], [ -122.148647, 37.745129 ] ] ] } },
{ "type": "Feature", "properties": { "GEOID": "060014008002", "NAME_x": "2", "ALAND": 219852, "AWATER": 0, "centroid_lon": -122.28228782263298, "centroid_lat": 37.845295910113691, "NAME_y": "Block Group 2; Census Tract 4008; Alameda County; California", "B03002_001E": 1480, "B03002_001M": 483, "B03002_012E": 179, "B03002_012M": 134, "B19013_001E": 152513, "B19013_001M": 59547, "B01003_001E": 1480, "state": "06", "county": "001", "tract": "400800", "block group": "2", "latino_share": 0.12094594594594595, "latino_share_moe90": 0.081483984155728897, "camera_count": 0, "arterial_road_m": 460.66928618014123, "crime_count_pre_treatment": 187, "land_area_km2": 0.219852, "pop_density_per_km2": 6731.8013936648294, "camera_density_per_km2": 0.0, "crime_rate_per_km2": 850.57220311846152, "arterial_km_per_km2": 2.0953609072473358 }, "geometry": { "type": "Polygon", "coordinates": [ [ [ -122.287499, 37.845772 ], [ -122.284814, 37.846035 ], [ -122.277548, 37.847038 ], [ -122.277186, 37.844823 ], [ -122.284259, 37.844019 ], [ -122.286714, 37.843345 ], [ -122.287499, 37.845772 ] ] ] } },
{ "type": "Feature", "properties": { "GEOID": "060014087005", "NAME_x": "5", "ALAND": 179645, "AWATER": 0, "centroid_lon": -122.19247023640264, "centroid_lat": 37.767569376111311, "NAME_y": "Block Group 5; Census Tract 4087; Alameda County; California", "B03002_001E": 781, "B03002_001M": 505, "B03002_012E": 409, "B03002_012M": 413, "B19013_001E": 98259, "B19013_001M": 86871, "B01003_001E": 781, "state": "06", "county": "001", "tract": "408700", "block group": "5", "latino_share": 0.52368758002560822, "latino_share_moe90": 0.40617198178224895, "camera_count": 0, "arterial_road_m": 416.36737970841455, "crime_count_pre_treatment": 275, "land_area_km2": 0.179645, "pop_density_per_km2": 4347.4630521305908, "camera_density_per_km2": 0.0, "crime_rate_per_km2": 1530.7968493417573, "arterial_km_per_km2": 2.3177231746411788 }, "geometry": { "type": "Polygon", "coordinates": [ [ [ -122.194984, 37.768322 ], [ -122.192194, 37.770292 ], [ -122.189033, 37.767452 ], [ -122.19308, 37.764803 ], [ -122.195729, 37.767804 ], [ -122.194984, 37.768322 ] ] ] } },
{ "type": "Feature", "properties": { "GEOID": "060014002001", "NAME_x": "1", "ALAND": 288070, "AWATER": 0, "centroid_lon": -122.24883738189335, "centroid_lat": 37.849744565426207, "NAME_y": "Block Group 1; Census Tract 4002; Alameda County; California", "B03002_001E": 904, "B03002_001M": 162, "B03002_012E": 40, "B03002_012M": 27, "B19013_001E": 226094, "B19013_001M": 19087, "B01003_001E": 904, "state": "06", "county": "001", "tract": "400200", "block group": "1", "latino_share": 0.044247787610619468, "latino_share_moe90": 0.028795455654290456, "camera_count": 4, "arterial_road_m": 1191.2921843683193, "crime_count_pre_treatment": 573, "land_area_km2": 0.28807, "pop_density_per_km2": 3138.126149894123, "camera_density_per_km2": 13.885513937584616, "crime_rate_per_km2": 1989.099871558996, "arterial_km_per_km2": 4.1354260574454793 }, "geometry": { "type": "Polygon", "coordinates": [ [ [ -122.25235, 37.849428 ], [ -122.252503, 37.850826 ], [ -122.25096, 37.851159 ], [ -122.244781, 37.851733 ], [ -122.243991, 37.851777 ], [ -122.241914, 37.851909 ], [ -122.242427, 37.850833 ], [ -122.244044, 37.850257 ], [ -122.255084, 37.846069 ], [ -122.25235, 37.849428 ] ] ] } },
{ "type": "Feature", "properties": { "GEOID": "060014063002", "NAME_x": "2", "ALAND": 144644, "AWATER": 0, "centroid_lon": -122.22472860312256, "centroid_lat": 37.788364278933962, "NAME_y": "Block Group 2; Census Tract 4063; Alameda County; California", "B03002_001E": 1119, "B03002_001M": 479, "B03002_012E": 546, "B03002_012M": 452, "B19013_001E": 65972, "B19013_001M": 27332, "B01003_001E": 1119, "state": "06", "county": "001", "tract": "406300", "block group": "2", "latino_share": 0.48793565683646112, "latino_share_moe90": 0.3457398938375828, "camera_count": 0, "arterial_road_m": 0.0, "crime_count_pre_treatment": 272, "land_area_km2": 0.144644, "pop_density_per_km2": 7736.2351704875418, "camera_density_per_km2": 0.0, "crime_rate_per_km2": 1880.4789690550595, "arterial_km_per_km2": 0.0 }, "geometry": { "type": "Polygon", "coordinates": [ [ [ -122.227247, 37.788153 ], [ -122.226477, 37.789035 ], [ -122.225411, 37.788404 ], [ -122.222667, 37.791538 ], [ -122.221573, 37.790949 ], [ -122.223485, 37.788183 ], [ -122.224369, 37.785646 ], [ -122.225307, 37.786098 ], [ -122.228901, 37.788213 ], [ -122.227247, 37.788153 ] ] ] } },
{ "type": "Feature", "properties": { "GEOID": "060014096003", "NAME_x": "3", "ALAND": 116028, "AWATER": 0, "centroid_lon": -122.16958486289062, "centroid_lat": 37.750285097573951, "NAME_y": "Block Group 3; Census Tract 4096; Alameda County; California", "B03002_001E": 1357, "B03002_001M": 509, "B03002_012E": 988, "B03002_012M": 464, "B19013_001E": 61568, "B19013_001M": 20743, "B01003_001E": 1357, "state": "06", "county": "001", "tract": "409600", "block group": "3", "latino_share": 0.72807663964627856, "latino_share_moe90": 0.20575544760432596, "camera_count": 0, "arterial_road_m": 369.03958640987139, "crime_count_pre_treatment": 254, "land_area_km2": 0.116028, "pop_density_per_km2": 11695.452821732684, "camera_density_per_km2": 0.0, "crime_rate_per_km2": 2189.1267625056021, "arterial_km_per_km2": 3.1806080119442837 }, "geometry": { "type": "Polygon", "coordinates": [ [ [ -122.17103, 37.751185 ], [ -122.167868, 37.752648 ], [ -122.168291, 37.75126 ], [ -122.167145, 37.749709 ], [ -122.169303, 37.748714 ], [ -122.170375, 37.748217 ], [ -122.172159, 37.750596 ], [ -122.17103, 37.751185 ] ] ] } },
{ "type": "Feature", "properties": { "GEOID": "060014081002", "NAME_x": "2", "ALAND": 828692, "AWATER": 0, "centroid_lon": -122.1551977341248, "centroid_lat": 37.775283935329007, "NAME_y": "Block Group 2; Census Tract 4081; Alameda County; California", "B03002_001E": 1222, "B03002_001M": 330, "B03002_012E": 63, "B03002_012M": 63, "B19013_001E": 115996, "B19013_001M": 25289, "B01003_001E": 1222, "state": "06", "county": "001", "tract": "408100", "block group": "2", "latino_share": 0.051554828150572829, "latino_share_moe90": 0.049639388549949419, "camera_count": 3, "arterial_road_m": 3295.0012079484677, "crime_count_pre_treatment": 270, "land_area_km2": 0.828692, "pop_density_per_km2": 1474.6130045903665, "camera_density_per_km2": 3.6201628590598198, "crime_rate_per_km2": 325.81465731538378, "arterial_km_per_km2": 3.9761469978574282 }, "geometry": { "type": "Polygon", "coordinates": [ [ [ -122.163958, 37.779963 ], [ -122.161263, 37.777727 ], [ -122.156336, 37.780235 ], [ -122.155362, 37.779359 ], [ -122.152202, 37.776988 ], [ -122.152033, 37.774973 ], [ -122.1462, 37.775025 ], [ -122.14496, 37.774417 ], [ -122.148254, 37.772149 ], [ -122.147745, 37.771393 ], [ -122.150944, 37.770404 ], [ -122.153957, 37.7724 ], [ -122.155824, 37.772354 ], [ -122.156288, 37.772002 ], [ -122.158068, 37.773348 ], [ -122.164035, 37.776422 ], [ -122.163958, 37.779963 ] ] ] } },
{ "type": "Feature", "properties": { "GEOID": "060014068002", "NAME_x": "2", "ALAND": 192437, "AWATER": 0, "centroid_lon": -122.19395259780684, "centroid_lat": 37.798190036271286, "NAME_y": "Block Group 2; Census Tract 4068; Alameda County; California", "B03002_001E": 759, "B03002_001M": 239, "B03002_012E": 135, "B03002_012M": 116, "B19013_001E": 124659, "B19013_001M": 41397, "B01003_001E": 759, "state": "06", "county": "001", "tract": "406800", "block group": "2", "latino_share": 0.17786561264822134, "latino_share_moe90": 0.1422004165914115, "camera_count": 0, "arterial_road_m": 782.14689051559867, "crime_count_pre_treatment": 132, "land_area_km2": 0.192437, "pop_density_per_km2": 3944.147954915115, "camera_density_per_km2": 0.0, "crime_rate_per_km2": 685.9387747678461, "arterial_km_per_km2": 4.0644309073390188 }, "geometry": { "type": "Polygon", "coordinates": [ [ [ -122.19677, 37.798152 ], [ -122.194663, 37.80177 ], [ -122.193382, 37.801326 ], [ -122.191753, 37.798872 ], [ -122.193066, 37.798061 ], [ -122.192472, 37.797505 ], [ -122.191046, 37.795698 ], [ -122.191543, 37.795091 ], [ -122.194294, 37.795426 ], [ -122.195495, 37.796722 ], [ -122.19677, 37.798152 ] ] ] } },
{ "type": "Feature", "properties": { "GEOID": "060014064002", "NAME_x": "2", "ALAND": 347023, "AWATER": 77536, "centroid_lon": -122.2227369221733, "centroid_lat": 37.79580282815661, "NAME_y": "Block Group 2; Census Tract 4064; Alameda County; California", "B03002_001E": 1834, "B03002_001M": 583, "B03002_012E": 696, "B03002_012M": 567, "B19013_001E": 61250, "B19013_001M": 49192, "B01003_001E": 1834, "state": "06", "county": "001", "tract": "406400", "block group": "2", "latino_share": 0.37949836423118866, "latino_share_moe90": 0.28465224793299654, "camera_count": 0, "arterial_road_m": 989.99517630659079, "crime_count_pre_treatment": 316, "land_area_km2": 0.347023, "pop_density_per_km2": 5284.9522942283356, "camera_density_per_km2": 0.0, "crime_rate_per_km2": 910.60246727162166, "arterial_km_per_km2": 2.8528229434550183 }, "geometry": { "type": "Polygon", "coordinates": [ [ [ -122.226685, 37.793545 ], [ -122.225399, 37.7976 ], [ -122.224985, 37.798117 ], [ -122.22417, 37.799977 ], [ -122.220981, 37.799362 ], [ -122.218581, 37.798803 ], [ -122.220646, 37.794198 ], [ -122.220813, 37.791882 ], [ -122.221573, 37.790949 ], [ -122.222667, 37.791538 ], [ -122.225428, 37.793037 ], [ -122.226685, 37.793545 ] ] ] } },
{ "type": "Feature", "properties": { "GEOID": "060019819001", "NAME_x": "1", "ALAND": 3824795, "AWATER": 1387910, "centroid_lon": -122.31749795414866, "centroid_lat": 37.802561789319945, "NAME_y": "Block Group 1; Census Tract 9819; Alameda County; California", "B03002_001E": 9, "B03002_001M": 15, "B03002_012E": 0, "B03002_012M": 14, "B19013_001E": -666666666, "B19013_001M": -222222222, "B01003_001E": 9, "state": "06", "county": "001", "tract": "981900", "block group": "1", "latino_share": 0.0, "latino_share_moe90": 1.5555555555555556, "camera_count": 1, "arterial_road_m": 10132.749318406701, "crime_count_pre_treatment": 169, "land_area_km2": 3.824795, "pop_density_per_km2": 2.3530672885736359, "camera_density_per_km2": 0.2614519209526262, "crime_rate_per_km2": 44.185374640993828, "arterial_km_per_km2": 2.649226773828846 }, "geometry": { "type": "Polygon", "coordinates": [ [ [ -122.342253, 37.805558 ], [ -122.333852963018003, 37.810328784404199 ], [ -122.333018, 37.810803 ], [ -122.328660769126998, 37.810517286923101 ], [ -122.327803, 37.807658 ], [ -122.323932, 37.807979 ], [ -122.320197, 37.809318 ], [ -122.312214, 37.808657 ], [ -122.310768, 37.808798 ], [ -122.304866, 37.807896 ], [ -122.304825, 37.807566 ], [ -122.303339, 37.804684 ], [ -122.300389, 37.802657 ], [ -122.296858, 37.801922 ], [ -122.291101, 37.802526 ], [ -122.289161, 37.802772 ], [ -122.28867, 37.802755 ], [ -122.290031, 37.799622 ], [ -122.300868, 37.797369 ], [ -122.307743, 37.795816 ], [ -122.313212, 37.795303 ], [ -122.315064, 37.794579 ], [ -122.328507, 37.797493 ], [ -122.333001177211003, 37.799054386056 ], [ -122.334168, 37.801272 ], [ -122.34151, 37.804158 ], [ -122.342253, 37.805558 ] ] ] } },
{ "type": "Feature", "properties": { "GEOID": "060014095001", "NAME_x": "1", "ALAND": 500554, "AWATER": 0, "centroid_lon": -122.18668149271066, "centroid_lat": 37.749466530275953, "NAME_y": "Block Group 1; Census Tract 4095; Alameda County; California", "B03002_001E": 1511, "B03002_001M": 618, "B03002_012E": 626, "B03002_012M": 409, "B19013_001E": 41528, "B19013_001M": 23819, "B01003_001E": 1511, "state": "06", "county": "001", "tract": "409500", "block group": "1", "latino_share": 0.41429516876240902, "latino_share_moe90": 0.21108358549217462, "camera_count": 1, "arterial_road_m": 429.33793141543788, "crime_count_pre_treatment": 952, "land_area_km2": 0.500554, "pop_density_per_km2": 3018.6553298944764, "camera_density_per_km2": 1.9977864526105074, "crime_rate_per_km2": 1901.8927028852029, "arterial_km_per_km2": 0.85772550297358086 }, "geometry": { "type": "Polygon", "coordinates": [ [ [ -122.192424, 37.749734 ], [ -122.18501, 37.753295 ], [ -122.184565, 37.752782 ], [ -122.18375, 37.753142 ], [ -122.181598, 37.750245 ], [ -122.180062, 37.748161 ], [ -122.183321, 37.746462 ], [ -122.185952, 37.748986 ], [ -122.190731, 37.745815 ], [ -122.193624, 37.748322 ], [ -122.192424, 37.749734 ] ] ] } },
{ "type": "Feature", "properties": { "GEOID": "060014098001", "NAME_x": "1", "ALAND": 755183, "AWATER": 0, "centroid_lon": -122.15532380104175, "centroid_lat": 37.764261093413282, "NAME_y": "Block Group 1; Census Tract 4098; Alameda County; California", "B03002_001E": 758, "B03002_001M": 252, "B03002_012E": 153, "B03002_012M": 143, "B19013_001E": 103676, "B19013_001M": 16952, "B01003_001E": 758, "state": "06", "county": "001", "tract": "409800", "block group": "1", "latino_share": 0.20184696569920843, "latino_share_moe90": 0.17631622578136608, "camera_count": 7, "arterial_road_m": 6482.3678313723658, "crime_count_pre_treatment": 305, "land_area_km2": 0.755183, "pop_density_per_km2": 1003.7302216813672, "camera_density_per_km2": 9.2692764535218615, "crime_rate_per_km2": 403.87561690345251, "arterial_km_per_km2": 8.583837071772491 }, "geometry": { "type": "Polygon", "coordinates": [ [ [ -122.164202, 37.763043 ], [ -122.160831, 37.764682 ], [ -122.161219, 37.765433 ], [ -122.15983, 37.766631 ], [ -122.157672, 37.766444 ], [ -122.157946, 37.767845 ], [ -122.157405, 37.768803 ], [ -122.156658, 37.767739 ], [ -122.154381, 37.768779 ], [ -122.158891, 37.773429 ], [ -122.158068, 37.773348 ], [ -122.156288, 37.772002 ], [ -122.155169, 37.770856 ], [ -122.148141, 37.760488 ], [ -122.147737, 37.758759 ], [ -122.149393, 37.757142 ], [ -122.149174, 37.759371 ], [ -122.154843, 37.761795 ], [ -122.158785, 37.761524 ], [ -122.16241, 37.762154 ], [ -122.164202, 37.763043 ] ] ] } },
{ "type": "Feature", "properties": { "GEOID": "060014035012", "NAME_x": "2", "ALAND": 284166, "AWATER": 0, "centroid_lon": -122.258807986523, "centroid_lat": 37.8191622386734, "NAME_y": "Block Group 2; Census Tract 4035.01; Alameda County; California", "B03002_001E": 1752, "B03002_001M": 481, "B03002_012E": 137, "B03002_012M": 95, "B19013_001E": 89063, "B19013_001M": 70459, "B01003_001E": 1752, "state": "06", "county": "001", "tract": "403501", "block group": "2", "latino_share": 0.078196347031963473, "latino_share_moe90": 0.049792840829942522, "camera_count": 3, "arterial_road_m": 3901.3004824105433, "crime_count_pre_treatment": 1327, "land_area_km2": 0.284166, "pop_density_per_km2": 6165.4103587339796, "camera_density_per_km2": 10.557209518380104, "crime_rate_per_km2": 4669.8056769634659, "arterial_km_per_km2": 13.728948862321825 }, "geometry": { "type": "Polygon", "coordinates": [ [ [ -122.263084, 37.817449 ], [ -122.260006, 37.822421 ], [ -122.257124, 37.821183 ], [ -122.254479, 37.819625 ], [ -122.253679, 37.819001 ], [ -122.254155, 37.818646 ], [ -122.255131, 37.819012 ], [ -122.258656, 37.816092 ], [ -122.260289, 37.817103 ], [ -122.26091, 37.817068 ], [ -122.263084, 37.817449 ] ] ] } },
{ "type": "Feature", "properties": { "GEOID": "060014055001", "NAME_x": "1", "ALAND": 96014, "AWATER": 0, "centroid_lon": -122.24065906915794, "centroid_lat": 37.795877143280741, "NAME_y": "Block Group 1; Census Tract 4055; Alameda County; California", "B03002_001E": 797, "B03002_001M": 299, "B03002_012E": 233, "B03002_012M": 203, "B19013_001E": -666666666, "B19013_001M": -222222222, "B01003_001E": 797, "state": "06", "county": "001", "tract": "405500", "block group": "1", "latino_share": 0.29234629861982436, "latino_share_moe90": 0.22988246670644877, "camera_count": 0, "arterial_road_m": 103.98116407604651, "crime_count_pre_treatment": 204, "land_area_km2": 0.096014, "pop_density_per_km2": 8300.8727893848809, "camera_density_per_km2": 0.0, "crime_rate_per_km2": 2124.6901493532191, "arterial_km_per_km2": 1.0829791913267495 }, "geometry": { "type": "Polygon", "coordinates": [ [ [ -122.243346, 37.795289 ], [ -122.239635, 37.797933 ], [ -122.237973, 37.79646 ], [ -122.239833, 37.795136 ], [ -122.241694, 37.793825 ], [ -122.243346, 37.795289 ] ] ] } },
{ "type": "Feature", "properties": { "GEOID": "060014017003", "NAME_x": "3", "ALAND": 5041494, "AWATER": 5771096, "centroid_lon": -122.3057229558263, "centroid_lat": 37.819920879724798, "NAME_y": "Block Group 3; Census Tract 4017; Alameda County; California", "B03002_001E": 1154, "B03002_001M": 323, "B03002_012E": 336, "B03002_012M": 226, "B19013_001E": 177778, "B19013_001M": 58318, "B01003_001E": 1154, "state": "06", "county": "001", "tract": "401700", "block group": "3", "latino_share": 0.29116117850953205, "latino_share_moe90": 0.17807894798601107, "camera_count": 29, "arterial_road_m": 46253.638366033287, "crime_count_pre_treatment": 1234, "land_area_km2": 5.041494, "pop_density_per_km2": 228.90040134928256, "camera_density_per_km2": 5.7522631188294575, "crime_rate_per_km2": 244.76871340122591, "arterial_km_per_km2": 9.1745895891244302 }, "geometry": { "type": "Polygon", "coordinates": [ [ [ -122.330369, 37.82058 ], [ -122.316108, 37.827338 ], [ -122.306125, 37.826024 ], [ -122.296618, 37.828465 ], [ -122.297115883456001, 37.831217674031201 ], [ -122.29447, 37.830558 ], [ -122.293391, 37.830674 ], [ -122.291029, 37.830107 ], [ -122.290863, 37.830067 ], [ -122.290059, 37.829874 ], [ -122.288904, 37.829599 ], [ -122.288138, 37.829414 ], [ -122.287998, 37.829379 ], [ -122.282384, 37.828033 ], [ -122.28095, 37.827689 ], [ -122.283643, 37.824406 ], [ -122.284939, 37.822769 ], [ -122.286226, 37.821163 ], [ -122.288425, 37.81831 ], [ -122.28967, 37.817002 ], [ -122.294379, 37.819486 ], [ -122.295695, 37.81789 ], [ -122.299613, 37.815796 ], [ -122.300746, 37.814826 ], [ -122.303977, 37.811781 ], [ -122.304866, 37.807896 ], [ -122.310768, 37.808798 ], [ -122.312214, 37.808657 ], [ -122.320197, 37.809318 ], [ -122.323932, 37.807979 ], [ -122.327803, 37.807658 ], [ -122.328660769126998, 37.810517286923101 ], [ -122.322785, 37.810132 ], [ -122.317296, 37.816261 ], [ -122.319198, 37.819078 ], [ -122.330369, 37.82058 ] ] ] } },
{ "type": "Feature", "properties": { "GEOID": "060014014001", "NAME_x": "1", "ALAND": 234408, "AWATER": 0, "centroid_lon": -122.27306384673892, "centroid_lat": 37.824094544096774, "NAME_y": "Block Group 1; Census Tract 4014; Alameda County; California", "B03002_001E": 1308, "B03002_001M": 453, "B03002_012E": 176, "B03002_012M": 120, "B19013_001E": 60862, "B19013_001M": 38744, "B01003_001E": 1308, "state": "06", "county": "001", "tract": "401400", "block group": "1", "latino_share": 0.13455657492354739, "latino_share_moe90": 0.079026231563828347, "camera_count": 2, "arterial_road_m": 7127.0721207265433, "crime_count_pre_treatment": 613, "land_area_km2": 0.234408, "pop_density_per_km2": 5580.0143339817751, "camera_density_per_km2": 8.5321320091464461, "crime_rate_per_km2": 2615.0984608033855, "arterial_km_per_km2": 30.404560086373092 }, "geometry": { "type": "Polygon", "coordinates": [ [ [ -122.278611, 37.826878 ], [ -122.268563, 37.824462 ], [ -122.269891, 37.819488 ], [ -122.270954, 37.819641 ], [ -122.270203, 37.822676 ], [ -122.277723, 37.824437 ], [ -122.277915, 37.824623 ], [ -122.278611, 37.826878 ] ] ] } },
{ "type": "Feature", "properties": { "GEOID": "060014024001", "NAME_x": "1", "ALAND": 182488, "AWATER": 0, "centroid_lon": -122.28194499949814, "centroid_lat": 37.813418278714195, "NAME_y": "Block Group 1; Census Tract 4024; Alameda County; California", "B03002_001E": 1318, "B03002_001M": 474, "B03002_012E": 210, "B03002_012M": 177, "B19013_001E": 51250, "B19013_001M": 19086, "B01003_001E": 1318, "state": "06", "county": "001", "tract": "402400", "block group": "1", "latino_share": 0.15933232169954475, "latino_share_moe90": 0.12145578446511564, "camera_count": 0, "arterial_road_m": 1073.090431222839, "crime_count_pre_treatment": 376, "land_area_km2": 0.182488, "pop_density_per_km2": 7222.3927052737708, "camera_density_per_km2": 0.0, "crime_rate_per_km2": 2060.4094515803777, "arterial_km_per_km2": 5.8803342204574491 }, "geometry": { "type": "Polygon", "coordinates": [ [ [ -122.284024, 37.815622 ], [ -122.280237, 37.814777 ], [ -122.278681, 37.814574 ], [ -122.279921, 37.811183 ], [ -122.285192, 37.812403 ], [ -122.284024, 37.815622 ] ] ] } },
{ "type": "Feature", "properties": { "GEOID": "060014078002", "NAME_x": "2", "ALAND": 1015910, "AWATER": 0, "centroid_lon": -122.18497367596548, "centroid_lat": 37.781320738794363, "NAME_y": "Block Group 2; Census Tract 4078; Alameda County; California", "B03002_001E": 1417, "B03002_001M": 221, "B03002_012E": 297, "B03002_012M": 93, "B19013_001E": 121964, "B19013_001M": 65912, "B01003_001E": 1417, "state": "06", "county": "001", "tract": "407800", "block group": "2", "latino_share": 0.20959774170783346, "latino_share_moe90": 0.056911351733486451, "camera_count": 6, "arterial_road_m": 10435.328196536686, "crime_count_pre_treatment": 413, "land_area_km2": 1.01591, "pop_density_per_km2": 1394.808595249579, "camera_density_per_km2": 5.9060349834138846, "crime_rate_per_km2": 406.53207469165574, "arterial_km_per_km2": 10.271902232025164 }, "geometry": { "type": "Polygon", "coordinates": [ [ [ -122.195775, 37.786829 ], [ -122.192183, 37.785265 ], [ -122.187784, 37.784355 ], [ -122.180701, 37.78407 ], [ -122.179451, 37.784019 ], [ -122.178401, 37.783822 ], [ -122.177329, 37.783424 ], [ -122.173619, 37.781129 ], [ -122.175055, 37.78021 ], [ -122.180189, 37.779744 ], [ -122.182559, 37.777412 ], [ -122.184009, 37.776485 ], [ -122.185365, 37.775425 ], [ -122.185973, 37.775802 ], [ -122.188298, 37.777873 ], [ -122.192015, 37.781062 ], [ -122.193537, 37.782575 ], [ -122.193681, 37.785172 ], [ -122.196226, 37.786591 ], [ -122.195775, 37.786829 ] ] ] } },
{ "type": "Feature", "properties": { "GEOID": "060014088001", "NAME_x": "1", "ALAND": 170314, "AWATER": 0, "centroid_lon": -122.19107058834945, "centroid_lat": 37.758398587882738, "NAME_y": "Block Group 1; Census Tract 4088; Alameda County; California", "B03002_001E": 1029, "B03002_001M": 647, "B03002_012E": 795, "B03002_012M": 618, "B19013_001E": 45690, "B19013_001M": 24980, "B01003_001E": 1029, "state": "06", "county": "001", "tract": "408800", "block group": "1", "latino_share": 0.77259475218658891, "latino_share_moe90": 0.35315254708488442, "camera_count": 0, "arterial_road_m": 590.77509523102719, "crime_count_pre_treatment": 644, "land_area_km2": 0.170314, "pop_density_per_km2": 6041.7816503634467, "camera_density_per_km2": 0.0, "crime_rate_per_km2": 3781.2511009077352, "arterial_km_per_km2": 3.4687406509801146 }, "geometry": { "type": "Polygon", "coordinates": [ [ [ -122.194685, 37.757838 ], [ -122.190299, 37.760786 ], [ -122.187862, 37.759708 ], [ -122.187054, 37.759264 ], [ -122.192564, 37.755743 ], [ -122.194685, 37.757838 ] ] ] } },
{ "type": "Feature", "properties": { "GEOID": "060014037012", "NAME_x": "2", "ALAND": 94848, "AWATER": 0, "centroid_lon": -122.25778038697234, "centroid_lat": 37.810510012869052, "NAME_y": "Block Group 2; Census Tract 4037.01; Alameda County; California", "B03002_001E": 1416, "B03002_001M": 286, "B03002_012E": 143, "B03002_012M": 76, "B19013_001E": 110375, "B19013_001M": 29610, "B01003_001E": 1416, "state": "06", "county": "001", "tract": "403701", "block group": "2", "latino_share": 0.10098870056497175, "latino_share_moe90": 0.049645364132966399, "camera_count": 0, "arterial_road_m": 21.920256425577868, "crime_count_pre_treatment": 255, "land_area_km2": 0.094848, "pop_density_per_km2": 14929.14979757085, "camera_density_per_km2": 0.0, "crime_rate_per_km2": 2688.5121457489877, "arterial_km_per_km2": 0.23110931622783681 }, "geometry": { "type": "Polygon", "coordinates": [ [ [ -122.260213, 37.810523 ], [ -122.258439, 37.8124 ], [ -122.256414, 37.81092 ], [ -122.255389, 37.810661 ], [ -122.256158, 37.809012 ], [ -122.258549, 37.809408 ], [ -122.260213, 37.810523 ] ] ] } },
{ "type": "Feature", "properties": { "GEOID": "060014081004", "NAME_x": "4", "ALAND": 1652904, "AWATER": 0, "centroid_lon": -122.14902422978427, "centroid_lat": 37.779695798635494, "NAME_y": "Block Group 4; Census Tract 4081; Alameda County; California", "B03002_001E": 1066, "B03002_001M": 493, "B03002_012E": 389, "B03002_012M": 357, "B19013_001E": 208472, "B19013_001M": 99784, "B01003_001E": 1066, "state": "06", "county": "001", "tract": "408100", "block group": "4", "latino_share": 0.36491557223264542, "latino_share_moe90": 0.28926507602345836, "camera_count": 0, "arterial_road_m": 2881.7185512230099, "crime_count_pre_treatment": 112, "land_area_km2": 1.652904, "pop_density_per_km2": 644.92553711528319, "camera_density_per_km2": 0.0, "crime_rate_per_km2": 67.759531104044768, "arterial_km_per_km2": 1.7434276589705209 }, "geometry": { "type": "Polygon", "coordinates": [ [ [ -122.168141, 37.788577 ], [ -122.165665, 37.787451 ], [ -122.163663, 37.787714 ], [ -122.157819, 37.784996 ], [ -122.153697, 37.783896 ], [ -122.150916, 37.784462 ], [ -122.148763, 37.783523 ], [ -122.14636, 37.785001 ], [ -122.146613, 37.786069 ], [ -122.14452, 37.784981 ], [ -122.142502, 37.785282 ], [ -122.141806, 37.781663 ], [ -122.143795, 37.780591 ], [ -122.142828, 37.778775 ], [ -122.138223, 37.77533 ], [ -122.139968, 37.772819 ], [ -122.13907, 37.771053 ], [ -122.136356, 37.769865 ], [ -122.138414, 37.769644 ], [ -122.142249, 37.77254 ], [ -122.144594, 37.773175 ], [ -122.147745, 37.771393 ], [ -122.148254, 37.772149 ], [ -122.14496, 37.774417 ], [ -122.1462, 37.775025 ], [ -122.152033, 37.774973 ], [ -122.152202, 37.776988 ], [ -122.155362, 37.779359 ], [ -122.159048, 37.783227 ], [ -122.162598, 37.784974 ], [ -122.163193, 37.786616 ], [ -122.165796, 37.786463 ], [ -122.167998, 37.787511 ], [ -122.168141, 37.788577 ] ] ] } },
{ "type": "Feature", "properties": { "GEOID": "060014102001", "NAME_x": "1", "ALAND": 265547, "AWATER": 0, "centroid_lon": -122.16015777522657, "centroid_lat": 37.748828484169394, "NAME_y": "Block Group 1; Census Tract 4102; Alameda County; California", "B03002_001E": 1758, "B03002_001M": 568, "B03002_012E": 807, "B03002_012M": 563, "B19013_001E": 66250, "B19013_001M": 37006, "B01003_001E": 1758, "state": "06", "county": "001", "tract": "410200", "block group": "1", "latino_share": 0.4590443686006826, "latino_share_moe90": 0.28383622282722132, "camera_count": 4, "arterial_road_m": 1561.0720334073098, "crime_count_pre_treatment": 657, "land_area_km2": 0.265547, "pop_density_per_km2": 6620.2969719108114, "camera_density_per_km2": 15.063246807533131, "crime_rate_per_km2": 2474.138288137317, "arterial_km_per_km2": 5.8787033308879781 }, "geometry": { "type": "Polygon", "coordinates": [ [ [ -122.1604, 37.752903 ], [ -122.159831, 37.751335 ], [ -122.157234, 37.747374 ], [ -122.156174, 37.745897 ], [ -122.159506, 37.745049 ], [ -122.160307, 37.746125 ], [ -122.164044, 37.75119 ], [ -122.1604, 37.752903 ] ] ] } },
{ "type": "Feature", "properties": { "GEOID": "060014099001", "NAME_x": "1", "ALAND": 1422956, "AWATER": 0, "centroid_lon": -122.14512057284198, "centroid_lat": 37.767319708056853, "NAME_y": "Block Group 1; Census Tract 4099; Alameda County; California", "B03002_001E": 430, "B03002_001M": 229, "B03002_012E": 120, "B03002_012M": 161, "B19013_001E": 99500, "B19013_001M": 57479, "B01003_001E": 430, "state": "06", "county": "001", "tract": "409900", "block group": "1", "latino_share": 0.27906976744186046, "latino_share_moe90": 0.34365844479882512, "camera_count": 3, "arterial_road_m": 6086.3214128873606, "crime_count_pre_treatment": 258, "land_area_km2": 1.422956, "pop_density_per_km2": 302.18783996131992, "camera_density_per_km2": 2.1082872555440924, "crime_rate_per_km2": 181.31270397679197, "arterial_km_per_km2": 4.2772379559785128 }, "geometry": { "type": "Polygon", "coordinates": [ [ [ -122.155824, 37.772354 ], [ -122.153957, 37.7724 ], [ -122.150944, 37.770404 ], [ -122.147745, 37.771393 ], [ -122.144594, 37.773175 ], [ -122.142249, 37.77254 ], [ -122.138414, 37.769644 ], [ -122.136356, 37.769865 ], [ -122.135071, 37.770397 ], [ -122.135336, 37.766895 ], [ -122.13685, 37.766568 ], [ -122.13734, 37.765042 ], [ -122.139967, 37.763148 ], [ -122.141431, 37.76285 ], [ -122.142391, 37.7629 ], [ -122.144253, 37.76155 ], [ -122.148141, 37.760488 ], [ -122.155169, 37.770856 ], [ -122.156288, 37.772002 ], [ -122.155824, 37.772354 ] ] ] } },
{ "type": "Feature", "properties": { "GEOID": "060014079001", "NAME_x": "1", "ALAND": 522939, "AWATER": 0, "centroid_lon": -122.18161947859984, "centroid_lat": 37.7899158803313, "NAME_y": "Block Group 1; Census Tract 4079; Alameda County; California", "B03002_001E": 1062, "B03002_001M": 320, "B03002_012E": 93, "B03002_012M": 97, "B19013_001E": 129273, "B19013_001M": 30908, "B01003_001E": 1062, "state": "06", "county": "001", "tract": "407900", "block group": "1", "latino_share": 0.087570621468926552, "latino_share_moe90": 0.087442619288734605, "camera_count": 2, "arterial_road_m": 5572.2310378067841, "crime_count_pre_treatment": 176, "land_area_km2": 0.522939, "pop_density_per_km2": 2030.8295996282548, "camera_density_per_km2": 3.8245378524072593, "crime_rate_per_km2": 336.55933101183882, "arterial_km_per_km2": 10.655604263225316 }, "geometry": { "type": "Polygon", "coordinates": [ [ [ -122.18569, 37.79589 ], [ -122.184387, 37.797244 ], [ -122.181994, 37.79387 ], [ -122.181569, 37.794211 ], [ -122.179633, 37.791688 ], [ -122.179924, 37.790628 ], [ -122.177195, 37.787633 ], [ -122.178321, 37.784669 ], [ -122.178401, 37.783822 ], [ -122.179451, 37.784019 ], [ -122.180701, 37.78407 ], [ -122.18082, 37.784406 ], [ -122.182936, 37.786217 ], [ -122.184278, 37.791537 ], [ -122.183759, 37.792074 ], [ -122.185836, 37.793375 ], [ -122.18569, 37.79589 ] ] ] } },
{ "type": "Feature", "properties": { "GEOID": "060014089002", "NAME_x": "2", "ALAND": 359063, "AWATER": 0, "centroid_lon": -122.18945747578647, "centroid_lat": 37.7555764418737, "NAME_y": "Block Group 2; Census Tract 4089; Alameda County; California", "B03002_001E": 2482, "B03002_001M": 648, "B03002_012E": 1847, "B03002_012M": 620, "B19013_001E": 81250, "B19013_001M": 38639, "B01003_001E": 2482, "state": "06", "county": "001", "tract": "408900", "block group": "2", "latino_share": 0.7441579371474617, "latino_share_moe90": 0.1570121488139973, "camera_count": 5, "arterial_road_m": 3400.9146948016964, "crime_count_pre_treatment": 1138, "land_area_km2": 0.359063, "pop_density_per_km2": 6912.4359792014211, "camera_density_per_km2": 13.925132915393677, "crime_rate_per_km2": 3169.360251543601, "arterial_km_per_km2": 9.471637831805829 }, "geometry": { "type": "Polygon", "coordinates": [ [ [ -122.19584, 37.75244 ], [ -122.1937, 37.754489 ], [ -122.192564, 37.755743 ], [ -122.187054, 37.759264 ], [ -122.184368, 37.757975 ], [ -122.18268, 37.757174 ], [ -122.185963, 37.755045 ], [ -122.186879, 37.75593 ], [ -122.194213, 37.751194 ], [ -122.19584, 37.75244 ] ] ] } },
{ "type": "Feature", "properties": { "GEOID": "060014079003", "NAME_x": "3", "ALAND": 332872, "AWATER": 0, "centroid_lon": -122.18993319918883, "centroid_lat": 37.787429881281945, "NAME_y": "Block Group 3; Census Tract 4079; Alameda County; California", "B03002_001E": 1091, "B03002_001M": 292, "B03002_012E": 186, "B03002_012M": 133, "B19013_001E": 140833, "B19013_001M": 86748, "B01003_001E": 1091, "state": "06", "county": "001", "tract": "407900", "block group": "3", "latino_share": 0.17048579285059579, "latino_share_moe90": 0.11304485731848228, "camera_count": 5, "arterial_road_m": 1881.2142531737964, "crime_count_pre_treatment": 534, "land_area_km2": 0.332872, "pop_density_per_km2": 3277.5361099762072, "camera_density_per_km2": 15.020788771659978, "crime_rate_per_km2": 1604.2202408132855, "arterial_km_per_km2": 5.6514643862319343 }, "geometry": { "type": "Polygon", "coordinates": [ [ [ -122.194846, 37.787285 ], [ -122.190123, 37.789692 ], [ -122.188276, 37.790636 ], [ -122.185984, 37.789802 ], [ -122.185777, 37.788546 ], [ -122.187461, 37.786345 ], [ -122.187784, 37.784355 ], [ -122.192183, 37.785265 ], [ -122.195775, 37.786829 ], [ -122.194846, 37.787285 ] ] ] } },
{ "type": "Feature", "properties": { "GEOID": "060014051002", "NAME_x": "2", "ALAND": 198573, "AWATER": 0, "centroid_lon": -122.23173001273494, "centroid_lat": 37.809734404792614, "NAME_y": "Block Group 2; Census Tract 4051; Alameda County; California", "B03002_001E": 624, "B03002_001M": 225, "B03002_012E": 49, "B03002_012M": 66, "B19013_001E": 250001, "B19013_001M": -333333333, "B01003_001E": 624, "state": "06", "county": "001", "tract": "405100", "block group": "2", "latino_share": 0.078525641025641024, "latino_share_moe90": 0.10190886782089821, "camera_count": 1, "arterial_road_m": 182.72772061520328, "crime_count_pre_treatment": 18, "land_area_km2": 0.198573, "pop_density_per_km2": 3142.421175084226, "camera_density_per_km2": 5.035931370327285, "crime_rate_per_km2": 90.646764665891126, "arterial_km_per_km2": 0.92020426047450199 }, "geometry": { "type": "Polygon", "coordinates": [ [ [ -122.234992, 37.8072 ], [ -122.232587, 37.809895 ], [ -122.234447, 37.811225 ], [ -122.230274, 37.811998 ], [ -122.228855, 37.812577 ], [ -122.227685, 37.811938 ], [ -122.230686, 37.810097 ], [ -122.23106, 37.807199 ], [ -122.233008, 37.806888 ], [ -122.234992, 37.8072 ] ] ] } },
{ "type": "Feature", "properties": { "GEOID": "060014006002", "NAME_x": "2", "ALAND": 131267, "AWATER": 0, "centroid_lon": -122.26530936359788, "centroid_lat": 37.840349820452026, "NAME_y": "Block Group 2; Census Tract 4006; Alameda County; California", "B03002_001E": 845, "B03002_001M": 232, "B03002_012E": 136, "B03002_012M": 79, "B19013_001E": 216000, "B19013_001M": 77452, "B01003_001E": 845, "state": "06", "county": "001", "tract": "400600", "block group": "2", "latino_share": 0.16094674556213018, "latino_share_moe90": 0.082388888042717295, "camera_count": 0, "arterial_road_m": 1226.5545815019423, "crime_count_pre_treatment": 240, "land_area_km2": 0.131267, "pop_density_per_km2": 6437.2614594681072, "camera_density_per_km2": 0.0, "crime_rate_per_km2": 1828.3346157069179, "arterial_km_per_km2": 9.3439674975579727 }, "geometry": { "type": "Polygon", "coordinates": [ [ [ -122.267562, 37.841672 ], [ -122.264818, 37.842027 ], [ -122.264324, 37.842042 ], [ -122.261805, 37.84179 ], [ -122.26186, 37.841353 ], [ -122.263437, 37.840561 ], [ -122.264383, 37.839774 ], [ -122.264589, 37.839565 ], [ -122.26534, 37.838461 ], [ -122.265631, 37.837636 ], [ -122.266653, 37.837482 ], [ -122.267257, 37.840152 ], [ -122.267562, 37.841672 ] ] ] } },
{ "type": "Feature", "properties": { "GEOID": "060014028022", "NAME_x": "2", "ALAND": 53008, "AWATER": 0, "centroid_lon": -122.2742335009268, "centroid_lat": 37.807872703065925, "NAME_y": "Block Group 2; Census Tract 4028.02; Alameda County; California", "B03002_001E": 1000, "B03002_001M": 217, "B03002_012E": 9, "B03002_012M": 15, "B19013_001E": -666666666, "B19013_001M": -222222222, "B01003_001E": 1000, "state": "06", "county": "001", "tract": "402802", "block group": "2", "latino_share": 0.009, "latino_share_moe90": 0.014872316262102551, "camera_count": 0, "arterial_road_m": 846.16911522619353, "crime_count_pre_treatment": 493, "land_area_km2": 0.053008, "pop_density_per_km2": 18865.076969514037, "camera_density_per_km2": 0.0, "crime_rate_per_km2": 9300.4829459704197, "arterial_km_per_km2": 15.963045487967731 }, "geometry": { "type": "Polygon", "coordinates": [ [ [ -122.275979, 37.806222 ], [ -122.273353, 37.810465 ], [ -122.273002, 37.809455 ], [ -122.272805, 37.80878 ], [ -122.274801, 37.805769 ], [ -122.275979, 37.806222 ] ] ] } },
{ "type": "Feature", "properties": { "GEOID": "060019820001", "NAME_x": "1", "ALAND": 1269350, "AWATER": 453537, "centroid_lon": -122.29398239125581, "centroid_lat": 37.796250834810728, "NAME_y": "Block Group 1; Census Tract 9820; Alameda County; California", "B03002_001E": 69, "B03002_001M": 43, "B03002_012E": 0, "B03002_012M": 14, "B19013_001E": 136641, "B19013_001M": 81896, "B01003_001E": 69, "state": "06", "county": "001", "tract": "982000", "block group": "1", "latino_share": 0.0, "latino_share_moe90": 0.20289855072463769, "camera_count": 1, "arterial_road_m": 5180.4109530541755, "crime_count_pre_treatment": 393, "land_area_km2": 1.26935, "pop_density_per_km2": 54.358529956276833, "camera_density_per_km2": 0.78780478197502657, "crime_rate_per_km2": 309.60727931618544, "arterial_km_per_km2": 4.0811525214118847 }, "geometry": { "type": "Polygon", "coordinates": [ [ [ -122.313212, 37.795303 ], [ -122.307743, 37.795816 ], [ -122.300868, 37.797369 ], [ -122.290031, 37.799622 ], [ -122.28867, 37.802755 ], [ -122.286832, 37.802685 ], [ -122.283322, 37.8017 ], [ -122.279687, 37.800256 ], [ -122.282207, 37.796267 ], [ -122.283739, 37.794803 ], [ -122.284396, 37.793597 ], [ -122.285971, 37.793616 ], [ -122.294801, 37.792163 ], [ -122.30104, 37.791954 ], [ -122.305802, 37.792572 ], [ -122.315064, 37.794579 ], [ -122.313212, 37.795303 ] ] ] } },
{ "type": "Feature", "properties": { "GEOID": "060014010005", "NAME_x": "5", "ALAND": 221161, "AWATER": 0, "centroid_lon": -122.27284800497458, "centroid_lat": 37.826654075804107, "NAME_y": "Block Group 5; Census Tract 4010; Alameda County; California", "B03002_001E": 694, "B03002_001M": 292, "B03002_012E": 92, "B03002_012M": 123, "B19013_001E": 56923, "B19013_001M": 16543, "B01003_001E": 694, "state": "06", "county": "001", "tract": "401000", "block group": "5", "latino_share": 0.13256484149855907, "latino_share_moe90": 0.1682280109744006, "camera_count": 4, "arterial_road_m": 5181.829260146138, "crime_count_pre_treatment": 570, "land_area_km2": 0.221161, "pop_density_per_km2": 3137.9854495141549, "camera_density_per_km2": 18.086371466940374, "crime_rate_per_km2": 2577.3079340390032, "arterial_km_per_km2": 23.430122219315965 }, "geometry": { "type": "Polygon", "coordinates": [ [ [ -122.278707, 37.827151 ], [ -122.277923, 37.827108 ], [ -122.278343, 37.828522 ], [ -122.277877, 37.828493 ], [ -122.271722, 37.827629 ], [ -122.267828, 37.827044 ], [ -122.268563, 37.824462 ], [ -122.278611, 37.826878 ], [ -122.278707, 37.827151 ] ] ] } },
{ "type": "Feature", "properties": { "GEOID": "060014062014", "NAME_x": "4", "ALAND": 108920, "AWATER": 0, "centroid_lon": -122.2328996701319, "centroid_lat": 37.78288277986573, "NAME_y": "Block Group 4; Census Tract 4062.01; Alameda County; California", "B03002_001E": 1071, "B03002_001M": 423, "B03002_012E": 555, "B03002_012M": 344, "B19013_001E": 71000, "B19013_001M": 15964, "B01003_001E": 1071, "state": "06", "county": "001", "tract": "406201", "block group": "4", "latino_share": 0.51820728291316531, "latino_share_moe90": 0.2475408447009993, "camera_count": 1, "arterial_road_m": 81.245794569874519, "crime_count_pre_treatment": 416, "land_area_km2": 0.10892, "pop_density_per_km2": 9832.9048843187666, "camera_density_per_km2": 9.1810503121557101, "crime_rate_per_km2": 3819.3169298567755, "arterial_km_per_km2": 0.74592172759708519 }, "geometry": { "type": "Polygon", "coordinates": [ [ [ -122.234293, 37.784972 ], [ -122.229935, 37.782402 ], [ -122.231481, 37.780769 ], [ -122.2359, 37.78341 ], [ -122.234293, 37.784972 ] ] ] } },
{ "type": "Feature", "properties": { "GEOID": "060014072001", "NAME_x": "1", "ALAND": 187459, "AWATER": 0, "centroid_lon": -122.21539158354571, "centroid_lat": 37.774920600061435, "NAME_y": "Block Group 1; Census Tract 4072; Alameda County; California", "B03002_001E": 916, "B03002_001M": 451, "B03002_012E": 633, "B03002_012M": 445, "B19013_001E": 58654, "B19013_001M": 22979, "B01003_001E": 916, "state": "06", "county": "001", "tract": "407200", "block group": "1", "latino_share": 0.69104803493449785, "latino_share_moe90": 0.34676205352586453, "camera_count": 4, "arterial_road_m": 2206.1753788576843, "crime_count_pre_treatment": 1012, "land_area_km2": 0.187459, "pop_density_per_km2": 4886.4018265327359, "camera_density_per_km2": 21.337999242501027, "crime_rate_per_km2": 5398.51380835276, "arterial_km_per_km2": 11.768842140722422 }, "geometry": { "type": "Polygon", "coordinates": [ [ [ -122.217191, 37.776896 ], [ -122.214748, 37.777317 ], [ -122.213859, 37.776521 ], [ -122.211734, 37.774681 ], [ -122.214794, 37.772376 ], [ -122.218938, 37.774348 ], [ -122.217191, 37.776896 ] ] ] } },
{ "type": "Feature", "properties": { "GEOID": "060014052001", "NAME_x": "1", "ALAND": 326609, "AWATER": 0, "centroid_lon": -122.23920712439875, "centroid_lat": 37.804745214925113, "NAME_y": "Block Group 1; Census Tract 4052; Alameda County; California", "B03002_001E": 1360, "B03002_001M": 968, "B03002_012E": 105, "B03002_012M": 77, "B19013_001E": 130762, "B19013_001M": 49381, "B01003_001E": 1360, "state": "06", "county": "001", "tract": "405200", "block group": "1", "latino_share": 0.07720588235294118, "latino_share_moe90": 0.013630453361465796, "camera_count": 2, "arterial_road_m": 2596.2842417040056, "crime_count_pre_treatment": 398, "land_area_km2": 0.326609, "pop_density_per_km2": 4164.000379658858, "camera_density_per_km2": 6.1235299700865564, "crime_rate_per_km2": 1218.5824640472247, "arterial_km_per_km2": 7.9492121824689637 }, "geometry": { "type": "Polygon", "coordinates": [ [ [ -122.244001, 37.802319 ], [ -122.243006, 37.804082 ], [ -122.2411, 37.806836 ], [ -122.241976, 37.807526 ], [ -122.241982, 37.808552 ], [ -122.235416, 37.805624 ], [ -122.233397, 37.804375 ], [ -122.234866, 37.803376 ], [ -122.237222, 37.803121 ], [ -122.240188, 37.802549 ], [ -122.241671, 37.802399 ], [ -122.242352, 37.80232 ], [ -122.243982, 37.801855 ], [ -122.244001, 37.802319 ] ] ] } },
{ "type": "Feature", "properties": { "GEOID": "060014014003", "NAME_x": "3", "ALAND": 246694, "AWATER": 0, "centroid_lon": -122.27313216589639, "centroid_lat": 37.816708581006715, "NAME_y": "Block Group 3; Census Tract 4014; Alameda County; California", "B03002_001E": 998, "B03002_001M": 391, "B03002_012E": 375, "B03002_012M": 288, "B19013_001E": 78288, "B19013_001M": 63419, "B01003_001E": 998, "state": "06", "county": "001", "tract": "401400", "block group": "3", "latino_share": 0.37575150300601201, "latino_share_moe90": 0.24820360358249025, "camera_count": 3, "arterial_road_m": 4224.9074122700758, "crime_count_pre_treatment": 822, "land_area_km2": 0.246694, "pop_density_per_km2": 4045.4976610699896, "camera_density_per_km2": 12.160814612434839, "crime_rate_per_km2": 3332.0632038071458, "arterial_km_per_km2": 17.126105265106066 }, "geometry": { "type": "Polygon", "coordinates": [ [ [ -122.276246, 37.819478 ], [ -122.271186, 37.818732 ], [ -122.270954, 37.819641 ], [ -122.269891, 37.819488 ], [ -122.270041, 37.818894 ], [ -122.271379, 37.815031 ], [ -122.273394, 37.812723 ], [ -122.274122, 37.812829 ], [ -122.275265, 37.816452 ], [ -122.276053, 37.81887 ], [ -122.276246, 37.819478 ] ] ] } },
{ "type": "Feature", "properties": { "GEOID": "060014065003", "NAME_x": "3", "ALAND": 251514, "AWATER": 0, "centroid_lon": -122.21868907211723, "centroid_lat": 37.785210159304029, "NAME_y": "Block Group 3; Census Tract 4065; Alameda County; California", "B03002_001E": 1949, "B03002_001M": 609, "B03002_012E": 871, "B03002_012M": 518, "B19013_001E": 73250, "B19013_001M": 58502, "B01003_001E": 1949, "state": "06", "county": "001", "tract": "406500", "block group": "3", "latino_share": 0.44689584402257571, "latino_share_moe90": 0.22613730759790301, "camera_count": 3, "arterial_road_m": 1180.2312216705882, "crime_count_pre_treatment": 699, "land_area_km2": 0.251514, "pop_density_per_km2": 7749.0716222556193, "camera_density_per_km2": 11.927765452420143, "crime_rate_per_km2": 2779.1693504138934, "arterial_km_per_km2": 4.6925070639033537 }, "geometry": { "type": "Polygon", "coordinates": [ [ [ -122.222249, 37.784938 ], [ -122.221193, 37.787599 ], [ -122.218116, 37.785931 ], [ -122.216343, 37.788204 ], [ -122.215828, 37.787971 ], [ -122.214028, 37.785834 ], [ -122.215271, 37.785099 ], [ -122.217565, 37.783713 ], [ -122.2191, 37.7822 ], [ -122.219322, 37.782476 ], [ -122.222729, 37.783749 ], [ -122.222249, 37.784938 ] ] ] } },
{ "type": "Feature", "properties": { "GEOID": "060014094001", "NAME_x": "1", "ALAND": 127231, "AWATER": 0, "centroid_lon": -122.17323453222578, "centroid_lat": 37.745028603479511, "NAME_y": "Block Group 1; Census Tract 4094; Alameda County; California", "B03002_001E": 1018, "B03002_001M": 666, "B03002_012E": 918, "B03002_012M": 653, "B19013_001E": 90000, "B19013_001M": 46988, "B01003_001E": 1018, "state": "06", "county": "001", "tract": "409400", "block group": "1", "latino_share": 0.9017681728880157, "latino_share_moe90": 0.25181771051121227, "camera_count": 1, "arterial_road_m": 709.18542269205398, "crime_count_pre_treatment": 449, "land_area_km2": 0.127231, "pop_density_per_km2": 8001.1946773978034, "camera_density_per_km2": 7.8597197223946988, "crime_rate_per_km2": 3529.0141553552198, "arterial_km_per_km2": 5.5739986535675579 }, "geometry": { "type": "Polygon", "coordinates": [ [ [ -122.175999, 37.745611 ], [ -122.172521, 37.747223 ], [ -122.170489, 37.744471 ], [ -122.173901, 37.742814 ], [ -122.175999, 37.745611 ] ] ] } },
{ "type": "Feature", "properties": { "GEOID": "060014041022", "NAME_x": "2", "ALAND": 82816, "AWATER": 0, "centroid_lon": -122.25334397113529, "centroid_lat": 37.826680841906516, "NAME_y": "Block Group 2; Census Tract 4041.02; Alameda County; California", "B03002_001E": 885, "B03002_001M": 181, "B03002_012E": 85, "B03002_012M": 51, "B19013_001E": 95972, "B19013_001M": 41696, "B01003_001E": 885, "state": "06", "county": "001", "tract": "404102", "block group": "2", "latino_share": 0.096045197740112997, "latino_share_moe90": 0.054175933496486355, "camera_count": 0, "arterial_road_m": 542.27662351691538, "crime_count_pre_treatment": 720, "land_area_km2": 0.082816, "pop_density_per_km2": 10686.340803709429, "camera_density_per_km2": 0.0, "crime_rate_per_km2": 8693.9721792890268, "arterial_km_per_km2": 6.5479692754650722 }, "geometry": { "type": "Polygon", "coordinates": [ [ [ -122.256742, 37.827628 ], [ -122.256203, 37.828483 ], [ -122.256099, 37.828446 ], [ -122.252453, 37.826373 ], [ -122.251202, 37.8273 ], [ -122.249899, 37.826359 ], [ -122.253357, 37.825164 ], [ -122.254208, 37.826348 ], [ -122.254964, 37.826904 ], [ -122.256547, 37.827554 ], [ -122.256661, 37.827555 ], [ -122.256742, 37.827628 ] ] ] } },
{ "type": "Feature", "properties": { "GEOID": "060014028012", "NAME_x": "2", "ALAND": 29119, "AWATER": 0, "centroid_lon": -122.27139807042933, "centroid_lat": 37.811036762177721, "NAME_y": "Block Group 2; Census Tract 4028.01; Alameda County; California", "B03002_001E": 1134, "B03002_001M": 505, "B03002_012E": 37, "B03002_012M": 38, "B19013_001E": 27813, "B19013_001M": 17077, "B01003_001E": 1134, "state": "06", "county": "001", "tract": "402801", "block group": "2", "latino_share": 0.032627865961199293, "latino_share_moe90": 0.03019565805535733, "camera_count": 0, "arterial_road_m": 84.588625655578497, "crime_count_pre_treatment": 149, "land_area_km2": 0.029119, "pop_density_per_km2": 38943.64504275559, "camera_density_per_km2": 0.0, "crime_rate_per_km2": 5116.9339606442527, "arterial_km_per_km2": 2.9049289349077405 }, "geometry": { "type": "Polygon", "coordinates": [ [ [ -122.273513, 37.811509 ], [ -122.272973, 37.811774 ], [ -122.272751, 37.811637 ], [ -122.269293, 37.81105 ], [ -122.269487, 37.810326 ], [ -122.272937, 37.810935 ], [ -122.27331, 37.810915 ], [ -122.273513, 37.811509 ] ] ] } },
{ "type": "Feature", "properties": { "GEOID": "060014068001", "NAME_x": "1", "ALAND": 274258, "AWATER": 0, "centroid_lon": -122.19084067229045, "centroid_lat": 37.801576843713555, "NAME_y": "Block Group 1; Census Tract 4068; Alameda County; California", "B03002_001E": 808, "B03002_001M": 227, "B03002_012E": 242, "B03002_012M": 149, "B19013_001E": 250001, "B19013_001M": -333333333, "B01003_001E": 808, "state": "06", "county": "001", "tract": "406800", "block group": "1", "latino_share": 0.29950495049504949, "latino_share_moe90": 0.16408988349340994, "camera_count": 1, "arterial_road_m": 2666.4815693129258, "crime_count_pre_treatment": 110, "land_area_km2": 0.274258, "pop_density_per_km2": 2946.1310153213399, "camera_density_per_km2": 3.6462017516353216, "crime_rate_per_km2": 401.08219267988534, "arterial_km_per_km2": 9.7225297687320911 }, "geometry": { "type": "Polygon", "coordinates": [ [ [ -122.194059, 37.807423 ], [ -122.190151, 37.802808 ], [ -122.185369, 37.798489 ], [ -122.187682, 37.798822 ], [ -122.191753, 37.798872 ], [ -122.193382, 37.801326 ], [ -122.194085, 37.802956 ], [ -122.192665, 37.803075 ], [ -122.194499, 37.805509 ], [ -122.192556, 37.805123 ], [ -122.195038, 37.808233 ], [ -122.194059, 37.807423 ] ] ] } },
{ "type": "Feature", "properties": { "GEOID": "060014035011", "NAME_x": "1", "ALAND": 87198, "AWATER": 0, "centroid_lon": -122.26086961876653, "centroid_lat": 37.815220574288475, "NAME_y": "Block Group 1; Census Tract 4035.01; Alameda County; California", "B03002_001E": 1372, "B03002_001M": 575, "B03002_012E": 179, "B03002_012M": 132, "B19013_001E": 33750, "B19013_001M": 30385, "B01003_001E": 1372, "state": "06", "county": "001", "tract": "403501", "block group": "1", "latino_share": 0.13046647230320699, "latino_share_moe90": 0.079162258317735781, "camera_count": 0, "arterial_road_m": 17.107187592237558, "crime_count_pre_treatment": 32, "land_area_km2": 0.087198, "pop_density_per_km2": 15734.305832702585, "camera_density_per_km2": 0.0, "crime_rate_per_km2": 366.98089405720316, "arterial_km_per_km2": 0.19618784366886347 }, "geometry": { "type": "Polygon", "coordinates": [ [ [ -122.263071, 37.815063 ], [ -122.260289, 37.817103 ], [ -122.258656, 37.816092 ], [ -122.259039, 37.815321 ], [ -122.260034, 37.814521 ], [ -122.261495, 37.813034 ], [ -122.263071, 37.815063 ] ] ] } },
{ "type": "Feature", "properties": { "GEOID": "060014082001", "NAME_x": "1", "ALAND": 372649, "AWATER": 0, "centroid_lon": -122.1762930696358, "centroid_lat": 37.777552559175042, "NAME_y": "Block Group 1; Census Tract 4082; Alameda County; California", "B03002_001E": 1825, "B03002_001M": 528, "B03002_012E": 203, "B03002_012M": 132, "B19013_001E": -666666666, "B19013_001M": -222222222, "B01003_001E": 1825, "state": "06", "county": "001", "tract": "408200", "block group": "1", "latino_share": 0.11123287671232877, "latino_share_moe90": 0.064775083455395246, "camera_count": 0, "arterial_road_m": 1233.5764569367202, "crime_count_pre_treatment": 401, "land_area_km2": 0.372649, "pop_density_per_km2": 4897.3699110959642, "camera_density_per_km2": 0.0, "crime_rate_per_km2": 1076.07963525999, "arterial_km_per_km2": 3.3102905332812385 }, "geometry": { "type": "Polygon", "coordinates": [ [ [ -122.180189, 37.779744 ], [ -122.175055, 37.78021 ], [ -122.172039, 37.777821 ], [ -122.169832, 37.774937 ], [ -122.172017, 37.774245 ], [ -122.173976, 37.776172 ], [ -122.176332, 37.776474 ], [ -122.176872, 37.77612 ], [ -122.17953, 37.775667 ], [ -122.182559, 37.777412 ], [ -122.180189, 37.779744 ] ] ] } },
{ "type": "Feature", "properties": { "GEOID": "060014011004", "NAME_x": "4", "ALAND": 319956, "AWATER": 0, "centroid_lon": -122.26518774358244, "centroid_lat": 37.832418768057281, "NAME_y": "Block Group 4; Census Tract 4011; Alameda County; California", "B03002_001E": 2246, "B03002_001M": 594, "B03002_012E": 293, "B03002_012M": 213, "B19013_001E": 95245, "B19013_001M": 11296, "B01003_001E": 2246, "state": "06", "county": "001", "tract": "401100", "block group": "4", "latino_share": 0.13045414069456812, "latino_share_moe90": 0.088336811523943723, "camera_count": 0, "arterial_road_m": 5922.0256853466381, "crime_count_pre_treatment": 1459, "land_area_km2": 0.319956, "pop_density_per_km2": 7019.7152108414903, "camera_density_per_km2": 0.0, "crime_rate_per_km2": 4560.002000275038, "arterial_km_per_km2": 18.508875237053338 }, "geometry": { "type": "Polygon", "coordinates": [ [ [ -122.266895, 37.831339 ], [ -122.266494, 37.833405 ], [ -122.265631, 37.837636 ], [ -122.264169, 37.83787 ], [ -122.262361, 37.837314 ], [ -122.263904, 37.83156 ], [ -122.26513, 37.827054 ], [ -122.265267, 37.826478 ], [ -122.267828, 37.827044 ], [ -122.266895, 37.831339 ] ] ] } },
{ "type": "Feature", "properties": { "GEOID": "060014059013", "NAME_x": "3", "ALAND": 132649, "AWATER": 0, "centroid_lon": -122.23603872553758, "centroid_lat": 37.787409982122355, "NAME_y": "Block Group 3; Census Tract 4059.01; Alameda County; California", "B03002_001E": 1308, "B03002_001M": 516, "B03002_012E": 654, "B03002_012M": 405, "B19013_001E": 101354, "B19013_001M": 9211, "B01003_001E": 1308, "state": "06", "county": "001", "tract": "405901", "block group": "3", "latino_share": 0.5, "latino_share_moe90": 0.23867541566795766, "camera_count": 1, "arterial_road_m": 74.332324909603273, "crime_count_pre_treatment": 244, "land_area_km2": 0.132649, "pop_density_per_km2": 9860.6095786624865, "camera_density_per_km2": 7.5386923384269773, "crime_rate_per_km2": 1839.4409305761824, "arterial_km_per_km2": 0.56036852829349093 }, "geometry": { "type": "Polygon", "coordinates": [ [ [ -122.237974, 37.789708 ], [ -122.237876, 37.789765 ], [ -122.232503, 37.786558 ], [ -122.234054, 37.785193 ], [ -122.235639, 37.785864 ], [ -122.239448, 37.788135 ], [ -122.237974, 37.789708 ] ] ] } },
{ "type": "Feature", "properties": { "GEOID": "060014105001", "NAME_x": "1", "ALAND": 195927, "AWATER": 0, "centroid_lon": -122.28915879130633, "centroid_lat": 37.806080025427775, "NAME_y": "Block Group 1; Census Tract 4105; Alameda County; California", "B03002_001E": 1842, "B03002_001M": 477, "B03002_012E": 156, "B03002_012M": 136, "B19013_001E": 61829, "B19013_001M": 21719, "B01003_001E": 1842, "state": "06", "county": "001", "tract": "410500", "block group": "1", "latino_share": 0.084690553745928335, "latino_share_moe90": 0.070500357906949668, "camera_count": 2, "arterial_road_m": 2105.5884074090645, "crime_count_pre_treatment": 456, "land_area_km2": 0.195927, "pop_density_per_km2": 9401.4607481357853, "camera_density_per_km2": 10.20788354846448, "crime_rate_per_km2": 2327.3974490499013, "arterial_km_per_km2": 10.746800631914258 }, "geometry": { "type": "Polygon", "coordinates": [ [ [ -122.293325, 37.806077 ], [ -122.290048, 37.805341 ], [ -122.288335, 37.810106 ], [ -122.286208, 37.809606 ], [ -122.287923, 37.804853 ], [ -122.28867, 37.802755 ], [ -122.289161, 37.802772 ], [ -122.291101, 37.802526 ], [ -122.290392, 37.804374 ], [ -122.29369, 37.805079 ], [ -122.293325, 37.806077 ] ] ] } },
{ "type": "Feature", "properties": { "GEOID": "060014044002", "NAME_x": "2", "ALAND": 569050, "AWATER": 0, "centroid_lon": -122.21692000583121, "centroid_lat": 37.837129007298117, "NAME_y": "Block Group 2; Census Tract 4044; Alameda County; California", "B03002_001E": 1242, "B03002_001M": 346, "B03002_012E": 53, "B03002_012M": 60, "B19013_001E": 205682, "B19013_001M": 101029, "B01003_001E": 1242, "state": "06", "county": "001", "tract": "404400", "block group": "2", "latino_share": 0.042673107890499197, "latino_share_moe90": 0.046823628861290448, "camera_count": 5, "arterial_road_m": 5388.447583661703, "crime_count_pre_treatment": 140, "land_area_km2": 0.56905, "pop_density_per_km2": 2182.5850101045603, "camera_density_per_km2": 8.7865741147526588, "crime_rate_per_km2": 246.02407521307444, "arterial_km_per_km2": 9.4691988114606858 }, "geometry": { "type": "Polygon", "coordinates": [ [ [ -122.224827, 37.841683 ], [ -122.219274, 37.83965 ], [ -122.21793, 37.840661 ], [ -122.217776, 37.842535 ], [ -122.21568, 37.839599 ], [ -122.215363, 37.84087 ], [ -122.214298, 37.840214 ], [ -122.2136, 37.838555 ], [ -122.214753, 37.836763 ], [ -122.21334, 37.835672 ], [ -122.212365, 37.838177 ], [ -122.210683, 37.83876 ], [ -122.211029, 37.837762 ], [ -122.212328, 37.834442 ], [ -122.214548, 37.832793 ], [ -122.215301, 37.831595 ], [ -122.215781, 37.83126 ], [ -122.2171, 37.832758 ], [ -122.219672, 37.836392 ], [ -122.222687, 37.838895 ], [ -122.224827, 37.841683 ] ] ] } }
]
}
