{
"type": "FeatureCollection",
"name": "phoenix_tracts_analysis_table",
"crs": { "type": "name", "properties": { "name": "urn:ogc:def:crs:EPSG::4269" } },
"features": [
{ "type": "Feature", "properties": { "STATEFP": "04", "COUNTYFP": "013", "TRACTCE": "115600", "GEOIDFQ": "1400000US04013115600", "GEOID": "04013115600", "NAME": "1156", "NAMELSAD": "Census Tract 1156", "STUSPS": "AZ", "NAMELSADCO": "Maricopa County", "STATE_NAME": "Arizona", "LSAD": "CT", "ALAND": 2552654, "AWATER": 0, "centroid_lon": -112.10782581562175, "centroid_lat": 33.3994687444509, "B03002_001E": 5137, "B03002_001M": 812, "B03002_012E": 3880, "B03002_012M": 900, "B19013_001E": 60838, "B19013_001M": 12275, "B01003_001E": 5137, "state": "04", "county": "013", "tract": "115600", "latino_share": 0.7553046525209266, "camera_count": 0, "arterial_road_m": 4623.393180407511, "land_area_km2": 2.552654, "pop_density_per_km2": 2012.415313630441, "arterial_km_per_km2": 1.8112102856115679, "log_income": 11.015969872723101, "city": "Phoenix", "crime_count_raw": 1466.8486509917868, "crime_rate_annual_per_km2_1000": 0.0565425786208128 }, "geometry": { "type": "Polygon", "coordinates": [ [ [ -112.116351, 33.40672 ], [ -112.107893, 33.40674 ], [ -112.099426, 33.406731 ], [ -112.099278, 33.399532 ], [ -112.099134, 33.392287 ], [ -112.107726, 33.392254 ], [ -112.116365, 33.392198 ], [ -112.116351, 33.40672 ] ] ] } },
{ "type": "Feature", "properties": { "STATEFP": "04", "COUNTYFP": "013", "TRACTCE": "114302", "GEOIDFQ": "1400000US04013114302", "GEOID": "04013114302", "NAME": "1143.02", "NAMELSAD": "Census Tract 1143.02", "STUSPS": "AZ", "NAMELSADCO": "Maricopa County", "STATE_NAME": "Arizona", "LSAD": "CT", "ALAND": 1311625, "AWATER": 0, "centroid_lon": -112.09128266986997, "centroid_lat": 33.440381386530987, "B03002_001E": 2593, "B03002_001M": 414, "B03002_012E": 1657, "B03002_012M": 433, "B19013_001E": 31484, "B19013_001M": 5991, "B01003_001E": 2593, "state": "04", "county": "013", "tract": "114302", "latino_share": 0.63902815271885849, "camera_count": 0, "arterial_road_m": 5683.1980576694077, "land_area_km2": 1.311625, "pop_density_per_km2": 1976.9370056227961, "arterial_km_per_km2": 4.3329442925145587, "log_income": 10.35723475926234, "city": "Phoenix", "crime_count_raw": 1948.6355630087621, "crime_rate_annual_per_km2_1000": 0.14618512904106643 }, "geometry": { "type": "Polygon", "coordinates": [ [ [ -112.100061, 33.443913 ], [ -112.091378, 33.444066 ], [ -112.082478, 33.443922 ], [ -112.082523, 33.436829 ], [ -112.091253, 33.436745 ], [ -112.095646, 33.43674 ], [ -112.099996, 33.436731 ], [ -112.100061, 33.443913 ] ] ] } },
{ "type": "Feature", "properties": { "STATEFP": "04", "COUNTYFP": "013", "TRACTCE": "108400", "GEOIDFQ": "1400000US04013108400", "GEOID": "04013108400", "NAME": "1084", "NAMELSAD": "Census Tract 1084", "STUSPS": "AZ", "NAMELSADCO": "Maricopa County", "STATE_NAME": "Arizona", "LSAD": "CT", "ALAND": 2597616, "AWATER": 0, "centroid_lon": -112.02157597798391, "centroid_lat": 33.502343722765602, "B03002_001E": 5776, "B03002_001M": 959, "B03002_012E": 1234, "B03002_012M": 577, "B19013_001E": 86465, "B19013_001M": 15195, "B01003_001E": 5776, "state": "04", "county": "013", "tract": "108400", "latino_share": 0.21364265927977838, "camera_count": 1, "arterial_road_m": 7742.9192310644758, "land_area_km2": 2.597616, "pop_density_per_km2": 2223.5773108881376, "arterial_km_per_km2": 2.9807790031569237, "log_income": 11.367494986760022, "city": "Phoenix", "crime_count_raw": 2147.752528811433, "crime_rate_annual_per_km2_1000": 0.081356366755553036 }, "geometry": { "type": "Polygon", "coordinates": [ [ [ -112.030217, 33.505705 ], [ -112.030207, 33.509327 ], [ -112.013024, 33.509967 ], [ -112.012986, 33.502569 ], [ -112.012978, 33.495235 ], [ -112.016295, 33.495165 ], [ -112.017285, 33.495143 ], [ -112.021595, 33.495044 ], [ -112.025879, 33.49494 ], [ -112.030195, 33.49485 ], [ -112.0302, 33.498435 ], [ -112.03021, 33.502074 ], [ -112.030217, 33.505705 ] ] ] } },
{ "type": "Feature", "properties": { "STATEFP": "04", "COUNTYFP": "013", "TRACTCE": "116100", "GEOIDFQ": "1400000US04013116100", "GEOID": "04013116100", "NAME": "1161", "NAMELSAD": "Census Tract 1161", "STUSPS": "AZ", "NAMELSADCO": "Maricopa County", "STATE_NAME": "Arizona", "LSAD": "CT", "ALAND": 2417088, "AWATER": 0, "centroid_lon": -112.0212578217169, "centroid_lat": 33.400188202233508, "B03002_001E": 4721, "B03002_001M": 668, "B03002_012E": 2420, "B03002_012M": 497, "B19013_001E": 45588, "B19013_001M": 12235, "B01003_001E": 4721, "state": "04", "county": "013", "tract": "116100", "latino_share": 0.51260326202075834, "camera_count": 0, "arterial_road_m": 3520.6608300672715, "land_area_km2": 2.417088, "pop_density_per_km2": 1953.176715121667, "arterial_km_per_km2": 1.4565712254031593, "log_income": 10.727399802975626, "city": "Phoenix", "crime_count_raw": 2061.8630581164921, "crime_rate_annual_per_km2_1000": 0.08393625964948094 }, "geometry": { "type": "Polygon", "coordinates": [ [ [ -112.029931, 33.399662 ], [ -112.029865, 33.403278 ], [ -112.029798, 33.406923 ], [ -112.021133, 33.406954 ], [ -112.012578, 33.407051 ], [ -112.012661, 33.399684 ], [ -112.012729, 33.394191 ], [ -112.012549, 33.392563 ], [ -112.013205, 33.392652 ], [ -112.017101, 33.393831 ], [ -112.030066, 33.393214 ], [ -112.029931, 33.399662 ] ] ] } },
{ "type": "Feature", "properties": { "STATEFP": "04", "COUNTYFP": "013", "TRACTCE": "108602", "GEOIDFQ": "1400000US04013108602", "GEOID": "04013108602", "NAME": "1086.02", "NAMELSAD": "Census Tract 1086.02", "STUSPS": "AZ", "NAMELSADCO": "Maricopa County", "STATE_NAME": "Arizona", "LSAD": "CT", "ALAND": 1770567, "AWATER": 9625, "centroid_lon": -112.05497454834591, "centroid_lat": 33.503914854340884, "B03002_001E": 6344, "B03002_001M": 949, "B03002_012E": 2182, "B03002_012M": 796, "B19013_001E": 58013, "B19013_001M": 10365, "B01003_001E": 6344, "state": "04", "county": "013", "tract": "108602", "latino_share": 0.34394703656998737, "camera_count": 0, "arterial_road_m": 5780.5142274064592, "land_area_km2": 1.770567, "pop_density_per_km2": 3583.0330058111326, "arterial_km_per_km2": 3.2647814103654134, "log_income": 10.968422402344437, "city": "Phoenix", "crime_count_raw": 2824.2723672046104, "crime_rate_annual_per_km2_1000": 0.15695547458027603 }, "geometry": { "type": "Polygon", "coordinates": [ [ [ -112.06501, 33.509234 ], [ -112.06063, 33.509223 ], [ -112.056251, 33.509211 ], [ -112.047516, 33.509213 ], [ -112.047551, 33.503769 ], [ -112.047618, 33.494722 ], [ -112.04904, 33.494729 ], [ -112.05099, 33.496392 ], [ -112.056302, 33.499878 ], [ -112.058417, 33.501168 ], [ -112.061409, 33.50208 ], [ -112.06503, 33.502468 ], [ -112.06501, 33.509234 ] ] ] } },
{ "type": "Feature", "properties": { "STATEFP": "04", "COUNTYFP": "013", "TRACTCE": "116712", "GEOIDFQ": "1400000US04013116712", "GEOID": "04013116712", "NAME": "1167.12", "NAMELSAD": "Census Tract 1167.12", "STUSPS": "AZ", "NAMELSADCO": "Maricopa County", "STATE_NAME": "Arizona", "LSAD": "CT", "ALAND": 3802548, "AWATER": 0, "centroid_lon": -111.98457266584985, "centroid_lat": 33.297976532586482, "B03002_001E": 6922, "B03002_001M": 796, "B03002_012E": 1365, "B03002_012M": 421, "B19013_001E": 84087, "B19013_001M": 4895, "B01003_001E": 6922, "state": "04", "county": "013", "tract": "116712", "latino_share": 0.19719734180872581, "camera_count": 0, "arterial_road_m": 27257.464878748178, "land_area_km2": 3.802548, "pop_density_per_km2": 1820.3583491911213, "arterial_km_per_km2": 7.1682105995106911, "log_income": 11.339607256129176, "city": "Phoenix", "crime_count_raw": 1438.0426744017036, "crime_rate_annual_per_km2_1000": 0.03721168416565953 }, "geometry": { "type": "Polygon", "coordinates": [ [ [ -111.997265, 33.305214 ], [ -111.989024, 33.305237 ], [ -111.980342, 33.305262 ], [ -111.973932, 33.305279 ], [ -111.973322, 33.305263 ], [ -111.972381, 33.305256 ], [ -111.972028, 33.305259 ], [ -111.971846, 33.292583 ], [ -111.97155, 33.29077 ], [ -111.972209, 33.290756 ], [ -111.97978, 33.290732 ], [ -111.98042, 33.290681 ], [ -111.981192, 33.290742 ], [ -111.995381, 33.290706 ], [ -111.997127, 33.290701 ], [ -111.99722, 33.291193 ], [ -111.997248, 33.297978 ], [ -111.997265, 33.305214 ] ] ] } },
{ "type": "Feature", "properties": { "STATEFP": "04", "COUNTYFP": "013", "TRACTCE": "115300", "GEOIDFQ": "1400000US04013115300", "GEOID": "04013115300", "NAME": "1153", "NAMELSAD": "Census Tract 1153", "STUSPS": "AZ", "NAMELSADCO": "Maricopa County", "STATE_NAME": "Arizona", "LSAD": "CT", "ALAND": 4150361, "AWATER": 0, "centroid_lon": -112.04866921897471, "centroid_lat": 33.412689598064837, "B03002_001E": 2567, "B03002_001M": 537, "B03002_012E": 1710, "B03002_012M": 462, "B19013_001E": 36106, "B19013_001M": 20090, "B01003_001E": 2567, "state": "04", "county": "013", "tract": "115300", "latino_share": 0.66614725360342808, "camera_count": 0, "arterial_road_m": 7477.246380706958, "land_area_km2": 4.150361, "pop_density_per_km2": 618.50041478319599, "arterial_km_per_km2": 1.8015893992611625, "log_income": 10.494214335496604, "city": "Phoenix", "crime_count_raw": 2534.1295607788525, "crime_rate_annual_per_km2_1000": 0.060079346296472491 }, "geometry": { "type": "Polygon", "coordinates": [ [ [ -112.064874, 33.420696 ], [ -112.061735, 33.420789 ], [ -112.056108, 33.420119 ], [ -112.054089, 33.419535 ], [ -112.047459, 33.418245 ], [ -112.042284, 33.416658 ], [ -112.037241, 33.416964 ], [ -112.032742, 33.416276 ], [ -112.029867, 33.416359 ], [ -112.029674, 33.414187 ], [ -112.029798, 33.406923 ], [ -112.037416, 33.406838 ], [ -112.047134, 33.406785 ], [ -112.064568, 33.406712 ], [ -112.064848, 33.419953 ], [ -112.064874, 33.420696 ] ] ] } },
{ "type": "Feature", "properties": { "STATEFP": "04", "COUNTYFP": "013", "TRACTCE": "103303", "GEOIDFQ": "1400000US04013103303", "GEOID": "04013103303", "NAME": "1033.03", "NAMELSAD": "Census Tract 1033.03", "STUSPS": "AZ", "NAMELSADCO": "Maricopa County", "STATE_NAME": "Arizona", "LSAD": "CT", "ALAND": 2550450, "AWATER": 0, "centroid_lon": -112.00476870128172, "centroid_lat": 33.633496695817328, "B03002_001E": 3923, "B03002_001M": 456, "B03002_012E": 553, "B03002_012M": 339, "B19013_001E": 96859, "B19013_001M": 16851, "B01003_001E": 3923, "state": "04", "county": "013", "tract": "103303", "latino_share": 0.14096354830486874, "camera_count": 0, "arterial_road_m": 10888.058765423109, "land_area_km2": 2.55045, "pop_density_per_km2": 1538.1599325609207, "arterial_km_per_km2": 4.2690736009030203, "log_income": 11.481011591724698, "city": "Phoenix", "crime_count_raw": 1349.809349334115, "crime_rate_annual_per_km2_1000": 0.052076030789644026 }, "geometry": { "type": "Polygon", "coordinates": [ [ [ -112.013495, 33.640598 ], [ -112.003076, 33.64064 ], [ -111.996172, 33.640699 ], [ -111.996106, 33.633434 ], [ -111.99604, 33.626408 ], [ -112.000351, 33.626369 ], [ -112.006893, 33.62633 ], [ -112.013349, 33.626329 ], [ -112.013445, 33.633545 ], [ -112.013476, 33.63708 ], [ -112.013495, 33.640598 ] ] ] } },
{ "type": "Feature", "properties": { "STATEFP": "04", "COUNTYFP": "013", "TRACTCE": "104900", "GEOIDFQ": "1400000US04013104900", "GEOID": "04013104900", "NAME": "1049", "NAMELSAD": "Census Tract 1049", "STUSPS": "AZ", "NAMELSADCO": "Maricopa County", "STATE_NAME": "Arizona", "LSAD": "CT", "ALAND": 2584775, "AWATER": 0, "centroid_lon": -112.00445920510144, "centroid_lat": 33.589836168097413, "B03002_001E": 4293, "B03002_001M": 498, "B03002_012E": 448, "B03002_012M": 271, "B19013_001E": 116188, "B19013_001M": 18757, "B01003_001E": 4293, "state": "04", "county": "013", "tract": "104900", "latino_share": 0.10435592825529932, "camera_count": 0, "arterial_road_m": 14190.492978913839, "land_area_km2": 2.584775, "pop_density_per_km2": 1660.8795736572815, "arterial_km_per_km2": 5.4900302652702218, "log_income": 11.662964847843458, "city": "Phoenix", "crime_count_raw": 529.01424902670283, "crime_rate_annual_per_km2_1000": 0.02013848901602304 }, "geometry": { "type": "Polygon", "coordinates": [ [ [ -112.013159, 33.596999 ], [ -112.009601, 33.597043 ], [ -112.004481, 33.597065 ], [ -111.995812, 33.597124 ], [ -111.995757, 33.58998 ], [ -111.995708, 33.582747 ], [ -112.004405, 33.58261 ], [ -112.010054, 33.582524 ], [ -112.013104, 33.582486 ], [ -112.013115, 33.586514 ], [ -112.013159, 33.596999 ] ] ] } },
{ "type": "Feature", "properties": { "STATEFP": "04", "COUNTYFP": "013", "TRACTCE": "106600", "GEOIDFQ": "1400000US04013106600", "GEOID": "04013106600", "NAME": "1066", "NAMELSAD": "Census Tract 1066", "STUSPS": "AZ", "NAMELSADCO": "Maricopa County", "STATE_NAME": "Arizona", "LSAD": "CT", "ALAND": 2603116, "AWATER": 0, "centroid_lon": -112.07371797341044, "centroid_lat": 33.531052076279835, "B03002_001E": 3676, "B03002_001M": 407, "B03002_012E": 551, "B03002_012M": 187, "B19013_001E": 136250, "B19013_001M": 44254, "B01003_001E": 3676, "state": "04", "county": "013", "tract": "106600", "latino_share": 0.1498911860718172, "camera_count": 0, "arterial_road_m": 7022.4850986097308, "land_area_km2": 2.603116, "pop_density_per_km2": 1412.153741900092, "arterial_km_per_km2": 2.697722690271863, "log_income": 11.822246712525491, "city": "Phoenix", "crime_count_raw": 910.58834017018671, "crime_rate_annual_per_km2_1000": 0.034419996393426362 }, "geometry": { "type": "Polygon", "coordinates": [ [ [ -112.082433, 33.538355 ], [ -112.073751, 33.538314 ], [ -112.065055, 33.538272 ], [ -112.065023, 33.530977 ], [ -112.064989, 33.523739 ], [ -112.073699, 33.523797 ], [ -112.082412, 33.523854 ], [ -112.082417, 33.531107 ], [ -112.082433, 33.538355 ] ] ] } },
{ "type": "Feature", "properties": { "STATEFP": "04", "COUNTYFP": "013", "TRACTCE": "110002", "GEOIDFQ": "1400000US04013110002", "GEOID": "04013110002", "NAME": "1100.02", "NAMELSAD": "Census Tract 1100.02", "STUSPS": "AZ", "NAMELSADCO": "Maricopa County", "STATE_NAME": "Arizona", "LSAD": "CT", "ALAND": 1169245, "AWATER": 9172, "centroid_lon": -112.16045023450008, "centroid_lat": 33.491629720043257, "B03002_001E": 5037, "B03002_001M": 696, "B03002_012E": 4188, "B03002_012M": 682, "B19013_001E": 65107, "B19013_001M": 14839, "B01003_001E": 5037, "state": "04", "county": "013", "tract": "110002", "latino_share": 0.83144729005360329, "camera_count": 0, "arterial_road_m": 3552.206237411518, "land_area_km2": 1.169245, "pop_density_per_km2": 4307.9080945396381, "arterial_km_per_km2": 3.0380341480284438, "log_income": 11.083787349297781, "city": "Phoenix", "crime_count_raw": 1818.6379142012938, "crime_rate_annual_per_km2_1000": 0.15304634996237038 }, "geometry": { "type": "Polygon", "coordinates": [ [ [ -112.168874, 33.49498 ], [ -112.164589, 33.494954 ], [ -112.160272, 33.494953 ], [ -112.151688, 33.494959 ], [ -112.151645, 33.488464 ], [ -112.159136, 33.48867 ], [ -112.160252, 33.488352 ], [ -112.160895, 33.488173 ], [ -112.168918, 33.487946 ], [ -112.168874, 33.49498 ] ] ] } },
{ "type": "Feature", "properties": { "STATEFP": "04", "COUNTYFP": "013", "TRACTCE": "104212", "GEOIDFQ": "1400000US04013104212", "GEOID": "04013104212", "NAME": "1042.12", "NAMELSAD": "Census Tract 1042.12", "STUSPS": "AZ", "NAMELSADCO": "Maricopa County", "STATE_NAME": "Arizona", "LSAD": "CT", "ALAND": 2581209, "AWATER": 0, "centroid_lon": -112.14257842131124, "centroid_lat": 33.603577626923965, "B03002_001E": 6424, "B03002_001M": 1070, "B03002_012E": 1945, "B03002_012M": 801, "B19013_001E": 83278, "B19013_001M": 12287, "B01003_001E": 6424, "state": "04", "county": "013", "tract": "104212", "latino_share": 0.30277085927770858, "camera_count": 0, "arterial_road_m": 6466.0617995424791, "land_area_km2": 2.581209, "pop_density_per_km2": 2488.7562378714783, "arterial_km_per_km2": 2.5050516248558252, "log_income": 11.32993968763064, "city": "Phoenix", "crime_count_raw": 1763.9503256284011, "crime_rate_annual_per_km2_1000": 0.067242745495918854 }, "geometry": { "type": "Polygon", "coordinates": [ [ [ -112.151283, 33.603545 ], [ -112.151256, 33.607116 ], [ -112.151174, 33.610727 ], [ -112.145604, 33.610782 ], [ -112.142492, 33.610789 ], [ -112.133776, 33.610816 ], [ -112.133854, 33.607223 ], [ -112.133897, 33.603601 ], [ -112.133964, 33.596387 ], [ -112.142649, 33.596369 ], [ -112.151337, 33.596343 ], [ -112.151283, 33.603545 ] ] ] } },
{ "type": "Feature", "properties": { "STATEFP": "04", "COUNTYFP": "013", "TRACTCE": "112301", "GEOIDFQ": "1400000US04013112301", "GEOID": "04013112301", "NAME": "1123.01", "NAMELSAD": "Census Tract 1123.01", "STUSPS": "AZ", "NAMELSADCO": "Maricopa County", "STATE_NAME": "Arizona", "LSAD": "CT", "ALAND": 1309393, "AWATER": 0, "centroid_lon": -112.16048643400201, "centroid_lat": 33.469637639187596, "B03002_001E": 5674, "B03002_001M": 1199, "B03002_012E": 5315, "B03002_012M": 1210, "B19013_001E": 49849, "B19013_001M": 19094, "B01003_001E": 5674, "state": "04", "county": "013", "tract": "112301", "latino_share": 0.93672893902009169, "camera_count": 0, "arterial_road_m": 2445.4348809136486, "land_area_km2": 1.309393, "pop_density_per_km2": 4333.3055851069921, "arterial_km_per_km2": 1.8676095571869169, "log_income": 10.816753715008234, "city": "Phoenix", "crime_count_raw": 2257.2994542180336, "crime_rate_annual_per_km2_1000": 0.1696295143789614 }, "geometry": { "type": "Polygon", "coordinates": [ [ [ -112.169056, 33.470373 ], [ -112.169031, 33.473295 ], [ -112.169028, 33.473573 ], [ -112.165135, 33.473573 ], [ -112.164249, 33.473222 ], [ -112.161686, 33.473221 ], [ -112.151719, 33.473219 ], [ -112.151753, 33.469957 ], [ -112.151757, 33.469589 ], [ -112.151787, 33.465961 ], [ -112.16004, 33.465961 ], [ -112.169107, 33.465972 ], [ -112.169056, 33.470373 ] ] ] } },
{ "type": "Feature", "properties": { "STATEFP": "04", "COUNTYFP": "013", "TRACTCE": "112601", "GEOIDFQ": "1400000US04013112601", "GEOID": "04013112601", "NAME": "1126.01", "NAMELSAD": "Census Tract 1126.01", "STUSPS": "AZ", "NAMELSADCO": "Maricopa County", "STATE_NAME": "Arizona", "LSAD": "CT", "ALAND": 721054, "AWATER": 0, "centroid_lon": -112.14353666832118, "centroid_lat": 33.463934888329547, "B03002_001E": 3286, "B03002_001M": 733, "B03002_012E": 2987, "B03002_012M": 732, "B19013_001E": 30735, "B19013_001M": 8329, "B01003_001E": 3286, "state": "04", "county": "013", "tract": "112601", "latino_share": 0.90900791235544731, "camera_count": 0, "arterial_road_m": 5185.2673976770711, "land_area_km2": 0.721054, "pop_density_per_km2": 4557.2176286380773, "arterial_km_per_km2": 7.1912331083068279, "log_income": 10.333157349341111, "city": "Phoenix", "crime_count_raw": 2002.3213734837657, "crime_rate_annual_per_km2_1000": 0.27324249977295623 }, "geometry": { "type": "Polygon", "coordinates": [ [ [ -112.151829, 33.463755 ], [ -112.151787, 33.465961 ], [ -112.143147, 33.465957 ], [ -112.134473, 33.46595 ], [ -112.134531, 33.462735 ], [ -112.14312, 33.461682 ], [ -112.146819, 33.461619 ], [ -112.151863, 33.461789 ], [ -112.151829, 33.463755 ] ] ] } },
{ "type": "Feature", "properties": { "STATEFP": "04", "COUNTYFP": "013", "TRACTCE": "114600", "GEOIDFQ": "1400000US04013114600", "GEOID": "04013114600", "NAME": "1146", "NAMELSAD": "Census Tract 1146", "STUSPS": "AZ", "NAMELSADCO": "Maricopa County", "STATE_NAME": "Arizona", "LSAD": "CT", "ALAND": 2581410, "AWATER": 0, "centroid_lon": -112.14318043498344, "centroid_lat": 33.444146754720961, "B03002_001E": 1754, "B03002_001M": 403, "B03002_012E": 1364, "B03002_012M": 305, "B19013_001E": 40521, "B19013_001M": 15326, "B01003_001E": 1754, "state": "04", "county": "013", "tract": "114600", "latino_share": 0.77765108323831245, "camera_count": 0, "arterial_road_m": 6376.2569820324597, "land_area_km2": 2.58141, "pop_density_per_km2": 679.4736210055745, "arterial_km_per_km2": 2.4700675142780337, "log_income": 10.609575637228874, "city": "Phoenix", "crime_count_raw": 1818.2613675362277, "crime_rate_annual_per_km2_1000": 0.069307714917609092 }, "geometry": { "type": "Polygon", "coordinates": [ [ [ -112.151767, 33.451379 ], [ -112.147431, 33.451386 ], [ -112.143119, 33.451397 ], [ -112.138832, 33.451408 ], [ -112.134516, 33.45142 ], [ -112.134521, 33.444203 ], [ -112.134629, 33.43689 ], [ -112.143256, 33.436897 ], [ -112.151882, 33.436901 ], [ -112.151767, 33.451379 ] ] ] } },
{ "type": "Feature", "properties": { "STATEFP": "04", "COUNTYFP": "013", "TRACTCE": "112504", "GEOIDFQ": "1400000US04013112504", "GEOID": "04013112504", "NAME": "1125.04", "NAMELSAD": "Census Tract 1125.04", "STUSPS": "AZ", "NAMELSADCO": "Maricopa County", "STATE_NAME": "Arizona", "LSAD": "CT", "ALAND": 1264266, "AWATER": 0, "centroid_lon": -112.19483747742508, "centroid_lat": 33.47680503400197, "B03002_001E": 3720, "B03002_001M": 710, "B03002_012E": 3029, "B03002_012M": 707, "B19013_001E": 68409, "B19013_001M": 19486, "B01003_001E": 3720, "state": "04", "county": "013", "tract": "112504", "latino_share": 0.81424731182795695, "camera_count": 0, "arterial_road_m": 2654.6037957239905, "land_area_km2": 1.264266, "pop_density_per_km2": 2942.4187631400355, "arterial_km_per_km2": 2.0997193594733945, "log_income": 11.133259673902259, "city": "Phoenix", "crime_count_raw": 1588.6799476156937, "crime_rate_annual_per_km2_1000": 0.12364604015964022 }, "geometry": { "type": "Polygon", "coordinates": [ [ [ -112.203269, 33.480348 ], [ -112.195096, 33.480426 ], [ -112.189488, 33.480494 ], [ -112.186379, 33.480545 ], [ -112.186398, 33.47326 ], [ -112.195094, 33.473174 ], [ -112.203323, 33.473094 ], [ -112.203269, 33.480348 ] ] ] } },
{ "type": "Feature", "properties": { "STATEFP": "04", "COUNTYFP": "013", "TRACTCE": "106001", "GEOIDFQ": "1400000US04013106001", "GEOID": "04013106001", "NAME": "1060.01", "NAMELSAD": "Census Tract 1060.01", "STUSPS": "AZ", "NAMELSADCO": "Maricopa County", "STATE_NAME": "Arizona", "LSAD": "CT", "ALAND": 702933, "AWATER": 0, "centroid_lon": -112.11459438518257, "centroid_lat": 33.545852850383582, "B03002_001E": 1853, "B03002_001M": 535, "B03002_012E": 1045, "B03002_012M": 493, "B19013_001E": 48456, "B19013_001M": 13559, "B01003_001E": 1853, "state": "04", "county": "013", "tract": "106001", "latino_share": 0.56395035078251488, "camera_count": 0, "arterial_road_m": 6808.8549532649959, "land_area_km2": 0.702933, "pop_density_per_km2": 2636.0976081646472, "arterial_km_per_km2": 9.6863498416847627, "log_income": 10.788411448660783, "city": "Phoenix", "crime_count_raw": 1168.8706078292028, "crime_rate_annual_per_km2_1000": 0.16361938762515491 }, "geometry": { "type": "Polygon", "coordinates": [ [ [ -112.116973, 33.553095 ], [ -112.112292, 33.553139 ], [ -112.112238, 33.545921 ], [ -112.112216, 33.538618 ], [ -112.116908, 33.538569 ], [ -112.116961, 33.549453 ], [ -112.116973, 33.553095 ] ] ] } },
{ "type": "Feature", "properties": { "STATEFP": "04", "COUNTYFP": "013", "TRACTCE": "108302", "GEOIDFQ": "1400000US04013108302", "GEOID": "04013108302", "NAME": "1083.02", "NAMELSAD": "Census Tract 1083.02", "STUSPS": "AZ", "NAMELSADCO": "Maricopa County", "STATE_NAME": "Arizona", "LSAD": "CT", "ALAND": 1333564, "AWATER": 0, "centroid_lon": -112.00418639034974, "centroid_lat": 33.498859021024323, "B03002_001E": 2688, "B03002_001M": 353, "B03002_012E": 571, "B03002_012M": 356, "B19013_001E": 76181, "B19013_001M": 23666, "B01003_001E": 2688, "state": "04", "county": "013", "tract": "108302", "latino_share": 0.21242559523809523, "camera_count": 0, "arterial_road_m": 2128.7307029476942, "land_area_km2": 1.333564, "pop_density_per_km2": 2015.6512923264277, "arterial_km_per_km2": 1.596271872176884, "log_income": 11.240867366751376, "city": "Phoenix", "crime_count_raw": 900.29699900918467, "crime_rate_annual_per_km2_1000": 0.066428461854029897 }, "geometry": { "type": "Polygon", "coordinates": [ [ [ -112.012986, 33.502569 ], [ -112.004167, 33.502533 ], [ -111.995374, 33.502496 ], [ -111.995439, 33.495123 ], [ -112.004201, 33.495181 ], [ -112.012978, 33.495235 ], [ -112.012986, 33.502569 ] ] ] } },
{ "type": "Feature", "properties": { "STATEFP": "04", "COUNTYFP": "013", "TRACTCE": "109102", "GEOIDFQ": "1400000US04013109102", "GEOID": "04013109102", "NAME": "1091.02", "NAMELSAD": "Census Tract 1091.02", "STUSPS": "AZ", "NAMELSADCO": "Maricopa County", "STATE_NAME": "Arizona", "LSAD": "CT", "ALAND": 1281313, "AWATER": 0, "centroid_lon": -112.12564736137313, "centroid_lat": 33.498580653160445, "B03002_001E": 7010, "B03002_001M": 958, "B03002_012E": 4808, "B03002_012M": 913, "B19013_001E": 65959, "B19013_001M": 12625, "B01003_001E": 7010, "state": "04", "county": "013", "tract": "109102", "latino_share": 0.68587731811697572, "camera_count": 0, "arterial_road_m": 4326.5921319686295, "land_area_km2": 1.281313, "pop_density_per_km2": 5470.9505015558261, "arterial_km_per_km2": 3.37668636154369, "log_income": 11.096788615855154, "city": "Phoenix", "crime_count_raw": 2853.4322752322842, "crime_rate_annual_per_km2_1000": 0.21912634451601529 }, "geometry": { "type": "Polygon", "coordinates": [ [ [ -112.134218, 33.502288 ], [ -112.129928, 33.502176 ], [ -112.125572, 33.502175 ], [ -112.117021, 33.502193 ], [ -112.117066, 33.494965 ], [ -112.125598, 33.494974 ], [ -112.130675, 33.494981 ], [ -112.134214, 33.49488 ], [ -112.134218, 33.502288 ] ] ] } },
{ "type": "Feature", "properties": { "STATEFP": "04", "COUNTYFP": "013", "TRACTCE": "612700", "GEOIDFQ": "1400000US04013612700", "GEOID": "04013612700", "NAME": "6127", "NAMELSAD": "Census Tract 6127", "STUSPS": "AZ", "NAMELSADCO": "Maricopa County", "STATE_NAME": "Arizona", "LSAD": "CT", "ALAND": 2293572, "AWATER": 6787, "centroid_lon": -111.97959020890428, "centroid_lat": 33.759346870687708, "B03002_001E": 2223, "B03002_001M": 206, "B03002_012E": 128, "B03002_012M": 82, "B19013_001E": 124423, "B19013_001M": 24133, "B01003_001E": 2223, "state": "04", "county": "013", "tract": "612700", "latino_share": 0.057579847053531266, "camera_count": 0, "arterial_road_m": 4717.5571646606659, "land_area_km2": 2.293572, "pop_density_per_km2": 969.23052775321628, "arterial_km_per_km2": 2.0568602880836813, "log_income": 11.731442329657444, "city": "Phoenix", "crime_count_raw": 92.631406352511505, "crime_rate_annual_per_km2_1000": 0.0039740025059633805 }, "geometry": { "type": "Polygon", "coordinates": [ [ [ -111.990431, 33.75586 ], [ -111.983702, 33.76681 ], [ -111.981628, 33.770168 ], [ -111.979948, 33.770134 ], [ -111.978131, 33.770152 ], [ -111.978166, 33.762879 ], [ -111.969458, 33.762911 ], [ -111.969402, 33.755587 ], [ -111.971713, 33.755436 ], [ -111.973205, 33.754908 ], [ -111.974681, 33.75417 ], [ -111.979313, 33.749915 ], [ -111.980075, 33.750665 ], [ -111.984775, 33.753541 ], [ -111.98488, 33.753601 ], [ -111.990431, 33.75586 ] ] ] } },
{ "type": "Feature", "properties": { "STATEFP": "04", "COUNTYFP": "013", "TRACTCE": "103220", "GEOIDFQ": "1400000US04013103220", "GEOID": "04013103220", "NAME": "1032.20", "NAMELSAD": "Census Tract 1032.20", "STUSPS": "AZ", "NAMELSADCO": "Maricopa County", "STATE_NAME": "Arizona", "LSAD": "CT", "ALAND": 2171942, "AWATER": 0, "centroid_lon": -111.93485102336678, "centroid_lat": 33.617513389948833, "B03002_001E": 2820, "B03002_001M": 357, "B03002_012E": 230, "B03002_012M": 101, "B19013_001E": 98611, "B19013_001M": 24681, "B01003_001E": 2820, "state": "04", "county": "013", "tract": "103220", "latino_share": 0.081560283687943269, "camera_count": 0, "arterial_road_m": 7182.6349469747438, "land_area_km2": 2.171942, "pop_density_per_km2": 1298.3772126511665, "arterial_km_per_km2": 3.3070104758666412, "log_income": 11.498938096234291, "city": "Phoenix", "crime_count_raw": 606.85048659513257, "crime_rate_annual_per_km2_1000": 0.02749259522580862 }, "geometry": { "type": "Polygon", "coordinates": [ [ [ -111.943043, 33.61865 ], [ -111.942953, 33.62594 ], [ -111.940797, 33.62574 ], [ -111.939065, 33.624692 ], [ -111.936912, 33.623159 ], [ -111.931011, 33.622804 ], [ -111.925816, 33.622759 ], [ -111.925933, 33.61125 ], [ -111.927978, 33.611262 ], [ -111.934495, 33.611304 ], [ -111.943176, 33.611363 ], [ -111.943043, 33.61865 ] ] ] } },
{ "type": "Feature", "properties": { "STATEFP": "04", "COUNTYFP": "013", "TRACTCE": "614800", "GEOIDFQ": "1400000US04013614800", "GEOID": "04013614800", "NAME": "6148", "NAMELSAD": "Census Tract 6148", "STUSPS": "AZ", "NAMELSADCO": "Maricopa County", "STATE_NAME": "Arizona", "LSAD": "CT", "ALAND": 1973896, "AWATER": 0, "centroid_lon": -112.08667755010934, "centroid_lat": 33.672729116681296, "B03002_001E": 4374, "B03002_001M": 554, "B03002_012E": 836, "B03002_012M": 191, "B19013_001E": 72022, "B19013_001M": 13465, "B01003_001E": 4374, "state": "04", "county": "013", "tract": "614800", "latino_share": 0.19112940100594422, "camera_count": 0, "arterial_road_m": 9711.4654629905726, "land_area_km2": 1.973896, "pop_density_per_km2": 2215.9222167733255, "arterial_km_per_km2": 4.9199478913734929, "log_income": 11.184726906881156, "city": "Phoenix", "crime_count_raw": 686.9395046827791, "crime_rate_annual_per_km2_1000": 0.03424336876012736 }, "geometry": { "type": "Polygon", "coordinates": [ [ [ -112.099792, 33.676487 ], [ -112.09288, 33.676484 ], [ -112.082865, 33.676467 ], [ -112.074249, 33.676519 ], [ -112.074142, 33.668742 ], [ -112.082855, 33.668538 ], [ -112.091535, 33.669351 ], [ -112.095473, 33.669563 ], [ -112.099791, 33.669224 ], [ -112.099792, 33.676487 ] ] ] } },
{ "type": "Feature", "properties": { "STATEFP": "04", "COUNTYFP": "013", "TRACTCE": "616400", "GEOIDFQ": "1400000US04013616400", "GEOID": "04013616400", "NAME": "6164", "NAMELSAD": "Census Tract 6164", "STUSPS": "AZ", "NAMELSADCO": "Maricopa County", "STATE_NAME": "Arizona", "LSAD": "CT", "ALAND": 3039176, "AWATER": 2496, "centroid_lon": -112.12418831341047, "centroid_lat": 33.661858382584242, "B03002_001E": 6618, "B03002_001M": 836, "B03002_012E": 844, "B03002_012M": 417, "B19013_001E": 67371, "B19013_001M": 22301, "B01003_001E": 6618, "state": "04", "county": "013", "tract": "616400", "latino_share": 0.12753097612571773, "camera_count": 0, "arterial_road_m": 19805.147792354641, "land_area_km2": 3.039176, "pop_density_per_km2": 2177.5639186411054, "arterial_km_per_km2": 6.5166175938328816, "log_income": 11.117969937246651, "city": "Phoenix", "crime_count_raw": 3282.9392341671869, "crime_rate_annual_per_km2_1000": 0.10628922740471489 }, "geometry": { "type": "Polygon", "coordinates": [ [ [ -112.134635, 33.669283 ], [ -112.133246, 33.669019 ], [ -112.130695, 33.668881 ], [ -112.129641, 33.668889 ], [ -112.125922, 33.668877 ], [ -112.121634, 33.668865 ], [ -112.113206, 33.668837 ], [ -112.113229, 33.668558 ], [ -112.114045, 33.658386 ], [ -112.114346, 33.654699 ], [ -112.121593, 33.65467 ], [ -112.125813, 33.654682 ], [ -112.129461, 33.654672 ], [ -112.134471, 33.65464 ], [ -112.134635, 33.669283 ] ] ] } },
{ "type": "Feature", "properties": { "STATEFP": "04", "COUNTYFP": "013", "TRACTCE": "618300", "GEOIDFQ": "1400000US04013618300", "GEOID": "04013618300", "NAME": "6183", "NAMELSAD": "Census Tract 6183", "STUSPS": "AZ", "NAMELSADCO": "Maricopa County", "STATE_NAME": "Arizona", "LSAD": "CT", "ALAND": 1413808, "AWATER": 0, "centroid_lon": -112.14316067169311, "centroid_lat": 33.643401785594683, "B03002_001E": 2871, "B03002_001M": 425, "B03002_012E": 279, "B03002_012M": 146, "B19013_001E": 89356, "B19013_001M": 22959, "B01003_001E": 2871, "state": "04", "county": "013", "tract": "618300", "latino_share": 0.097178683385579931, "camera_count": 1, "arterial_road_m": 5003.7498829632705, "land_area_km2": 1.413808, "pop_density_per_km2": 2030.6859205776175, "arterial_km_per_km2": 3.5392004310085037, "log_income": 11.400383669983814, "city": "Phoenix", "crime_count_raw": 581.628584853554, "crime_rate_annual_per_km2_1000": 0.040479726038648925 }, "geometry": { "type": "Polygon", "coordinates": [ [ [ -112.151866, 33.647315 ], [ -112.143127, 33.647341 ], [ -112.13444, 33.647379 ], [ -112.134414, 33.643052 ], [ -112.134367, 33.639608 ], [ -112.143071, 33.639456 ], [ -112.151791, 33.639321 ], [ -112.151866, 33.647315 ] ] ] } },
{ "type": "Feature", "properties": { "STATEFP": "04", "COUNTYFP": "013", "TRACTCE": "618600", "GEOIDFQ": "1400000US04013618600", "GEOID": "04013618600", "NAME": "6186", "NAMELSAD": "Census Tract 6186", "STUSPS": "AZ", "NAMELSADCO": "Maricopa County", "STATE_NAME": "Arizona", "LSAD": "CT", "ALAND": 2295575, "AWATER": 0, "centroid_lon": -112.10733616608832, "centroid_lat": 33.647269189073604, "B03002_001E": 4879, "B03002_001M": 843, "B03002_012E": 1341, "B03002_012M": 661, "B19013_001E": 62305, "B19013_001M": 8029, "B01003_001E": 4879, "state": "04", "county": "013", "tract": "618600", "latino_share": 0.27485140397622465, "camera_count": 0, "arterial_road_m": 9494.6623459396851, "land_area_km2": 2.295575, "pop_density_per_km2": 2125.3934199492501, "arterial_km_per_km2": 4.1360715053699773, "log_income": 11.039796958376968, "city": "Phoenix", "crime_count_raw": 3422.4623588762088, "crime_rate_annual_per_km2_1000": 0.14669977609888318 }, "geometry": { "type": "Polygon", "coordinates": [ [ [ -112.114918, 33.647174 ], [ -112.11478, 33.648874 ], [ -112.114346, 33.654699 ], [ -112.108477, 33.654705 ], [ -112.105583, 33.65471 ], [ -112.099753, 33.654733 ], [ -112.099711, 33.647424 ], [ -112.099715, 33.645192 ], [ -112.099715, 33.644866 ], [ -112.099691, 33.640134 ], [ -112.115506, 33.639912 ], [ -112.114918, 33.647174 ] ] ] } },
{ "type": "Feature", "properties": { "STATEFP": "04", "COUNTYFP": "013", "TRACTCE": "619300", "GEOIDFQ": "1400000US04013619300", "GEOID": "04013619300", "NAME": "6193", "NAMELSAD": "Census Tract 6193", "STUSPS": "AZ", "NAMELSADCO": "Maricopa County", "STATE_NAME": "Arizona", "LSAD": "CT", "ALAND": 1309953, "AWATER": 0, "centroid_lon": -112.03958752530941, "centroid_lat": 33.651336493500224, "B03002_001E": 4492, "B03002_001M": 615, "B03002_012E": 1537, "B03002_012M": 477, "B19013_001E": 58487, "B19013_001M": 8125, "B01003_001E": 4492, "state": "04", "county": "013", "tract": "619300", "latino_share": 0.34216384683882456, "camera_count": 0, "arterial_road_m": 3583.881402220622, "land_area_km2": 1.309953, "pop_density_per_km2": 3429.1306634665521, "arterial_km_per_km2": 2.7358854876630097, "log_income": 10.976559786302708, "city": "Phoenix", "crime_count_raw": 798.7191003652855, "crime_rate_annual_per_km2_1000": 0.059995767494324295 }, "geometry": { "type": "Polygon", "coordinates": [ [ [ -112.048468, 33.654933 ], [ -112.039535, 33.654977 ], [ -112.030857, 33.655041 ], [ -112.030851, 33.651396 ], [ -112.030852, 33.647773 ], [ -112.036458, 33.647595 ], [ -112.039514, 33.647708 ], [ -112.048235, 33.647648 ], [ -112.048468, 33.654933 ] ] ] } },
{ "type": "Feature", "properties": { "STATEFP": "04", "COUNTYFP": "013", "TRACTCE": "104401", "GEOIDFQ": "1400000US04013104401", "GEOID": "04013104401", "NAME": "1044.01", "NAMELSAD": "Census Tract 1044.01", "STUSPS": "AZ", "NAMELSADCO": "Maricopa County", "STATE_NAME": "Arizona", "LSAD": "CT", "ALAND": 2549154, "AWATER": 0, "centroid_lon": -112.10820501390772, "centroid_lat": 33.589233819377306, "B03002_001E": 5686, "B03002_001M": 926, "B03002_012E": 2384, "B03002_012M": 867, "B19013_001E": 38151, "B19013_001M": 9037, "B01003_001E": 5686, "state": "04", "county": "013", "tract": "104401", "latino_share": 0.4192754132958143, "camera_count": 2, "arterial_road_m": 9750.1631268003002, "land_area_km2": 2.549154, "pop_density_per_km2": 2230.5439373219506, "arterial_km_per_km2": 3.8248623373873452, "log_income": 10.549307248688857, "city": "Phoenix", "crime_count_raw": 2709.1905335607398, "crime_rate_annual_per_km2_1000": 0.10457448477386207 }, "geometry": { "type": "Polygon", "coordinates": [ [ [ -112.116777, 33.589243 ], [ -112.116716, 33.596422 ], [ -112.11189, 33.596425 ], [ -112.111046, 33.596426 ], [ -112.103803, 33.596498 ], [ -112.099603, 33.596559 ], [ -112.099614, 33.592943 ], [ -112.099665, 33.587524 ], [ -112.099633, 33.582108 ], [ -112.108127, 33.581983 ], [ -112.116834, 33.581974 ], [ -112.116777, 33.589243 ] ] ] } },
{ "type": "Feature", "properties": { "STATEFP": "04", "COUNTYFP": "013", "TRACTCE": "106703", "GEOIDFQ": "1400000US04013106703", "GEOID": "04013106703", "NAME": "1067.03", "NAMELSAD": "Census Tract 1067.03", "STUSPS": "AZ", "NAMELSADCO": "Maricopa County", "STATE_NAME": "Arizona", "LSAD": "CT", "ALAND": 1288397, "AWATER": 6635, "centroid_lon": -112.09105361595242, "centroid_lat": 33.527603207230001, "B03002_001E": 2432, "B03002_001M": 342, "B03002_012E": 595, "B03002_012M": 140, "B19013_001E": 101165, "B19013_001M": 18086, "B01003_001E": 2432, "state": "04", "county": "013", "tract": "106703", "latino_share": 0.24465460526315788, "camera_count": 0, "arterial_road_m": 4179.6743059946757, "land_area_km2": 1.288397, "pop_density_per_km2": 1887.6169379469216, "arterial_km_per_km2": 3.2440888219971602, "log_income": 11.524508126213295, "city": "Phoenix", "crime_count_raw": 781.08577415735363, "crime_rate_annual_per_km2_1000": 0.0596528613629888 }, "geometry": { "type": "Polygon", "coordinates": [ [ [ -112.09964, 33.53139 ], [ -112.095493, 33.531323 ], [ -112.091125, 33.53125 ], [ -112.082417, 33.531107 ], [ -112.082412, 33.523854 ], [ -112.091146, 33.523958 ], [ -112.095418, 33.524008 ], [ -112.099703, 33.524102 ], [ -112.09964, 33.53139 ] ] ] } },
{ "type": "Feature", "properties": { "STATEFP": "04", "COUNTYFP": "013", "TRACTCE": "106801", "GEOIDFQ": "1400000US04013106801", "GEOID": "04013106801", "NAME": "1068.01", "NAMELSAD": "Census Tract 1068.01", "STUSPS": "AZ", "NAMELSADCO": "Maricopa County", "STATE_NAME": "Arizona", "LSAD": "CT", "ALAND": 702973, "AWATER": 0, "centroid_lon": -112.11454733684842, "centroid_lat": 33.531320638482484, "B03002_001E": 4581, "B03002_001M": 763, "B03002_012E": 2470, "B03002_012M": 702, "B19013_001E": 32229, "B19013_001M": 6556, "B01003_001E": 4581, "state": "04", "county": "013", "tract": "106801", "latino_share": 0.53918358437022484, "camera_count": 0, "arterial_road_m": 6609.3018330779087, "land_area_km2": 0.702973, "pop_density_per_km2": 6516.6087459973569, "arterial_km_per_km2": 9.4019284283719404, "log_income": 10.380621947334651, "city": "Phoenix", "crime_count_raw": 3483.8264351118814, "crime_rate_annual_per_km2_1000": 0.48764089813131112 }, "geometry": { "type": "Polygon", "coordinates": [ [ [ -112.116908, 33.538569 ], [ -112.112216, 33.538618 ], [ -112.112208, 33.533123 ], [ -112.112208, 33.531318 ], [ -112.112173, 33.527774 ], [ -112.112168, 33.524118 ], [ -112.116889, 33.524023 ], [ -112.116895, 33.527655 ], [ -112.116894, 33.531298 ], [ -112.116895, 33.533118 ], [ -112.116908, 33.538569 ] ] ] } },
{ "type": "Feature", "properties": { "STATEFP": "04", "COUNTYFP": "013", "TRACTCE": "111203", "GEOIDFQ": "1400000US04013111203", "GEOID": "04013111203", "NAME": "1112.03", "NAMELSAD": "Census Tract 1112.03", "STUSPS": "AZ", "NAMELSADCO": "Maricopa County", "STATE_NAME": "Arizona", "LSAD": "CT", "ALAND": 416981, "AWATER": 0, "centroid_lon": -111.97454047335101, "centroid_lat": 33.453339882961806, "B03002_001E": 2180, "B03002_001M": 572, "B03002_012E": 523, "B03002_012M": 229, "B19013_001E": 50833, "B19013_001M": 7866, "B01003_001E": 2180, "state": "04", "county": "013", "tract": "111203", "latino_share": 0.23990825688073394, "camera_count": 0, "arterial_road_m": 1563.7374411251271, "land_area_km2": 0.416981, "pop_density_per_km2": 5228.0559545878587, "arterial_km_per_km2": 3.7501407525166064, "log_income": 10.836301028962945, "city": "Phoenix", "crime_count_raw": 450.99037539229874, "crime_rate_annual_per_km2_1000": 0.10642245279732335 }, "geometry": { "type": "Polygon", "coordinates": [ [ [ -111.978426, 33.456933 ], [ -111.972103, 33.455075 ], [ -111.969795, 33.452955 ], [ -111.969378, 33.452139 ], [ -111.969066, 33.450946 ], [ -111.978429, 33.451115 ], [ -111.978426, 33.456933 ] ] ] } },
{ "type": "Feature", "properties": { "STATEFP": "04", "COUNTYFP": "013", "TRACTCE": "614900", "GEOIDFQ": "1400000US04013614900", "GEOID": "04013614900", "NAME": "6149", "NAMELSAD": "Census Tract 6149", "STUSPS": "AZ", "NAMELSADCO": "Maricopa County", "STATE_NAME": "Arizona", "LSAD": "CT", "ALAND": 5780133, "AWATER": 9124, "centroid_lon": -112.04838220896509, "centroid_lat": 33.677659892061655, "B03002_001E": 3863, "B03002_001M": 478, "B03002_012E": 425, "B03002_012M": 164, "B19013_001E": 98750, "B19013_001M": 23964, "B01003_001E": 3863, "state": "04", "county": "013", "tract": "614900", "latino_share": 0.11001812063163345, "camera_count": 0, "arterial_road_m": 12709.964390930241, "land_area_km2": 5.780133, "pop_density_per_km2": 668.32372196279914, "arterial_km_per_km2": 2.1989051793324204, "log_income": 11.500346682763368, "city": "Phoenix", "crime_count_raw": 725.50263936291105, "crime_rate_annual_per_km2_1000": 0.012350468211698568 }, "geometry": { "type": "Polygon", "coordinates": [ [ [ -112.065644, 33.683889 ], [ -112.055701, 33.684155 ], [ -112.053972, 33.684624 ], [ -112.050709, 33.686855 ], [ -112.048477, 33.687845 ], [ -112.047515, 33.687922 ], [ -112.037244, 33.687505 ], [ -112.034987, 33.685898 ], [ -112.031108, 33.680759 ], [ -112.030974, 33.672166 ], [ -112.033535, 33.671553 ], [ -112.03968, 33.669472 ], [ -112.042313, 33.668995 ], [ -112.048508, 33.668916 ], [ -112.05716, 33.668956 ], [ -112.060957, 33.668933 ], [ -112.065628, 33.668844 ], [ -112.065571, 33.673324 ], [ -112.065644, 33.683889 ] ] ] } },
{ "type": "Feature", "properties": { "STATEFP": "04", "COUNTYFP": "013", "TRACTCE": "617100", "GEOIDFQ": "1400000US04013617100", "GEOID": "04013617100", "NAME": "6171", "NAMELSAD": "Census Tract 6171", "STUSPS": "AZ", "NAMELSADCO": "Maricopa County", "STATE_NAME": "Arizona", "LSAD": "CT", "ALAND": 1324339, "AWATER": 0, "centroid_lon": -112.00734014421788, "centroid_lat": 33.6672392206452, "B03002_001E": 2245, "B03002_001M": 275, "B03002_012E": 202, "B03002_012M": 89, "B19013_001E": 111161, "B19013_001M": 22427, "B01003_001E": 2245, "state": "04", "county": "013", "tract": "617100", "latino_share": 0.089977728285077954, "camera_count": 0, "arterial_road_m": 726.12130431883975, "land_area_km2": 1.324339, "pop_density_per_km2": 1695.1852962119217, "arterial_km_per_km2": 0.5482896028274028, "log_income": 11.618734879857717, "city": "Phoenix", "crime_count_raw": 239.14623904332211, "crime_rate_annual_per_km2_1000": 0.017768331318494441 }, "geometry": { "type": "Polygon", "coordinates": [ [ [ -112.013737, 33.672687 ], [ -112.010094, 33.672695 ], [ -112.009835, 33.672696 ], [ -112.007668, 33.672693 ], [ -112.003812, 33.671896 ], [ -112.002, 33.670772 ], [ -112.000971, 33.669361 ], [ -111.999908, 33.663685 ], [ -111.999898, 33.663541 ], [ -111.999923, 33.663516 ], [ -112.000678, 33.662149 ], [ -112.004981, 33.662443 ], [ -112.009311, 33.662427 ], [ -112.013652, 33.662412 ], [ -112.013723, 33.669672 ], [ -112.013737, 33.672687 ] ] ] } },
{ "type": "Feature", "properties": { "STATEFP": "04", "COUNTYFP": "013", "TRACTCE": "613000", "GEOIDFQ": "1400000US04013613000", "GEOID": "04013613000", "NAME": "6130", "NAMELSAD": "Census Tract 6130", "STUSPS": "AZ", "NAMELSADCO": "Maricopa County", "STATE_NAME": "Arizona", "LSAD": "CT", "ALAND": 10023639, "AWATER": 1855, "centroid_lon": -111.9585403245547, "centroid_lat": 33.776752806241177, "B03002_001E": 6096, "B03002_001M": 693, "B03002_012E": 163, "B03002_012M": 93, "B19013_001E": 171755, "B19013_001M": 32493, "B01003_001E": 6096, "state": "04", "county": "013", "tract": "613000", "latino_share": 0.026738845144356954, "camera_count": 0, "arterial_road_m": 14509.255992142062, "land_area_km2": 10.023639, "pop_density_per_km2": 608.16236498541105, "arterial_km_per_km2": 1.4475038448753057, "log_income": 12.053824321742361, "city": "Phoenix", "crime_count_raw": 142.97922752044877, "crime_rate_annual_per_km2_1000": 0.0014035561328989252 }, "geometry": { "type": "Polygon", "coordinates": [ [ [ -111.981628, 33.770168 ], [ -111.973675, 33.783071 ], [ -111.96872, 33.79104 ], [ -111.966869, 33.793995 ], [ -111.963657, 33.799166 ], [ -111.960816, 33.799176 ], [ -111.960731, 33.795599 ], [ -111.958572, 33.795585 ], [ -111.95859, 33.791906 ], [ -111.960723, 33.791903 ], [ -111.960663, 33.785344 ], [ -111.960705, 33.784681 ], [ -111.955696, 33.783563 ], [ -111.951992, 33.784743 ], [ -111.947624, 33.784763 ], [ -111.947653, 33.791987 ], [ -111.94547, 33.791991 ], [ -111.945469, 33.788389 ], [ -111.934668, 33.788376 ], [ -111.934609, 33.770237 ], [ -111.943313, 33.770203 ], [ -111.951995, 33.770187 ], [ -111.96065, 33.770167 ], [ -111.96068, 33.755645 ], [ -111.965088, 33.75564 ], [ -111.969402, 33.755587 ], [ -111.969458, 33.762911 ], [ -111.978166, 33.762879 ], [ -111.978131, 33.770152 ], [ -111.979948, 33.770134 ], [ -111.981628, 33.770168 ] ] ] } },
{ "type": "Feature", "properties": { "STATEFP": "04", "COUNTYFP": "013", "TRACTCE": "116736", "GEOIDFQ": "1400000US04013116736", "GEOID": "04013116736", "NAME": "1167.36", "NAMELSAD": "Census Tract 1167.36", "STUSPS": "AZ", "NAMELSADCO": "Maricopa County", "STATE_NAME": "Arizona", "LSAD": "CT", "ALAND": 1327094, "AWATER": 0, "centroid_lon": -112.07450256697035, "centroid_lat": 33.37416799656711, "B03002_001E": 3387, "B03002_001M": 1023, "B03002_012E": 2447, "B03002_012M": 970, "B19013_001E": 60528, "B19013_001M": 24456, "B01003_001E": 3387, "state": "04", "county": "013", "tract": "116736", "latino_share": 0.72246826099793326, "camera_count": 0, "arterial_road_m": 3860.645542691218, "land_area_km2": 1.327094, "pop_density_per_km2": 2552.192987083055, "arterial_km_per_km2": 2.9090972777295492, "log_income": 11.01086134687281, "city": "Phoenix", "crime_count_raw": 1197.2797824185675, "crime_rate_annual_per_km2_1000": 0.088772044124306837 }, "geometry": { "type": "Polygon", "coordinates": [ [ [ -112.083304, 33.377709 ], [ -112.081914, 33.377744 ], [ -112.073255, 33.377757 ], [ -112.064631, 33.377747 ], [ -112.06597, 33.374407 ], [ -112.065979, 33.370596 ], [ -112.072437, 33.370486 ], [ -112.073219, 33.37052 ], [ -112.083291, 33.370417 ], [ -112.083304, 33.377709 ] ] ] } },
{ "type": "Feature", "properties": { "STATEFP": "04", "COUNTYFP": "013", "TRACTCE": "112519", "GEOIDFQ": "1400000US04013112519", "GEOID": "04013112519", "NAME": "1125.19", "NAMELSAD": "Census Tract 1125.19", "STUSPS": "AZ", "NAMELSADCO": "Maricopa County", "STATE_NAME": "Arizona", "LSAD": "CT", "ALAND": 1308540, "AWATER": 0, "centroid_lon": -112.21194264140212, "centroid_lat": 33.469429286603358, "B03002_001E": 4611, "B03002_001M": 1619, "B03002_012E": 4133, "B03002_012M": 1636, "B19013_001E": 47379, "B19013_001M": 6350, "B01003_001E": 4611, "state": "04", "county": "013", "tract": "112519", "latino_share": 0.89633485144220337, "camera_count": 0, "arterial_road_m": 4475.034903745076, "land_area_km2": 1.30854, "pop_density_per_km2": 3523.7745884726487, "arterial_km_per_km2": 3.419868635078084, "log_income": 10.765934371538163, "city": "Phoenix", "crime_count_raw": 1615.1676294332083, "crime_rate_annual_per_km2_1000": 0.12145428908085161 }, "geometry": { "type": "Polygon", "coordinates": [ [ [ -112.220728, 33.472928 ], [ -112.21194, 33.473013 ], [ -112.204653, 33.473354 ], [ -112.203323, 33.473094 ], [ -112.203372, 33.465854 ], [ -112.21198, 33.465758 ], [ -112.220528, 33.465668 ], [ -112.220728, 33.472928 ] ] ] } },
{ "type": "Feature", "properties": { "STATEFP": "04", "COUNTYFP": "013", "TRACTCE": "107001", "GEOIDFQ": "1400000US04013107001", "GEOID": "04013107001", "NAME": "1070.01", "NAMELSAD": "Census Tract 1070.01", "STUSPS": "AZ", "NAMELSADCO": "Maricopa County", "STATE_NAME": "Arizona", "LSAD": "CT", "ALAND": 1306783, "AWATER": 0, "centroid_lon": -112.14723448530368, "centroid_lat": 33.531190236316711, "B03002_001E": 4754, "B03002_001M": 1806, "B03002_012E": 2225, "B03002_012M": 709, "B19013_001E": 54136, "B19013_001M": 15178, "B01003_001E": 4754, "state": "04", "county": "013", "tract": "107001", "latino_share": 0.46802692469499368, "camera_count": 0, "arterial_road_m": 4573.4648731403167, "land_area_km2": 1.306783, "pop_density_per_km2": 3637.941417970696, "arterial_km_per_km2": 3.4997890798551228, "log_income": 10.899254677912062, "city": "Phoenix", "crime_count_raw": 1929.8421829828235, "crime_rate_annual_per_km2_1000": 0.14531169747613151 }, "geometry": { "type": "Polygon", "coordinates": [ [ [ -112.151606, 33.528276 ], [ -112.151591, 33.531181 ], [ -112.151573, 33.538452 ], [ -112.151435, 33.538452 ], [ -112.142878, 33.538476 ], [ -112.142866, 33.531191 ], [ -112.14288, 33.523946 ], [ -112.15163, 33.523918 ], [ -112.151606, 33.528276 ] ] ] } },
{ "type": "Feature", "properties": { "STATEFP": "04", "COUNTYFP": "013", "TRACTCE": "107401", "GEOIDFQ": "1400000US04013107401", "GEOID": "04013107401", "NAME": "1074.01", "NAMELSAD": "Census Tract 1074.01", "STUSPS": "AZ", "NAMELSADCO": "Maricopa County", "STATE_NAME": "Arizona", "LSAD": "CT", "ALAND": 1306624, "AWATER": 0, "centroid_lon": -112.08681880799462, "centroid_lat": 33.516658342094054, "B03002_001E": 2501, "B03002_001M": 314, "B03002_012E": 685, "B03002_012M": 285, "B19013_001E": 95521, "B19013_001M": 19110, "B01003_001E": 2501, "state": "04", "county": "013", "tract": "107401", "latino_share": 0.27389044382247102, "camera_count": 0, "arterial_road_m": 5971.8812829464678, "land_area_km2": 1.306624, "pop_density_per_km2": 1914.0931132445141, "arterial_km_per_km2": 4.5704665481014182, "log_income": 11.467101397583354, "city": "Phoenix", "crime_count_raw": 1734.5266589039425, "crime_rate_annual_per_km2_1000": 0.13062087996297289 }, "geometry": { "type": "Polygon", "coordinates": [ [ [ -112.091197, 33.513117 ], [ -112.091202, 33.516757 ], [ -112.091146, 33.523958 ], [ -112.082412, 33.523854 ], [ -112.082454, 33.516616 ], [ -112.082484, 33.509341 ], [ -112.086888, 33.509411 ], [ -112.091224, 33.509475 ], [ -112.091197, 33.513117 ] ] ] } },
{ "type": "Feature", "properties": { "STATEFP": "04", "COUNTYFP": "013", "TRACTCE": "116621", "GEOIDFQ": "1400000US04013116621", "GEOID": "04013116621", "NAME": "1166.21", "NAMELSAD": "Census Tract 1166.21", "STUSPS": "AZ", "NAMELSADCO": "Maricopa County", "STATE_NAME": "Arizona", "LSAD": "CT", "ALAND": 3392505, "AWATER": 0, "centroid_lon": -112.17964363606602, "centroid_lat": 33.384856130568096, "B03002_001E": 6217, "B03002_001M": 1316, "B03002_012E": 2264, "B03002_012M": 548, "B19013_001E": 125350, "B19013_001M": 15932, "B01003_001E": 6217, "state": "04", "county": "013", "tract": "116621", "latino_share": 0.36416277947563136, "camera_count": 7, "arterial_road_m": 13595.597732014532, "land_area_km2": 3.392505, "pop_density_per_km2": 1832.5691487558604, "arterial_km_per_km2": 4.0075394824810964, "log_income": 11.73886510358644, "city": "Phoenix", "crime_count_raw": 2346.1478646896262, "crime_rate_annual_per_km2_1000": 0.06804827813332559 }, "geometry": { "type": "Polygon", "coordinates": [ [ [ -112.192141, 33.391941 ], [ -112.185332, 33.391947 ], [ -112.176844, 33.391985 ], [ -112.168234, 33.391965 ], [ -112.168286, 33.384743 ], [ -112.168269, 33.382031 ], [ -112.168286, 33.381688 ], [ -112.168269, 33.381156 ], [ -112.168274, 33.377553 ], [ -112.176677, 33.377504 ], [ -112.189614, 33.37742 ], [ -112.18985, 33.377418 ], [ -112.190299, 33.381016 ], [ -112.19191, 33.390018 ], [ -112.19213, 33.391828 ], [ -112.192141, 33.391941 ] ] ] } },
{ "type": "Feature", "properties": { "STATEFP": "04", "COUNTYFP": "013", "TRACTCE": "104302", "GEOIDFQ": "1400000US04013104302", "GEOID": "04013104302", "NAME": "1043.02", "NAMELSAD": "Census Tract 1043.02", "STUSPS": "AZ", "NAMELSADCO": "Maricopa County", "STATE_NAME": "Arizona", "LSAD": "CT", "ALAND": 1000964, "AWATER": 79805, "centroid_lon": -112.12061318951439, "centroid_lat": 33.589108666049889, "B03002_001E": 3846, "B03002_001M": 752, "B03002_012E": 881, "B03002_012M": 321, "B19013_001E": 41923, "B19013_001M": 11633, "B01003_001E": 3846, "state": "04", "county": "013", "tract": "104302", "latino_share": 0.22906916276651065, "camera_count": 1, "arterial_road_m": 8912.1393926125511, "land_area_km2": 1.000964, "pop_density_per_km2": 3842.2960266303285, "arterial_km_per_km2": 8.9035563642773869, "log_income": 10.643589881319775, "city": "Phoenix", "crime_count_raw": 2502.075384905279, "crime_rate_annual_per_km2_1000": 0.24595983285061829 }, "geometry": { "type": "Polygon", "coordinates": [ [ [ -112.129042, 33.591021 ], [ -112.125373, 33.592064 ], [ -112.121564, 33.59319 ], [ -112.121475, 33.595375 ], [ -112.122646, 33.596405 ], [ -112.117274, 33.596397 ], [ -112.116716, 33.596422 ], [ -112.116777, 33.589243 ], [ -112.116834, 33.581974 ], [ -112.122065, 33.581949 ], [ -112.1233, 33.581949 ], [ -112.123244, 33.589127 ], [ -112.125396, 33.589184 ], [ -112.12539, 33.589822 ], [ -112.129041, 33.589819 ], [ -112.129042, 33.591021 ] ] ] } },
{ "type": "Feature", "properties": { "STATEFP": "04", "COUNTYFP": "013", "TRACTCE": "106702", "GEOIDFQ": "1400000US04013106702", "GEOID": "04013106702", "NAME": "1067.02", "NAMELSAD": "Census Tract 1067.02", "STUSPS": "AZ", "NAMELSADCO": "Maricopa County", "STATE_NAME": "Arizona", "LSAD": "CT", "ALAND": 649371, "AWATER": 0, "centroid_lon": -112.08677522261152, "centroid_lat": 33.53480192928167, "B03002_001E": 1323, "B03002_001M": 167, "B03002_012E": 364, "B03002_012M": 138, "B19013_001E": 72212, "B19013_001M": 34938, "B01003_001E": 1323, "state": "04", "county": "013", "tract": "106702", "latino_share": 0.27513227513227512, "camera_count": 0, "arterial_road_m": 2111.000714056283, "land_area_km2": 0.649371, "pop_density_per_km2": 2037.3561492582821, "arterial_km_per_km2": 3.2508392183455723, "log_income": 11.187361516056548, "city": "Phoenix", "crime_count_raw": 315.969078188803, "crime_rate_annual_per_km2_1000": 0.047877774010839667 }, "geometry": { "type": "Polygon", "coordinates": [ [ [ -112.091125, 33.5385 ], [ -112.082433, 33.538355 ], [ -112.082417, 33.531107 ], [ -112.091125, 33.53125 ], [ -112.091125, 33.5385 ] ] ] } },
{ "type": "Feature", "properties": { "STATEFP": "04", "COUNTYFP": "013", "TRACTCE": "108301", "GEOIDFQ": "1400000US04013108301", "GEOID": "04013108301", "NAME": "1083.01", "NAMELSAD": "Census Tract 1083.01", "STUSPS": "AZ", "NAMELSADCO": "Maricopa County", "STATE_NAME": "Arizona", "LSAD": "CT", "ALAND": 2313942, "AWATER": 27638, "centroid_lon": -112.00477824637714, "centroid_lat": 33.509069934305202, "B03002_001E": 3855, "B03002_001M": 822, "B03002_012E": 568, "B03002_012M": 250, "B19013_001E": 125792, "B19013_001M": 24506, "B01003_001E": 3855, "state": "04", "county": "013", "tract": "108301", "latino_share": 0.14734111543450065, "camera_count": 0, "arterial_road_m": 7238.5410149983627, "land_area_km2": 2.313942, "pop_density_per_km2": 1665.9881708357427, "arterial_km_per_km2": 3.1282292360821331, "log_income": 11.742385028221587, "city": "Phoenix", "crime_count_raw": 906.72591936878075, "crime_rate_annual_per_km2_1000": 0.038557229335246447 }, "geometry": { "type": "Polygon", "coordinates": [ [ [ -112.013024, 33.509967 ], [ -112.012894, 33.518042 ], [ -112.012892, 33.51853 ], [ -112.004534, 33.515235 ], [ -112.001645, 33.51453 ], [ -111.999699, 33.51347 ], [ -111.995276, 33.513555 ], [ -111.995303, 33.509855 ], [ -111.995374, 33.502496 ], [ -112.004167, 33.502533 ], [ -112.012986, 33.502569 ], [ -112.013024, 33.509967 ] ] ] } },
{ "type": "Feature", "properties": { "STATEFP": "04", "COUNTYFP": "013", "TRACTCE": "103219", "GEOIDFQ": "1400000US04013103219", "GEOID": "04013103219", "NAME": "1032.19", "NAMELSAD": "Census Tract 1032.19", "STUSPS": "AZ", "NAMELSADCO": "Maricopa County", "STATE_NAME": "Arizona", "LSAD": "CT", "ALAND": 2865637, "AWATER": 0, "centroid_lon": -111.93420154671173, "centroid_lat": 33.6316524981833, "B03002_001E": 3811, "B03002_001M": 402, "B03002_012E": 312, "B03002_012M": 178, "B19013_001E": 104868, "B19013_001M": 14049, "B01003_001E": 3811, "state": "04", "county": "013", "tract": "103219", "latino_share": 0.081868276043033331, "camera_count": 0, "arterial_road_m": 9237.8995734889395, "land_area_km2": 2.865637, "pop_density_per_km2": 1329.8962848399849, "arterial_km_per_km2": 3.2236810082675995, "log_income": 11.560457695415545, "city": "Phoenix", "crime_count_raw": 684.88463715705313, "crime_rate_annual_per_km2_1000": 0.023516815157052541 }, "geometry": { "type": "Polygon", "coordinates": [ [ [ -111.942881, 33.636208 ], [ -111.94285, 33.640418 ], [ -111.938484, 33.640385 ], [ -111.935509, 33.640227 ], [ -111.93149, 33.639423 ], [ -111.925545, 33.638175 ], [ -111.925816, 33.622759 ], [ -111.931011, 33.622804 ], [ -111.936912, 33.623159 ], [ -111.939065, 33.624692 ], [ -111.940797, 33.62574 ], [ -111.942953, 33.62594 ], [ -111.942881, 33.636208 ] ] ] } },
{ "type": "Feature", "properties": { "STATEFP": "04", "COUNTYFP": "013", "TRACTCE": "109003", "GEOIDFQ": "1400000US04013109003", "GEOID": "04013109003", "NAME": "1090.03", "NAMELSAD": "Census Tract 1090.03", "STUSPS": "AZ", "NAMELSADCO": "Maricopa County", "STATE_NAME": "Arizona", "LSAD": "CT", "ALAND": 957429, "AWATER": 9900, "centroid_lon": -112.10633149470716, "centroid_lat": 33.498667056414341, "B03002_001E": 6331, "B03002_001M": 1083, "B03002_012E": 4844, "B03002_012M": 1200, "B19013_001E": 43345, "B19013_001M": 8516, "B01003_001E": 6331, "state": "04", "county": "013", "tract": "109003", "latino_share": 0.76512399305007106, "camera_count": 0, "arterial_road_m": 3238.5710426194078, "land_area_km2": 0.957429, "pop_density_per_km2": 6612.5007702921057, "arterial_km_per_km2": 3.3825704492128481, "log_income": 10.676946635302741, "city": "Phoenix", "crime_count_raw": 3724.9361124159259, "crime_rate_annual_per_km2_1000": 0.38281990186669829 }, "geometry": { "type": "Polygon", "coordinates": [ [ [ -112.112851, 33.498593 ], [ -112.112708, 33.502215 ], [ -112.108421, 33.502251 ], [ -112.106254, 33.502276 ], [ -112.104121, 33.502301 ], [ -112.102075, 33.502499 ], [ -112.099891, 33.502296 ], [ -112.099896, 33.499464 ], [ -112.099898, 33.49505 ], [ -112.106302, 33.495058 ], [ -112.108481, 33.49506 ], [ -112.112904, 33.495015 ], [ -112.112851, 33.498593 ] ] ] } },
{ "type": "Feature", "properties": { "STATEFP": "04", "COUNTYFP": "013", "TRACTCE": "092719", "GEOIDFQ": "1400000US04013092719", "GEOID": "04013092719", "NAME": "927.19", "NAMELSAD": "Census Tract 927.19", "STUSPS": "AZ", "NAMELSADCO": "Maricopa County", "STATE_NAME": "Arizona", "LSAD": "CT", "ALAND": 2568485, "AWATER": 0, "centroid_lon": -112.28116820638023, "centroid_lat": 33.515387539222161, "B03002_001E": 5391, "B03002_001M": 579, "B03002_012E": 2416, "B03002_012M": 488, "B19013_001E": 75721, "B19013_001M": 10190, "B01003_001E": 5391, "state": "04", "county": "013", "tract": "092719", "latino_share": 0.44815433129289556, "camera_count": 0, "arterial_road_m": 3173.3570217464899, "land_area_km2": 2.568485, "pop_density_per_km2": 2098.902660517776, "arterial_km_per_km2": 1.2354975877789787, "log_income": 11.234810811786502, "city": "Phoenix", "crime_count_raw": 1171.4043912762793, "crime_rate_annual_per_km2_1000": 0.044875786278956699 }, "geometry": { "type": "Polygon", "coordinates": [ [ [ -112.28993, 33.522261 ], [ -112.289788, 33.522395 ], [ -112.282659, 33.522371 ], [ -112.272388, 33.522773 ], [ -112.272481, 33.508321 ], [ -112.276966, 33.508316 ], [ -112.285623, 33.508253 ], [ -112.289987, 33.50818 ], [ -112.28993, 33.522261 ] ] ] } },
{ "type": "Feature", "properties": { "STATEFP": "04", "COUNTYFP": "013", "TRACTCE": "618200", "GEOIDFQ": "1400000US04013618200", "GEOID": "04013618200", "NAME": "6182", "NAMELSAD": "Census Tract 6182", "STUSPS": "AZ", "NAMELSADCO": "Maricopa County", "STATE_NAME": "Arizona", "LSAD": "CT", "ALAND": 1305205, "AWATER": 0, "centroid_lon": -112.14318154218377, "centroid_lat": 33.650985441867505, "B03002_001E": 3992, "B03002_001M": 525, "B03002_012E": 682, "B03002_012M": 177, "B19013_001E": 85101, "B19013_001M": 18972, "B01003_001E": 3992, "state": "04", "county": "013", "tract": "618200", "latino_share": 0.17084168336673347, "camera_count": 0, "arterial_road_m": 3106.0265372023814, "land_area_km2": 1.305205, "pop_density_per_km2": 3058.5233737229019, "arterial_km_per_km2": 2.3797231371335394, "log_income": 11.351594065373741, "city": "Phoenix", "crime_count_raw": 774.45973847758694, "crime_rate_annual_per_km2_1000": 0.058385146386152525 }, "geometry": { "type": "Polygon", "coordinates": [ [ [ -112.151922, 33.65461 ], [ -112.143199, 33.654625 ], [ -112.134471, 33.65464 ], [ -112.13444, 33.647379 ], [ -112.143127, 33.647341 ], [ -112.151866, 33.647315 ], [ -112.151922, 33.65461 ] ] ] } },
{ "type": "Feature", "properties": { "STATEFP": "04", "COUNTYFP": "013", "TRACTCE": "619000", "GEOIDFQ": "1400000US04013619000", "GEOID": "04013619000", "NAME": "6190", "NAMELSAD": "Census Tract 6190", "STUSPS": "AZ", "NAMELSADCO": "Maricopa County", "STATE_NAME": "Arizona", "LSAD": "CT", "ALAND": 1289396, "AWATER": 0, "centroid_lon": -112.05694022756863, "centroid_lat": 33.651237604916986, "B03002_001E": 2783, "B03002_001M": 443, "B03002_012E": 487, "B03002_012M": 452, "B19013_001E": 52772, "B19013_001M": 23653, "B01003_001E": 2783, "state": "04", "county": "013", "tract": "619000", "latino_share": 0.17499101688825008, "camera_count": 0, "arterial_road_m": 3188.0602313230161, "land_area_km2": 1.289396, "pop_density_per_km2": 2158.3749290365413, "arterial_km_per_km2": 2.4725221974653371, "log_income": 10.873736026003668, "city": "Phoenix", "crime_count_raw": 654.24728352116745, "crime_rate_annual_per_km2_1000": 0.049927275388857731 }, "geometry": { "type": "Polygon", "coordinates": [ [ [ -112.065558, 33.654846 ], [ -112.061201, 33.654836 ], [ -112.056879, 33.654837 ], [ -112.051628, 33.654989 ], [ -112.048468, 33.654933 ], [ -112.048235, 33.647648 ], [ -112.052549, 33.647628 ], [ -112.056859, 33.647608 ], [ -112.061194, 33.647588 ], [ -112.065566, 33.647565 ], [ -112.065558, 33.654846 ] ] ] } },
{ "type": "Feature", "properties": { "STATEFP": "04", "COUNTYFP": "013", "TRACTCE": "619800", "GEOIDFQ": "1400000US04013619800", "GEOID": "04013619800", "NAME": "6198", "NAMELSAD": "Census Tract 6198", "STUSPS": "AZ", "NAMELSADCO": "Maricopa County", "STATE_NAME": "Arizona", "LSAD": "CT", "ALAND": 1416462, "AWATER": 0, "centroid_lon": -111.98677215300914, "centroid_lat": 33.644298599468343, "B03002_001E": 4809, "B03002_001M": 738, "B03002_012E": 582, "B03002_012M": 309, "B19013_001E": 82069, "B19013_001M": 30614, "B01003_001E": 4809, "state": "04", "county": "013", "tract": "619800", "latino_share": 0.12102308172177167, "camera_count": 0, "arterial_road_m": 4656.5614597799458, "land_area_km2": 1.416462, "pop_density_per_km2": 3395.0787243145242, "arterial_km_per_km2": 3.287459501052584, "log_income": 11.315315635829162, "city": "Phoenix", "crime_count_raw": 676.94394916821102, "crime_rate_annual_per_km2_1000": 0.047025133777964606 }, "geometry": { "type": "Polygon", "coordinates": [ [ [ -111.99621, 33.647948 ], [ -111.990407, 33.647956 ], [ -111.986087, 33.64796 ], [ -111.978443, 33.64795 ], [ -111.977393, 33.647951 ], [ -111.977392, 33.641731 ], [ -111.977573, 33.640577 ], [ -111.986511, 33.640631 ], [ -111.996172, 33.640699 ], [ -111.99621, 33.647948 ] ] ] } },
{ "type": "Feature", "properties": { "STATEFP": "04", "COUNTYFP": "013", "TRACTCE": "103701", "GEOIDFQ": "1400000US04013103701", "GEOID": "04013103701", "NAME": "1037.01", "NAMELSAD": "Census Tract 1037.01", "STUSPS": "AZ", "NAMELSADCO": "Maricopa County", "STATE_NAME": "Arizona", "LSAD": "CT", "ALAND": 2572816, "AWATER": 0, "centroid_lon": -112.04724970342326, "centroid_lat": 33.606120323191597, "B03002_001E": 4947, "B03002_001M": 692, "B03002_012E": 1724, "B03002_012M": 555, "B19013_001E": 52516, "B19013_001M": 11366, "B01003_001E": 4947, "state": "04", "county": "013", "tract": "103701", "latino_share": 0.3484940367899737, "camera_count": 3, "arterial_road_m": 6030.2470334460413, "land_area_km2": 2.572816, "pop_density_per_km2": 1922.7958781350862, "arterial_km_per_km2": 2.3438314412869174, "log_income": 10.868873164054001, "city": "Phoenix", "crime_count_raw": 1291.7405610108017, "crime_rate_annual_per_km2_1000": 0.049402488520971573 }, "geometry": { "type": "Polygon", "coordinates": [ [ [ -112.065417, 33.61125 ], [ -112.056743, 33.611239 ], [ -112.043723, 33.611321 ], [ -112.035745, 33.611345 ], [ -112.036028, 33.610222 ], [ -112.036719, 33.604134 ], [ -112.037452, 33.598038 ], [ -112.037924, 33.596859 ], [ -112.041597, 33.597562 ], [ -112.045358, 33.59898 ], [ -112.056253, 33.606093 ], [ -112.058431, 33.607208 ], [ -112.065123, 33.607633 ], [ -112.065417, 33.61125 ] ] ] } },
{ "type": "Feature", "properties": { "STATEFP": "04", "COUNTYFP": "013", "TRACTCE": "110502", "GEOIDFQ": "1400000US04013110502", "GEOID": "04013110502", "NAME": "1105.02", "NAMELSAD": "Census Tract 1105.02", "STUSPS": "AZ", "NAMELSADCO": "Maricopa County", "STATE_NAME": "Arizona", "LSAD": "CT", "ALAND": 1310115, "AWATER": 0, "centroid_lon": -112.0694208481294, "centroid_lat": 33.487513081003158, "B03002_001E": 3911, "B03002_001M": 521, "B03002_012E": 1130, "B03002_012M": 413, "B19013_001E": 68333, "B19013_001M": 17358, "B01003_001E": 3911, "state": "04", "county": "013", "tract": "110502", "latino_share": 0.28892866274610074, "camera_count": 0, "arterial_road_m": 6698.0672467481027, "land_area_km2": 1.310115, "pop_density_per_km2": 2985.2341206687965, "arterial_km_per_km2": 5.1125796183908312, "log_income": 11.132148091391757, "city": "Phoenix", "crime_count_raw": 2119.7647670595688, "crime_rate_annual_per_km2_1000": 0.15920639459865696 }, "geometry": { "type": "Polygon", "coordinates": [ [ [ -112.073784, 33.494829 ], [ -112.065039, 33.494742 ], [ -112.065047, 33.490297 ], [ -112.065057, 33.48747 ], [ -112.065073, 33.480207 ], [ -112.073774, 33.480249 ], [ -112.073784, 33.487536 ], [ -112.073784, 33.494829 ] ] ] } },
{ "type": "Feature", "properties": { "STATEFP": "04", "COUNTYFP": "013", "TRACTCE": "618400", "GEOIDFQ": "1400000US04013618400", "GEOID": "04013618400", "NAME": "6184", "NAMELSAD": "Census Tract 6184", "STUSPS": "AZ", "NAMELSADCO": "Maricopa County", "STATE_NAME": "Arizona", "LSAD": "CT", "ALAND": 1488788, "AWATER": 0, "centroid_lon": -112.12452835496769, "centroid_lat": 33.651045714155948, "B03002_001E": 4049, "B03002_001M": 688, "B03002_012E": 1739, "B03002_012M": 583, "B19013_001E": 58309, "B19013_001M": 11818, "B01003_001E": 4049, "state": "04", "county": "013", "tract": "618400", "latino_share": 0.42948876265744629, "camera_count": 0, "arterial_road_m": 7394.2716353990181, "land_area_km2": 1.488788, "pop_density_per_km2": 2719.6618994779647, "arterial_km_per_km2": 4.9666383900186046, "log_income": 10.973511734352114, "city": "Phoenix", "crime_count_raw": 1199.3713217630568, "crime_rate_annual_per_km2_1000": 0.079268941253760064 }, "geometry": { "type": "Polygon", "coordinates": [ [ [ -112.134471, 33.65464 ], [ -112.129461, 33.654672 ], [ -112.125813, 33.654682 ], [ -112.121593, 33.65467 ], [ -112.114346, 33.654699 ], [ -112.11478, 33.648874 ], [ -112.114918, 33.647174 ], [ -112.11544, 33.647396 ], [ -112.125781, 33.64738 ], [ -112.13444, 33.647379 ], [ -112.134471, 33.65464 ] ] ] } },
{ "type": "Feature", "properties": { "STATEFP": "04", "COUNTYFP": "013", "TRACTCE": "110400", "GEOIDFQ": "1400000US04013110400", "GEOID": "04013110400", "NAME": "1104", "NAMELSAD": "Census Tract 1104", "STUSPS": "AZ", "NAMELSADCO": "Maricopa County", "STATE_NAME": "Arizona", "LSAD": "CT", "ALAND": 2497051, "AWATER": 0, "centroid_lon": -112.09156396634188, "centroid_lat": 33.487691694749209, "B03002_001E": 5329, "B03002_001M": 1105, "B03002_012E": 2461, "B03002_012M": 1064, "B19013_001E": 62672, "B19013_001M": 23041, "B01003_001E": 5329, "state": "04", "county": "013", "tract": "110400", "latino_share": 0.46181272283730529, "camera_count": 2, "arterial_road_m": 6351.3463069733534, "land_area_km2": 2.497051, "pop_density_per_km2": 2134.1174048908092, "arterial_km_per_km2": 2.5435388812536686, "log_income": 11.045670055905612, "city": "Phoenix", "crime_count_raw": 2601.785155862327, "crime_rate_annual_per_km2_1000": 0.10252417330995657 }, "geometry": { "type": "Polygon", "coordinates": [ [ [ -112.099923, 33.487828 ], [ -112.099898, 33.49505 ], [ -112.091312, 33.494971 ], [ -112.083455, 33.494898 ], [ -112.083209, 33.487648 ], [ -112.08301, 33.480353 ], [ -112.091378, 33.480483 ], [ -112.099969, 33.480614 ], [ -112.099923, 33.487828 ] ] ] } },
{ "type": "Feature", "properties": { "STATEFP": "04", "COUNTYFP": "013", "TRACTCE": "110701", "GEOIDFQ": "1400000US04013110701", "GEOID": "04013110701", "NAME": "1107.01", "NAMELSAD": "Census Tract 1107.01", "STUSPS": "AZ", "NAMELSADCO": "Maricopa County", "STATE_NAME": "Arizona", "LSAD": "CT", "ALAND": 886374, "AWATER": 12289, "centroid_lon": -112.04434183347679, "centroid_lat": 33.486225341788035, "B03002_001E": 2311, "B03002_001M": 256, "B03002_012E": 1104, "B03002_012M": 254, "B19013_001E": 64962, "B19013_001M": 11607, "B01003_001E": 2311, "state": "04", "county": "013", "tract": "110701", "latino_share": 0.4777152747728256, "camera_count": 0, "arterial_road_m": 7174.6036229895744, "land_area_km2": 0.886374, "pop_density_per_km2": 2607.2515664945045, "arterial_km_per_km2": 8.0943299588994879, "log_income": 11.081557762538953, "city": "Phoenix", "crime_count_raw": 1715.3102891111223, "crime_rate_annual_per_km2_1000": 0.19041797456019988 }, "geometry": { "type": "Polygon", "coordinates": [ [ [ -112.047657, 33.487429 ], [ -112.047626, 33.493485 ], [ -112.047618, 33.494722 ], [ -112.04376, 33.494757 ], [ -112.043658, 33.491107 ], [ -112.041936, 33.487508 ], [ -112.038694, 33.481678 ], [ -112.038318, 33.480308 ], [ -112.047635, 33.48021 ], [ -112.047657, 33.487429 ] ] ] } },
{ "type": "Feature", "properties": { "STATEFP": "04", "COUNTYFP": "013", "TRACTCE": "110702", "GEOIDFQ": "1400000US04013110702", "GEOID": "04013110702", "NAME": "1107.02", "NAMELSAD": "Census Tract 1107.02", "STUSPS": "AZ", "NAMELSADCO": "Maricopa County", "STATE_NAME": "Arizona", "LSAD": "CT", "ALAND": 1703281, "AWATER": 8860, "centroid_lon": -112.03604779971863, "centroid_lat": 33.488220503831009, "B03002_001E": 4367, "B03002_001M": 629, "B03002_012E": 2407, "B03002_012M": 674, "B19013_001E": 66078, "B19013_001M": 22132, "B01003_001E": 4367, "state": "04", "county": "013", "tract": "110702", "latino_share": 0.55117929929013054, "camera_count": 1, "arterial_road_m": 8975.8602990208019, "land_area_km2": 1.703281, "pop_density_per_km2": 2563.8752501789195, "arterial_km_per_km2": 5.2697472108364982, "log_income": 11.098591141392999, "city": "Phoenix", "crime_count_raw": 1693.2353654365866, "crime_rate_annual_per_km2_1000": 0.097816762777168359 }, "geometry": { "type": "Polygon", "coordinates": [ [ [ -112.04376, 33.494757 ], [ -112.0389, 33.494783 ], [ -112.030195, 33.49485 ], [ -112.030183, 33.487577 ], [ -112.030176, 33.480309 ], [ -112.038318, 33.480308 ], [ -112.038694, 33.481678 ], [ -112.041936, 33.487508 ], [ -112.043658, 33.491107 ], [ -112.04376, 33.494757 ] ] ] } },
{ "type": "Feature", "properties": { "STATEFP": "04", "COUNTYFP": "013", "TRACTCE": "105702", "GEOIDFQ": "1400000US04013105702", "GEOID": "04013105702", "NAME": "1057.02", "NAMELSAD": "Census Tract 1057.02", "STUSPS": "AZ", "NAMELSADCO": "Maricopa County", "STATE_NAME": "Arizona", "LSAD": "CT", "ALAND": 1290174, "AWATER": 0, "centroid_lon": -112.13858475392929, "centroid_lat": 33.560322720515991, "B03002_001E": 4244, "B03002_001M": 662, "B03002_012E": 2255, "B03002_012M": 405, "B19013_001E": 72320, "B19013_001M": 15309, "B01003_001E": 4244, "state": "04", "county": "013", "tract": "105702", "latino_share": 0.5313383600377003, "camera_count": 0, "arterial_road_m": 3471.4972702709188, "land_area_km2": 1.290174, "pop_density_per_km2": 3289.4787834819181, "arterial_km_per_km2": 2.690720220893398, "log_income": 11.188855995066058, "city": "Phoenix", "crime_count_raw": 1411.9325582558163, "crime_rate_annual_per_km2_1000": 0.10768319291734119 }, "geometry": { "type": "Polygon", "coordinates": [ [ [ -112.142934, 33.567527 ], [ -112.134251, 33.567532 ], [ -112.134238, 33.560312 ], [ -112.134255, 33.553117 ], [ -112.142914, 33.553102 ], [ -112.142922, 33.560312 ], [ -112.142934, 33.567527 ] ] ] } },
{ "type": "Feature", "properties": { "STATEFP": "04", "COUNTYFP": "013", "TRACTCE": "112100", "GEOIDFQ": "1400000US04013112100", "GEOID": "04013112100", "NAME": "1121", "NAMELSAD": "Census Tract 1121", "STUSPS": "AZ", "NAMELSADCO": "Maricopa County", "STATE_NAME": "Arizona", "LSAD": "CT", "ALAND": 2590519, "AWATER": 0, "centroid_lon": -112.12576763269416, "centroid_lat": 33.473185011877597, "B03002_001E": 3920, "B03002_001M": 688, "B03002_012E": 3531, "B03002_012M": 686, "B19013_001E": 64375, "B19013_001M": 9076, "B01003_001E": 3920, "state": "04", "county": "013", "tract": "112100", "latino_share": 0.90076530612244898, "camera_count": 0, "arterial_road_m": 7058.0338679874203, "land_area_km2": 2.590519, "pop_density_per_km2": 1513.2102872049963, "arterial_km_per_km2": 2.7245636368571011, "log_income": 11.072480637966038, "city": "Phoenix", "crime_count_raw": 1834.9992657392877, "crime_rate_annual_per_km2_1000": 0.069699774002823428 }, "geometry": { "type": "Polygon", "coordinates": [ [ [ -112.134426, 33.471234 ], [ -112.134409, 33.473163 ], [ -112.134362, 33.480469 ], [ -112.125681, 33.480435 ], [ -112.117133, 33.480434 ], [ -112.117102, 33.47329 ], [ -112.117117, 33.469552 ], [ -112.117133, 33.465939 ], [ -112.12579, 33.46594 ], [ -112.134473, 33.46595 ], [ -112.134426, 33.471234 ] ] ] } },
{ "type": "Feature", "properties": { "STATEFP": "04", "COUNTYFP": "013", "TRACTCE": "116718", "GEOIDFQ": "1400000US04013116718", "GEOID": "04013116718", "NAME": "1167.18", "NAMELSAD": "Census Tract 1167.18", "STUSPS": "AZ", "NAMELSADCO": "Maricopa County", "STATE_NAME": "Arizona", "LSAD": "CT", "ALAND": 959470, "AWATER": 34195, "centroid_lon": -111.98451014423686, "centroid_lat": 33.325273041969957, "B03002_001E": 2634, "B03002_001M": 327, "B03002_012E": 547, "B03002_012M": 189, "B19013_001E": 75750, "B19013_001M": 10025, "B01003_001E": 2634, "state": "04", "county": "013", "tract": "116718", "latino_share": 0.20766894457099469, "camera_count": 0, "arterial_road_m": 3168.7991569551205, "land_area_km2": 0.95947, "pop_density_per_km2": 2745.2656153918306, "arterial_km_per_km2": 3.3026557963825032, "log_income": 11.235193723371616, "city": "Phoenix", "crime_count_raw": 1371.3490341219099, "crime_rate_annual_per_km2_1000": 0.14063676304754197 }, "geometry": { "type": "Polygon", "coordinates": [ [ [ -111.989004, 33.327014 ], [ -111.988849, 33.329026 ], [ -111.98696, 33.331549 ], [ -111.983763, 33.33081 ], [ -111.980833, 33.330832 ], [ -111.980486, 33.329627 ], [ -111.980434, 33.32683 ], [ -111.980108, 33.325552 ], [ -111.979436, 33.323549 ], [ -111.980432, 33.31984 ], [ -111.985834, 33.319799 ], [ -111.988595, 33.32029 ], [ -111.989081, 33.320357 ], [ -111.989004, 33.327014 ] ] ] } },
{ "type": "Feature", "properties": { "STATEFP": "04", "COUNTYFP": "013", "TRACTCE": "115700", "GEOIDFQ": "1400000US04013115700", "GEOID": "04013115700", "NAME": "1157", "NAMELSAD": "Census Tract 1157", "STUSPS": "AZ", "NAMELSADCO": "Maricopa County", "STATE_NAME": "Arizona", "LSAD": "CT", "ALAND": 2588062, "AWATER": 0, "centroid_lon": -112.09062051428424, "centroid_lat": 33.399509382239238, "B03002_001E": 7697, "B03002_001M": 793, "B03002_012E": 6238, "B03002_012M": 815, "B19013_001E": 79757, "B19013_001M": 10968, "B01003_001E": 7697, "state": "04", "county": "013", "tract": "115700", "latino_share": 0.8104456281668182, "camera_count": 0, "arterial_road_m": 5801.214874999212, "land_area_km2": 2.588062, "pop_density_per_km2": 2974.0400345895887, "arterial_km_per_km2": 2.2415285549570343, "log_income": 11.286739791089824, "city": "Phoenix", "crime_count_raw": 2458.554649761953, "crime_rate_annual_per_km2_1000": 0.093473272438686389 }, "geometry": { "type": "Polygon", "coordinates": [ [ [ -112.099426, 33.406731 ], [ -112.090512, 33.406734 ], [ -112.081991, 33.406709 ], [ -112.08196, 33.400106 ], [ -112.081955, 33.399254 ], [ -112.081963, 33.392243 ], [ -112.090539, 33.392245 ], [ -112.099134, 33.392287 ], [ -112.099278, 33.399532 ], [ -112.099426, 33.406731 ] ] ] } },
{ "type": "Feature", "properties": { "STATEFP": "04", "COUNTYFP": "013", "TRACTCE": "082002", "GEOIDFQ": "1400000US04013082002", "GEOID": "04013082002", "NAME": "820.02", "NAMELSAD": "Census Tract 820.02", "STUSPS": "AZ", "NAMELSADCO": "Maricopa County", "STATE_NAME": "Arizona", "LSAD": "CT", "ALAND": 2616810, "AWATER": 30363, "centroid_lon": -112.281288005485, "centroid_lat": 33.50098012764191, "B03002_001E": 6737, "B03002_001M": 1199, "B03002_012E": 4161, "B03002_012M": 1086, "B19013_001E": 80189, "B19013_001M": 27948, "B01003_001E": 6737, "state": "04", "county": "013", "tract": "082002", "latino_share": 0.61763396170402252, "camera_count": 4, "arterial_road_m": 6701.5501531914852, "land_area_km2": 2.61681, "pop_density_per_km2": 2574.5086574875518, "arterial_km_per_km2": 2.5609616873947614, "log_income": 11.292141627340477, "city": "Phoenix", "crime_count_raw": 1947.9258699502893, "crime_rate_annual_per_km2_1000": 0.073245760351869166 }, "geometry": { "type": "Polygon", "coordinates": [ [ [ -112.290218, 33.493747 ], [ -112.290142, 33.5009 ], [ -112.290081, 33.501734 ], [ -112.289987, 33.50818 ], [ -112.285623, 33.508253 ], [ -112.276966, 33.508316 ], [ -112.272481, 33.508321 ], [ -112.272481, 33.508207 ], [ -112.272462, 33.501226 ], [ -112.272445, 33.493895 ], [ -112.272444, 33.493799 ], [ -112.281046, 33.493727 ], [ -112.28135, 33.493721 ], [ -112.290218, 33.493653 ], [ -112.290218, 33.493747 ] ] ] } },
{ "type": "Feature", "properties": { "STATEFP": "04", "COUNTYFP": "013", "TRACTCE": "112508", "GEOIDFQ": "1400000US04013112508", "GEOID": "04013112508", "NAME": "1125.08", "NAMELSAD": "Census Tract 1125.08", "STUSPS": "AZ", "NAMELSADCO": "Maricopa County", "STATE_NAME": "Arizona", "LSAD": "CT", "ALAND": 1945055, "AWATER": 0, "centroid_lon": -112.21209569835032, "centroid_lat": 33.457049752040078, "B03002_001E": 2563, "B03002_001M": 362, "B03002_012E": 2321, "B03002_012M": 371, "B19013_001E": 70469, "B19013_001M": 15898, "B01003_001E": 2563, "state": "04", "county": "013", "tract": "112508", "latino_share": 0.90557939914163088, "camera_count": 1, "arterial_road_m": 2779.3833222715621, "land_area_km2": 1.945055, "pop_density_per_km2": 1317.7005277485728, "arterial_km_per_km2": 1.4289484473557623, "log_income": 11.162928175784737, "city": "Phoenix", "crime_count_raw": 991.07024978074833, "crime_rate_annual_per_km2_1000": 0.050136592063782938 }, "geometry": { "type": "Polygon", "coordinates": [ [ [ -112.220593, 33.462409 ], [ -112.203372, 33.462533 ], [ -112.203412, 33.455156 ], [ -112.203439, 33.451583 ], [ -112.221152, 33.451777 ], [ -112.220593, 33.462409 ] ] ] } },
{ "type": "Feature", "properties": { "STATEFP": "04", "COUNTYFP": "013", "TRACTCE": "109704", "GEOIDFQ": "1400000US04013109704", "GEOID": "04013109704", "NAME": "1097.04", "NAMELSAD": "Census Tract 1097.04", "STUSPS": "AZ", "NAMELSADCO": "Maricopa County", "STATE_NAME": "Arizona", "LSAD": "CT", "ALAND": 608760, "AWATER": 0, "centroid_lon": -112.22461439822811, "centroid_lat": 33.4909721062117, "B03002_001E": 2530, "B03002_001M": 771, "B03002_012E": 2216, "B03002_012M": 791, "B19013_001E": 56118, "B19013_001M": 11345, "B01003_001E": 2530, "state": "04", "county": "013", "tract": "109704", "latino_share": 0.87588932806324116, "camera_count": 0, "arterial_road_m": 2316.3119806197697, "land_area_km2": 0.60876, "pop_density_per_km2": 4155.989223996321, "arterial_km_per_km2": 3.8049674430313583, "log_income": 10.935211895662606, "city": "Phoenix", "crime_count_raw": 589.18052628990984, "crime_rate_annual_per_km2_1000": 0.095232356883409183 }, "geometry": { "type": "Polygon", "coordinates": [ [ [ -112.228707, 33.494504 ], [ -112.220568, 33.494687 ], [ -112.220534, 33.492102 ], [ -112.22053, 33.487434 ], [ -112.228683, 33.487265 ], [ -112.22869, 33.490757 ], [ -112.228707, 33.494504 ] ] ] } },
{ "type": "Feature", "properties": { "STATEFP": "04", "COUNTYFP": "013", "TRACTCE": "103305", "GEOIDFQ": "1400000US04013103305", "GEOID": "04013103305", "NAME": "1033.05", "NAMELSAD": "Census Tract 1033.05", "STUSPS": "AZ", "NAMELSADCO": "Maricopa County", "STATE_NAME": "Arizona", "LSAD": "CT", "ALAND": 810660, "AWATER": 0, "centroid_lon": -112.02540939673962, "centroid_lat": 33.636890074038696, "B03002_001E": 3732, "B03002_001M": 750, "B03002_012E": 2902, "B03002_012M": 786, "B19013_001E": 47155, "B19013_001M": 10545, "B01003_001E": 3732, "state": "04", "county": "013", "tract": "103305", "latino_share": 0.777599142550911, "camera_count": 0, "arterial_road_m": 2217.3123089307924, "land_area_km2": 0.81066, "pop_density_per_km2": 4603.6562800680922, "arterial_km_per_km2": 2.7351939270850814, "log_income": 10.761195326977985, "city": "Phoenix", "crime_count_raw": 991.06953482949166, "crime_rate_annual_per_km2_1000": 0.12029501730379911 }, "geometry": { "type": "Polygon", "coordinates": [ [ [ -112.030849, 33.640499 ], [ -112.026493, 33.640533 ], [ -112.020003, 33.640564 ], [ -112.019948, 33.633534 ], [ -112.019947, 33.633382 ], [ -112.024265, 33.633227 ], [ -112.026446, 33.633202 ], [ -112.030782, 33.633195 ], [ -112.030849, 33.640499 ] ] ] } },
{ "type": "Feature", "properties": { "STATEFP": "04", "COUNTYFP": "013", "TRACTCE": "103212", "GEOIDFQ": "1400000US04013103212", "GEOID": "04013103212", "NAME": "1032.12", "NAMELSAD": "Census Tract 1032.12", "STUSPS": "AZ", "NAMELSADCO": "Maricopa County", "STATE_NAME": "Arizona", "LSAD": "CT", "ALAND": 2606845, "AWATER": 0, "centroid_lon": -111.96914570231132, "centroid_lat": 33.61883423048522, "B03002_001E": 4343, "B03002_001M": 564, "B03002_012E": 500, "B03002_012M": 218, "B19013_001E": 125129, "B19013_001M": 20673, "B01003_001E": 4343, "state": "04", "county": "013", "tract": "103212", "latino_share": 0.11512779184895233, "camera_count": 0, "arterial_road_m": 8606.2787748145765, "land_area_km2": 2.606845, "pop_density_per_km2": 1665.9985538073802, "arterial_km_per_km2": 3.3014156096026337, "log_income": 11.737100484138523, "city": "Phoenix", "crime_count_raw": 501.41173225187674, "crime_rate_annual_per_km2_1000": 0.018926117818587111 }, "geometry": { "type": "Polygon", "coordinates": [ [ [ -111.977879, 33.615181 ], [ -111.977807, 33.626103 ], [ -111.971651, 33.626121 ], [ -111.969067, 33.626126 ], [ -111.960323, 33.625993 ], [ -111.960401, 33.618783 ], [ -111.960494, 33.61365 ], [ -111.960531, 33.611572 ], [ -111.969214, 33.611562 ], [ -111.977889, 33.61156 ], [ -111.977879, 33.615181 ] ] ] } },
{ "type": "Feature", "properties": { "STATEFP": "04", "COUNTYFP": "013", "TRACTCE": "103207", "GEOIDFQ": "1400000US04013103207", "GEOID": "04013103207", "NAME": "1032.07", "NAMELSAD": "Census Tract 1032.07", "STUSPS": "AZ", "NAMELSADCO": "Maricopa County", "STATE_NAME": "Arizona", "LSAD": "CT", "ALAND": 2420553, "AWATER": 0, "centroid_lon": -111.93450854387338, "centroid_lat": 33.604415094841222, "B03002_001E": 2215, "B03002_001M": 290, "B03002_012E": 195, "B03002_012M": 102, "B19013_001E": 166250, "B19013_001M": 36061, "B01003_001E": 2215, "state": "04", "county": "013", "tract": "103207", "latino_share": 0.088036117381489837, "camera_count": 0, "arterial_road_m": 4088.5325517445699, "land_area_km2": 2.420553, "pop_density_per_km2": 915.08014904032257, "arterial_km_per_km2": 1.6890902829826779, "log_income": 12.021247958518101, "city": "Phoenix", "crime_count_raw": 319.31948696825401, "crime_rate_annual_per_km2_1000": 0.012980549677340001 }, "geometry": { "type": "Polygon", "coordinates": [ [ [ -111.94332, 33.604063 ], [ -111.943176, 33.611363 ], [ -111.934495, 33.611304 ], [ -111.927978, 33.611262 ], [ -111.925933, 33.61125 ], [ -111.926048, 33.596793 ], [ -111.934644, 33.59684 ], [ -111.934585, 33.600383 ], [ -111.938967, 33.600406 ], [ -111.938966, 33.596766 ], [ -111.94331, 33.596784 ], [ -111.943313, 33.600429 ], [ -111.94332, 33.604063 ] ] ] } },
{ "type": "Feature", "properties": { "STATEFP": "04", "COUNTYFP": "013", "TRACTCE": "114800", "GEOIDFQ": "1400000US04013114800", "GEOID": "04013114800", "NAME": "1148", "NAMELSAD": "Census Tract 1148", "STUSPS": "AZ", "NAMELSADCO": "Maricopa County", "STATE_NAME": "Arizona", "LSAD": "CT", "ALAND": 5404127, "AWATER": 2061, "centroid_lon": -112.09099603488622, "centroid_lat": 33.42174259705201, "B03002_001E": 3031, "B03002_001M": 549, "B03002_012E": 2312, "B03002_012M": 480, "B19013_001E": 60481, "B19013_001M": 19078, "B01003_001E": 3031, "state": "04", "county": "013", "tract": "114800", "latino_share": 0.7627845595513032, "camera_count": 0, "arterial_road_m": 13962.768658611254, "land_area_km2": 5.404127, "pop_density_per_km2": 560.86764800309095, "arterial_km_per_km2": 2.5837232653139455, "log_income": 11.010084545108258, "city": "Phoenix", "crime_count_raw": 2706.4305621739686, "crime_rate_annual_per_km2_1000": 0.049278059713411711 }, "geometry": { "type": "Polygon", "coordinates": [ [ [ -112.099996, 33.436731 ], [ -112.095646, 33.43674 ], [ -112.091253, 33.436745 ], [ -112.082523, 33.436829 ], [ -112.082454, 33.429352 ], [ -112.082238, 33.418894 ], [ -112.082201, 33.418153 ], [ -112.081991, 33.406709 ], [ -112.090512, 33.406734 ], [ -112.099426, 33.406731 ], [ -112.099515, 33.41061 ], [ -112.09966, 33.418364 ], [ -112.099853, 33.428933 ], [ -112.09997, 33.434889 ], [ -112.099996, 33.436731 ] ] ] } },
{ "type": "Feature", "properties": { "STATEFP": "04", "COUNTYFP": "013", "TRACTCE": "114500", "GEOIDFQ": "1400000US04013114500", "GEOID": "04013114500", "NAME": "1145", "NAMELSAD": "Census Tract 1145", "STUSPS": "AZ", "NAMELSADCO": "Maricopa County", "STATE_NAME": "Arizona", "LSAD": "CT", "ALAND": 2541453, "AWATER": 0, "centroid_lon": -112.12602660379309, "centroid_lat": 33.444051089171381, "B03002_001E": 3840, "B03002_001M": 543, "B03002_012E": 3436, "B03002_012M": 552, "B19013_001E": 41461, "B19013_001M": 13609, "B01003_001E": 3840, "state": "04", "county": "013", "tract": "114500", "latino_share": 0.89479166666666665, "camera_count": 0, "arterial_road_m": 7304.6658123790448, "land_area_km2": 2.541453, "pop_density_per_km2": 1510.9466907316405, "arterial_km_per_km2": 2.8742084989881946, "log_income": 10.632508505332279, "city": "Phoenix", "crime_count_raw": 3091.1476368709014, "crime_rate_annual_per_km2_1000": 0.11967954309103605 }, "geometry": { "type": "Polygon", "coordinates": [ [ [ -112.134521, 33.444203 ], [ -112.134516, 33.45142 ], [ -112.126022, 33.451341 ], [ -112.117523, 33.451089 ], [ -112.117502, 33.443956 ], [ -112.117296, 33.436813 ], [ -112.134629, 33.43689 ], [ -112.134521, 33.444203 ] ] ] } },
{ "type": "Feature", "properties": { "STATEFP": "04", "COUNTYFP": "013", "TRACTCE": "114401", "GEOIDFQ": "1400000US04013114401", "GEOID": "04013114401", "NAME": "1144.01", "NAMELSAD": "Census Tract 1144.01", "STUSPS": "AZ", "NAMELSADCO": "Maricopa County", "STATE_NAME": "Arizona", "LSAD": "CT", "ALAND": 1387781, "AWATER": 0, "centroid_lon": -112.11276105378549, "centroid_lat": 33.44399737590259, "B03002_001E": 1640, "B03002_001M": 338, "B03002_012E": 1496, "B03002_012M": 343, "B19013_001E": 44250, "B19013_001M": 17307, "B01003_001E": 1640, "state": "04", "county": "013", "tract": "114401", "latino_share": 0.91219512195121955, "camera_count": 0, "arterial_road_m": 9584.1755173095517, "land_area_km2": 1.387781, "pop_density_per_km2": 1181.7426524790296, "arterial_km_per_km2": 6.9061152424694905, "log_income": 10.697610650436076, "city": "Phoenix", "crime_count_raw": 933.41865374392307, "crime_rate_annual_per_km2_1000": 0.066181681232789905 }, "geometry": { "type": "Polygon", "coordinates": [ [ [ -112.117523, 33.451089 ], [ -112.115335, 33.451113 ], [ -112.108566, 33.45121 ], [ -112.108076, 33.451205 ], [ -112.10809, 33.446964 ], [ -112.108094, 33.443978 ], [ -112.108074, 33.436763 ], [ -112.117296, 33.436813 ], [ -112.117502, 33.443956 ], [ -112.117523, 33.451089 ] ] ] } },
{ "type": "Feature", "properties": { "STATEFP": "04", "COUNTYFP": "013", "TRACTCE": "114200", "GEOIDFQ": "1400000US04013114200", "GEOID": "04013114200", "NAME": "1142", "NAMELSAD": "Census Tract 1142", "STUSPS": "AZ", "NAMELSADCO": "Maricopa County", "STATE_NAME": "Arizona", "LSAD": "CT", "ALAND": 1279098, "AWATER": 0, "centroid_lon": -112.07379078682534, "centroid_lat": 33.440519589584923, "B03002_001E": 938, "B03002_001M": 169, "B03002_012E": 503, "B03002_012M": 176, "B19013_001E": 32452, "B19013_001M": 31983, "B01003_001E": 938, "state": "04", "county": "013", "tract": "114200", "latino_share": 0.53624733475479747, "camera_count": 0, "arterial_road_m": 6256.9738491318021, "land_area_km2": 1.279098, "pop_density_per_km2": 733.32926796852155, "arterial_km_per_km2": 4.8917079450767664, "log_income": 10.387517353514955, "city": "Phoenix", "crime_count_raw": 1326.5547242685166, "crime_rate_annual_per_km2_1000": 0.10204779092760945 }, "geometry": { "type": "Polygon", "coordinates": [ [ [ -112.082478, 33.443922 ], [ -112.075431, 33.444253 ], [ -112.065258, 33.444221 ], [ -112.065402, 33.442904 ], [ -112.065129, 33.436818 ], [ -112.073764, 33.436822 ], [ -112.081252, 33.437066 ], [ -112.082523, 33.436829 ], [ -112.082478, 33.443922 ] ] ] } },
{ "type": "Feature", "properties": { "STATEFP": "04", "COUNTYFP": "013", "TRACTCE": "116204", "GEOIDFQ": "1400000US04013116204", "GEOID": "04013116204", "NAME": "1162.04", "NAMELSAD": "Census Tract 1162.04", "STUSPS": "AZ", "NAMELSADCO": "Maricopa County", "STATE_NAME": "Arizona", "LSAD": "CT", "ALAND": 2565914, "AWATER": 0, "centroid_lon": -111.98694090923578, "centroid_lat": 33.400001300066542, "B03002_001E": 4239, "B03002_001M": 1071, "B03002_012E": 3283, "B03002_012M": 1073, "B19013_001E": 61203, "B19013_001M": 11599, "B01003_001E": 4239, "state": "04", "county": "013", "tract": "116204", "latino_share": 0.77447511205472985, "camera_count": 1, "arterial_road_m": 2574.2032240121225, "land_area_km2": 2.565914, "pop_density_per_km2": 1652.0428977744384, "arterial_km_per_km2": 1.0032305151350056, "log_income": 11.021951486906838, "city": "Phoenix", "crime_count_raw": 1161.907903903817, "crime_rate_annual_per_km2_1000": 0.044556581862495039 }, "geometry": { "type": "Polygon", "coordinates": [ [ [ -111.995363, 33.407289 ], [ -111.978388, 33.407328 ], [ -111.978413, 33.400048 ], [ -111.978426, 33.39278 ], [ -111.981834, 33.392752 ], [ -111.985993, 33.392722 ], [ -111.986546, 33.392716 ], [ -111.995547, 33.392654 ], [ -111.995363, 33.407289 ] ] ] } },
{ "type": "Feature", "properties": { "STATEFP": "04", "COUNTYFP": "013", "TRACTCE": "113100", "GEOIDFQ": "1400000US04013113100", "GEOID": "04013113100", "NAME": "1131", "NAMELSAD": "Census Tract 1131", "STUSPS": "AZ", "NAMELSADCO": "Maricopa County", "STATE_NAME": "Arizona", "LSAD": "CT", "ALAND": 1304040, "AWATER": 0, "centroid_lon": -112.07386045356583, "centroid_lat": 33.455037132152064, "B03002_001E": 6609, "B03002_001M": 620, "B03002_012E": 1231, "B03002_012M": 364, "B19013_001E": 38623, "B19013_001M": 17956, "B01003_001E": 6609, "state": "04", "county": "013", "tract": "113100", "latino_share": 0.18626115902557119, "camera_count": 0, "arterial_road_m": 7855.4009146179105, "land_area_km2": 1.30404, "pop_density_per_km2": 5068.0960706726783, "arterial_km_per_km2": 6.0238956739194425, "log_income": 10.561603232924144, "city": "Phoenix", "crime_count_raw": 4165.2941695332775, "crime_rate_annual_per_km2_1000": 0.31429467457325205 }, "geometry": { "type": "Polygon", "coordinates": [ [ [ -112.082545, 33.458695 ], [ -112.077738, 33.458678 ], [ -112.073805, 33.458674 ], [ -112.073097, 33.4587 ], [ -112.065218, 33.458678 ], [ -112.06521, 33.455837 ], [ -112.065214, 33.454521 ], [ -112.065143, 33.451358 ], [ -112.077718, 33.451411 ], [ -112.082557, 33.451428 ], [ -112.082545, 33.458695 ] ] ] } },
{ "type": "Feature", "properties": { "STATEFP": "04", "COUNTYFP": "013", "TRACTCE": "103606", "GEOIDFQ": "1400000US04013103606", "GEOID": "04013103606", "NAME": "1036.06", "NAMELSAD": "Census Tract 1036.06", "STUSPS": "AZ", "NAMELSADCO": "Maricopa County", "STATE_NAME": "Arizona", "LSAD": "CT", "ALAND": 2409853, "AWATER": 0, "centroid_lon": -112.0390568686515, "centroid_lat": 33.633722739754099, "B03002_001E": 4852, "B03002_001M": 1181, "B03002_012E": 686, "B03002_012M": 151, "B19013_001E": 85893, "B19013_001M": 12719, "B01003_001E": 4852, "state": "04", "county": "013", "tract": "103606", "latino_share": 0.14138499587798845, "camera_count": 3, "arterial_road_m": 8204.442584189499, "land_area_km2": 2.409853, "pop_density_per_km2": 2013.4008173942559, "arterial_km_per_km2": 3.4045406853403501, "log_income": 11.360857614547074, "city": "Phoenix", "crime_count_raw": 1580.0538289919421, "crime_rate_annual_per_km2_1000": 0.064515428797289276 }, "geometry": { "type": "Polygon", "coordinates": [ [ [ -112.048169, 33.64039 ], [ -112.039499, 33.640458 ], [ -112.030849, 33.640499 ], [ -112.030782, 33.633195 ], [ -112.03078, 33.631886 ], [ -112.030704, 33.626281 ], [ -112.039411, 33.6261 ], [ -112.041967, 33.627711 ], [ -112.043746, 33.626251 ], [ -112.043764, 33.628713 ], [ -112.048087, 33.629535 ], [ -112.048118, 33.633159 ], [ -112.048183, 33.636358 ], [ -112.048169, 33.64039 ] ] ] } },
{ "type": "Feature", "properties": { "STATEFP": "04", "COUNTYFP": "013", "TRACTCE": "115200", "GEOIDFQ": "1400000US04013115200", "GEOID": "04013115200", "NAME": "1152", "NAMELSAD": "Census Tract 1152", "STUSPS": "AZ", "NAMELSADCO": "Maricopa County", "STATE_NAME": "Arizona", "LSAD": "CT", "ALAND": 7259540, "AWATER": 6817, "centroid_lon": -112.00269343228656, "centroid_lat": 33.414103028206625, "B03002_001E": 3545, "B03002_001M": 604, "B03002_012E": 2085, "B03002_012M": 547, "B19013_001E": 61250, "B19013_001M": 13319, "B01003_001E": 3545, "state": "04", "county": "013", "tract": "115200", "latino_share": 0.58815232722143862, "camera_count": 0, "arterial_road_m": 30527.636356324765, "land_area_km2": 7.25954, "pop_density_per_km2": 488.32295159197412, "arterial_km_per_km2": 4.2051750326225577, "log_income": 11.022719128406973, "city": "Phoenix", "crime_count_raw": 3172.6412551578051, "crime_rate_annual_per_km2_1000": 0.043002541312878888 }, "geometry": { "type": "Polygon", "coordinates": [ [ [ -112.029867, 33.416359 ], [ -112.022216, 33.418274 ], [ -112.018437, 33.419055 ], [ -112.013109, 33.421649 ], [ -112.013081, 33.422229 ], [ -112.004631, 33.42207 ], [ -112.003196, 33.420704 ], [ -112.000462, 33.421985 ], [ -111.995465, 33.421906 ], [ -111.978369, 33.421899 ], [ -111.97831, 33.411025 ], [ -111.978312, 33.410762 ], [ -111.978259, 33.408234 ], [ -111.978388, 33.407328 ], [ -111.995363, 33.407289 ], [ -112.012578, 33.407051 ], [ -112.021133, 33.406954 ], [ -112.029798, 33.406923 ], [ -112.029674, 33.414187 ], [ -112.029867, 33.416359 ] ] ] } },
{ "type": "Feature", "properties": { "STATEFP": "04", "COUNTYFP": "013", "TRACTCE": "116616", "GEOIDFQ": "1400000US04013116616", "GEOID": "04013116616", "NAME": "1166.16", "NAMELSAD": "Census Tract 1166.16", "STUSPS": "AZ", "NAMELSADCO": "Maricopa County", "STATE_NAME": "Arizona", "LSAD": "CT", "ALAND": 2593101, "AWATER": 0, "centroid_lon": -112.10776431171051, "centroid_lat": 33.384978206996621, "B03002_001E": 5103, "B03002_001M": 871, "B03002_012E": 2044, "B03002_012M": 623, "B19013_001E": 89884, "B19013_001M": 11932, "B01003_001E": 5103, "state": "04", "county": "013", "tract": "116616", "latino_share": 0.40054869684499317, "camera_count": 6, "arterial_road_m": 8477.241570370039, "land_area_km2": 2.593101, "pop_density_per_km2": 1967.9140920465497, "arterial_km_per_km2": 3.2691520964166219, "log_income": 11.406275229091824, "city": "Phoenix", "crime_count_raw": 2280.4547466588638, "crime_rate_annual_per_km2_1000": 0.086533502600733628 }, "geometry": { "type": "Polygon", "coordinates": [ [ [ -112.116462, 33.379082 ], [ -112.116365, 33.391877 ], [ -112.116365, 33.392198 ], [ -112.107726, 33.392254 ], [ -112.099134, 33.392287 ], [ -112.099128, 33.38503 ], [ -112.099123, 33.377721 ], [ -112.107848, 33.37773 ], [ -112.108889, 33.377732 ], [ -112.116473, 33.377716 ], [ -112.116462, 33.379082 ] ] ] } },
{ "type": "Feature", "properties": { "STATEFP": "04", "COUNTYFP": "013", "TRACTCE": "116615", "GEOIDFQ": "1400000US04013116615", "GEOID": "04013116615", "NAME": "1166.15", "NAMELSAD": "Census Tract 1166.15", "STUSPS": "AZ", "NAMELSADCO": "Maricopa County", "STATE_NAME": "Arizona", "LSAD": "CT", "ALAND": 1285273, "AWATER": 0, "centroid_lon": -112.09053544405005, "centroid_lat": 33.388622899023623, "B03002_001E": 4005, "B03002_001M": 693, "B03002_012E": 2803, "B03002_012M": 624, "B19013_001E": 54309, "B19013_001M": 11954, "B01003_001E": 4005, "state": "04", "county": "013", "tract": "116615", "latino_share": 0.69987515605493134, "camera_count": 0, "arterial_road_m": 3597.4417332943267, "land_area_km2": 1.285273, "pop_density_per_km2": 3116.0695042998645, "arterial_km_per_km2": 2.798970906020998, "log_income": 10.902445238044054, "city": "Phoenix", "crime_count_raw": 2340.4270727100425, "crime_rate_annual_per_km2_1000": 0.17917688656219519 }, "geometry": { "type": "Polygon", "coordinates": [ [ [ -112.099134, 33.392287 ], [ -112.090539, 33.392245 ], [ -112.081963, 33.392243 ], [ -112.081927, 33.384973 ], [ -112.090572, 33.384984 ], [ -112.099128, 33.38503 ], [ -112.099134, 33.392287 ] ] ] } },
{ "type": "Feature", "properties": { "STATEFP": "04", "COUNTYFP": "013", "TRACTCE": "112524", "GEOIDFQ": "1400000US04013112524", "GEOID": "04013112524", "NAME": "1125.24", "NAMELSAD": "Census Tract 1125.24", "STUSPS": "AZ", "NAMELSADCO": "Maricopa County", "STATE_NAME": "Arizona", "LSAD": "CT", "ALAND": 3049221, "AWATER": 0, "centroid_lon": -112.2261678953809, "centroid_lat": 33.459712491069162, "B03002_001E": 5214, "B03002_001M": 1303, "B03002_012E": 2033, "B03002_012M": 902, "B19013_001E": 46148, "B19013_001M": 11810, "B01003_001E": 5214, "state": "04", "county": "013", "tract": "112524", "latino_share": 0.38991177598772536, "camera_count": 4, "arterial_road_m": 20529.611480830652, "land_area_km2": 3.049221, "pop_density_per_km2": 1709.9449334764518, "arterial_km_per_km2": 6.7327397656092005, "log_income": 10.739608902047181, "city": "Phoenix", "crime_count_raw": 3501.7948946724428, "crime_rate_annual_per_km2_1000": 0.11300146143027942 }, "geometry": { "type": "Polygon", "coordinates": [ [ [ -112.238296, 33.462106 ], [ -112.238323, 33.462947 ], [ -112.238186, 33.46533 ], [ -112.237989, 33.465335 ], [ -112.229201, 33.465486 ], [ -112.220528, 33.465668 ], [ -112.21198, 33.465758 ], [ -112.203372, 33.465854 ], [ -112.203372, 33.462533 ], [ -112.220593, 33.462409 ], [ -112.221152, 33.451777 ], [ -112.238365, 33.451799 ], [ -112.238296, 33.462106 ] ] ] } },
{ "type": "Feature", "properties": { "STATEFP": "04", "COUNTYFP": "013", "TRACTCE": "617001", "GEOIDFQ": "1400000US04013617001", "GEOID": "04013617001", "NAME": "6170.01", "NAMELSAD": "Census Tract 6170.01", "STUSPS": "AZ", "NAMELSADCO": "Maricopa County", "STATE_NAME": "Arizona", "LSAD": "CT", "ALAND": 1022408, "AWATER": 0, "centroid_lon": -112.02254055920159, "centroid_lat": 33.675257846480925, "B03002_001E": 0, "B03002_001M": 14, "B03002_012E": 0, "B03002_012M": 14, "B19013_001E": -666666666, "B19013_001M": -222222222, "B01003_001E": 0, "state": "04", "county": "013", "tract": "617001", "latino_share": null, "camera_count": 0, "arterial_road_m": 7600.6673730413941, "land_area_km2": 1.022408, "pop_density_per_km2": 0.0, "arterial_km_per_km2": 7.4340844095912724, "log_income": null, "city": "Phoenix", "crime_count_raw": 241.92835866218331, "crime_rate_annual_per_km2_1000": 0.023283314103538403 }, "geometry": { "type": "Polygon", "coordinates": [ [ [ -112.031108, 33.680759 ], [ -112.029774, 33.679409 ], [ -112.012816, 33.675902 ], [ -112.011331, 33.674857 ], [ -112.009979, 33.672913 ], [ -112.009835, 33.672696 ], [ -112.010094, 33.672695 ], [ -112.013737, 33.672687 ], [ -112.027734, 33.672579 ], [ -112.030974, 33.672166 ], [ -112.031108, 33.680759 ] ] ] } },
{ "type": "Feature", "properties": { "STATEFP": "04", "COUNTYFP": "013", "TRACTCE": "113702", "GEOIDFQ": "1400000US04013113702", "GEOID": "04013113702", "NAME": "1137.02", "NAMELSAD": "Census Tract 1137.02", "STUSPS": "AZ", "NAMELSADCO": "Maricopa County", "STATE_NAME": "Arizona", "LSAD": "CT", "ALAND": 1239025, "AWATER": 92, "centroid_lon": -111.98721492507083, "centroid_lat": 33.45477216277488, "B03002_001E": 2389, "B03002_001M": 672, "B03002_012E": 1146, "B03002_012M": 578, "B19013_001E": 62557, "B19013_001M": 26756, "B01003_001E": 2389, "state": "04", "county": "013", "tract": "113702", "latino_share": 0.47969861866889912, "camera_count": 0, "arterial_road_m": 11093.474994574035, "land_area_km2": 1.239025, "pop_density_per_km2": 1928.1289723774742, "arterial_km_per_km2": 8.9533907665898855, "log_income": 11.04383342010517, "city": "Phoenix", "crime_count_raw": 1129.230938999206, "crime_rate_annual_per_km2_1000": 0.089677802239320717 }, "geometry": { "type": "Polygon", "coordinates": [ [ [ -111.99531, 33.451284 ], [ -111.99521, 33.459123 ], [ -111.987127, 33.458511 ], [ -111.983091, 33.458022 ], [ -111.982935, 33.457988 ], [ -111.978426, 33.456933 ], [ -111.978429, 33.451115 ], [ -111.981407, 33.45114 ], [ -111.982526, 33.45115 ], [ -111.982719, 33.451151 ], [ -111.995313, 33.451259 ], [ -111.99531, 33.451284 ] ] ] } },
{ "type": "Feature", "properties": { "STATEFP": "04", "COUNTYFP": "013", "TRACTCE": "082017", "GEOIDFQ": "1400000US04013082017", "GEOID": "04013082017", "NAME": "820.17", "NAMELSAD": "Census Tract 820.17", "STUSPS": "AZ", "NAMELSADCO": "Maricopa County", "STATE_NAME": "Arizona", "LSAD": "CT", "ALAND": 3155391, "AWATER": 0, "centroid_lon": -112.26388755474359, "centroid_lat": 33.47065299466329, "B03002_001E": 5875, "B03002_001M": 728, "B03002_012E": 2850, "B03002_012M": 632, "B19013_001E": 102500, "B19013_001M": 25535, "B01003_001E": 5875, "state": "04", "county": "013", "tract": "082017", "latino_share": 0.48510638297872338, "camera_count": 0, "arterial_road_m": 23069.374115713141, "land_area_km2": 3.155391, "pop_density_per_km2": 1861.8928684273994, "arterial_km_per_km2": 7.3110984076816923, "log_income": 11.5376180775606, "city": "Phoenix", "crime_count_raw": 1680.2040375784309, "crime_rate_annual_per_km2_1000": 0.052395151273816561 }, "geometry": { "type": "Polygon", "coordinates": [ [ [ -112.272537, 33.464733 ], [ -112.272497, 33.471963 ], [ -112.272485, 33.474826 ], [ -112.272482, 33.475648 ], [ -112.272474, 33.479279 ], [ -112.272473, 33.47932 ], [ -112.263775, 33.479489 ], [ -112.255182, 33.479767 ], [ -112.255182, 33.479701 ], [ -112.255202, 33.472374 ], [ -112.255204, 33.472192 ], [ -112.255242, 33.46514 ], [ -112.255243, 33.465049 ], [ -112.255245, 33.464951 ], [ -112.255252, 33.464672 ], [ -112.255243, 33.46219 ], [ -112.269596, 33.461523 ], [ -112.272537, 33.46144 ], [ -112.272537, 33.464733 ] ] ] } },
{ "type": "Feature", "properties": { "STATEFP": "04", "COUNTYFP": "013", "TRACTCE": "616600", "GEOIDFQ": "1400000US04013616600", "GEOID": "04013616600", "NAME": "6166", "NAMELSAD": "Census Tract 6166", "STUSPS": "AZ", "NAMELSADCO": "Maricopa County", "STATE_NAME": "Arizona", "LSAD": "CT", "ALAND": 2537641, "AWATER": 0, "centroid_lon": -112.09138018556254, "centroid_lat": 33.661918605312131, "B03002_001E": 6000, "B03002_001M": 900, "B03002_012E": 2035, "B03002_012M": 567, "B19013_001E": 80830, "B19013_001M": 10640, "B01003_001E": 6000, "state": "04", "county": "013", "tract": "616600", "latino_share": 0.33916666666666667, "camera_count": 0, "arterial_road_m": 7535.0744315054362, "land_area_km2": 2.537641, "pop_density_per_km2": 2364.4006382305456, "arterial_km_per_km2": 2.9693224658276867, "log_income": 11.30010346272789, "city": "Phoenix", "crime_count_raw": 1114.7617194815514, "crime_rate_annual_per_km2_1000": 0.043224912356389991 }, "geometry": { "type": "Polygon", "coordinates": [ [ [ -112.099791, 33.669224 ], [ -112.095473, 33.669563 ], [ -112.091535, 33.669351 ], [ -112.082855, 33.668538 ], [ -112.082811, 33.661919 ], [ -112.082813, 33.661815 ], [ -112.082799, 33.654647 ], [ -112.091502, 33.654623 ], [ -112.099753, 33.654733 ], [ -112.099792, 33.661966 ], [ -112.099791, 33.669224 ] ] ] } },
{ "type": "Feature", "properties": { "STATEFP": "04", "COUNTYFP": "013", "TRACTCE": "110501", "GEOIDFQ": "1400000US04013110501", "GEOID": "04013110501", "NAME": "1105.01", "NAMELSAD": "Census Tract 1105.01", "STUSPS": "AZ", "NAMELSADCO": "Maricopa County", "STATE_NAME": "Arizona", "LSAD": "CT", "ALAND": 1414636, "AWATER": 0, "centroid_lon": -112.07849973134289, "centroid_lat": 33.487634686249166, "B03002_001E": 3780, "B03002_001M": 499, "B03002_012E": 1358, "B03002_012M": 430, "B19013_001E": 54820, "B19013_001M": 8681, "B01003_001E": 3780, "state": "04", "county": "013", "tract": "110501", "latino_share": 0.35925925925925928, "camera_count": 0, "arterial_road_m": 7034.0326312112602, "land_area_km2": 1.414636, "pop_density_per_km2": 2672.0654641900815, "arterial_km_per_km2": 4.972326896255475, "log_income": 10.911810369856777, "city": "Phoenix", "crime_count_raw": 3980.2893263426413, "crime_rate_annual_per_km2_1000": 0.2768548864364731 }, "geometry": { "type": "Polygon", "coordinates": [ [ [ -112.083455, 33.494898 ], [ -112.078171, 33.494847 ], [ -112.073784, 33.494829 ], [ -112.073784, 33.487536 ], [ -112.073774, 33.480249 ], [ -112.08301, 33.480353 ], [ -112.083209, 33.487648 ], [ -112.083455, 33.494898 ] ] ] } },
{ "type": "Feature", "properties": { "STATEFP": "04", "COUNTYFP": "013", "TRACTCE": "615100", "GEOIDFQ": "1400000US04013615100", "GEOID": "04013615100", "NAME": "6151", "NAMELSAD": "Census Tract 6151", "STUSPS": "AZ", "NAMELSADCO": "Maricopa County", "STATE_NAME": "Arizona", "LSAD": "CT", "ALAND": 2254775, "AWATER": 0, "centroid_lon": -111.97849958429212, "centroid_lat": 33.690621488289821, "B03002_001E": 4691, "B03002_001M": 490, "B03002_012E": 315, "B03002_012M": 175, "B19013_001E": 163750, "B19013_001M": 22921, "B01003_001E": 4691, "state": "04", "county": "013", "tract": "615100", "latino_share": 0.067149861436793856, "camera_count": 0, "arterial_road_m": 9390.7941062921836, "land_area_km2": 2.254775, "pop_density_per_km2": 2080.4736614518079, "arterial_km_per_km2": 4.1648475374670131, "log_income": 12.006096153497499, "city": "Phoenix", "crime_count_raw": 342.44709910140045, "crime_rate_annual_per_km2_1000": 0.014944195410915602 }, "geometry": { "type": "Polygon", "coordinates": [ [ [ -111.986686, 33.68805 ], [ -111.984595, 33.691358 ], [ -111.984152, 33.692221 ], [ -111.982956, 33.695788 ], [ -111.98267, 33.698726 ], [ -111.968725, 33.698729 ], [ -111.969198, 33.696 ], [ -111.969597, 33.694733 ], [ -111.970105, 33.693517 ], [ -111.973419, 33.687904 ], [ -111.975612, 33.684276 ], [ -111.976439, 33.682693 ], [ -111.97712, 33.680466 ], [ -111.984507, 33.682841 ], [ -111.988783, 33.684867 ], [ -111.986686, 33.68805 ] ] ] } },
{ "type": "Feature", "properties": { "STATEFP": "04", "COUNTYFP": "013", "TRACTCE": "107102", "GEOIDFQ": "1400000US04013107102", "GEOID": "04013107102", "NAME": "1071.02", "NAMELSAD": "Census Tract 1071.02", "STUSPS": "AZ", "NAMELSADCO": "Maricopa County", "STATE_NAME": "Arizona", "LSAD": "CT", "ALAND": 1349479, "AWATER": 0, "centroid_lon": -112.14306736631745, "centroid_lat": 33.513244278429475, "B03002_001E": 4639, "B03002_001M": 797, "B03002_012E": 3055, "B03002_012M": 821, "B19013_001E": 46881, "B19013_001M": 11075, "B01003_001E": 4639, "state": "04", "county": "013", "tract": "107102", "latino_share": 0.65854710066824751, "camera_count": 0, "arterial_road_m": 2826.8775082054131, "land_area_km2": 1.349479, "pop_density_per_km2": 3437.6229641217092, "arterial_km_per_km2": 2.0947917738663682, "log_income": 10.75536775508141, "city": "Phoenix", "crime_count_raw": 2573.4574020061509, "crime_rate_annual_per_km2_1000": 0.18764332081304269 }, "geometry": { "type": "Polygon", "coordinates": [ [ [ -112.15165, 33.51283 ], [ -112.151662, 33.516692 ], [ -112.151525, 33.517372 ], [ -112.142848, 33.517099 ], [ -112.138546, 33.516733 ], [ -112.134227, 33.51673 ], [ -112.134196, 33.509438 ], [ -112.142888, 33.509442 ], [ -112.150959, 33.509448 ], [ -112.151692, 33.510122 ], [ -112.15165, 33.51283 ] ] ] } },
{ "type": "Feature", "properties": { "STATEFP": "04", "COUNTYFP": "013", "TRACTCE": "116720", "GEOIDFQ": "1400000US04013116720", "GEOID": "04013116720", "NAME": "1167.20", "NAMELSAD": "Census Tract 1167.20", "STUSPS": "AZ", "NAMELSADCO": "Maricopa County", "STATE_NAME": "Arizona", "LSAD": "CT", "ALAND": 1770155, "AWATER": 0, "centroid_lon": -111.99912728019986, "centroid_lat": 33.316572288367553, "B03002_001E": 4122, "B03002_001M": 651, "B03002_012E": 998, "B03002_012M": 529, "B19013_001E": 92863, "B19013_001M": 10620, "B01003_001E": 4122, "state": "04", "county": "013", "tract": "116720", "latino_share": 0.24211547792333818, "camera_count": 0, "arterial_road_m": 4674.6883402975163, "land_area_km2": 1.770155, "pop_density_per_km2": 2328.609641528567, "arterial_km_per_km2": 2.6408355993105217, "log_income": 11.438880567750317, "city": "Phoenix", "crime_count_raw": 485.23820709139102, "crime_rate_annual_per_km2_1000": 0.026972794916600814 }, "geometry": { "type": "Polygon", "coordinates": [ [ [ -112.006778, 33.31535 ], [ -112.00619, 33.317605 ], [ -112.005071, 33.319765 ], [ -112.002714, 33.322786 ], [ -112.001421, 33.32356 ], [ -111.999442, 33.324018 ], [ -111.997677, 33.323864 ], [ -111.992883, 33.32202 ], [ -111.992182, 33.319934 ], [ -111.99125, 33.316924 ], [ -111.991504, 33.315385 ], [ -111.992411, 33.31393 ], [ -111.995546, 33.311721 ], [ -111.997321, 33.310355 ], [ -111.999056, 33.307989 ], [ -112.001485, 33.308934 ], [ -112.004848, 33.311366 ], [ -112.006273, 33.313283 ], [ -112.006778, 33.31535 ] ] ] } },
{ "type": "Feature", "properties": { "STATEFP": "04", "COUNTYFP": "013", "TRACTCE": "103214", "GEOIDFQ": "1400000US04013103214", "GEOID": "04013103214", "NAME": "1032.14", "NAMELSAD": "Census Tract 1032.14", "STUSPS": "AZ", "NAMELSADCO": "Maricopa County", "STATE_NAME": "Arizona", "LSAD": "CT", "ALAND": 2598233, "AWATER": 0, "centroid_lon": -111.95171868508172, "centroid_lat": 33.618699602150521, "B03002_001E": 3814, "B03002_001M": 567, "B03002_012E": 309, "B03002_012M": 147, "B19013_001E": 126000, "B19013_001M": 38633, "B01003_001E": 3814, "state": "04", "county": "013", "tract": "103214", "latino_share": 0.08101730466701626, "camera_count": 0, "arterial_road_m": 8415.9050771556558, "land_area_km2": 2.598233, "pop_density_per_km2": 1467.9206984131138, "arterial_km_per_km2": 3.2390879021071846, "log_income": 11.744037185933616, "city": "Phoenix", "crime_count_raw": 360.71120803935094, "crime_rate_annual_per_km2_1000": 0.01366041205235693 }, "geometry": { "type": "Polygon", "coordinates": [ [ [ -111.960494, 33.61365 ], [ -111.960401, 33.618783 ], [ -111.960323, 33.625993 ], [ -111.951646, 33.625967 ], [ -111.942953, 33.62594 ], [ -111.943043, 33.61865 ], [ -111.943176, 33.611363 ], [ -111.951856, 33.611395 ], [ -111.960531, 33.611572 ], [ -111.960494, 33.61365 ] ] ] } },
{ "type": "Feature", "properties": { "STATEFP": "04", "COUNTYFP": "013", "TRACTCE": "111202", "GEOIDFQ": "1400000US04013111202", "GEOID": "04013111202", "NAME": "1112.02", "NAMELSAD": "Census Tract 1112.02", "STUSPS": "AZ", "NAMELSADCO": "Maricopa County", "STATE_NAME": "Arizona", "LSAD": "CT", "ALAND": 895521, "AWATER": 0, "centroid_lon": -111.9738651284855, "centroid_lat": 33.460497214268123, "B03002_001E": 1782, "B03002_001M": 214, "B03002_012E": 872, "B03002_012M": 212, "B19013_001E": 70840, "B19013_001M": 7548, "B01003_001E": 1782, "state": "04", "county": "013", "tract": "111202", "latino_share": 0.489337822671156, "camera_count": 0, "arterial_road_m": 4857.3710233499924, "land_area_km2": 0.895521, "pop_density_per_km2": 1989.9030843497808, "arterial_km_per_km2": 5.424072716720203, "log_income": 11.16817909189677, "city": "Phoenix", "crime_count_raw": 795.11458828745231, "crime_rate_annual_per_km2_1000": 0.087364743110769666 }, "geometry": { "type": "Polygon", "coordinates": [ [ [ -111.978468, 33.465666 ], [ -111.969744, 33.465561 ], [ -111.969795, 33.452955 ], [ -111.972103, 33.455075 ], [ -111.978426, 33.456933 ], [ -111.978468, 33.465666 ] ] ] } },
{ "type": "Feature", "properties": { "STATEFP": "04", "COUNTYFP": "013", "TRACTCE": "109300", "GEOIDFQ": "1400000US04013109300", "GEOID": "04013109300", "NAME": "1093", "NAMELSAD": "Census Tract 1093", "STUSPS": "AZ", "NAMELSADCO": "Maricopa County", "STATE_NAME": "Arizona", "LSAD": "CT", "ALAND": 2569544, "AWATER": 0, "centroid_lon": -112.16022748002082, "centroid_lat": 33.502207861935553, "B03002_001E": 4473, "B03002_001M": 1053, "B03002_012E": 4024, "B03002_012M": 1030, "B19013_001E": 80733, "B19013_001M": 28006, "B01003_001E": 4473, "state": "04", "county": "013", "tract": "109300", "latino_share": 0.89961994187346295, "camera_count": 5, "arterial_road_m": 5304.0274141222599, "land_area_km2": 2.569544, "pop_density_per_km2": 1740.775795238377, "arterial_km_per_km2": 2.0641901497395101, "log_income": 11.298902692605338, "city": "Phoenix", "crime_count_raw": 2876.6186465819414, "crime_rate_annual_per_km2_1000": 0.11015608425125535 }, "geometry": { "type": "Polygon", "coordinates": [ [ [ -112.168806, 33.502145 ], [ -112.168779, 33.507365 ], [ -112.168757, 33.509366 ], [ -112.168756, 33.509469 ], [ -112.152223, 33.509451 ], [ -112.151553, 33.50945 ], [ -112.151597, 33.509143 ], [ -112.151688, 33.494959 ], [ -112.160272, 33.494953 ], [ -112.164589, 33.494954 ], [ -112.168874, 33.49498 ], [ -112.168806, 33.502145 ] ] ] } },
{ "type": "Feature", "properties": { "STATEFP": "04", "COUNTYFP": "013", "TRACTCE": "104207", "GEOIDFQ": "1400000US04013104207", "GEOID": "04013104207", "NAME": "1042.07", "NAMELSAD": "Census Tract 1042.07", "STUSPS": "AZ", "NAMELSADCO": "Maricopa County", "STATE_NAME": "Arizona", "LSAD": "CT", "ALAND": 2649677, "AWATER": 0, "centroid_lon": -112.1248964730804, "centroid_lat": 33.632624165764319, "B03002_001E": 4402, "B03002_001M": 596, "B03002_012E": 592, "B03002_012M": 148, "B19013_001E": 79947, "B19013_001M": 14807, "B01003_001E": 4402, "state": "04", "county": "013", "tract": "104207", "latino_share": 0.13448432530667878, "camera_count": 0, "arterial_road_m": 15596.487919155436, "land_area_km2": 2.649677, "pop_density_per_km2": 1661.3345702136523, "arterial_km_per_km2": 5.8861845874630889, "log_income": 11.28911919410592, "city": "Phoenix", "crime_count_raw": 1683.5292874159347, "crime_rate_annual_per_km2_1000": 0.062518708386830768 }, "geometry": { "type": "Polygon", "coordinates": [ [ [ -112.134367, 33.639608 ], [ -112.129962, 33.639669 ], [ -112.127038, 33.63972 ], [ -112.121403, 33.639808 ], [ -112.115506, 33.639912 ], [ -112.116077, 33.632566 ], [ -112.116446, 33.625278 ], [ -112.122585, 33.625275 ], [ -112.128891, 33.625258 ], [ -112.133641, 33.625261 ], [ -112.13365, 33.628846 ], [ -112.133635, 33.630653 ], [ -112.13364, 33.632468 ], [ -112.134367, 33.639608 ] ] ] } },
{ "type": "Feature", "properties": { "STATEFP": "04", "COUNTYFP": "013", "TRACTCE": "106900", "GEOIDFQ": "1400000US04013106900", "GEOID": "04013106900", "NAME": "1069", "NAMELSAD": "Census Tract 1069", "STUSPS": "AZ", "NAMELSADCO": "Maricopa County", "STATE_NAME": "Arizona", "LSAD": "CT", "ALAND": 2604856, "AWATER": 0, "centroid_lon": -112.12558662731438, "centroid_lat": 33.531272504211287, "B03002_001E": 7578, "B03002_001M": 1184, "B03002_012E": 4155, "B03002_012M": 845, "B19013_001E": 59475, "B19013_001M": 8131, "B01003_001E": 7578, "state": "04", "county": "013", "tract": "106900", "latino_share": 0.5482977038796516, "camera_count": 0, "arterial_road_m": 6511.9221613440113, "land_area_km2": 2.604856, "pop_density_per_km2": 2909.1819279069555, "arterial_km_per_km2": 2.4999163720927422, "log_income": 10.993311335171159, "city": "Phoenix", "crime_count_raw": 4606.9403501441602, "crime_rate_annual_per_km2_1000": 0.17402479317116443 }, "geometry": { "type": "Polygon", "coordinates": [ [ [ -112.134332, 33.538513 ], [ -112.125618, 33.538541 ], [ -112.116908, 33.538569 ], [ -112.116895, 33.533118 ], [ -112.116894, 33.531298 ], [ -112.116895, 33.527655 ], [ -112.116889, 33.524023 ], [ -112.125569, 33.523995 ], [ -112.134255, 33.523966 ], [ -112.134256, 33.531221 ], [ -112.134278, 33.532688 ], [ -112.134332, 33.538513 ] ] ] } },
{ "type": "Feature", "properties": { "STATEFP": "04", "COUNTYFP": "013", "TRACTCE": "116500", "GEOIDFQ": "1400000US04013116500", "GEOID": "04013116500", "NAME": "1165", "NAMELSAD": "Census Tract 1165", "STUSPS": "AZ", "NAMELSADCO": "Maricopa County", "STATE_NAME": "Arizona", "LSAD": "CT", "ALAND": 2586580, "AWATER": 0, "centroid_lon": -112.073288871548, "centroid_lat": 33.385001531151417, "B03002_001E": 4807, "B03002_001M": 1180, "B03002_012E": 3876, "B03002_012M": 1184, "B19013_001E": 54946, "B19013_001M": 20149, "B01003_001E": 4807, "state": "04", "county": "013", "tract": "116500", "latino_share": 0.80632411067193677, "camera_count": 0, "arterial_road_m": 7448.3784442384858, "land_area_km2": 2.58658, "pop_density_per_km2": 1858.4385559309976, "arterial_km_per_km2": 2.8796242313164431, "log_income": 10.914106163733607, "city": "Phoenix", "crime_count_raw": 3322.7136231488894, "crime_rate_annual_per_km2_1000": 0.12640063448254155 }, "geometry": { "type": "Polygon", "coordinates": [ [ [ -112.081963, 33.392243 ], [ -112.073307, 33.392248 ], [ -112.064674, 33.392265 ], [ -112.064645, 33.385025 ], [ -112.064631, 33.377747 ], [ -112.073255, 33.377757 ], [ -112.081914, 33.377744 ], [ -112.081927, 33.384973 ], [ -112.081963, 33.392243 ] ] ] } },
{ "type": "Feature", "properties": { "STATEFP": "04", "COUNTYFP": "013", "TRACTCE": "109705", "GEOIDFQ": "1400000US04013109705", "GEOID": "04013109705", "NAME": "1097.05", "NAMELSAD": "Census Tract 1097.05", "STUSPS": "AZ", "NAMELSADCO": "Maricopa County", "STATE_NAME": "Arizona", "LSAD": "CT", "ALAND": 560707, "AWATER": 0, "centroid_lon": -112.2243534387802, "centroid_lat": 33.483917550812137, "B03002_001E": 1840, "B03002_001M": 275, "B03002_012E": 1371, "B03002_012M": 381, "B19013_001E": 96111, "B19013_001M": 36730, "B01003_001E": 1840, "state": "04", "county": "013", "tract": "109705", "latino_share": 0.74510869565217386, "camera_count": 0, "arterial_road_m": 1421.4045876359305, "land_area_km2": 0.560707, "pop_density_per_km2": 3281.5713019455798, "arterial_km_per_km2": 2.5350220126303586, "log_income": 11.473259052507764, "city": "Phoenix", "crime_count_raw": 654.8872798459912, "crime_rate_annual_per_km2_1000": 0.11492455587962337 }, "geometry": { "type": "Polygon", "coordinates": [ [ [ -112.228683, 33.487265 ], [ -112.22053, 33.487434 ], [ -112.220551, 33.486113 ], [ -112.220572, 33.484462 ], [ -112.220634, 33.480188 ], [ -112.227036, 33.480055 ], [ -112.22724, 33.482286 ], [ -112.227631, 33.482672 ], [ -112.228639, 33.483534 ], [ -112.228683, 33.487265 ] ] ] } },
{ "type": "Feature", "properties": { "STATEFP": "04", "COUNTYFP": "013", "TRACTCE": "106002", "GEOIDFQ": "1400000US04013106002", "GEOID": "04013106002", "NAME": "1060.02", "NAMELSAD": "Census Tract 1060.02", "STUSPS": "AZ", "NAMELSADCO": "Maricopa County", "STATE_NAME": "Arizona", "LSAD": "CT", "ALAND": 942646, "AWATER": 0, "centroid_lon": -112.10595509984981, "centroid_lat": 33.549495486146277, "B03002_001E": 2864, "B03002_001M": 496, "B03002_012E": 793, "B03002_012M": 339, "B19013_001E": 45822, "B19013_001M": 3927, "B01003_001E": 2864, "state": "04", "county": "013", "tract": "106002", "latino_share": 0.27688547486033521, "camera_count": 0, "arterial_road_m": 4468.4928012990986, "land_area_km2": 0.942646, "pop_density_per_km2": 3038.2561428150125, "arterial_km_per_km2": 4.7403721028881449, "log_income": 10.732519604116439, "city": "Phoenix", "crime_count_raw": 1386.1872953324014, "crime_rate_annual_per_km2_1000": 0.14469567236552461 }, "geometry": { "type": "Polygon", "coordinates": [ [ [ -112.112292, 33.553139 ], [ -112.108313, 33.553116 ], [ -112.103998, 33.553109 ], [ -112.099675, 33.553078 ], [ -112.099624, 33.545862 ], [ -112.103936, 33.545859 ], [ -112.112238, 33.545921 ], [ -112.112292, 33.553139 ] ] ] } },
{ "type": "Feature", "properties": { "STATEFP": "04", "COUNTYFP": "013", "TRACTCE": "107602", "GEOIDFQ": "1400000US04013107602", "GEOID": "04013107602", "NAME": "1076.02", "NAMELSAD": "Census Tract 1076.02", "STUSPS": "AZ", "NAMELSADCO": "Maricopa County", "STATE_NAME": "Arizona", "LSAD": "CT", "ALAND": 1304618, "AWATER": 0, "centroid_lon": -112.05187345115233, "centroid_lat": 33.516469309353717, "B03002_001E": 2831, "B03002_001M": 326, "B03002_012E": 727, "B03002_012M": 277, "B19013_001E": 115694, "B19013_001M": 17528, "B01003_001E": 2831, "state": "04", "county": "013", "tract": "107602", "latino_share": 0.25679971741434121, "camera_count": 0, "arterial_road_m": 4408.6028992692072, "land_area_km2": 1.304618, "pop_density_per_km2": 2169.9838573436823, "arterial_km_per_km2": 3.3792289384856002, "log_income": 11.658704053582976, "city": "Phoenix", "crime_count_raw": 916.44665083541452, "crime_rate_annual_per_km2_1000": 0.069120373976501143 }, "geometry": { "type": "Polygon", "coordinates": [ [ [ -112.05624, 33.516482 ], [ -112.056222, 33.520128 ], [ -112.05622, 33.523728 ], [ -112.047476, 33.523724 ], [ -112.047525, 33.516488 ], [ -112.047516, 33.509213 ], [ -112.056251, 33.509211 ], [ -112.05624, 33.516482 ] ] ] } },
{ "type": "Feature", "properties": { "STATEFP": "04", "COUNTYFP": "013", "TRACTCE": "619100", "GEOIDFQ": "1400000US04013619100", "GEOID": "04013619100", "NAME": "6191", "NAMELSAD": "Census Tract 6191", "STUSPS": "AZ", "NAMELSADCO": "Maricopa County", "STATE_NAME": "Arizona", "LSAD": "CT", "ALAND": 326530, "AWATER": 0, "centroid_lon": -112.06336274913618, "centroid_lat": 33.64394678107697, "B03002_001E": 3538, "B03002_001M": 786, "B03002_012E": 528, "B03002_012M": 345, "B19013_001E": 44509, "B19013_001M": 12545, "B01003_001E": 3538, "state": "04", "county": "013", "tract": "619100", "latino_share": 0.14923685698134539, "camera_count": 0, "arterial_road_m": 673.34886125704384, "land_area_km2": 0.32653, "pop_density_per_km2": 10835.145315897467, "arterial_km_per_km2": 2.0621347541023609, "log_income": 10.703446694896137, "city": "Phoenix", "crime_count_raw": 832.40172465547153, "crime_rate_annual_per_km2_1000": 0.25083731310333585 }, "geometry": { "type": "Polygon", "coordinates": [ [ [ -112.065566, 33.647565 ], [ -112.061194, 33.647588 ], [ -112.061179, 33.644553 ], [ -112.06118, 33.640316 ], [ -112.065512, 33.640294 ], [ -112.065554, 33.644845 ], [ -112.065566, 33.647565 ] ] ] } },
{ "type": "Feature", "properties": { "STATEFP": "04", "COUNTYFP": "013", "TRACTCE": "104225", "GEOIDFQ": "1400000US04013104225", "GEOID": "04013104225", "NAME": "1042.25", "NAMELSAD": "Census Tract 1042.25", "STUSPS": "AZ", "NAMELSADCO": "Maricopa County", "STATE_NAME": "Arizona", "LSAD": "CT", "ALAND": 2494692, "AWATER": 16877, "centroid_lon": -112.1599103338328, "centroid_lat": 33.632168747938053, "B03002_001E": 3805, "B03002_001M": 657, "B03002_012E": 610, "B03002_012M": 219, "B19013_001E": 100871, "B19013_001M": 10284, "B01003_001E": 3805, "state": "04", "county": "013", "tract": "104225", "latino_share": 0.16031537450722733, "camera_count": 0, "arterial_road_m": 9374.1874889988758, "land_area_km2": 2.494692, "pop_density_per_km2": 1525.2383861414555, "arterial_km_per_km2": 3.7576532449692688, "log_income": 11.521597751750113, "city": "Phoenix", "crime_count_raw": 934.62837446700837, "crime_rate_annual_per_km2_1000": 0.036864155079028751 }, "geometry": { "type": "Polygon", "coordinates": [ [ [ -112.169266, 33.63903 ], [ -112.160438, 33.639167 ], [ -112.151791, 33.639321 ], [ -112.151142, 33.633486 ], [ -112.15104, 33.632329 ], [ -112.15111, 33.625137 ], [ -112.168492, 33.625159 ], [ -112.16843, 33.63236 ], [ -112.169266, 33.63903 ] ] ] } },
{ "type": "Feature", "properties": { "STATEFP": "04", "COUNTYFP": "013", "TRACTCE": "112516", "GEOIDFQ": "1400000US04013112516", "GEOID": "04013112516", "NAME": "1125.16", "NAMELSAD": "Census Tract 1125.16", "STUSPS": "AZ", "NAMELSADCO": "Maricopa County", "STATE_NAME": "Arizona", "LSAD": "CT", "ALAND": 5158649, "AWATER": 0, "centroid_lon": -112.18652991015634, "centroid_lat": 33.429763900921088, "B03002_001E": 4476, "B03002_001M": 1229, "B03002_012E": 3872, "B03002_012M": 1211, "B19013_001E": 61401, "B19013_001M": 13629, "B01003_001E": 4476, "state": "04", "county": "013", "tract": "112516", "latino_share": 0.8650580875781948, "camera_count": 0, "arterial_road_m": 16147.727509638495, "land_area_km2": 5.158649, "pop_density_per_km2": 867.66903505161918, "arterial_km_per_km2": 3.1302241167481046, "log_income": 11.025181400647559, "city": "Phoenix", "crime_count_raw": 1057.4830200668928, "crime_rate_annual_per_km2_1000": 0.020170640112550365 }, "geometry": { "type": "Polygon", "coordinates": [ [ [ -112.203871, 33.43003 ], [ -112.20372, 33.437207 ], [ -112.18738, 33.437022 ], [ -112.186557, 33.437018 ], [ -112.169221, 33.436769 ], [ -112.169308, 33.422241 ], [ -112.186489, 33.422537 ], [ -112.189968, 33.42259 ], [ -112.203965, 33.422837 ], [ -112.203871, 33.43003 ] ] ] } },
{ "type": "Feature", "properties": { "STATEFP": "04", "COUNTYFP": "013", "TRACTCE": "082213", "GEOIDFQ": "1400000US04013082213", "GEOID": "04013082213", "NAME": "822.13", "NAMELSAD": "Census Tract 822.13", "STUSPS": "AZ", "NAMELSADCO": "Maricopa County", "STATE_NAME": "Arizona", "LSAD": "CT", "ALAND": 2569082, "AWATER": 0, "centroid_lon": -112.28105028935188, "centroid_lat": 33.428341625014376, "B03002_001E": 6818, "B03002_001M": 1216, "B03002_012E": 4630, "B03002_012M": 489, "B19013_001E": 108438, "B19013_001M": 21186, "B01003_001E": 6818, "state": "04", "county": "013", "tract": "082213", "latino_share": 0.67908477559401581, "camera_count": 0, "arterial_road_m": 3602.1465882985349, "land_area_km2": 2.569082, "pop_density_per_km2": 2653.8662448298655, "arterial_km_per_km2": 1.4021142915245739, "log_income": 11.593933860063693, "city": "Phoenix", "crime_count_raw": 815.41156256708814, "crime_rate_annual_per_km2_1000": 0.031230659562722793 }, "geometry": { "type": "Polygon", "coordinates": [ [ [ -112.289699, 33.435448 ], [ -112.281135, 33.435577 ], [ -112.272355, 33.435682 ], [ -112.272355, 33.435591 ], [ -112.272608, 33.421104 ], [ -112.280921, 33.42106 ], [ -112.281728, 33.421078 ], [ -112.289462, 33.420987 ], [ -112.289575, 33.420985 ], [ -112.289652, 33.428168 ], [ -112.289699, 33.435448 ] ] ] } },
{ "type": "Feature", "properties": { "STATEFP": "04", "COUNTYFP": "013", "TRACTCE": "112700", "GEOIDFQ": "1400000US04013112700", "GEOID": "04013112700", "NAME": "1127", "NAMELSAD": "Census Tract 1127", "STUSPS": "AZ", "NAMELSADCO": "Maricopa County", "STATE_NAME": "Arizona", "LSAD": "CT", "ALAND": 2632211, "AWATER": 0, "centroid_lon": -112.12572970710838, "centroid_lat": 33.458541050268629, "B03002_001E": 7563, "B03002_001M": 744, "B03002_012E": 6571, "B03002_012M": 868, "B19013_001E": 54845, "B19013_001M": 8018, "B01003_001E": 7563, "state": "04", "county": "013", "tract": "112700", "latino_share": 0.8688351183392834, "camera_count": 0, "arterial_road_m": 11921.130705619264, "land_area_km2": 2.632211, "pop_density_per_km2": 2873.2499028383363, "arterial_km_per_km2": 4.5289419068681287, "log_income": 10.912266303845435, "city": "Phoenix", "crime_count_raw": 3634.9761315004002, "crime_rate_annual_per_km2_1000": 0.13588237243870524 }, "geometry": { "type": "Polygon", "coordinates": [ [ [ -112.134473, 33.46595 ], [ -112.12579, 33.46594 ], [ -112.117133, 33.465939 ], [ -112.117254, 33.46174 ], [ -112.117385, 33.456701 ], [ -112.117487, 33.452941 ], [ -112.115265, 33.453003 ], [ -112.115335, 33.451113 ], [ -112.117523, 33.451089 ], [ -112.126022, 33.451341 ], [ -112.134516, 33.45142 ], [ -112.134461, 33.458672 ], [ -112.134531, 33.462735 ], [ -112.134473, 33.46595 ] ] ] } },
{ "type": "Feature", "properties": { "STATEFP": "04", "COUNTYFP": "013", "TRACTCE": "108601", "GEOIDFQ": "1400000US04013108601", "GEOID": "04013108601", "NAME": "1086.01", "NAMELSAD": "Census Tract 1086.01", "STUSPS": "AZ", "NAMELSADCO": "Maricopa County", "STATE_NAME": "Arizona", "LSAD": "CT", "ALAND": 817589, "AWATER": 8984, "centroid_lon": -112.05916203176125, "centroid_lat": 33.49778925471584, "B03002_001E": 2454, "B03002_001M": 459, "B03002_012E": 957, "B03002_012M": 389, "B19013_001E": 59135, "B19013_001M": 19817, "B01003_001E": 2454, "state": "04", "county": "013", "tract": "108601", "latino_share": 0.38997555012224938, "camera_count": 0, "arterial_road_m": 868.65972466836968, "land_area_km2": 0.817589, "pop_density_per_km2": 3001.5080926969417, "arterial_km_per_km2": 1.0624650339820738, "log_income": 10.987578244685217, "city": "Phoenix", "crime_count_raw": 1496.4982704973784, "crime_rate_annual_per_km2_1000": 0.18010403244298262 }, "geometry": { "type": "Polygon", "coordinates": [ [ [ -112.065036, 33.497258 ], [ -112.06503, 33.502468 ], [ -112.061409, 33.50208 ], [ -112.058417, 33.501168 ], [ -112.056302, 33.499878 ], [ -112.05099, 33.496392 ], [ -112.04904, 33.494729 ], [ -112.056319, 33.494731 ], [ -112.065039, 33.494742 ], [ -112.065036, 33.497258 ] ] ] } },
{ "type": "Feature", "properties": { "STATEFP": "04", "COUNTYFP": "013", "TRACTCE": "105601", "GEOIDFQ": "1400000US04013105601", "GEOID": "04013105601", "NAME": "1056.01", "NAMELSAD": "Census Tract 1056.01", "STUSPS": "AZ", "NAMELSADCO": "Maricopa County", "STATE_NAME": "Arizona", "LSAD": "CT", "ALAND": 1283745, "AWATER": 0, "centroid_lon": -112.12126576552106, "centroid_lat": 33.560319191032463, "B03002_001E": 4095, "B03002_001M": 1503, "B03002_012E": 2824, "B03002_012M": 1445, "B19013_001E": 92292, "B19013_001M": 39953, "B01003_001E": 4095, "state": "04", "county": "013", "tract": "105601", "latino_share": 0.68962148962148961, "camera_count": 0, "arterial_road_m": 4968.8424987619283, "land_area_km2": 1.283745, "pop_density_per_km2": 3189.8858418143791, "arterial_km_per_km2": 3.8705837208806488, "log_income": 11.432712742845053, "city": "Phoenix", "crime_count_raw": 2228.2314921421107, "crime_rate_annual_per_km2_1000": 0.17079053536775224 }, "geometry": { "type": "Polygon", "coordinates": [ [ [ -112.12557, 33.560324 ], [ -112.125555, 33.56756 ], [ -112.117192, 33.567583 ], [ -112.116917, 33.565637 ], [ -112.116938, 33.560333 ], [ -112.116973, 33.553095 ], [ -112.125605, 33.553089 ], [ -112.12557, 33.560324 ] ] ] } },
{ "type": "Feature", "properties": { "STATEFP": "04", "COUNTYFP": "013", "TRACTCE": "117000", "GEOIDFQ": "1400000US04013117000", "GEOID": "04013117000", "NAME": "1170", "NAMELSAD": "Census Tract 1170", "STUSPS": "AZ", "NAMELSADCO": "Maricopa County", "STATE_NAME": "Arizona", "LSAD": "CT", "ALAND": 1924567, "AWATER": 9252, "centroid_lon": -112.10644392125188, "centroid_lat": 33.487836328631289, "B03002_001E": 6417, "B03002_001M": 1143, "B03002_012E": 3347, "B03002_012M": 1091, "B19013_001E": 50968, "B19013_001M": 11618, "B01003_001E": 6417, "state": "04", "county": "013", "tract": "117000", "latino_share": 0.52158329437431816, "camera_count": 0, "arterial_road_m": 8331.5061548641315, "land_area_km2": 1.924567, "pop_density_per_km2": 3334.2564847053909, "arterial_km_per_km2": 4.3290288957797429, "log_income": 10.838953263796324, "city": "Phoenix", "crime_count_raw": 3037.9596469673511, "crime_rate_annual_per_km2_1000": 0.15532137377933483 }, "geometry": { "type": "Polygon", "coordinates": [ [ [ -112.112955, 33.487744 ], [ -112.112955, 33.487802 ], [ -112.112904, 33.495015 ], [ -112.108481, 33.49506 ], [ -112.106302, 33.495058 ], [ -112.099898, 33.49505 ], [ -112.099923, 33.487828 ], [ -112.099969, 33.480614 ], [ -112.10478, 33.480669 ], [ -112.113007, 33.480576 ], [ -112.112955, 33.487744 ] ] ] } },
{ "type": "Feature", "properties": { "STATEFP": "04", "COUNTYFP": "013", "TRACTCE": "619900", "GEOIDFQ": "1400000US04013619900", "GEOID": "04013619900", "NAME": "6199", "NAMELSAD": "Census Tract 6199", "STUSPS": "AZ", "NAMELSADCO": "Maricopa County", "STATE_NAME": "Arizona", "LSAD": "CT", "ALAND": 3438345, "AWATER": 0, "centroid_lon": -111.96409924277451, "centroid_lat": 33.646115587494371, "B03002_001E": 6600, "B03002_001M": 916, "B03002_012E": 581, "B03002_012M": 494, "B19013_001E": 150083, "B19013_001M": 46901, "B01003_001E": 6600, "state": "04", "county": "013", "tract": "619900", "latino_share": 0.088030303030303028, "camera_count": 0, "arterial_road_m": 9485.9299774772917, "land_area_km2": 3.438345, "pop_density_per_km2": 1919.5281450814273, "arterial_km_per_km2": 2.7588650869756504, "log_income": 11.918943753379287, "city": "Phoenix", "crime_count_raw": 665.29285644107267, "crime_rate_annual_per_km2_1000": 0.019039067172056997 }, "geometry": { "type": "Polygon", "coordinates": [ [ [ -111.977392, 33.641731 ], [ -111.977393, 33.647951 ], [ -111.977379, 33.651577 ], [ -111.977414, 33.655213 ], [ -111.977389, 33.656264 ], [ -111.961952, 33.651659 ], [ -111.958942, 33.650463 ], [ -111.945983, 33.643288 ], [ -111.943749, 33.642262 ], [ -111.93796, 33.641011 ], [ -111.938484, 33.640385 ], [ -111.94285, 33.640418 ], [ -111.954301, 33.640427 ], [ -111.960026, 33.640464 ], [ -111.968657, 33.640525 ], [ -111.977573, 33.640577 ], [ -111.977392, 33.641731 ] ] ] } },
{ "type": "Feature", "properties": { "STATEFP": "04", "COUNTYFP": "013", "TRACTCE": "104802", "GEOIDFQ": "1400000US04013104802", "GEOID": "04013104802", "NAME": "1048.02", "NAMELSAD": "Census Tract 1048.02", "STUSPS": "AZ", "NAMELSADCO": "Maricopa County", "STATE_NAME": "Arizona", "LSAD": "CT", "ALAND": 3300619, "AWATER": 0, "centroid_lon": -112.02427035934215, "centroid_lat": 33.589515618502986, "B03002_001E": 5632, "B03002_001M": 500, "B03002_012E": 584, "B03002_012M": 222, "B19013_001E": 79085, "B19013_001M": 20397, "B01003_001E": 5632, "state": "04", "county": "013", "tract": "104802", "latino_share": 0.10369318181818182, "camera_count": 0, "arterial_road_m": 9669.722301506541, "land_area_km2": 3.300619, "pop_density_per_km2": 1706.3465974109704, "arterial_km_per_km2": 2.9296693442977029, "log_income": 11.278278502397589, "city": "Phoenix", "crime_count_raw": 1097.0021113407829, "crime_rate_annual_per_km2_1000": 0.032703506841354278 }, "geometry": { "type": "Polygon", "coordinates": [ [ [ -112.037924, 33.596859 ], [ -112.030476, 33.596745 ], [ -112.027228, 33.596778 ], [ -112.021813, 33.596872 ], [ -112.017483, 33.59694 ], [ -112.013159, 33.596999 ], [ -112.013115, 33.586514 ], [ -112.013104, 33.582486 ], [ -112.021785, 33.58235 ], [ -112.030544, 33.582224 ], [ -112.038068, 33.582235 ], [ -112.037021, 33.58574 ], [ -112.03486, 33.585736 ], [ -112.034859, 33.587271 ], [ -112.032687, 33.586952 ], [ -112.032678, 33.589488 ], [ -112.032678, 33.590756 ], [ -112.034867, 33.590751 ], [ -112.034871, 33.595854 ], [ -112.039018, 33.595655 ], [ -112.037924, 33.596859 ] ] ] } },
{ "type": "Feature", "properties": { "STATEFP": "04", "COUNTYFP": "013", "TRACTCE": "103608", "GEOIDFQ": "1400000US04013103608", "GEOID": "04013103608", "NAME": "1036.08", "NAMELSAD": "Census Tract 1036.08", "STUSPS": "AZ", "NAMELSADCO": "Maricopa County", "STATE_NAME": "Arizona", "LSAD": "CT", "ALAND": 2462945, "AWATER": 0, "centroid_lon": -112.10787179343077, "centroid_lat": 33.632652203170537, "B03002_001E": 4338, "B03002_001M": 443, "B03002_012E": 879, "B03002_012M": 332, "B19013_001E": 79427, "B19013_001M": 15945, "B01003_001E": 4338, "state": "04", "county": "013", "tract": "103608", "latino_share": 0.20262793914246197, "camera_count": 0, "arterial_road_m": 9269.8956450107125, "land_area_km2": 2.462945, "pop_density_per_km2": 1761.3060786984688, "arterial_km_per_km2": 3.7637444786670891, "log_income": 11.282593639809035, "city": "Phoenix", "crime_count_raw": 1621.8396115887294, "crime_rate_annual_per_km2_1000": 0.064794097743126139 }, "geometry": { "type": "Polygon", "coordinates": [ [ [ -112.116077, 33.632566 ], [ -112.115506, 33.639912 ], [ -112.099691, 33.640134 ], [ -112.099689, 33.625609 ], [ -112.113522, 33.625294 ], [ -112.116446, 33.625278 ], [ -112.116077, 33.632566 ] ] ] } },
{ "type": "Feature", "properties": { "STATEFP": "04", "COUNTYFP": "013", "TRACTCE": "103302", "GEOIDFQ": "1400000US04013103302", "GEOID": "04013103302", "NAME": "1033.02", "NAMELSAD": "Census Tract 1033.02", "STUSPS": "AZ", "NAMELSADCO": "Maricopa County", "STATE_NAME": "Arizona", "LSAD": "CT", "ALAND": 2499626, "AWATER": 0, "centroid_lon": -112.00468069765429, "centroid_lat": 33.619314505453239, "B03002_001E": 6028, "B03002_001M": 936, "B03002_012E": 2855, "B03002_012M": 767, "B19013_001E": 80593, "B19013_001M": 18353, "B01003_001E": 6028, "state": "04", "county": "013", "tract": "103302", "latino_share": 0.47362309223623095, "camera_count": 0, "arterial_road_m": 11858.430883780196, "land_area_km2": 2.499626, "pop_density_per_km2": 2411.5607694911159, "arterial_km_per_km2": 4.7440820681894795, "log_income": 11.297167076087923, "city": "Phoenix", "crime_count_raw": 1069.7984968107257, "crime_rate_annual_per_km2_1000": 0.042112323814000069 }, "geometry": { "type": "Polygon", "coordinates": [ [ [ -112.013349, 33.626329 ], [ -112.006893, 33.62633 ], [ -112.000351, 33.626369 ], [ -111.99604, 33.626408 ], [ -111.996008, 33.622791 ], [ -111.99598, 33.619142 ], [ -111.995921, 33.611878 ], [ -111.998278, 33.611882 ], [ -112.004606, 33.613308 ], [ -112.006114, 33.613128 ], [ -112.009672, 33.611715 ], [ -112.011113, 33.61155 ], [ -112.013265, 33.611535 ], [ -112.013305, 33.618931 ], [ -112.013349, 33.626329 ] ] ] } },
{ "type": "Feature", "properties": { "STATEFP": "04", "COUNTYFP": "013", "TRACTCE": "115400", "GEOIDFQ": "1400000US04013115400", "GEOID": "04013115400", "NAME": "1154", "NAMELSAD": "Census Tract 1154", "STUSPS": "AZ", "NAMELSADCO": "Maricopa County", "STATE_NAME": "Arizona", "LSAD": "CT", "ALAND": 2504634, "AWATER": 84479, "centroid_lon": -112.0732316193575, "centroid_lat": 33.413970927786863, "B03002_001E": 1706, "B03002_001M": 360, "B03002_012E": 1476, "B03002_012M": 329, "B19013_001E": 45000, "B19013_001M": 10399, "B01003_001E": 1706, "state": "04", "county": "013", "tract": "115400", "latino_share": 0.86518171160609614, "camera_count": 0, "arterial_road_m": 7696.9317342572267, "land_area_km2": 2.504634, "pop_density_per_km2": 681.13744363447915, "arterial_km_per_km2": 3.0730764392151619, "log_income": 10.714417768752456, "city": "Phoenix", "crime_count_raw": 1751.9374510350563, "crime_rate_annual_per_km2_1000": 0.068826642116190065 }, "geometry": { "type": "Polygon", "coordinates": [ [ [ -112.082238, 33.418894 ], [ -112.078877, 33.419943 ], [ -112.075916, 33.42232 ], [ -112.073304, 33.422119 ], [ -112.072197, 33.42221 ], [ -112.071447, 33.421785 ], [ -112.064884, 33.420992 ], [ -112.064874, 33.420696 ], [ -112.064848, 33.419953 ], [ -112.064568, 33.406712 ], [ -112.073343, 33.40672 ], [ -112.081991, 33.406709 ], [ -112.082201, 33.418153 ], [ -112.082238, 33.418894 ] ] ] } },
{ "type": "Feature", "properties": { "STATEFP": "04", "COUNTYFP": "013", "TRACTCE": "107002", "GEOIDFQ": "1400000US04013107002", "GEOID": "04013107002", "NAME": "1070.02", "NAMELSAD": "Census Tract 1070.02", "STUSPS": "AZ", "NAMELSADCO": "Maricopa County", "STATE_NAME": "Arizona", "LSAD": "CT", "ALAND": 1286557, "AWATER": 0, "centroid_lon": -112.13857359974853, "centroid_lat": 33.531213331045841, "B03002_001E": 3810, "B03002_001M": 368, "B03002_012E": 2181, "B03002_012M": 269, "B19013_001E": 65395, "B19013_001M": 35720, "B01003_001E": 3810, "state": "04", "county": "013", "tract": "107002", "latino_share": 0.57244094488188979, "camera_count": 0, "arterial_road_m": 3604.4535415569771, "land_area_km2": 1.286557, "pop_density_per_km2": 2961.3923051990701, "arterial_km_per_km2": 2.8016275544394666, "log_income": 11.088201081923252, "city": "Phoenix", "crime_count_raw": 1451.1448132751261, "crime_rate_annual_per_km2_1000": 0.11098492141852861 }, "geometry": { "type": "Polygon", "coordinates": [ [ [ -112.142866, 33.531191 ], [ -112.142878, 33.538476 ], [ -112.138601, 33.538494 ], [ -112.134332, 33.538513 ], [ -112.134278, 33.532688 ], [ -112.134256, 33.531221 ], [ -112.134255, 33.523966 ], [ -112.14288, 33.523946 ], [ -112.142866, 33.531191 ] ] ] } },
{ "type": "Feature", "properties": { "STATEFP": "04", "COUNTYFP": "013", "TRACTCE": "116734", "GEOIDFQ": "1400000US04013116734", "GEOID": "04013116734", "NAME": "1167.34", "NAMELSAD": "Census Tract 1167.34", "STUSPS": "AZ", "NAMELSADCO": "Maricopa County", "STATE_NAME": "Arizona", "LSAD": "CT", "ALAND": 921945, "AWATER": 0, "centroid_lon": -112.07224080631684, "centroid_lat": 33.360002705811794, "B03002_001E": 1488, "B03002_001M": 203, "B03002_012E": 602, "B03002_012M": 251, "B19013_001E": 107984, "B19013_001M": 18379, "B01003_001E": 1488, "state": "04", "county": "013", "tract": "116734", "latino_share": 0.40456989247311825, "camera_count": 0, "arterial_road_m": 1990.8546930764617, "land_area_km2": 0.921945, "pop_density_per_km2": 1613.9791419227827, "arterial_km_per_km2": 2.1594072239411912, "log_income": 11.589738346983188, "city": "Phoenix", "crime_count_raw": 327.34899711311061, "crime_rate_annual_per_km2_1000": 0.03493721306549407 }, "geometry": { "type": "Polygon", "coordinates": [ [ [ -112.081117, 33.363175 ], [ -112.073205, 33.363275 ], [ -112.06598, 33.363335 ], [ -112.065975, 33.356181 ], [ -112.065993, 33.354807 ], [ -112.068261, 33.354792 ], [ -112.068936, 33.356056 ], [ -112.072228, 33.356088 ], [ -112.073194, 33.358253 ], [ -112.073221, 33.35963 ], [ -112.074625, 33.359634 ], [ -112.074763, 33.357841 ], [ -112.078924, 33.357793 ], [ -112.078933, 33.359592 ], [ -112.081091, 33.359572 ], [ -112.080111, 33.360473 ], [ -112.080029, 33.362188 ], [ -112.08111, 33.362285 ], [ -112.081117, 33.363175 ] ] ] } },
{ "type": "Feature", "properties": { "STATEFP": "04", "COUNTYFP": "013", "TRACTCE": "116202", "GEOIDFQ": "1400000US04013116202", "GEOID": "04013116202", "NAME": "1162.02", "NAMELSAD": "Census Tract 1162.02", "STUSPS": "AZ", "NAMELSADCO": "Maricopa County", "STATE_NAME": "Arizona", "LSAD": "CT", "ALAND": 1454222, "AWATER": 0, "centroid_lon": -111.98745198855708, "centroid_lat": 33.388586445501929, "B03002_001E": 4898, "B03002_001M": 695, "B03002_012E": 3626, "B03002_012M": 637, "B19013_001E": 89825, "B19013_001M": 11694, "B01003_001E": 4898, "state": "04", "county": "013", "tract": "116202", "latino_share": 0.74030216414863215, "camera_count": 0, "arterial_road_m": 2300.8789672872508, "land_area_km2": 1.454222, "pop_density_per_km2": 3368.1239865715143, "arterial_km_per_km2": 1.5822061330988328, "log_income": 11.405618611981719, "city": "Phoenix", "crime_count_raw": 1105.4403844160884, "crime_rate_annual_per_km2_1000": 0.074797463913215428 }, "geometry": { "type": "Polygon", "coordinates": [ [ [ -111.995551, 33.385357 ], [ -111.995548, 33.390725 ], [ -111.995547, 33.392654 ], [ -111.986546, 33.392716 ], [ -111.985993, 33.392722 ], [ -111.981834, 33.392752 ], [ -111.978426, 33.39278 ], [ -111.978197, 33.392664 ], [ -111.978238, 33.387408 ], [ -111.978245, 33.386445 ], [ -111.978246, 33.386425 ], [ -111.983098, 33.385492 ], [ -111.985687, 33.384459 ], [ -111.988916, 33.383674 ], [ -111.993196, 33.383904 ], [ -111.995553, 33.382935 ], [ -111.995551, 33.385357 ] ] ] } },
{ "type": "Feature", "properties": { "STATEFP": "04", "COUNTYFP": "013", "TRACTCE": "108802", "GEOIDFQ": "1400000US04013108802", "GEOID": "04013108802", "NAME": "1088.02", "NAMELSAD": "Census Tract 1088.02", "STUSPS": "AZ", "NAMELSADCO": "Maricopa County", "STATE_NAME": "Arizona", "LSAD": "CT", "ALAND": 1027484, "AWATER": 9881, "centroid_lon": -112.073670717868, "centroid_lat": 33.506366021138057, "B03002_001E": 2203, "B03002_001M": 337, "B03002_012E": 381, "B03002_012M": 247, "B19013_001E": 70066, "B19013_001M": 13832, "B01003_001E": 2203, "state": "04", "county": "013", "tract": "108802", "latino_share": 0.17294598275079437, "camera_count": 0, "arterial_road_m": 2873.8408152137117, "land_area_km2": 1.027484, "pop_density_per_km2": 2144.0723164545625, "arterial_km_per_km2": 2.7969689213785434, "log_income": 11.157192933963753, "city": "Phoenix", "crime_count_raw": 1094.9108813339922, "crime_rate_annual_per_km2_1000": 0.10485423140305188 }, "geometry": { "type": "Polygon", "coordinates": [ [ [ -112.082484, 33.509341 ], [ -112.073743, 33.509287 ], [ -112.06501, 33.509234 ], [ -112.06503, 33.502468 ], [ -112.070338, 33.503684 ], [ -112.073763, 33.50397 ], [ -112.075232, 33.504115 ], [ -112.078028, 33.503549 ], [ -112.08244, 33.502967 ], [ -112.082455, 33.504798 ], [ -112.082462, 33.50571 ], [ -112.082484, 33.509341 ] ] ] } },
{ "type": "Feature", "properties": { "STATEFP": "04", "COUNTYFP": "013", "TRACTCE": "111501", "GEOIDFQ": "1400000US04013111501", "GEOID": "04013111501", "NAME": "1115.01", "NAMELSAD": "Census Tract 1115.01", "STUSPS": "AZ", "NAMELSADCO": "Maricopa County", "STATE_NAME": "Arizona", "LSAD": "CT", "ALAND": 701867, "AWATER": 6106, "centroid_lon": -112.02511097362981, "centroid_lat": 33.468803010409957, "B03002_001E": 2013, "B03002_001M": 402, "B03002_012E": 1446, "B03002_012M": 355, "B19013_001E": 42813, "B19013_001M": 27146, "B01003_001E": 2013, "state": "04", "county": "013", "tract": "111501", "latino_share": 0.71833084947839043, "camera_count": 0, "arterial_road_m": 887.73751227271134, "land_area_km2": 0.701867, "pop_density_per_km2": 2868.0647473096756, "arterial_km_per_km2": 1.2648229825204937, "log_income": 10.664597073768501, "city": "Phoenix", "crime_count_raw": 1000.3181473485189, "crime_rate_annual_per_km2_1000": 0.14023795860282845 }, "geometry": { "type": "Polygon", "coordinates": [ [ [ -112.030216, 33.473036 ], [ -112.025471, 33.473055 ], [ -112.016109, 33.465735 ], [ -112.030216, 33.465788 ], [ -112.030216, 33.473036 ] ] ] } },
{ "type": "Feature", "properties": { "STATEFP": "04", "COUNTYFP": "013", "TRACTCE": "104000", "GEOIDFQ": "1400000US04013104000", "GEOID": "04013104000", "NAME": "1040", "NAMELSAD": "Census Tract 1040", "STUSPS": "AZ", "NAMELSADCO": "Maricopa County", "STATE_NAME": "Arizona", "LSAD": "CT", "ALAND": 2563939, "AWATER": 0, "centroid_lon": -112.12525361880436, "centroid_lat": 33.603612770631386, "B03002_001E": 7438, "B03002_001M": 1242, "B03002_012E": 2839, "B03002_012M": 1167, "B19013_001E": 42662, "B19013_001M": 19055, "B01003_001E": 7438, "state": "04", "county": "013", "tract": "104000", "latino_share": 0.38168862597472442, "camera_count": 5, "arterial_road_m": 11552.745430355932, "land_area_km2": 2.563939, "pop_density_per_km2": 2901.0050551124655, "arterial_km_per_km2": 4.505858146529981, "log_income": 10.661063873251763, "city": "Phoenix", "crime_count_raw": 4708.6108466581454, "crime_rate_annual_per_km2_1000": 0.18070383409632057 }, "geometry": { "type": "Polygon", "coordinates": [ [ [ -112.133897, 33.603601 ], [ -112.133854, 33.607223 ], [ -112.133776, 33.610816 ], [ -112.125161, 33.610823 ], [ -112.116543, 33.610849 ], [ -112.116616, 33.603627 ], [ -112.116716, 33.596422 ], [ -112.117274, 33.596397 ], [ -112.122646, 33.596405 ], [ -112.125343, 33.596401 ], [ -112.133964, 33.596387 ], [ -112.133897, 33.603601 ] ] ] } },
{ "type": "Feature", "properties": { "STATEFP": "04", "COUNTYFP": "013", "TRACTCE": "103609", "GEOIDFQ": "1400000US04013103609", "GEOID": "04013103609", "NAME": "1036.09", "NAMELSAD": "Census Tract 1036.09", "STUSPS": "AZ", "NAMELSADCO": "Maricopa County", "STATE_NAME": "Arizona", "LSAD": "CT", "ALAND": 2493420, "AWATER": 2061, "centroid_lon": -112.10806647864977, "centroid_lat": 33.618184985770682, "B03002_001E": 6183, "B03002_001M": 1345, "B03002_012E": 1693, "B03002_012M": 834, "B19013_001E": 51764, "B19013_001M": 6541, "B01003_001E": 6183, "state": "04", "county": "013", "tract": "103609", "latino_share": 0.27381530001617338, "camera_count": 3, "arterial_road_m": 10226.175207812772, "land_area_km2": 2.49342, "pop_density_per_km2": 2479.726640517843, "arterial_km_per_km2": 4.1012646115827947, "log_income": 10.854450205941561, "city": "Phoenix", "crime_count_raw": 2918.9677297742433, "crime_rate_annual_per_km2_1000": 0.11519035378055152 }, "geometry": { "type": "Polygon", "coordinates": [ [ [ -112.116487, 33.618761 ], [ -112.116446, 33.625278 ], [ -112.113522, 33.625294 ], [ -112.099689, 33.625609 ], [ -112.099686, 33.624675 ], [ -112.099653, 33.615525 ], [ -112.099637, 33.611092 ], [ -112.105486, 33.611002 ], [ -112.108118, 33.610968 ], [ -112.116543, 33.610849 ], [ -112.116487, 33.618761 ] ] ] } },
{ "type": "Feature", "properties": { "STATEFP": "04", "COUNTYFP": "013", "TRACTCE": "116300", "GEOIDFQ": "1400000US04013116300", "GEOID": "04013116300", "NAME": "1163", "NAMELSAD": "Census Tract 1163", "STUSPS": "AZ", "NAMELSADCO": "Maricopa County", "STATE_NAME": "Arizona", "LSAD": "CT", "ALAND": 2687782, "AWATER": 0, "centroid_lon": -112.0387146079272, "centroid_lat": 33.385369231265905, "B03002_001E": 6013, "B03002_001M": 1172, "B03002_012E": 3694, "B03002_012M": 1126, "B19013_001E": 64867, "B19013_001M": 24329, "B01003_001E": 6013, "state": "04", "county": "013", "tract": "116300", "latino_share": 0.61433560618659566, "camera_count": 0, "arterial_road_m": 5126.6448193424476, "land_area_km2": 2.687782, "pop_density_per_km2": 2237.160603054861, "arterial_km_per_km2": 1.9073886272556511, "log_income": 11.080094298798874, "city": "Phoenix", "crime_count_raw": 4162.006601601779, "crime_rate_annual_per_km2_1000": 0.15236702244124206 }, "geometry": { "type": "Polygon", "coordinates": [ [ [ -112.047366, 33.392764 ], [ -112.03878, 33.392905 ], [ -112.034389, 33.393067 ], [ -112.030066, 33.393214 ], [ -112.030185, 33.386024 ], [ -112.030328, 33.377751 ], [ -112.047347, 33.377741 ], [ -112.047276, 33.38501 ], [ -112.047366, 33.392764 ] ] ] } },
{ "type": "Feature", "properties": { "STATEFP": "04", "COUNTYFP": "013", "TRACTCE": "106502", "GEOIDFQ": "1400000US04013106502", "GEOID": "04013106502", "NAME": "1065.02", "NAMELSAD": "Census Tract 1065.02", "STUSPS": "AZ", "NAMELSADCO": "Maricopa County", "STATE_NAME": "Arizona", "LSAD": "CT", "ALAND": 1309433, "AWATER": 0, "centroid_lon": -112.05187030207485, "centroid_lat": 33.530999508781434, "B03002_001E": 3875, "B03002_001M": 390, "B03002_012E": 757, "B03002_012M": 256, "B19013_001E": 76434, "B19013_001M": 7884, "B01003_001E": 3875, "state": "04", "county": "013", "tract": "106502", "latino_share": 0.19535483870967743, "camera_count": 0, "arterial_road_m": 3761.2156385858543, "land_area_km2": 1.309433, "pop_density_per_km2": 2959.2961228256809, "arterial_km_per_km2": 2.8724002210008868, "log_income": 11.244182902337842, "city": "Phoenix", "crime_count_raw": 912.96804798284268, "crime_rate_annual_per_km2_1000": 0.068604808078547685 }, "geometry": { "type": "Polygon", "coordinates": [ [ [ -112.056287, 33.538249 ], [ -112.047475, 33.538252 ], [ -112.047496, 33.530972 ], [ -112.047489, 33.527341 ], [ -112.047476, 33.523724 ], [ -112.05622, 33.523728 ], [ -112.056226, 33.527355 ], [ -112.056264, 33.530991 ], [ -112.056287, 33.538249 ] ] ] } },
{ "type": "Feature", "properties": { "STATEFP": "04", "COUNTYFP": "013", "TRACTCE": "106701", "GEOIDFQ": "1400000US04013106701", "GEOID": "04013106701", "NAME": "1067.01", "NAMELSAD": "Census Tract 1067.01", "STUSPS": "AZ", "NAMELSADCO": "Maricopa County", "STATE_NAME": "Arizona", "LSAD": "CT", "ALAND": 633661, "AWATER": 0, "centroid_lon": -112.0953660086512, "centroid_lat": 33.534941040047393, "B03002_001E": 4322, "B03002_001M": 701, "B03002_012E": 1495, "B03002_012M": 538, "B19013_001E": 42109, "B19013_001M": 8350, "B01003_001E": 4322, "state": "04", "county": "013", "tract": "106701", "latino_share": 0.34590467376214717, "camera_count": 0, "arterial_road_m": 3093.2693086566046, "land_area_km2": 0.633661, "pop_density_per_km2": 6820.6817209833016, "arterial_km_per_km2": 4.8815838573884216, "log_income": 10.648016773545576, "city": "Phoenix", "crime_count_raw": 2959.0648282694442, "crime_rate_annual_per_km2_1000": 0.45949390881498753 }, "geometry": { "type": "Polygon", "coordinates": [ [ [ -112.09961, 33.534505 ], [ -112.099575, 33.538642 ], [ -112.096347, 33.538587 ], [ -112.094765, 33.538561 ], [ -112.091125, 33.5385 ], [ -112.091125, 33.53125 ], [ -112.095493, 33.531323 ], [ -112.09964, 33.53139 ], [ -112.09961, 33.534505 ] ] ] } },
{ "type": "Feature", "properties": { "STATEFP": "04", "COUNTYFP": "013", "TRACTCE": "112521", "GEOIDFQ": "1400000US04013112521", "GEOID": "04013112521", "NAME": "1125.21", "NAMELSAD": "Census Tract 1125.21", "STUSPS": "AZ", "NAMELSADCO": "Maricopa County", "STATE_NAME": "Arizona", "LSAD": "CT", "ALAND": 576659, "AWATER": 0, "centroid_lon": -112.19491577046776, "centroid_lat": 33.464260690023103, "B03002_001E": 3253, "B03002_001M": 574, "B03002_012E": 2011, "B03002_012M": 677, "B19013_001E": 48700, "B19013_001M": 3142, "B01003_001E": 3253, "state": "04", "county": "013", "tract": "112521", "latino_share": 0.61819858592068855, "camera_count": 0, "arterial_road_m": 7426.9915991684429, "land_area_km2": 0.576659, "pop_density_per_km2": 5641.1154599165184, "arterial_km_per_km2": 12.879347411847283, "log_income": 10.793434309070681, "city": "Phoenix", "crime_count_raw": 1699.9458761164433, "crime_rate_annual_per_km2_1000": 0.2900669689480973 }, "geometry": { "type": "Polygon", "coordinates": [ [ [ -112.203372, 33.465854 ], [ -112.195114, 33.465907 ], [ -112.186452, 33.465975 ], [ -112.186415, 33.462685 ], [ -112.195122, 33.462611 ], [ -112.203372, 33.462533 ], [ -112.203372, 33.465854 ] ] ] } },
{ "type": "Feature", "properties": { "STATEFP": "04", "COUNTYFP": "013", "TRACTCE": "617002", "GEOIDFQ": "1400000US04013617002", "GEOID": "04013617002", "NAME": "6170.02", "NAMELSAD": "Census Tract 6170.02", "STUSPS": "AZ", "NAMELSADCO": "Maricopa County", "STATE_NAME": "Arizona", "LSAD": "CT", "ALAND": 3066987, "AWATER": 0, "centroid_lon": -112.0221665255056, "centroid_lat": 33.663805754580771, "B03002_001E": 6159, "B03002_001M": 810, "B03002_012E": 1630, "B03002_012M": 463, "B19013_001E": 75738, "B19013_001M": 13960, "B01003_001E": 6159, "state": "04", "county": "013", "tract": "617002", "latino_share": 0.26465335281701574, "camera_count": 0, "arterial_road_m": 7614.4540476606226, "land_area_km2": 3.066987, "pop_density_per_km2": 2008.1597998296047, "arterial_km_per_km2": 2.4827148102227437, "log_income": 11.235035294980916, "city": "Phoenix", "crime_count_raw": 1292.9406313346076, "crime_rate_annual_per_km2_1000": 0.041480970194803762 }, "geometry": { "type": "Polygon", "coordinates": [ [ [ -112.030974, 33.672166 ], [ -112.027734, 33.672579 ], [ -112.013737, 33.672687 ], [ -112.013723, 33.669672 ], [ -112.013652, 33.662412 ], [ -112.01362, 33.655133 ], [ -112.022184, 33.655089 ], [ -112.030857, 33.655041 ], [ -112.030885, 33.6599 ], [ -112.030874, 33.661943 ], [ -112.030828, 33.662295 ], [ -112.030471, 33.663908 ], [ -112.030044, 33.666699 ], [ -112.030829, 33.669562 ], [ -112.030931, 33.670171 ], [ -112.030974, 33.672166 ] ] ] } },
{ "type": "Feature", "properties": { "STATEFP": "04", "COUNTYFP": "013", "TRACTCE": "114705", "GEOIDFQ": "1400000US04013114705", "GEOID": "04013114705", "NAME": "1147.05", "NAMELSAD": "Census Tract 1147.05", "STUSPS": "AZ", "NAMELSADCO": "Maricopa County", "STATE_NAME": "Arizona", "LSAD": "CT", "ALAND": 1297112, "AWATER": 0, "centroid_lon": -112.12587479973979, "centroid_lat": 33.426021897607384, "B03002_001E": 3783, "B03002_001M": 255, "B03002_012E": 1200, "B03002_012M": 327, "B19013_001E": -666666666, "B19013_001M": -222222222, "B01003_001E": 3783, "state": "04", "county": "013", "tract": "114705", "latino_share": 0.31720856463124503, "camera_count": 0, "arterial_road_m": 149.50361857947888, "land_area_km2": 1.297112, "pop_density_per_km2": 2916.4790704272259, "arterial_km_per_km2": 0.11525883545867965, "log_income": null, "city": "Phoenix", "crime_count_raw": 95.807455392369178, "crime_rate_annual_per_km2_1000": 0.0072678187083840985 }, "geometry": { "type": "Polygon", "coordinates": [ [ [ -112.134553, 33.429667 ], [ -112.117218, 33.429558 ], [ -112.117195, 33.422376 ], [ -112.134534, 33.422486 ], [ -112.134553, 33.429667 ] ] ] } },
{ "type": "Feature", "properties": { "STATEFP": "04", "COUNTYFP": "013", "TRACTCE": "113701", "GEOIDFQ": "1400000US04013113701", "GEOID": "04013113701", "NAME": "1137.01", "NAMELSAD": "Census Tract 1137.01", "STUSPS": "AZ", "NAMELSADCO": "Maricopa County", "STATE_NAME": "Arizona", "LSAD": "CT", "ALAND": 1256090, "AWATER": 0, "centroid_lon": -111.98636662008073, "centroid_lat": 33.461947518011669, "B03002_001E": 6136, "B03002_001M": 1204, "B03002_012E": 3718, "B03002_012M": 1343, "B19013_001E": 50372, "B19013_001M": 4906, "B01003_001E": 6136, "state": "04", "county": "013", "tract": "113701", "latino_share": 0.60593220338983056, "camera_count": 0, "arterial_road_m": 11742.034778653828, "land_area_km2": 1.25609, "pop_density_per_km2": 4885.0002786424538, "arterial_km_per_km2": 9.3480839578802701, "log_income": 10.827190744125737, "city": "Phoenix", "crime_count_raw": 2440.8901797243366, "crime_rate_annual_per_km2_1000": 0.1912096202955052 }, "geometry": { "type": "Polygon", "coordinates": [ [ [ -111.995066, 33.462114 ], [ -111.994805, 33.465657 ], [ -111.987102, 33.465705 ], [ -111.984588, 33.465637 ], [ -111.98228, 33.46564 ], [ -111.981674, 33.465639 ], [ -111.978468, 33.465666 ], [ -111.978426, 33.456933 ], [ -111.982935, 33.457988 ], [ -111.983091, 33.458022 ], [ -111.987127, 33.458511 ], [ -111.99521, 33.459123 ], [ -111.995066, 33.462114 ] ] ] } },
{ "type": "Feature", "properties": { "STATEFP": "04", "COUNTYFP": "013", "TRACTCE": "107402", "GEOIDFQ": "1400000US04013107402", "GEOID": "04013107402", "NAME": "1074.02", "NAMELSAD": "Census Tract 1074.02", "STUSPS": "AZ", "NAMELSADCO": "Maricopa County", "STATE_NAME": "Arizona", "LSAD": "CT", "ALAND": 323855, "AWATER": 0, "centroid_lon": -112.09552610007765, "centroid_lat": 33.511366290828725, "B03002_001E": 1380, "B03002_001M": 271, "B03002_012E": 779, "B03002_012M": 266, "B19013_001E": 38125, "B19013_001M": 9334, "B01003_001E": 1380, "state": "04", "county": "013", "tract": "107402", "latino_share": 0.5644927536231884, "camera_count": 0, "arterial_road_m": 2431.3768348408594, "land_area_km2": 0.323855, "pop_density_per_km2": 4261.1662626792859, "arterial_km_per_km2": 7.5076093771621846, "log_income": 10.548625513909712, "city": "Phoenix", "crime_count_raw": 1039.452912815075, "crime_rate_annual_per_km2_1000": 0.31581770344961524 }, "geometry": { "type": "Polygon", "coordinates": [ [ [ -112.099828, 33.513247 ], [ -112.095613, 33.513187 ], [ -112.091197, 33.513117 ], [ -112.091224, 33.509475 ], [ -112.099871, 33.509625 ], [ -112.099828, 33.513247 ] ] ] } },
{ "type": "Feature", "properties": { "STATEFP": "04", "COUNTYFP": "013", "TRACTCE": "106501", "GEOIDFQ": "1400000US04013106501", "GEOID": "04013106501", "NAME": "1065.01", "NAMELSAD": "Census Tract 1065.01", "STUSPS": "AZ", "NAMELSADCO": "Maricopa County", "STATE_NAME": "Arizona", "LSAD": "CT", "ALAND": 1313676, "AWATER": 0, "centroid_lon": -112.06063924793978, "centroid_lat": 33.530995099029248, "B03002_001E": 3319, "B03002_001M": 524, "B03002_012E": 517, "B03002_012M": 170, "B19013_001E": 81310, "B19013_001M": 9963, "B01003_001E": 3319, "state": "04", "county": "013", "tract": "106501", "latino_share": 0.1557698101837903, "camera_count": 1, "arterial_road_m": 2789.9324665763247, "land_area_km2": 1.313676, "pop_density_per_km2": 2526.4981624083866, "arterial_km_per_km2": 2.123759942768479, "log_income": 11.306024289201883, "city": "Phoenix", "crime_count_raw": 929.78223769393628, "crime_rate_annual_per_km2_1000": 0.069642641719642795 }, "geometry": { "type": "Polygon", "coordinates": [ [ [ -112.065055, 33.538272 ], [ -112.056287, 33.538249 ], [ -112.056264, 33.530991 ], [ -112.056226, 33.527355 ], [ -112.05622, 33.523728 ], [ -112.064989, 33.523739 ], [ -112.065023, 33.530977 ], [ -112.065055, 33.538272 ] ] ] } },
{ "type": "Feature", "properties": { "STATEFP": "04", "COUNTYFP": "013", "TRACTCE": "112517", "GEOIDFQ": "1400000US04013112517", "GEOID": "04013112517", "NAME": "1125.17", "NAMELSAD": "Census Tract 1125.17", "STUSPS": "AZ", "NAMELSADCO": "Maricopa County", "STATE_NAME": "Arizona", "LSAD": "CT", "ALAND": 2567992, "AWATER": 0, "centroid_lon": -112.21265239693423, "centroid_lat": 33.415679994200353, "B03002_001E": 5106, "B03002_001M": 615, "B03002_012E": 3395, "B03002_012M": 447, "B19013_001E": 80568, "B19013_001M": 15776, "B01003_001E": 5106, "state": "04", "county": "013", "tract": "112517", "latino_share": 0.66490403446925184, "camera_count": 0, "arterial_road_m": 6165.6535400141929, "land_area_km2": 2.567992, "pop_density_per_km2": 1988.323951164957, "arterial_km_per_km2": 2.4009629079896642, "log_income": 11.29685682732798, "city": "Phoenix", "crime_count_raw": 974.16818504402841, "crime_rate_annual_per_km2_1000": 0.037326952374771426 }, "geometry": { "type": "Polygon", "coordinates": [ [ [ -112.221391, 33.408541 ], [ -112.221246, 33.415239 ], [ -112.221132, 33.422978 ], [ -112.212623, 33.422925 ], [ -112.212446, 33.422924 ], [ -112.204081, 33.422836 ], [ -112.203965, 33.422837 ], [ -112.204005, 33.415999 ], [ -112.20401, 33.415478 ], [ -112.204082, 33.411859 ], [ -112.204108, 33.408426 ], [ -112.204216, 33.408431 ], [ -112.208909, 33.408464 ], [ -112.212733, 33.408479 ], [ -112.217024, 33.408456 ], [ -112.221393, 33.408443 ], [ -112.221391, 33.408541 ] ] ] } },
{ "type": "Feature", "properties": { "STATEFP": "04", "COUNTYFP": "013", "TRACTCE": "111100", "GEOIDFQ": "1400000US04013111100", "GEOID": "04013111100", "NAME": "1111", "NAMELSAD": "Census Tract 1111", "STUSPS": "AZ", "NAMELSADCO": "Maricopa County", "STATE_NAME": "Arizona", "LSAD": "CT", "ALAND": 3182443, "AWATER": 33230, "centroid_lon": -111.96557621671192, "centroid_lat": 33.486147884696756, "B03002_001E": 4717, "B03002_001M": 794, "B03002_012E": 737, "B03002_012M": 304, "B19013_001E": 99787, "B19013_001M": 27358, "B01003_001E": 4717, "state": "04", "county": "013", "tract": "111100", "latino_share": 0.1562433750264999, "camera_count": 0, "arterial_road_m": 10829.899209470288, "land_area_km2": 3.182443, "pop_density_per_km2": 1482.1946536041651, "arterial_km_per_km2": 3.4030143539005371, "log_income": 11.510793193293875, "city": "Phoenix", "crime_count_raw": 930.11755221705243, "crime_rate_annual_per_km2_1000": 0.028758051904519983 }, "geometry": { "type": "Polygon", "coordinates": [ [ [ -111.978215, 33.495146 ], [ -111.977255, 33.496319 ], [ -111.970747, 33.492637 ], [ -111.963644, 33.489632 ], [ -111.960822, 33.489128 ], [ -111.959134, 33.489741 ], [ -111.95708, 33.491619 ], [ -111.951967, 33.490718 ], [ -111.951968, 33.490532 ], [ -111.952006, 33.487521 ], [ -111.949855, 33.487436 ], [ -111.949022, 33.482611 ], [ -111.951949, 33.481499 ], [ -111.953379, 33.481986 ], [ -111.957217, 33.480061 ], [ -111.960935, 33.480021 ], [ -111.969573, 33.480055 ], [ -111.97803, 33.480099 ], [ -111.978004, 33.48372 ], [ -111.978217, 33.494621 ], [ -111.978215, 33.495146 ] ] ] } },
{ "type": "Feature", "properties": { "STATEFP": "04", "COUNTYFP": "013", "TRACTCE": "104218", "GEOIDFQ": "1400000US04013104218", "GEOID": "04013104218", "NAME": "1042.18", "NAMELSAD": "Census Tract 1042.18", "STUSPS": "AZ", "NAMELSADCO": "Maricopa County", "STATE_NAME": "Arizona", "LSAD": "CT", "ALAND": 2582894, "AWATER": 0, "centroid_lon": -112.15984348938341, "centroid_lat": 33.617934704257706, "B03002_001E": 3921, "B03002_001M": 437, "B03002_012E": 1370, "B03002_012M": 409, "B19013_001E": 79427, "B19013_001M": 14465, "B01003_001E": 3921, "state": "04", "county": "013", "tract": "104218", "latino_share": 0.34940066309614892, "camera_count": 0, "arterial_road_m": 8337.6891904436998, "land_area_km2": 2.582894, "pop_density_per_km2": 1518.0646205380476, "arterial_km_per_km2": 3.2280415651759999, "log_income": 11.282593639809035, "city": "Phoenix", "crime_count_raw": 1098.3522326928769, "crime_rate_annual_per_km2_1000": 0.04184246974908578 }, "geometry": { "type": "Polygon", "coordinates": [ [ [ -112.168559, 33.61543 ], [ -112.168538, 33.617945 ], [ -112.168492, 33.625159 ], [ -112.15111, 33.625137 ], [ -112.151146, 33.617947 ], [ -112.151174, 33.610727 ], [ -112.164167, 33.610722 ], [ -112.16858, 33.610732 ], [ -112.168559, 33.61543 ] ] ] } },
{ "type": "Feature", "properties": { "STATEFP": "04", "COUNTYFP": "013", "TRACTCE": "106100", "GEOIDFQ": "1400000US04013106100", "GEOID": "04013106100", "NAME": "1061", "NAMELSAD": "Census Tract 1061", "STUSPS": "AZ", "NAMELSADCO": "Maricopa County", "STATE_NAME": "Arizona", "LSAD": "CT", "ALAND": 2554739, "AWATER": 0, "centroid_lon": -112.09105537783147, "centroid_lat": 33.545742586347231, "B03002_001E": 5803, "B03002_001M": 614, "B03002_012E": 1070, "B03002_012M": 320, "B19013_001E": 76716, "B19013_001M": 12116, "B01003_001E": 5803, "state": "04", "county": "013", "tract": "106100", "latino_share": 0.18438738583491299, "camera_count": 0, "arterial_road_m": 5412.809004177986, "land_area_km2": 2.554739, "pop_density_per_km2": 2271.4649128541114, "arterial_km_per_km2": 2.1187326784372047, "log_income": 11.247865570554728, "city": "Phoenix", "crime_count_raw": 1817.5297897296909, "crime_rate_annual_per_km2_1000": 0.070003097474072726 }, "geometry": { "type": "Polygon", "coordinates": [ [ [ -112.099675, 33.553078 ], [ -112.091265, 33.552994 ], [ -112.082585, 33.552915 ], [ -112.082507, 33.54515 ], [ -112.082433, 33.538355 ], [ -112.091125, 33.5385 ], [ -112.094765, 33.538561 ], [ -112.096347, 33.538587 ], [ -112.099575, 33.538642 ], [ -112.099624, 33.545862 ], [ -112.099675, 33.553078 ] ] ] } },
{ "type": "Feature", "properties": { "STATEFP": "04", "COUNTYFP": "013", "TRACTCE": "619601", "GEOIDFQ": "1400000US04013619601", "GEOID": "04013619601", "NAME": "6196.01", "NAMELSAD": "Census Tract 6196.01", "STUSPS": "AZ", "NAMELSADCO": "Maricopa County", "STATE_NAME": "Arizona", "LSAD": "CT", "ALAND": 753064, "AWATER": 0, "centroid_lon": -111.99880766752518, "centroid_lat": 33.647280178451787, "B03002_001E": 0, "B03002_001M": 14, "B03002_012E": 0, "B03002_012M": 14, "B19013_001E": -666666666, "B19013_001M": -222222222, "B01003_001E": 0, "state": "04", "county": "013", "tract": "619601", "latino_share": null, "camera_count": 0, "arterial_road_m": 6634.9351264021088, "land_area_km2": 0.753064, "pop_density_per_km2": 0.0, "arterial_km_per_km2": 8.8105859879135231, "log_income": null, "city": "Phoenix", "crime_count_raw": 182.5419664968417, "crime_rate_annual_per_km2_1000": 0.023851357123146209 }, "geometry": { "type": "Polygon", "coordinates": [ [ [ -112.001086, 33.646805 ], [ -112.000273, 33.655195 ], [ -111.996269, 33.655243 ], [ -111.996239, 33.6516 ], [ -111.99621, 33.647948 ], [ -111.996172, 33.640699 ], [ -112.003076, 33.64064 ], [ -112.001086, 33.646805 ] ] ] } },
{ "type": "Feature", "properties": { "STATEFP": "04", "COUNTYFP": "013", "TRACTCE": "112520", "GEOIDFQ": "1400000US04013112520", "GEOID": "04013112520", "NAME": "1125.20", "NAMELSAD": "Census Tract 1125.20", "STUSPS": "AZ", "NAMELSADCO": "Maricopa County", "STATE_NAME": "Arizona", "LSAD": "CT", "ALAND": 1288087, "AWATER": 0, "centroid_lon": -112.21203992898118, "centroid_lat": 33.476670672237589, "B03002_001E": 4415, "B03002_001M": 588, "B03002_012E": 3248, "B03002_012M": 612, "B19013_001E": 80515, "B19013_001M": 15940, "B01003_001E": 4415, "state": "04", "county": "013", "tract": "112520", "latino_share": 0.73567383918459794, "camera_count": 0, "arterial_road_m": 5259.3987462890309, "land_area_km2": 1.288087, "pop_density_per_km2": 3427.5635108498109, "arterial_km_per_km2": 4.0831083197711262, "log_income": 11.296198781452096, "city": "Phoenix", "crime_count_raw": 3744.6292495213734, "crime_rate_annual_per_km2_1000": 0.28605259056155702 }, "geometry": { "type": "Polygon", "coordinates": [ [ [ -112.220634, 33.480188 ], [ -112.211917, 33.480266 ], [ -112.203269, 33.480348 ], [ -112.203323, 33.473094 ], [ -112.204653, 33.473354 ], [ -112.21194, 33.473013 ], [ -112.220728, 33.472928 ], [ -112.220634, 33.480188 ] ] ] } },
{ "type": "Feature", "properties": { "STATEFP": "04", "COUNTYFP": "013", "TRACTCE": "104204", "GEOIDFQ": "1400000US04013104204", "GEOID": "04013104204", "NAME": "1042.04", "NAMELSAD": "Census Tract 1042.04", "STUSPS": "AZ", "NAMELSADCO": "Maricopa County", "STATE_NAME": "Arizona", "LSAD": "CT", "ALAND": 1486554, "AWATER": 24980, "centroid_lon": -112.15764233450429, "centroid_lat": 33.591094836610409, "B03002_001E": 3053, "B03002_001M": 455, "B03002_012E": 1070, "B03002_012M": 369, "B19013_001E": 94075, "B19013_001M": 17685, "B01003_001E": 3053, "state": "04", "county": "013", "tract": "104204", "latino_share": 0.35047494267933182, "camera_count": 0, "arterial_road_m": 4930.0625841524707, "land_area_km2": 1.486554, "pop_density_per_km2": 2053.7430863594595, "arterial_km_per_km2": 3.3164369300761836, "log_income": 11.451847615461638, "city": "Phoenix", "crime_count_raw": 539.63832843147861, "crime_rate_annual_per_km2_1000": 0.035719416482176247 }, "geometry": { "type": "Polygon", "coordinates": [ [ [ -112.168758, 33.596355 ], [ -112.159979, 33.596336 ], [ -112.154599, 33.596341 ], [ -112.151337, 33.596343 ], [ -112.151432, 33.589135 ], [ -112.151479, 33.585591 ], [ -112.151518, 33.581922 ], [ -112.151655, 33.581922 ], [ -112.151743, 33.581922 ], [ -112.156928, 33.584366 ], [ -112.159805, 33.588081 ], [ -112.163513, 33.589861 ], [ -112.166232, 33.593014 ], [ -112.166771, 33.594709 ], [ -112.168659, 33.595264 ], [ -112.168758, 33.596355 ] ] ] } },
{ "type": "Feature", "properties": { "STATEFP": "04", "COUNTYFP": "013", "TRACTCE": "103306", "GEOIDFQ": "1400000US04013103306", "GEOID": "04013103306", "NAME": "1033.06", "NAMELSAD": "Census Tract 1033.06", "STUSPS": "AZ", "NAMELSADCO": "Maricopa County", "STATE_NAME": "Arizona", "LSAD": "CT", "ALAND": 767902, "AWATER": 0, "centroid_lon": -112.02533352214058, "centroid_lat": 33.629815974658953, "B03002_001E": 4194, "B03002_001M": 845, "B03002_012E": 2593, "B03002_012M": 900, "B19013_001E": 42817, "B19013_001M": 5907, "B01003_001E": 4194, "state": "04", "county": "013", "tract": "103306", "latino_share": 0.61826418693371488, "camera_count": 0, "arterial_road_m": 4050.90103526558, "land_area_km2": 0.767902, "pop_density_per_km2": 5461.6344273097347, "arterial_km_per_km2": 5.2752838712043726, "log_income": 10.664690498970018, "city": "Phoenix", "crime_count_raw": 1521.3638726219199, "crime_rate_annual_per_km2_1000": 0.19494385831009678 }, "geometry": { "type": "Polygon", "coordinates": [ [ [ -112.030782, 33.633195 ], [ -112.026446, 33.633202 ], [ -112.024265, 33.633227 ], [ -112.019947, 33.633382 ], [ -112.019885, 33.62633 ], [ -112.022109, 33.626324 ], [ -112.024066, 33.626905 ], [ -112.024522, 33.626561 ], [ -112.025176, 33.626317 ], [ -112.030704, 33.626281 ], [ -112.03078, 33.631886 ], [ -112.030782, 33.633195 ] ] ] } },
{ "type": "Feature", "properties": { "STATEFP": "04", "COUNTYFP": "013", "TRACTCE": "112401", "GEOIDFQ": "1400000US04013112401", "GEOID": "04013112401", "NAME": "1124.01", "NAMELSAD": "Census Tract 1124.01", "STUSPS": "AZ", "NAMELSADCO": "Maricopa County", "STATE_NAME": "Arizona", "LSAD": "CT", "ALAND": 1304314, "AWATER": 0, "centroid_lon": -112.17770057466602, "centroid_lat": 33.476881699952422, "B03002_001E": 6162, "B03002_001M": 1246, "B03002_012E": 5768, "B03002_012M": 1294, "B19013_001E": 56846, "B19013_001M": 10430, "B01003_001E": 6162, "state": "04", "county": "013", "tract": "112401", "latino_share": 0.93605972086984746, "camera_count": 0, "arterial_road_m": 4680.9593628994535, "land_area_km2": 1.304314, "pop_density_per_km2": 4724.322517430619, "arterial_km_per_km2": 3.5888285818441368, "log_income": 10.948101136105194, "city": "Phoenix", "crime_count_raw": 1864.4429380805882, "crime_rate_annual_per_km2_1000": 0.14065306401874633 }, "geometry": { "type": "Polygon", "coordinates": [ [ [ -112.186379, 33.480545 ], [ -112.177851, 33.480528 ], [ -112.16897, 33.480488 ], [ -112.168997, 33.476752 ], [ -112.169013, 33.475142 ], [ -112.169028, 33.473573 ], [ -112.169031, 33.473295 ], [ -112.169979, 33.473228 ], [ -112.177805, 33.473229 ], [ -112.186398, 33.47326 ], [ -112.186379, 33.480545 ] ] ] } },
{ "type": "Feature", "properties": { "STATEFP": "04", "COUNTYFP": "013", "TRACTCE": "619400", "GEOIDFQ": "1400000US04013619400", "GEOID": "04013619400", "NAME": "6194", "NAMELSAD": "Census Tract 6194", "STUSPS": "AZ", "NAMELSADCO": "Maricopa County", "STATE_NAME": "Arizona", "LSAD": "CT", "ALAND": 1295293, "AWATER": 0, "centroid_lon": -112.03954206572472, "centroid_lat": 33.644065551825406, "B03002_001E": 4653, "B03002_001M": 726, "B03002_012E": 1541, "B03002_012M": 562, "B19013_001E": 83400, "B19013_001M": 8388, "B01003_001E": 4653, "state": "04", "county": "013", "tract": "619400", "latino_share": 0.33118418224801205, "camera_count": 0, "arterial_road_m": 4057.1445600589777, "land_area_km2": 1.295293, "pop_density_per_km2": 3592.2374319941509, "arterial_km_per_km2": 3.1322214819805079, "log_income": 11.331403588346838, "city": "Phoenix", "crime_count_raw": 1342.8318689212319, "crime_rate_annual_per_km2_1000": 0.10200838648528082 }, "geometry": { "type": "Polygon", "coordinates": [ [ [ -112.048235, 33.647648 ], [ -112.039514, 33.647708 ], [ -112.036458, 33.647595 ], [ -112.030852, 33.647773 ], [ -112.030849, 33.640499 ], [ -112.039499, 33.640458 ], [ -112.048169, 33.64039 ], [ -112.048204, 33.644024 ], [ -112.048235, 33.647648 ] ] ] } },
{ "type": "Feature", "properties": { "STATEFP": "04", "COUNTYFP": "013", "TRACTCE": "103215", "GEOIDFQ": "1400000US04013103215", "GEOID": "04013103215", "NAME": "1032.15", "NAMELSAD": "Census Tract 1032.15", "STUSPS": "AZ", "NAMELSADCO": "Maricopa County", "STATE_NAME": "Arizona", "LSAD": "CT", "ALAND": 2710637, "AWATER": 0, "centroid_lon": -111.98692498631546, "centroid_lat": 33.633459098604739, "B03002_001E": 3064, "B03002_001M": 346, "B03002_012E": 340, "B03002_012M": 210, "B19013_001E": 146154, "B19013_001M": 25496, "B01003_001E": 3064, "state": "04", "county": "013", "tract": "103215", "latino_share": 0.11096605744125326, "camera_count": 0, "arterial_road_m": 7656.1872777002827, "land_area_km2": 2.710637, "pop_density_per_km2": 1130.3616087288706, "arterial_km_per_km2": 2.8244974438481738, "log_income": 11.892416139306157, "city": "Phoenix", "crime_count_raw": 855.44379433655411, "crime_rate_annual_per_km2_1000": 0.031052915039434026 }, "geometry": { "type": "Polygon", "coordinates": [ [ [ -111.996172, 33.640699 ], [ -111.986511, 33.640631 ], [ -111.977573, 33.640577 ], [ -111.977769, 33.639667 ], [ -111.977784, 33.636658 ], [ -111.977789, 33.633375 ], [ -111.977807, 33.626103 ], [ -111.986535, 33.626249 ], [ -111.99604, 33.626408 ], [ -111.996106, 33.633434 ], [ -111.996172, 33.640699 ] ] ] } },
{ "type": "Feature", "properties": { "STATEFP": "04", "COUNTYFP": "013", "TRACTCE": "108501", "GEOIDFQ": "1400000US04013108501", "GEOID": "04013108501", "NAME": "1085.01", "NAMELSAD": "Census Tract 1085.01", "STUSPS": "AZ", "NAMELSADCO": "Maricopa County", "STATE_NAME": "Arizona", "LSAD": "CT", "ALAND": 1295691, "AWATER": 0, "centroid_lon": -112.04322481540977, "centroid_lat": 33.501980420844582, "B03002_001E": 2723, "B03002_001M": 691, "B03002_012E": 1321, "B03002_012M": 693, "B19013_001E": 72750, "B19013_001M": 13489, "B01003_001E": 2723, "state": "04", "county": "013", "tract": "108501", "latino_share": 0.48512669849430773, "camera_count": 0, "arterial_road_m": 10169.917438721173, "land_area_km2": 1.295691, "pop_density_per_km2": 2101.5813183853252, "arterial_km_per_km2": 7.8490299297603929, "log_income": 11.19478418503374, "city": "Phoenix", "crime_count_raw": 3276.236922262271, "crime_rate_annual_per_km2_1000": 0.24880328797203113 }, "geometry": { "type": "Polygon", "coordinates": [ [ [ -112.047551, 33.503769 ], [ -112.047516, 33.509213 ], [ -112.045858, 33.509231 ], [ -112.044277, 33.5092 ], [ -112.038862, 33.50925 ], [ -112.038881, 33.502012 ], [ -112.03889, 33.498387 ], [ -112.0389, 33.494783 ], [ -112.04376, 33.494757 ], [ -112.047618, 33.494722 ], [ -112.047551, 33.503769 ] ] ] } },
{ "type": "Feature", "properties": { "STATEFP": "04", "COUNTYFP": "013", "TRACTCE": "108901", "GEOIDFQ": "1400000US04013108901", "GEOID": "04013108901", "NAME": "1089.01", "NAMELSAD": "Census Tract 1089.01", "STUSPS": "AZ", "NAMELSADCO": "Maricopa County", "STATE_NAME": "Arizona", "LSAD": "CT", "ALAND": 1036962, "AWATER": 10453, "centroid_lon": -112.09082222495577, "centroid_lat": 33.498091070486062, "B03002_001E": 2518, "B03002_001M": 503, "B03002_012E": 749, "B03002_012M": 200, "B19013_001E": 69583, "B19013_001M": 13595, "B01003_001E": 2518, "state": "04", "county": "013", "tract": "108901", "latino_share": 0.29745830023828435, "camera_count": 0, "arterial_road_m": 1183.8671614293512, "land_area_km2": 1.036962, "pop_density_per_km2": 2428.2471295958771, "arterial_km_per_km2": 1.1416687992707073, "log_income": 11.150275563614356, "city": "Phoenix", "crime_count_raw": 1486.1841828770916, "crime_rate_annual_per_km2_1000": 0.14102368222543316 }, "geometry": { "type": "Polygon", "coordinates": [ [ [ -112.099896, 33.499464 ], [ -112.096527, 33.500754 ], [ -112.0913, 33.500529 ], [ -112.087894, 33.501179 ], [ -112.08244, 33.502967 ], [ -112.082549, 33.500072 ], [ -112.08277, 33.499388 ], [ -112.083392, 33.498025 ], [ -112.083455, 33.494898 ], [ -112.091312, 33.494971 ], [ -112.099898, 33.49505 ], [ -112.099896, 33.499464 ] ] ] } },
{ "type": "Feature", "properties": { "STATEFP": "04", "COUNTYFP": "013", "TRACTCE": "106400", "GEOIDFQ": "1400000US04013106400", "GEOID": "04013106400", "NAME": "1064", "NAMELSAD": "Census Tract 1064", "STUSPS": "AZ", "NAMELSADCO": "Maricopa County", "STATE_NAME": "Arizona", "LSAD": "CT", "ALAND": 2493576, "AWATER": 96080, "centroid_lon": -112.0387023527183, "centroid_lat": 33.530866146432487, "B03002_001E": 3253, "B03002_001M": 425, "B03002_012E": 357, "B03002_012M": 188, "B19013_001E": 90146, "B19013_001M": 19275, "B01003_001E": 3253, "state": "04", "county": "013", "tract": "106400", "latino_share": 0.10974485090685521, "camera_count": 0, "arterial_road_m": 12161.577076821952, "land_area_km2": 2.493576, "pop_density_per_km2": 1304.5521772747252, "arterial_km_per_km2": 4.8771631892599032, "log_income": 11.409185857153442, "city": "Phoenix", "crime_count_raw": 740.64183934613845, "crime_rate_annual_per_km2_1000": 0.029225899714706162 }, "geometry": { "type": "Polygon", "coordinates": [ [ [ -112.047496, 33.530972 ], [ -112.047475, 33.538252 ], [ -112.041675, 33.538344 ], [ -112.035064, 33.538218 ], [ -112.032478, 33.536723 ], [ -112.030565, 33.533481 ], [ -112.026312, 33.531418 ], [ -112.026838, 33.530712 ], [ -112.028835, 33.528976 ], [ -112.029791, 33.527324 ], [ -112.029978, 33.523763 ], [ -112.034044, 33.52465 ], [ -112.038905, 33.523798 ], [ -112.043093, 33.52371 ], [ -112.043853, 33.523756 ], [ -112.047476, 33.523724 ], [ -112.047489, 33.527341 ], [ -112.047496, 33.530972 ] ] ] } },
{ "type": "Feature", "properties": { "STATEFP": "04", "COUNTYFP": "013", "TRACTCE": "114301", "GEOIDFQ": "1400000US04013114301", "GEOID": "04013114301", "NAME": "1143.01", "NAMELSAD": "Census Tract 1143.01", "STUSPS": "AZ", "NAMELSADCO": "Maricopa County", "STATE_NAME": "Arizona", "LSAD": "CT", "ALAND": 1327769, "AWATER": 0, "centroid_lon": -112.09126428696965, "centroid_lat": 33.447668859015259, "B03002_001E": 911, "B03002_001M": 471, "B03002_012E": 503, "B03002_012M": 480, "B19013_001E": 50457, "B19013_001M": 25891, "B01003_001E": 911, "state": "04", "county": "013", "tract": "114301", "latino_share": 0.55214050493962674, "camera_count": 0, "arterial_road_m": 7608.5353960760076, "land_area_km2": 1.327769, "pop_density_per_km2": 686.11332242280093, "arterial_km_per_km2": 5.730315586578695, "log_income": 10.828876767395542, "city": "Phoenix", "crime_count_raw": 2721.1959954146209, "crime_rate_annual_per_km2_1000": 0.20165990370009182 }, "geometry": { "type": "Polygon", "coordinates": [ [ [ -112.100066, 33.451254 ], [ -112.091334, 33.451361 ], [ -112.082557, 33.451428 ], [ -112.082478, 33.443922 ], [ -112.091378, 33.444066 ], [ -112.100061, 33.443913 ], [ -112.100063, 33.444088 ], [ -112.10009, 33.446998 ], [ -112.100066, 33.451254 ] ] ] } },
{ "type": "Feature", "properties": { "STATEFP": "04", "COUNTYFP": "013", "TRACTCE": "107201", "GEOIDFQ": "1400000US04013107201", "GEOID": "04013107201", "NAME": "1072.01", "NAMELSAD": "Census Tract 1072.01", "STUSPS": "AZ", "NAMELSADCO": "Maricopa County", "STATE_NAME": "Arizona", "LSAD": "CT", "ALAND": 1298213, "AWATER": 0, "centroid_lon": -112.12557744100343, "centroid_lat": 33.513101782153498, "B03002_001E": 4879, "B03002_001M": 434, "B03002_012E": 1575, "B03002_012M": 392, "B19013_001E": 29615, "B19013_001M": 23521, "B01003_001E": 4879, "state": "04", "county": "013", "tract": "107201", "latino_share": 0.32281205164992827, "camera_count": 0, "arterial_road_m": 3177.6262988769095, "land_area_km2": 1.298213, "pop_density_per_km2": 3758.2430618088092, "arterial_km_per_km2": 2.4476925580601252, "log_income": 10.296036268711065, "city": "Phoenix", "crime_count_raw": 1245.9689599242215, "crime_rate_annual_per_km2_1000": 0.094437292286656135 }, "geometry": { "type": "Polygon", "coordinates": [ [ [ -112.134227, 33.51673 ], [ -112.125585, 33.516731 ], [ -112.124496, 33.516778 ], [ -112.116947, 33.516784 ], [ -112.116987, 33.509459 ], [ -112.121298, 33.509445 ], [ -112.134196, 33.509438 ], [ -112.134227, 33.51673 ] ] ] } },
{ "type": "Feature", "properties": { "STATEFP": "04", "COUNTYFP": "013", "TRACTCE": "109702", "GEOIDFQ": "1400000US04013109702", "GEOID": "04013109702", "NAME": "1097.02", "NAMELSAD": "Census Tract 1097.02", "STUSPS": "AZ", "NAMELSADCO": "Maricopa County", "STATE_NAME": "Arizona", "LSAD": "CT", "ALAND": 1405622, "AWATER": 0, "centroid_lon": -112.23305869955171, "centroid_lat": 33.486944853170733, "B03002_001E": 5571, "B03002_001M": 913, "B03002_012E": 4171, "B03002_012M": 826, "B19013_001E": 58523, "B19013_001M": 20029, "B01003_001E": 5571, "state": "04", "county": "013", "tract": "109702", "latino_share": 0.74869861784239811, "camera_count": 0, "arterial_road_m": 3655.0460266627533, "land_area_km2": 1.405622, "pop_density_per_km2": 3963.3699529460982, "arterial_km_per_km2": 2.6003050796464153, "log_income": 10.977175118345029, "city": "Phoenix", "crime_count_raw": 1837.9144420231958, "crime_rate_annual_per_km2_1000": 0.12865865340376118 }, "geometry": { "type": "Polygon", "coordinates": [ [ [ -112.237777, 33.48706 ], [ -112.237779, 33.488915 ], [ -112.237751, 33.494284 ], [ -112.229589, 33.494483 ], [ -112.228707, 33.494504 ], [ -112.22869, 33.490757 ], [ -112.228683, 33.487265 ], [ -112.228639, 33.483534 ], [ -112.227631, 33.482672 ], [ -112.22724, 33.482286 ], [ -112.227036, 33.480055 ], [ -112.229159, 33.479968 ], [ -112.231276, 33.479925 ], [ -112.237824, 33.47981 ], [ -112.237777, 33.48706 ] ] ] } },
{ "type": "Feature", "properties": { "STATEFP": "04", "COUNTYFP": "013", "TRACTCE": "109401", "GEOIDFQ": "1400000US04013109401", "GEOID": "04013109401", "NAME": "1094.01", "NAMELSAD": "Census Tract 1094.01", "STUSPS": "AZ", "NAMELSADCO": "Maricopa County", "STATE_NAME": "Arizona", "LSAD": "CT", "ALAND": 1300671, "AWATER": 0, "centroid_lon": -112.17764699173576, "centroid_lat": 33.498618812659302, "B03002_001E": 3224, "B03002_001M": 852, "B03002_012E": 2177, "B03002_012M": 882, "B19013_001E": 41265, "B19013_001M": 9656, "B01003_001E": 3224, "state": "04", "county": "013", "tract": "109401", "latino_share": 0.67524813895781632, "camera_count": 0, "arterial_road_m": 5235.1989084106208, "land_area_km2": 1.300671, "pop_density_per_km2": 2478.7205988293736, "arterial_km_per_km2": 4.0249985649027478, "log_income": 10.627769962026784, "city": "Phoenix", "crime_count_raw": 3088.8358656240325, "crime_rate_annual_per_km2_1000": 0.23367359021821013 }, "geometry": { "type": "Polygon", "coordinates": [ [ [ -112.186446, 33.49868 ], [ -112.186404, 33.50226 ], [ -112.177611, 33.502204 ], [ -112.173219, 33.502172 ], [ -112.168806, 33.502145 ], [ -112.168874, 33.49498 ], [ -112.175098, 33.495033 ], [ -112.177652, 33.495033 ], [ -112.186471, 33.495077 ], [ -112.186446, 33.49868 ] ] ] } },
{ "type": "Feature", "properties": { "STATEFP": "04", "COUNTYFP": "013", "TRACTCE": "114704", "GEOIDFQ": "1400000US04013114704", "GEOID": "04013114704", "NAME": "1147.04", "NAMELSAD": "Census Tract 1147.04", "STUSPS": "AZ", "NAMELSADCO": "Maricopa County", "STATE_NAME": "Arizona", "LSAD": "CT", "ALAND": 1296138, "AWATER": 0, "centroid_lon": -112.12591761256655, "centroid_lat": 33.433232193912346, "B03002_001E": 2019, "B03002_001M": 303, "B03002_012E": 1501, "B03002_012M": 308, "B19013_001E": 34034, "B19013_001M": 14203, "B01003_001E": 2019, "state": "04", "county": "013", "tract": "114704", "latino_share": 0.74343734522040616, "camera_count": 0, "arterial_road_m": 2408.1249184698468, "land_area_km2": 1.296138, "pop_density_per_km2": 1557.7045036871075, "arterial_km_per_km2": 1.8579232446466709, "log_income": 10.435115303931381, "city": "Phoenix", "crime_count_raw": 658.92872285611872, "crime_rate_annual_per_km2_1000": 0.050022967606291747 }, "geometry": { "type": "Polygon", "coordinates": [ [ [ -112.134629, 33.43689 ], [ -112.117296, 33.436813 ], [ -112.117218, 33.429558 ], [ -112.134553, 33.429667 ], [ -112.134629, 33.43689 ] ] ] } },
{ "type": "Feature", "properties": { "STATEFP": "04", "COUNTYFP": "013", "TRACTCE": "104801", "GEOIDFQ": "1400000US04013104801", "GEOID": "04013104801", "NAME": "1048.01", "NAMELSAD": "Census Tract 1048.01", "STUSPS": "AZ", "NAMELSADCO": "Maricopa County", "STATE_NAME": "Arizona", "LSAD": "CT", "ALAND": 6027649, "AWATER": 0, "centroid_lon": -112.03385339796507, "centroid_lat": 33.578837182782728, "B03002_001E": 3983, "B03002_001M": 890, "B03002_012E": 661, "B03002_012M": 274, "B19013_001E": 138636, "B19013_001M": 25983, "B01003_001E": 3983, "state": "04", "county": "013", "tract": "104801", "latino_share": 0.1659553100677881, "camera_count": 0, "arterial_road_m": 9589.2705551223899, "land_area_km2": 6.027649, "pop_density_per_km2": 660.78831066639748, "arterial_km_per_km2": 1.5908807157023226, "log_income": 11.839607072271018, "city": "Phoenix", "crime_count_raw": 714.70192822372519, "crime_rate_annual_per_km2_1000": 0.011667001566328239 }, "geometry": { "type": "Polygon", "coordinates": [ [ [ -112.04996, 33.585048 ], [ -112.047729, 33.588673 ], [ -112.044116, 33.590546 ], [ -112.042017, 33.593042 ], [ -112.039018, 33.595655 ], [ -112.034871, 33.595854 ], [ -112.034867, 33.590751 ], [ -112.032678, 33.590756 ], [ -112.032678, 33.589488 ], [ -112.032687, 33.586952 ], [ -112.034859, 33.587271 ], [ -112.03486, 33.585736 ], [ -112.037021, 33.58574 ], [ -112.038068, 33.582235 ], [ -112.030544, 33.582224 ], [ -112.021785, 33.58235 ], [ -112.013104, 33.582486 ], [ -112.010054, 33.582524 ], [ -112.010788, 33.579618 ], [ -112.012992, 33.576781 ], [ -112.0152, 33.575293 ], [ -112.023024, 33.572331 ], [ -112.024609, 33.571301 ], [ -112.028318, 33.567802 ], [ -112.036122, 33.563611 ], [ -112.037566, 33.564867 ], [ -112.037194, 33.567111 ], [ -112.038522, 33.569055 ], [ -112.04485, 33.570025 ], [ -112.048052, 33.571255 ], [ -112.047901, 33.574793 ], [ -112.047871, 33.576668 ], [ -112.047805, 33.5822 ], [ -112.048476, 33.582265 ], [ -112.048473, 33.58442 ], [ -112.04996, 33.585048 ] ] ] } },
{ "type": "Feature", "properties": { "STATEFP": "04", "COUNTYFP": "013", "TRACTCE": "105300", "GEOIDFQ": "1400000US04013105300", "GEOID": "04013105300", "NAME": "1053", "NAMELSAD": "Census Tract 1053", "STUSPS": "AZ", "NAMELSADCO": "Maricopa County", "STATE_NAME": "Arizona", "LSAD": "CT", "ALAND": 2628235, "AWATER": 26003, "centroid_lon": -112.07385747741823, "centroid_lat": 33.560261202853759, "B03002_001E": 4683, "B03002_001M": 823, "B03002_012E": 1761, "B03002_012M": 792, "B19013_001E": 90054, "B19013_001M": 40380, "B01003_001E": 4683, "state": "04", "county": "013", "tract": "105300", "latino_share": 0.37604099935938501, "camera_count": 0, "arterial_road_m": 7426.4882568805333, "land_area_km2": 2.628235, "pop_density_per_km2": 1781.8041385188158, "arterial_km_per_km2": 2.8256560988193726, "log_income": 11.408164769384369, "city": "Phoenix", "crime_count_raw": 1743.3486679814032, "crime_rate_annual_per_km2_1000": 0.065268302372686715 }, "geometry": { "type": "Polygon", "coordinates": [ [ [ -112.082572, 33.556149 ], [ -112.082521, 33.567554 ], [ -112.080036, 33.567603 ], [ -112.073874, 33.567743 ], [ -112.065895, 33.56781 ], [ -112.065224, 33.56798 ], [ -112.065227, 33.567767 ], [ -112.065281, 33.560515 ], [ -112.06526, 33.557413 ], [ -112.065222, 33.552725 ], [ -112.073888, 33.552813 ], [ -112.082585, 33.552915 ], [ -112.082572, 33.556149 ] ] ] } },
{ "type": "Feature", "properties": { "STATEFP": "04", "COUNTYFP": "013", "TRACTCE": "107101", "GEOIDFQ": "1400000US04013107101", "GEOID": "04013107101", "NAME": "1071.01", "NAMELSAD": "Census Tract 1071.01", "STUSPS": "AZ", "NAMELSADCO": "Maricopa County", "STATE_NAME": "Arizona", "LSAD": "CT", "ALAND": 1252311, "AWATER": 0, "centroid_lon": -112.1427717581046, "centroid_lat": 33.520481510638078, "B03002_001E": 4950, "B03002_001M": 1072, "B03002_012E": 4135, "B03002_012M": 1039, "B19013_001E": 90117, "B19013_001M": 17183, "B01003_001E": 4950, "state": "04", "county": "013", "tract": "107101", "latino_share": 0.8353535353535354, "camera_count": 0, "arterial_road_m": 3905.7633820489705, "land_area_km2": 1.252311, "pop_density_per_km2": 3952.692262545007, "arterial_km_per_km2": 3.1188445857690068, "log_income": 11.408864105044023, "city": "Phoenix", "crime_count_raw": 1311.293151667576, "crime_rate_annual_per_km2_1000": 0.10303146018782333 }, "geometry": { "type": "Polygon", "coordinates": [ [ [ -112.151645, 33.520303 ], [ -112.15163, 33.523918 ], [ -112.14288, 33.523946 ], [ -112.134255, 33.523966 ], [ -112.134227, 33.51673 ], [ -112.138546, 33.516733 ], [ -112.142848, 33.517099 ], [ -112.151525, 33.517372 ], [ -112.151662, 33.516692 ], [ -112.151645, 33.520303 ] ] ] } },
{ "type": "Feature", "properties": { "STATEFP": "04", "COUNTYFP": "013", "TRACTCE": "116205", "GEOIDFQ": "1400000US04013116205", "GEOID": "04013116205", "NAME": "1162.05", "NAMELSAD": "Census Tract 1162.05", "STUSPS": "AZ", "NAMELSADCO": "Maricopa County", "STATE_NAME": "Arizona", "LSAD": "CT", "ALAND": 1155445, "AWATER": 0, "centroid_lon": -111.98616566428144, "centroid_lat": 33.381429631287261, "B03002_001E": 3765, "B03002_001M": 562, "B03002_012E": 1925, "B03002_012M": 378, "B19013_001E": 60951, "B19013_001M": 7390, "B01003_001E": 3765, "state": "04", "county": "013", "tract": "116205", "latino_share": 0.51128818061088976, "camera_count": 0, "arterial_road_m": 4015.6212309880366, "land_area_km2": 1.155445, "pop_density_per_km2": 3258.4848261925058, "arterial_km_per_km2": 3.4753893357001302, "log_income": 11.01782554166572, "city": "Phoenix", "crime_count_raw": 1342.6396535555691, "crime_rate_annual_per_km2_1000": 0.11433848908684095 }, "geometry": { "type": "Polygon", "coordinates": [ [ [ -111.995553, 33.382935 ], [ -111.993196, 33.383904 ], [ -111.988916, 33.383674 ], [ -111.985687, 33.384459 ], [ -111.983098, 33.385492 ], [ -111.978246, 33.386425 ], [ -111.97818, 33.378186 ], [ -111.98279, 33.378157 ], [ -111.986977, 33.378131 ], [ -111.99556, 33.378076 ], [ -111.995553, 33.382935 ] ] ] } },
{ "type": "Feature", "properties": { "STATEFP": "04", "COUNTYFP": "013", "TRACTCE": "103614", "GEOIDFQ": "1400000US04013103614", "GEOID": "04013103614", "NAME": "1036.14", "NAMELSAD": "Census Tract 1036.14", "STUSPS": "AZ", "NAMELSADCO": "Maricopa County", "STATE_NAME": "Arizona", "LSAD": "CT", "ALAND": 2071503, "AWATER": 0, "centroid_lon": -112.08509649249122, "centroid_lat": 33.605394984697057, "B03002_001E": 3032, "B03002_001M": 345, "B03002_012E": 374, "B03002_012M": 168, "B19013_001E": 100688, "B19013_001M": 33028, "B01003_001E": 3032, "state": "04", "county": "013", "tract": "103614", "latino_share": 0.12335092348284961, "camera_count": 0, "arterial_road_m": 3848.0461259347603, "land_area_km2": 2.071503, "pop_density_per_km2": 1463.6715466982187, "arterial_km_per_km2": 1.8576106942325261, "log_income": 11.519781905766715, "city": "Phoenix", "crime_count_raw": 575.74247471647413, "crime_rate_annual_per_km2_1000": 0.027347961552214726 }, "geometry": { "type": "Polygon", "coordinates": [ [ [ -112.099617, 33.603786 ], [ -112.099637, 33.611092 ], [ -112.095644, 33.61096 ], [ -112.089997, 33.608337 ], [ -112.085379, 33.607529 ], [ -112.084031, 33.607536 ], [ -112.074506, 33.607589 ], [ -112.065123, 33.607633 ], [ -112.065124, 33.605275 ], [ -112.068497, 33.60529 ], [ -112.068651, 33.603296 ], [ -112.07088, 33.600472 ], [ -112.07336, 33.600917 ], [ -112.075184, 33.603287 ], [ -112.082639, 33.603929 ], [ -112.083475, 33.602107 ], [ -112.091377, 33.602078 ], [ -112.091372, 33.600239 ], [ -112.095687, 33.600212 ], [ -112.095665, 33.602116 ], [ -112.097389, 33.603683 ], [ -112.099655, 33.602308 ], [ -112.099617, 33.603786 ] ] ] } },
{ "type": "Feature", "properties": { "STATEFP": "04", "COUNTYFP": "013", "TRACTCE": "104219", "GEOIDFQ": "1400000US04013104219", "GEOID": "04013104219", "NAME": "1042.19", "NAMELSAD": "Census Tract 1042.19", "STUSPS": "AZ", "NAMELSADCO": "Maricopa County", "STATE_NAME": "Arizona", "LSAD": "CT", "ALAND": 2574890, "AWATER": 0, "centroid_lon": -112.15996878557422, "centroid_lat": 33.603531448832996, "B03002_001E": 4232, "B03002_001M": 1026, "B03002_012E": 981, "B03002_012M": 295, "B19013_001E": 76458, "B19013_001M": 20641, "B01003_001E": 4232, "state": "04", "county": "013", "tract": "104219", "latino_share": 0.23180529300567107, "camera_count": 0, "arterial_road_m": 7585.7186842885412, "land_area_km2": 2.57489, "pop_density_per_km2": 1643.5653561899733, "arterial_km_per_km2": 2.9460360187380981, "log_income": 11.244496849440335, "city": "Phoenix", "crime_count_raw": 713.02220903272041, "crime_rate_annual_per_km2_1000": 0.027247498278759868 }, "geometry": { "type": "Polygon", "coordinates": [ [ [ -112.168658, 33.603547 ], [ -112.16858, 33.610732 ], [ -112.164167, 33.610722 ], [ -112.151174, 33.610727 ], [ -112.151256, 33.607116 ], [ -112.151283, 33.603545 ], [ -112.151337, 33.596343 ], [ -112.154599, 33.596341 ], [ -112.159979, 33.596336 ], [ -112.168758, 33.596355 ], [ -112.168658, 33.603547 ] ] ] } },
{ "type": "Feature", "properties": { "STATEFP": "04", "COUNTYFP": "013", "TRACTCE": "103604", "GEOIDFQ": "1400000US04013103604", "GEOID": "04013103604", "NAME": "1036.04", "NAMELSAD": "Census Tract 1036.04", "STUSPS": "AZ", "NAMELSADCO": "Maricopa County", "STATE_NAME": "Arizona", "LSAD": "CT", "ALAND": 3093946, "AWATER": 9689, "centroid_lon": -112.08697908563923, "centroid_lat": 33.634847951467307, "B03002_001E": 4238, "B03002_001M": 660, "B03002_012E": 1235, "B03002_012M": 511, "B19013_001E": 82750, "B19013_001M": 28482, "B01003_001E": 4238, "state": "04", "county": "013", "tract": "103604", "latino_share": 0.29141104294478526, "camera_count": 0, "arterial_road_m": 12504.135947300236, "land_area_km2": 3.093946, "pop_density_per_km2": 1369.7718059720501, "arterial_km_per_km2": 4.0414848699040764, "log_income": 11.323579293239309, "city": "Phoenix", "crime_count_raw": 6021.0625435264401, "crime_rate_annual_per_km2_1000": 0.19148848625843592 }, "geometry": { "type": "Polygon", "coordinates": [ [ [ -112.099691, 33.640134 ], [ -112.095752, 33.640156 ], [ -112.091434, 33.640173 ], [ -112.087105, 33.640198 ], [ -112.082838, 33.640211 ], [ -112.07848, 33.640229 ], [ -112.074161, 33.640258 ], [ -112.065512, 33.640294 ], [ -112.065501, 33.6376 ], [ -112.068856, 33.637138 ], [ -112.075569, 33.633409 ], [ -112.0768, 33.633092 ], [ -112.07846, 33.632962 ], [ -112.083997, 33.632862 ], [ -112.086299, 33.631722 ], [ -112.08803, 33.628286 ], [ -112.088893, 33.627394 ], [ -112.089974, 33.626802 ], [ -112.093393, 33.626144 ], [ -112.096584, 33.625639 ], [ -112.099689, 33.625609 ], [ -112.099691, 33.640134 ] ] ] } },
{ "type": "Feature", "properties": { "STATEFP": "04", "COUNTYFP": "013", "TRACTCE": "104502", "GEOIDFQ": "1400000US04013104502", "GEOID": "04013104502", "NAME": "1045.02", "NAMELSAD": "Census Tract 1045.02", "STUSPS": "AZ", "NAMELSADCO": "Maricopa County", "STATE_NAME": "Arizona", "LSAD": "CT", "ALAND": 1342083, "AWATER": 0, "centroid_lon": -112.09066301177074, "centroid_lat": 33.578291610957208, "B03002_001E": 5456, "B03002_001M": 1037, "B03002_012E": 2758, "B03002_012M": 598, "B19013_001E": 56169, "B19013_001M": 17022, "B01003_001E": 5456, "state": "04", "county": "013", "tract": "104502", "latino_share": 0.50549853372434017, "camera_count": 0, "arterial_road_m": 2613.610540809028, "land_area_km2": 1.342083, "pop_density_per_km2": 4065.3223384842818, "arterial_km_per_km2": 1.947428393630668, "log_income": 10.936120282270263, "city": "Phoenix", "crime_count_raw": 1741.7415095494705, "crime_rate_annual_per_km2_1000": 0.12769873172730442 }, "geometry": { "type": "Polygon", "coordinates": [ [ [ -112.099633, 33.582108 ], [ -112.091259, 33.582061 ], [ -112.086889, 33.582154 ], [ -112.082857, 33.582243 ], [ -112.082533, 33.581901 ], [ -112.08254, 33.578582 ], [ -112.082546, 33.576558 ], [ -112.081176, 33.574483 ], [ -112.082487, 33.572927 ], [ -112.084711, 33.573093 ], [ -112.084723, 33.574942 ], [ -112.091226, 33.574904 ], [ -112.099639, 33.574874 ], [ -112.099633, 33.582108 ] ] ] } },
{ "type": "Feature", "properties": { "STATEFP": "04", "COUNTYFP": "013", "TRACTCE": "103210", "GEOIDFQ": "1400000US04013103210", "GEOID": "04013103210", "NAME": "1032.10", "NAMELSAD": "Census Tract 1032.10", "STUSPS": "AZ", "NAMELSADCO": "Maricopa County", "STATE_NAME": "Arizona", "LSAD": "CT", "ALAND": 2335896, "AWATER": 0, "centroid_lon": -111.98740386278554, "centroid_lat": 33.605336295485685, "B03002_001E": 7951, "B03002_001M": 966, "B03002_012E": 1421, "B03002_012M": 481, "B19013_001E": 76329, "B19013_001M": 8679, "B01003_001E": 7951, "state": "04", "county": "013", "tract": "103210", "latino_share": 0.17871965790466607, "camera_count": 1, "arterial_road_m": 12254.398139221517, "land_area_km2": 2.335896, "pop_density_per_km2": 3403.8330473616975, "arterial_km_per_km2": 5.2461231746710979, "log_income": 11.242808223697919, "city": "Phoenix", "crime_count_raw": 2461.3137000951638, "crime_rate_annual_per_km2_1000": 0.10368017537578306 }, "geometry": { "type": "Polygon", "coordinates": [ [ [ -111.995921, 33.611878 ], [ -111.99227, 33.611812 ], [ -111.989194, 33.611757 ], [ -111.98657, 33.611708 ], [ -111.982239, 33.611627 ], [ -111.977889, 33.61156 ], [ -111.977884, 33.604983 ], [ -111.978, 33.603998 ], [ -111.9804, 33.598681 ], [ -111.983522, 33.599668 ], [ -111.986522, 33.599767 ], [ -111.987797, 33.599522 ], [ -111.99318, 33.597343 ], [ -111.995084, 33.597124 ], [ -111.995812, 33.597124 ], [ -111.995828, 33.598819 ], [ -111.99584, 33.599981 ], [ -111.995909, 33.60945 ], [ -111.995921, 33.611878 ] ] ] } },
{ "type": "Feature", "properties": { "STATEFP": "04", "COUNTYFP": "013", "TRACTCE": "108000", "GEOIDFQ": "1400000US04013108000", "GEOID": "04013108000", "NAME": "1080", "NAMELSAD": "Census Tract 1080", "STUSPS": "AZ", "NAMELSADCO": "Maricopa County", "STATE_NAME": "Arizona", "LSAD": "CT", "ALAND": 3793388, "AWATER": 16550, "centroid_lon": -111.95935151121006, "centroid_lat": 33.496764796540944, "B03002_001E": 3129, "B03002_001M": 352, "B03002_012E": 111, "B03002_012M": 68, "B19013_001E": 250001, "B19013_001M": -333333333, "B01003_001E": 3129, "state": "04", "county": "013", "tract": "108000", "latino_share": 0.035474592521572389, "camera_count": 0, "arterial_road_m": 8407.5586877669011, "land_area_km2": 3.793388, "pop_density_per_km2": 824.85630259809955, "arterial_km_per_km2": 2.2163719313096633, "log_income": 12.429220196836383, "city": "Phoenix", "crime_count_raw": 440.45313836804667, "crime_rate_annual_per_km2_1000": 0.011424960305827857 }, "geometry": { "type": "Polygon", "coordinates": [ [ [ -111.97683, 33.496738 ], [ -111.972397, 33.505979 ], [ -111.965045, 33.501927 ], [ -111.960694, 33.501848 ], [ -111.943298, 33.502034 ], [ -111.943292, 33.490748 ], [ -111.948514, 33.49024 ], [ -111.951967, 33.490718 ], [ -111.95708, 33.491619 ], [ -111.959134, 33.489741 ], [ -111.960822, 33.489128 ], [ -111.963644, 33.489632 ], [ -111.970747, 33.492637 ], [ -111.977255, 33.496319 ], [ -111.97683, 33.496738 ] ] ] } },
{ "type": "Feature", "properties": { "STATEFP": "04", "COUNTYFP": "013", "TRACTCE": "115900", "GEOIDFQ": "1400000US04013115900", "GEOID": "04013115900", "NAME": "1159", "NAMELSAD": "Census Tract 1159", "STUSPS": "AZ", "NAMELSADCO": "Maricopa County", "STATE_NAME": "Arizona", "LSAD": "CT", "ALAND": 2569302, "AWATER": 0, "centroid_lon": -112.05597575212926, "centroid_lat": 33.399576439559596, "B03002_001E": 5849, "B03002_001M": 952, "B03002_012E": 4352, "B03002_012M": 901, "B19013_001E": 60324, "B19013_001M": 4007, "B01003_001E": 5849, "state": "04", "county": "013", "tract": "115900", "latino_share": 0.74405881347238845, "camera_count": 0, "arterial_road_m": 3631.153324323549, "land_area_km2": 2.569302, "pop_density_per_km2": 2276.4937714601087, "arterial_km_per_km2": 1.4132839675225213, "log_income": 11.007485313480576, "city": "Phoenix", "crime_count_raw": 2496.7159234889182, "crime_rate_annual_per_km2_1000": 0.095617246520407873 }, "geometry": { "type": "Polygon", "coordinates": [ [ [ -112.06462, 33.399586 ], [ -112.064568, 33.406712 ], [ -112.047134, 33.406785 ], [ -112.047246, 33.399638 ], [ -112.047366, 33.392764 ], [ -112.055356, 33.39228 ], [ -112.056027, 33.392279 ], [ -112.064674, 33.392265 ], [ -112.06462, 33.399586 ] ] ] } },
{ "type": "Feature", "properties": { "STATEFP": "04", "COUNTYFP": "013", "TRACTCE": "111000", "GEOIDFQ": "1400000US04013111000", "GEOID": "04013111000", "NAME": "1110", "NAMELSAD": "Census Tract 1110", "STUSPS": "AZ", "NAMELSADCO": "Maricopa County", "STATE_NAME": "Arizona", "LSAD": "CT", "ALAND": 2624350, "AWATER": 0, "centroid_lon": -111.98680318485756, "centroid_lat": 33.487543063329817, "B03002_001E": 4593, "B03002_001M": 862, "B03002_012E": 669, "B03002_012M": 293, "B19013_001E": 105336, "B19013_001M": 29385, "B01003_001E": 4593, "state": "04", "county": "013", "tract": "111000", "latino_share": 0.14565643370346179, "camera_count": 0, "arterial_road_m": 8745.1686679906161, "land_area_km2": 2.62435, "pop_density_per_km2": 1750.1476556099603, "arterial_km_per_km2": 3.3323179713036044, "log_income": 11.564910520036179, "city": "Phoenix", "crime_count_raw": 1509.7002356958405, "crime_rate_annual_per_km2_1000": 0.056604534740283971 }, "geometry": { "type": "Polygon", "coordinates": [ [ [ -111.9955, 33.487777 ], [ -111.995454, 33.491458 ], [ -111.995439, 33.495123 ], [ -111.990541, 33.494982 ], [ -111.986914, 33.494881 ], [ -111.978217, 33.494621 ], [ -111.978004, 33.48372 ], [ -111.97803, 33.480099 ], [ -111.982564, 33.480173 ], [ -111.986995, 33.480255 ], [ -111.99551, 33.480421 ], [ -111.9955, 33.487777 ] ] ] } },
{ "type": "Feature", "properties": { "STATEFP": "04", "COUNTYFP": "013", "TRACTCE": "103611", "GEOIDFQ": "1400000US04013103611", "GEOID": "04013103611", "NAME": "1036.11", "NAMELSAD": "Census Tract 1036.11", "STUSPS": "AZ", "NAMELSADCO": "Maricopa County", "STATE_NAME": "Arizona", "LSAD": "CT", "ALAND": 5255791, "AWATER": 4009, "centroid_lon": -112.05616853908296, "centroid_lat": 33.626486891161271, "B03002_001E": 5034, "B03002_001M": 447, "B03002_012E": 958, "B03002_012M": 324, "B19013_001E": 122167, "B19013_001M": 18525, "B01003_001E": 5034, "state": "04", "county": "013", "tract": "103611", "latino_share": 0.19030591974572905, "camera_count": 0, "arterial_road_m": 10311.737377483507, "land_area_km2": 5.255791, "pop_density_per_km2": 957.80064313820696, "arterial_km_per_km2": 1.9619762995681347, "log_income": 11.713144240149971, "city": "Phoenix", "crime_count_raw": 1895.2287393689321, "crime_rate_annual_per_km2_1000": 0.035481813074104751 }, "geometry": { "type": "Polygon", "coordinates": [ [ [ -112.065512, 33.640294 ], [ -112.06118, 33.640316 ], [ -112.056851, 33.640338 ], [ -112.052511, 33.640375 ], [ -112.048686, 33.640376 ], [ -112.048169, 33.64039 ], [ -112.048183, 33.636358 ], [ -112.048118, 33.633159 ], [ -112.048087, 33.629535 ], [ -112.043764, 33.628713 ], [ -112.043746, 33.626251 ], [ -112.043744, 33.620664 ], [ -112.045953, 33.620632 ], [ -112.04594, 33.616747 ], [ -112.049819, 33.616443 ], [ -112.051801, 33.614919 ], [ -112.056745, 33.61491 ], [ -112.056743, 33.611239 ], [ -112.065417, 33.61125 ], [ -112.06538, 33.616149 ], [ -112.065455, 33.625765 ], [ -112.065499, 33.633019 ], [ -112.065501, 33.635544 ], [ -112.065501, 33.6376 ], [ -112.065512, 33.640294 ] ] ] } },
{ "type": "Feature", "properties": { "STATEFP": "04", "COUNTYFP": "013", "TRACTCE": "103205", "GEOIDFQ": "1400000US04013103205", "GEOID": "04013103205", "NAME": "1032.05", "NAMELSAD": "Census Tract 1032.05", "STUSPS": "AZ", "NAMELSADCO": "Maricopa County", "STATE_NAME": "Arizona", "LSAD": "CT", "ALAND": 2635515, "AWATER": 0, "centroid_lon": -111.96949148164427, "centroid_lat": 33.604275088436658, "B03002_001E": 2447, "B03002_001M": 248, "B03002_012E": 116, "B03002_012M": 67, "B19013_001E": 118472, "B19013_001M": 12819, "B01003_001E": 2447, "state": "04", "county": "013", "tract": "103205", "latino_share": 0.047404985696771554, "camera_count": 0, "arterial_road_m": 9086.1973310853009, "land_area_km2": 2.635515, "pop_density_per_km2": 928.47128549828028, "arterial_km_per_km2": 3.4475984128662907, "log_income": 11.682431924717338, "city": "Phoenix", "crime_count_raw": 916.41738879209322, "crime_rate_annual_per_km2_1000": 0.034214491193011454 }, "geometry": { "type": "Polygon", "coordinates": [ [ [ -111.978, 33.603998 ], [ -111.977884, 33.604983 ], [ -111.977889, 33.61156 ], [ -111.969214, 33.611562 ], [ -111.960531, 33.611572 ], [ -111.960577, 33.604368 ], [ -111.960601, 33.597152 ], [ -111.969229, 33.597157 ], [ -111.970974, 33.597255 ], [ -111.974683, 33.597229 ], [ -111.97584, 33.597336 ], [ -111.97685, 33.59754 ], [ -111.9804, 33.598681 ], [ -111.978, 33.603998 ] ] ] } },
{ "type": "Feature", "properties": { "STATEFP": "04", "COUNTYFP": "013", "TRACTCE": "112507", "GEOIDFQ": "1400000US04013112507", "GEOID": "04013112507", "NAME": "1125.07", "NAMELSAD": "Census Tract 1125.07", "STUSPS": "AZ", "NAMELSADCO": "Maricopa County", "STATE_NAME": "Arizona", "LSAD": "CT", "ALAND": 1246201, "AWATER": 0, "centroid_lon": -112.1683829054477, "centroid_lat": 33.464200185476358, "B03002_001E": 2954, "B03002_001M": 870, "B03002_012E": 2575, "B03002_012M": 828, "B19013_001E": 42097, "B19013_001M": 8353, "B01003_001E": 2954, "state": "04", "county": "013", "tract": "112507", "latino_share": 0.87169939065673663, "camera_count": 0, "arterial_road_m": 14662.00897785133, "land_area_km2": 1.246201, "pop_density_per_km2": 2370.4041322387002, "arterial_km_per_km2": 11.765364478002612, "log_income": 10.647731758224072, "city": "Phoenix", "crime_count_raw": 3947.1961757952304, "crime_rate_annual_per_km2_1000": 0.31166129653164482 }, "geometry": { "type": "Polygon", "coordinates": [ [ [ -112.186452, 33.465975 ], [ -112.177686, 33.465975 ], [ -112.169107, 33.465972 ], [ -112.16004, 33.465961 ], [ -112.151787, 33.465961 ], [ -112.151829, 33.463755 ], [ -112.151863, 33.461789 ], [ -112.169134, 33.462649 ], [ -112.177555, 33.462699 ], [ -112.184017, 33.462702 ], [ -112.186415, 33.462685 ], [ -112.186452, 33.465975 ] ] ] } },
{ "type": "Feature", "properties": { "STATEFP": "04", "COUNTYFP": "013", "TRACTCE": "112302", "GEOIDFQ": "1400000US04013112302", "GEOID": "04013112302", "NAME": "1123.02", "NAMELSAD": "Census Tract 1123.02", "STUSPS": "AZ", "NAMELSADCO": "Maricopa County", "STATE_NAME": "Arizona", "LSAD": "CT", "ALAND": 1285101, "AWATER": 0, "centroid_lon": -112.16026566761532, "centroid_lat": 33.476902846938785, "B03002_001E": 6865, "B03002_001M": 944, "B03002_012E": 4467, "B03002_012M": 880, "B19013_001E": 60224, "B19013_001M": 12157, "B01003_001E": 6865, "state": "04", "county": "013", "tract": "112302", "latino_share": 0.65069191551347416, "camera_count": 0, "arterial_road_m": 4161.5864832847874, "land_area_km2": 1.285101, "pop_density_per_km2": 5341.9925749026725, "arterial_km_per_km2": 3.2383341723995134, "log_income": 11.005826222945052, "city": "Phoenix", "crime_count_raw": 3129.347080336845, "crime_rate_annual_per_km2_1000": 0.23960657405431135 }, "geometry": { "type": "Polygon", "coordinates": [ [ [ -112.169013, 33.475142 ], [ -112.168997, 33.476752 ], [ -112.16897, 33.480488 ], [ -112.165987, 33.480503 ], [ -112.162423, 33.480522 ], [ -112.161648, 33.480525 ], [ -112.155978, 33.480479 ], [ -112.151647, 33.480486 ], [ -112.151683, 33.476841 ], [ -112.151719, 33.473219 ], [ -112.161686, 33.473221 ], [ -112.164249, 33.473222 ], [ -112.165135, 33.473573 ], [ -112.169028, 33.473573 ], [ -112.169013, 33.475142 ] ] ] } },
{ "type": "Feature", "properties": { "STATEFP": "04", "COUNTYFP": "013", "TRACTCE": "112602", "GEOIDFQ": "1400000US04013112602", "GEOID": "04013112602", "NAME": "1126.02", "NAMELSAD": "Census Tract 1126.02", "STUSPS": "AZ", "NAMELSADCO": "Maricopa County", "STATE_NAME": "Arizona", "LSAD": "CT", "ALAND": 1880501, "AWATER": 0, "centroid_lon": -112.14301851015261, "centroid_lat": 33.456681768958887, "B03002_001E": 8475, "B03002_001M": 1077, "B03002_012E": 8100, "B03002_012M": 1067, "B19013_001E": 47188, "B19013_001M": 21900, "B01003_001E": 8475, "state": "04", "county": "013", "tract": "112602", "latino_share": 0.95575221238938057, "camera_count": 0, "arterial_road_m": 6870.8353610302929, "land_area_km2": 1.880501, "pop_density_per_km2": 4506.7777150876282, "arterial_km_per_km2": 3.6537259810179803, "log_income": 10.761894901961734, "city": "Phoenix", "crime_count_raw": 2867.58714379102, "crime_rate_annual_per_km2_1000": 0.15004630774122568 }, "geometry": { "type": "Polygon", "coordinates": [ [ [ -112.151863, 33.461789 ], [ -112.146819, 33.461619 ], [ -112.14312, 33.461682 ], [ -112.134531, 33.462735 ], [ -112.134461, 33.458672 ], [ -112.134516, 33.45142 ], [ -112.138832, 33.451408 ], [ -112.143119, 33.451397 ], [ -112.147431, 33.451386 ], [ -112.151767, 33.451379 ], [ -112.151835, 33.458675 ], [ -112.151863, 33.461789 ] ] ] } },
{ "type": "Feature", "properties": { "STATEFP": "04", "COUNTYFP": "013", "TRACTCE": "109900", "GEOIDFQ": "1400000US04013109900", "GEOID": "04013109900", "NAME": "1099", "NAMELSAD": "Census Tract 1099", "STUSPS": "AZ", "NAMELSADCO": "Maricopa County", "STATE_NAME": "Arizona", "LSAD": "CT", "ALAND": 2604898, "AWATER": 13762, "centroid_lon": -112.17766485127713, "centroid_lat": 33.487788038733939, "B03002_001E": 7204, "B03002_001M": 947, "B03002_012E": 5603, "B03002_012M": 951, "B19013_001E": 57222, "B19013_001M": 20414, "B01003_001E": 7204, "state": "04", "county": "013", "tract": "109900", "latino_share": 0.77776235424764018, "camera_count": 0, "arterial_road_m": 8336.5293255967354, "land_area_km2": 2.604898, "pop_density_per_km2": 2765.5593424387444, "arterial_km_per_km2": 3.2003285063740448, "log_income": 10.954693718806967, "city": "Phoenix", "crime_count_raw": 3173.3415360491254, "crime_rate_annual_per_km2_1000": 0.11986940539120823 }, "geometry": { "type": "Polygon", "coordinates": [ [ [ -112.186471, 33.495077 ], [ -112.177652, 33.495033 ], [ -112.175098, 33.495033 ], [ -112.168874, 33.49498 ], [ -112.168918, 33.487946 ], [ -112.168895, 33.484099 ], [ -112.16897, 33.480488 ], [ -112.177851, 33.480528 ], [ -112.186379, 33.480545 ], [ -112.186398, 33.48453 ], [ -112.186412, 33.487796 ], [ -112.186427, 33.49101 ], [ -112.186471, 33.495077 ] ] ] } },
{ "type": "Feature", "properties": { "STATEFP": "04", "COUNTYFP": "013", "TRACTCE": "082007", "GEOIDFQ": "1400000US04013082007", "GEOID": "04013082007", "NAME": "820.07", "NAMELSAD": "Census Tract 820.07", "STUSPS": "AZ", "NAMELSADCO": "Maricopa County", "STATE_NAME": "Arizona", "LSAD": "CT", "ALAND": 1286367, "AWATER": 0, "centroid_lon": -112.25074300885052, "centroid_lat": 33.501543203975096, "B03002_001E": 4042, "B03002_001M": 500, "B03002_012E": 3088, "B03002_012M": 459, "B19013_001E": 83189, "B19013_001M": 20035, "B01003_001E": 4042, "state": "04", "county": "013", "tract": "082007", "latino_share": 0.7639782285997031, "camera_count": 0, "arterial_road_m": 2926.2915979324607, "land_area_km2": 1.286367, "pop_density_per_km2": 3142.1825964129985, "arterial_km_per_km2": 2.2748497107998422, "log_income": 11.328870406530122, "city": "Phoenix", "crime_count_raw": 815.05604999394177, "crime_rate_annual_per_km2_1000": 0.062345461231420818 }, "geometry": { "type": "Polygon", "coordinates": [ [ [ -112.255026, 33.501489 ], [ -112.255007, 33.508679 ], [ -112.255007, 33.508799 ], [ -112.246358, 33.508802 ], [ -112.246369, 33.508682 ], [ -112.246416, 33.502614 ], [ -112.246424, 33.50151 ], [ -112.246545, 33.494286 ], [ -112.255111, 33.494245 ], [ -112.255026, 33.501489 ] ] ] } },
{ "type": "Feature", "properties": { "STATEFP": "04", "COUNTYFP": "013", "TRACTCE": "109802", "GEOIDFQ": "1400000US04013109802", "GEOID": "04013109802", "NAME": "1098.02", "NAMELSAD": "Census Tract 1098.02", "STUSPS": "AZ", "NAMELSADCO": "Maricopa County", "STATE_NAME": "Arizona", "LSAD": "CT", "ALAND": 1302034, "AWATER": 0, "centroid_lon": -112.19075335461645, "centroid_lat": 33.487740539240981, "B03002_001E": 4342, "B03002_001M": 628, "B03002_012E": 3475, "B03002_012M": 700, "B19013_001E": 73023, "B19013_001M": 17261, "B01003_001E": 4342, "state": "04", "county": "013", "tract": "109802", "latino_share": 0.80032243205895903, "camera_count": 0, "arterial_road_m": 3389.1718253843064, "land_area_km2": 1.302034, "pop_density_per_km2": 3334.7823482336103, "arterial_km_per_km2": 2.6029825836992786, "log_income": 11.198529739000024, "city": "Phoenix", "crime_count_raw": 824.72974758218811, "crime_rate_annual_per_km2_1000": 0.062326335276272515 }, "geometry": { "type": "Polygon", "coordinates": [ [ [ -112.19511, 33.494946 ], [ -112.186471, 33.495077 ], [ -112.186427, 33.49101 ], [ -112.186412, 33.487796 ], [ -112.186398, 33.48453 ], [ -112.186379, 33.480545 ], [ -112.189488, 33.480494 ], [ -112.195096, 33.480426 ], [ -112.195064, 33.482692 ], [ -112.195098, 33.487699 ], [ -112.19511, 33.494946 ] ] ] } },
{ "type": "Feature", "properties": { "STATEFP": "04", "COUNTYFP": "013", "TRACTCE": "109603", "GEOIDFQ": "1400000US04013109603", "GEOID": "04013109603", "NAME": "1096.03", "NAMELSAD": "Census Tract 1096.03", "STUSPS": "AZ", "NAMELSADCO": "Maricopa County", "STATE_NAME": "Arizona", "LSAD": "CT", "ALAND": 1331560, "AWATER": 0, "centroid_lon": -112.22499375364707, "centroid_lat": 33.50158756989525, "B03002_001E": 3892, "B03002_001M": 280, "B03002_012E": 3242, "B03002_012M": 353, "B19013_001E": 75924, "B19013_001M": 8760, "B01003_001E": 3892, "state": "04", "county": "013", "tract": "109603", "latino_share": 0.83299075025693736, "camera_count": 0, "arterial_road_m": 1818.5481908579313, "land_area_km2": 1.33156, "pop_density_per_km2": 2922.887440295593, "arterial_km_per_km2": 1.3657275607993116, "log_income": 11.237488118934884, "city": "Phoenix", "crime_count_raw": 1113.4307234344355, "crime_rate_annual_per_km2_1000": 0.082278187748547338 }, "geometry": { "type": "Polygon", "coordinates": [ [ [ -112.231744, 33.502654 ], [ -112.2288, 33.502708 ], [ -112.228679, 33.503566 ], [ -112.228672, 33.504222 ], [ -112.228655, 33.508789 ], [ -112.228635, 33.508899 ], [ -112.220464, 33.509 ], [ -112.220463, 33.508893 ], [ -112.220446, 33.506365 ], [ -112.22045, 33.50183 ], [ -112.220461, 33.499841 ], [ -112.220461, 33.498949 ], [ -112.220568, 33.494687 ], [ -112.228707, 33.494504 ], [ -112.229589, 33.494483 ], [ -112.229623, 33.496896 ], [ -112.229625, 33.497872 ], [ -112.229616, 33.499932 ], [ -112.23047, 33.499919 ], [ -112.230466, 33.501299 ], [ -112.231744, 33.502654 ] ] ] } },
{ "type": "Feature", "properties": { "STATEFP": "04", "COUNTYFP": "013", "TRACTCE": "109601", "GEOIDFQ": "1400000US04013109601", "GEOID": "04013109601", "NAME": "1096.01", "NAMELSAD": "Census Tract 1096.01", "STUSPS": "AZ", "NAMELSADCO": "Maricopa County", "STATE_NAME": "Arizona", "LSAD": "CT", "ALAND": 1231152, "AWATER": 0, "centroid_lon": -112.23355220071471, "centroid_lat": 33.501813017721283, "B03002_001E": 4480, "B03002_001M": 541, "B03002_012E": 3341, "B03002_012M": 502, "B19013_001E": 47483, "B19013_001M": 4757, "B01003_001E": 4480, "state": "04", "county": "013", "tract": "109601", "latino_share": 0.74575892857142856, "camera_count": 0, "arterial_road_m": 152.63076904607539, "land_area_km2": 1.231152, "pop_density_per_km2": 3638.8683119549819, "arterial_km_per_km2": 0.12397394395336676, "log_income": 10.768127031226284, "city": "Phoenix", "crime_count_raw": 1761.5566480634666, "crime_rate_annual_per_km2_1000": 0.14078850454756947 }, "geometry": { "type": "Polygon", "coordinates": [ [ [ -112.237749, 33.496527 ], [ -112.237748, 33.497985 ], [ -112.237741, 33.501542 ], [ -112.237722, 33.50618 ], [ -112.2377, 33.508688 ], [ -112.237699, 33.508802 ], [ -112.228635, 33.508899 ], [ -112.228655, 33.508789 ], [ -112.228672, 33.504222 ], [ -112.228679, 33.503566 ], [ -112.2288, 33.502708 ], [ -112.231744, 33.502654 ], [ -112.230466, 33.501299 ], [ -112.23047, 33.499919 ], [ -112.229616, 33.499932 ], [ -112.229625, 33.497872 ], [ -112.229623, 33.496896 ], [ -112.229589, 33.494483 ], [ -112.237751, 33.494284 ], [ -112.237749, 33.496527 ] ] ] } },
{ "type": "Feature", "properties": { "STATEFP": "04", "COUNTYFP": "013", "TRACTCE": "115500", "GEOIDFQ": "1400000US04013115500", "GEOID": "04013115500", "NAME": "1155", "NAMELSAD": "Census Tract 1155", "STUSPS": "AZ", "NAMELSADCO": "Maricopa County", "STATE_NAME": "Arizona", "LSAD": "CT", "ALAND": 2598847, "AWATER": 0, "centroid_lon": -112.14226911350761, "centroid_lat": 33.399372979584925, "B03002_001E": 3712, "B03002_001M": 547, "B03002_012E": 3291, "B03002_012M": 554, "B19013_001E": 45206, "B19013_001M": 5166, "B01003_001E": 3712, "state": "04", "county": "013", "tract": "115500", "latino_share": 0.8865840517241379, "camera_count": 0, "arterial_road_m": 6086.2182492307202, "land_area_km2": 2.598847, "pop_density_per_km2": 1428.3257152113995, "arterial_km_per_km2": 2.3418917116824192, "log_income": 10.718985100373533, "city": "Phoenix", "crime_count_raw": 979.77664381495515, "crime_rate_annual_per_km2_1000": 0.037096131903162861 }, "geometry": { "type": "Polygon", "coordinates": [ [ [ -112.150919, 33.406627 ], [ -112.143571, 33.406652 ], [ -112.143358, 33.406631 ], [ -112.142201, 33.40652 ], [ -112.142083, 33.406543 ], [ -112.14082, 33.4067 ], [ -112.133697, 33.406675 ], [ -112.133644, 33.399382 ], [ -112.133594, 33.392124 ], [ -112.142273, 33.392091 ], [ -112.142376, 33.392091 ], [ -112.146508, 33.392075 ], [ -112.15087, 33.3921 ], [ -112.15089, 33.394017 ], [ -112.150876, 33.39929 ], [ -112.150884, 33.402844 ], [ -112.150992, 33.403695 ], [ -112.150919, 33.406627 ] ] ] } },
{ "type": "Feature", "properties": { "STATEFP": "04", "COUNTYFP": "013", "TRACTCE": "103501", "GEOIDFQ": "1400000US04013103501", "GEOID": "04013103501", "NAME": "1035.01", "NAMELSAD": "Census Tract 1035.01", "STUSPS": "AZ", "NAMELSADCO": "Maricopa County", "STATE_NAME": "Arizona", "LSAD": "CT", "ALAND": 1965890, "AWATER": 0, "centroid_lon": -112.0205978029451, "centroid_lat": 33.620258249124497, "B03002_001E": 3085, "B03002_001M": 395, "B03002_012E": 617, "B03002_012M": 328, "B19013_001E": 80964, "B19013_001M": 27937, "B01003_001E": 3085, "state": "04", "county": "013", "tract": "103501", "latino_share": 0.2, "camera_count": 0, "arterial_road_m": 5567.7272048190489, "land_area_km2": 1.96589, "pop_density_per_km2": 1569.2637940067857, "arterial_km_per_km2": 2.8321661968976133, "log_income": 11.301759890415426, "city": "Phoenix", "crime_count_raw": 676.37311912621658, "crime_rate_annual_per_km2_1000": 0.033853952675933663 }, "geometry": { "type": "Polygon", "coordinates": [ [ [ -112.030641, 33.620423 ], [ -112.030704, 33.626281 ], [ -112.025176, 33.626317 ], [ -112.024522, 33.626561 ], [ -112.024066, 33.626905 ], [ -112.022109, 33.626324 ], [ -112.019885, 33.62633 ], [ -112.015524, 33.626332 ], [ -112.013349, 33.626329 ], [ -112.013305, 33.618931 ], [ -112.013265, 33.611535 ], [ -112.021948, 33.611458 ], [ -112.021956, 33.612808 ], [ -112.020395, 33.615577 ], [ -112.02199, 33.618395 ], [ -112.024177, 33.618785 ], [ -112.026348, 33.618748 ], [ -112.031038, 33.618669 ], [ -112.030641, 33.620423 ] ] ] } },
{ "type": "Feature", "properties": { "STATEFP": "04", "COUNTYFP": "013", "TRACTCE": "113900", "GEOIDFQ": "1400000US04013113900", "GEOID": "04013113900", "NAME": "1139", "NAMELSAD": "Census Tract 1139", "STUSPS": "AZ", "NAMELSADCO": "Maricopa County", "STATE_NAME": "Arizona", "LSAD": "CT", "ALAND": 2665412, "AWATER": 0, "centroid_lon": -112.03893502114303, "centroid_lat": 33.444074537753366, "B03002_001E": 1330, "B03002_001M": 382, "B03002_012E": 995, "B03002_012M": 326, "B19013_001E": 23232, "B19013_001M": 20987, "B01003_001E": 1330, "state": "04", "county": "013", "tract": "113900", "latino_share": 0.74812030075187974, "camera_count": 0, "arterial_road_m": 30124.908695228292, "land_area_km2": 2.665412, "pop_density_per_km2": 498.98477233538381, "arterial_km_per_km2": 11.302158426250161, "log_income": 10.053285917624523, "city": "Phoenix", "crime_count_raw": 1510.7032453268996, "crime_rate_annual_per_km2_1000": 0.055769541059739074 }, "geometry": { "type": "Polygon", "coordinates": [ [ [ -112.047789, 33.444349 ], [ -112.047747, 33.448324 ], [ -112.047705, 33.451425 ], [ -112.038985, 33.451431 ], [ -112.037533, 33.451417 ], [ -112.030157, 33.451352 ], [ -112.030193, 33.444674 ], [ -112.030277, 33.444315 ], [ -112.029826, 33.441144 ], [ -112.030219, 33.436766 ], [ -112.037851, 33.43676 ], [ -112.047744, 33.436798 ], [ -112.04779, 33.444144 ], [ -112.047789, 33.444349 ] ] ] } },
{ "type": "Feature", "properties": { "STATEFP": "04", "COUNTYFP": "013", "TRACTCE": "103605", "GEOIDFQ": "1400000US04013103605", "GEOID": "04013103605", "NAME": "1036.05", "NAMELSAD": "Census Tract 1036.05", "STUSPS": "AZ", "NAMELSADCO": "Maricopa County", "STATE_NAME": "Arizona", "LSAD": "CT", "ALAND": 6102701, "AWATER": 7131, "centroid_lon": -112.0819015628331, "centroid_lat": 33.616988953582094, "B03002_001E": 6041, "B03002_001M": 1027, "B03002_012E": 299, "B03002_012M": 171, "B19013_001E": 138387, "B19013_001M": 17236, "B01003_001E": 6041, "state": "04", "county": "013", "tract": "103605", "latino_share": 0.04949511670253269, "camera_count": 0, "arterial_road_m": 13082.033477954144, "land_area_km2": 6.102701, "pop_density_per_km2": 989.88955873800808, "arterial_km_per_km2": 2.1436464735785261, "log_income": 11.83780938711811, "city": "Phoenix", "crime_count_raw": 1395.4840729673574, "crime_rate_annual_per_km2_1000": 0.022500131112951093 }, "geometry": { "type": "Polygon", "coordinates": [ [ [ -112.099689, 33.625609 ], [ -112.096584, 33.625639 ], [ -112.093393, 33.626144 ], [ -112.094013, 33.625505 ], [ -112.092771, 33.625065 ], [ -112.086789, 33.625453 ], [ -112.082774, 33.627158 ], [ -112.082772, 33.625692 ], [ -112.074107, 33.625728 ], [ -112.065455, 33.625765 ], [ -112.06538, 33.616149 ], [ -112.065417, 33.61125 ], [ -112.065123, 33.607633 ], [ -112.074506, 33.607589 ], [ -112.084031, 33.607536 ], [ -112.085379, 33.607529 ], [ -112.089997, 33.608337 ], [ -112.095644, 33.61096 ], [ -112.099637, 33.611092 ], [ -112.099653, 33.615525 ], [ -112.099686, 33.624675 ], [ -112.099689, 33.625609 ] ] ] } },
{ "type": "Feature", "properties": { "STATEFP": "04", "COUNTYFP": "013", "TRACTCE": "111700", "GEOIDFQ": "1400000US04013111700", "GEOID": "04013111700", "NAME": "1117", "NAMELSAD": "Census Tract 1117", "STUSPS": "AZ", "NAMELSADCO": "Maricopa County", "STATE_NAME": "Arizona", "LSAD": "CT", "ALAND": 2603480, "AWATER": 0, "centroid_lon": -112.05637743230461, "centroid_lat": 33.472970060393742, "B03002_001E": 4760, "B03002_001M": 932, "B03002_012E": 1530, "B03002_012M": 430, "B19013_001E": 93333, "B19013_001M": 15091, "B01003_001E": 4760, "state": "04", "county": "013", "tract": "111700", "latino_share": 0.32142857142857145, "camera_count": 0, "arterial_road_m": 8301.0005764228918, "land_area_km2": 2.60348, "pop_density_per_km2": 1828.3220919692105, "arterial_km_per_km2": 3.1884249452359503, "log_income": 11.443929022048328, "city": "Phoenix", "crime_count_raw": 1919.1511750354475, "crime_rate_annual_per_km2_1000": 0.07253326005432463 }, "geometry": { "type": "Polygon", "coordinates": [ [ [ -112.065091, 33.476612 ], [ -112.065073, 33.480207 ], [ -112.059619, 33.480213 ], [ -112.056345, 33.480213 ], [ -112.049849, 33.480213 ], [ -112.047635, 33.48021 ], [ -112.047647, 33.477511 ], [ -112.047651, 33.472952 ], [ -112.047651, 33.472912 ], [ -112.047691, 33.465738 ], [ -112.056336, 33.465721 ], [ -112.065084, 33.46571 ], [ -112.065103, 33.473004 ], [ -112.065091, 33.476612 ] ] ] } },
{ "type": "Feature", "properties": { "STATEFP": "04", "COUNTYFP": "013", "TRACTCE": "113602", "GEOIDFQ": "1400000US04013113602", "GEOID": "04013113602", "NAME": "1136.02", "NAMELSAD": "Census Tract 1136.02", "STUSPS": "AZ", "NAMELSADCO": "Maricopa County", "STATE_NAME": "Arizona", "LSAD": "CT", "ALAND": 971454, "AWATER": 9453, "centroid_lon": -112.00680797542074, "centroid_lat": 33.454792288616197, "B03002_001E": 4200, "B03002_001M": 802, "B03002_012E": 2878, "B03002_012M": 557, "B19013_001E": 42063, "B19013_001M": 15773, "B01003_001E": 4200, "state": "04", "county": "013", "tract": "113602", "latino_share": 0.6852380952380952, "camera_count": 0, "arterial_road_m": 1623.0075041567286, "land_area_km2": 0.971454, "pop_density_per_km2": 4323.4162399866591, "arterial_km_per_km2": 1.6706992859741465, "log_income": 10.646923773389242, "city": "Phoenix", "crime_count_raw": 1298.7869247367917, "crime_rate_annual_per_km2_1000": 0.13155214204268617 }, "geometry": { "type": "Polygon", "coordinates": [ [ [ -112.012905, 33.458568 ], [ -112.012852, 33.460648 ], [ -112.008698, 33.459488 ], [ -112.006866, 33.459152 ], [ -112.006412, 33.458815 ], [ -112.003508, 33.45674 ], [ -111.999203, 33.453648 ], [ -111.99531, 33.451284 ], [ -111.995313, 33.451259 ], [ -112.006294, 33.451285 ], [ -112.012898, 33.45131 ], [ -112.012901, 33.454928 ], [ -112.012901, 33.456747 ], [ -112.012905, 33.458568 ] ] ] } },
{ "type": "Feature", "properties": { "STATEFP": "04", "COUNTYFP": "013", "TRACTCE": "116713", "GEOIDFQ": "1400000US04013116713", "GEOID": "04013116713", "NAME": "1167.13", "NAMELSAD": "Census Tract 1167.13", "STUSPS": "AZ", "NAMELSADCO": "Maricopa County", "STATE_NAME": "Arizona", "LSAD": "CT", "ALAND": 2416247, "AWATER": 169147, "centroid_lon": -112.005866668895, "centroid_lat": 33.297951262919121, "B03002_001E": 5758, "B03002_001M": 708, "B03002_012E": 846, "B03002_012M": 353, "B19013_001E": 150739, "B19013_001M": 18805, "B01003_001E": 5758, "state": "04", "county": "013", "tract": "116713", "latino_share": 0.14692601597777005, "camera_count": 0, "arterial_road_m": 16135.093425774394, "land_area_km2": 2.416247, "pop_density_per_km2": 2383.0345159249036, "arterial_km_per_km2": 6.6777500089081929, "log_income": 11.923305143436224, "city": "Phoenix", "crime_count_raw": 726.99818533079235, "crime_rate_annual_per_km2_1000": 0.029605626514120537 }, "geometry": { "type": "Polygon", "coordinates": [ [ [ -112.014496, 33.305214 ], [ -112.001563, 33.30521 ], [ -111.997265, 33.305214 ], [ -111.997248, 33.297978 ], [ -111.99722, 33.291193 ], [ -111.997127, 33.290701 ], [ -112.014482, 33.290692 ], [ -112.014486, 33.294314 ], [ -112.014486, 33.297946 ], [ -112.014496, 33.305214 ] ] ] } },
{ "type": "Feature", "properties": { "STATEFP": "04", "COUNTYFP": "013", "TRACTCE": "103607", "GEOIDFQ": "1400000US04013103607", "GEOID": "04013103607", "NAME": "1036.07", "NAMELSAD": "Census Tract 1036.07", "STUSPS": "AZ", "NAMELSADCO": "Maricopa County", "STATE_NAME": "Arizona", "LSAD": "CT", "ALAND": 2463698, "AWATER": 0, "centroid_lon": -112.0411106774562, "centroid_lat": 33.6180746553433, "B03002_001E": 4233, "B03002_001M": 457, "B03002_012E": 675, "B03002_012M": 127, "B19013_001E": 120150, "B19013_001M": 31408, "B01003_001E": 4233, "state": "04", "county": "013", "tract": "103607", "latino_share": 0.15946137491141035, "camera_count": 0, "arterial_road_m": 4150.2802669056618, "land_area_km2": 2.463698, "pop_density_per_km2": 1718.1488964962427, "arterial_km_per_km2": 1.6845734610758549, "log_income": 11.696496241164615, "city": "Phoenix", "crime_count_raw": 644.33423256689844, "crime_rate_annual_per_km2_1000": 0.025733922666350488 }, "geometry": { "type": "Polygon", "coordinates": [ [ [ -112.056745, 33.61491 ], [ -112.051801, 33.614919 ], [ -112.049819, 33.616443 ], [ -112.04594, 33.616747 ], [ -112.045953, 33.620632 ], [ -112.043744, 33.620664 ], [ -112.043746, 33.626251 ], [ -112.041967, 33.627711 ], [ -112.039411, 33.6261 ], [ -112.030704, 33.626281 ], [ -112.030641, 33.620423 ], [ -112.031038, 33.618669 ], [ -112.033745, 33.616629 ], [ -112.034866, 33.614068 ], [ -112.035745, 33.611345 ], [ -112.043723, 33.611321 ], [ -112.056743, 33.611239 ], [ -112.056745, 33.61491 ] ] ] } },
{ "type": "Feature", "properties": { "STATEFP": "04", "COUNTYFP": "013", "TRACTCE": "103612", "GEOIDFQ": "1400000US04013103612", "GEOID": "04013103612", "NAME": "1036.12", "NAMELSAD": "Census Tract 1036.12", "STUSPS": "AZ", "NAMELSADCO": "Maricopa County", "STATE_NAME": "Arizona", "LSAD": "CT", "ALAND": 2007821, "AWATER": 0, "centroid_lon": -112.07579908116151, "centroid_lat": 33.629997383405666, "B03002_001E": 5643, "B03002_001M": 864, "B03002_012E": 422, "B03002_012M": 270, "B19013_001E": 54345, "B19013_001M": 20252, "B01003_001E": 5643, "state": "04", "county": "013", "tract": "103612", "latino_share": 0.074782916888180048, "camera_count": 0, "arterial_road_m": 5353.879085194334, "land_area_km2": 2.007821, "pop_density_per_km2": 2810.5095025901214, "arterial_km_per_km2": 2.6665121468469226, "log_income": 10.903107891997287, "city": "Phoenix", "crime_count_raw": 1851.7478904957247, "crime_rate_annual_per_km2_1000": 0.090748430660013327 }, "geometry": { "type": "Polygon", "coordinates": [ [ [ -112.093393, 33.626144 ], [ -112.089974, 33.626802 ], [ -112.088893, 33.627394 ], [ -112.08803, 33.628286 ], [ -112.086299, 33.631722 ], [ -112.083997, 33.632862 ], [ -112.07846, 33.632962 ], [ -112.0768, 33.633092 ], [ -112.075569, 33.633409 ], [ -112.068856, 33.637138 ], [ -112.065501, 33.6376 ], [ -112.065501, 33.635544 ], [ -112.065499, 33.633019 ], [ -112.065455, 33.625765 ], [ -112.074107, 33.625728 ], [ -112.082772, 33.625692 ], [ -112.082774, 33.627158 ], [ -112.086789, 33.625453 ], [ -112.092771, 33.625065 ], [ -112.094013, 33.625505 ], [ -112.093393, 33.626144 ] ] ] } },
{ "type": "Feature", "properties": { "STATEFP": "04", "COUNTYFP": "013", "TRACTCE": "103211", "GEOIDFQ": "1400000US04013103211", "GEOID": "04013103211", "NAME": "1032.11", "NAMELSAD": "Census Tract 1032.11", "STUSPS": "AZ", "NAMELSADCO": "Maricopa County", "STATE_NAME": "Arizona", "LSAD": "CT", "ALAND": 2713637, "AWATER": 0, "centroid_lon": -111.98691412630107, "centroid_lat": 33.618998899798669, "B03002_001E": 4744, "B03002_001M": 705, "B03002_012E": 773, "B03002_012M": 335, "B19013_001E": 113295, "B19013_001M": 19166, "B01003_001E": 4744, "state": "04", "county": "013", "tract": "103211", "latino_share": 0.16294266441821248, "camera_count": 0, "arterial_road_m": 6919.5507385864857, "land_area_km2": 2.713637, "pop_density_per_km2": 1748.2072952277701, "arterial_km_per_km2": 2.5499175971533723, "log_income": 11.637750315415659, "city": "Phoenix", "crime_count_raw": 569.14109769241668, "crime_rate_annual_per_km2_1000": 0.020637184747526235 }, "geometry": { "type": "Polygon", "coordinates": [ [ [ -111.99604, 33.626408 ], [ -111.986535, 33.626249 ], [ -111.977807, 33.626103 ], [ -111.977879, 33.615181 ], [ -111.977889, 33.61156 ], [ -111.982239, 33.611627 ], [ -111.98657, 33.611708 ], [ -111.989194, 33.611757 ], [ -111.99227, 33.611812 ], [ -111.995921, 33.611878 ], [ -111.99598, 33.619142 ], [ -111.996008, 33.622791 ], [ -111.99604, 33.626408 ] ] ] } },
{ "type": "Feature", "properties": { "STATEFP": "04", "COUNTYFP": "013", "TRACTCE": "111201", "GEOIDFQ": "1400000US04013111201", "GEOID": "04013111201", "NAME": "1112.01", "NAMELSAD": "Census Tract 1112.01", "STUSPS": "AZ", "NAMELSADCO": "Maricopa County", "STATE_NAME": "Arizona", "LSAD": "CT", "ALAND": 1912006, "AWATER": 0, "centroid_lon": -111.97099642419232, "centroid_lat": 33.474021683371625, "B03002_001E": 6379, "B03002_001M": 961, "B03002_012E": 2192, "B03002_012M": 873, "B19013_001E": 53798, "B19013_001M": 6860, "B01003_001E": 6379, "state": "04", "county": "013", "tract": "111201", "latino_share": 0.34362752782567801, "camera_count": 0, "arterial_road_m": 5119.2017720019849, "land_area_km2": 1.912006, "pop_density_per_km2": 3336.2866016110825, "arterial_km_per_km2": 2.6773983826420964, "log_income": 10.892991570737689, "city": "Phoenix", "crime_count_raw": 1848.7553139960021, "crime_rate_annual_per_km2_1000": 0.095142036152342416 }, "geometry": { "type": "Polygon", "coordinates": [ [ [ -111.978091, 33.472853 ], [ -111.97803, 33.480099 ], [ -111.969573, 33.480055 ], [ -111.960935, 33.480021 ], [ -111.960961, 33.478209 ], [ -111.96097, 33.472747 ], [ -111.969653, 33.4728 ], [ -111.969744, 33.465561 ], [ -111.978468, 33.465666 ], [ -111.978091, 33.472853 ] ] ] } },
{ "type": "Feature", "properties": { "STATEFP": "04", "COUNTYFP": "013", "TRACTCE": "107601", "GEOIDFQ": "1400000US04013107601", "GEOID": "04013107601", "NAME": "1076.01", "NAMELSAD": "Census Tract 1076.01", "STUSPS": "AZ", "NAMELSADCO": "Maricopa County", "STATE_NAME": "Arizona", "LSAD": "CT", "ALAND": 1310496, "AWATER": 0, "centroid_lon": -112.06061659430664, "centroid_lat": 33.516480974129479, "B03002_001E": 3177, "B03002_001M": 299, "B03002_012E": 578, "B03002_012M": 189, "B19013_001E": 53210, "B19013_001M": 17584, "B01003_001E": 3177, "state": "04", "county": "013", "tract": "107601", "latino_share": 0.1819326408561536, "camera_count": 0, "arterial_road_m": 3564.4193093205586, "land_area_km2": 1.310496, "pop_density_per_km2": 2424.2729470368467, "arterial_km_per_km2": 2.7199009453829377, "log_income": 10.882001627590414, "city": "Phoenix", "crime_count_raw": 1415.2306407025555, "crime_rate_annual_per_km2_1000": 0.10626097100333221 }, "geometry": { "type": "Polygon", "coordinates": [ [ [ -112.064994, 33.516488 ], [ -112.064999, 33.520113 ], [ -112.064989, 33.523739 ], [ -112.05622, 33.523728 ], [ -112.056222, 33.520128 ], [ -112.05624, 33.516482 ], [ -112.056251, 33.509211 ], [ -112.06063, 33.509223 ], [ -112.06501, 33.509234 ], [ -112.064994, 33.516488 ] ] ] } },
{ "type": "Feature", "properties": { "STATEFP": "04", "COUNTYFP": "013", "TRACTCE": "110901", "GEOIDFQ": "1400000US04013110901", "GEOID": "04013110901", "NAME": "1109.01", "NAMELSAD": "Census Tract 1109.01", "STUSPS": "AZ", "NAMELSADCO": "Maricopa County", "STATE_NAME": "Arizona", "LSAD": "CT", "ALAND": 1328206, "AWATER": 0, "centroid_lon": -112.00856890199823, "centroid_lat": 33.487850203270497, "B03002_001E": 3743, "B03002_001M": 826, "B03002_012E": 1362, "B03002_012M": 780, "B19013_001E": 60462, "B19013_001M": 17158, "B01003_001E": 3743, "state": "04", "county": "013", "tract": "110901", "latino_share": 0.36387924125033394, "camera_count": 0, "arterial_road_m": 3328.6025805137701, "land_area_km2": 1.328206, "pop_density_per_km2": 2818.0869533792197, "arterial_km_per_km2": 2.5060891010233126, "log_income": 11.009770347508457, "city": "Phoenix", "crime_count_raw": 1752.5757807259065, "crime_rate_annual_per_km2_1000": 0.12983555091184046 }, "geometry": { "type": "Polygon", "coordinates": [ [ [ -112.012978, 33.495235 ], [ -112.004201, 33.495181 ], [ -112.004197, 33.491926 ], [ -112.004194, 33.487831 ], [ -112.004197, 33.480458 ], [ -112.01291, 33.480491 ], [ -112.012935, 33.487887 ], [ -112.012978, 33.495235 ] ] ] } },
{ "type": "Feature", "properties": { "STATEFP": "04", "COUNTYFP": "013", "TRACTCE": "117200", "GEOIDFQ": "1400000US04013117200", "GEOID": "04013117200", "NAME": "1172", "NAMELSAD": "Census Tract 1172", "STUSPS": "AZ", "NAMELSADCO": "Maricopa County", "STATE_NAME": "Arizona", "LSAD": "CT", "ALAND": 7360771, "AWATER": 0, "centroid_lon": -112.04471711679658, "centroid_lat": 33.426869512764391, "B03002_001E": 1125, "B03002_001M": 303, "B03002_012E": 993, "B03002_012M": 330, "B19013_001E": 65735, "B19013_001M": 22462, "B01003_001E": 1125, "state": "04", "county": "013", "tract": "117200", "latino_share": 0.88266666666666671, "camera_count": 0, "arterial_road_m": 32254.43143090557, "land_area_km2": 7.360771, "pop_density_per_km2": 152.83725033695521, "arterial_km_per_km2": 4.3819365431835298, "log_income": 11.093386787130704, "city": "Phoenix", "crime_count_raw": 2386.5681196456862, "crime_rate_annual_per_km2_1000": 0.031903092664387893 }, "geometry": { "type": "Polygon", "coordinates": [ [ [ -112.065129, 33.436818 ], [ -112.048404, 33.436779 ], [ -112.047744, 33.436798 ], [ -112.037851, 33.43676 ], [ -112.030219, 33.436766 ], [ -112.0304, 33.426569 ], [ -112.026443, 33.425457 ], [ -112.023923, 33.424149 ], [ -112.020742, 33.421666 ], [ -112.018437, 33.419055 ], [ -112.022216, 33.418274 ], [ -112.029867, 33.416359 ], [ -112.032742, 33.416276 ], [ -112.037241, 33.416964 ], [ -112.042284, 33.416658 ], [ -112.047459, 33.418245 ], [ -112.054089, 33.419535 ], [ -112.056108, 33.420119 ], [ -112.061735, 33.420789 ], [ -112.064874, 33.420696 ], [ -112.064884, 33.420992 ], [ -112.064908, 33.421735 ], [ -112.065186, 33.428972 ], [ -112.065129, 33.436818 ] ] ] } },
{ "type": "Feature", "properties": { "STATEFP": "04", "COUNTYFP": "013", "TRACTCE": "112202", "GEOIDFQ": "1400000US04013112202", "GEOID": "04013112202", "NAME": "1122.02", "NAMELSAD": "Census Tract 1122.02", "STUSPS": "AZ", "NAMELSADCO": "Maricopa County", "STATE_NAME": "Arizona", "LSAD": "CT", "ALAND": 1136730, "AWATER": 0, "centroid_lon": -112.1477005846624, "centroid_lat": 33.4724490016917, "B03002_001E": 4405, "B03002_001M": 825, "B03002_012E": 3561, "B03002_012M": 929, "B19013_001E": 46174, "B19013_001M": 24580, "B01003_001E": 4405, "state": "04", "county": "013", "tract": "112202", "latino_share": 0.80839954597048813, "camera_count": 0, "arterial_road_m": 3005.4879523756445, "land_area_km2": 1.13673, "pop_density_per_km2": 3875.150651429979, "arterial_km_per_km2": 2.6439769799122437, "log_income": 10.74017214809227, "city": "Phoenix", "crime_count_raw": 1736.7656987708951, "crime_rate_annual_per_km2_1000": 0.15033709998785968 }, "geometry": { "type": "Polygon", "coordinates": [ [ [ -112.151757, 33.469589 ], [ -112.151753, 33.469957 ], [ -112.151719, 33.473219 ], [ -112.151683, 33.476841 ], [ -112.151647, 33.480486 ], [ -112.147287, 33.480475 ], [ -112.147335, 33.476847 ], [ -112.142994, 33.476847 ], [ -112.14304, 33.473193 ], [ -112.143057, 33.471846 ], [ -112.143087, 33.469571 ], [ -112.143147, 33.465957 ], [ -112.151787, 33.465961 ], [ -112.151757, 33.469589 ] ] ] } },
{ "type": "Feature", "properties": { "STATEFP": "04", "COUNTYFP": "013", "TRACTCE": "613300", "GEOIDFQ": "1400000US04013613300", "GEOID": "04013613300", "NAME": "6133", "NAMELSAD": "Census Tract 6133", "STUSPS": "AZ", "NAMELSADCO": "Maricopa County", "STATE_NAME": "Arizona", "LSAD": "CT", "ALAND": 37833439, "AWATER": 10908, "centroid_lon": -111.96942091147072, "centroid_lat": 33.718835770426985, "B03002_001E": 7284, "B03002_001M": 1126, "B03002_012E": 944, "B03002_012M": 897, "B19013_001E": 132025, "B19013_001M": 23180, "B01003_001E": 7284, "state": "04", "county": "013", "tract": "613300", "latino_share": 0.12959912136188906, "camera_count": 0, "arterial_road_m": 36370.262785850129, "land_area_km2": 37.833439, "pop_density_per_km2": 192.52809663958914, "arterial_km_per_km2": 0.96132584684807876, "log_income": 11.790746577575135, "city": "Phoenix", "crime_count_raw": 289.98655506024522, "crime_rate_annual_per_km2_1000": 0.00075419613075739553 }, "geometry": { "type": "Polygon", "coordinates": [ [ [ -112.025688, 33.699368 ], [ -112.021031, 33.706097 ], [ -112.015206, 33.715406 ], [ -112.008376, 33.726493 ], [ -111.999497, 33.741056 ], [ -111.995517, 33.741046 ], [ -111.991156, 33.741048 ], [ -111.978132, 33.741139 ], [ -111.978032, 33.741138 ], [ -111.97773, 33.741136 ], [ -111.969491, 33.741128 ], [ -111.967274, 33.741119 ], [ -111.960735, 33.741115 ], [ -111.960704, 33.741115 ], [ -111.934683, 33.741201 ], [ -111.925914, 33.741228 ], [ -111.925893, 33.728305 ], [ -111.92561, 33.7267 ], [ -111.925806, 33.726526 ], [ -111.925607, 33.725755 ], [ -111.925582, 33.713178 ], [ -111.925581, 33.698714 ], [ -111.951313, 33.698732 ], [ -111.968725, 33.698729 ], [ -111.98267, 33.698726 ], [ -111.992803, 33.698743 ], [ -111.99828, 33.698711 ], [ -112.023689, 33.698651 ], [ -112.024572, 33.698815 ], [ -112.025688, 33.699368 ] ] ] } },
{ "type": "Feature", "properties": { "STATEFP": "04", "COUNTYFP": "013", "TRACTCE": "614700", "GEOIDFQ": "1400000US04013614700", "GEOID": "04013614700", "NAME": "6147", "NAMELSAD": "Census Tract 6147", "STUSPS": "AZ", "NAMELSADCO": "Maricopa County", "STATE_NAME": "Arizona", "LSAD": "CT", "ALAND": 14866699, "AWATER": 17173, "centroid_lon": -112.08466784212978, "centroid_lat": 33.686403242248794, "B03002_001E": 3309, "B03002_001M": 570, "B03002_012E": 726, "B03002_012M": 370, "B19013_001E": 54716, "B19013_001M": 11938, "B01003_001E": 3309, "state": "04", "county": "013", "tract": "614700", "latino_share": 0.21940163191296463, "camera_count": 2, "arterial_road_m": 47444.912661243579, "land_area_km2": 14.866699, "pop_density_per_km2": 222.57799125414456, "arterial_km_per_km2": 3.1913548973611139, "log_income": 10.909911450209336, "city": "Phoenix", "crime_count_raw": 2453.4976876030451, "crime_rate_annual_per_km2_1000": 0.016238778632090365 }, "geometry": { "type": "Polygon", "coordinates": [ [ [ -112.114563, 33.699875 ], [ -112.108048, 33.700525 ], [ -112.10672, 33.700289 ], [ -112.102198, 33.698538 ], [ -112.09998, 33.6983 ], [ -112.08346, 33.69826 ], [ -112.067079, 33.698412 ], [ -112.065604, 33.700199 ], [ -112.065723, 33.701988 ], [ -112.061457, 33.699205 ], [ -112.056978, 33.693471 ], [ -112.050874, 33.693784 ], [ -112.049079, 33.693943 ], [ -112.048229, 33.693876 ], [ -112.047658, 33.69369 ], [ -112.037244, 33.687505 ], [ -112.047515, 33.687922 ], [ -112.048477, 33.687845 ], [ -112.050709, 33.686855 ], [ -112.053972, 33.684624 ], [ -112.055701, 33.684155 ], [ -112.065644, 33.683889 ], [ -112.065571, 33.673324 ], [ -112.065628, 33.668844 ], [ -112.068594, 33.668801 ], [ -112.074142, 33.668742 ], [ -112.074249, 33.676519 ], [ -112.082865, 33.676467 ], [ -112.09288, 33.676484 ], [ -112.099792, 33.676487 ], [ -112.099791, 33.669224 ], [ -112.104341, 33.668668 ], [ -112.108543, 33.668589 ], [ -112.111789, 33.668514 ], [ -112.113229, 33.668558 ], [ -112.113206, 33.668837 ], [ -112.11262, 33.676509 ], [ -112.112255, 33.683775 ], [ -112.113018, 33.692344 ], [ -112.114563, 33.699875 ] ] ] } },
{ "type": "Feature", "properties": { "STATEFP": "04", "COUNTYFP": "013", "TRACTCE": "082028", "GEOIDFQ": "1400000US04013082028", "GEOID": "04013082028", "NAME": "820.28", "NAMELSAD": "Census Tract 820.28", "STUSPS": "AZ", "NAMELSADCO": "Maricopa County", "STATE_NAME": "Arizona", "LSAD": "CT", "ALAND": 1280712, "AWATER": 0, "centroid_lon": -112.24661879424826, "centroid_lat": 33.468774271975342, "B03002_001E": 4316, "B03002_001M": 817, "B03002_012E": 3350, "B03002_012M": 801, "B19013_001E": 66151, "B19013_001M": 18387, "B01003_001E": 4316, "state": "04", "county": "013", "tract": "082028", "latino_share": 0.77618164967562553, "camera_count": 0, "arterial_road_m": 3645.9896085747032, "land_area_km2": 1.280712, "pop_density_per_km2": 3370.0004372567755, "arterial_km_per_km2": 2.8468458237095482, "log_income": 11.099695286586813, "city": "Phoenix", "crime_count_raw": 1465.528137509315, "crime_rate_annual_per_km2_1000": 0.11259651256650069 }, "geometry": { "type": "Polygon", "coordinates": [ [ [ -112.255242, 33.46514 ], [ -112.255204, 33.472192 ], [ -112.254066, 33.472365 ], [ -112.24652, 33.472473 ], [ -112.246097, 33.47244 ], [ -112.245376, 33.47224 ], [ -112.243626, 33.471415 ], [ -112.243042, 33.472011 ], [ -112.24184, 33.472495 ], [ -112.241508, 33.472534 ], [ -112.23784, 33.472578 ], [ -112.237989, 33.465335 ], [ -112.238186, 33.46533 ], [ -112.246567, 33.465189 ], [ -112.255243, 33.465049 ], [ -112.255242, 33.46514 ] ] ] } },
{ "type": "Feature", "properties": { "STATEFP": "04", "COUNTYFP": "013", "TRACTCE": "105502", "GEOIDFQ": "1400000US04013105502", "GEOID": "04013105502", "NAME": "1055.02", "NAMELSAD": "Census Tract 1055.02", "STUSPS": "AZ", "NAMELSADCO": "Maricopa County", "STATE_NAME": "Arizona", "LSAD": "CT", "ALAND": 639839, "AWATER": 0, "centroid_lon": -112.10393891459724, "centroid_lat": 33.563966440093616, "B03002_001E": 1867, "B03002_001M": 224, "B03002_012E": 328, "B03002_012M": 143, "B19013_001E": 51820, "B19013_001M": 6431, "B01003_001E": 1867, "state": "04", "county": "013", "tract": "105502", "latino_share": 0.17568291376539905, "camera_count": 0, "arterial_road_m": 2287.9296746384766, "land_area_km2": 0.639839, "pop_density_per_km2": 2917.9215396373147, "arterial_km_per_km2": 3.5757896512067515, "log_income": 10.8555314541161, "city": "Phoenix", "crime_count_raw": 1174.2608876322158, "crime_rate_annual_per_km2_1000": 0.18058270104073576 }, "geometry": { "type": "Polygon", "coordinates": [ [ [ -112.108242, 33.564481 ], [ -112.108243, 33.567542 ], [ -112.104857, 33.567567 ], [ -112.099616, 33.567609 ], [ -112.099646, 33.563904 ], [ -112.099657, 33.560431 ], [ -112.100593, 33.560356 ], [ -112.10327, 33.560346 ], [ -112.108246, 33.560346 ], [ -112.108242, 33.564481 ] ] ] } },
{ "type": "Feature", "properties": { "STATEFP": "04", "COUNTYFP": "013", "TRACTCE": "109002", "GEOIDFQ": "1400000US04013109002", "GEOID": "04013109002", "NAME": "1090.02", "NAMELSAD": "Census Tract 1090.02", "STUSPS": "AZ", "NAMELSADCO": "Maricopa County", "STATE_NAME": "Arizona", "LSAD": "CT", "ALAND": 942940, "AWATER": 0, "centroid_lon": -112.10620656589106, "centroid_lat": 33.505912317594223, "B03002_001E": 3906, "B03002_001M": 467, "B03002_012E": 2003, "B03002_012M": 472, "B19013_001E": 52800, "B19013_001M": 6905, "B01003_001E": 3906, "state": "04", "county": "013", "tract": "109002", "latino_share": 0.51280081925243215, "camera_count": 0, "arterial_road_m": 4975.9401017470491, "land_area_km2": 0.94294, "pop_density_per_km2": 4142.3632468661845, "arterial_km_per_km2": 5.2770484885009115, "log_income": 10.874266469694353, "city": "Phoenix", "crime_count_raw": 2384.0559643688189, "crime_rate_annual_per_km2_1000": 0.24877953053658541 }, "geometry": { "type": "Polygon", "coordinates": [ [ [ -112.112288, 33.509503 ], [ -112.106297, 33.509557 ], [ -112.099871, 33.509625 ], [ -112.099888, 33.505989 ], [ -112.099887, 33.504514 ], [ -112.099891, 33.502296 ], [ -112.102075, 33.502499 ], [ -112.104121, 33.502301 ], [ -112.106254, 33.502276 ], [ -112.108421, 33.502251 ], [ -112.112708, 33.502215 ], [ -112.112288, 33.509503 ] ] ] } },
{ "type": "Feature", "properties": { "STATEFP": "04", "COUNTYFP": "013", "TRACTCE": "112514", "GEOIDFQ": "1400000US04013112514", "GEOID": "04013112514", "NAME": "1125.14", "NAMELSAD": "Census Tract 1125.14", "STUSPS": "AZ", "NAMELSADCO": "Maricopa County", "STATE_NAME": "Arizona", "LSAD": "CT", "ALAND": 19186536, "AWATER": 821685, "centroid_lon": -112.16178890489027, "centroid_lat": 33.413643129221811, "B03002_001E": 4804, "B03002_001M": 755, "B03002_012E": 2206, "B03002_012M": 398, "B19013_001E": 95929, "B19013_001M": 8745, "B01003_001E": 4804, "state": "04", "county": "013", "tract": "112514", "latino_share": 0.45920066611157367, "camera_count": 2, "arterial_road_m": 29204.191588361304, "land_area_km2": 19.186536, "pop_density_per_km2": 250.38391505376478, "arterial_km_per_km2": 1.5221190311977786, "log_income": 11.471363613489965, "city": "Phoenix", "crime_count_raw": 2560.5846469373564, "crime_rate_annual_per_km2_1000": 0.013131816982583705 }, "geometry": { "type": "Polygon", "coordinates": [ [ [ -112.192251, 33.400343 ], [ -112.19201, 33.408184 ], [ -112.18663, 33.408028 ], [ -112.186506, 33.408025 ], [ -112.186489, 33.422537 ], [ -112.169308, 33.422241 ], [ -112.169221, 33.436769 ], [ -112.151882, 33.436901 ], [ -112.143256, 33.436897 ], [ -112.134629, 33.43689 ], [ -112.134553, 33.429667 ], [ -112.134534, 33.422486 ], [ -112.134442, 33.416832 ], [ -112.133896, 33.410948 ], [ -112.133697, 33.406675 ], [ -112.14082, 33.4067 ], [ -112.142083, 33.406543 ], [ -112.142201, 33.40652 ], [ -112.143358, 33.406631 ], [ -112.143571, 33.406652 ], [ -112.150919, 33.406627 ], [ -112.150992, 33.403695 ], [ -112.150884, 33.402844 ], [ -112.150876, 33.39929 ], [ -112.15089, 33.394017 ], [ -112.15087, 33.3921 ], [ -112.15414, 33.39205 ], [ -112.15733, 33.392041 ], [ -112.158452, 33.392036 ], [ -112.159522, 33.392032 ], [ -112.16462, 33.392016 ], [ -112.168234, 33.391965 ], [ -112.176844, 33.391985 ], [ -112.185332, 33.391947 ], [ -112.192141, 33.391941 ], [ -112.192296, 33.39618 ], [ -112.192251, 33.400343 ] ] ] } },
{ "type": "Feature", "properties": { "STATEFP": "04", "COUNTYFP": "013", "TRACTCE": "616200", "GEOIDFQ": "1400000US04013616200", "GEOID": "04013616200", "NAME": "6162", "NAMELSAD": "Census Tract 6162", "STUSPS": "AZ", "NAMELSADCO": "Maricopa County", "STATE_NAME": "Arizona", "LSAD": "CT", "ALAND": 1234925, "AWATER": 0, "centroid_lon": -112.16044980565391, "centroid_lat": 33.658081414924162, "B03002_001E": 3662, "B03002_001M": 488, "B03002_012E": 524, "B03002_012M": 335, "B19013_001E": 105687, "B19013_001M": 5889, "B01003_001E": 3662, "state": "04", "county": "013", "tract": "616200", "latino_share": 0.14309120699071545, "camera_count": 0, "arterial_road_m": 2546.1086779707243, "land_area_km2": 1.234925, "pop_density_per_km2": 2965.3622689637023, "arterial_km_per_km2": 2.0617516674864662, "log_income": 11.5682371747013, "city": "Phoenix", "crime_count_raw": 447.28435939087552, "crime_rate_annual_per_km2_1000": 0.035638989896495984 }, "geometry": { "type": "Polygon", "coordinates": [ [ [ -112.169133, 33.659943 ], [ -112.168236, 33.661379 ], [ -112.164428, 33.66137 ], [ -112.163774, 33.662599 ], [ -112.163237, 33.662135 ], [ -112.160316, 33.662098 ], [ -112.160595, 33.660808 ], [ -112.157937, 33.661433 ], [ -112.151984, 33.661863 ], [ -112.151922, 33.65461 ], [ -112.16059, 33.65455 ], [ -112.168955, 33.654507 ], [ -112.169133, 33.659943 ] ] ] } },
{ "type": "Feature", "properties": { "STATEFP": "04", "COUNTYFP": "013", "TRACTCE": "616500", "GEOIDFQ": "1400000US04013616500", "GEOID": "04013616500", "NAME": "6165", "NAMELSAD": "Census Tract 6165", "STUSPS": "AZ", "NAMELSADCO": "Maricopa County", "STATE_NAME": "Arizona", "LSAD": "CT", "ALAND": 2012357, "AWATER": 0, "centroid_lon": -112.10673988062973, "centroid_lat": 33.661613389268901, "B03002_001E": 3685, "B03002_001M": 578, "B03002_012E": 908, "B03002_012M": 290, "B19013_001E": 78088, "B19013_001M": 13309, "B01003_001E": 3685, "state": "04", "county": "013", "tract": "616500", "latino_share": 0.24640434192673, "camera_count": 0, "arterial_road_m": 12731.001830730731, "land_area_km2": 2.012357, "pop_density_per_km2": 1831.1860171927742, "arterial_km_per_km2": 6.3264131715847292, "log_income": 11.2655916748548, "city": "Phoenix", "crime_count_raw": 1191.1439343844906, "crime_rate_annual_per_km2_1000": 0.058242696266464521 }, "geometry": { "type": "Polygon", "coordinates": [ [ [ -112.114045, 33.658386 ], [ -112.113229, 33.668558 ], [ -112.111789, 33.668514 ], [ -112.108543, 33.668589 ], [ -112.104341, 33.668668 ], [ -112.099791, 33.669224 ], [ -112.099792, 33.661966 ], [ -112.099753, 33.654733 ], [ -112.105583, 33.65471 ], [ -112.108477, 33.654705 ], [ -112.114346, 33.654699 ], [ -112.114045, 33.658386 ] ] ] } },
{ "type": "Feature", "properties": { "STATEFP": "04", "COUNTYFP": "013", "TRACTCE": "616700", "GEOIDFQ": "1400000US04013616700", "GEOID": "04013616700", "NAME": "6167", "NAMELSAD": "Census Tract 6167", "STUSPS": "AZ", "NAMELSADCO": "Maricopa County", "STATE_NAME": "Arizona", "LSAD": "CT", "ALAND": 2475486, "AWATER": 0, "centroid_lon": -112.07420027416134, "centroid_lat": 33.661725391067712, "B03002_001E": 4956, "B03002_001M": 973, "B03002_012E": 833, "B03002_012M": 344, "B19013_001E": 87889, "B19013_001M": 10939, "B01003_001E": 4956, "state": "04", "county": "013", "tract": "616700", "latino_share": 0.16807909604519775, "camera_count": 0, "arterial_road_m": 5469.1786227636803, "land_area_km2": 2.475486, "pop_density_per_km2": 2002.0311163141298, "arterial_km_per_km2": 2.209335307395671, "log_income": 11.383829933635276, "city": "Phoenix", "crime_count_raw": 689.49852908839216, "crime_rate_annual_per_km2_1000": 0.027406597806739888 }, "geometry": { "type": "Polygon", "coordinates": [ [ [ -112.082855, 33.668538 ], [ -112.074142, 33.668742 ], [ -112.068594, 33.668801 ], [ -112.065628, 33.668844 ], [ -112.065611, 33.662113 ], [ -112.065558, 33.654846 ], [ -112.074174, 33.654735 ], [ -112.077881, 33.65469 ], [ -112.082799, 33.654647 ], [ -112.082813, 33.661815 ], [ -112.082811, 33.661919 ], [ -112.082855, 33.668538 ] ] ] } },
{ "type": "Feature", "properties": { "STATEFP": "04", "COUNTYFP": "013", "TRACTCE": "619500", "GEOIDFQ": "1400000US04013619500", "GEOID": "04013619500", "NAME": "6195", "NAMELSAD": "Census Tract 6195", "STUSPS": "AZ", "NAMELSADCO": "Maricopa County", "STATE_NAME": "Arizona", "LSAD": "CT", "ALAND": 2588572, "AWATER": 0, "centroid_lon": -112.0221987591016, "centroid_lat": 33.647811814164903, "B03002_001E": 5882, "B03002_001M": 996, "B03002_012E": 1480, "B03002_012M": 956, "B19013_001E": 79708, "B19013_001M": 32400, "B01003_001E": 5882, "state": "04", "county": "013", "tract": "619500", "latino_share": 0.25161509690581435, "camera_count": 0, "arterial_road_m": 8090.557534543892, "land_area_km2": 2.588572, "pop_density_per_km2": 2272.2953041290721, "arterial_km_per_km2": 3.1254906313380086, "log_income": 11.286125236152476, "city": "Phoenix", "crime_count_raw": 1458.4682737010392, "crime_rate_annual_per_km2_1000": 0.05543946034488742 }, "geometry": { "type": "Polygon", "coordinates": [ [ [ -112.030857, 33.655041 ], [ -112.022184, 33.655089 ], [ -112.01362, 33.655133 ], [ -112.013534, 33.647864 ], [ -112.013495, 33.640598 ], [ -112.020003, 33.640564 ], [ -112.026493, 33.640533 ], [ -112.030849, 33.640499 ], [ -112.030852, 33.647773 ], [ -112.030851, 33.651396 ], [ -112.030857, 33.655041 ] ] ] } },
{ "type": "Feature", "properties": { "STATEFP": "04", "COUNTYFP": "013", "TRACTCE": "105503", "GEOIDFQ": "1400000US04013105503", "GEOID": "04013105503", "NAME": "1055.03", "NAMELSAD": "Census Tract 1055.03", "STUSPS": "AZ", "NAMELSADCO": "Maricopa County", "STATE_NAME": "Arizona", "LSAD": "CT", "ALAND": 630445, "AWATER": 20253, "centroid_lon": -112.10403279475749, "centroid_lat": 33.556758330961493, "B03002_001E": 4193, "B03002_001M": 808, "B03002_012E": 1836, "B03002_012M": 855, "B19013_001E": 45677, "B19013_001M": 9169, "B01003_001E": 4193, "state": "04", "county": "013", "tract": "105503", "latino_share": 0.43787264488433103, "camera_count": 1, "arterial_road_m": 1456.2387630976364, "land_area_km2": 0.630445, "pop_density_per_km2": 6650.8577274782092, "arterial_km_per_km2": 2.3098585334131227, "log_income": 10.729350167917552, "city": "Phoenix", "crime_count_raw": 2780.9292009614901, "crime_rate_annual_per_km2_1000": 0.43403523274678596 }, "geometry": { "type": "Polygon", "coordinates": [ [ [ -112.108246, 33.560346 ], [ -112.10327, 33.560346 ], [ -112.100593, 33.560356 ], [ -112.099657, 33.560431 ], [ -112.099648, 33.558928 ], [ -112.099675, 33.553078 ], [ -112.103998, 33.553109 ], [ -112.108313, 33.553116 ], [ -112.10811, 33.555798 ], [ -112.108876, 33.557589 ], [ -112.108246, 33.560346 ] ] ] } },
{ "type": "Feature", "properties": { "STATEFP": "04", "COUNTYFP": "013", "TRACTCE": "109001", "GEOIDFQ": "1400000US04013109001", "GEOID": "04013109001", "NAME": "1090.01", "NAMELSAD": "Census Tract 1090.01", "STUSPS": "AZ", "NAMELSADCO": "Maricopa County", "STATE_NAME": "Arizona", "LSAD": "CT", "ALAND": 650530, "AWATER": 0, "centroid_lon": -112.11483910795802, "centroid_lat": 33.502393167834356, "B03002_001E": 5330, "B03002_001M": 988, "B03002_012E": 3422, "B03002_012M": 943, "B19013_001E": 49375, "B19013_001M": 11141, "B01003_001E": 5330, "state": "04", "county": "013", "tract": "109001", "latino_share": 0.64202626641651028, "camera_count": 0, "arterial_road_m": 6727.4972031744064, "land_area_km2": 0.65053, "pop_density_per_km2": 8193.3192934991457, "arterial_km_per_km2": 10.341563345540415, "log_income": 10.807199502203423, "city": "Phoenix", "crime_count_raw": 4236.0938896579883, "crime_rate_annual_per_km2_1000": 0.64073803498717996 }, "geometry": { "type": "Polygon", "coordinates": [ [ [ -112.117021, 33.502193 ], [ -112.116987, 33.509459 ], [ -112.112288, 33.509503 ], [ -112.112708, 33.502215 ], [ -112.112851, 33.498593 ], [ -112.112904, 33.495015 ], [ -112.117066, 33.494965 ], [ -112.117021, 33.502193 ] ] ] } },
{ "type": "Feature", "properties": { "STATEFP": "04", "COUNTYFP": "013", "TRACTCE": "616100", "GEOIDFQ": "1400000US04013616100", "GEOID": "04013616100", "NAME": "6161", "NAMELSAD": "Census Tract 6161", "STUSPS": "AZ", "NAMELSADCO": "Maricopa County", "STATE_NAME": "Arizona", "LSAD": "CT", "ALAND": 1390906, "AWATER": 0, "centroid_lon": -112.16053863748731, "centroid_lat": 33.66548590227849, "B03002_001E": 3936, "B03002_001M": 667, "B03002_012E": 760, "B03002_012M": 418, "B19013_001E": 72833, "B19013_001M": 5462, "B01003_001E": 3936, "state": "04", "county": "013", "tract": "616100", "latino_share": 0.19308943089430894, "camera_count": 0, "arterial_road_m": 8084.1716880259501, "land_area_km2": 1.390906, "pop_density_per_km2": 2829.810210035761, "arterial_km_per_km2": 5.8121624955431574, "log_income": 11.19592442818016, "city": "Phoenix", "crime_count_raw": 412.33918828850318, "crime_rate_annual_per_km2_1000": 0.029170178598575087 }, "geometry": { "type": "Polygon", "coordinates": [ [ [ -112.169418, 33.668515 ], [ -112.163405, 33.669458 ], [ -112.160791, 33.669602 ], [ -112.151374, 33.669639 ], [ -112.152038, 33.66914 ], [ -112.152002, 33.665095 ], [ -112.151984, 33.661863 ], [ -112.157937, 33.661433 ], [ -112.160595, 33.660808 ], [ -112.160316, 33.662098 ], [ -112.163237, 33.662135 ], [ -112.163774, 33.662599 ], [ -112.164428, 33.66137 ], [ -112.168236, 33.661379 ], [ -112.169133, 33.659943 ], [ -112.169194, 33.661856 ], [ -112.169279, 33.664355 ], [ -112.169418, 33.668515 ] ] ] } },
{ "type": "Feature", "properties": { "STATEFP": "04", "COUNTYFP": "013", "TRACTCE": "616900", "GEOIDFQ": "1400000US04013616900", "GEOID": "04013616900", "NAME": "6169", "NAMELSAD": "Census Tract 6169", "STUSPS": "AZ", "NAMELSADCO": "Maricopa County", "STATE_NAME": "Arizona", "LSAD": "CT", "ALAND": 2753692, "AWATER": 0, "centroid_lon": -112.03924733927842, "centroid_lat": 33.662560581009565, "B03002_001E": 4735, "B03002_001M": 495, "B03002_012E": 705, "B03002_012M": 332, "B19013_001E": 94375, "B19013_001M": 13186, "B01003_001E": 4735, "state": "04", "county": "013", "tract": "616900", "latino_share": 0.14889123548046462, "camera_count": 0, "arterial_road_m": 6345.7978141471676, "land_area_km2": 2.753692, "pop_density_per_km2": 1719.5096619375006, "arterial_km_per_km2": 2.3044689871442294, "log_income": 11.455031486551325, "city": "Phoenix", "crime_count_raw": 872.17526919120689, "crime_rate_annual_per_km2_1000": 0.03116525337964687 }, "geometry": { "type": "Polygon", "coordinates": [ [ [ -112.048537, 33.662191 ], [ -112.048508, 33.668916 ], [ -112.042313, 33.668995 ], [ -112.03968, 33.669472 ], [ -112.033535, 33.671553 ], [ -112.030974, 33.672166 ], [ -112.030931, 33.670171 ], [ -112.030829, 33.669562 ], [ -112.030044, 33.666699 ], [ -112.030471, 33.663908 ], [ -112.030828, 33.662295 ], [ -112.030874, 33.661943 ], [ -112.030885, 33.6599 ], [ -112.030857, 33.655041 ], [ -112.039535, 33.654977 ], [ -112.048468, 33.654933 ], [ -112.048533, 33.658557 ], [ -112.048537, 33.662191 ] ] ] } },
{ "type": "Feature", "properties": { "STATEFP": "04", "COUNTYFP": "013", "TRACTCE": "617300", "GEOIDFQ": "1400000US04013617300", "GEOID": "04013617300", "NAME": "6173", "NAMELSAD": "Census Tract 6173", "STUSPS": "AZ", "NAMELSADCO": "Maricopa County", "STATE_NAME": "Arizona", "LSAD": "CT", "ALAND": 1100779, "AWATER": 0, "centroid_lon": -111.99169865474438, "centroid_lat": 33.658059143265881, "B03002_001E": 2950, "B03002_001M": 405, "B03002_012E": 294, "B03002_012M": 145, "B19013_001E": 91875, "B19013_001M": 25199, "B01003_001E": 2950, "state": "04", "county": "013", "tract": "617300", "latino_share": 0.099661016949152539, "camera_count": 0, "arterial_road_m": 5477.3994507527696, "land_area_km2": 1.100779, "pop_density_per_km2": 2679.92031097977, "arterial_km_per_km2": 4.9759301828548415, "log_income": 11.428184236515138, "city": "Phoenix", "crime_count_raw": 228.10505328933783, "crime_rate_annual_per_km2_1000": 0.020389990702903253 }, "geometry": { "type": "Polygon", "coordinates": [ [ [ -111.999898, 33.663541 ], [ -111.999908, 33.663685 ], [ -111.993978, 33.661653 ], [ -111.977389, 33.656264 ], [ -111.977414, 33.655213 ], [ -111.986077, 33.655217 ], [ -111.988368, 33.65522 ], [ -111.996269, 33.655243 ], [ -112.000273, 33.655195 ], [ -111.999898, 33.663541 ] ] ] } },
{ "type": "Feature", "properties": { "STATEFP": "04", "COUNTYFP": "013", "TRACTCE": "616300", "GEOIDFQ": "1400000US04013616300", "GEOID": "04013616300", "NAME": "6163", "NAMELSAD": "Census Tract 6163", "STUSPS": "AZ", "NAMELSADCO": "Maricopa County", "STATE_NAME": "Arizona", "LSAD": "CT", "ALAND": 2694263, "AWATER": 0, "centroid_lon": -112.14327575233061, "centroid_lat": 33.662134933922658, "B03002_001E": 1892, "B03002_001M": 258, "B03002_012E": 278, "B03002_012M": 147, "B19013_001E": 99722, "B19013_001M": 4665, "B01003_001E": 1892, "state": "04", "county": "013", "tract": "616300", "latino_share": 0.14693446088794926, "camera_count": 4, "arterial_road_m": 8140.9365032814567, "land_area_km2": 2.694263, "pop_density_per_km2": 702.23285551559002, "arterial_km_per_km2": 3.0215819700160891, "log_income": 11.510141593593612, "city": "Phoenix", "crime_count_raw": 478.46627782943375, "crime_rate_annual_per_km2_1000": 0.017474051215130206 }, "geometry": { "type": "Polygon", "coordinates": [ [ [ -112.152038, 33.66914 ], [ -112.151374, 33.669639 ], [ -112.142664, 33.669719 ], [ -112.137476, 33.669723 ], [ -112.134635, 33.669283 ], [ -112.134471, 33.65464 ], [ -112.143199, 33.654625 ], [ -112.151922, 33.65461 ], [ -112.151984, 33.661863 ], [ -112.152002, 33.665095 ], [ -112.152038, 33.66914 ] ] ] } },
{ "type": "Feature", "properties": { "STATEFP": "04", "COUNTYFP": "013", "TRACTCE": "612200", "GEOIDFQ": "1400000US04013612200", "GEOID": "04013612200", "NAME": "6122", "NAMELSAD": "Census Tract 6122", "STUSPS": "AZ", "NAMELSADCO": "Maricopa County", "STATE_NAME": "Arizona", "LSAD": "CT", "ALAND": 22974688, "AWATER": 2618, "centroid_lon": -112.08073987934669, "centroid_lat": 33.745648607417323, "B03002_001E": 7629, "B03002_001M": 722, "B03002_012E": 871, "B03002_012M": 379, "B19013_001E": 121277, "B19013_001M": 20550, "B01003_001E": 7629, "state": "04", "county": "013", "tract": "612200", "latino_share": 0.11416961593917944, "camera_count": 0, "arterial_road_m": 15900.557051236068, "land_area_km2": 22.974688, "pop_density_per_km2": 332.06109262506635, "arterial_km_per_km2": 0.69209022778616491, "log_income": 11.705832464422498, "city": "Phoenix", "crime_count_raw": 550.04141490137181, "crime_rate_annual_per_km2_1000": 0.0023557436292619858 }, "geometry": { "type": "Polygon", "coordinates": [ [ [ -112.114295, 33.749288 ], [ -112.111809, 33.751713 ], [ -112.111318, 33.755561 ], [ -112.110009, 33.756919 ], [ -112.110277, 33.761933 ], [ -112.109835, 33.763093 ], [ -112.106235, 33.764975 ], [ -112.103227, 33.766037 ], [ -112.101432, 33.768605 ], [ -112.100385, 33.769116 ], [ -112.096627, 33.769744 ], [ -112.095231, 33.767821 ], [ -112.09211, 33.767832 ], [ -112.089695, 33.769977 ], [ -112.088438, 33.770153 ], [ -112.085601, 33.768774 ], [ -112.083777, 33.767686 ], [ -112.080157, 33.768395 ], [ -112.07699, 33.767467 ], [ -112.073146, 33.765065 ], [ -112.067929, 33.764268 ], [ -112.066416, 33.761868 ], [ -112.062781, 33.757319 ], [ -112.059256, 33.752401 ], [ -112.056185, 33.750404 ], [ -112.053207, 33.747233 ], [ -112.052069, 33.746869 ], [ -112.049491, 33.744738 ], [ -112.047062, 33.741827 ], [ -112.045809, 33.739942 ], [ -112.044849, 33.737222 ], [ -112.045553, 33.735814 ], [ -112.043385, 33.735135 ], [ -112.04229, 33.733826 ], [ -112.041113, 33.729327 ], [ -112.045695, 33.729969 ], [ -112.046212, 33.728666 ], [ -112.04843, 33.727709 ], [ -112.051985, 33.726438 ], [ -112.083355, 33.726214 ], [ -112.084439, 33.725819 ], [ -112.085239, 33.725649 ], [ -112.085239, 33.725715 ], [ -112.087443, 33.725693 ], [ -112.087557, 33.725911 ], [ -112.095189, 33.725754 ], [ -112.098349, 33.72805 ], [ -112.09955, 33.729102 ], [ -112.108787, 33.740283 ], [ -112.114119, 33.746697 ], [ -112.114757, 33.747274 ], [ -112.114295, 33.749288 ] ] ] } },
{ "type": "Feature", "properties": { "STATEFP": "04", "COUNTYFP": "013", "TRACTCE": "116614", "GEOIDFQ": "1400000US04013116614", "GEOID": "04013116614", "NAME": "1166.14", "NAMELSAD": "Census Tract 1166.14", "STUSPS": "AZ", "NAMELSADCO": "Maricopa County", "STATE_NAME": "Arizona", "LSAD": "CT", "ALAND": 1294040, "AWATER": 0, "centroid_lon": -112.09053323486505, "centroid_lat": 33.381354209784028, "B03002_001E": 3619, "B03002_001M": 689, "B03002_012E": 2114, "B03002_012M": 617, "B19013_001E": 59829, "B19013_001M": 13831, "B01003_001E": 3619, "state": "04", "county": "013", "tract": "116614", "latino_share": 0.58413926499032887, "camera_count": 0, "arterial_road_m": 2672.7529011880797, "land_area_km2": 1.29404, "pop_density_per_km2": 2796.667800068004, "arterial_km_per_km2": 2.0654329859881297, "log_income": 10.999245772221331, "city": "Phoenix", "crime_count_raw": 1094.8701878612674, "crime_rate_annual_per_km2_1000": 0.08325248136040167 }, "geometry": { "type": "Polygon", "coordinates": [ [ [ -112.099128, 33.38503 ], [ -112.090572, 33.384984 ], [ -112.081927, 33.384973 ], [ -112.081914, 33.377744 ], [ -112.083304, 33.377709 ], [ -112.099123, 33.377721 ], [ -112.099128, 33.38503 ] ] ] } },
{ "type": "Feature", "properties": { "STATEFP": "04", "COUNTYFP": "013", "TRACTCE": "614602", "GEOIDFQ": "1400000US04013614602", "GEOID": "04013614602", "NAME": "6146.02", "NAMELSAD": "Census Tract 6146.02", "STUSPS": "AZ", "NAMELSADCO": "Maricopa County", "STATE_NAME": "Arizona", "LSAD": "CT", "ALAND": 2036982, "AWATER": 0, "centroid_lon": -112.11930395745378, "centroid_lat": 33.676409671606613, "B03002_001E": 3786, "B03002_001M": 963, "B03002_012E": 804, "B03002_012M": 220, "B19013_001E": 74011, "B19013_001M": 12433, "B01003_001E": 3786, "state": "04", "county": "013", "tract": "614602", "latino_share": 0.21236133122028525, "camera_count": 0, "arterial_road_m": 14461.849328234845, "land_area_km2": 2.036982, "pop_density_per_km2": 1858.632035040074, "arterial_km_per_km2": 7.0996451260908753, "log_income": 11.21196900978784, "city": "Phoenix", "crime_count_raw": 1266.5371271701024, "crime_rate_annual_per_km2_1000": 0.061180495628141734 }, "geometry": { "type": "Polygon", "coordinates": [ [ [ -112.126043, 33.683813 ], [ -112.123886, 33.683779 ], [ -112.112255, 33.683775 ], [ -112.11262, 33.676509 ], [ -112.113206, 33.668837 ], [ -112.121634, 33.668865 ], [ -112.125922, 33.668877 ], [ -112.126006, 33.676544 ], [ -112.125576, 33.677978 ], [ -112.125971, 33.679859 ], [ -112.126043, 33.683813 ] ] ] } },
{ "type": "Feature", "properties": { "STATEFP": "04", "COUNTYFP": "013", "TRACTCE": "109402", "GEOIDFQ": "1400000US04013109402", "GEOID": "04013109402", "NAME": "1094.02", "NAMELSAD": "Census Tract 1094.02", "STUSPS": "AZ", "NAMELSADCO": "Maricopa County", "STATE_NAME": "Arizona", "LSAD": "CT", "ALAND": 1326622, "AWATER": 0, "centroid_lon": -112.17758059551781, "centroid_lat": 33.50586206890668, "B03002_001E": 4721, "B03002_001M": 986, "B03002_012E": 3501, "B03002_012M": 796, "B19013_001E": 76141, "B19013_001M": 35335, "B01003_001E": 4721, "state": "04", "county": "013", "tract": "109402", "latino_share": 0.74158017369201445, "camera_count": 0, "arterial_road_m": 7606.3782936163243, "land_area_km2": 1.326622, "pop_density_per_km2": 3558.662527833852, "arterial_km_per_km2": 5.7336440173736936, "log_income": 11.240342163551318, "city": "Phoenix", "crime_count_raw": 1033.4346589084855, "crime_rate_annual_per_km2_1000": 0.076651045796219799 }, "geometry": { "type": "Polygon", "coordinates": [ [ [ -112.186377, 33.505907 ], [ -112.186359, 33.509466 ], [ -112.18636, 33.509569 ], [ -112.181941, 33.509552 ], [ -112.177536, 33.509524 ], [ -112.173153, 33.50949 ], [ -112.168756, 33.509469 ], [ -112.168757, 33.509366 ], [ -112.168779, 33.507365 ], [ -112.168806, 33.502145 ], [ -112.173219, 33.502172 ], [ -112.177611, 33.502204 ], [ -112.186404, 33.50226 ], [ -112.186377, 33.505907 ] ] ] } },
{ "type": "Feature", "properties": { "STATEFP": "04", "COUNTYFP": "013", "TRACTCE": "116618", "GEOIDFQ": "1400000US04013116618", "GEOID": "04013116618", "NAME": "1166.18", "NAMELSAD": "Census Tract 1166.18", "STUSPS": "AZ", "NAMELSADCO": "Maricopa County", "STATE_NAME": "Arizona", "LSAD": "CT", "ALAND": 5343838, "AWATER": 604, "centroid_lon": -112.20163153175343, "centroid_lat": 33.366912521870319, "B03002_001E": 5724, "B03002_001M": 942, "B03002_012E": 2897, "B03002_012M": 742, "B19013_001E": 103511, "B19013_001M": 6085, "B01003_001E": 5724, "state": "04", "county": "013", "tract": "116618", "latino_share": 0.50611460517120899, "camera_count": 0, "arterial_road_m": 13260.825432074447, "land_area_km2": 5.343838, "pop_density_per_km2": 1071.1402553745081, "arterial_km_per_km2": 2.4815171103754357, "log_income": 11.547433166233457, "city": "Phoenix", "crime_count_raw": 801.13808084421692, "crime_rate_annual_per_km2_1000": 0.014751505614061926 }, "geometry": { "type": "Polygon", "coordinates": [ [ [ -112.222898, 33.37733 ], [ -112.21976, 33.377347 ], [ -112.211122, 33.377364 ], [ -112.211094, 33.377364 ], [ -112.20246, 33.377361 ], [ -112.18985, 33.377418 ], [ -112.189732, 33.370138 ], [ -112.190274, 33.367668 ], [ -112.191774, 33.363757 ], [ -112.192537, 33.360015 ], [ -112.192552, 33.358247 ], [ -112.192202, 33.355858 ], [ -112.189584, 33.348113 ], [ -112.187968, 33.345346 ], [ -112.187483, 33.344668 ], [ -112.186641, 33.343616 ], [ -112.186294, 33.343214 ], [ -112.186354, 33.341717 ], [ -112.200541, 33.3557 ], [ -112.203202, 33.358286 ], [ -112.215316, 33.370029 ], [ -112.219871, 33.370051 ], [ -112.220099, 33.374406 ], [ -112.220201, 33.374592 ], [ -112.222898, 33.37733 ] ] ] } },
{ "type": "Feature", "properties": { "STATEFP": "04", "COUNTYFP": "013", "TRACTCE": "611800", "GEOIDFQ": "1400000US04013611800", "GEOID": "04013611800", "NAME": "6118", "NAMELSAD": "Census Tract 6118", "STUSPS": "AZ", "NAMELSADCO": "Maricopa County", "STATE_NAME": "Arizona", "LSAD": "CT", "ALAND": 2577142, "AWATER": 0, "centroid_lon": -112.14362968741672, "centroid_lat": 33.705522706240735, "B03002_001E": 7057, "B03002_001M": 739, "B03002_012E": 918, "B03002_012M": 221, "B19013_001E": 115171, "B19013_001M": 11193, "B01003_001E": 7057, "state": "04", "county": "013", "tract": "611800", "latino_share": 0.13008360493127391, "camera_count": 0, "arterial_road_m": 6520.005436533691, "land_area_km2": 2.577142, "pop_density_per_km2": 2738.3046801456808, "arterial_km_per_km2": 2.5299364321149906, "log_income": 11.654173259441963, "city": "Phoenix", "crime_count_raw": 709.25858013521122, "crime_rate_annual_per_km2_1000": 0.027079990435022391 }, "geometry": { "type": "Polygon", "coordinates": [ [ [ -112.152323, 33.712716 ], [ -112.143692, 33.712784 ], [ -112.135027, 33.71281 ], [ -112.134974, 33.705591 ], [ -112.134877, 33.698349 ], [ -112.143598, 33.698279 ], [ -112.152254, 33.698226 ], [ -112.152293, 33.705451 ], [ -112.152323, 33.712716 ] ] ] } },
{ "type": "Feature", "properties": { "STATEFP": "04", "COUNTYFP": "013", "TRACTCE": "614400", "GEOIDFQ": "1400000US04013614400", "GEOID": "04013614400", "NAME": "6144", "NAMELSAD": "Census Tract 6144", "STUSPS": "AZ", "NAMELSADCO": "Maricopa County", "STATE_NAME": "Arizona", "LSAD": "CT", "ALAND": 2401281, "AWATER": 0, "centroid_lon": -112.14222423299741, "centroid_lat": 33.676873850668876, "B03002_001E": 3889, "B03002_001M": 598, "B03002_012E": 433, "B03002_012M": 315, "B19013_001E": 59104, "B19013_001M": 6499, "B01003_001E": 3889, "state": "04", "county": "013", "tract": "614400", "latino_share": 0.11133967600925687, "camera_count": 0, "arterial_road_m": 8260.9247236901647, "land_area_km2": 2.401281, "pop_density_per_km2": 1619.5522306635501, "arterial_km_per_km2": 3.4402157530460471, "log_income": 10.987053882998966, "city": "Phoenix", "crime_count_raw": 775.20281432504294, "crime_rate_annual_per_km2_1000": 0.03176542082761722 }, "geometry": { "type": "Polygon", "coordinates": [ [ [ -112.153328, 33.677778 ], [ -112.141584, 33.684439 ], [ -112.13475, 33.688127 ], [ -112.134764, 33.683837 ], [ -112.13472, 33.678898 ], [ -112.134664, 33.672132 ], [ -112.134635, 33.669283 ], [ -112.137476, 33.669723 ], [ -112.142664, 33.669719 ], [ -112.151374, 33.669639 ], [ -112.151193, 33.675342 ], [ -112.153328, 33.677778 ] ] ] } },
{ "type": "Feature", "properties": { "STATEFP": "04", "COUNTYFP": "013", "TRACTCE": "082204", "GEOIDFQ": "1400000US04013082204", "GEOID": "04013082204", "NAME": "822.04", "NAMELSAD": "Census Tract 822.04", "STUSPS": "AZ", "NAMELSADCO": "Maricopa County", "STATE_NAME": "Arizona", "LSAD": "CT", "ALAND": 9542950, "AWATER": 17733, "centroid_lon": -112.2637117848689, "centroid_lat": 33.408878660963303, "B03002_001E": 7727, "B03002_001M": 952, "B03002_012E": 5210, "B03002_012M": 810, "B19013_001E": 97719, "B19013_001M": 13602, "B01003_001E": 7727, "state": "04", "county": "013", "tract": "082204", "latino_share": 0.67425909149734697, "camera_count": 0, "arterial_road_m": 13981.717205655839, "land_area_km2": 9.54295, "pop_density_per_km2": 809.7076899700827, "arterial_km_per_km2": 1.46513575002026, "log_income": 11.489851291999628, "city": "Phoenix", "crime_count_raw": 2005.7199135148255, "crime_rate_annual_per_km2_1000": 0.020680921924808561 }, "geometry": { "type": "Polygon", "coordinates": [ [ [ -112.272608, 33.421104 ], [ -112.272355, 33.435591 ], [ -112.272355, 33.435682 ], [ -112.255141, 33.435786 ], [ -112.255144, 33.435688 ], [ -112.255607, 33.421166 ], [ -112.255263, 33.411693 ], [ -112.255078, 33.406437 ], [ -112.254301, 33.402728 ], [ -112.254312, 33.399194 ], [ -112.254295, 33.383756 ], [ -112.25482, 33.383774 ], [ -112.255378, 33.383635 ], [ -112.257102, 33.383533 ], [ -112.25967, 33.383148 ], [ -112.261273, 33.383517 ], [ -112.262554, 33.383391 ], [ -112.263033, 33.382739 ], [ -112.272517, 33.381259 ], [ -112.272493, 33.384795 ], [ -112.272208, 33.390447 ], [ -112.272223, 33.39235 ], [ -112.272148, 33.39578 ], [ -112.272155, 33.399244 ], [ -112.272168, 33.40289 ], [ -112.272252, 33.406452 ], [ -112.272491, 33.413776 ], [ -112.272608, 33.421104 ] ] ] } },
{ "type": "Feature", "properties": { "STATEFP": "04", "COUNTYFP": "013", "TRACTCE": "103702", "GEOIDFQ": "1400000US04013103702", "GEOID": "04013103702", "NAME": "1037.02", "NAMELSAD": "Census Tract 1037.02", "STUSPS": "AZ", "NAMELSADCO": "Maricopa County", "STATE_NAME": "Arizona", "LSAD": "CT", "ALAND": 4717269, "AWATER": 0, "centroid_lon": -112.05552862930419, "centroid_lat": 33.594128556935075, "B03002_001E": 3557, "B03002_001M": 731, "B03002_012E": 593, "B03002_012M": 206, "B19013_001E": 88526, "B19013_001M": 17692, "B01003_001E": 3557, "state": "04", "county": "013", "tract": "103702", "latino_share": 0.16671352263143099, "camera_count": 0, "arterial_road_m": 8678.4734941967054, "land_area_km2": 4.717269, "pop_density_per_km2": 754.03798256999971, "arterial_km_per_km2": 1.8397241060869554, "log_income": 11.391051573160301, "city": "Phoenix", "crime_count_raw": 888.91388031212421, "crime_rate_annual_per_km2_1000": 0.018541774815704671 }, "geometry": { "type": "Polygon", "coordinates": [ [ [ -112.066286, 33.594206 ], [ -112.065958, 33.595344 ], [ -112.06545, 33.596598 ], [ -112.06522, 33.597575 ], [ -112.065293, 33.603506 ], [ -112.065124, 33.605275 ], [ -112.065123, 33.607633 ], [ -112.058431, 33.607208 ], [ -112.056253, 33.606093 ], [ -112.045358, 33.59898 ], [ -112.041597, 33.597562 ], [ -112.037924, 33.596859 ], [ -112.039018, 33.595655 ], [ -112.042017, 33.593042 ], [ -112.044116, 33.590546 ], [ -112.047729, 33.588673 ], [ -112.04996, 33.585048 ], [ -112.048473, 33.58442 ], [ -112.048476, 33.582265 ], [ -112.051734, 33.582268 ], [ -112.052136, 33.582308 ], [ -112.056443, 33.58229 ], [ -112.057867, 33.582239 ], [ -112.061537, 33.581013 ], [ -112.065102, 33.581769 ], [ -112.065008, 33.582213 ], [ -112.064518, 33.58319 ], [ -112.064141, 33.583823 ], [ -112.063366, 33.586422 ], [ -112.065383, 33.589683 ], [ -112.066155, 33.591109 ], [ -112.066403, 33.592364 ], [ -112.066286, 33.594206 ] ] ] } },
{ "type": "Feature", "properties": { "STATEFP": "04", "COUNTYFP": "013", "TRACTCE": "082008", "GEOIDFQ": "1400000US04013082008", "GEOID": "04013082008", "NAME": "820.08", "NAMELSAD": "Census Tract 820.08", "STUSPS": "AZ", "NAMELSADCO": "Maricopa County", "STATE_NAME": "Arizona", "LSAD": "CT", "ALAND": 1300324, "AWATER": 0, "centroid_lon": -112.24208784441227, "centroid_lat": 33.501525366480223, "B03002_001E": 5249, "B03002_001M": 857, "B03002_012E": 4137, "B03002_012M": 881, "B19013_001E": 80250, "B19013_001M": 16781, "B01003_001E": 5249, "state": "04", "county": "013", "tract": "082008", "latino_share": 0.78815012383311112, "camera_count": 0, "arterial_road_m": 2953.8580940748247, "land_area_km2": 1.300324, "pop_density_per_km2": 4036.6862412752512, "arterial_km_per_km2": 2.2716323732199242, "log_income": 11.292902040992262, "city": "Phoenix", "crime_count_raw": 2342.5520774131264, "crime_rate_annual_per_km2_1000": 0.17726375026729585 }, "geometry": { "type": "Polygon", "coordinates": [ [ [ -112.246424, 33.50151 ], [ -112.246416, 33.502614 ], [ -112.246369, 33.508682 ], [ -112.246358, 33.508802 ], [ -112.237699, 33.508802 ], [ -112.2377, 33.508688 ], [ -112.237722, 33.50618 ], [ -112.237741, 33.501542 ], [ -112.237748, 33.497985 ], [ -112.237749, 33.496527 ], [ -112.237751, 33.494284 ], [ -112.246545, 33.494286 ], [ -112.246424, 33.50151 ] ] ] } },
{ "type": "Feature", "properties": { "STATEFP": "04", "COUNTYFP": "013", "TRACTCE": "105501", "GEOIDFQ": "1400000US04013105501", "GEOID": "04013105501", "NAME": "1055.01", "NAMELSAD": "Census Tract 1055.01", "STUSPS": "AZ", "NAMELSADCO": "Maricopa County", "STATE_NAME": "Arizona", "LSAD": "CT", "ALAND": 1288060, "AWATER": 0, "centroid_lon": -112.11264496767303, "centroid_lat": 33.560367440517524, "B03002_001E": 2319, "B03002_001M": 277, "B03002_012E": 918, "B03002_012M": 214, "B19013_001E": 60694, "B19013_001M": 10503, "B01003_001E": 2319, "state": "04", "county": "013", "tract": "105501", "latino_share": 0.39586028460543338, "camera_count": 0, "arterial_road_m": 10104.367080487787, "land_area_km2": 1.28806, "pop_density_per_km2": 1800.3819697840163, "arterial_km_per_km2": 7.8446400637297851, "log_income": 11.013600125374445, "city": "Phoenix", "crime_count_raw": 3024.3246534039345, "crime_rate_annual_per_km2_1000": 0.23103329555650484 }, "geometry": { "type": "Polygon", "coordinates": [ [ [ -112.117192, 33.567583 ], [ -112.116762, 33.567576 ], [ -112.108243, 33.567542 ], [ -112.108242, 33.564481 ], [ -112.108246, 33.560346 ], [ -112.108876, 33.557589 ], [ -112.10811, 33.555798 ], [ -112.108313, 33.553116 ], [ -112.112292, 33.553139 ], [ -112.116973, 33.553095 ], [ -112.116938, 33.560333 ], [ -112.116917, 33.565637 ], [ -112.117192, 33.567583 ] ] ] } },
{ "type": "Feature", "properties": { "STATEFP": "04", "COUNTYFP": "013", "TRACTCE": "116800", "GEOIDFQ": "1400000US04013116800", "GEOID": "04013116800", "NAME": "1168", "NAMELSAD": "Census Tract 1168", "STUSPS": "AZ", "NAMELSADCO": "Maricopa County", "STATE_NAME": "Arizona", "LSAD": "CT", "ALAND": 5183267, "AWATER": 0, "centroid_lon": -112.10854073115001, "centroid_lat": 33.465959693897013, "B03002_001E": 2447, "B03002_001M": 676, "B03002_012E": 1565, "B03002_012M": 658, "B19013_001E": 54141, "B19013_001M": 17379, "B01003_001E": 2447, "state": "04", "county": "013", "tract": "116800", "latino_share": 0.63955864323661626, "camera_count": 0, "arterial_road_m": 44677.556829675334, "land_area_km2": 5.183267, "pop_density_per_km2": 472.09607376969007, "arterial_km_per_km2": 8.6195746485132503, "log_income": 10.899347033629407, "city": "Phoenix", "crime_count_raw": 3717.7436205088738, "crime_rate_annual_per_km2_1000": 0.070576174360130084 }, "geometry": { "type": "Polygon", "coordinates": [ [ [ -112.117385, 33.456701 ], [ -112.117254, 33.46174 ], [ -112.117133, 33.465939 ], [ -112.117117, 33.469552 ], [ -112.117102, 33.47329 ], [ -112.117133, 33.480434 ], [ -112.113007, 33.480576 ], [ -112.10478, 33.480669 ], [ -112.099969, 33.480614 ], [ -112.09996, 33.473205 ], [ -112.099932, 33.465877 ], [ -112.09999, 33.461599 ], [ -112.100066, 33.451254 ], [ -112.108076, 33.451205 ], [ -112.108566, 33.45121 ], [ -112.115335, 33.451113 ], [ -112.115265, 33.453003 ], [ -112.117487, 33.452941 ], [ -112.117385, 33.456701 ] ] ] } },
{ "type": "Feature", "properties": { "STATEFP": "04", "COUNTYFP": "013", "TRACTCE": "116900", "GEOIDFQ": "1400000US04013116900", "GEOID": "04013116900", "NAME": "1169", "NAMELSAD": "Census Tract 1169", "STUSPS": "AZ", "NAMELSADCO": "Maricopa County", "STATE_NAME": "Arizona", "LSAD": "CT", "ALAND": 3171282, "AWATER": 20005, "centroid_lon": -112.12362755672537, "centroid_lat": 33.487709474057617, "B03002_001E": 2763, "B03002_001M": 414, "B03002_012E": 2346, "B03002_012M": 421, "B19013_001E": 56250, "B19013_001M": 9608, "B01003_001E": 2763, "state": "04", "county": "013", "tract": "116900", "latino_share": 0.84907709011943544, "camera_count": 1, "arterial_road_m": 18884.240779062071, "land_area_km2": 3.171282, "pop_density_per_km2": 871.25648239418626, "arterial_km_per_km2": 5.9547655424721206, "log_income": 10.937561320066667, "city": "Phoenix", "crime_count_raw": 3519.721139257671, "crime_rate_annual_per_km2_1000": 0.10920830110188404 }, "geometry": { "type": "Polygon", "coordinates": [ [ [ -112.134316, 33.48769 ], [ -112.134214, 33.49488 ], [ -112.130675, 33.494981 ], [ -112.125598, 33.494974 ], [ -112.117066, 33.494965 ], [ -112.112904, 33.495015 ], [ -112.112955, 33.487802 ], [ -112.112955, 33.487744 ], [ -112.113007, 33.480576 ], [ -112.117133, 33.480434 ], [ -112.125681, 33.480435 ], [ -112.134362, 33.480469 ], [ -112.134316, 33.48769 ] ] ] } },
{ "type": "Feature", "properties": { "STATEFP": "04", "COUNTYFP": "013", "TRACTCE": "117100", "GEOIDFQ": "1400000US04013117100", "GEOID": "04013117100", "NAME": "1171", "NAMELSAD": "Census Tract 1171", "STUSPS": "AZ", "NAMELSADCO": "Maricopa County", "STATE_NAME": "Arizona", "LSAD": "CT", "ALAND": 1594700, "AWATER": 10062, "centroid_lon": -112.07403010209468, "centroid_lat": 33.499102077335259, "B03002_001E": 3029, "B03002_001M": 470, "B03002_012E": 752, "B03002_012M": 457, "B19013_001E": 77875, "B19013_001M": 19890, "B01003_001E": 3029, "state": "04", "county": "013", "tract": "117100", "latino_share": 0.24826675470452295, "camera_count": 0, "arterial_road_m": 5469.6331864419362, "land_area_km2": 1.5947, "pop_density_per_km2": 1899.4168182103217, "arterial_km_per_km2": 3.4298822264011641, "log_income": 11.262860256089754, "city": "Phoenix", "crime_count_raw": 1699.4660463227094, "crime_rate_annual_per_km2_1000": 0.10486142496456637 }, "geometry": { "type": "Polygon", "coordinates": [ [ [ -112.083392, 33.498025 ], [ -112.08277, 33.499388 ], [ -112.082549, 33.500072 ], [ -112.08244, 33.502967 ], [ -112.078028, 33.503549 ], [ -112.075232, 33.504115 ], [ -112.073763, 33.50397 ], [ -112.070338, 33.503684 ], [ -112.06503, 33.502468 ], [ -112.065036, 33.497258 ], [ -112.065039, 33.494742 ], [ -112.073784, 33.494829 ], [ -112.078171, 33.494847 ], [ -112.083455, 33.494898 ], [ -112.083392, 33.498025 ] ] ] } },
{ "type": "Feature", "properties": { "STATEFP": "04", "COUNTYFP": "013", "TRACTCE": "104701", "GEOIDFQ": "1400000US04013104701", "GEOID": "04013104701", "NAME": "1047.01", "NAMELSAD": "Census Tract 1047.01", "STUSPS": "AZ", "NAMELSADCO": "Maricopa County", "STATE_NAME": "Arizona", "LSAD": "CT", "ALAND": 1067401, "AWATER": 0, "centroid_lon": -112.06031081938006, "centroid_lat": 33.576926613650983, "B03002_001E": 2727, "B03002_001M": 636, "B03002_012E": 828, "B03002_012M": 522, "B19013_001E": 68613, "B19013_001M": 15782, "B01003_001E": 2727, "state": "04", "county": "013", "tract": "104701", "latino_share": 0.30363036303630364, "camera_count": 0, "arterial_road_m": 3103.3893445553108, "land_area_km2": 1.067401, "pop_density_per_km2": 2554.8036773433787, "arterial_km_per_km2": 2.907425929482276, "log_income": 11.13623730013347, "city": "Phoenix", "crime_count_raw": 1577.1243454425914, "crime_rate_annual_per_km2_1000": 0.14538533032614709 }, "geometry": { "type": "Polygon", "coordinates": [ [ [ -112.065159, 33.575032 ], [ -112.065142, 33.578661 ], [ -112.065154, 33.581383 ], [ -112.065102, 33.581769 ], [ -112.061537, 33.581013 ], [ -112.057867, 33.582239 ], [ -112.056443, 33.58229 ], [ -112.052136, 33.582308 ], [ -112.051734, 33.582268 ], [ -112.052676, 33.580951 ], [ -112.053663, 33.578582 ], [ -112.056984, 33.57604 ], [ -112.057793, 33.574933 ], [ -112.059974, 33.571814 ], [ -112.060433, 33.571364 ], [ -112.065224, 33.56798 ], [ -112.065159, 33.575032 ] ] ] } },
{ "type": "Feature", "properties": { "STATEFP": "04", "COUNTYFP": "013", "TRACTCE": "106003", "GEOIDFQ": "1400000US04013106003", "GEOID": "04013106003", "NAME": "1060.03", "NAMELSAD": "Census Tract 1060.03", "STUSPS": "AZ", "NAMELSADCO": "Maricopa County", "STATE_NAME": "Arizona", "LSAD": "CT", "ALAND": 941132, "AWATER": 0, "centroid_lon": -112.10592651543992, "centroid_lat": 33.542250275900223, "B03002_001E": 3856, "B03002_001M": 520, "B03002_012E": 1905, "B03002_012M": 462, "B19013_001E": 67716, "B19013_001M": 10775, "B01003_001E": 3856, "state": "04", "county": "013", "tract": "106003", "latino_share": 0.49403526970954359, "camera_count": 0, "arterial_road_m": 3379.1347262983018, "land_area_km2": 0.941132, "pop_density_per_km2": 4097.1935923972405, "arterial_km_per_km2": 3.5905002978310181, "log_income": 11.12307776775714, "city": "Phoenix", "crime_count_raw": 1442.5381900191428, "crime_rate_annual_per_km2_1000": 0.15082003465814695 }, "geometry": { "type": "Polygon", "coordinates": [ [ [ -112.112238, 33.545921 ], [ -112.103936, 33.545859 ], [ -112.099624, 33.545862 ], [ -112.099575, 33.538642 ], [ -112.10655, 33.538615 ], [ -112.112216, 33.538618 ], [ -112.112238, 33.545921 ] ] ] } },
{ "type": "Feature", "properties": { "STATEFP": "04", "COUNTYFP": "013", "TRACTCE": "112512", "GEOIDFQ": "1400000US04013112512", "GEOID": "04013112512", "NAME": "1125.12", "NAMELSAD": "Census Tract 1125.12", "STUSPS": "AZ", "NAMELSADCO": "Maricopa County", "STATE_NAME": "Arizona", "LSAD": "CT", "ALAND": 11578967, "AWATER": 4914, "centroid_lon": -112.17474027520079, "centroid_lat": 33.448392558382928, "B03002_001E": 807, "B03002_001M": 200, "B03002_012E": 318, "B03002_012M": 157, "B19013_001E": 42656, "B19013_001M": 24709, "B01003_001E": 807, "state": "04", "county": "013", "tract": "112512", "latino_share": 0.39405204460966542, "camera_count": 0, "arterial_road_m": 37673.201246997909, "land_area_km2": 11.578967, "pop_density_per_km2": 69.695336380179683, "arterial_km_per_km2": 3.2535891368373284, "log_income": 10.660923222978436, "city": "Phoenix", "crime_count_raw": 3316.5711650047206, "crime_rate_annual_per_km2_1000": 0.028183943622072861 }, "geometry": { "type": "Polygon", "coordinates": [ [ [ -112.203439, 33.451583 ], [ -112.186567, 33.451526 ], [ -112.185985, 33.45151 ], [ -112.185301, 33.45884 ], [ -112.185081, 33.461319 ], [ -112.184017, 33.462702 ], [ -112.177555, 33.462699 ], [ -112.169134, 33.462649 ], [ -112.151863, 33.461789 ], [ -112.151835, 33.458675 ], [ -112.151767, 33.451379 ], [ -112.151882, 33.436901 ], [ -112.169221, 33.436769 ], [ -112.186557, 33.437018 ], [ -112.18738, 33.437022 ], [ -112.20372, 33.437207 ], [ -112.203439, 33.451583 ] ] ] } },
{ "type": "Feature", "properties": { "STATEFP": "04", "COUNTYFP": "013", "TRACTCE": "116606", "GEOIDFQ": "1400000US04013116606", "GEOID": "04013116606", "NAME": "1166.06", "NAMELSAD": "Census Tract 1166.06", "STUSPS": "AZ", "NAMELSADCO": "Maricopa County", "STATE_NAME": "Arizona", "LSAD": "CT", "ALAND": 2577692, "AWATER": 0, "centroid_lon": -112.14232493633727, "centroid_lat": 33.384871101887072, "B03002_001E": 6228, "B03002_001M": 761, "B03002_012E": 3098, "B03002_012M": 592, "B19013_001E": 80288, "B19013_001M": 19487, "B01003_001E": 6228, "state": "04", "county": "013", "tract": "116606", "latino_share": 0.49743095696852924, "camera_count": 0, "arterial_road_m": 7289.1455324695544, "land_area_km2": 2.577692, "pop_density_per_km2": 2416.1148810641457, "arterial_km_per_km2": 2.827779863718999, "log_income": 11.293375449166149, "city": "Phoenix", "crime_count_raw": 4317.3416833591191, "crime_rate_annual_per_km2_1000": 0.16480396432597322 }, "geometry": { "type": "Polygon", "coordinates": [ [ [ -112.150977, 33.384847 ], [ -112.15087, 33.3921 ], [ -112.146508, 33.392075 ], [ -112.142376, 33.392091 ], [ -112.142273, 33.392091 ], [ -112.133594, 33.392124 ], [ -112.133638, 33.388382 ], [ -112.133742, 33.379356 ], [ -112.133762, 33.377679 ], [ -112.134804, 33.377676 ], [ -112.142476, 33.377646 ], [ -112.15104, 33.377612 ], [ -112.150977, 33.384847 ] ] ] } },
{ "type": "Feature", "properties": { "STATEFP": "04", "COUNTYFP": "013", "TRACTCE": "106802", "GEOIDFQ": "1400000US04013106802", "GEOID": "04013106802", "NAME": "1068.02", "NAMELSAD": "Census Tract 1068.02", "STUSPS": "AZ", "NAMELSADCO": "Maricopa County", "STATE_NAME": "Arizona", "LSAD": "CT", "ALAND": 1879037, "AWATER": 0, "centroid_lon": -112.1059143472163, "centroid_lat": 33.53138388918817, "B03002_001E": 3486, "B03002_001M": 497, "B03002_012E": 1737, "B03002_012M": 451, "B19013_001E": 64931, "B19013_001M": 31972, "B01003_001E": 3486, "state": "04", "county": "013", "tract": "106802", "latino_share": 0.49827882960413084, "camera_count": 0, "arterial_road_m": 9176.6320461766718, "land_area_km2": 1.879037, "pop_density_per_km2": 1855.2056186227305, "arterial_km_per_km2": 4.8836888502869664, "log_income": 11.081080446585229, "city": "Phoenix", "crime_count_raw": 2647.2568859608787, "crime_rate_annual_per_km2_1000": 0.13862546369777878 }, "geometry": { "type": "Polygon", "coordinates": [ [ [ -112.112216, 33.538618 ], [ -112.10655, 33.538615 ], [ -112.099575, 33.538642 ], [ -112.09961, 33.534505 ], [ -112.09964, 33.53139 ], [ -112.099703, 33.524102 ], [ -112.103991, 33.524105 ], [ -112.112168, 33.524118 ], [ -112.112173, 33.527774 ], [ -112.112208, 33.531318 ], [ -112.112208, 33.533123 ], [ -112.112216, 33.538618 ] ] ] } },
{ "type": "Feature", "properties": { "STATEFP": "04", "COUNTYFP": "013", "TRACTCE": "110802", "GEOIDFQ": "1400000US04013110802", "GEOID": "04013110802", "NAME": "1108.02", "NAMELSAD": "Census Tract 1108.02", "STUSPS": "AZ", "NAMELSADCO": "Maricopa County", "STATE_NAME": "Arizona", "LSAD": "CT", "ALAND": 1306661, "AWATER": 0, "centroid_lon": -112.02152253903493, "centroid_lat": 33.484071743072285, "B03002_001E": 2465, "B03002_001M": 417, "B03002_012E": 595, "B03002_012M": 118, "B19013_001E": 85220, "B19013_001M": 26902, "B01003_001E": 2465, "state": "04", "county": "013", "tract": "110802", "latino_share": 0.2413793103448276, "camera_count": 0, "arterial_road_m": 4574.5832902976181, "land_area_km2": 1.306661, "pop_density_per_km2": 1886.4877730337096, "arterial_km_per_km2": 3.5009717825033566, "log_income": 11.352991427053903, "city": "Phoenix", "crime_count_raw": 1794.510272624643, "crime_rate_annual_per_km2_1000": 0.13513420063013015 }, "geometry": { "type": "Polygon", "coordinates": [ [ [ -112.030183, 33.487577 ], [ -112.021575, 33.487744 ], [ -112.017254, 33.48784 ], [ -112.012935, 33.487887 ], [ -112.01291, 33.480491 ], [ -112.01723, 33.480446 ], [ -112.021554, 33.480398 ], [ -112.030176, 33.480309 ], [ -112.030183, 33.487577 ] ] ] } },
{ "type": "Feature", "properties": { "STATEFP": "04", "COUNTYFP": "013", "TRACTCE": "117300", "GEOIDFQ": "1400000US04013117300", "GEOID": "04013117300", "NAME": "1173", "NAMELSAD": "Census Tract 1173", "STUSPS": "AZ", "NAMELSADCO": "Maricopa County", "STATE_NAME": "Arizona", "LSAD": "CT", "ALAND": 8067812, "AWATER": 100686, "centroid_lon": -112.11428243900667, "centroid_lat": 33.419306379916073, "B03002_001E": 2283, "B03002_001M": 487, "B03002_012E": 1450, "B03002_012M": 502, "B19013_001E": 40833, "B19013_001M": 11823, "B01003_001E": 2283, "state": "04", "county": "013", "tract": "117300", "latino_share": 0.63512921594393346, "camera_count": 0, "arterial_road_m": 19481.729719444003, "land_area_km2": 8.067812, "pop_density_per_km2": 282.97635096107842, "arterial_km_per_km2": 2.4147476068411118, "log_income": 10.617245857000183, "city": "Phoenix", "crime_count_raw": 1410.3021975808019, "crime_rate_annual_per_km2_1000": 0.017200404891936326 }, "geometry": { "type": "Polygon", "coordinates": [ [ [ -112.134534, 33.422486 ], [ -112.117195, 33.422376 ], [ -112.117218, 33.429558 ], [ -112.117296, 33.436813 ], [ -112.108074, 33.436763 ], [ -112.099996, 33.436731 ], [ -112.09997, 33.434889 ], [ -112.099853, 33.428933 ], [ -112.09966, 33.418364 ], [ -112.099515, 33.41061 ], [ -112.099426, 33.406731 ], [ -112.107893, 33.40674 ], [ -112.116351, 33.40672 ], [ -112.116616, 33.406719 ], [ -112.133697, 33.406675 ], [ -112.133896, 33.410948 ], [ -112.134442, 33.416832 ], [ -112.134534, 33.422486 ] ] ] } },
{ "type": "Feature", "properties": { "STATEFP": "04", "COUNTYFP": "013", "TRACTCE": "618500", "GEOIDFQ": "1400000US04013618500", "GEOID": "04013618500", "NAME": "6185", "NAMELSAD": "Census Tract 6185", "STUSPS": "AZ", "NAMELSADCO": "Maricopa County", "STATE_NAME": "Arizona", "LSAD": "CT", "ALAND": 1507496, "AWATER": 0, "centroid_lon": -112.12487171079293, "centroid_lat": 33.64359001083033, "B03002_001E": 4210, "B03002_001M": 698, "B03002_012E": 1197, "B03002_012M": 425, "B19013_001E": 54077, "B19013_001M": 10049, "B01003_001E": 4210, "state": "04", "county": "013", "tract": "618500", "latino_share": 0.28432304038004752, "camera_count": 0, "arterial_road_m": 8002.950167963023, "land_area_km2": 1.507496, "pop_density_per_km2": 2792.7105610893827, "arterial_km_per_km2": 5.3087704166133927, "log_income": 10.898164235805361, "city": "Phoenix", "crime_count_raw": 2009.2500079749693, "crime_rate_annual_per_km2_1000": 0.13114751542059219 }, "geometry": { "type": "Polygon", "coordinates": [ [ [ -112.13444, 33.647379 ], [ -112.125781, 33.64738 ], [ -112.11544, 33.647396 ], [ -112.114918, 33.647174 ], [ -112.115506, 33.639912 ], [ -112.121403, 33.639808 ], [ -112.127038, 33.63972 ], [ -112.129962, 33.639669 ], [ -112.134367, 33.639608 ], [ -112.134414, 33.643052 ], [ -112.13444, 33.647379 ] ] ] } },
{ "type": "Feature", "properties": { "STATEFP": "04", "COUNTYFP": "013", "TRACTCE": "082016", "GEOIDFQ": "1400000US04013082016", "GEOID": "04013082016", "NAME": "820.16", "NAMELSAD": "Census Tract 820.16", "STUSPS": "AZ", "NAMELSADCO": "Maricopa County", "STATE_NAME": "Arizona", "LSAD": "CT", "ALAND": 5194775, "AWATER": 1855, "centroid_lon": -112.26377871958333, "centroid_lat": 33.494067474247359, "B03002_001E": 4197, "B03002_001M": 720, "B03002_012E": 2136, "B03002_012M": 430, "B19013_001E": 90156, "B19013_001M": 18046, "B01003_001E": 4197, "state": "04", "county": "013", "tract": "082016", "latino_share": 0.50893495353824159, "camera_count": 0, "arterial_road_m": 23100.539471362466, "land_area_km2": 5.194775, "pop_density_per_km2": 807.92719607682716, "arterial_km_per_km2": 4.4468796957255066, "log_income": 11.409296782157162, "city": "Phoenix", "crime_count_raw": 1373.7827027646142, "crime_rate_annual_per_km2_1000": 0.026021573784225545 }, "geometry": { "type": "Polygon", "coordinates": [ [ [ -112.272481, 33.508321 ], [ -112.269105, 33.508408 ], [ -112.255007, 33.508799 ], [ -112.255007, 33.508679 ], [ -112.255026, 33.501489 ], [ -112.255111, 33.494245 ], [ -112.25517, 33.486983 ], [ -112.255182, 33.479767 ], [ -112.263775, 33.479489 ], [ -112.272473, 33.47932 ], [ -112.272444, 33.493799 ], [ -112.272445, 33.493895 ], [ -112.272462, 33.501226 ], [ -112.272481, 33.508207 ], [ -112.272481, 33.508321 ] ] ] } },
{ "type": "Feature", "properties": { "STATEFP": "04", "COUNTYFP": "013", "TRACTCE": "109801", "GEOIDFQ": "1400000US04013109801", "GEOID": "04013109801", "NAME": "1098.01", "NAMELSAD": "Census Tract 1098.01", "STUSPS": "AZ", "NAMELSADCO": "Maricopa County", "STATE_NAME": "Arizona", "LSAD": "CT", "ALAND": 1219660, "AWATER": 0, "centroid_lon": -112.19916916535271, "centroid_lat": 33.487631415831714, "B03002_001E": 4593, "B03002_001M": 743, "B03002_012E": 3727, "B03002_012M": 738, "B19013_001E": 42260, "B19013_001M": 11591, "B01003_001E": 4593, "state": "04", "county": "013", "tract": "109801", "latino_share": 0.81145220988460698, "camera_count": 0, "arterial_road_m": 1968.1935375112876, "land_area_km2": 1.21966, "pop_density_per_km2": 3765.8035846055459, "arterial_km_per_km2": 1.6137231175174127, "log_income": 10.651596291170048, "city": "Phoenix", "crime_count_raw": 1884.5353884642664, "crime_rate_annual_per_km2_1000": 0.15203646852537844 }, "geometry": { "type": "Polygon", "coordinates": [ [ [ -112.203258, 33.483959 ], [ -112.203243, 33.48758 ], [ -112.203239, 33.49122 ], [ -112.203231, 33.494853 ], [ -112.19511, 33.494946 ], [ -112.195098, 33.487699 ], [ -112.195064, 33.482692 ], [ -112.195096, 33.480426 ], [ -112.203269, 33.480348 ], [ -112.203258, 33.483959 ] ] ] } },
{ "type": "Feature", "properties": { "STATEFP": "04", "COUNTYFP": "013", "TRACTCE": "618700", "GEOIDFQ": "1400000US04013618700", "GEOID": "04013618700", "NAME": "6187", "NAMELSAD": "Census Tract 6187", "STUSPS": "AZ", "NAMELSADCO": "Maricopa County", "STATE_NAME": "Arizona", "LSAD": "CT", "ALAND": 1258866, "AWATER": 0, "centroid_lon": -112.09128291175671, "centroid_lat": 33.651039465997094, "B03002_001E": 2939, "B03002_001M": 437, "B03002_012E": 1277, "B03002_012M": 388, "B19013_001E": 84813, "B19013_001M": 16174, "B01003_001E": 2939, "state": "04", "county": "013", "tract": "618700", "latino_share": 0.43450153113303847, "camera_count": 0, "arterial_road_m": 3172.9518167736692, "land_area_km2": 1.258866, "pop_density_per_km2": 2334.6408593130641, "arterial_km_per_km2": 2.5204841633451607, "log_income": 11.348204111917253, "city": "Phoenix", "crime_count_raw": 492.93304286320398, "crime_rate_annual_per_km2_1000": 0.038529261444466611 }, "geometry": { "type": "Polygon", "coordinates": [ [ [ -112.099753, 33.654733 ], [ -112.091502, 33.654623 ], [ -112.082799, 33.654647 ], [ -112.082801, 33.647429 ], [ -112.085808, 33.647421 ], [ -112.091471, 33.647414 ], [ -112.099711, 33.647424 ], [ -112.099753, 33.654733 ] ] ] } },
{ "type": "Feature", "properties": { "STATEFP": "04", "COUNTYFP": "013", "TRACTCE": "619700", "GEOIDFQ": "1400000US04013619700", "GEOID": "04013619700", "NAME": "6197", "NAMELSAD": "Census Tract 6197", "STUSPS": "AZ", "NAMELSADCO": "Maricopa County", "STATE_NAME": "Arizona", "LSAD": "CT", "ALAND": 1408301, "AWATER": 0, "centroid_lon": -111.98682177266603, "centroid_lat": 33.651589758720036, "B03002_001E": 3193, "B03002_001M": 626, "B03002_012E": 723, "B03002_012M": 286, "B19013_001E": 94716, "B19013_001M": 15019, "B01003_001E": 3193, "state": "04", "county": "013", "tract": "619700", "latino_share": 0.22643282179768243, "camera_count": 0, "arterial_road_m": 2900.012315191947, "land_area_km2": 1.408301, "pop_density_per_km2": 2267.2709882333393, "arterial_km_per_km2": 2.0592276190899153, "log_income": 11.458638219496402, "city": "Phoenix", "crime_count_raw": 531.29895237002961, "crime_rate_annual_per_km2_1000": 0.037121518132891558 }, "geometry": { "type": "Polygon", "coordinates": [ [ [ -111.996269, 33.655243 ], [ -111.988368, 33.65522 ], [ -111.986077, 33.655217 ], [ -111.977414, 33.655213 ], [ -111.977379, 33.651577 ], [ -111.977393, 33.647951 ], [ -111.978443, 33.64795 ], [ -111.986087, 33.64796 ], [ -111.990407, 33.647956 ], [ -111.99621, 33.647948 ], [ -111.996239, 33.6516 ], [ -111.996269, 33.655243 ] ] ] } },
{ "type": "Feature", "properties": { "STATEFP": "04", "COUNTYFP": "013", "TRACTCE": "116709", "GEOIDFQ": "1400000US04013116709", "GEOID": "04013116709", "NAME": "1167.09", "NAMELSAD": "Census Tract 1167.09", "STUSPS": "AZ", "NAMELSADCO": "Maricopa County", "STATE_NAME": "Arizona", "LSAD": "CT", "ALAND": 1087125, "AWATER": 0, "centroid_lon": -111.97473168770165, "centroid_lat": 33.355928726385912, "B03002_001E": 2987, "B03002_001M": 516, "B03002_012E": 963, "B03002_012M": 306, "B19013_001E": 61778, "B19013_001M": 8918, "B01003_001E": 2987, "state": "04", "county": "013", "tract": "116709", "latino_share": 0.32239705390023438, "camera_count": 0, "arterial_road_m": 1562.4535726794136, "land_area_km2": 1.087125, "pop_density_per_km2": 2747.6141198114296, "arterial_km_per_km2": 1.4372345155151558, "log_income": 11.031302593012333, "city": "Phoenix", "crime_count_raw": 814.80713811630744, "crime_rate_annual_per_km2_1000": 0.073749248451948676 }, "geometry": { "type": "Polygon", "coordinates": [ [ [ -111.980406, 33.351309 ], [ -111.979579, 33.353282 ], [ -111.978922, 33.356402 ], [ -111.976489, 33.359544 ], [ -111.975195, 33.361324 ], [ -111.974503, 33.363645 ], [ -111.973981, 33.363925 ], [ -111.971907, 33.364009 ], [ -111.971276, 33.364113 ], [ -111.969259, 33.3639 ], [ -111.969294, 33.363645 ], [ -111.970066, 33.360009 ], [ -111.970114, 33.359844 ], [ -111.971141, 33.355931 ], [ -111.971879, 33.352453 ], [ -111.973155, 33.349363 ], [ -111.973155, 33.34906 ], [ -111.973237, 33.349057 ], [ -111.975926, 33.348999 ], [ -111.976099, 33.348997 ], [ -111.980403, 33.34894 ], [ -111.980406, 33.351309 ] ] ] } },
{ "type": "Feature", "properties": { "STATEFP": "04", "COUNTYFP": "013", "TRACTCE": "612500", "GEOIDFQ": "1400000US04013612500", "GEOID": "04013612500", "NAME": "6125", "NAMELSAD": "Census Tract 6125", "STUSPS": "AZ", "NAMELSADCO": "Maricopa County", "STATE_NAME": "Arizona", "LSAD": "CT", "ALAND": 6822798, "AWATER": 0, "centroid_lon": -111.98352670976669, "centroid_lat": 33.786524782878928, "B03002_001E": 4322, "B03002_001M": 495, "B03002_012E": 345, "B03002_012M": 288, "B19013_001E": 124009, "B19013_001M": 17836, "B01003_001E": 4322, "state": "04", "county": "013", "tract": "612500", "latino_share": 0.079824155483572426, "camera_count": 5, "arterial_road_m": 19049.546631040772, "land_area_km2": 6.822798, "pop_density_per_km2": 633.46445256037191, "arterial_km_per_km2": 2.7920431809707358, "log_income": 11.728109422598488, "city": "Phoenix", "crime_count_raw": 266.60016310951175, "crime_rate_annual_per_km2_1000": 0.0038448566675135256 }, "geometry": { "type": "Polygon", "coordinates": [ [ [ -111.995696, 33.798995 ], [ -111.995684, 33.799091 ], [ -111.971182, 33.799145 ], [ -111.964854, 33.799164 ], [ -111.963657, 33.799166 ], [ -111.966869, 33.793995 ], [ -111.96872, 33.79104 ], [ -111.973675, 33.783071 ], [ -111.981628, 33.770168 ], [ -111.982273, 33.770134 ], [ -111.984178, 33.770111 ], [ -111.986989, 33.770066 ], [ -111.995518, 33.770046 ], [ -111.995513, 33.772032 ], [ -111.995509, 33.773627 ], [ -111.995514, 33.777351 ], [ -111.995523, 33.778245 ], [ -111.995532, 33.779182 ], [ -111.995539, 33.779931 ], [ -111.995498, 33.780661 ], [ -111.995461, 33.780865 ], [ -111.995372, 33.780966 ], [ -111.995473, 33.782055 ], [ -111.995526, 33.783714 ], [ -111.995624, 33.798284 ], [ -111.995713, 33.798858 ], [ -111.995696, 33.798995 ] ] ] } },
{ "type": "Feature", "properties": { "STATEFP": "04", "COUNTYFP": "013", "TRACTCE": "611300", "GEOIDFQ": "1400000US04013611300", "GEOID": "04013611300", "NAME": "6113", "NAMELSAD": "Census Tract 6113", "STUSPS": "AZ", "NAMELSADCO": "Maricopa County", "STATE_NAME": "Arizona", "LSAD": "CT", "ALAND": 56240857, "AWATER": 33838, "centroid_lon": -112.15679935990548, "centroid_lat": 33.770273429479012, "B03002_001E": 7143, "B03002_001M": 815, "B03002_012E": 991, "B03002_012M": 449, "B19013_001E": 131135, "B19013_001M": 14932, "B01003_001E": 7143, "state": "04", "county": "013", "tract": "611300", "latino_share": 0.13873722525549489, "camera_count": 0, "arterial_road_m": 88599.086746923887, "land_area_km2": 56.240857, "pop_density_per_km2": 127.00731071718911, "arterial_km_per_km2": 1.5753509365428746, "log_income": 11.783982605898437, "city": "Phoenix", "crime_count_raw": 1050.7331781863325, "crime_rate_annual_per_km2_1000": 0.0018383270305335011 }, "geometry": { "type": "Polygon", "coordinates": [ [ [ -112.205954, 33.780689 ], [ -112.206011, 33.78142 ], [ -112.206135, 33.790581 ], [ -112.20572, 33.794412 ], [ -112.205951, 33.797813 ], [ -112.135247, 33.798157 ], [ -112.125739, 33.798277 ], [ -112.118171, 33.798336 ], [ -112.110049, 33.798379 ], [ -112.109889, 33.798381 ], [ -112.098776, 33.798572 ], [ -112.095204, 33.800244 ], [ -112.095882, 33.798436 ], [ -112.099113, 33.795203 ], [ -112.099481, 33.793823 ], [ -112.10118, 33.792569 ], [ -112.102765, 33.789165 ], [ -112.102402, 33.788418 ], [ -112.104155, 33.783817 ], [ -112.105526, 33.781479 ], [ -112.105624, 33.779675 ], [ -112.107677, 33.777029 ], [ -112.112545, 33.776683 ], [ -112.111391, 33.773211 ], [ -112.112968, 33.769372 ], [ -112.112757, 33.764187 ], [ -112.111697, 33.762565 ], [ -112.110277, 33.761933 ], [ -112.110009, 33.756919 ], [ -112.111318, 33.755561 ], [ -112.111809, 33.751713 ], [ -112.114295, 33.749288 ], [ -112.114757, 33.747274 ], [ -112.116344, 33.747911 ], [ -112.124452, 33.746866 ], [ -112.126472, 33.746441 ], [ -112.131433, 33.742805 ], [ -112.132394, 33.742356 ], [ -112.14894, 33.738927 ], [ -112.155687, 33.737588 ], [ -112.161862, 33.738152 ], [ -112.168789, 33.73583 ], [ -112.169878, 33.735324 ], [ -112.174619, 33.734014 ], [ -112.175609, 33.734165 ], [ -112.186643, 33.738119 ], [ -112.191148, 33.739795 ], [ -112.191898, 33.740275 ], [ -112.198117, 33.746505 ], [ -112.203547, 33.751338 ], [ -112.20354, 33.7519 ], [ -112.202279, 33.758035 ], [ -112.203294, 33.761493 ], [ -112.201677, 33.764769 ], [ -112.201622, 33.767472 ], [ -112.202308, 33.770312 ], [ -112.203818, 33.771205 ], [ -112.203846, 33.773359 ], [ -112.203179, 33.774441 ], [ -112.20632, 33.776414 ], [ -112.205954, 33.780689 ] ] ] } },
{ "type": "Feature", "properties": { "STATEFP": "04", "COUNTYFP": "013", "TRACTCE": "611500", "GEOIDFQ": "1400000US04013611500", "GEOID": "04013611500", "NAME": "6115", "NAMELSAD": "Census Tract 6115", "STUSPS": "AZ", "NAMELSADCO": "Maricopa County", "STATE_NAME": "Arizona", "LSAD": "CT", "ALAND": 5574554, "AWATER": 0, "centroid_lon": -112.17536756645715, "centroid_lat": 33.724884484503143, "B03002_001E": 7884, "B03002_001M": 1066, "B03002_012E": 557, "B03002_012M": 148, "B19013_001E": 177880, "B19013_001M": 27624, "B01003_001E": 7884, "state": "04", "county": "013", "tract": "611500", "latino_share": 0.070649416539827495, "camera_count": 2, "arterial_road_m": 14115.644863895654, "land_area_km2": 5.574554, "pop_density_per_km2": 1414.2835462711457, "arterial_km_per_km2": 2.532156808221008, "log_income": 12.088864444624633, "city": "Phoenix", "crime_count_raw": 245.5633085267223, "crime_rate_annual_per_km2_1000": 0.0043344660571620923 }, "geometry": { "type": "Polygon", "coordinates": [ [ [ -112.191403, 33.72337 ], [ -112.188823, 33.725282 ], [ -112.18974, 33.726738 ], [ -112.185536, 33.726796 ], [ -112.18455, 33.727765 ], [ -112.186582, 33.731541 ], [ -112.186643, 33.738119 ], [ -112.175609, 33.734165 ], [ -112.174619, 33.734014 ], [ -112.169878, 33.735324 ], [ -112.168789, 33.73583 ], [ -112.161862, 33.738152 ], [ -112.161301, 33.736113 ], [ -112.163131, 33.732968 ], [ -112.160751, 33.72996 ], [ -112.1626, 33.726961 ], [ -112.164007, 33.724758 ], [ -112.165211, 33.723875 ], [ -112.164359, 33.720784 ], [ -112.165423, 33.718775 ], [ -112.165424, 33.712544 ], [ -112.178755, 33.712397 ], [ -112.183971, 33.71237 ], [ -112.180817, 33.71513 ], [ -112.185662, 33.71747 ], [ -112.190228, 33.720092 ], [ -112.191229, 33.721235 ], [ -112.191403, 33.72337 ] ] ] } },
{ "type": "Feature", "properties": { "STATEFP": "04", "COUNTYFP": "013", "TRACTCE": "611900", "GEOIDFQ": "1400000US04013611900", "GEOID": "04013611900", "NAME": "6119", "NAMELSAD": "Census Tract 6119", "STUSPS": "AZ", "NAMELSADCO": "Maricopa County", "STATE_NAME": "Arizona", "LSAD": "CT", "ALAND": 10551570, "AWATER": 0, "centroid_lon": -112.13296492858581, "centroid_lat": 33.723956795997701, "B03002_001E": 3423, "B03002_001M": 403, "B03002_012E": 446, "B03002_012M": 130, "B19013_001E": 138092, "B19013_001M": 25092, "B01003_001E": 3423, "state": "04", "county": "013", "tract": "611900", "latino_share": 0.13029506281040024, "camera_count": 0, "arterial_road_m": 26761.933698895009, "land_area_km2": 10.55157, "pop_density_per_km2": 324.40669966649511, "arterial_km_per_km2": 2.5362987402723016, "log_income": 11.835675408682503, "city": "Phoenix", "crime_count_raw": 318.82431630550809, "crime_rate_annual_per_km2_1000": 0.002973148556149528 }, "geometry": { "type": "Polygon", "coordinates": [ [ [ -112.161301, 33.736113 ], [ -112.161862, 33.738152 ], [ -112.155687, 33.737588 ], [ -112.14894, 33.738927 ], [ -112.132394, 33.742356 ], [ -112.131433, 33.742805 ], [ -112.126472, 33.746441 ], [ -112.124452, 33.746866 ], [ -112.121526, 33.732982 ], [ -112.119963, 33.725548 ], [ -112.114563, 33.699875 ], [ -112.118507, 33.699376 ], [ -112.122473, 33.700808 ], [ -112.124836, 33.701073 ], [ -112.130894, 33.698371 ], [ -112.134877, 33.698349 ], [ -112.134974, 33.705591 ], [ -112.135027, 33.71281 ], [ -112.135587, 33.716554 ], [ -112.135, 33.717716 ], [ -112.135169, 33.720467 ], [ -112.136112, 33.721585 ], [ -112.135044, 33.723114 ], [ -112.135349, 33.724137 ], [ -112.136703, 33.72476 ], [ -112.13868, 33.723911 ], [ -112.139748, 33.725074 ], [ -112.143697, 33.727383 ], [ -112.147972, 33.727832 ], [ -112.150556, 33.72859 ], [ -112.154414, 33.728456 ], [ -112.160751, 33.72996 ], [ -112.163131, 33.732968 ], [ -112.161301, 33.736113 ] ] ] } },
{ "type": "Feature", "properties": { "STATEFP": "04", "COUNTYFP": "013", "TRACTCE": "612000", "GEOIDFQ": "1400000US04013612000", "GEOID": "04013612000", "NAME": "6120", "NAMELSAD": "Census Tract 6120", "STUSPS": "AZ", "NAMELSADCO": "Maricopa County", "STATE_NAME": "Arizona", "LSAD": "CT", "ALAND": 14701299, "AWATER": 4282, "centroid_lon": -112.08197670789812, "centroid_lat": 33.784731343514508, "B03002_001E": 4344, "B03002_001M": 468, "B03002_012E": 296, "B03002_012M": 186, "B19013_001E": 138950, "B19013_001M": 12692, "B01003_001E": 4344, "state": "04", "county": "013", "tract": "612000", "latino_share": 0.068139963167587483, "camera_count": 0, "arterial_road_m": 22117.201707486813, "land_area_km2": 14.701299, "pop_density_per_km2": 295.48409293627725, "arterial_km_per_km2": 1.5044386014791491, "log_income": 11.841869435170651, "city": "Phoenix", "crime_count_raw": 187.34840276125365, "crime_rate_annual_per_km2_1000": 0.0012539393794221631 }, "geometry": { "type": "Polygon", "coordinates": [ [ [ -112.112968, 33.769372 ], [ -112.111391, 33.773211 ], [ -112.112545, 33.776683 ], [ -112.107677, 33.777029 ], [ -112.105624, 33.779675 ], [ -112.105526, 33.781479 ], [ -112.104155, 33.783817 ], [ -112.102402, 33.788418 ], [ -112.102765, 33.789165 ], [ -112.10118, 33.792569 ], [ -112.099481, 33.793823 ], [ -112.099113, 33.795203 ], [ -112.095882, 33.798436 ], [ -112.095204, 33.800244 ], [ -112.091816, 33.801252 ], [ -112.090009, 33.801106 ], [ -112.085209, 33.799193 ], [ -112.082721, 33.799018 ], [ -112.065373, 33.799029 ], [ -112.048005, 33.799043 ], [ -112.048316, 33.798944 ], [ -112.048311, 33.791918 ], [ -112.04803, 33.786907 ], [ -112.048151, 33.784819 ], [ -112.052476, 33.784637 ], [ -112.062342, 33.784634 ], [ -112.061258, 33.783581 ], [ -112.061653, 33.781943 ], [ -112.062917, 33.780272 ], [ -112.066031, 33.778265 ], [ -112.069158, 33.775395 ], [ -112.070331, 33.775151 ], [ -112.07422, 33.774284 ], [ -112.081462, 33.770972 ], [ -112.082013, 33.769693 ], [ -112.085601, 33.768774 ], [ -112.088438, 33.770153 ], [ -112.089695, 33.769977 ], [ -112.09211, 33.767832 ], [ -112.095231, 33.767821 ], [ -112.096627, 33.769744 ], [ -112.100385, 33.769116 ], [ -112.101432, 33.768605 ], [ -112.103227, 33.766037 ], [ -112.106235, 33.764975 ], [ -112.109835, 33.763093 ], [ -112.110277, 33.761933 ], [ -112.111697, 33.762565 ], [ -112.112757, 33.764187 ], [ -112.112968, 33.769372 ] ] ] } },
{ "type": "Feature", "properties": { "STATEFP": "04", "COUNTYFP": "013", "TRACTCE": "104206", "GEOIDFQ": "1400000US04013104206", "GEOID": "04013104206", "NAME": "1042.06", "NAMELSAD": "Census Tract 1042.06", "STUSPS": "AZ", "NAMELSADCO": "Maricopa County", "STATE_NAME": "Arizona", "LSAD": "CT", "ALAND": 1642458, "AWATER": 10858, "centroid_lon": -112.14463352574339, "centroid_lat": 33.57261795359954, "B03002_001E": 3987, "B03002_001M": 530, "B03002_012E": 1832, "B03002_012M": 422, "B19013_001E": 75573, "B19013_001M": 15724, "B01003_001E": 3987, "state": "04", "county": "013", "tract": "104206", "latino_share": 0.45949335339854525, "camera_count": 2, "arterial_road_m": 5103.1853768734763, "land_area_km2": 1.642458, "pop_density_per_km2": 2427.4593322934284, "arterial_km_per_km2": 3.1070416271670123, "log_income": 11.232854355519782, "city": "Phoenix", "crime_count_raw": 1405.8674198249232, "crime_rate_annual_per_km2_1000": 0.084223318808610975 }, "geometry": { "type": "Polygon", "coordinates": [ [ [ -112.151705, 33.574723 ], [ -112.151655, 33.581922 ], [ -112.151518, 33.581922 ], [ -112.151354, 33.581922 ], [ -112.13772, 33.573316 ], [ -112.134218, 33.572105 ], [ -112.134237, 33.570705 ], [ -112.134251, 33.567532 ], [ -112.142934, 33.567527 ], [ -112.151752, 33.567521 ], [ -112.151705, 33.574723 ] ] ] } },
{ "type": "Feature", "properties": { "STATEFP": "04", "COUNTYFP": "013", "TRACTCE": "116000", "GEOIDFQ": "1400000US04013116000", "GEOID": "04013116000", "NAME": "1160", "NAMELSAD": "Census Tract 1160", "STUSPS": "AZ", "NAMELSADCO": "Maricopa County", "STATE_NAME": "Arizona", "LSAD": "CT", "ALAND": 2480173, "AWATER": 0, "centroid_lon": -112.03862101846148, "centroid_lat": 33.39989782412156, "B03002_001E": 6454, "B03002_001M": 669, "B03002_012E": 2895, "B03002_012M": 546, "B19013_001E": 61130, "B19013_001M": 4183, "B01003_001E": 6454, "state": "04", "county": "013", "tract": "116000", "latino_share": 0.44855903315773166, "camera_count": 0, "arterial_road_m": 4673.003043656664, "land_area_km2": 2.480173, "pop_density_per_km2": 2602.2378277644339, "arterial_km_per_km2": 1.8841439865915255, "log_income": 11.020758023022772, "city": "Phoenix", "crime_count_raw": 2215.4742967886891, "crime_rate_annual_per_km2_1000": 0.087895572171674444 }, "geometry": { "type": "Polygon", "coordinates": [ [ [ -112.047246, 33.399638 ], [ -112.047134, 33.406785 ], [ -112.037416, 33.406838 ], [ -112.029798, 33.406923 ], [ -112.029865, 33.403278 ], [ -112.029931, 33.399662 ], [ -112.030066, 33.393214 ], [ -112.034389, 33.393067 ], [ -112.03878, 33.392905 ], [ -112.047366, 33.392764 ], [ -112.047246, 33.399638 ] ] ] } },
{ "type": "Feature", "properties": { "STATEFP": "04", "COUNTYFP": "013", "TRACTCE": "115801", "GEOIDFQ": "1400000US04013115801", "GEOID": "04013115801", "NAME": "1158.01", "NAMELSAD": "Census Tract 1158.01", "STUSPS": "AZ", "NAMELSADCO": "Maricopa County", "STATE_NAME": "Arizona", "LSAD": "CT", "ALAND": 1299698, "AWATER": 0, "centroid_lon": -112.06897759536318, "centroid_lat": 33.399505817429116, "B03002_001E": 3754, "B03002_001M": 410, "B03002_012E": 2897, "B03002_012M": 427, "B19013_001E": 39474, "B19013_001M": 9851, "B01003_001E": 3754, "state": "04", "county": "013", "tract": "115801", "latino_share": 0.7717101758124667, "camera_count": 0, "arterial_road_m": 4410.2815107205679, "land_area_km2": 1.299698, "pop_density_per_km2": 2888.3632967043113, "arterial_km_per_km2": 3.3933125316193204, "log_income": 10.583397506314054, "city": "Phoenix", "crime_count_raw": 2286.4159258116692, "crime_rate_annual_per_km2_1000": 0.17309919289877576 }, "geometry": { "type": "Polygon", "coordinates": [ [ [ -112.073343, 33.40672 ], [ -112.064568, 33.406712 ], [ -112.06462, 33.399586 ], [ -112.064674, 33.392265 ], [ -112.073307, 33.392248 ], [ -112.073339, 33.399561 ], [ -112.073343, 33.40672 ] ] ] } },
{ "type": "Feature", "properties": { "STATEFP": "04", "COUNTYFP": "013", "TRACTCE": "104203", "GEOIDFQ": "1400000US04013104203", "GEOID": "04013104203", "NAME": "1042.03", "NAMELSAD": "Census Tract 1042.03", "STUSPS": "AZ", "NAMELSADCO": "Maricopa County", "STATE_NAME": "Arizona", "LSAD": "CT", "ALAND": 2582501, "AWATER": 188, "centroid_lon": -112.14273581710469, "centroid_lat": 33.589151037604111, "B03002_001E": 7374, "B03002_001M": 1343, "B03002_012E": 2870, "B03002_012M": 1238, "B19013_001E": 86296, "B19013_001M": 13202, "B01003_001E": 7374, "state": "04", "county": "013", "tract": "104203", "latino_share": 0.38920531597504748, "camera_count": 0, "arterial_road_m": 6666.1477268649578, "land_area_km2": 2.582501, "pop_density_per_km2": 2855.3715952094499, "arterial_km_per_km2": 2.5812759518253654, "log_income": 11.365538526055264, "city": "Phoenix", "crime_count_raw": 1988.8066011410567, "crime_rate_annual_per_km2_1000": 0.075776459778239658 }, "geometry": { "type": "Polygon", "coordinates": [ [ [ -112.151479, 33.585591 ], [ -112.151432, 33.589135 ], [ -112.151337, 33.596343 ], [ -112.142649, 33.596369 ], [ -112.133964, 33.596387 ], [ -112.13405, 33.589116 ], [ -112.134061, 33.58808 ], [ -112.134106, 33.581954 ], [ -112.142812, 33.581944 ], [ -112.144607, 33.581939 ], [ -112.151354, 33.581922 ], [ -112.151518, 33.581922 ], [ -112.151479, 33.585591 ] ] ] } },
{ "type": "Feature", "properties": { "STATEFP": "04", "COUNTYFP": "013", "TRACTCE": "112502", "GEOIDFQ": "1400000US04013112502", "GEOID": "04013112502", "NAME": "1125.02", "NAMELSAD": "Census Tract 1125.02", "STUSPS": "AZ", "NAMELSADCO": "Maricopa County", "STATE_NAME": "Arizona", "LSAD": "CT", "ALAND": 1268294, "AWATER": 0, "centroid_lon": -112.19487130376234, "centroid_lat": 33.469544465857972, "B03002_001E": 5499, "B03002_001M": 779, "B03002_012E": 4714, "B03002_012M": 675, "B19013_001E": 77646, "B19013_001M": 9808, "B01003_001E": 5499, "state": "04", "county": "013", "tract": "112502", "latino_share": 0.85724677214038913, "camera_count": 0, "arterial_road_m": 3000.3308948809458, "land_area_km2": 1.268294, "pop_density_per_km2": 4335.7454974950606, "arterial_km_per_km2": 2.3656430566421869, "log_income": 11.259915314049724, "city": "Phoenix", "crime_count_raw": 1342.007612065207, "crime_rate_annual_per_km2_1000": 0.10411595771895722 }, "geometry": { "type": "Polygon", "coordinates": [ [ [ -112.203323, 33.473094 ], [ -112.195094, 33.473174 ], [ -112.186398, 33.47326 ], [ -112.1864, 33.469619 ], [ -112.186452, 33.465975 ], [ -112.195114, 33.465907 ], [ -112.203372, 33.465854 ], [ -112.203323, 33.473094 ] ] ] } },
{ "type": "Feature", "properties": { "STATEFP": "04", "COUNTYFP": "013", "TRACTCE": "109604", "GEOIDFQ": "1400000US04013109604", "GEOID": "04013109604", "NAME": "1096.04", "NAMELSAD": "Census Tract 1096.04", "STUSPS": "AZ", "NAMELSADCO": "Maricopa County", "STATE_NAME": "Arizona", "LSAD": "CT", "ALAND": 1093756, "AWATER": 0, "centroid_lon": -112.20948749001133, "centroid_lat": 33.505476026807585, "B03002_001E": 4332, "B03002_001M": 713, "B03002_012E": 3833, "B03002_012M": 699, "B19013_001E": 65571, "B19013_001M": 18013, "B01003_001E": 4332, "state": "04", "county": "013", "tract": "109604", "latino_share": 0.88481071098799635, "camera_count": 0, "arterial_road_m": 1663.6639824377703, "land_area_km2": 1.093756, "pop_density_per_km2": 3960.6639872146989, "arterial_km_per_km2": 1.5210558684366262, "log_income": 11.090888804018297, "city": "Phoenix", "crime_count_raw": 1188.3555382614265, "crime_rate_annual_per_km2_1000": 0.10690750721822298 }, "geometry": { "type": "Polygon", "coordinates": [ [ [ -112.220464, 33.509 ], [ -112.212266, 33.509171 ], [ -112.211336, 33.509189 ], [ -112.207901, 33.509261 ], [ -112.203165, 33.509355 ], [ -112.203164, 33.509257 ], [ -112.203189, 33.502042 ], [ -112.203205, 33.498897 ], [ -112.205718, 33.500321 ], [ -112.2117, 33.502108 ], [ -112.214202, 33.503518 ], [ -112.220104, 33.508897 ], [ -112.220463, 33.508893 ], [ -112.220464, 33.509 ] ] ] } },
{ "type": "Feature", "properties": { "STATEFP": "04", "COUNTYFP": "013", "TRACTCE": "104600", "GEOIDFQ": "1400000US04013104600", "GEOID": "04013104600", "NAME": "1046", "NAMELSAD": "Census Tract 1046", "STUSPS": "AZ", "NAMELSADCO": "Maricopa County", "STATE_NAME": "Arizona", "LSAD": "CT", "ALAND": 2617903, "AWATER": 3388, "centroid_lon": -112.07365906218928, "centroid_lat": 33.575149257084895, "B03002_001E": 4009, "B03002_001M": 613, "B03002_012E": 1220, "B03002_012M": 235, "B19013_001E": 56610, "B19013_001M": 17077, "B01003_001E": 4009, "state": "04", "county": "013", "tract": "104600", "latino_share": 0.30431529059615864, "camera_count": 0, "arterial_road_m": 6339.6445975058523, "land_area_km2": 2.617903, "pop_density_per_km2": 1531.3783589384327, "arterial_km_per_km2": 2.4216499226693475, "log_income": 10.943940927030706, "city": "Phoenix", "crime_count_raw": 2223.4976921749603, "crime_rate_annual_per_km2_1000": 0.083572883976914675 }, "geometry": { "type": "Polygon", "coordinates": [ [ [ -112.08254, 33.578582 ], [ -112.082533, 33.581901 ], [ -112.06511, 33.583149 ], [ -112.064518, 33.58319 ], [ -112.065008, 33.582213 ], [ -112.065102, 33.581769 ], [ -112.065154, 33.581383 ], [ -112.065142, 33.578661 ], [ -112.065159, 33.575032 ], [ -112.065224, 33.56798 ], [ -112.065895, 33.56781 ], [ -112.073874, 33.567743 ], [ -112.080036, 33.567603 ], [ -112.082521, 33.567554 ], [ -112.08251, 33.571247 ], [ -112.082487, 33.572927 ], [ -112.081176, 33.574483 ], [ -112.082546, 33.576558 ], [ -112.08254, 33.578582 ] ] ] } },
{ "type": "Feature", "properties": { "STATEFP": "04", "COUNTYFP": "013", "TRACTCE": "103208", "GEOIDFQ": "1400000US04013103208", "GEOID": "04013103208", "NAME": "1032.08", "NAMELSAD": "Census Tract 1032.08", "STUSPS": "AZ", "NAMELSADCO": "Maricopa County", "STATE_NAME": "Arizona", "LSAD": "CT", "ALAND": 2777557, "AWATER": 0, "centroid_lon": -111.98709417193045, "centroid_lat": 33.59045130094038, "B03002_001E": 3756, "B03002_001M": 521, "B03002_012E": 129, "B03002_012M": 100, "B19013_001E": 74129, "B19013_001M": 10181, "B01003_001E": 3756, "state": "04", "county": "013", "tract": "103208", "latino_share": 0.034345047923322686, "camera_count": 0, "arterial_road_m": 8846.8212750853163, "land_area_km2": 2.777557, "pop_density_per_km2": 1352.2674782191689, "arterial_km_per_km2": 3.1851088114790507, "log_income": 11.213562097744587, "city": "Phoenix", "crime_count_raw": 1133.2909654296809, "crime_rate_annual_per_km2_1000": 0.040147703074232564 }, "geometry": { "type": "Polygon", "coordinates": [ [ [ -111.995812, 33.597124 ], [ -111.995084, 33.597124 ], [ -111.99318, 33.597343 ], [ -111.987797, 33.599522 ], [ -111.986522, 33.599767 ], [ -111.983522, 33.599668 ], [ -111.9804, 33.598681 ], [ -111.981017, 33.596989 ], [ -111.980823, 33.595191 ], [ -111.978218, 33.591506 ], [ -111.977915, 33.590611 ], [ -111.977883, 33.589897 ], [ -111.977887, 33.582704 ], [ -111.995708, 33.582747 ], [ -111.995757, 33.58998 ], [ -111.995812, 33.597124 ] ] ] } },
{ "type": "Feature", "properties": { "STATEFP": "04", "COUNTYFP": "013", "TRACTCE": "110600", "GEOIDFQ": "1400000US04013110600", "GEOID": "04013110600", "NAME": "1106", "NAMELSAD": "Census Tract 1106", "STUSPS": "AZ", "NAMELSADCO": "Maricopa County", "STATE_NAME": "Arizona", "LSAD": "CT", "ALAND": 2599369, "AWATER": 7245, "centroid_lon": -112.05635074336179, "centroid_lat": 33.487470940062884, "B03002_001E": 4964, "B03002_001M": 956, "B03002_012E": 1970, "B03002_012M": 565, "B19013_001E": 71450, "B19013_001M": 11761, "B01003_001E": 4964, "state": "04", "county": "013", "tract": "110600", "latino_share": 0.39685737308622077, "camera_count": 0, "arterial_road_m": 7012.8758615401166, "land_area_km2": 2.599369, "pop_density_per_km2": 1909.6942373322142, "arterial_km_per_km2": 2.6979147098930998, "log_income": 11.176753183358013, "city": "Phoenix", "crime_count_raw": 2108.7077466037877, "crime_rate_annual_per_km2_1000": 0.079823490630603428 }, "geometry": { "type": "Polygon", "coordinates": [ [ [ -112.065057, 33.48747 ], [ -112.065047, 33.490297 ], [ -112.065039, 33.494742 ], [ -112.056319, 33.494731 ], [ -112.04904, 33.494729 ], [ -112.047618, 33.494722 ], [ -112.047626, 33.493485 ], [ -112.047657, 33.487429 ], [ -112.047635, 33.48021 ], [ -112.049849, 33.480213 ], [ -112.056345, 33.480213 ], [ -112.059619, 33.480213 ], [ -112.065073, 33.480207 ], [ -112.065057, 33.48747 ] ] ] } },
{ "type": "Feature", "properties": { "STATEFP": "04", "COUNTYFP": "013", "TRACTCE": "111602", "GEOIDFQ": "1400000US04013111602", "GEOID": "04013111602", "NAME": "1116.02", "NAMELSAD": "Census Tract 1116.02", "STUSPS": "AZ", "NAMELSADCO": "Maricopa County", "STATE_NAME": "Arizona", "LSAD": "CT", "ALAND": 1395695, "AWATER": 0, "centroid_lon": -112.04298338195386, "centroid_lat": 33.47301064042874, "B03002_001E": 4305, "B03002_001M": 563, "B03002_012E": 3128, "B03002_012M": 578, "B19013_001E": 63098, "B19013_001M": 6101, "B01003_001E": 4305, "state": "04", "county": "013", "tract": "111602", "latino_share": 0.72659698025551689, "camera_count": 1, "arterial_road_m": 8224.3280567136244, "land_area_km2": 1.395695, "pop_density_per_km2": 3084.4847907314997, "arterial_km_per_km2": 5.8926399082275314, "log_income": 11.052444352305907, "city": "Phoenix", "crime_count_raw": 1845.1183490300746, "crime_rate_annual_per_km2_1000": 0.13008162757947492 }, "geometry": { "type": "Polygon", "coordinates": [ [ [ -112.047651, 33.472912 ], [ -112.047651, 33.472952 ], [ -112.047647, 33.477511 ], [ -112.047635, 33.48021 ], [ -112.038318, 33.480308 ], [ -112.038196, 33.479501 ], [ -112.038173, 33.47797 ], [ -112.038472, 33.473084 ], [ -112.038488, 33.469948 ], [ -112.037987, 33.465801 ], [ -112.039397, 33.465795 ], [ -112.047691, 33.465738 ], [ -112.047651, 33.472912 ] ] ] } },
{ "type": "Feature", "properties": { "STATEFP": "04", "COUNTYFP": "013", "TRACTCE": "111402", "GEOIDFQ": "1400000US04013111402", "GEOID": "04013111402", "NAME": "1114.02", "NAMELSAD": "Census Tract 1114.02", "STUSPS": "AZ", "NAMELSADCO": "Maricopa County", "STATE_NAME": "Arizona", "LSAD": "CT", "ALAND": 1316507, "AWATER": 0, "centroid_lon": -111.9998725453821, "centroid_lat": 33.473068286142656, "B03002_001E": 3545, "B03002_001M": 559, "B03002_012E": 1442, "B03002_012M": 487, "B19013_001E": 62734, "B19013_001M": 18409, "B01003_001E": 3545, "state": "04", "county": "013", "tract": "111402", "latino_share": 0.40677009873060649, "camera_count": 5, "arterial_road_m": 3244.4630590171369, "land_area_km2": 1.316507, "pop_density_per_km2": 2692.7315996041038, "arterial_km_per_km2": 2.4644480120630856, "log_income": 11.046658844401401, "city": "Phoenix", "crime_count_raw": 5063.0201094090189, "crime_rate_annual_per_km2_1000": 0.37841534302220386 }, "geometry": { "type": "Polygon", "coordinates": [ [ [ -112.004202, 33.468733 ], [ -112.004206, 33.471221 ], [ -112.004197, 33.473107 ], [ -112.004197, 33.480458 ], [ -111.999857, 33.480441 ], [ -111.99551, 33.480421 ], [ -111.995549, 33.473064 ], [ -111.995549, 33.471206 ], [ -111.995557, 33.469372 ], [ -111.995585, 33.465657 ], [ -112.004215, 33.465707 ], [ -112.004202, 33.468733 ] ] ] } },
{ "type": "Feature", "properties": { "STATEFP": "04", "COUNTYFP": "013", "TRACTCE": "111401", "GEOIDFQ": "1400000US04013111401", "GEOID": "04013111401", "NAME": "1114.01", "NAMELSAD": "Census Tract 1114.01", "STUSPS": "AZ", "NAMELSADCO": "Maricopa County", "STATE_NAME": "Arizona", "LSAD": "CT", "ALAND": 1325311, "AWATER": 0, "centroid_lon": -112.00855588954765, "centroid_lat": 33.473095645515478, "B03002_001E": 4322, "B03002_001M": 711, "B03002_012E": 3377, "B03002_012M": 703, "B19013_001E": 81150, "B19013_001M": 12671, "B01003_001E": 4322, "state": "04", "county": "013", "tract": "111401", "latino_share": 0.78135122628412768, "camera_count": 0, "arterial_road_m": 3321.0804856731233, "land_area_km2": 1.325311, "pop_density_per_km2": 3261.1213518940085, "arterial_km_per_km2": 2.5058876638563503, "log_income": 11.304054572942738, "city": "Phoenix", "crime_count_raw": 1809.7979117478717, "crime_rate_annual_per_km2_1000": 0.13436759291982769 }, "geometry": { "type": "Polygon", "coordinates": [ [ [ -112.01291, 33.471266 ], [ -112.012909, 33.473112 ], [ -112.012904, 33.474959 ], [ -112.01291, 33.480491 ], [ -112.004197, 33.480458 ], [ -112.004197, 33.473107 ], [ -112.004206, 33.471221 ], [ -112.004202, 33.468733 ], [ -112.004215, 33.465707 ], [ -112.008575, 33.465712 ], [ -112.012918, 33.465732 ], [ -112.01291, 33.471266 ] ] ] } },
{ "type": "Feature", "properties": { "STATEFP": "04", "COUNTYFP": "013", "TRACTCE": "107800", "GEOIDFQ": "1400000US04013107800", "GEOID": "04013107800", "NAME": "1078", "NAMELSAD": "Census Tract 1078", "STUSPS": "AZ", "NAMELSADCO": "Maricopa County", "STATE_NAME": "Arizona", "LSAD": "CT", "ALAND": 3533730, "AWATER": 79612, "centroid_lon": -112.02144119439588, "centroid_lat": 33.519973176494695, "B03002_001E": 2390, "B03002_001M": 262, "B03002_012E": 137, "B03002_012M": 68, "B19013_001E": 109338, "B19013_001M": 30553, "B01003_001E": 2390, "state": "04", "county": "013", "tract": "107800", "latino_share": 0.057322175732217574, "camera_count": 0, "arterial_road_m": 9364.6899434951883, "land_area_km2": 3.53373, "pop_density_per_km2": 676.33916569743587, "arterial_km_per_km2": 2.6500864365684951, "log_income": 11.60219928071411, "city": "Phoenix", "crime_count_raw": 1569.3964892550787, "crime_rate_annual_per_km2_1000": 0.04370001341660875 }, "geometry": { "type": "Polygon", "coordinates": [ [ [ -112.030177, 33.516599 ], [ -112.029978, 33.523763 ], [ -112.029791, 33.527324 ], [ -112.028835, 33.528976 ], [ -112.026838, 33.530712 ], [ -112.026312, 33.531418 ], [ -112.019008, 33.529435 ], [ -112.014046, 33.531557 ], [ -112.012944, 33.531865 ], [ -112.012892, 33.51853 ], [ -112.012894, 33.518042 ], [ -112.013024, 33.509967 ], [ -112.030207, 33.509327 ], [ -112.030177, 33.516599 ] ] ] } },
{ "type": "Feature", "properties": { "STATEFP": "04", "COUNTYFP": "013", "TRACTCE": "103400", "GEOIDFQ": "1400000US04013103400", "GEOID": "04013103400", "NAME": "1034", "NAMELSAD": "Census Tract 1034", "STUSPS": "AZ", "NAMELSADCO": "Maricopa County", "STATE_NAME": "Arizona", "LSAD": "CT", "ALAND": 2718519, "AWATER": 4799, "centroid_lon": -112.00451243444199, "centroid_lat": 33.604697576279037, "B03002_001E": 4237, "B03002_001M": 317, "B03002_012E": 692, "B03002_012M": 178, "B19013_001E": 61944, "B19013_001M": 20614, "B01003_001E": 4237, "state": "04", "county": "013", "tract": "103400", "latino_share": 0.16332310597120603, "camera_count": 0, "arterial_road_m": 13760.675039418684, "land_area_km2": 2.718519, "pop_density_per_km2": 1558.5692062479607, "arterial_km_per_km2": 5.061827796465165, "log_income": 11.03398603006656, "city": "Phoenix", "crime_count_raw": 768.42930695082225, "crime_rate_annual_per_km2_1000": 0.027813382239425626 }, "geometry": { "type": "Polygon", "coordinates": [ [ [ -112.013265, 33.611535 ], [ -112.011113, 33.61155 ], [ -112.009672, 33.611715 ], [ -112.006114, 33.613128 ], [ -112.004606, 33.613308 ], [ -111.998278, 33.611882 ], [ -111.995921, 33.611878 ], [ -111.995909, 33.60945 ], [ -111.99584, 33.599981 ], [ -111.995828, 33.598819 ], [ -111.995812, 33.597124 ], [ -112.004481, 33.597065 ], [ -112.009601, 33.597043 ], [ -112.013159, 33.596999 ], [ -112.013206, 33.604265 ], [ -112.013265, 33.611535 ] ] ] } },
{ "type": "Feature", "properties": { "STATEFP": "04", "COUNTYFP": "013", "TRACTCE": "116725", "GEOIDFQ": "1400000US04013116725", "GEOID": "04013116725", "NAME": "1167.25", "NAMELSAD": "Census Tract 1167.25", "STUSPS": "AZ", "NAMELSADCO": "Maricopa County", "STATE_NAME": "Arizona", "LSAD": "CT", "ALAND": 4158265, "AWATER": 0, "centroid_lon": -112.0469822837929, "centroid_lat": 33.297416152322462, "B03002_001E": 4999, "B03002_001M": 939, "B03002_012E": 758, "B03002_012M": 709, "B19013_001E": 115365, "B19013_001M": 9446, "B01003_001E": 4999, "state": "04", "county": "013", "tract": "116725", "latino_share": 0.15163032606521304, "camera_count": 0, "arterial_road_m": 17127.528697166133, "land_area_km2": 4.158265, "pop_density_per_km2": 1202.1840839869512, "arterial_km_per_km2": 4.1189122620049794, "log_income": 11.655856294159264, "city": "Phoenix", "crime_count_raw": 417.67053548491634, "crime_rate_annual_per_km2_1000": 0.0098833444925934232 }, "geometry": { "type": "Polygon", "coordinates": [ [ [ -112.063509, 33.293867 ], [ -112.061769, 33.296725 ], [ -112.060957, 33.297945 ], [ -112.058054, 33.302345 ], [ -112.055589, 33.30614 ], [ -112.052454, 33.305078 ], [ -112.038854, 33.304983 ], [ -112.035981, 33.304935 ], [ -112.033891, 33.304668 ], [ -112.033011, 33.297701 ], [ -112.032739, 33.296657 ], [ -112.031965, 33.293566 ], [ -112.031949, 33.290663 ], [ -112.048125, 33.290632 ], [ -112.063418, 33.290594 ], [ -112.063509, 33.293867 ] ] ] } },
{ "type": "Feature", "properties": { "STATEFP": "04", "COUNTYFP": "013", "TRACTCE": "108100", "GEOIDFQ": "1400000US04013108100", "GEOID": "04013108100", "NAME": "1081", "NAMELSAD": "Census Tract 1081", "STUSPS": "AZ", "NAMELSADCO": "Maricopa County", "STATE_NAME": "Arizona", "LSAD": "CT", "ALAND": 1452097, "AWATER": 16185, "centroid_lon": -111.98135305369689, "centroid_lat": 33.504693447318758, "B03002_001E": 2154, "B03002_001M": 398, "B03002_012E": 283, "B03002_012M": 197, "B19013_001E": 102278, "B19013_001M": 67712, "B01003_001E": 2154, "state": "04", "county": "013", "tract": "108100", "latino_share": 0.13138347260909936, "camera_count": 0, "arterial_road_m": 3704.0900568737893, "land_area_km2": 1.452097, "pop_density_per_km2": 1483.3719785937167, "arterial_km_per_km2": 2.5508558015571889, "log_income": 11.535449875048901, "city": "Phoenix", "crime_count_raw": 437.56652598562891, "crime_rate_annual_per_km2_1000": 0.029650411139698501 }, "geometry": { "type": "Polygon", "coordinates": [ [ [ -111.994348, 33.509822 ], [ -111.986692, 33.509512 ], [ -111.978652, 33.509158 ], [ -111.978045, 33.50902 ], [ -111.977253, 33.508685 ], [ -111.972397, 33.505979 ], [ -111.97683, 33.496738 ], [ -111.977255, 33.496319 ], [ -111.984338, 33.501555 ], [ -111.986799, 33.504028 ], [ -111.988197, 33.505358 ], [ -111.99094, 33.506904 ], [ -111.994348, 33.509822 ] ] ] } },
{ "type": "Feature", "properties": { "STATEFP": "04", "COUNTYFP": "013", "TRACTCE": "116717", "GEOIDFQ": "1400000US04013116717", "GEOID": "04013116717", "NAME": "1167.17", "NAMELSAD": "Census Tract 1167.17", "STUSPS": "AZ", "NAMELSADCO": "Maricopa County", "STATE_NAME": "Arizona", "LSAD": "CT", "ALAND": 1073880, "AWATER": 0, "centroid_lon": -111.9761502395496, "centroid_lat": 33.326668855416116, "B03002_001E": 3438, "B03002_001M": 395, "B03002_012E": 640, "B03002_012M": 150, "B19013_001E": 61893, "B19013_001M": 6839, "B01003_001E": 3438, "state": "04", "county": "013", "tract": "116717", "latino_share": 0.18615474112856312, "camera_count": 0, "arterial_road_m": 3953.4226097772585, "land_area_km2": 1.07388, "pop_density_per_km2": 3201.4750251424744, "arterial_km_per_km2": 3.681437972377974, "log_income": 11.033162366656056, "city": "Phoenix", "crime_count_raw": 1119.9222191711001, "crime_rate_annual_per_km2_1000": 0.1026158304205764 }, "geometry": { "type": "Polygon", "coordinates": [ [ [ -111.980833, 33.330832 ], [ -111.978928, 33.331505 ], [ -111.976629, 33.334165 ], [ -111.975809, 33.334397 ], [ -111.972694, 33.334365 ], [ -111.972734, 33.32736 ], [ -111.972735, 33.327084 ], [ -111.972233, 33.327066 ], [ -111.972258, 33.319918 ], [ -111.972406, 33.319916 ], [ -111.97276, 33.319913 ], [ -111.980432, 33.31984 ], [ -111.979436, 33.323549 ], [ -111.980108, 33.325552 ], [ -111.980434, 33.32683 ], [ -111.980486, 33.329627 ], [ -111.980833, 33.330832 ] ] ] } },
{ "type": "Feature", "properties": { "STATEFP": "04", "COUNTYFP": "013", "TRACTCE": "104100", "GEOIDFQ": "1400000US04013104100", "GEOID": "04013104100", "NAME": "1041", "NAMELSAD": "Census Tract 1041", "STUSPS": "AZ", "NAMELSADCO": "Maricopa County", "STATE_NAME": "Arizona", "LSAD": "CT", "ALAND": 2564331, "AWATER": 0, "centroid_lon": -112.12511379478271, "centroid_lat": 33.618045063506706, "B03002_001E": 7448, "B03002_001M": 957, "B03002_012E": 2341, "B03002_012M": 488, "B19013_001E": 69005, "B19013_001M": 24523, "B01003_001E": 7448, "state": "04", "county": "013", "tract": "104100", "latino_share": 0.31431256713211603, "camera_count": 0, "arterial_road_m": 12042.926417883074, "land_area_km2": 2.564331, "pop_density_per_km2": 2904.4612415479905, "arterial_km_per_km2": 4.6963229075665636, "log_income": 11.14193424472214, "city": "Phoenix", "crime_count_raw": 2415.1848298261075, "crime_rate_annual_per_km2_1000": 0.092674136184551711 }, "geometry": { "type": "Polygon", "coordinates": [ [ [ -112.133761, 33.617603 ], [ -112.133641, 33.625261 ], [ -112.128891, 33.625258 ], [ -112.122585, 33.625275 ], [ -112.116446, 33.625278 ], [ -112.116487, 33.618761 ], [ -112.116543, 33.610849 ], [ -112.125161, 33.610823 ], [ -112.133776, 33.610816 ], [ -112.133761, 33.617603 ] ] ] } },
{ "type": "Feature", "properties": { "STATEFP": "04", "COUNTYFP": "013", "TRACTCE": "105900", "GEOIDFQ": "1400000US04013105900", "GEOID": "04013105900", "NAME": "1059", "NAMELSAD": "Census Tract 1059", "STUSPS": "AZ", "NAMELSADCO": "Maricopa County", "STATE_NAME": "Arizona", "LSAD": "CT", "ALAND": 2602568, "AWATER": 0, "centroid_lon": -112.12562743520485, "centroid_lat": 33.545808583648288, "B03002_001E": 5286, "B03002_001M": 838, "B03002_012E": 2368, "B03002_012M": 652, "B19013_001E": 70638, "B19013_001M": 31089, "B01003_001E": 5286, "state": "04", "county": "013", "tract": "105900", "latino_share": 0.4479757850926977, "camera_count": 0, "arterial_road_m": 6392.409068108911, "land_area_km2": 2.602568, "pop_density_per_km2": 2031.0708500219782, "arterial_km_per_km2": 2.4561929095066528, "log_income": 11.165323522306252, "city": "Phoenix", "crime_count_raw": 3469.0928816072678, "crime_rate_annual_per_km2_1000": 0.13115839673900087 }, "geometry": { "type": "Polygon", "coordinates": [ [ [ -112.1343, 33.54582 ], [ -112.134292, 33.547652 ], [ -112.134255, 33.553117 ], [ -112.130127, 33.553098 ], [ -112.125605, 33.553089 ], [ -112.116973, 33.553095 ], [ -112.116961, 33.549453 ], [ -112.116908, 33.538569 ], [ -112.125618, 33.538541 ], [ -112.134332, 33.538513 ], [ -112.1343, 33.54582 ] ] ] } },
{ "type": "Feature", "properties": { "STATEFP": "04", "COUNTYFP": "013", "TRACTCE": "104202", "GEOIDFQ": "1400000US04013104202", "GEOID": "04013104202", "NAME": "1042.02", "NAMELSAD": "Census Tract 1042.02", "STUSPS": "AZ", "NAMELSADCO": "Maricopa County", "STATE_NAME": "Arizona", "LSAD": "CT", "ALAND": 2578360, "AWATER": 0, "centroid_lon": -112.14243529835058, "centroid_lat": 33.617989393132746, "B03002_001E": 4995, "B03002_001M": 522, "B03002_012E": 1387, "B03002_012M": 358, "B19013_001E": 101731, "B19013_001M": 13884, "B01003_001E": 4995, "state": "04", "county": "013", "tract": "104202", "latino_share": 0.2776776776776777, "camera_count": 0, "arterial_road_m": 7228.0334347544531, "land_area_km2": 2.57836, "pop_density_per_km2": 1937.2779596332553, "arterial_km_per_km2": 2.8033453182466581, "log_income": 11.530087353681484, "city": "Phoenix", "crime_count_raw": 970.11468461051061, "crime_rate_annual_per_km2_1000": 0.037022162317801033 }, "geometry": { "type": "Polygon", "coordinates": [ [ [ -112.151146, 33.617947 ], [ -112.15111, 33.625137 ], [ -112.138064, 33.625201 ], [ -112.133641, 33.625261 ], [ -112.133761, 33.617603 ], [ -112.133776, 33.610816 ], [ -112.142492, 33.610789 ], [ -112.145604, 33.610782 ], [ -112.151174, 33.610727 ], [ -112.151146, 33.617947 ] ] ] } },
{ "type": "Feature", "properties": { "STATEFP": "04", "COUNTYFP": "013", "TRACTCE": "103304", "GEOIDFQ": "1400000US04013103304", "GEOID": "04013103304", "NAME": "1033.04", "NAMELSAD": "Census Tract 1033.04", "STUSPS": "AZ", "NAMELSADCO": "Maricopa County", "STATE_NAME": "Arizona", "LSAD": "CT", "ALAND": 954815, "AWATER": 0, "centroid_lon": -112.01668878069746, "centroid_lat": 33.633449825200671, "B03002_001E": 4406, "B03002_001M": 612, "B03002_012E": 2847, "B03002_012M": 457, "B19013_001E": 46937, "B19013_001M": 5392, "B01003_001E": 4406, "state": "04", "county": "013", "tract": "103304", "latino_share": 0.6461643213799364, "camera_count": 0, "arterial_road_m": 2773.865601197901, "land_area_km2": 0.954815, "pop_density_per_km2": 4614.506475076324, "arterial_km_per_km2": 2.9051340848205163, "log_income": 10.756561555986371, "city": "Phoenix", "crime_count_raw": 1473.4951026390543, "crime_rate_annual_per_km2_1000": 0.15184892465146324 }, "geometry": { "type": "Polygon", "coordinates": [ [ [ -112.020003, 33.640564 ], [ -112.013495, 33.640598 ], [ -112.013476, 33.63708 ], [ -112.013445, 33.633545 ], [ -112.013349, 33.626329 ], [ -112.015524, 33.626332 ], [ -112.019885, 33.62633 ], [ -112.019947, 33.633382 ], [ -112.019948, 33.633534 ], [ -112.020003, 33.640564 ] ] ] } },
{ "type": "Feature", "properties": { "STATEFP": "04", "COUNTYFP": "013", "TRACTCE": "103216", "GEOIDFQ": "1400000US04013103216", "GEOID": "04013103216", "NAME": "1032.16", "NAMELSAD": "Census Tract 1032.16", "STUSPS": "AZ", "NAMELSADCO": "Maricopa County", "STATE_NAME": "Arizona", "LSAD": "CT", "ALAND": 2598634, "AWATER": 0, "centroid_lon": -111.96903857369612, "centroid_lat": 33.633310056203456, "B03002_001E": 5584, "B03002_001M": 801, "B03002_012E": 579, "B03002_012M": 287, "B19013_001E": 116761, "B19013_001M": 34365, "B01003_001E": 5584, "state": "04", "county": "013", "tract": "103216", "latino_share": 0.103689111747851, "camera_count": 6, "arterial_road_m": 10473.717455106438, "land_area_km2": 2.598634, "pop_density_per_km2": 2148.8212653263213, "arterial_km_per_km2": 4.0304704144971693, "log_income": 11.667884389508286, "city": "Phoenix", "crime_count_raw": 876.46023904166373, "crime_rate_annual_per_km2_1000": 0.033187104253906322 }, "geometry": { "type": "Polygon", "coordinates": [ [ [ -111.977789, 33.633375 ], [ -111.977784, 33.636658 ], [ -111.977769, 33.639667 ], [ -111.977573, 33.640577 ], [ -111.968657, 33.640525 ], [ -111.960026, 33.640464 ], [ -111.960269, 33.638762 ], [ -111.960309, 33.636898 ], [ -111.960318, 33.633261 ], [ -111.960323, 33.625993 ], [ -111.969067, 33.626126 ], [ -111.971651, 33.626121 ], [ -111.977807, 33.626103 ], [ -111.977789, 33.633375 ] ] ] } },
{ "type": "Feature", "properties": { "STATEFP": "04", "COUNTYFP": "013", "TRACTCE": "114900", "GEOIDFQ": "1400000US04013114900", "GEOID": "04013114900", "NAME": "1149", "NAMELSAD": "Census Tract 1149", "STUSPS": "AZ", "NAMELSADCO": "Maricopa County", "STATE_NAME": "Arizona", "LSAD": "CT", "ALAND": 2826462, "AWATER": 0, "centroid_lon": -112.07396193079472, "centroid_lat": 33.428990246594154, "B03002_001E": 3008, "B03002_001M": 378, "B03002_012E": 1927, "B03002_012M": 301, "B19013_001E": 25306, "B19013_001M": 18275, "B01003_001E": 3008, "state": "04", "county": "013", "tract": "114900", "latino_share": 0.640625, "camera_count": 0, "arterial_road_m": 14132.401497518355, "land_area_km2": 2.826462, "pop_density_per_km2": 1064.2279995273243, "arterial_km_per_km2": 5.0000323717489765, "log_income": 10.138796800749208, "city": "Phoenix", "crime_count_raw": 2937.0711183526432, "crime_rate_annual_per_km2_1000": 0.10224770497113367 }, "geometry": { "type": "Polygon", "coordinates": [ [ [ -112.082523, 33.436829 ], [ -112.081252, 33.437066 ], [ -112.073764, 33.436822 ], [ -112.065129, 33.436818 ], [ -112.065186, 33.428972 ], [ -112.064908, 33.421735 ], [ -112.064884, 33.420992 ], [ -112.071447, 33.421785 ], [ -112.072197, 33.42221 ], [ -112.073304, 33.422119 ], [ -112.075916, 33.42232 ], [ -112.078877, 33.419943 ], [ -112.082238, 33.418894 ], [ -112.082454, 33.429352 ], [ -112.082523, 33.436829 ] ] ] } },
{ "type": "Feature", "properties": { "STATEFP": "04", "COUNTYFP": "013", "TRACTCE": "116710", "GEOIDFQ": "1400000US04013116710", "GEOID": "04013116710", "NAME": "1167.10", "NAMELSAD": "Census Tract 1167.10", "STUSPS": "AZ", "NAMELSADCO": "Maricopa County", "STATE_NAME": "Arizona", "LSAD": "CT", "ALAND": 3827559, "AWATER": 0, "centroid_lon": -112.00553233993251, "centroid_lat": 33.331748558440474, "B03002_001E": 5221, "B03002_001M": 1186, "B03002_012E": 350, "B03002_012M": 151, "B19013_001E": 146020, "B19013_001M": 36021, "B01003_001E": 5221, "state": "04", "county": "013", "tract": "116710", "latino_share": 0.067036966098448572, "camera_count": 0, "arterial_road_m": 5529.2210244493763, "land_area_km2": 3.827559, "pop_density_per_km2": 1364.0547408936088, "arterial_km_per_km2": 1.4445815268815914, "log_income": 11.891498877610077, "city": "Phoenix", "crime_count_raw": 375.23373023357158, "crime_rate_annual_per_km2_1000": 0.0096463326414863559 }, "geometry": { "type": "Polygon", "coordinates": [ [ [ -112.014494, 33.334212 ], [ -112.014478, 33.336065 ], [ -112.014458, 33.338521 ], [ -112.014432, 33.341477 ], [ -111.997183, 33.341491 ], [ -111.99703, 33.340877 ], [ -111.994107, 33.340733 ], [ -111.993701, 33.338074 ], [ -111.992183, 33.33523 ], [ -111.99485, 33.334062 ], [ -111.997303, 33.333789 ], [ -111.997232, 33.326932 ], [ -111.999759, 33.326939 ], [ -111.997734, 33.325924 ], [ -111.997677, 33.323864 ], [ -111.999442, 33.324018 ], [ -112.001421, 33.32356 ], [ -112.002714, 33.322786 ], [ -112.005071, 33.319765 ], [ -112.014256, 33.319881 ], [ -112.014493, 33.323334 ], [ -112.014507, 33.326838 ], [ -112.014494, 33.334212 ] ] ] } },
{ "type": "Feature", "properties": { "STATEFP": "04", "COUNTYFP": "013", "TRACTCE": "112900", "GEOIDFQ": "1400000US04013112900", "GEOID": "04013112900", "NAME": "1129", "NAMELSAD": "Census Tract 1129", "STUSPS": "AZ", "NAMELSADCO": "Maricopa County", "STATE_NAME": "Arizona", "LSAD": "CT", "ALAND": 2601457, "AWATER": 0, "centroid_lon": -112.09131948165944, "centroid_lat": 33.458577375169895, "B03002_001E": 4517, "B03002_001M": 647, "B03002_012E": 2122, "B03002_012M": 476, "B19013_001E": 58250, "B19013_001M": 25933, "B01003_001E": 4517, "state": "04", "county": "013", "tract": "112900", "latino_share": 0.46978082798317466, "camera_count": 1, "arterial_road_m": 16067.719388641397, "land_area_km2": 2.601457, "pop_density_per_km2": 1736.334677067505, "arterial_km_per_km2": 6.1764308957024454, "log_income": 10.972499371427947, "city": "Phoenix", "crime_count_raw": 3707.2799069399584, "crime_rate_annual_per_km2_1000": 0.14022355801995626 }, "geometry": { "type": "Polygon", "coordinates": [ [ [ -112.09999, 33.461599 ], [ -112.099932, 33.465877 ], [ -112.091329, 33.465829 ], [ -112.082637, 33.465811 ], [ -112.08262, 33.460822 ], [ -112.082545, 33.458695 ], [ -112.082557, 33.451428 ], [ -112.091334, 33.451361 ], [ -112.100066, 33.451254 ], [ -112.09999, 33.461599 ] ] ] } },
{ "type": "Feature", "properties": { "STATEFP": "04", "COUNTYFP": "013", "TRACTCE": "114402", "GEOIDFQ": "1400000US04013114402", "GEOID": "04013114402", "NAME": "1144.02", "NAMELSAD": "Census Tract 1144.02", "STUSPS": "AZ", "NAMELSADCO": "Maricopa County", "STATE_NAME": "Arizona", "LSAD": "CT", "ALAND": 1200491, "AWATER": 0, "centroid_lon": -112.10406540382061, "centroid_lat": 33.443975458229616, "B03002_001E": 1904, "B03002_001M": 283, "B03002_012E": 1581, "B03002_012M": 289, "B19013_001E": 64625, "B19013_001M": 14215, "B01003_001E": 1904, "state": "04", "county": "013", "tract": "114402", "latino_share": 0.8303571428571429, "camera_count": 0, "arterial_road_m": 7688.8724950095811, "land_area_km2": 1.200491, "pop_density_per_km2": 1586.0177210824572, "arterial_km_per_km2": 6.4047731261705261, "log_income": 11.076356611810731, "city": "Phoenix", "crime_count_raw": 1450.0411643447135, "crime_rate_annual_per_km2_1000": 0.11885122978993833 }, "geometry": { "type": "Polygon", "coordinates": [ [ [ -112.10809, 33.446964 ], [ -112.108076, 33.451205 ], [ -112.100066, 33.451254 ], [ -112.10009, 33.446998 ], [ -112.100063, 33.444088 ], [ -112.100061, 33.443913 ], [ -112.099996, 33.436731 ], [ -112.108074, 33.436763 ], [ -112.108094, 33.443978 ], [ -112.10809, 33.446964 ] ] ] } },
{ "type": "Feature", "properties": { "STATEFP": "04", "COUNTYFP": "013", "TRACTCE": "111900", "GEOIDFQ": "1400000US04013111900", "GEOID": "04013111900", "NAME": "1119", "NAMELSAD": "Census Tract 1119", "STUSPS": "AZ", "NAMELSADCO": "Maricopa County", "STATE_NAME": "Arizona", "LSAD": "CT", "ALAND": 2541598, "AWATER": 42523, "centroid_lon": -112.09141020924545, "centroid_lat": 33.473136126845702, "B03002_001E": 2495, "B03002_001M": 410, "B03002_012E": 805, "B03002_012M": 326, "B19013_001E": 138241, "B19013_001M": 30889, "B01003_001E": 2495, "state": "04", "county": "013", "tract": "111900", "latino_share": 0.32264529058116231, "camera_count": 0, "arterial_road_m": 7260.1189266657148, "land_area_km2": 2.541598, "pop_density_per_km2": 981.66586533354211, "arterial_km_per_km2": 2.8565174062403713, "log_income": 11.836753817808015, "city": "Phoenix", "crime_count_raw": 1024.4894738185903, "crime_rate_annual_per_km2_1000": 0.039662756851905304 }, "geometry": { "type": "Polygon", "coordinates": [ [ [ -112.099969, 33.480614 ], [ -112.091378, 33.480483 ], [ -112.08301, 33.480353 ], [ -112.082947, 33.477694 ], [ -112.082828, 33.473022 ], [ -112.082637, 33.465811 ], [ -112.091329, 33.465829 ], [ -112.099932, 33.465877 ], [ -112.09996, 33.473205 ], [ -112.099969, 33.480614 ] ] ] } },
{ "type": "Feature", "properties": { "STATEFP": "04", "COUNTYFP": "013", "TRACTCE": "104501", "GEOIDFQ": "1400000US04013104501", "GEOID": "04013104501", "NAME": "1045.01", "NAMELSAD": "Census Tract 1045.01", "STUSPS": "AZ", "NAMELSADCO": "Maricopa County", "STATE_NAME": "Arizona", "LSAD": "CT", "ALAND": 1227314, "AWATER": 23669, "centroid_lon": -112.09130676506341, "centroid_lat": 33.571149640276516, "B03002_001E": 4080, "B03002_001M": 537, "B03002_012E": 2043, "B03002_012M": 462, "B19013_001E": 48135, "B19013_001M": 6010, "B01003_001E": 4080, "state": "04", "county": "013", "tract": "104501", "latino_share": 0.50073529411764706, "camera_count": 0, "arterial_road_m": 3766.6376111850914, "land_area_km2": 1.227314, "pop_density_per_km2": 3324.3326483687142, "arterial_km_per_km2": 3.0690089179990543, "log_income": 10.781764842212066, "city": "Phoenix", "crime_count_raw": 2997.9741697214008, "crime_rate_annual_per_km2_1000": 0.24035571642336698 }, "geometry": { "type": "Polygon", "coordinates": [ [ [ -112.099639, 33.574874 ], [ -112.091226, 33.574904 ], [ -112.084723, 33.574942 ], [ -112.084711, 33.573093 ], [ -112.082487, 33.572927 ], [ -112.08251, 33.571247 ], [ -112.082521, 33.567554 ], [ -112.086926, 33.567564 ], [ -112.099616, 33.567609 ], [ -112.099637, 33.571548 ], [ -112.099638, 33.572223 ], [ -112.099639, 33.574874 ] ] ] } },
{ "type": "Feature", "properties": { "STATEFP": "04", "COUNTYFP": "013", "TRACTCE": "114000", "GEOIDFQ": "1400000US04013114000", "GEOID": "04013114000", "NAME": "1140", "NAMELSAD": "Census Tract 1140", "STUSPS": "AZ", "NAMELSADCO": "Maricopa County", "STATE_NAME": "Arizona", "LSAD": "CT", "ALAND": 2617578, "AWATER": 0, "centroid_lon": -112.05647244442201, "centroid_lat": 33.444078861233869, "B03002_001E": 1801, "B03002_001M": 265, "B03002_012E": 396, "B03002_012M": 191, "B19013_001E": 48523, "B19013_001M": 11393, "B01003_001E": 1801, "state": "04", "county": "013", "tract": "114000", "latino_share": 0.21987784564131038, "camera_count": 0, "arterial_road_m": 13538.030551092776, "land_area_km2": 2.617578, "pop_density_per_km2": 688.04062381331141, "arterial_km_per_km2": 5.17196834290813, "log_income": 10.789793191319704, "city": "Phoenix", "crime_count_raw": 1680.8783365775, "crime_rate_annual_per_km2_1000": 0.063185715127757947 }, "geometry": { "type": "Polygon", "coordinates": [ [ [ -112.065258, 33.444221 ], [ -112.065135, 33.444944 ], [ -112.065113, 33.448283 ], [ -112.065143, 33.451358 ], [ -112.058956, 33.451362 ], [ -112.055915, 33.451366 ], [ -112.047705, 33.451425 ], [ -112.047747, 33.448324 ], [ -112.047789, 33.444349 ], [ -112.04779, 33.444144 ], [ -112.047744, 33.436798 ], [ -112.048404, 33.436779 ], [ -112.065129, 33.436818 ], [ -112.065402, 33.442904 ], [ -112.065258, 33.444221 ] ] ] } },
{ "type": "Feature", "properties": { "STATEFP": "04", "COUNTYFP": "013", "TRACTCE": "106300", "GEOIDFQ": "1400000US04013106300", "GEOID": "04013106300", "NAME": "1063", "NAMELSAD": "Census Tract 1063", "STUSPS": "AZ", "NAMELSADCO": "Maricopa County", "STATE_NAME": "Arizona", "LSAD": "CT", "ALAND": 2633115, "AWATER": 31512, "centroid_lon": -112.05631789476001, "centroid_lat": 33.545617879190253, "B03002_001E": 5501, "B03002_001M": 669, "B03002_012E": 802, "B03002_012M": 307, "B19013_001E": 105491, "B19013_001M": 19327, "B01003_001E": 5501, "state": "04", "county": "013", "tract": "106300", "latino_share": 0.14579167424104708, "camera_count": 0, "arterial_road_m": 5619.2923614864612, "land_area_km2": 2.633115, "pop_density_per_km2": 2089.1605569828889, "arterial_km_per_km2": 2.1340854316983728, "log_income": 11.566380920202446, "city": "Phoenix", "crime_count_raw": 1784.3055409968333, "crime_rate_annual_per_km2_1000": 0.066677860187603188 }, "geometry": { "type": "Polygon", "coordinates": [ [ [ -112.065222, 33.552725 ], [ -112.061223, 33.552698 ], [ -112.056591, 33.553022 ], [ -112.052278, 33.553196 ], [ -112.049778, 33.553401 ], [ -112.048638, 33.55417 ], [ -112.04803, 33.553362 ], [ -112.048025, 33.549435 ], [ -112.047611, 33.547463 ], [ -112.047475, 33.538252 ], [ -112.056287, 33.538249 ], [ -112.065055, 33.538272 ], [ -112.065147, 33.545527 ], [ -112.065222, 33.552725 ] ] ] } },
{ "type": "Feature", "properties": { "STATEFP": "04", "COUNTYFP": "013", "TRACTCE": "113201", "GEOIDFQ": "1400000US04013113201", "GEOID": "04013113201", "NAME": "1132.01", "NAMELSAD": "Census Tract 1132.01", "STUSPS": "AZ", "NAMELSADCO": "Maricopa County", "STATE_NAME": "Arizona", "LSAD": "CT", "ALAND": 648711, "AWATER": 0, "centroid_lon": -112.05198272407623, "centroid_lat": 33.455096447977937, "B03002_001E": 2106, "B03002_001M": 384, "B03002_012E": 1516, "B03002_012M": 339, "B19013_001E": 61724, "B19013_001M": 21199, "B01003_001E": 2106, "state": "04", "county": "013", "tract": "113201", "latino_share": 0.71984805318138656, "camera_count": 1, "arterial_road_m": 1039.2739961203195, "land_area_km2": 0.648711, "pop_density_per_km2": 3246.437936153387, "arterial_km_per_km2": 1.6020600793270336, "log_income": 11.030428113191096, "city": "Phoenix", "crime_count_raw": 760.56349500647457, "crime_rate_annual_per_km2_1000": 0.11536298145439423 }, "geometry": { "type": "Polygon", "coordinates": [ [ [ -112.056439, 33.458688 ], [ -112.047639, 33.458728 ], [ -112.047681, 33.454845 ], [ -112.047705, 33.451425 ], [ -112.055915, 33.451366 ], [ -112.056444, 33.455821 ], [ -112.056439, 33.458688 ] ] ] } },
{ "type": "Feature", "properties": { "STATEFP": "04", "COUNTYFP": "013", "TRACTCE": "105200", "GEOIDFQ": "1400000US04013105200", "GEOID": "04013105200", "NAME": "1052", "NAMELSAD": "Census Tract 1052", "STUSPS": "AZ", "NAMELSADCO": "Maricopa County", "STATE_NAME": "Arizona", "LSAD": "CT", "ALAND": 4041966, "AWATER": 10199, "centroid_lon": -112.05191844174297, "centroid_lat": 33.561362679680407, "B03002_001E": 5887, "B03002_001M": 892, "B03002_012E": 1652, "B03002_012M": 643, "B19013_001E": 83476, "B19013_001M": 9943, "B01003_001E": 5887, "state": "04", "county": "013", "tract": "105200", "latino_share": 0.28061831153388822, "camera_count": 0, "arterial_road_m": 4705.2023442940235, "land_area_km2": 4.041966, "pop_density_per_km2": 1456.4694507573788, "arterial_km_per_km2": 1.1640875614228381, "log_income": 11.33231444437472, "city": "Phoenix", "crime_count_raw": 2287.7110524937498, "crime_rate_annual_per_km2_1000": 0.055691738008068606 }, "geometry": { "type": "Polygon", "coordinates": [ [ [ -112.065281, 33.560515 ], [ -112.065227, 33.567767 ], [ -112.056822, 33.567737 ], [ -112.052522, 33.567728 ], [ -112.048209, 33.567703 ], [ -112.048052, 33.571255 ], [ -112.04485, 33.570025 ], [ -112.038522, 33.569055 ], [ -112.037194, 33.567111 ], [ -112.037566, 33.564867 ], [ -112.036122, 33.563611 ], [ -112.037774, 33.561979 ], [ -112.038359, 33.560165 ], [ -112.038312, 33.558588 ], [ -112.039756, 33.55787 ], [ -112.043937, 33.555328 ], [ -112.04798, 33.554724 ], [ -112.048638, 33.55417 ], [ -112.049778, 33.553401 ], [ -112.052278, 33.553196 ], [ -112.056591, 33.553022 ], [ -112.061223, 33.552698 ], [ -112.065222, 33.552725 ], [ -112.06526, 33.557413 ], [ -112.065281, 33.560515 ] ] ] } },
{ "type": "Feature", "properties": { "STATEFP": "04", "COUNTYFP": "013", "TRACTCE": "103502", "GEOIDFQ": "1400000US04013103502", "GEOID": "04013103502", "NAME": "1035.02", "NAMELSAD": "Census Tract 1035.02", "STUSPS": "AZ", "NAMELSADCO": "Maricopa County", "STATE_NAME": "Arizona", "LSAD": "CT", "ALAND": 4498225, "AWATER": 0, "centroid_lon": -112.02559073804576, "centroid_lat": 33.606352368874738, "B03002_001E": 6213, "B03002_001M": 748, "B03002_012E": 822, "B03002_012M": 405, "B19013_001E": 92398, "B19013_001M": 8803, "B01003_001E": 6213, "state": "04", "county": "013", "tract": "103502", "latino_share": 0.13230323515210043, "camera_count": 0, "arterial_road_m": 9657.5347477692849, "land_area_km2": 4.498225, "pop_density_per_km2": 1381.2114778607117, "arterial_km_per_km2": 2.1469656915270545, "log_income": 11.433860612373874, "city": "Phoenix", "crime_count_raw": 1413.4196480475207, "crime_rate_annual_per_km2_1000": 0.030918057911238174 }, "geometry": { "type": "Polygon", "coordinates": [ [ [ -112.037452, 33.598038 ], [ -112.036719, 33.604134 ], [ -112.036028, 33.610222 ], [ -112.035745, 33.611345 ], [ -112.034866, 33.614068 ], [ -112.033745, 33.616629 ], [ -112.031038, 33.618669 ], [ -112.026348, 33.618748 ], [ -112.024177, 33.618785 ], [ -112.02199, 33.618395 ], [ -112.020395, 33.615577 ], [ -112.021956, 33.612808 ], [ -112.021948, 33.611458 ], [ -112.013265, 33.611535 ], [ -112.013206, 33.604265 ], [ -112.013159, 33.596999 ], [ -112.017483, 33.59694 ], [ -112.021813, 33.596872 ], [ -112.027228, 33.596778 ], [ -112.030476, 33.596745 ], [ -112.037924, 33.596859 ], [ -112.037452, 33.598038 ] ] ] } },
{ "type": "Feature", "properties": { "STATEFP": "04", "COUNTYFP": "013", "TRACTCE": "116719", "GEOIDFQ": "1400000US04013116719", "GEOID": "04013116719", "NAME": "1167.19", "NAMELSAD": "Census Tract 1167.19", "STUSPS": "AZ", "NAMELSADCO": "Maricopa County", "STATE_NAME": "Arizona", "LSAD": "CT", "ALAND": 3376895, "AWATER": 0, "centroid_lon": -111.98375523452036, "centroid_lat": 33.312095122947149, "B03002_001E": 6749, "B03002_001M": 1551, "B03002_012E": 1117, "B03002_012M": 350, "B19013_001E": 109236, "B19013_001M": 15544, "B01003_001E": 6749, "state": "04", "county": "013", "tract": "116719", "latino_share": 0.16550600088902059, "camera_count": 0, "arterial_road_m": 12658.831453457395, "land_area_km2": 3.376895, "pop_density_per_km2": 1998.5815371813455, "arterial_km_per_km2": 3.7486600718877532, "log_income": 11.60126595829329, "city": "Phoenix", "crime_count_raw": 1564.0240451123477, "crime_rate_annual_per_km2_1000": 0.045573053215472108 }, "geometry": { "type": "Polygon", "coordinates": [ [ [ -111.999056, 33.307989 ], [ -111.997321, 33.310355 ], [ -111.995546, 33.311721 ], [ -111.992411, 33.31393 ], [ -111.991504, 33.315385 ], [ -111.99125, 33.316924 ], [ -111.992182, 33.319934 ], [ -111.989602, 33.320346 ], [ -111.989081, 33.320357 ], [ -111.988595, 33.32029 ], [ -111.985834, 33.319799 ], [ -111.980432, 33.31984 ], [ -111.97276, 33.319913 ], [ -111.972406, 33.319916 ], [ -111.972381, 33.305256 ], [ -111.973322, 33.305263 ], [ -111.973932, 33.305279 ], [ -111.980342, 33.305262 ], [ -111.989024, 33.305237 ], [ -111.997265, 33.305214 ], [ -111.997765, 33.307015 ], [ -111.999056, 33.307989 ] ] ] } },
{ "type": "Feature", "properties": { "STATEFP": "04", "COUNTYFP": "013", "TRACTCE": "116400", "GEOIDFQ": "1400000US04013116400", "GEOID": "04013116400", "NAME": "1164", "NAMELSAD": "Census Tract 1164", "STUSPS": "AZ", "NAMELSADCO": "Maricopa County", "STATE_NAME": "Arizona", "LSAD": "CT", "ALAND": 2625229, "AWATER": 0, "centroid_lon": -112.05593445710129, "centroid_lat": 33.385063891933122, "B03002_001E": 5870, "B03002_001M": 1246, "B03002_012E": 4408, "B03002_012M": 1210, "B19013_001E": 90840, "B19013_001M": 16873, "B01003_001E": 5870, "state": "04", "county": "013", "tract": "116400", "latino_share": 0.75093696763202722, "camera_count": 0, "arterial_road_m": 4033.3835792140276, "land_area_km2": 2.625229, "pop_density_per_km2": 2235.9954122097538, "arterial_km_per_km2": 1.536393045792968, "log_income": 11.416854996219495, "city": "Phoenix", "crime_count_raw": 1904.9235565469974, "crime_rate_annual_per_km2_1000": 0.07139908008862475 }, "geometry": { "type": "Polygon", "coordinates": [ [ [ -112.064674, 33.392265 ], [ -112.056027, 33.392279 ], [ -112.055356, 33.39228 ], [ -112.047366, 33.392764 ], [ -112.047276, 33.38501 ], [ -112.047347, 33.377741 ], [ -112.057371, 33.377724 ], [ -112.058275, 33.37773 ], [ -112.064631, 33.377747 ], [ -112.064645, 33.385025 ], [ -112.064674, 33.392265 ] ] ] } },
{ "type": "Feature", "properties": { "STATEFP": "04", "COUNTYFP": "013", "TRACTCE": "111601", "GEOIDFQ": "1400000US04013111601", "GEOID": "04013111601", "NAME": "1116.01", "NAMELSAD": "Census Tract 1116.01", "STUSPS": "AZ", "NAMELSADCO": "Maricopa County", "STATE_NAME": "Arizona", "LSAD": "CT", "ALAND": 1207360, "AWATER": 5283, "centroid_lon": -112.03426044829507, "centroid_lat": 33.473054301208869, "B03002_001E": 3241, "B03002_001M": 963, "B03002_012E": 2294, "B03002_012M": 986, "B19013_001E": 69215, "B19013_001M": 3302, "B01003_001E": 3241, "state": "04", "county": "013", "tract": "111601", "latino_share": 0.70780623264424558, "camera_count": 0, "arterial_road_m": 5401.7655930358569, "land_area_km2": 1.20736, "pop_density_per_km2": 2684.3692022263449, "arterial_km_per_km2": 4.4740306064768234, "log_income": 11.144972881121836, "city": "Phoenix", "crime_count_raw": 974.6689363532239, "crime_rate_annual_per_km2_1000": 0.07943329873003209 }, "geometry": { "type": "Polygon", "coordinates": [ [ [ -112.038472, 33.473084 ], [ -112.038173, 33.47797 ], [ -112.038196, 33.479501 ], [ -112.038318, 33.480308 ], [ -112.030176, 33.480309 ], [ -112.030216, 33.473036 ], [ -112.030216, 33.465788 ], [ -112.037987, 33.465801 ], [ -112.038488, 33.469948 ], [ -112.038472, 33.473084 ] ] ] } },
{ "type": "Feature", "properties": { "STATEFP": "04", "COUNTYFP": "013", "TRACTCE": "103206", "GEOIDFQ": "1400000US04013103206", "GEOID": "04013103206", "NAME": "1032.06", "NAMELSAD": "Census Tract 1032.06", "STUSPS": "AZ", "NAMELSADCO": "Maricopa County", "STATE_NAME": "Arizona", "LSAD": "CT", "ALAND": 2573799, "AWATER": 0, "centroid_lon": -111.95191043260323, "centroid_lat": 33.604204962783569, "B03002_001E": 2284, "B03002_001M": 204, "B03002_012E": 175, "B03002_012M": 105, "B19013_001E": 151369, "B19013_001M": 19167, "B01003_001E": 2284, "state": "04", "county": "013", "tract": "103206", "latino_share": 0.076619964973730303, "camera_count": 0, "arterial_road_m": 6649.5274435612882, "land_area_km2": 2.573799, "pop_density_per_km2": 887.40418346576394, "arterial_km_per_km2": 2.5835457405808642, "log_income": 11.927475843405926, "city": "Phoenix", "crime_count_raw": 210.25478681899756, "crime_rate_annual_per_km2_1000": 0.008038102155728628 }, "geometry": { "type": "Polygon", "coordinates": [ [ [ -111.960577, 33.604368 ], [ -111.960531, 33.611572 ], [ -111.951856, 33.611395 ], [ -111.943176, 33.611363 ], [ -111.94332, 33.604063 ], [ -111.943313, 33.600429 ], [ -111.94331, 33.596784 ], [ -111.952094, 33.596975 ], [ -111.960601, 33.597152 ], [ -111.960577, 33.604368 ] ] ] } },
{ "type": "Feature", "properties": { "STATEFP": "04", "COUNTYFP": "013", "TRACTCE": "116711", "GEOIDFQ": "1400000US04013116711", "GEOID": "04013116711", "NAME": "1167.11", "NAMELSAD": "Census Tract 1167.11", "STUSPS": "AZ", "NAMELSADCO": "Maricopa County", "STATE_NAME": "Arizona", "LSAD": "CT", "ALAND": 1077758, "AWATER": 32009, "centroid_lon": -111.99287288836805, "centroid_lat": 33.327918503272308, "B03002_001E": 2004, "B03002_001M": 407, "B03002_012E": 578, "B03002_012M": 253, "B19013_001E": 88750, "B19013_001M": 22343, "B01003_001E": 2004, "state": "04", "county": "013", "tract": "116711", "latino_share": 0.28842315369261479, "camera_count": 0, "arterial_road_m": 3440.4471438502806, "land_area_km2": 1.077758, "pop_density_per_km2": 1859.41556453304, "arterial_km_per_km2": 3.1922260320501268, "log_income": 11.393578707337662, "city": "Phoenix", "crime_count_raw": 354.46006926504322, "crime_rate_annual_per_km2_1000": 0.032361475878833749 }, "geometry": { "type": "Polygon", "coordinates": [ [ [ -111.999759, 33.326939 ], [ -111.997232, 33.326932 ], [ -111.997303, 33.333789 ], [ -111.99485, 33.334062 ], [ -111.992183, 33.33523 ], [ -111.990413, 33.333464 ], [ -111.98696, 33.331549 ], [ -111.988849, 33.329026 ], [ -111.989004, 33.327014 ], [ -111.989081, 33.320357 ], [ -111.989602, 33.320346 ], [ -111.992182, 33.319934 ], [ -111.992883, 33.32202 ], [ -111.997677, 33.323864 ], [ -111.997734, 33.325924 ], [ -111.999759, 33.326939 ] ] ] } },
{ "type": "Feature", "properties": { "STATEFP": "04", "COUNTYFP": "013", "TRACTCE": "113204", "GEOIDFQ": "1400000US04013113204", "GEOID": "04013113204", "NAME": "1132.04", "NAMELSAD": "Census Tract 1132.04", "STUSPS": "AZ", "NAMELSADCO": "Maricopa County", "STATE_NAME": "Arizona", "LSAD": "CT", "ALAND": 1654286, "AWATER": 0, "centroid_lon": -112.05321619923943, "centroid_lat": 33.462588254677783, "B03002_001E": 2383, "B03002_001M": 367, "B03002_012E": 1334, "B03002_012M": 290, "B19013_001E": 61111, "B19013_001M": 22025, "B01003_001E": 2383, "state": "04", "county": "013", "tract": "113204", "latino_share": 0.55979857322702475, "camera_count": 1, "arterial_road_m": 15523.532086711837, "land_area_km2": 1.654286, "pop_density_per_km2": 1440.5006147667332, "arterial_km_per_km2": 9.3838260655726025, "log_income": 11.020447161688963, "city": "Phoenix", "crime_count_raw": 2795.3035900548266, "crime_rate_annual_per_km2_1000": 0.16626492660506986 }, "geometry": { "type": "Polygon", "coordinates": [ [ [ -112.065164, 33.462037 ], [ -112.065084, 33.46571 ], [ -112.056336, 33.465721 ], [ -112.047691, 33.465738 ], [ -112.039397, 33.465795 ], [ -112.037987, 33.465801 ], [ -112.037911, 33.463301 ], [ -112.037331, 33.46205 ], [ -112.038995, 33.461957 ], [ -112.044617, 33.461956 ], [ -112.047711, 33.461858 ], [ -112.047639, 33.458728 ], [ -112.056439, 33.458688 ], [ -112.065218, 33.458678 ], [ -112.065164, 33.462037 ] ] ] } },
{ "type": "Feature", "properties": { "STATEFP": "04", "COUNTYFP": "013", "TRACTCE": "116620", "GEOIDFQ": "1400000US04013116620", "GEOID": "04013116620", "NAME": "1166.20", "NAMELSAD": "Census Tract 1166.20", "STUSPS": "AZ", "NAMELSADCO": "Maricopa County", "STATE_NAME": "Arizona", "LSAD": "CT", "ALAND": 5690288, "AWATER": 0, "centroid_lon": -112.21012491648304, "centroid_lat": 33.384772622140595, "B03002_001E": 8440, "B03002_001M": 1084, "B03002_012E": 3178, "B03002_012M": 668, "B19013_001E": 102135, "B19013_001M": 13905, "B01003_001E": 8440, "state": "04", "county": "013", "tract": "116620", "latino_share": 0.37654028436018955, "camera_count": 0, "arterial_road_m": 13698.767029994837, "land_area_km2": 5.690288, "pop_density_per_km2": 1483.2289683755903, "arterial_km_per_km2": 2.4073943234498567, "log_income": 11.534050746585176, "city": "Phoenix", "crime_count_raw": 1137.2458583290081, "crime_rate_annual_per_km2_1000": 0.019665381376541446 }, "geometry": { "type": "Polygon", "coordinates": [ [ [ -112.235408, 33.389443 ], [ -112.219596, 33.391841 ], [ -112.217217, 33.39188 ], [ -112.215287, 33.39188 ], [ -112.210616, 33.391899 ], [ -112.202751, 33.391924 ], [ -112.192141, 33.391941 ], [ -112.19213, 33.391828 ], [ -112.19191, 33.390018 ], [ -112.190299, 33.381016 ], [ -112.18985, 33.377418 ], [ -112.20246, 33.377361 ], [ -112.211094, 33.377364 ], [ -112.211122, 33.377364 ], [ -112.21976, 33.377347 ], [ -112.222898, 33.37733 ], [ -112.228228, 33.38252 ], [ -112.229072, 33.38324 ], [ -112.233808, 33.387743 ], [ -112.234948, 33.38897 ], [ -112.235408, 33.389443 ] ] ] } },
{ "type": "Feature", "properties": { "STATEFP": "04", "COUNTYFP": "013", "TRACTCE": "116619", "GEOIDFQ": "1400000US04013116619", "GEOID": "04013116619", "NAME": "1166.19", "NAMELSAD": "Census Tract 1166.19", "STUSPS": "AZ", "NAMELSADCO": "Maricopa County", "STATE_NAME": "Arizona", "LSAD": "CT", "ALAND": 9370856, "AWATER": 0, "centroid_lon": -112.17898431823086, "centroid_lat": 33.356143987579316, "B03002_001E": 5575, "B03002_001M": 564, "B03002_012E": 2144, "B03002_012M": 351, "B19013_001E": 122500, "B19013_001M": 16824, "B01003_001E": 5575, "state": "04", "county": "013", "tract": "116619", "latino_share": 0.38457399103139012, "camera_count": 0, "arterial_road_m": 40719.062378376067, "land_area_km2": 9.370856, "pop_density_per_km2": 594.92964143297047, "arterial_km_per_km2": 4.3452873865926511, "log_income": 11.715866308966918, "city": "Phoenix", "crime_count_raw": 1538.4005848966697, "crime_rate_annual_per_km2_1000": 0.016153715477417934 }, "geometry": { "type": "Polygon", "coordinates": [ [ [ -112.192537, 33.360015 ], [ -112.191774, 33.363757 ], [ -112.190274, 33.367668 ], [ -112.189732, 33.370138 ], [ -112.18985, 33.377418 ], [ -112.189614, 33.37742 ], [ -112.176677, 33.377504 ], [ -112.168274, 33.377553 ], [ -112.169034, 33.373179 ], [ -112.169064, 33.370198 ], [ -112.169072, 33.362934 ], [ -112.169085, 33.36024 ], [ -112.169113, 33.355666 ], [ -112.169153, 33.333911 ], [ -112.169195, 33.32505 ], [ -112.186354, 33.341717 ], [ -112.186294, 33.343214 ], [ -112.186641, 33.343616 ], [ -112.187483, 33.344668 ], [ -112.187968, 33.345346 ], [ -112.189584, 33.348113 ], [ -112.192202, 33.355858 ], [ -112.192552, 33.358247 ], [ -112.192537, 33.360015 ] ] ] } },
{ "type": "Feature", "properties": { "STATEFP": "04", "COUNTYFP": "013", "TRACTCE": "116738", "GEOIDFQ": "1400000US04013116738", "GEOID": "04013116738", "NAME": "1167.38", "NAMELSAD": "Census Tract 1167.38", "STUSPS": "AZ", "NAMELSADCO": "Maricopa County", "STATE_NAME": "Arizona", "LSAD": "CT", "ALAND": 5310028, "AWATER": 0, "centroid_lon": -112.00172546363753, "centroid_lat": 33.373038319614636, "B03002_001E": 6603, "B03002_001M": 1039, "B03002_012E": 1147, "B03002_012M": 642, "B19013_001E": 106586, "B19013_001M": 31238, "B01003_001E": 6603, "state": "04", "county": "013", "tract": "116738", "latino_share": 0.17370892018779344, "camera_count": 1, "arterial_road_m": 11894.93771619258, "land_area_km2": 5.310028, "pop_density_per_km2": 1243.4962678162901, "arterial_km_per_km2": 2.2400894526719219, "log_income": 11.576707450006516, "city": "Phoenix", "crime_count_raw": 1892.398324249682, "crime_rate_annual_per_km2_1000": 0.035066950533193399 }, "geometry": { "type": "Polygon", "coordinates": [ [ [ -112.031597, 33.374755 ], [ -112.030328, 33.377751 ], [ -112.012795, 33.37801 ], [ -111.99688, 33.378072 ], [ -111.99556, 33.378076 ], [ -111.986977, 33.378131 ], [ -111.98279, 33.378157 ], [ -111.97818, 33.378186 ], [ -111.978144, 33.376768 ], [ -111.97044, 33.377491 ], [ -111.96878, 33.377282 ], [ -111.968775, 33.377211 ], [ -111.968509, 33.374621 ], [ -111.968568, 33.369964 ], [ -111.969259, 33.3639 ], [ -111.971276, 33.364113 ], [ -111.971907, 33.364009 ], [ -111.973981, 33.363925 ], [ -111.974503, 33.363645 ], [ -111.976196, 33.363621 ], [ -111.976202, 33.364097 ], [ -111.976114, 33.37093 ], [ -111.984263, 33.37088 ], [ -111.984243, 33.374499 ], [ -111.987514, 33.375213 ], [ -111.987486, 33.376319 ], [ -111.988944, 33.375911 ], [ -111.988931, 33.374448 ], [ -111.99685, 33.374403 ], [ -111.996942, 33.370809 ], [ -112.014449, 33.370732 ], [ -112.014412, 33.367708 ], [ -112.02312, 33.36758 ], [ -112.023216, 33.365541 ], [ -112.02805, 33.365492 ], [ -112.031519, 33.366695 ], [ -112.03164, 33.370508 ], [ -112.031597, 33.374755 ] ] ] } },
{ "type": "Feature", "properties": { "STATEFP": "04", "COUNTYFP": "013", "TRACTCE": "116617", "GEOIDFQ": "1400000US04013116617", "GEOID": "04013116617", "NAME": "1166.17", "NAMELSAD": "Census Tract 1166.17", "STUSPS": "AZ", "NAMELSADCO": "Maricopa County", "STATE_NAME": "Arizona", "LSAD": "CT", "ALAND": 5126765, "AWATER": 0, "centroid_lon": -112.10396406878576, "centroid_lat": 33.369432518938844, "B03002_001E": 3685, "B03002_001M": 1069, "B03002_012E": 1943, "B03002_012M": 1008, "B19013_001E": 71736, "B19013_001M": 26113, "B01003_001E": 3685, "state": "04", "county": "013", "tract": "116617", "latino_share": 0.52727272727272723, "camera_count": 0, "arterial_road_m": 5451.169996376263, "land_area_km2": 5.126765, "pop_density_per_km2": 718.77685050904427, "arterial_km_per_km2": 1.063276743985001, "log_income": 11.180747992631883, "city": "Phoenix", "crime_count_raw": 677.29705887298178, "crime_rate_annual_per_km2_1000": 0.01299924221394703 }, "geometry": { "type": "Polygon", "coordinates": [ [ [ -112.117635, 33.361204 ], [ -112.117628, 33.363084 ], [ -112.117536, 33.374159 ], [ -112.117391, 33.374882 ], [ -112.116487, 33.376648 ], [ -112.116473, 33.377716 ], [ -112.108889, 33.377732 ], [ -112.107848, 33.37773 ], [ -112.099123, 33.377721 ], [ -112.083304, 33.377709 ], [ -112.083291, 33.370417 ], [ -112.091462, 33.370437 ], [ -112.092473, 33.368808 ], [ -112.095781, 33.366025 ], [ -112.098512, 33.363205 ], [ -112.102697, 33.360712 ], [ -112.105717, 33.359276 ], [ -112.1089, 33.358455 ], [ -112.113976, 33.356192 ], [ -112.116217, 33.356527 ], [ -112.117523, 33.356267 ], [ -112.117638, 33.356254 ], [ -112.117635, 33.361204 ] ] ] } },
{ "type": "Feature", "properties": { "STATEFP": "04", "COUNTYFP": "013", "TRACTCE": "610002", "GEOIDFQ": "1400000US04013610002", "GEOID": "04013610002", "NAME": "6100.02", "NAMELSAD": "Census Tract 6100.02", "STUSPS": "AZ", "NAMELSADCO": "Maricopa County", "STATE_NAME": "Arizona", "LSAD": "CT", "ALAND": 223767913, "AWATER": 3549994, "centroid_lon": -112.19326542278989, "centroid_lat": 33.896582565542062, "B03002_001E": 6753, "B03002_001M": 589, "B03002_012E": 787, "B03002_012M": 152, "B19013_001E": 127105, "B19013_001M": 19839, "B01003_001E": 6753, "state": "04", "county": "013", "tract": "610002", "latino_share": 0.11654079668295572, "camera_count": 0, "arterial_road_m": 75832.348835470504, "land_area_km2": 223.767913, "pop_density_per_km2": 30.178589546035585, "arterial_km_per_km2": 0.33888839476046995, "log_income": 11.752768795506851, "city": "Phoenix", "crime_count_raw": 1073.5618493518987, "crime_rate_annual_per_km2_1000": 0.00047207555833322641 }, "geometry": { "type": "Polygon", "coordinates": [ [ [ -112.276778, 33.832881 ], [ -112.273411, 33.835046 ], [ -112.27302, 33.835927 ], [ -112.269823, 33.838489 ], [ -112.267997, 33.841703 ], [ -112.264632, 33.845489 ], [ -112.264538, 33.847852 ], [ -112.266538, 33.85065 ], [ -112.26795, 33.851803 ], [ -112.269334, 33.854125 ], [ -112.269129, 33.858734 ], [ -112.267653, 33.861617 ], [ -112.26759, 33.863829 ], [ -112.268854, 33.866224 ], [ -112.27152, 33.869421 ], [ -112.271321, 33.871772 ], [ -112.272933, 33.873517 ], [ -112.272933, 33.878362 ], [ -112.275577, 33.881147 ], [ -112.276168, 33.882469 ], [ -112.277055, 33.884977 ], [ -112.277604, 33.890439 ], [ -112.276678, 33.892092 ], [ -112.275158, 33.893404 ], [ -112.273017, 33.894336 ], [ -112.267477, 33.896943 ], [ -112.264364, 33.899204 ], [ -112.261625, 33.902329 ], [ -112.260666, 33.903977 ], [ -112.258899, 33.905043 ], [ -112.255636, 33.905427 ], [ -112.252384, 33.905238 ], [ -112.249366, 33.904585 ], [ -112.243039, 33.905361 ], [ -112.241391, 33.906539 ], [ -112.240726, 33.908261 ], [ -112.241242, 33.91002 ], [ -112.243643, 33.913138 ], [ -112.242948, 33.915462 ], [ -112.240938, 33.915969 ], [ -112.239115, 33.915017 ], [ -112.236457, 33.915081 ], [ -112.235051, 33.916408 ], [ -112.235078, 33.9182 ], [ -112.233937, 33.926199 ], [ -112.231565, 33.936043 ], [ -112.236014, 33.939534 ], [ -112.23853, 33.939639 ], [ -112.241371, 33.940527 ], [ -112.239995, 33.94316 ], [ -112.237506, 33.944887 ], [ -112.235798, 33.947286 ], [ -112.240258, 33.95049 ], [ -112.239683, 33.954162 ], [ -112.240348, 33.956643 ], [ -112.233421, 33.955796 ], [ -112.230404, 33.954042 ], [ -112.229231, 33.954186 ], [ -112.226594, 33.956373 ], [ -112.225316, 33.958249 ], [ -112.221937, 33.960672 ], [ -112.216794, 33.962565 ], [ -112.214511, 33.963738 ], [ -112.215008, 33.967145 ], [ -112.207842, 33.969859 ], [ -112.2039, 33.970472 ], [ -112.202856, 33.970496 ], [ -112.201292, 33.971208 ], [ -112.196491, 33.974159 ], [ -112.194791, 33.976183 ], [ -112.19414, 33.977929 ], [ -112.193597, 33.98423 ], [ -112.193374, 33.990303 ], [ -112.191881, 33.993119 ], [ -112.189677, 33.99544 ], [ -112.186249, 33.997174 ], [ -112.184885, 34.000688 ], [ -112.181932, 34.002113 ], [ -112.180383, 34.004028 ], [ -112.180391, 34.005742 ], [ -112.182747, 34.008589 ], [ -112.183361, 34.010409 ], [ -112.183239, 34.01194 ], [ -112.182095, 34.013173 ], [ -112.176355, 34.014421 ], [ -112.174455, 34.016675 ], [ -112.171496, 34.017802 ], [ -112.169661, 34.01686 ], [ -112.167273, 34.013357 ], [ -112.166247, 34.012502 ], [ -112.164584, 34.012939 ], [ -112.163844, 34.014067 ], [ -112.161128, 34.017717 ], [ -112.161195, 34.019312 ], [ -112.1635, 34.023169 ], [ -112.164774, 34.026954 ], [ -112.16535, 34.033132 ], [ -112.164448, 34.036755 ], [ -112.163331, 34.037967 ], [ -112.158695, 34.040043 ], [ -112.154958, 34.039906 ], [ -112.153647, 34.040909 ], [ -112.154145, 34.041775 ], [ -112.156491, 34.043176 ], [ -112.158407, 34.043772 ], [ -112.161478, 34.04223 ], [ -112.161999, 34.042919 ], [ -112.162589, 34.046333 ], [ -112.163253, 34.047471 ], [ -112.164758, 34.04817 ], [ -112.149091, 34.046522 ], [ -112.145635, 34.046165 ], [ -112.145573, 34.028311 ], [ -112.145439, 34.026553 ], [ -112.145035, 34.024755 ], [ -112.143587, 34.021465 ], [ -112.142009, 34.019289 ], [ -112.139437, 34.016612 ], [ -112.137078, 34.013613 ], [ -112.135287, 34.010094 ], [ -112.134351, 34.006744 ], [ -112.134075, 34.003664 ], [ -112.133859, 33.990353 ], [ -112.133576, 33.987839 ], [ -112.132703, 33.985121 ], [ -112.127904, 33.975271 ], [ -112.126982, 33.972747 ], [ -112.126805, 33.968523 ], [ -112.126962, 33.968489 ], [ -112.126943, 33.968172 ], [ -112.12714, 33.967746 ], [ -112.127558, 33.967125 ], [ -112.128686, 33.965818 ], [ -112.132941, 33.960909 ], [ -112.134596, 33.958512 ], [ -112.136616, 33.953087 ], [ -112.138253, 33.94529 ], [ -112.14023, 33.941192 ], [ -112.140442, 33.93828 ], [ -112.140027, 33.934264 ], [ -112.140219, 33.931934 ], [ -112.142459, 33.92558 ], [ -112.143902, 33.920911 ], [ -112.145235, 33.913755 ], [ -112.145989, 33.905407 ], [ -112.146435, 33.900305 ], [ -112.147078, 33.892891 ], [ -112.147425, 33.885615 ], [ -112.147301, 33.882793 ], [ -112.147164, 33.8812 ], [ -112.146847, 33.878384 ], [ -112.145991, 33.870936 ], [ -112.145967, 33.870728 ], [ -112.145179, 33.863893 ], [ -112.143384, 33.848278 ], [ -112.143245, 33.845766 ], [ -112.143797, 33.841352 ], [ -112.144698, 33.833594 ], [ -112.143866, 33.827399 ], [ -112.138712, 33.812746 ], [ -112.137231, 33.807487 ], [ -112.135247, 33.798157 ], [ -112.205951, 33.797813 ], [ -112.219243, 33.797668 ], [ -112.226646, 33.797935 ], [ -112.231909, 33.799119 ], [ -112.23789, 33.801843 ], [ -112.241955, 33.804914 ], [ -112.243803, 33.806812 ], [ -112.259112, 33.825866 ], [ -112.260839, 33.827159 ], [ -112.264454, 33.827901 ], [ -112.272448, 33.827875 ], [ -112.278162, 33.827864 ], [ -112.276778, 33.832881 ] ] ] } },
{ "type": "Feature", "properties": { "STATEFP": "04", "COUNTYFP": "013", "TRACTCE": "082212", "GEOIDFQ": "1400000US04013082212", "GEOID": "04013082212", "NAME": "822.12", "NAMELSAD": "Census Tract 822.12", "STUSPS": "AZ", "NAMELSADCO": "Maricopa County", "STATE_NAME": "Arizona", "LSAD": "CT", "ALAND": 2572127, "AWATER": 0, "centroid_lon": -112.28095127838822, "centroid_lat": 33.413727580539813, "B03002_001E": 6824, "B03002_001M": 1689, "B03002_012E": 5422, "B03002_012M": 1745, "B19013_001E": 105372, "B19013_001M": 21191, "B01003_001E": 6824, "state": "04", "county": "013", "tract": "082212", "latino_share": 0.79454865181711609, "camera_count": 0, "arterial_road_m": 9453.2671943140886, "land_area_km2": 2.572127, "pop_density_per_km2": 2653.057177969828, "arterial_km_per_km2": 3.6752723307651949, "log_income": 11.565252225147995, "city": "Phoenix", "crime_count_raw": 989.87680808772427, "crime_rate_annual_per_km2_1000": 0.037867880507582163 }, "geometry": { "type": "Polygon", "coordinates": [ [ [ -112.289575, 33.420985 ], [ -112.289462, 33.420987 ], [ -112.281728, 33.421078 ], [ -112.280921, 33.42106 ], [ -112.272608, 33.421104 ], [ -112.272491, 33.413776 ], [ -112.272252, 33.406452 ], [ -112.280791, 33.406408 ], [ -112.289196, 33.406373 ], [ -112.28931, 33.406374 ], [ -112.28945, 33.41358 ], [ -112.289514, 33.417354 ], [ -112.289575, 33.420985 ] ] ] } },
{ "type": "Feature", "properties": { "STATEFP": "04", "COUNTYFP": "013", "TRACTCE": "619602", "GEOIDFQ": "1400000US04013619602", "GEOID": "04013619602", "NAME": "6196.02", "NAMELSAD": "Census Tract 6196.02", "STUSPS": "AZ", "NAMELSADCO": "Maricopa County", "STATE_NAME": "Arizona", "LSAD": "CT", "ALAND": 1825722, "AWATER": 12092, "centroid_lon": -112.00737990735263, "centroid_lat": 33.648174621329716, "B03002_001E": 1901, "B03002_001M": 250, "B03002_012E": 396, "B03002_012M": 202, "B19013_001E": 80268, "B19013_001M": 10223, "B01003_001E": 1901, "state": "04", "county": "013", "tract": "619602", "latino_share": 0.20831141504471332, "camera_count": 0, "arterial_road_m": 4606.1968620592179, "land_area_km2": 1.825722, "pop_density_per_km2": 1041.2319071578258, "arterial_km_per_km2": 2.5229453673994273, "log_income": 11.293126314906408, "city": "Phoenix", "crime_count_raw": 547.48876177577051, "crime_rate_annual_per_km2_1000": 0.029506847838621043 }, "geometry": { "type": "Polygon", "coordinates": [ [ [ -112.01362, 33.655133 ], [ -112.009271, 33.655157 ], [ -112.000664, 33.655218 ], [ -112.000273, 33.655195 ], [ -112.001086, 33.646805 ], [ -112.003076, 33.64064 ], [ -112.013495, 33.640598 ], [ -112.013534, 33.647864 ], [ -112.01362, 33.655133 ] ] ] } },
{ "type": "Feature", "properties": { "STATEFP": "04", "COUNTYFP": "013", "TRACTCE": "107403", "GEOIDFQ": "1400000US04013107403", "GEOID": "04013107403", "NAME": "1074.03", "NAMELSAD": "Census Tract 1074.03", "STUSPS": "AZ", "NAMELSADCO": "Maricopa County", "STATE_NAME": "Arizona", "LSAD": "CT", "ALAND": 321048, "AWATER": 0, "centroid_lon": -112.09549547565504, "centroid_lat": 33.514993421083155, "B03002_001E": 2340, "B03002_001M": 1199, "B03002_012E": 1422, "B03002_012M": 1191, "B19013_001E": 51466, "B19013_001M": 32630, "B01003_001E": 2340, "state": "04", "county": "013", "tract": "107403", "latino_share": 0.60769230769230764, "camera_count": 0, "arterial_road_m": 858.54131351498449, "land_area_km2": 0.321048, "pop_density_per_km2": 7288.6297376093298, "arterial_km_per_km2": 2.6741836532698677, "log_income": 10.848676674452932, "city": "Phoenix", "crime_count_raw": 1035.545244487286, "crime_rate_annual_per_km2_1000": 0.31738132352954801 }, "geometry": { "type": "Polygon", "coordinates": [ [ [ -112.099767, 33.516871 ], [ -112.095596, 33.516803 ], [ -112.091202, 33.516757 ], [ -112.091197, 33.513117 ], [ -112.095613, 33.513187 ], [ -112.099828, 33.513247 ], [ -112.099767, 33.516871 ] ] ] } },
{ "type": "Feature", "properties": { "STATEFP": "04", "COUNTYFP": "013", "TRACTCE": "107404", "GEOIDFQ": "1400000US04013107404", "GEOID": "04013107404", "NAME": "1074.04", "NAMELSAD": "Census Tract 1074.04", "STUSPS": "AZ", "NAMELSADCO": "Maricopa County", "STATE_NAME": "Arizona", "LSAD": "CT", "ALAND": 634076, "AWATER": 0, "centroid_lon": -112.09545759066765, "centroid_lat": 33.520412905115698, "B03002_001E": 1478, "B03002_001M": 588, "B03002_012E": 738, "B03002_012M": 436, "B19013_001E": 27604, "B19013_001M": 11157, "B01003_001E": 1478, "state": "04", "county": "013", "tract": "107404", "latino_share": 0.49932341001353181, "camera_count": 0, "arterial_road_m": 3439.5883863140134, "land_area_km2": 0.634076, "pop_density_per_km2": 2330.9508639342921, "arterial_km_per_km2": 5.4245680112699635, "log_income": 10.225715968740493, "city": "Phoenix", "crime_count_raw": 8076.9807934325017, "crime_rate_annual_per_km2_1000": 1.2534008703016641 }, "geometry": { "type": "Polygon", "coordinates": [ [ [ -112.099703, 33.524102 ], [ -112.095418, 33.524008 ], [ -112.091146, 33.523958 ], [ -112.091202, 33.516757 ], [ -112.095596, 33.516803 ], [ -112.099767, 33.516871 ], [ -112.099703, 33.524102 ] ] ] } },
{ "type": "Feature", "properties": { "STATEFP": "04", "COUNTYFP": "013", "TRACTCE": "612301", "GEOIDFQ": "1400000US04013612301", "GEOID": "04013612301", "NAME": "6123.01", "NAMELSAD": "Census Tract 6123.01", "STUSPS": "AZ", "NAMELSADCO": "Maricopa County", "STATE_NAME": "Arizona", "LSAD": "CT", "ALAND": 19601325, "AWATER": 150183, "centroid_lon": -112.08186418269896, "centroid_lat": 33.712379929032011, "B03002_001E": 4784, "B03002_001M": 770, "B03002_012E": 526, "B03002_012M": 356, "B19013_001E": 89829, "B19013_001M": 7295, "B01003_001E": 4784, "state": "04", "county": "013", "tract": "612301", "latino_share": 0.10994983277591973, "camera_count": 5, "arterial_road_m": 25971.998653616236, "land_area_km2": 19.601325, "pop_density_per_km2": 244.06513335195453, "arterial_km_per_km2": 1.3250123985810265, "log_income": 11.405663142022807, "city": "Phoenix", "crime_count_raw": 3192.1995316116704, "crime_rate_annual_per_km2_1000": 0.016024587432792892 }, "geometry": { "type": "Polygon", "coordinates": [ [ [ -112.119963, 33.725548 ], [ -112.113744, 33.725604 ], [ -112.104199, 33.725703 ], [ -112.099872, 33.725751 ], [ -112.099687, 33.72654 ], [ -112.09955, 33.729102 ], [ -112.098349, 33.72805 ], [ -112.095189, 33.725754 ], [ -112.087557, 33.725911 ], [ -112.087443, 33.725693 ], [ -112.085239, 33.725715 ], [ -112.085239, 33.725649 ], [ -112.084439, 33.725819 ], [ -112.083355, 33.726214 ], [ -112.051985, 33.726438 ], [ -112.04843, 33.727709 ], [ -112.049141, 33.723652 ], [ -112.048318, 33.721662 ], [ -112.048806, 33.719831 ], [ -112.047997, 33.71867 ], [ -112.047701, 33.71346 ], [ -112.045893, 33.709649 ], [ -112.046399, 33.709314 ], [ -112.047696, 33.705224 ], [ -112.048027, 33.704832 ], [ -112.048592, 33.704265 ], [ -112.049472, 33.703328 ], [ -112.049926, 33.703097 ], [ -112.050465, 33.702508 ], [ -112.051913, 33.701409 ], [ -112.052103, 33.70103 ], [ -112.051867, 33.700381 ], [ -112.051505, 33.69998 ], [ -112.050956, 33.698667 ], [ -112.050433, 33.69695 ], [ -112.050874, 33.693784 ], [ -112.056978, 33.693471 ], [ -112.061457, 33.699205 ], [ -112.065723, 33.701988 ], [ -112.065604, 33.700199 ], [ -112.067079, 33.698412 ], [ -112.08346, 33.69826 ], [ -112.09998, 33.6983 ], [ -112.102198, 33.698538 ], [ -112.10672, 33.700289 ], [ -112.108048, 33.700525 ], [ -112.114563, 33.699875 ], [ -112.119963, 33.725548 ] ] ] } },
{ "type": "Feature", "properties": { "STATEFP": "04", "COUNTYFP": "013", "TRACTCE": "109707", "GEOIDFQ": "1400000US04013109707", "GEOID": "04013109707", "NAME": "1097.07", "NAMELSAD": "Census Tract 1097.07", "STUSPS": "AZ", "NAMELSADCO": "Maricopa County", "STATE_NAME": "Arizona", "LSAD": "CT", "ALAND": 665152, "AWATER": 0, "centroid_lon": -112.20752790265199, "centroid_lat": 33.491058685121153, "B03002_001E": 4833, "B03002_001M": 796, "B03002_012E": 3200, "B03002_012M": 771, "B19013_001E": 46798, "B19013_001M": 11413, "B01003_001E": 4833, "state": "04", "county": "013", "tract": "109707", "latino_share": 0.66211462859507553, "camera_count": 0, "arterial_road_m": 2195.2670202411264, "land_area_km2": 0.665152, "pop_density_per_km2": 7266.0083710189556, "arterial_km_per_km2": 3.300399036973694, "log_income": 10.753595745949836, "city": "Phoenix", "crime_count_raw": 2358.6794683203648, "crime_rate_annual_per_km2_1000": 0.34892355002387082 }, "geometry": { "type": "Polygon", "coordinates": [ [ [ -112.211895, 33.491145 ], [ -112.211895, 33.494754 ], [ -112.207529, 33.494798 ], [ -112.203231, 33.494853 ], [ -112.203239, 33.49122 ], [ -112.203243, 33.48758 ], [ -112.206719, 33.486863 ], [ -112.208396, 33.487473 ], [ -112.2119, 33.487516 ], [ -112.211895, 33.491145 ] ] ] } },
{ "type": "Feature", "properties": { "STATEFP": "04", "COUNTYFP": "013", "TRACTCE": "615002", "GEOIDFQ": "1400000US04013615002", "GEOID": "04013615002", "NAME": "6150.02", "NAMELSAD": "Census Tract 6150.02", "STUSPS": "AZ", "NAMELSADCO": "Maricopa County", "STATE_NAME": "Arizona", "LSAD": "CT", "ALAND": 8724848, "AWATER": 30574, "centroid_lon": -111.99746879053194, "centroid_lat": 33.674860544070263, "B03002_001E": 4841, "B03002_001M": 411, "B03002_012E": 469, "B03002_012M": 272, "B19013_001E": 143170, "B19013_001M": 39912, "B01003_001E": 4841, "state": "04", "county": "013", "tract": "615002", "latino_share": 0.096880809750051644, "camera_count": 0, "arterial_road_m": 38171.768830664078, "land_area_km2": 8.724848, "pop_density_per_km2": 554.85207306763402, "arterial_km_per_km2": 4.3750640504756166, "log_income": 11.871788014354372, "city": "Phoenix", "crime_count_raw": 904.80968688948474, "crime_rate_annual_per_km2_1000": 0.010204262660133617 }, "geometry": { "type": "Polygon", "coordinates": [ [ [ -112.031132, 33.687532 ], [ -112.027733, 33.6875 ], [ -112.025058, 33.687083 ], [ -112.019329, 33.684468 ], [ -112.017841, 33.684234 ], [ -112.013796, 33.684087 ], [ -112.005076, 33.684265 ], [ -112.003227, 33.684419 ], [ -111.996579, 33.686452 ], [ -111.993729, 33.686528 ], [ -111.99117, 33.685986 ], [ -111.988783, 33.684867 ], [ -111.984507, 33.682841 ], [ -111.97712, 33.680466 ], [ -111.977322, 33.679146 ], [ -111.977399, 33.672856 ], [ -111.977389, 33.656264 ], [ -111.993978, 33.661653 ], [ -111.999908, 33.663685 ], [ -112.000971, 33.669361 ], [ -112.002, 33.670772 ], [ -112.003812, 33.671896 ], [ -112.007668, 33.672693 ], [ -112.009835, 33.672696 ], [ -112.009979, 33.672913 ], [ -112.011331, 33.674857 ], [ -112.012816, 33.675902 ], [ -112.029774, 33.679409 ], [ -112.031108, 33.680759 ], [ -112.031132, 33.687532 ] ] ] } },
{ "type": "Feature", "properties": { "STATEFP": "04", "COUNTYFP": "013", "TRACTCE": "612302", "GEOIDFQ": "1400000US04013612302", "GEOID": "04013612302", "NAME": "6123.02", "NAMELSAD": "Census Tract 6123.02", "STUSPS": "AZ", "NAMELSADCO": "Maricopa County", "STATE_NAME": "Arizona", "LSAD": "CT", "ALAND": 3662822, "AWATER": 0, "centroid_lon": -112.11343822870835, "centroid_lat": 33.735185050938917, "B03002_001E": 4900, "B03002_001M": 690, "B03002_012E": 734, "B03002_012M": 222, "B19013_001E": 146728, "B19013_001M": 34930, "B01003_001E": 4900, "state": "04", "county": "013", "tract": "612302", "latino_share": 0.14979591836734693, "camera_count": 0, "arterial_road_m": 10571.758130774242, "land_area_km2": 3.662822, "pop_density_per_km2": 1337.7663451841231, "arterial_km_per_km2": 2.886233109546203, "log_income": 11.896335811630868, "city": "Phoenix", "crime_count_raw": 519.86960072799411, "crime_rate_annual_per_km2_1000": 0.013965640743665559 }, "geometry": { "type": "Polygon", "coordinates": [ [ [ -112.124452, 33.746866 ], [ -112.116344, 33.747911 ], [ -112.114757, 33.747274 ], [ -112.114119, 33.746697 ], [ -112.108787, 33.740283 ], [ -112.09955, 33.729102 ], [ -112.099687, 33.72654 ], [ -112.099872, 33.725751 ], [ -112.104199, 33.725703 ], [ -112.113744, 33.725604 ], [ -112.119963, 33.725548 ], [ -112.121526, 33.732982 ], [ -112.124452, 33.746866 ] ] ] } },
{ "type": "Feature", "properties": { "STATEFP": "04", "COUNTYFP": "013", "TRACTCE": "082205", "GEOIDFQ": "1400000US04013082205", "GEOID": "04013082205", "NAME": "822.05", "NAMELSAD": "Census Tract 822.05", "STUSPS": "AZ", "NAMELSADCO": "Maricopa County", "STATE_NAME": "Arizona", "LSAD": "CT", "ALAND": 2510746, "AWATER": 0, "centroid_lon": -112.24694399773274, "centroid_lat": 33.429261345248918, "B03002_001E": 6702, "B03002_001M": 828, "B03002_012E": 4651, "B03002_012M": 707, "B19013_001E": 88809, "B19013_001M": 5007, "B01003_001E": 6702, "state": "04", "county": "013", "tract": "082205", "latino_share": 0.69397194867203815, "camera_count": 0, "arterial_road_m": 8814.9777943817935, "land_area_km2": 2.510746, "pop_density_per_km2": 2669.3261683977589, "arterial_km_per_km2": 3.5108998657696926, "log_income": 11.394243275195912, "city": "Phoenix", "crime_count_raw": 1075.381710951058, "crime_rate_annual_per_km2_1000": 0.04214461819436819 }, "geometry": { "type": "Polygon", "coordinates": [ [ [ -112.255144, 33.435688 ], [ -112.255141, 33.435786 ], [ -112.246817, 33.43647 ], [ -112.238231, 33.437151 ], [ -112.238234, 33.437054 ], [ -112.238429, 33.430093 ], [ -112.238621, 33.422974 ], [ -112.247084, 33.422064 ], [ -112.255607, 33.421166 ], [ -112.255144, 33.435688 ] ] ] } },
{ "type": "Feature", "properties": { "STATEFP": "04", "COUNTYFP": "013", "TRACTCE": "116610", "GEOIDFQ": "1400000US04013116610", "GEOID": "04013116610", "NAME": "1166.10", "NAMELSAD": "Census Tract 1166.10", "STUSPS": "AZ", "NAMELSADCO": "Maricopa County", "STATE_NAME": "Arizona", "LSAD": "CT", "ALAND": 5052608, "AWATER": 103256, "centroid_lon": -112.15185787122103, "centroid_lat": 33.370262754530614, "B03002_001E": 7271, "B03002_001M": 948, "B03002_012E": 3441, "B03002_012M": 721, "B19013_001E": 115415, "B19013_001M": 16260, "B01003_001E": 7271, "state": "04", "county": "013", "tract": "116610", "latino_share": 0.47324989685050201, "camera_count": 0, "arterial_road_m": 11301.967508724569, "land_area_km2": 5.052608, "pop_density_per_km2": 1439.0587989410617, "arterial_km_per_km2": 2.2368581747732197, "log_income": 11.656289607278099, "city": "Phoenix", "crime_count_raw": 1771.3766151994987, "crime_rate_annual_per_km2_1000": 0.034496700544730509 }, "geometry": { "type": "Polygon", "coordinates": [ [ [ -112.169064, 33.370198 ], [ -112.169034, 33.373179 ], [ -112.168274, 33.377553 ], [ -112.159576, 33.377547 ], [ -112.15104, 33.377612 ], [ -112.142476, 33.377646 ], [ -112.134804, 33.377676 ], [ -112.134794, 33.363016 ], [ -112.136928, 33.363008 ], [ -112.140452, 33.362999 ], [ -112.151818, 33.362958 ], [ -112.151934, 33.362957 ], [ -112.160548, 33.362941 ], [ -112.166936, 33.362938 ], [ -112.169072, 33.362934 ], [ -112.169064, 33.370198 ] ] ] } },
{ "type": "Feature", "properties": { "STATEFP": "04", "COUNTYFP": "013", "TRACTCE": "116730", "GEOIDFQ": "1400000US04013116730", "GEOID": "04013116730", "NAME": "1167.30", "NAMELSAD": "Census Tract 1167.30", "STUSPS": "AZ", "NAMELSADCO": "Maricopa County", "STATE_NAME": "Arizona", "LSAD": "CT", "ALAND": 4413382, "AWATER": 750, "centroid_lon": -112.12512623955527, "centroid_lat": 33.299024897162965, "B03002_001E": 1827, "B03002_001M": 186, "B03002_012E": 272, "B03002_012M": 147, "B19013_001E": 140729, "B19013_001M": 18180, "B01003_001E": 1827, "state": "04", "county": "013", "tract": "116730", "latino_share": 0.14887794198139026, "camera_count": 3, "arterial_road_m": 9370.7290916647089, "land_area_km2": 4.413382, "pop_density_per_km2": 413.96824476104717, "arterial_km_per_km2": 2.1232535709949212, "log_income": 11.854591334159924, "city": "Phoenix", "crime_count_raw": 86.680434827288735, "crime_rate_annual_per_km2_1000": 0.0019325548053113399 }, "geometry": { "type": "Polygon", "coordinates": [ [ [ -112.147914, 33.304647 ], [ -112.100437, 33.305066 ], [ -112.100358, 33.305067 ], [ -112.100345, 33.303023 ], [ -112.104177, 33.302599 ], [ -112.109304, 33.298581 ], [ -112.114909, 33.295871 ], [ -112.117269, 33.295519 ], [ -112.117283, 33.291167 ], [ -112.116218, 33.290475 ], [ -112.129597, 33.290446 ], [ -112.133789, 33.29026 ], [ -112.143127, 33.30068 ], [ -112.147914, 33.304647 ] ] ] } },
{ "type": "Feature", "properties": { "STATEFP": "04", "COUNTYFP": "013", "TRACTCE": "618800", "GEOIDFQ": "1400000US04013618800", "GEOID": "04013618800", "NAME": "6188", "NAMELSAD": "Census Tract 6188", "STUSPS": "AZ", "NAMELSADCO": "Maricopa County", "STATE_NAME": "Arizona", "LSAD": "CT", "ALAND": 1258100, "AWATER": 0, "centroid_lon": -112.09127782330634, "centroid_lat": 33.643799721928126, "B03002_001E": 5919, "B03002_001M": 956, "B03002_012E": 2331, "B03002_012M": 806, "B19013_001E": 48750, "B19013_001M": 9467, "B01003_001E": 5919, "state": "04", "county": "013", "tract": "618800", "latino_share": 0.39381652306132792, "camera_count": 1, "arterial_road_m": 3667.1346478139935, "land_area_km2": 1.2581, "pop_density_per_km2": 4704.7134567999365, "arterial_km_per_km2": 2.9148196866814988, "log_income": 10.794460476425993, "city": "Phoenix", "crime_count_raw": 2419.215689992262, "crime_rate_annual_per_km2_1000": 0.18920895416016148 }, "geometry": { "type": "Polygon", "coordinates": [ [ [ -112.099715, 33.645192 ], [ -112.099711, 33.647424 ], [ -112.091471, 33.647414 ], [ -112.085808, 33.647421 ], [ -112.082801, 33.647429 ], [ -112.082838, 33.640211 ], [ -112.087105, 33.640198 ], [ -112.091434, 33.640173 ], [ -112.095752, 33.640156 ], [ -112.099691, 33.640134 ], [ -112.099715, 33.644866 ], [ -112.099715, 33.645192 ] ] ] } },
{ "type": "Feature", "properties": { "STATEFP": "04", "COUNTYFP": "013", "TRACTCE": "611400", "GEOIDFQ": "1400000US04013611400", "GEOID": "04013611400", "NAME": "6114", "NAMELSAD": "Census Tract 6114", "STUSPS": "AZ", "NAMELSADCO": "Maricopa County", "STATE_NAME": "Arizona", "LSAD": "CT", "ALAND": 5398151, "AWATER": 0, "centroid_lon": -112.19553799396029, "centroid_lat": 33.728162949186526, "B03002_001E": 6818, "B03002_001M": 896, "B03002_012E": 500, "B03002_012M": 412, "B19013_001E": 144810, "B19013_001M": 21627, "B01003_001E": 6818, "state": "04", "county": "013", "tract": "611400", "latino_share": 0.073335288941038426, "camera_count": 0, "arterial_road_m": 9649.753869761571, "land_area_km2": 5.398151, "pop_density_per_km2": 1263.0250617294698, "arterial_km_per_km2": 1.7876035460589321, "log_income": 11.883177817322649, "city": "Phoenix", "crime_count_raw": 318.69903723990575, "crime_rate_annual_per_km2_1000": 0.0058092220864241631 }, "geometry": { "type": "Polygon", "coordinates": [ [ [ -112.203547, 33.751338 ], [ -112.198117, 33.746505 ], [ -112.191898, 33.740275 ], [ -112.191148, 33.739795 ], [ -112.186643, 33.738119 ], [ -112.186582, 33.731541 ], [ -112.18455, 33.727765 ], [ -112.185536, 33.726796 ], [ -112.18974, 33.726738 ], [ -112.188823, 33.725282 ], [ -112.191403, 33.72337 ], [ -112.191229, 33.721235 ], [ -112.190228, 33.720092 ], [ -112.185662, 33.71747 ], [ -112.180817, 33.71513 ], [ -112.183971, 33.71237 ], [ -112.191151, 33.712306 ], [ -112.197548, 33.712271 ], [ -112.20332, 33.712293 ], [ -112.20334, 33.718071 ], [ -112.203437, 33.725037 ], [ -112.203535, 33.739498 ], [ -112.203406, 33.748551 ], [ -112.203569, 33.749354 ], [ -112.203547, 33.751338 ] ] ] } },
{ "type": "Feature", "properties": { "STATEFP": "04", "COUNTYFP": "013", "TRACTCE": "617200", "GEOIDFQ": "1400000US04013617200", "GEOID": "04013617200", "NAME": "6172", "NAMELSAD": "Census Tract 6172", "STUSPS": "AZ", "NAMELSADCO": "Maricopa County", "STATE_NAME": "Arizona", "LSAD": "CT", "ALAND": 1024534, "AWATER": 0, "centroid_lon": -112.00689126518083, "centroid_lat": 33.658808978101703, "B03002_001E": 2639, "B03002_001M": 506, "B03002_012E": 257, "B03002_012M": 157, "B19013_001E": 134219, "B19013_001M": 28827, "B01003_001E": 2639, "state": "04", "county": "013", "tract": "617200", "latino_share": 0.097385373247442217, "camera_count": 0, "arterial_road_m": 1743.3955618159994, "land_area_km2": 1.024534, "pop_density_per_km2": 2575.8051953375875, "arterial_km_per_km2": 1.7016473458333243, "log_income": 11.807228073229998, "city": "Phoenix", "crime_count_raw": 271.02825434443935, "crime_rate_annual_per_km2_1000": 0.026029777123511483 }, "geometry": { "type": "Polygon", "coordinates": [ [ [ -112.013652, 33.662412 ], [ -112.009311, 33.662427 ], [ -112.004981, 33.662443 ], [ -112.000678, 33.662149 ], [ -111.999923, 33.663516 ], [ -111.999898, 33.663541 ], [ -112.000273, 33.655195 ], [ -112.000664, 33.655218 ], [ -112.009271, 33.655157 ], [ -112.01362, 33.655133 ], [ -112.013652, 33.662412 ] ] ] } },
{ "type": "Feature", "properties": { "STATEFP": "04", "COUNTYFP": "013", "TRACTCE": "104301", "GEOIDFQ": "1400000US04013104301", "GEOID": "04013104301", "NAME": "1043.01", "NAMELSAD": "Census Tract 1043.01", "STUSPS": "AZ", "NAMELSADCO": "Maricopa County", "STATE_NAME": "Arizona", "LSAD": "CT", "ALAND": 1486942, "AWATER": 0, "centroid_lon": -112.12869570093763, "centroid_lat": 33.589219251815607, "B03002_001E": 3941, "B03002_001M": 739, "B03002_012E": 1843, "B03002_012M": 688, "B19013_001E": 68826, "B19013_001M": 18426, "B01003_001E": 3941, "state": "04", "county": "013", "tract": "104301", "latino_share": 0.46764780512560261, "camera_count": 1, "arterial_road_m": 4223.40919496276, "land_area_km2": 1.486942, "pop_density_per_km2": 2650.4060010410626, "arterial_km_per_km2": 2.8403321682774179, "log_income": 11.139336859509323, "city": "Phoenix", "crime_count_raw": 1425.7896489753141, "crime_rate_annual_per_km2_1000": 0.094350387001490177 }, "geometry": { "type": "Polygon", "coordinates": [ [ [ -112.134061, 33.58808 ], [ -112.13405, 33.589116 ], [ -112.133964, 33.596387 ], [ -112.125343, 33.596401 ], [ -112.122646, 33.596405 ], [ -112.121475, 33.595375 ], [ -112.121564, 33.59319 ], [ -112.125373, 33.592064 ], [ -112.129042, 33.591021 ], [ -112.129041, 33.589819 ], [ -112.12539, 33.589822 ], [ -112.125396, 33.589184 ], [ -112.123244, 33.589127 ], [ -112.1233, 33.581949 ], [ -112.129784, 33.581952 ], [ -112.134106, 33.581954 ], [ -112.134061, 33.58808 ] ] ] } },
{ "type": "Feature", "properties": { "STATEFP": "04", "COUNTYFP": "013", "TRACTCE": "113502", "GEOIDFQ": "1400000US04013113502", "GEOID": "04013113502", "NAME": "1135.02", "NAMELSAD": "Census Tract 1135.02", "STUSPS": "AZ", "NAMELSADCO": "Maricopa County", "STATE_NAME": "Arizona", "LSAD": "CT", "ALAND": 644173, "AWATER": 0, "centroid_lon": -112.0172168873724, "centroid_lat": 33.454943539591014, "B03002_001E": 2775, "B03002_001M": 424, "B03002_012E": 2429, "B03002_012M": 444, "B19013_001E": 41313, "B19013_001M": 11447, "B01003_001E": 2775, "state": "04", "county": "013", "tract": "113502", "latino_share": 0.87531531531531537, "camera_count": 0, "arterial_road_m": 1607.7037343631794, "land_area_km2": 0.644173, "pop_density_per_km2": 4307.8489784576504, "arterial_km_per_km2": 2.4957639242302601, "log_income": 10.628932499395235, "city": "Phoenix", "crime_count_raw": 1048.7449797312527, "crime_rate_annual_per_km2_1000": 0.16019524987871042 }, "geometry": { "type": "Polygon", "coordinates": [ [ [ -112.02154, 33.457058 ], [ -112.021513, 33.458571 ], [ -112.012905, 33.458568 ], [ -112.012901, 33.456747 ], [ -112.012901, 33.454928 ], [ -112.012898, 33.45131 ], [ -112.021538, 33.45133 ], [ -112.02154, 33.457058 ] ] ] } },
{ "type": "Feature", "properties": { "STATEFP": "04", "COUNTYFP": "013", "TRACTCE": "611700", "GEOIDFQ": "1400000US04013611700", "GEOID": "04013611700", "NAME": "6117", "NAMELSAD": "Census Tract 6117", "STUSPS": "AZ", "NAMELSADCO": "Maricopa County", "STATE_NAME": "Arizona", "LSAD": "CT", "ALAND": 7546450, "AWATER": 0, "centroid_lon": -112.17763498457285, "centroid_lat": 33.705162949833735, "B03002_001E": 6290, "B03002_001M": 789, "B03002_012E": 348, "B03002_012M": 199, "B19013_001E": 127235, "B19013_001M": 25530, "B01003_001E": 6290, "state": "04", "county": "013", "tract": "611700", "latino_share": 0.055325914149443559, "camera_count": 0, "arterial_road_m": 10450.875369667987, "land_area_km2": 7.54645, "pop_density_per_km2": 833.50449549125744, "arterial_km_per_km2": 1.3848730687499402, "log_income": 11.753791049272055, "city": "Phoenix", "crime_count_raw": 484.57396547956932, "crime_rate_annual_per_km2_1000": 0.0063182911625455388 }, "geometry": { "type": "Polygon", "coordinates": [ [ [ -112.20332, 33.712293 ], [ -112.197548, 33.712271 ], [ -112.191151, 33.712306 ], [ -112.183971, 33.71237 ], [ -112.178755, 33.712397 ], [ -112.165424, 33.712544 ], [ -112.161064, 33.712596 ], [ -112.152323, 33.712716 ], [ -112.152293, 33.705451 ], [ -112.152254, 33.698226 ], [ -112.161005, 33.698091 ], [ -112.178175, 33.697896 ], [ -112.178544, 33.69783 ], [ -112.178879, 33.697696 ], [ -112.202879, 33.697724 ], [ -112.202922, 33.712041 ], [ -112.20332, 33.712293 ] ] ] } },
{ "type": "Feature", "properties": { "STATEFP": "04", "COUNTYFP": "013", "TRACTCE": "116715", "GEOIDFQ": "1400000US04013116715", "GEOID": "04013116715", "NAME": "1167.15", "NAMELSAD": "Census Tract 1167.15", "STUSPS": "AZ", "NAMELSADCO": "Maricopa County", "STATE_NAME": "Arizona", "LSAD": "CT", "ALAND": 921582, "AWATER": 0, "centroid_lon": -111.98306595165865, "centroid_lat": 33.354357464369727, "B03002_001E": 1764, "B03002_001M": 243, "B03002_012E": 108, "B03002_012M": 56, "B19013_001E": 106875, "B19013_001M": 13906, "B01003_001E": 1764, "state": "04", "county": "013", "tract": "116715", "latino_share": 0.061224489795918366, "camera_count": 0, "arterial_road_m": 1600.0998522244192, "land_area_km2": 0.921582, "pop_density_per_km2": 1914.0998847633743, "arterial_km_per_km2": 1.7362533689073996, "log_income": 11.579415206239061, "city": "Phoenix", "crime_count_raw": 270.48361162429109, "crime_rate_annual_per_km2_1000": 0.028879470754014005 }, "geometry": { "type": "Polygon", "coordinates": [ [ [ -111.988406, 33.354861 ], [ -111.985907, 33.35731 ], [ -111.983237, 33.357795 ], [ -111.981087, 33.360808 ], [ -111.978745, 33.360892 ], [ -111.976489, 33.359544 ], [ -111.978922, 33.356402 ], [ -111.979579, 33.353282 ], [ -111.980406, 33.351309 ], [ -111.980403, 33.34894 ], [ -111.985086, 33.348881 ], [ -111.986994, 33.348588 ], [ -111.98736, 33.349553 ], [ -111.98839, 33.351155 ], [ -111.988854, 33.35315 ], [ -111.988406, 33.354861 ] ] ] } },
{ "type": "Feature", "properties": { "STATEFP": "04", "COUNTYFP": "013", "TRACTCE": "111800", "GEOIDFQ": "1400000US04013111800", "GEOID": "04013111800", "NAME": "1118", "NAMELSAD": "Census Tract 1118", "STUSPS": "AZ", "NAMELSADCO": "Maricopa County", "STATE_NAME": "Arizona", "LSAD": "CT", "ALAND": 2654771, "AWATER": 0, "centroid_lon": -112.07396393149889, "centroid_lat": 33.473033253872345, "B03002_001E": 4478, "B03002_001M": 682, "B03002_012E": 934, "B03002_012M": 475, "B19013_001E": 96622, "B19013_001M": 22096, "B01003_001E": 4478, "state": "04", "county": "013", "tract": "111800", "latino_share": 0.20857525681107639, "camera_count": 0, "arterial_road_m": 13496.521869165659, "land_area_km2": 2.654771, "pop_density_per_km2": 1686.7744901537646, "arterial_km_per_km2": 5.0838742283856719, "log_income": 11.478561737542268, "city": "Phoenix", "crime_count_raw": 3035.7056545180817, "crime_rate_annual_per_km2_1000": 0.11251614699396564 }, "geometry": { "type": "Polygon", "coordinates": [ [ [ -112.08301, 33.480353 ], [ -112.073774, 33.480249 ], [ -112.065073, 33.480207 ], [ -112.065091, 33.476612 ], [ -112.065103, 33.473004 ], [ -112.065084, 33.46571 ], [ -112.073782, 33.465736 ], [ -112.082637, 33.465811 ], [ -112.082828, 33.473022 ], [ -112.082947, 33.477694 ], [ -112.08301, 33.480353 ] ] ] } },
{ "type": "Feature", "properties": { "STATEFP": "04", "COUNTYFP": "013", "TRACTCE": "113601", "GEOIDFQ": "1400000US04013113601", "GEOID": "04013113601", "NAME": "1136.01", "NAMELSAD": "Census Tract 1136.01", "STUSPS": "AZ", "NAMELSADCO": "Maricopa County", "STATE_NAME": "Arizona", "LSAD": "CT", "ALAND": 1638754, "AWATER": 16756, "centroid_lon": -112.00236744827369, "centroid_lat": 33.460739605964569, "B03002_001E": 4299, "B03002_001M": 962, "B03002_012E": 2780, "B03002_012M": 971, "B19013_001E": 55592, "B19013_001M": 22047, "B01003_001E": 4299, "state": "04", "county": "013", "tract": "113601", "latino_share": 0.64666201442195859, "camera_count": 0, "arterial_road_m": 6422.3869254653928, "land_area_km2": 1.638754, "pop_density_per_km2": 2623.3345578408962, "arterial_km_per_km2": 3.9190671238425003, "log_income": 10.925794584994163, "city": "Phoenix", "crime_count_raw": 1860.0125187573947, "crime_rate_annual_per_km2_1000": 0.11168230263442437 }, "geometry": { "type": "Polygon", "coordinates": [ [ [ -112.012918, 33.465732 ], [ -112.008575, 33.465712 ], [ -112.004215, 33.465707 ], [ -111.995585, 33.465657 ], [ -111.994805, 33.465657 ], [ -111.995066, 33.462114 ], [ -111.99521, 33.459123 ], [ -111.99531, 33.451284 ], [ -111.999203, 33.453648 ], [ -112.003508, 33.45674 ], [ -112.006412, 33.458815 ], [ -112.006866, 33.459152 ], [ -112.008698, 33.459488 ], [ -112.012852, 33.460648 ], [ -112.012918, 33.465732 ] ] ] } },
{ "type": "Feature", "properties": { "STATEFP": "04", "COUNTYFP": "013", "TRACTCE": "109703", "GEOIDFQ": "1400000US04013109703", "GEOID": "04013109703", "NAME": "1097.03", "NAMELSAD": "Census Tract 1097.03", "STUSPS": "AZ", "NAMELSADCO": "Maricopa County", "STATE_NAME": "Arizona", "LSAD": "CT", "ALAND": 1293228, "AWATER": 0, "centroid_lon": -112.21623189645545, "centroid_lat": 33.48746615819126, "B03002_001E": 3010, "B03002_001M": 628, "B03002_012E": 2281, "B03002_012M": 380, "B19013_001E": 53681, "B19013_001M": 2682, "B01003_001E": 3010, "state": "04", "county": "013", "tract": "109703", "latino_share": 0.75780730897009962, "camera_count": 0, "arterial_road_m": 3738.5071851237662, "land_area_km2": 1.293228, "pop_density_per_km2": 2327.5091476522316, "arterial_km_per_km2": 2.890833778052877, "log_income": 10.890814400384119, "city": "Phoenix", "crime_count_raw": 1998.68479277402, "crime_rate_annual_per_km2_1000": 0.15207277330062377 }, "geometry": { "type": "Polygon", "coordinates": [ [ [ -112.220572, 33.484462 ], [ -112.220551, 33.486113 ], [ -112.22053, 33.487434 ], [ -112.220534, 33.492102 ], [ -112.220568, 33.494687 ], [ -112.212297, 33.494753 ], [ -112.211895, 33.494754 ], [ -112.211895, 33.491145 ], [ -112.2119, 33.487516 ], [ -112.2119, 33.487493 ], [ -112.211917, 33.480266 ], [ -112.220634, 33.480188 ], [ -112.220572, 33.484462 ] ] ] } },
{ "type": "Feature", "properties": { "STATEFP": "04", "COUNTYFP": "013", "TRACTCE": "107500", "GEOIDFQ": "1400000US04013107500", "GEOID": "04013107500", "NAME": "1075", "NAMELSAD": "Census Tract 1075", "STUSPS": "AZ", "NAMELSADCO": "Maricopa County", "STATE_NAME": "Arizona", "LSAD": "CT", "ALAND": 2609407, "AWATER": 0, "centroid_lon": -112.07372567948026, "centroid_lat": 33.516538081144041, "B03002_001E": 3520, "B03002_001M": 517, "B03002_012E": 293, "B03002_012M": 178, "B19013_001E": 108542, "B19013_001M": 27342, "B01003_001E": 3520, "state": "04", "county": "013", "tract": "107500", "latino_share": 0.083238636363636362, "camera_count": 0, "arterial_road_m": 7501.5908189308902, "land_area_km2": 2.609407, "pop_density_per_km2": 1348.9654929261706, "arterial_km_per_km2": 2.8748258968152114, "log_income": 11.594892473834218, "city": "Phoenix", "crime_count_raw": 1539.106331417976, "crime_rate_annual_per_km2_1000": 0.058037548380989963 }, "geometry": { "type": "Polygon", "coordinates": [ [ [ -112.082454, 33.516616 ], [ -112.082412, 33.523854 ], [ -112.073699, 33.523797 ], [ -112.064989, 33.523739 ], [ -112.064999, 33.520113 ], [ -112.064994, 33.516488 ], [ -112.06501, 33.509234 ], [ -112.073743, 33.509287 ], [ -112.082484, 33.509341 ], [ -112.082454, 33.516616 ] ] ] } },
{ "type": "Feature", "properties": { "STATEFP": "04", "COUNTYFP": "013", "TRACTCE": "105800", "GEOIDFQ": "1400000US04013105800", "GEOID": "04013105800", "NAME": "1058", "NAMELSAD": "Census Tract 1058", "STUSPS": "AZ", "NAMELSADCO": "Maricopa County", "STATE_NAME": "Arizona", "LSAD": "CT", "ALAND": 2604619, "AWATER": 0, "centroid_lon": -112.14294965444827, "centroid_lat": 33.545807078499855, "B03002_001E": 6751, "B03002_001M": 1122, "B03002_012E": 3590, "B03002_012M": 949, "B19013_001E": 86890, "B19013_001M": 22698, "B01003_001E": 6751, "state": "04", "county": "013", "tract": "105800", "latino_share": 0.53177307065619905, "camera_count": 0, "arterial_road_m": 8093.6513249471118, "land_area_km2": 2.604619, "pop_density_per_km2": 2591.9337914681573, "arterial_km_per_km2": 3.1074223619451105, "log_income": 11.372398229833252, "city": "Phoenix", "crime_count_raw": 2179.8079244187866, "crime_rate_annual_per_km2_1000": 0.082348611312915779 }, "geometry": { "type": "Polygon", "coordinates": [ [ [ -112.151674, 33.553117 ], [ -112.151566, 33.553119 ], [ -112.142914, 33.553102 ], [ -112.134255, 33.553117 ], [ -112.134292, 33.547652 ], [ -112.1343, 33.54582 ], [ -112.134332, 33.538513 ], [ -112.138601, 33.538494 ], [ -112.142878, 33.538476 ], [ -112.151435, 33.538452 ], [ -112.151573, 33.538452 ], [ -112.151552, 33.545707 ], [ -112.151572, 33.546635 ], [ -112.151674, 33.553117 ] ] ] } },
{ "type": "Feature", "properties": { "STATEFP": "04", "COUNTYFP": "013", "TRACTCE": "105400", "GEOIDFQ": "1400000US04013105400", "GEOID": "04013105400", "NAME": "1054", "NAMELSAD": "Census Tract 1054", "STUSPS": "AZ", "NAMELSADCO": "Maricopa County", "STATE_NAME": "Arizona", "LSAD": "CT", "ALAND": 2568620, "AWATER": 0, "centroid_lon": -112.09109164786091, "centroid_lat": 33.560288328058043, "B03002_001E": 3734, "B03002_001M": 574, "B03002_012E": 702, "B03002_012M": 222, "B19013_001E": 137955, "B19013_001M": 47388, "B01003_001E": 3734, "state": "04", "county": "013", "tract": "105400", "latino_share": 0.18800214247455813, "camera_count": 0, "arterial_road_m": 5948.1159938600395, "land_area_km2": 2.56862, "pop_density_per_km2": 1453.6988733249759, "arterial_km_per_km2": 2.315685462956778, "log_income": 11.834682824004908, "city": "Phoenix", "crime_count_raw": 2536.7856702968902, "crime_rate_annual_per_km2_1000": 0.097177600899722008 }, "geometry": { "type": "Polygon", "coordinates": [ [ [ -112.099648, 33.558928 ], [ -112.099657, 33.560431 ], [ -112.099646, 33.563904 ], [ -112.099616, 33.567609 ], [ -112.086926, 33.567564 ], [ -112.082521, 33.567554 ], [ -112.082572, 33.556149 ], [ -112.082585, 33.552915 ], [ -112.091265, 33.552994 ], [ -112.099675, 33.553078 ], [ -112.099648, 33.558928 ] ] ] } },
{ "type": "Feature", "properties": { "STATEFP": "04", "COUNTYFP": "013", "TRACTCE": "116721", "GEOIDFQ": "1400000US04013116721", "GEOID": "04013116721", "NAME": "1167.21", "NAMELSAD": "Census Tract 1167.21", "STUSPS": "AZ", "NAMELSADCO": "Maricopa County", "STATE_NAME": "Arizona", "LSAD": "CT", "ALAND": 2295747, "AWATER": 0, "centroid_lon": -112.01354285629766, "centroid_lat": 33.309224247338406, "B03002_001E": 3557, "B03002_001M": 646, "B03002_012E": 519, "B03002_012M": 229, "B19013_001E": 107969, "B19013_001M": 19445, "B01003_001E": 3557, "state": "04", "county": "013", "tract": "116721", "latino_share": 0.14590947427607534, "camera_count": 0, "arterial_road_m": 6322.886724931448, "land_area_km2": 2.295747, "pop_density_per_km2": 1549.386757338679, "arterial_km_per_km2": 2.7541740117406004, "log_income": 11.589599427866304, "city": "Phoenix", "crime_count_raw": 248.32757370995336, "crime_rate_annual_per_km2_1000": 0.010643468443284565 }, "geometry": { "type": "Polygon", "coordinates": [ [ [ -112.027435, 33.308947 ], [ -112.026121, 33.31138 ], [ -112.022859, 33.312691 ], [ -112.018734, 33.312699 ], [ -112.016219, 33.31409 ], [ -112.013268, 33.315635 ], [ -112.006778, 33.31535 ], [ -112.006273, 33.313283 ], [ -112.004848, 33.311366 ], [ -112.001485, 33.308934 ], [ -111.999056, 33.307989 ], [ -111.997765, 33.307015 ], [ -111.997265, 33.305214 ], [ -112.001563, 33.30521 ], [ -112.014496, 33.305214 ], [ -112.016337, 33.305185 ], [ -112.017675, 33.304988 ], [ -112.021787, 33.304268 ], [ -112.022772, 33.304249 ], [ -112.024797, 33.304766 ], [ -112.027163, 33.307116 ], [ -112.027335, 33.307584 ], [ -112.027435, 33.308947 ] ] ] } },
{ "type": "Feature", "properties": { "STATEFP": "04", "COUNTYFP": "013", "TRACTCE": "112201", "GEOIDFQ": "1400000US04013112201", "GEOID": "04013112201", "NAME": "1122.01", "NAMELSAD": "Census Tract 1122.01", "STUSPS": "AZ", "NAMELSADCO": "Maricopa County", "STATE_NAME": "Arizona", "LSAD": "CT", "ALAND": 1453063, "AWATER": 0, "centroid_lon": -112.13944431950485, "centroid_lat": 33.473806312129476, "B03002_001E": 4427, "B03002_001M": 897, "B03002_012E": 3799, "B03002_012M": 995, "B19013_001E": 57052, "B19013_001M": 5692, "B01003_001E": 4427, "state": "04", "county": "013", "tract": "112201", "latino_share": 0.85814321210752198, "camera_count": 0, "arterial_road_m": 4083.2914729067243, "land_area_km2": 1.453063, "pop_density_per_km2": 3046.6676255606262, "arterial_km_per_km2": 2.8101269338677843, "log_income": 10.951718411643313, "city": "Phoenix", "crime_count_raw": 2168.6352914162253, "crime_rate_annual_per_km2_1000": 0.1468535108721139 }, "geometry": { "type": "Polygon", "coordinates": [ [ [ -112.147287, 33.480475 ], [ -112.142957, 33.480477 ], [ -112.138654, 33.480449 ], [ -112.134362, 33.480469 ], [ -112.134409, 33.473163 ], [ -112.134426, 33.471234 ], [ -112.134473, 33.46595 ], [ -112.143147, 33.465957 ], [ -112.143087, 33.469571 ], [ -112.143057, 33.471846 ], [ -112.14304, 33.473193 ], [ -112.142994, 33.476847 ], [ -112.147335, 33.476847 ], [ -112.147287, 33.480475 ] ] ] } },
{ "type": "Feature", "properties": { "STATEFP": "04", "COUNTYFP": "013", "TRACTCE": "104205", "GEOIDFQ": "1400000US04013104205", "GEOID": "04013104205", "NAME": "1042.05", "NAMELSAD": "Census Tract 1042.05", "STUSPS": "AZ", "NAMELSADCO": "Maricopa County", "STATE_NAME": "Arizona", "LSAD": "CT", "ALAND": 3388348, "AWATER": 107657, "centroid_lon": -112.1294969420447, "centroid_lat": 33.575766635758598, "B03002_001E": 6919, "B03002_001M": 1018, "B03002_012E": 2731, "B03002_012M": 1158, "B19013_001E": 52153, "B19013_001M": 23320, "B01003_001E": 6919, "state": "04", "county": "013", "tract": "104205", "latino_share": 0.39471021823962998, "camera_count": 0, "arterial_road_m": 22392.906175231543, "land_area_km2": 3.388348, "pop_density_per_km2": 2041.9980474260612, "arterial_km_per_km2": 6.6087976132414799, "log_income": 10.861936985140591, "city": "Phoenix", "crime_count_raw": 9054.2813064866459, "crime_rate_annual_per_km2_1000": 0.262934898446952 }, "geometry": { "type": "Polygon", "coordinates": [ [ [ -112.144607, 33.581939 ], [ -112.142812, 33.581944 ], [ -112.134106, 33.581954 ], [ -112.129784, 33.581952 ], [ -112.1233, 33.581949 ], [ -112.122065, 33.581949 ], [ -112.116834, 33.581974 ], [ -112.117192, 33.567583 ], [ -112.125555, 33.56756 ], [ -112.134251, 33.567532 ], [ -112.134237, 33.570705 ], [ -112.134218, 33.572105 ], [ -112.13772, 33.573316 ], [ -112.151354, 33.581922 ], [ -112.144607, 33.581939 ] ] ] } },
{ "type": "Feature", "properties": { "STATEFP": "04", "COUNTYFP": "013", "TRACTCE": "082012", "GEOIDFQ": "1400000US04013082012", "GEOID": "04013082012", "NAME": "820.12", "NAMELSAD": "Census Tract 820.12", "STUSPS": "AZ", "NAMELSADCO": "Maricopa County", "STATE_NAME": "Arizona", "LSAD": "CT", "ALAND": 2918635, "AWATER": 2146, "centroid_lon": -112.29996672477405, "centroid_lat": 33.500201716061824, "B03002_001E": 6824, "B03002_001M": 857, "B03002_012E": 4119, "B03002_012M": 841, "B19013_001E": 84773, "B19013_001M": 11951, "B01003_001E": 6824, "state": "04", "county": "013", "tract": "082012", "latino_share": 0.60360492379835873, "camera_count": 0, "arterial_road_m": 6382.5563135033617, "land_area_km2": 2.918635, "pop_density_per_km2": 2338.0792733589501, "arterial_km_per_km2": 2.1868292244502521, "log_income": 11.34773237485474, "city": "Phoenix", "crime_count_raw": 1014.9062606457774, "crime_rate_annual_per_km2_1000": 0.034215934227910479 }, "geometry": { "type": "Polygon", "coordinates": [ [ [ -112.31268, 33.493474 ], [ -112.310885, 33.497625 ], [ -112.309543, 33.50072 ], [ -112.306577, 33.507539 ], [ -112.306409, 33.507542 ], [ -112.302872, 33.507644 ], [ -112.29857, 33.507817 ], [ -112.289987, 33.50818 ], [ -112.290081, 33.501734 ], [ -112.290142, 33.5009 ], [ -112.290218, 33.493747 ], [ -112.290218, 33.493653 ], [ -112.298518, 33.493355 ], [ -112.307561, 33.493094 ], [ -112.308924, 33.493055 ], [ -112.31082, 33.493116 ], [ -112.310827, 33.493328 ], [ -112.312737, 33.493343 ], [ -112.31268, 33.493474 ] ] ] } },
{ "type": "Feature", "properties": { "STATEFP": "04", "COUNTYFP": "013", "TRACTCE": "116605", "GEOIDFQ": "1400000US04013116605", "GEOID": "04013116605", "NAME": "1166.05", "NAMELSAD": "Census Tract 1166.05", "STUSPS": "AZ", "NAMELSADCO": "Maricopa County", "STATE_NAME": "Arizona", "LSAD": "CT", "ALAND": 2581154, "AWATER": 0, "centroid_lon": -112.15961282710343, "centroid_lat": 33.384807848513766, "B03002_001E": 7143, "B03002_001M": 1155, "B03002_012E": 3827, "B03002_012M": 962, "B19013_001E": 91645, "B19013_001M": 11759, "B01003_001E": 7143, "state": "04", "county": "013", "tract": "116605", "latino_share": 0.53576928461430773, "camera_count": 1, "arterial_road_m": 9789.3990030737441, "land_area_km2": 2.581154, "pop_density_per_km2": 2767.366844442447, "arterial_km_per_km2": 3.79264429905141, "log_income": 11.425677696405948, "city": "Phoenix", "crime_count_raw": 1899.2474905352888, "crime_rate_annual_per_km2_1000": 0.072401889713222978 }, "geometry": { "type": "Polygon", "coordinates": [ [ [ -112.168286, 33.381688 ], [ -112.168269, 33.382031 ], [ -112.168286, 33.384743 ], [ -112.168234, 33.391965 ], [ -112.16462, 33.392016 ], [ -112.159522, 33.392032 ], [ -112.158452, 33.392036 ], [ -112.15733, 33.392041 ], [ -112.15414, 33.39205 ], [ -112.15087, 33.3921 ], [ -112.150977, 33.384847 ], [ -112.15104, 33.377612 ], [ -112.159576, 33.377547 ], [ -112.168274, 33.377553 ], [ -112.168269, 33.381156 ], [ -112.168286, 33.381688 ] ] ] } },
{ "type": "Feature", "properties": { "STATEFP": "04", "COUNTYFP": "013", "TRACTCE": "618900", "GEOIDFQ": "1400000US04013618900", "GEOID": "04013618900", "NAME": "6189", "NAMELSAD": "Census Tract 6189", "STUSPS": "AZ", "NAMELSADCO": "Maricopa County", "STATE_NAME": "Arizona", "LSAD": "CT", "ALAND": 2571785, "AWATER": 91, "centroid_lon": -112.0741695037711, "centroid_lat": 33.647490843003006, "B03002_001E": 7323, "B03002_001M": 628, "B03002_012E": 1963, "B03002_012M": 516, "B19013_001E": 67476, "B19013_001M": 17856, "B01003_001E": 7323, "state": "04", "county": "013", "tract": "618900", "latino_share": 0.26805953844052982, "camera_count": 0, "arterial_road_m": 8100.1463815357683, "land_area_km2": 2.571785, "pop_density_per_km2": 2847.4386466986934, "arterial_km_per_km2": 3.1496203537759837, "log_income": 11.119527258080202, "city": "Phoenix", "crime_count_raw": 2724.7286088624655, "crime_rate_annual_per_km2_1000": 0.10424874846114943 }, "geometry": { "type": "Polygon", "coordinates": [ [ [ -112.082801, 33.647429 ], [ -112.082799, 33.654647 ], [ -112.077881, 33.65469 ], [ -112.074174, 33.654735 ], [ -112.065558, 33.654846 ], [ -112.065566, 33.647565 ], [ -112.065554, 33.644845 ], [ -112.065512, 33.640294 ], [ -112.074161, 33.640258 ], [ -112.07848, 33.640229 ], [ -112.082838, 33.640211 ], [ -112.082801, 33.647429 ] ] ] } },
{ "type": "Feature", "properties": { "STATEFP": "04", "COUNTYFP": "013", "TRACTCE": "611600", "GEOIDFQ": "1400000US04013611600", "GEOID": "04013611600", "NAME": "6116", "NAMELSAD": "Census Tract 6116", "STUSPS": "AZ", "NAMELSADCO": "Maricopa County", "STATE_NAME": "Arizona", "LSAD": "CT", "ALAND": 4477148, "AWATER": 0, "centroid_lon": -112.15084850483173, "centroid_lat": 33.72008860083848, "B03002_001E": 3100, "B03002_001M": 390, "B03002_012E": 594, "B03002_012M": 309, "B19013_001E": 171985, "B19013_001M": 35395, "B01003_001E": 3100, "state": "04", "county": "013", "tract": "611600", "latino_share": 0.19161290322580646, "camera_count": 0, "arterial_road_m": 4627.0582903639242, "land_area_km2": 4.477148, "pop_density_per_km2": 692.40507573124682, "arterial_km_per_km2": 1.0334834341781698, "log_income": 12.055162542690312, "city": "Phoenix", "crime_count_raw": 369.48032903486711, "crime_rate_annual_per_km2_1000": 0.0081203009997400013 }, "geometry": { "type": "Polygon", "coordinates": [ [ [ -112.165423, 33.718775 ], [ -112.164359, 33.720784 ], [ -112.165211, 33.723875 ], [ -112.164007, 33.724758 ], [ -112.1626, 33.726961 ], [ -112.160751, 33.72996 ], [ -112.154414, 33.728456 ], [ -112.150556, 33.72859 ], [ -112.147972, 33.727832 ], [ -112.143697, 33.727383 ], [ -112.139748, 33.725074 ], [ -112.13868, 33.723911 ], [ -112.136703, 33.72476 ], [ -112.135349, 33.724137 ], [ -112.135044, 33.723114 ], [ -112.136112, 33.721585 ], [ -112.135169, 33.720467 ], [ -112.135, 33.717716 ], [ -112.135587, 33.716554 ], [ -112.135027, 33.71281 ], [ -112.143692, 33.712784 ], [ -112.152323, 33.712716 ], [ -112.161064, 33.712596 ], [ -112.165424, 33.712544 ], [ -112.165423, 33.718775 ] ] ] } },
{ "type": "Feature", "properties": { "STATEFP": "04", "COUNTYFP": "013", "TRACTCE": "114100", "GEOIDFQ": "1400000US04013114100", "GEOID": "04013114100", "NAME": "1141", "NAMELSAD": "Census Tract 1141", "STUSPS": "AZ", "NAMELSADCO": "Maricopa County", "STATE_NAME": "Arizona", "LSAD": "CT", "ALAND": 1309884, "AWATER": 0, "centroid_lon": -112.07389201833706, "centroid_lat": 33.447788488673623, "B03002_001E": 2605, "B03002_001M": 256, "B03002_012E": 528, "B03002_012M": 386, "B19013_001E": 72895, "B19013_001M": 32034, "B01003_001E": 2605, "state": "04", "county": "013", "tract": "114100", "latino_share": 0.20268714011516314, "camera_count": 0, "arterial_road_m": 8752.1875891780564, "land_area_km2": 1.309884, "pop_density_per_km2": 1988.7257192239922, "arterial_km_per_km2": 6.6816508860159036, "log_income": 11.196775328538923, "city": "Phoenix", "crime_count_raw": 4338.8248492393468, "crime_rate_annual_per_km2_1000": 0.32592790004997402 }, "geometry": { "type": "Polygon", "coordinates": [ [ [ -112.082557, 33.451428 ], [ -112.077718, 33.451411 ], [ -112.065143, 33.451358 ], [ -112.065113, 33.448283 ], [ -112.065135, 33.444944 ], [ -112.065258, 33.444221 ], [ -112.075431, 33.444253 ], [ -112.082478, 33.443922 ], [ -112.082557, 33.451428 ] ] ] } },
{ "type": "Feature", "properties": { "STATEFP": "04", "COUNTYFP": "013", "TRACTCE": "113202", "GEOIDFQ": "1400000US04013113202", "GEOID": "04013113202", "NAME": "1132.02", "NAMELSAD": "Census Tract 1132.02", "STUSPS": "AZ", "NAMELSADCO": "Maricopa County", "STATE_NAME": "Arizona", "LSAD": "CT", "ALAND": 674857, "AWATER": 0, "centroid_lon": -112.06073818056271, "centroid_lat": 33.454987692475314, "B03002_001E": 2087, "B03002_001M": 465, "B03002_012E": 1372, "B03002_012M": 438, "B19013_001E": 50857, "B19013_001M": 7134, "B01003_001E": 2087, "state": "04", "county": "013", "tract": "113202", "latino_share": 0.65740297077144227, "camera_count": 0, "arterial_road_m": 1499.3400269138951, "land_area_km2": 0.674857, "pop_density_per_km2": 3092.5070051877656, "arterial_km_per_km2": 2.2217151587875583, "log_income": 10.836773051786144, "city": "Phoenix", "crime_count_raw": 1290.7878365931542, "crime_rate_annual_per_km2_1000": 0.18820248970642783 }, "geometry": { "type": "Polygon", "coordinates": [ [ [ -112.065218, 33.458678 ], [ -112.056439, 33.458688 ], [ -112.056444, 33.455821 ], [ -112.055915, 33.451366 ], [ -112.058956, 33.451362 ], [ -112.065143, 33.451358 ], [ -112.065214, 33.454521 ], [ -112.06521, 33.455837 ], [ -112.065218, 33.458678 ] ] ] } },
{ "type": "Feature", "properties": { "STATEFP": "04", "COUNTYFP": "013", "TRACTCE": "103900", "GEOIDFQ": "1400000US04013103900", "GEOID": "04013103900", "NAME": "1039", "NAMELSAD": "Census Tract 1039", "STUSPS": "AZ", "NAMELSADCO": "Maricopa County", "STATE_NAME": "Arizona", "LSAD": "CT", "ALAND": 2522038, "AWATER": 474, "centroid_lon": -112.10817136800652, "centroid_lat": 33.603728253651276, "B03002_001E": 6528, "B03002_001M": 984, "B03002_012E": 1783, "B03002_012M": 775, "B19013_001E": 70917, "B19013_001M": 18338, "B01003_001E": 6528, "state": "04", "county": "013", "tract": "103900", "latino_share": 0.27313112745098039, "camera_count": 0, "arterial_road_m": 7272.8246427613603, "land_area_km2": 2.522038, "pop_density_per_km2": 2588.3828871729929, "arterial_km_per_km2": 2.883709382158937, "log_income": 11.16926545810899, "city": "Phoenix", "crime_count_raw": 1696.5486270458441, "crime_rate_annual_per_km2_1000": 0.066190695311621597 }, "geometry": { "type": "Polygon", "coordinates": [ [ [ -112.116616, 33.603627 ], [ -112.116543, 33.610849 ], [ -112.108118, 33.610968 ], [ -112.105486, 33.611002 ], [ -112.099637, 33.611092 ], [ -112.099617, 33.603786 ], [ -112.099655, 33.602308 ], [ -112.100362, 33.600184 ], [ -112.099606, 33.597741 ], [ -112.099603, 33.596559 ], [ -112.103803, 33.596498 ], [ -112.111046, 33.596426 ], [ -112.11189, 33.596425 ], [ -112.116716, 33.596422 ], [ -112.116616, 33.603627 ] ] ] } },
{ "type": "Feature", "properties": { "STATEFP": "04", "COUNTYFP": "013", "TRACTCE": "107202", "GEOIDFQ": "1400000US04013107202", "GEOID": "04013107202", "NAME": "1072.02", "NAMELSAD": "Census Tract 1072.02", "STUSPS": "AZ", "NAMELSADCO": "Maricopa County", "STATE_NAME": "Arizona", "LSAD": "CT", "ALAND": 1292929, "AWATER": 0, "centroid_lon": -112.1255834548886, "centroid_lat": 33.520377497283917, "B03002_001E": 5132, "B03002_001M": 719, "B03002_012E": 3288, "B03002_012M": 534, "B19013_001E": 86602, "B19013_001M": 15070, "B01003_001E": 5132, "state": "04", "county": "013", "tract": "107202", "latino_share": 0.64068589243959473, "camera_count": 0, "arterial_road_m": 4080.7946591145383, "land_area_km2": 1.292929, "pop_density_per_km2": 3969.2821492904868, "arterial_km_per_km2": 3.1562403342446013, "log_income": 11.36907818897207, "city": "Phoenix", "crime_count_raw": 1734.4569679400938, "crime_rate_annual_per_km2_1000": 0.1319991424685048 }, "geometry": { "type": "Polygon", "coordinates": [ [ [ -112.134255, 33.523966 ], [ -112.125569, 33.523995 ], [ -112.116889, 33.524023 ], [ -112.116947, 33.516784 ], [ -112.124496, 33.516778 ], [ -112.125585, 33.516731 ], [ -112.134227, 33.51673 ], [ -112.134255, 33.523966 ] ] ] } },
{ "type": "Feature", "properties": { "STATEFP": "04", "COUNTYFP": "013", "TRACTCE": "115802", "GEOIDFQ": "1400000US04013115802", "GEOID": "04013115802", "NAME": "1158.02", "NAMELSAD": "Census Tract 1158.02", "STUSPS": "AZ", "NAMELSADCO": "Maricopa County", "STATE_NAME": "Arizona", "LSAD": "CT", "ALAND": 1288070, "AWATER": 0, "centroid_lon": -112.07764887365752, "centroid_lat": 33.39947892239077, "B03002_001E": 3583, "B03002_001M": 894, "B03002_012E": 2966, "B03002_012M": 881, "B19013_001E": 52546, "B19013_001M": 29712, "B01003_001E": 3583, "state": "04", "county": "013", "tract": "115802", "latino_share": 0.82779793469159924, "camera_count": 0, "arterial_road_m": 2768.0038843700704, "land_area_km2": 1.28807, "pop_density_per_km2": 2781.6811198149167, "arterial_km_per_km2": 2.1489545477886063, "log_income": 10.869444255425103, "city": "Phoenix", "crime_count_raw": 2012.6889780075039, "crime_rate_annual_per_km2_1000": 0.15375153489488802 }, "geometry": { "type": "Polygon", "coordinates": [ [ [ -112.081991, 33.406709 ], [ -112.073343, 33.40672 ], [ -112.073339, 33.399561 ], [ -112.073307, 33.392248 ], [ -112.081963, 33.392243 ], [ -112.081955, 33.399254 ], [ -112.08196, 33.400106 ], [ -112.081991, 33.406709 ] ] ] } },
{ "type": "Feature", "properties": { "STATEFP": "04", "COUNTYFP": "013", "TRACTCE": "116203", "GEOIDFQ": "1400000US04013116203", "GEOID": "04013116203", "NAME": "1162.03", "NAMELSAD": "Census Tract 1162.03", "STUSPS": "AZ", "NAMELSADCO": "Maricopa County", "STATE_NAME": "Arizona", "LSAD": "CT", "ALAND": 7958832, "AWATER": 0, "centroid_lon": -112.0102129512921, "centroid_lat": 33.390160575357896, "B03002_001E": 6851, "B03002_001M": 1301, "B03002_012E": 2619, "B03002_012M": 1194, "B19013_001E": 88385, "B19013_001M": 22321, "B01003_001E": 6851, "state": "04", "county": "013", "tract": "116203", "latino_share": 0.38227995913005403, "camera_count": 0, "arterial_road_m": 14897.851183363175, "land_area_km2": 7.958832, "pop_density_per_km2": 860.80470099130127, "arterial_km_per_km2": 1.8718640101164561, "log_income": 11.389457550969983, "city": "Phoenix", "crime_count_raw": 3232.8105651223104, "crime_rate_annual_per_km2_1000": 0.039968069912951328 }, "geometry": { "type": "Polygon", "coordinates": [ [ [ -112.030185, 33.386024 ], [ -112.030066, 33.393214 ], [ -112.017101, 33.393831 ], [ -112.013205, 33.392652 ], [ -112.012549, 33.392563 ], [ -112.012729, 33.394191 ], [ -112.012661, 33.399684 ], [ -112.012578, 33.407051 ], [ -111.995363, 33.407289 ], [ -111.995547, 33.392654 ], [ -111.995548, 33.390725 ], [ -111.995551, 33.385357 ], [ -111.995553, 33.382935 ], [ -111.99556, 33.378076 ], [ -111.99688, 33.378072 ], [ -112.012795, 33.37801 ], [ -112.030328, 33.377751 ], [ -112.030185, 33.386024 ] ] ] } },
{ "type": "Feature", "properties": { "STATEFP": "04", "COUNTYFP": "013", "TRACTCE": "113503", "GEOIDFQ": "1400000US04013113503", "GEOID": "04013113503", "NAME": "1135.03", "NAMELSAD": "Census Tract 1135.03", "STUSPS": "AZ", "NAMELSADCO": "Maricopa County", "STATE_NAME": "Arizona", "LSAD": "CT", "ALAND": 1578502, "AWATER": 4098, "centroid_lon": -112.02389498963171, "centroid_lat": 33.462497759535168, "B03002_001E": 4501, "B03002_001M": 775, "B03002_012E": 3436, "B03002_012M": 787, "B19013_001E": 64527, "B19013_001M": 10285, "B01003_001E": 4501, "state": "04", "county": "013", "tract": "113503", "latino_share": 0.76338591424127966, "camera_count": 0, "arterial_road_m": 13435.918242902089, "land_area_km2": 1.578502, "pop_density_per_km2": 2851.4376288405083, "arterial_km_per_km2": 8.5118157866775519, "log_income": 11.074839019844543, "city": "Phoenix", "crime_count_raw": 1877.6580220503233, "crime_rate_annual_per_km2_1000": 0.11704520257567622 }, "geometry": { "type": "Polygon", "coordinates": [ [ [ -112.037987, 33.465801 ], [ -112.030216, 33.465788 ], [ -112.016109, 33.465735 ], [ -112.015131, 33.465733 ], [ -112.012918, 33.465732 ], [ -112.012852, 33.460648 ], [ -112.012905, 33.458568 ], [ -112.021513, 33.458571 ], [ -112.030187, 33.458599 ], [ -112.030219, 33.461985 ], [ -112.037331, 33.46205 ], [ -112.037911, 33.463301 ], [ -112.037987, 33.465801 ] ] ] } },
{ "type": "Feature", "properties": { "STATEFP": "04", "COUNTYFP": "013", "TRACTCE": "112522", "GEOIDFQ": "1400000US04013112522", "GEOID": "04013112522", "NAME": "1125.22", "NAMELSAD": "Census Tract 1125.22", "STUSPS": "AZ", "NAMELSADCO": "Maricopa County", "STATE_NAME": "Arizona", "LSAD": "CT", "ALAND": 2049882, "AWATER": 0, "centroid_lon": -112.19437025253558, "centroid_lat": 33.457151093610847, "B03002_001E": 6576, "B03002_001M": 1492, "B03002_012E": 5913, "B03002_012M": 1524, "B19013_001E": 70191, "B19013_001M": 7902, "B01003_001E": 6576, "state": "04", "county": "013", "tract": "112522", "latino_share": 0.89917883211678828, "camera_count": 0, "arterial_road_m": 7550.7984509413918, "land_area_km2": 2.049882, "pop_density_per_km2": 3207.9895330560489, "arterial_km_per_km2": 3.6835283450176113, "log_income": 11.158975376666717, "city": "Phoenix", "crime_count_raw": 1380.547980260362, "crime_rate_annual_per_km2_1000": 0.066268158155968773 }, "geometry": { "type": "Polygon", "coordinates": [ [ [ -112.203412, 33.455156 ], [ -112.203372, 33.462533 ], [ -112.195122, 33.462611 ], [ -112.186415, 33.462685 ], [ -112.184017, 33.462702 ], [ -112.185081, 33.461319 ], [ -112.185301, 33.45884 ], [ -112.185985, 33.45151 ], [ -112.186567, 33.451526 ], [ -112.203439, 33.451583 ], [ -112.203412, 33.455156 ] ] ] } },
{ "type": "Feature", "properties": { "STATEFP": "04", "COUNTYFP": "013", "TRACTCE": "112523", "GEOIDFQ": "1400000US04013112523", "GEOID": "04013112523", "NAME": "1125.23", "NAMELSAD": "Census Tract 1125.23", "STUSPS": "AZ", "NAMELSADCO": "Maricopa County", "STATE_NAME": "Arizona", "LSAD": "CT", "ALAND": 2567737, "AWATER": 0, "centroid_lon": -112.22925669255447, "centroid_lat": 33.472722030566729, "B03002_001E": 4192, "B03002_001M": 993, "B03002_012E": 1905, "B03002_012M": 937, "B19013_001E": 57813, "B19013_001M": 30520, "B01003_001E": 4192, "state": "04", "county": "013", "tract": "112523", "latino_share": 0.45443702290076338, "camera_count": 6, "arterial_road_m": 9881.8685670197356, "land_area_km2": 2.567737, "pop_density_per_km2": 1632.5659520425961, "arterial_km_per_km2": 3.8484737989208919, "log_income": 10.96496894286603, "city": "Phoenix", "crime_count_raw": 6185.4682280365532, "crime_rate_annual_per_km2_1000": 0.23703053588651538 }, "geometry": { "type": "Polygon", "coordinates": [ [ [ -112.23784, 33.472578 ], [ -112.237824, 33.47981 ], [ -112.231276, 33.479925 ], [ -112.229159, 33.479968 ], [ -112.227036, 33.480055 ], [ -112.220634, 33.480188 ], [ -112.220728, 33.472928 ], [ -112.220528, 33.465668 ], [ -112.229201, 33.465486 ], [ -112.237989, 33.465335 ], [ -112.23784, 33.472578 ] ] ] } },
{ "type": "Feature", "properties": { "STATEFP": "04", "COUNTYFP": "013", "TRACTCE": "612402", "GEOIDFQ": "1400000US04013612402", "GEOID": "04013612402", "NAME": "6124.02", "NAMELSAD": "Census Tract 6124.02", "STUSPS": "AZ", "NAMELSADCO": "Maricopa County", "STATE_NAME": "Arizona", "LSAD": "CT", "ALAND": 52403648, "AWATER": 21369, "centroid_lon": -112.02850886971444, "centroid_lat": 33.757726225253549, "B03002_001E": 4979, "B03002_001M": 1012, "B03002_012E": 379, "B03002_012M": 195, "B19013_001E": 147908, "B19013_001M": 49820, "B01003_001E": 4979, "state": "04", "county": "013", "tract": "612402", "latino_share": 0.076119702751556537, "camera_count": 0, "arterial_road_m": 38021.736133497943, "land_area_km2": 52.403648, "pop_density_per_km2": 95.01246936091168, "arterial_km_per_km2": 0.72555513947231209, "log_income": 11.904345737837806, "city": "Phoenix", "crime_count_raw": 291.23229601430916, "crime_rate_annual_per_km2_1000": 0.00054683999465960872 }, "geometry": { "type": "Polygon", "coordinates": [ [ [ -112.085601, 33.768774 ], [ -112.082013, 33.769693 ], [ -112.081462, 33.770972 ], [ -112.07422, 33.774284 ], [ -112.070331, 33.775151 ], [ -112.069158, 33.775395 ], [ -112.066031, 33.778265 ], [ -112.062917, 33.780272 ], [ -112.061653, 33.781943 ], [ -112.061258, 33.783581 ], [ -112.062342, 33.784634 ], [ -112.052476, 33.784637 ], [ -112.048151, 33.784819 ], [ -112.04803, 33.786907 ], [ -112.048311, 33.791918 ], [ -112.048316, 33.798944 ], [ -112.048005, 33.799043 ], [ -112.021568, 33.799128 ], [ -112.019108, 33.79913 ], [ -111.995684, 33.799091 ], [ -111.995696, 33.798995 ], [ -111.995713, 33.798858 ], [ -111.995624, 33.798284 ], [ -111.995526, 33.783714 ], [ -111.995473, 33.782055 ], [ -111.995372, 33.780966 ], [ -111.995461, 33.780865 ], [ -111.995498, 33.780661 ], [ -111.995539, 33.779931 ], [ -111.995532, 33.779182 ], [ -111.995523, 33.778245 ], [ -111.995514, 33.777351 ], [ -111.995509, 33.773627 ], [ -111.995513, 33.772032 ], [ -111.995518, 33.770046 ], [ -111.995524, 33.758334 ], [ -111.995519, 33.757899 ], [ -111.990431, 33.75586 ], [ -111.995441, 33.747686 ], [ -111.999497, 33.741056 ], [ -112.008376, 33.726493 ], [ -112.015206, 33.715406 ], [ -112.021031, 33.706097 ], [ -112.025688, 33.699368 ], [ -112.025788, 33.699449 ], [ -112.027814, 33.700499 ], [ -112.028619, 33.70125 ], [ -112.029215, 33.702272 ], [ -112.02959, 33.704092 ], [ -112.030709, 33.704109 ], [ -112.03351, 33.704142 ], [ -112.033493, 33.701866 ], [ -112.033482, 33.700567 ], [ -112.033495, 33.700468 ], [ -112.035245, 33.700386 ], [ -112.03609, 33.702307 ], [ -112.036353, 33.702808 ], [ -112.036525, 33.703001 ], [ -112.037412, 33.703672 ], [ -112.042852, 33.707756 ], [ -112.045203, 33.706257 ], [ -112.047696, 33.705224 ], [ -112.046399, 33.709314 ], [ -112.045893, 33.709649 ], [ -112.047701, 33.71346 ], [ -112.047997, 33.71867 ], [ -112.048806, 33.719831 ], [ -112.048318, 33.721662 ], [ -112.049141, 33.723652 ], [ -112.04843, 33.727709 ], [ -112.046212, 33.728666 ], [ -112.045695, 33.729969 ], [ -112.041113, 33.729327 ], [ -112.04229, 33.733826 ], [ -112.043385, 33.735135 ], [ -112.045553, 33.735814 ], [ -112.044849, 33.737222 ], [ -112.045809, 33.739942 ], [ -112.047062, 33.741827 ], [ -112.049491, 33.744738 ], [ -112.052069, 33.746869 ], [ -112.053207, 33.747233 ], [ -112.056185, 33.750404 ], [ -112.059256, 33.752401 ], [ -112.062781, 33.757319 ], [ -112.066416, 33.761868 ], [ -112.067929, 33.764268 ], [ -112.073146, 33.765065 ], [ -112.07699, 33.767467 ], [ -112.080157, 33.768395 ], [ -112.083777, 33.767686 ], [ -112.085601, 33.768774 ] ] ] } },
{ "type": "Feature", "properties": { "STATEFP": "04", "COUNTYFP": "013", "TRACTCE": "108502", "GEOIDFQ": "1400000US04013108502", "GEOID": "04013108502", "NAME": "1085.02", "NAMELSAD": "Census Tract 1085.02", "STUSPS": "AZ", "NAMELSADCO": "Maricopa County", "STATE_NAME": "Arizona", "LSAD": "CT", "ALAND": 1293573, "AWATER": 0, "centroid_lon": -112.03454342996443, "centroid_lat": 33.502044337195592, "B03002_001E": 3735, "B03002_001M": 439, "B03002_012E": 905, "B03002_012M": 280, "B19013_001E": 106149, "B19013_001M": 17664, "B01003_001E": 3735, "state": "04", "county": "013", "tract": "108502", "latino_share": 0.24230254350736277, "camera_count": 0, "arterial_road_m": 6824.7148967427647, "land_area_km2": 1.293573, "pop_density_per_km2": 2887.3515449070132, "arterial_km_per_km2": 5.2758637485033812, "log_income": 11.572599046455846, "city": "Phoenix", "crime_count_raw": 2017.0639962099551, "crime_rate_annual_per_km2_1000": 0.15343024986926873 }, "geometry": { "type": "Polygon", "coordinates": [ [ [ -112.03889, 33.498387 ], [ -112.038881, 33.502012 ], [ -112.038862, 33.50925 ], [ -112.030207, 33.509327 ], [ -112.030217, 33.505705 ], [ -112.03021, 33.502074 ], [ -112.0302, 33.498435 ], [ -112.030195, 33.49485 ], [ -112.0389, 33.494783 ], [ -112.03889, 33.498387 ] ] ] } },
{ "type": "Feature", "properties": { "STATEFP": "04", "COUNTYFP": "013", "TRACTCE": "116727", "GEOIDFQ": "1400000US04013116727", "GEOID": "04013116727", "NAME": "1167.27", "NAMELSAD": "Census Tract 1167.27", "STUSPS": "AZ", "NAMELSADCO": "Maricopa County", "STATE_NAME": "Arizona", "LSAD": "CT", "ALAND": 4559813, "AWATER": 0, "centroid_lon": -112.07362621885311, "centroid_lat": 33.299014112561061, "B03002_001E": 3818, "B03002_001M": 276, "B03002_012E": 531, "B03002_012M": 98, "B19013_001E": 155208, "B19013_001M": 27594, "B01003_001E": 3818, "state": "04", "county": "013", "tract": "116727", "latino_share": 0.13907805133577789, "camera_count": 0, "arterial_road_m": 14089.727777368331, "land_area_km2": 4.559813, "pop_density_per_km2": 837.31503901585438, "arterial_km_per_km2": 3.0899792990125539, "log_income": 11.952521431794539, "city": "Phoenix", "crime_count_raw": 243.230383975699, "crime_rate_annual_per_km2_1000": 0.0052487157057976349 }, "geometry": { "type": "Polygon", "coordinates": [ [ [ -112.091263, 33.302362 ], [ -112.085482, 33.303286 ], [ -112.085353, 33.305136 ], [ -112.083615, 33.30524 ], [ -112.081573, 33.305976 ], [ -112.080784, 33.30482 ], [ -112.07862, 33.305168 ], [ -112.075894, 33.30417 ], [ -112.07477, 33.30391 ], [ -112.070747, 33.304586 ], [ -112.069281, 33.305267 ], [ -112.065714, 33.309066 ], [ -112.063756, 33.309621 ], [ -112.062182, 33.3095 ], [ -112.055589, 33.30614 ], [ -112.058054, 33.302345 ], [ -112.060957, 33.297945 ], [ -112.061769, 33.296725 ], [ -112.063509, 33.293867 ], [ -112.063418, 33.290594 ], [ -112.083535, 33.290546 ], [ -112.085138, 33.290544 ], [ -112.085053, 33.29244 ], [ -112.086695, 33.292363 ], [ -112.08718, 33.294153 ], [ -112.091999, 33.298654 ], [ -112.091263, 33.302362 ] ] ] } },
{ "type": "Feature", "properties": { "STATEFP": "04", "COUNTYFP": "013", "TRACTCE": "105701", "GEOIDFQ": "1400000US04013105701", "GEOID": "04013105701", "NAME": "1057.01", "NAMELSAD": "Census Tract 1057.01", "STUSPS": "AZ", "NAMELSADCO": "Maricopa County", "STATE_NAME": "Arizona", "LSAD": "CT", "ALAND": 1305221, "AWATER": 0, "centroid_lon": -112.14731655985565, "centroid_lat": 33.560325127645449, "B03002_001E": 3500, "B03002_001M": 703, "B03002_012E": 1829, "B03002_012M": 536, "B19013_001E": 66688, "B19013_001M": 18531, "B01003_001E": 3500, "state": "04", "county": "013", "tract": "105701", "latino_share": 0.52257142857142858, "camera_count": 0, "arterial_road_m": 3552.1348555350469, "land_area_km2": 1.305221, "pop_density_per_km2": 2681.5382222627431, "arterial_km_per_km2": 2.7214815387854219, "log_income": 11.107780305672984, "city": "Phoenix", "crime_count_raw": 979.09475078914693, "crime_rate_annual_per_km2_1000": 0.073811312274592256 }, "geometry": { "type": "Polygon", "coordinates": [ [ [ -112.151752, 33.567521 ], [ -112.142934, 33.567527 ], [ -112.142922, 33.560312 ], [ -112.142914, 33.553102 ], [ -112.151566, 33.553119 ], [ -112.151674, 33.553117 ], [ -112.151712, 33.56035 ], [ -112.151752, 33.567521 ] ] ] } },
{ "type": "Feature", "properties": { "STATEFP": "04", "COUNTYFP": "013", "TRACTCE": "110100", "GEOIDFQ": "1400000US04013110100", "GEOID": "04013110100", "NAME": "1101", "NAMELSAD": "Census Tract 1101", "STUSPS": "AZ", "NAMELSADCO": "Maricopa County", "STATE_NAME": "Arizona", "LSAD": "CT", "ALAND": 2573751, "AWATER": 16769, "centroid_lon": -112.14298262996232, "centroid_lat": 33.487728452158265, "B03002_001E": 6855, "B03002_001M": 1324, "B03002_012E": 6313, "B03002_012M": 1270, "B19013_001E": 57056, "B19013_001M": 6111, "B01003_001E": 6855, "state": "04", "county": "013", "tract": "110100", "latino_share": 0.92093362509117438, "camera_count": 0, "arterial_road_m": 5999.1781404718895, "land_area_km2": 2.573751, "pop_density_per_km2": 2663.4278141125537, "arterial_km_per_km2": 2.3309085224141302, "log_income": 10.951788520662866, "city": "Phoenix", "crime_count_raw": 3770.902776274083, "crime_rate_annual_per_km2_1000": 0.14416540753505594 }, "geometry": { "type": "Polygon", "coordinates": [ [ [ -112.151688, 33.494959 ], [ -112.142945, 33.495002 ], [ -112.134214, 33.49488 ], [ -112.134316, 33.48769 ], [ -112.134362, 33.480469 ], [ -112.138654, 33.480449 ], [ -112.142957, 33.480477 ], [ -112.147287, 33.480475 ], [ -112.151647, 33.480486 ], [ -112.15164, 33.487716 ], [ -112.151645, 33.488464 ], [ -112.151688, 33.494959 ] ] ] } },
{ "type": "Feature", "properties": { "STATEFP": "04", "COUNTYFP": "013", "TRACTCE": "110902", "GEOIDFQ": "1400000US04013110902", "GEOID": "04013110902", "NAME": "1109.02", "NAMELSAD": "Census Tract 1109.02", "STUSPS": "AZ", "NAMELSADCO": "Maricopa County", "STATE_NAME": "Arizona", "LSAD": "CT", "ALAND": 1321735, "AWATER": 0, "centroid_lon": -111.9998408180915, "centroid_lat": 33.487808098832964, "B03002_001E": 4635, "B03002_001M": 573, "B03002_012E": 1889, "B03002_012M": 515, "B19013_001E": 78497, "B19013_001M": 6953, "B01003_001E": 4635, "state": "04", "county": "013", "tract": "110902", "latino_share": 0.40755124056094932, "camera_count": 0, "arterial_road_m": 2688.2228436963928, "land_area_km2": 1.321735, "pop_density_per_km2": 3506.7543796600676, "arterial_km_per_km2": 2.0338591651854516, "log_income": 11.270815686479718, "city": "Phoenix", "crime_count_raw": 1666.4375350202367, "crime_rate_annual_per_km2_1000": 0.1240586085521794 }, "geometry": { "type": "Polygon", "coordinates": [ [ [ -112.004201, 33.495181 ], [ -111.995439, 33.495123 ], [ -111.995454, 33.491458 ], [ -111.9955, 33.487777 ], [ -111.99551, 33.480421 ], [ -111.999857, 33.480441 ], [ -112.004197, 33.480458 ], [ -112.004194, 33.487831 ], [ -112.004197, 33.491926 ], [ -112.004201, 33.495181 ] ] ] } },
{ "type": "Feature", "properties": { "STATEFP": "04", "COUNTYFP": "013", "TRACTCE": "612600", "GEOIDFQ": "1400000US04013612600", "GEOID": "04013612600", "NAME": "6126", "NAMELSAD": "Census Tract 6126", "STUSPS": "AZ", "NAMELSADCO": "Maricopa County", "STATE_NAME": "Arizona", "LSAD": "CT", "ALAND": 1327095, "AWATER": 0, "centroid_lon": -111.99030806452166, "centroid_lat": 33.764364350046165, "B03002_001E": 2151, "B03002_001M": 431, "B03002_012E": 236, "B03002_012M": 286, "B19013_001E": 91047, "B19013_001M": 20554, "B01003_001E": 2151, "state": "04", "county": "013", "tract": "612600", "latino_share": 0.1097164109716411, "camera_count": 0, "arterial_road_m": 6923.4403628013188, "land_area_km2": 1.327095, "pop_density_per_km2": 1620.8334746193755, "arterial_km_per_km2": 5.2169892606040404, "log_income": 11.419131135683767, "city": "Phoenix", "crime_count_raw": 209.71548982229402, "crime_rate_annual_per_km2_1000": 0.015549296798580265 }, "geometry": { "type": "Polygon", "coordinates": [ [ [ -111.995524, 33.758334 ], [ -111.995518, 33.770046 ], [ -111.986989, 33.770066 ], [ -111.984178, 33.770111 ], [ -111.982273, 33.770134 ], [ -111.981628, 33.770168 ], [ -111.983702, 33.76681 ], [ -111.990431, 33.75586 ], [ -111.995519, 33.757899 ], [ -111.995524, 33.758334 ] ] ] } },
{ "type": "Feature", "properties": { "STATEFP": "04", "COUNTYFP": "013", "TRACTCE": "112402", "GEOIDFQ": "1400000US04013112402", "GEOID": "04013112402", "NAME": "1124.02", "NAMELSAD": "Census Tract 1124.02", "STUSPS": "AZ", "NAMELSADCO": "Maricopa County", "STATE_NAME": "Arizona", "LSAD": "CT", "ALAND": 1299463, "AWATER": 0, "centroid_lon": -112.17774324614214, "centroid_lat": 33.469607149085633, "B03002_001E": 5801, "B03002_001M": 1029, "B03002_012E": 5351, "B03002_012M": 1029, "B19013_001E": 76779, "B19013_001M": 16577, "B01003_001E": 5801, "state": "04", "county": "013", "tract": "112402", "latino_share": 0.92242716772970179, "camera_count": 0, "arterial_road_m": 1738.6425171398625, "land_area_km2": 1.299463, "pop_density_per_km2": 4464.1517303686214, "arterial_km_per_km2": 1.3379700054098211, "log_income": 11.248686444244914, "city": "Phoenix", "crime_count_raw": 1662.6781592644315, "crime_rate_annual_per_km2_1000": 0.12590023212525678 }, "geometry": { "type": "Polygon", "coordinates": [ [ [ -112.1864, 33.469619 ], [ -112.186398, 33.47326 ], [ -112.177805, 33.473229 ], [ -112.169979, 33.473228 ], [ -112.169031, 33.473295 ], [ -112.169056, 33.470373 ], [ -112.169107, 33.465972 ], [ -112.177686, 33.465975 ], [ -112.186452, 33.465975 ], [ -112.1864, 33.469619 ] ] ] } },
{ "type": "Feature", "properties": { "STATEFP": "04", "COUNTYFP": "013", "TRACTCE": "082009", "GEOIDFQ": "1400000US04013082009", "GEOID": "04013082009", "NAME": "820.09", "NAMELSAD": "Census Tract 820.09", "STUSPS": "AZ", "NAMELSADCO": "Maricopa County", "STATE_NAME": "Arizona", "LSAD": "CT", "ALAND": 1303676, "AWATER": 0, "centroid_lon": -112.25081821852642, "centroid_lat": 33.486980578131487, "B03002_001E": 4927, "B03002_001M": 764, "B03002_012E": 3971, "B03002_012M": 748, "B19013_001E": 67154, "B19013_001M": 11346, "B01003_001E": 4927, "state": "04", "county": "013", "tract": "082009", "latino_share": 0.80596711995128878, "camera_count": 0, "arterial_road_m": 2791.8293937849985, "land_area_km2": 1.303676, "pop_density_per_km2": 3779.3132649523345, "arterial_km_per_km2": 2.1415055533621836, "log_income": 11.114743768308323, "city": "Phoenix", "crime_count_raw": 1144.393770269714, "crime_rate_annual_per_km2_1000": 0.086375002224936395 }, "geometry": { "type": "Polygon", "coordinates": [ [ [ -112.255182, 33.479767 ], [ -112.25517, 33.486983 ], [ -112.255111, 33.494245 ], [ -112.246545, 33.494286 ], [ -112.246452, 33.489036 ], [ -112.246461, 33.487015 ], [ -112.246471, 33.47976 ], [ -112.255182, 33.479701 ], [ -112.255182, 33.479767 ] ] ] } },
{ "type": "Feature", "properties": { "STATEFP": "04", "COUNTYFP": "013", "TRACTCE": "109602", "GEOIDFQ": "1400000US04013109602", "GEOID": "04013109602", "NAME": "1096.02", "NAMELSAD": "Census Tract 1096.02", "STUSPS": "AZ", "NAMELSADCO": "Maricopa County", "STATE_NAME": "Arizona", "LSAD": "CT", "ALAND": 1474284, "AWATER": 0, "centroid_lon": -112.21351954990487, "centroid_lat": 33.499393054906129, "B03002_001E": 8004, "B03002_001M": 1811, "B03002_012E": 7082, "B03002_012M": 1855, "B19013_001E": 63937, "B19013_001M": 17399, "B01003_001E": 8004, "state": "04", "county": "013", "tract": "109602", "latino_share": 0.88480759620189908, "camera_count": 0, "arterial_road_m": 449.97815275654864, "land_area_km2": 1.474284, "pop_density_per_km2": 5429.0760803210242, "arterial_km_per_km2": 0.30521809417761342, "log_income": 11.065653502526553, "city": "Phoenix", "crime_count_raw": 2134.1041418788727, "crime_rate_annual_per_km2_1000": 0.14243499788485472 }, "geometry": { "type": "Polygon", "coordinates": [ [ [ -112.220461, 33.498949 ], [ -112.220461, 33.499841 ], [ -112.22045, 33.50183 ], [ -112.220446, 33.506365 ], [ -112.220463, 33.508893 ], [ -112.220104, 33.508897 ], [ -112.214202, 33.503518 ], [ -112.2117, 33.502108 ], [ -112.205718, 33.500321 ], [ -112.203205, 33.498897 ], [ -112.203231, 33.494853 ], [ -112.207529, 33.494798 ], [ -112.211895, 33.494754 ], [ -112.212297, 33.494753 ], [ -112.220568, 33.494687 ], [ -112.220461, 33.498949 ] ] ] } },
{ "type": "Feature", "properties": { "STATEFP": "04", "COUNTYFP": "013", "TRACTCE": "615201", "GEOIDFQ": "1400000US04013615201", "GEOID": "04013615201", "NAME": "6152.01", "NAMELSAD": "Census Tract 6152.01", "STUSPS": "AZ", "NAMELSADCO": "Maricopa County", "STATE_NAME": "Arizona", "LSAD": "CT", "ALAND": 21261171, "AWATER": 198400, "centroid_lon": -111.94511117974538, "centroid_lat": 33.668291801034712, "B03002_001E": 6758, "B03002_001M": 1150, "B03002_012E": 537, "B03002_012M": 413, "B19013_001E": 88979, "B19013_001M": 7719, "B01003_001E": 6758, "state": "04", "county": "013", "tract": "615201", "latino_share": 0.079461379106244456, "camera_count": 8, "arterial_road_m": 35040.114484805315, "land_area_km2": 21.261171, "pop_density_per_km2": 317.85643415407361, "arterial_km_per_km2": 1.6480801779358867, "log_income": 11.396155665816323, "city": "Phoenix", "crime_count_raw": 1690.0403536213382, "crime_rate_annual_per_km2_1000": 0.0078215378472366089 }, "geometry": { "type": "Polygon", "coordinates": [ [ [ -111.977399, 33.672856 ], [ -111.970718, 33.672325 ], [ -111.96791, 33.671414 ], [ -111.95992, 33.667704 ], [ -111.959958, 33.676112 ], [ -111.959943, 33.678225 ], [ -111.959518, 33.679466 ], [ -111.958983, 33.680357 ], [ -111.953035, 33.686736 ], [ -111.951475, 33.688624 ], [ -111.950839, 33.690116 ], [ -111.950633, 33.691458 ], [ -111.951313, 33.698732 ], [ -111.925581, 33.698714 ], [ -111.925583, 33.684215 ], [ -111.925572, 33.66983 ], [ -111.925563, 33.658371 ], [ -111.925562, 33.658113 ], [ -111.925545, 33.638175 ], [ -111.93149, 33.639423 ], [ -111.935509, 33.640227 ], [ -111.938484, 33.640385 ], [ -111.93796, 33.641011 ], [ -111.943749, 33.642262 ], [ -111.945983, 33.643288 ], [ -111.958942, 33.650463 ], [ -111.961952, 33.651659 ], [ -111.977389, 33.656264 ], [ -111.977399, 33.672856 ] ] ] } },
{ "type": "Feature", "properties": { "STATEFP": "04", "COUNTYFP": "013", "TRACTCE": "615001", "GEOIDFQ": "1400000US04013615001", "GEOID": "04013615001", "NAME": "6150.01", "NAMELSAD": "Census Tract 6150.01", "STUSPS": "AZ", "NAMELSADCO": "Maricopa County", "STATE_NAME": "Arizona", "LSAD": "CT", "ALAND": 6166007, "AWATER": 0, "centroid_lon": -112.00695856882513, "centroid_lat": 33.692034625975758, "B03002_001E": 7246, "B03002_001M": 842, "B03002_012E": 118, "B03002_012M": 107, "B19013_001E": 204453, "B19013_001M": 22086, "B01003_001E": 7246, "state": "04", "county": "013", "tract": "615001", "latino_share": 0.016284846812034227, "camera_count": 0, "arterial_road_m": 24473.050671864643, "land_area_km2": 6.166007, "pop_density_per_km2": 1175.1527366089595, "arterial_km_per_km2": 3.9690273903134794, "log_income": 12.228093399199441, "city": "Phoenix", "crime_count_raw": 323.41925293488083, "crime_rate_annual_per_km2_1000": 0.0051611218582872272 }, "geometry": { "type": "Polygon", "coordinates": [ [ [ -112.030751, 33.691634 ], [ -112.025688, 33.699368 ], [ -112.024572, 33.698815 ], [ -112.023689, 33.698651 ], [ -111.99828, 33.698711 ], [ -111.992803, 33.698743 ], [ -111.98267, 33.698726 ], [ -111.982956, 33.695788 ], [ -111.984152, 33.692221 ], [ -111.984595, 33.691358 ], [ -111.986686, 33.68805 ], [ -111.988783, 33.684867 ], [ -111.99117, 33.685986 ], [ -111.993729, 33.686528 ], [ -111.996579, 33.686452 ], [ -112.003227, 33.684419 ], [ -112.005076, 33.684265 ], [ -112.013796, 33.684087 ], [ -112.017841, 33.684234 ], [ -112.019329, 33.684468 ], [ -112.025058, 33.687083 ], [ -112.027733, 33.6875 ], [ -112.031132, 33.687532 ], [ -112.030751, 33.691634 ] ] ] } },
{ "type": "Feature", "properties": { "STATEFP": "04", "COUNTYFP": "013", "TRACTCE": "113800", "GEOIDFQ": "1400000US04013113800", "GEOID": "04013113800", "NAME": "1138", "NAMELSAD": "Census Tract 1138", "STUSPS": "AZ", "NAMELSADCO": "Maricopa County", "STATE_NAME": "Arizona", "LSAD": "CT", "ALAND": 18064663, "AWATER": 47736, "centroid_lon": -111.99913731572477, "centroid_lat": 33.437687448262899, "B03002_001E": 2610, "B03002_001M": 395, "B03002_012E": 954, "B03002_012M": 278, "B19013_001E": 68227, "B19013_001M": 9012, "B01003_001E": 2610, "state": "04", "county": "013", "tract": "113800", "latino_share": 0.36551724137931035, "camera_count": 1, "arterial_road_m": 81660.58753517046, "land_area_km2": 18.064663, "pop_density_per_km2": 144.48096817527124, "arterial_km_per_km2": 4.520460057027937, "log_income": 11.130595659914183, "city": "Phoenix", "crime_count_raw": 9226.6217322797966, "crime_rate_annual_per_km2_1000": 0.05025683201283531 }, "geometry": { "type": "Polygon", "coordinates": [ [ [ -112.030219, 33.436766 ], [ -112.029826, 33.441144 ], [ -112.030277, 33.444315 ], [ -112.030193, 33.444674 ], [ -112.030157, 33.451352 ], [ -112.021538, 33.45133 ], [ -112.012898, 33.45131 ], [ -112.006294, 33.451285 ], [ -111.995313, 33.451259 ], [ -111.982719, 33.451151 ], [ -111.982526, 33.45115 ], [ -111.981407, 33.45114 ], [ -111.978429, 33.451115 ], [ -111.969066, 33.450946 ], [ -111.960991, 33.451017 ], [ -111.961012, 33.448897 ], [ -111.961305, 33.43797 ], [ -111.961308, 33.437756 ], [ -111.961327, 33.43689 ], [ -111.961345, 33.436175 ], [ -111.969753, 33.4365 ], [ -111.978498, 33.436525 ], [ -111.97848, 33.434583 ], [ -111.978369, 33.421899 ], [ -111.995465, 33.421906 ], [ -112.000462, 33.421985 ], [ -112.003196, 33.420704 ], [ -112.004631, 33.42207 ], [ -112.013081, 33.422229 ], [ -112.013109, 33.421649 ], [ -112.018437, 33.419055 ], [ -112.020742, 33.421666 ], [ -112.023923, 33.424149 ], [ -112.026443, 33.425457 ], [ -112.0304, 33.426569 ], [ -112.030219, 33.436766 ] ] ] } },
{ "type": "Feature", "properties": { "STATEFP": "04", "COUNTYFP": "013", "TRACTCE": "109101", "GEOIDFQ": "1400000US04013109101", "GEOID": "04013109101", "NAME": "1091.01", "NAMELSAD": "Census Tract 1091.01", "STUSPS": "AZ", "NAMELSADCO": "Maricopa County", "STATE_NAME": "Arizona", "LSAD": "CT", "ALAND": 1286009, "AWATER": 0, "centroid_lon": -112.12558890435319, "centroid_lat": 33.505819324714622, "B03002_001E": 3626, "B03002_001M": 603, "B03002_012E": 2730, "B03002_012M": 390, "B19013_001E": 61688, "B19013_001M": 18521, "B01003_001E": 3626, "state": "04", "county": "013", "tract": "109101", "latino_share": 0.75289575289575295, "camera_count": 0, "arterial_road_m": 3265.6961477977543, "land_area_km2": 1.286009, "pop_density_per_km2": 2819.5759127657739, "arterial_km_per_km2": 2.539403804948297, "log_income": 11.029844701512797, "city": "Phoenix", "crime_count_raw": 1358.1897345936436, "crime_rate_annual_per_km2_1000": 0.10391989344895627 }, "geometry": { "type": "Polygon", "coordinates": [ [ [ -112.134192, 33.506935 ], [ -112.134196, 33.509438 ], [ -112.121298, 33.509445 ], [ -112.116987, 33.509459 ], [ -112.117021, 33.502193 ], [ -112.125572, 33.502175 ], [ -112.129928, 33.502176 ], [ -112.134218, 33.502288 ], [ -112.134192, 33.506935 ] ] ] } },
{ "type": "Feature", "properties": { "STATEFP": "04", "COUNTYFP": "013", "TRACTCE": "116731", "GEOIDFQ": "1400000US04013116731", "GEOID": "04013116731", "NAME": "1167.31", "NAMELSAD": "Census Tract 1167.31", "STUSPS": "AZ", "NAMELSADCO": "Maricopa County", "STATE_NAME": "Arizona", "LSAD": "CT", "ALAND": 3298989, "AWATER": 0, "centroid_lon": -112.10030259687827, "centroid_lat": 33.2965005807906, "B03002_001E": 3497, "B03002_001M": 491, "B03002_012E": 947, "B03002_012M": 427, "B19013_001E": 161167, "B19013_001M": 12742, "B01003_001E": 3497, "state": "04", "county": "013", "tract": "116731", "latino_share": 0.2708035458964827, "camera_count": 1, "arterial_road_m": 13280.232885043482, "land_area_km2": 3.298989, "pop_density_per_km2": 1060.0217218062867, "arterial_km_per_km2": 4.025546276463329, "log_income": 11.990196373457565, "city": "Phoenix", "crime_count_raw": 216.59075349283376, "crime_rate_annual_per_km2_1000": 0.0064601306571897867 }, "geometry": { "type": "Polygon", "coordinates": [ [ [ -112.117269, 33.295519 ], [ -112.114909, 33.295871 ], [ -112.109304, 33.298581 ], [ -112.104177, 33.302599 ], [ -112.100345, 33.303023 ], [ -112.100358, 33.305067 ], [ -112.085353, 33.305136 ], [ -112.085482, 33.303286 ], [ -112.091263, 33.302362 ], [ -112.091999, 33.298654 ], [ -112.08718, 33.294153 ], [ -112.086695, 33.292363 ], [ -112.085053, 33.29244 ], [ -112.085138, 33.290544 ], [ -112.097845, 33.290515 ], [ -112.100403, 33.290513 ], [ -112.116218, 33.290475 ], [ -112.117283, 33.291167 ], [ -112.117269, 33.295519 ] ] ] } },
{ "type": "Feature", "properties": { "STATEFP": "04", "COUNTYFP": "013", "TRACTCE": "108200", "GEOIDFQ": "1400000US04013108200", "GEOID": "04013108200", "NAME": "1082", "NAMELSAD": "Census Tract 1082", "STUSPS": "AZ", "NAMELSADCO": "Maricopa County", "STATE_NAME": "Arizona", "LSAD": "CT", "ALAND": 1557172, "AWATER": 16048, "centroid_lon": -111.98884106202861, "centroid_lat": 33.500148324476818, "B03002_001E": 3363, "B03002_001M": 455, "B03002_012E": 200, "B03002_012M": 126, "B19013_001E": 108750, "B19013_001M": 31871, "B01003_001E": 3363, "state": "04", "county": "013", "tract": "108200", "latino_share": 0.059470710674992565, "camera_count": 0, "arterial_road_m": 2788.2308774789262, "land_area_km2": 1.557172, "pop_density_per_km2": 2159.6843508616903, "arterial_km_per_km2": 1.7905734738865882, "log_income": 11.596806948950931, "city": "Phoenix", "crime_count_raw": 1145.53657551676, "crime_rate_annual_per_km2_1000": 0.072386008810801469 }, "geometry": { "type": "Polygon", "coordinates": [ [ [ -111.995374, 33.502496 ], [ -111.995303, 33.509855 ], [ -111.994348, 33.509822 ], [ -111.99094, 33.506904 ], [ -111.988197, 33.505358 ], [ -111.986799, 33.504028 ], [ -111.984338, 33.501555 ], [ -111.977255, 33.496319 ], [ -111.978215, 33.495146 ], [ -111.978217, 33.494621 ], [ -111.986914, 33.494881 ], [ -111.990541, 33.494982 ], [ -111.995439, 33.495123 ], [ -111.995374, 33.502496 ] ] ] } },
{ "type": "Feature", "properties": { "STATEFP": "04", "COUNTYFP": "013", "TRACTCE": "105602", "GEOIDFQ": "1400000US04013105602", "GEOID": "04013105602", "NAME": "1056.02", "NAMELSAD": "Census Tract 1056.02", "STUSPS": "AZ", "NAMELSADCO": "Maricopa County", "STATE_NAME": "Arizona", "LSAD": "CT", "ALAND": 1290278, "AWATER": 0, "centroid_lon": -112.12990745501446, "centroid_lat": 33.560329342496935, "B03002_001E": 6553, "B03002_001M": 1107, "B03002_012E": 1938, "B03002_012M": 544, "B19013_001E": 49003, "B19013_001M": 7735, "B01003_001E": 6553, "state": "04", "county": "013", "tract": "105602", "latino_share": 0.29574240805737828, "camera_count": 0, "arterial_road_m": 2587.1606370964478, "land_area_km2": 1.290278, "pop_density_per_km2": 5078.750470828767, "arterial_km_per_km2": 2.0051187706032714, "log_income": 10.799636799708416, "city": "Phoenix", "crime_count_raw": 3268.3093012401291, "crime_rate_annual_per_km2_1000": 0.24924250909685114 }, "geometry": { "type": "Polygon", "coordinates": [ [ [ -112.134238, 33.560312 ], [ -112.134251, 33.567532 ], [ -112.125555, 33.56756 ], [ -112.12557, 33.560324 ], [ -112.125605, 33.553089 ], [ -112.130127, 33.553098 ], [ -112.134255, 33.553117 ], [ -112.134238, 33.560312 ] ] ] } },
{ "type": "Feature", "properties": { "STATEFP": "04", "COUNTYFP": "013", "TRACTCE": "082018", "GEOIDFQ": "1400000US04013082018", "GEOID": "04013082018", "NAME": "820.18", "NAMELSAD": "Census Tract 820.18", "STUSPS": "AZ", "NAMELSADCO": "Maricopa County", "STATE_NAME": "Arizona", "LSAD": "CT", "ALAND": 1325956, "AWATER": 0, "centroid_lon": -112.24649914421127, "centroid_lat": 33.476046293266748, "B03002_001E": 5203, "B03002_001M": 923, "B03002_012E": 3621, "B03002_012M": 893, "B19013_001E": 82106, "B19013_001M": 8130, "B01003_001E": 5203, "state": "04", "county": "013", "tract": "082018", "latino_share": 0.69594464731885453, "camera_count": 0, "arterial_road_m": 4420.2802815600953, "land_area_km2": 1.325956, "pop_density_per_km2": 3923.96127774979, "arterial_km_per_km2": 3.3336553260893238, "log_income": 11.315766374377985, "city": "Phoenix", "crime_count_raw": 1181.9063298255776, "crime_rate_annual_per_km2_1000": 0.087707393095055874 }, "geometry": { "type": "Polygon", "coordinates": [ [ [ -112.255202, 33.472374 ], [ -112.255182, 33.479701 ], [ -112.246471, 33.47976 ], [ -112.237824, 33.47981 ], [ -112.23784, 33.472578 ], [ -112.241508, 33.472534 ], [ -112.24184, 33.472495 ], [ -112.243042, 33.472011 ], [ -112.243626, 33.471415 ], [ -112.245376, 33.47224 ], [ -112.246097, 33.47244 ], [ -112.24652, 33.472473 ], [ -112.254066, 33.472365 ], [ -112.255204, 33.472192 ], [ -112.255202, 33.472374 ] ] ] } },
{ "type": "Feature", "properties": { "STATEFP": "04", "COUNTYFP": "013", "TRACTCE": "618100", "GEOIDFQ": "1400000US04013618100", "GEOID": "04013618100", "NAME": "6181", "NAMELSAD": "Census Tract 6181", "STUSPS": "AZ", "NAMELSADCO": "Maricopa County", "STATE_NAME": "Arizona", "LSAD": "CT", "ALAND": 2713807, "AWATER": 14525, "centroid_lon": -112.16049889491075, "centroid_lat": 33.646829506842977, "B03002_001E": 4501, "B03002_001M": 606, "B03002_012E": 625, "B03002_012M": 194, "B19013_001E": 99583, "B19013_001M": 15490, "B01003_001E": 4501, "state": "04", "county": "013", "tract": "618100", "latino_share": 0.13885803154854476, "camera_count": 0, "arterial_road_m": 14731.594050223166, "land_area_km2": 2.713807, "pop_density_per_km2": 1658.5556747403186, "arterial_km_per_km2": 5.428386782930092, "log_income": 11.508746746273811, "city": "Phoenix", "crime_count_raw": 788.77134914736234, "crime_rate_annual_per_km2_1000": 0.028599235627094932 }, "geometry": { "type": "Polygon", "coordinates": [ [ [ -112.169087, 33.647238 ], [ -112.168955, 33.654507 ], [ -112.16059, 33.65455 ], [ -112.151922, 33.65461 ], [ -112.151866, 33.647315 ], [ -112.151791, 33.639321 ], [ -112.160438, 33.639167 ], [ -112.169266, 33.63903 ], [ -112.169087, 33.647238 ] ] ] } },
{ "type": "Feature", "properties": { "STATEFP": "04", "COUNTYFP": "013", "TRACTCE": "610600", "GEOIDFQ": "1400000US04013610600", "GEOID": "04013610600", "NAME": "6106", "NAMELSAD": "Census Tract 6106", "STUSPS": "AZ", "NAMELSADCO": "Maricopa County", "STATE_NAME": "Arizona", "LSAD": "CT", "ALAND": 9148409, "AWATER": 28572, "centroid_lon": -112.11265258533393, "centroid_lat": 33.809535323912939, "B03002_001E": 5980, "B03002_001M": 998, "B03002_012E": 1115, "B03002_012M": 522, "B19013_001E": 133571, "B19013_001M": 24212, "B01003_001E": 5980, "state": "04", "county": "013", "tract": "610600", "latino_share": 0.18645484949832775, "camera_count": 5, "arterial_road_m": 17823.178966783205, "land_area_km2": 9.148409, "pop_density_per_km2": 653.66557179505207, "arterial_km_per_km2": 1.9482271689845971, "log_income": 11.802388450654213, "city": "Phoenix", "crime_count_raw": 759.98216955210989, "crime_rate_annual_per_km2_1000": 0.0081741026586052788 }, "geometry": { "type": "Polygon", "coordinates": [ [ [ -112.138712, 33.812746 ], [ -112.134562, 33.812838 ], [ -112.12112, 33.812917 ], [ -112.120233, 33.812929 ], [ -112.11823, 33.813885 ], [ -112.117532, 33.815342 ], [ -112.117511, 33.820449 ], [ -112.11739, 33.820973 ], [ -112.116545, 33.822353 ], [ -112.116446, 33.822634 ], [ -112.116392, 33.823118 ], [ -112.116577, 33.823719 ], [ -112.117147, 33.824702 ], [ -112.117483, 33.825706 ], [ -112.117501, 33.827681 ], [ -112.100154, 33.82768 ], [ -112.100171, 33.805401 ], [ -112.082749, 33.806282 ], [ -112.082721, 33.799018 ], [ -112.085209, 33.799193 ], [ -112.090009, 33.801106 ], [ -112.091816, 33.801252 ], [ -112.095204, 33.800244 ], [ -112.098776, 33.798572 ], [ -112.109889, 33.798381 ], [ -112.110049, 33.798379 ], [ -112.118171, 33.798336 ], [ -112.125739, 33.798277 ], [ -112.135247, 33.798157 ], [ -112.137231, 33.807487 ], [ -112.138712, 33.812746 ] ] ] } },
{ "type": "Feature", "properties": { "STATEFP": "04", "COUNTYFP": "013", "TRACTCE": "105101", "GEOIDFQ": "1400000US04013105101", "GEOID": "04013105101", "NAME": "1051.01", "NAMELSAD": "Census Tract 1051.01", "STUSPS": "AZ", "NAMELSADCO": "Maricopa County", "STATE_NAME": "Arizona", "LSAD": "CT", "ALAND": 5996204, "AWATER": 0, "centroid_lon": -111.9968328250733, "centroid_lat": 33.573988054607213, "B03002_001E": 4279, "B03002_001M": 511, "B03002_012E": 199, "B03002_012M": 104, "B19013_001E": 181520, "B19013_001M": 18151, "B01003_001E": 4279, "state": "04", "county": "013", "tract": "105101", "latino_share": 0.046506193035756017, "camera_count": 0, "arterial_road_m": 13514.291069096103, "land_area_km2": 5.996204, "pop_density_per_km2": 713.61814908231941, "arterial_km_per_km2": 2.2538077538883106, "log_income": 12.109121119453723, "city": "Phoenix", "crime_count_raw": 593.2169060754419, "crime_rate_annual_per_km2_1000": 0.0097346283754627325 }, "geometry": { "type": "Polygon", "coordinates": [ [ [ -112.023024, 33.572331 ], [ -112.0152, 33.575293 ], [ -112.012992, 33.576781 ], [ -112.010788, 33.579618 ], [ -112.010054, 33.582524 ], [ -112.004405, 33.58261 ], [ -111.995708, 33.582747 ], [ -111.977887, 33.582704 ], [ -111.977779, 33.582617 ], [ -111.977609, 33.568251 ], [ -111.977586, 33.562205 ], [ -111.977877, 33.560997 ], [ -111.986446, 33.560948 ], [ -111.986691, 33.566377 ], [ -111.984286, 33.568251 ], [ -111.982129, 33.57186 ], [ -111.9811, 33.572192 ], [ -111.982133, 33.57429 ], [ -111.984365, 33.574675 ], [ -111.986479, 33.57377 ], [ -111.986481, 33.571875 ], [ -111.990828, 33.571876 ], [ -111.990819, 33.570613 ], [ -111.993194, 33.570608 ], [ -111.995658, 33.569075 ], [ -111.995687, 33.568215 ], [ -112.004926, 33.568102 ], [ -112.012946, 33.568008 ], [ -112.012914, 33.567143 ], [ -112.017131, 33.566783 ], [ -112.020264, 33.565519 ], [ -112.021348, 33.566464 ], [ -112.021495, 33.572358 ], [ -112.023024, 33.572331 ] ] ] } },
{ "type": "Feature", "properties": { "STATEFP": "04", "COUNTYFP": "013", "TRACTCE": "116714", "GEOIDFQ": "1400000US04013116714", "GEOID": "04013116714", "NAME": "1167.14", "NAMELSAD": "Census Tract 1167.14", "STUSPS": "AZ", "NAMELSADCO": "Maricopa County", "STATE_NAME": "Arizona", "LSAD": "CT", "ALAND": 2708606, "AWATER": 0, "centroid_lon": -112.0237368014878, "centroid_lat": 33.298008683939308, "B03002_001E": 3580, "B03002_001M": 507, "B03002_012E": 487, "B03002_012M": 136, "B19013_001E": 117019, "B19013_001M": 27211, "B01003_001E": 3580, "state": "04", "county": "013", "tract": "116714", "latino_share": 0.13603351955307263, "camera_count": 0, "arterial_road_m": 14941.410138270676, "land_area_km2": 2.708606, "pop_density_per_km2": 1321.7130878392798, "arterial_km_per_km2": 5.5162729973538696, "log_income": 11.670091593757943, "city": "Phoenix", "crime_count_raw": 354.44024526407225, "crime_rate_annual_per_km2_1000": 0.012875954973223181 }, "geometry": { "type": "Polygon", "coordinates": [ [ [ -112.033891, 33.304668 ], [ -112.027779, 33.305363 ], [ -112.027163, 33.307116 ], [ -112.024797, 33.304766 ], [ -112.022772, 33.304249 ], [ -112.021787, 33.304268 ], [ -112.017675, 33.304988 ], [ -112.016337, 33.305185 ], [ -112.014496, 33.305214 ], [ -112.014486, 33.297946 ], [ -112.014486, 33.294314 ], [ -112.014482, 33.290692 ], [ -112.031949, 33.290663 ], [ -112.031965, 33.293566 ], [ -112.032739, 33.296657 ], [ -112.033011, 33.297701 ], [ -112.033891, 33.304668 ] ] ] } },
{ "type": "Feature", "properties": { "STATEFP": "04", "COUNTYFP": "013", "TRACTCE": "113000", "GEOIDFQ": "1400000US04013113000", "GEOID": "04013113000", "NAME": "1130", "NAMELSAD": "Census Tract 1130", "STUSPS": "AZ", "NAMELSADCO": "Maricopa County", "STATE_NAME": "Arizona", "LSAD": "CT", "ALAND": 1274354, "AWATER": 0, "centroid_lon": -112.07390622580955, "centroid_lat": 33.462224078136259, "B03002_001E": 4262, "B03002_001M": 837, "B03002_012E": 618, "B03002_012M": 216, "B19013_001E": 88765, "B19013_001M": 29451, "B01003_001E": 4262, "state": "04", "county": "013", "tract": "113000", "latino_share": 0.14500234631628345, "camera_count": 0, "arterial_road_m": 13739.676419721683, "land_area_km2": 1.274354, "pop_density_per_km2": 3344.4396141103648, "arterial_km_per_km2": 10.781679517403864, "log_income": 11.393747707140898, "city": "Phoenix", "crime_count_raw": 3060.3467411995725, "crime_rate_annual_per_km2_1000": 0.23629950179303316 }, "geometry": { "type": "Polygon", "coordinates": [ [ [ -112.082637, 33.465811 ], [ -112.073782, 33.465736 ], [ -112.065084, 33.46571 ], [ -112.065164, 33.462037 ], [ -112.065218, 33.458678 ], [ -112.073097, 33.4587 ], [ -112.073805, 33.458674 ], [ -112.077738, 33.458678 ], [ -112.082545, 33.458695 ], [ -112.08262, 33.460822 ], [ -112.082637, 33.465811 ] ] ] } },
{ "type": "Feature", "properties": { "STATEFP": "04", "COUNTYFP": "013", "TRACTCE": "116703", "GEOIDFQ": "1400000US04013116703", "GEOID": "04013116703", "NAME": "1167.03", "NAMELSAD": "Census Tract 1167.03", "STUSPS": "AZ", "NAMELSADCO": "Maricopa County", "STATE_NAME": "Arizona", "LSAD": "CT", "ALAND": 3470130, "AWATER": 0, "centroid_lon": -112.05765790641328, "centroid_lat": 33.367889943086944, "B03002_001E": 5272, "B03002_001M": 643, "B03002_012E": 2712, "B03002_012M": 542, "B19013_001E": 115712, "B19013_001M": 16529, "B01003_001E": 5272, "state": "04", "county": "013", "tract": "116703", "latino_share": 0.51441578148710165, "camera_count": 0, "arterial_road_m": 4897.6400902800024, "land_area_km2": 3.47013, "pop_density_per_km2": 1519.2514401477754, "arterial_km_per_km2": 1.4113707815787886, "log_income": 11.658859624311793, "city": "Phoenix", "crime_count_raw": 1027.2710297610579, "crime_rate_annual_per_km2_1000": 0.029128730191992393 }, "geometry": { "type": "Polygon", "coordinates": [ [ [ -112.065979, 33.370596 ], [ -112.06597, 33.374407 ], [ -112.064631, 33.377747 ], [ -112.058275, 33.37773 ], [ -112.057371, 33.377724 ], [ -112.047347, 33.377741 ], [ -112.048747, 33.374679 ], [ -112.048766, 33.370495 ], [ -112.048796, 33.363255 ], [ -112.048784, 33.361427 ], [ -112.049859, 33.361437 ], [ -112.049854, 33.359621 ], [ -112.053078, 33.359637 ], [ -112.055075, 33.358495 ], [ -112.055075, 33.359235 ], [ -112.05738, 33.359045 ], [ -112.058551, 33.359669 ], [ -112.05881, 33.357802 ], [ -112.05738, 33.356535 ], [ -112.060565, 33.357098 ], [ -112.06167, 33.356063 ], [ -112.065975, 33.356181 ], [ -112.06598, 33.363335 ], [ -112.065979, 33.370596 ] ] ] } },
{ "type": "Feature", "properties": { "STATEFP": "04", "COUNTYFP": "013", "TRACTCE": "109200", "GEOIDFQ": "1400000US04013109200", "GEOID": "04013109200", "NAME": "1092", "NAMELSAD": "Census Tract 1092", "STUSPS": "AZ", "NAMELSADCO": "Maricopa County", "STATE_NAME": "Arizona", "LSAD": "CT", "ALAND": 2597094, "AWATER": 0, "centroid_lon": -112.14291800660813, "centroid_lat": 33.502196938431865, "B03002_001E": 4711, "B03002_001M": 649, "B03002_012E": 2859, "B03002_012M": 683, "B19013_001E": 44080, "B19013_001M": 5813, "B01003_001E": 4711, "state": "04", "county": "013", "tract": "109200", "latino_share": 0.60687752069624279, "camera_count": 0, "arterial_road_m": 12944.457244061634, "land_area_km2": 2.597094, "pop_density_per_km2": 1813.9505154607421, "arterial_km_per_km2": 4.9842082127414855, "log_income": 10.693761443826796, "city": "Phoenix", "crime_count_raw": 3184.3379876041959, "crime_rate_annual_per_km2_1000": 0.12064622736172827 }, "geometry": { "type": "Polygon", "coordinates": [ [ [ -112.151597, 33.509143 ], [ -112.151553, 33.50945 ], [ -112.150959, 33.509448 ], [ -112.142888, 33.509442 ], [ -112.134196, 33.509438 ], [ -112.134192, 33.506935 ], [ -112.134218, 33.502288 ], [ -112.134214, 33.49488 ], [ -112.142945, 33.495002 ], [ -112.151688, 33.494959 ], [ -112.151597, 33.509143 ] ] ] } },
{ "type": "Feature", "properties": { "STATEFP": "04", "COUNTYFP": "013", "TRACTCE": "109500", "GEOIDFQ": "1400000US04013109500", "GEOID": "04013109500", "NAME": "1095", "NAMELSAD": "Census Tract 1095", "STUSPS": "AZ", "NAMELSADCO": "Maricopa County", "STATE_NAME": "Arizona", "LSAD": "CT", "ALAND": 2479942, "AWATER": 24992, "centroid_lon": -112.19480237680862, "centroid_lat": 33.50221233186948, "B03002_001E": 5950, "B03002_001M": 979, "B03002_012E": 4883, "B03002_012M": 1001, "B19013_001E": 81058, "B19013_001M": 18372, "B01003_001E": 5950, "state": "04", "county": "013", "tract": "109500", "latino_share": 0.82067226890756306, "camera_count": 0, "arterial_road_m": 6554.39195075934, "land_area_km2": 2.479942, "pop_density_per_km2": 2399.2496598710777, "arterial_km_per_km2": 2.6429617913480801, "log_income": 11.302920226796246, "city": "Phoenix", "crime_count_raw": 1375.1861793919381, "crime_rate_annual_per_km2_1000": 0.054563501473698935 }, "geometry": { "type": "Polygon", "coordinates": [ [ [ -112.203205, 33.498897 ], [ -112.203189, 33.502042 ], [ -112.203164, 33.509257 ], [ -112.203165, 33.509355 ], [ -112.195035, 33.509453 ], [ -112.18636, 33.509569 ], [ -112.186359, 33.509466 ], [ -112.186377, 33.505907 ], [ -112.186404, 33.50226 ], [ -112.186446, 33.49868 ], [ -112.186471, 33.495077 ], [ -112.19511, 33.494946 ], [ -112.203231, 33.494853 ], [ -112.203205, 33.498897 ] ] ] } },
{ "type": "Feature", "properties": { "STATEFP": "04", "COUNTYFP": "013", "TRACTCE": "107300", "GEOIDFQ": "1400000US04013107300", "GEOID": "04013107300", "NAME": "1073", "NAMELSAD": "Census Tract 1073", "STUSPS": "AZ", "NAMELSADCO": "Maricopa County", "STATE_NAME": "Arizona", "LSAD": "CT", "ALAND": 2575241, "AWATER": 0, "centroid_lon": -112.10837261665593, "centroid_lat": 33.516824226768932, "B03002_001E": 6528, "B03002_001M": 1319, "B03002_012E": 4358, "B03002_012M": 1148, "B19013_001E": 70274, "B19013_001M": 32725, "B01003_001E": 6528, "state": "04", "county": "013", "tract": "107300", "latino_share": 0.66758578431372551, "camera_count": 4, "arterial_road_m": 16906.325796357298, "land_area_km2": 2.575241, "pop_density_per_km2": 2534.90838333189, "arterial_km_per_km2": 6.564948987825721, "log_income": 11.160157165862033, "city": "Phoenix", "crime_count_raw": 4009.3267631785602, "crime_rate_annual_per_km2_1000": 0.15319191036088628 }, "geometry": { "type": "Polygon", "coordinates": [ [ [ -112.116947, 33.516784 ], [ -112.116889, 33.524023 ], [ -112.112168, 33.524118 ], [ -112.103991, 33.524105 ], [ -112.099703, 33.524102 ], [ -112.099767, 33.516871 ], [ -112.099828, 33.513247 ], [ -112.099871, 33.509625 ], [ -112.106297, 33.509557 ], [ -112.112288, 33.509503 ], [ -112.116987, 33.509459 ], [ -112.116947, 33.516784 ] ] ] } },
{ "type": "Feature", "properties": { "STATEFP": "04", "COUNTYFP": "013", "TRACTCE": "116729", "GEOIDFQ": "1400000US04013116729", "GEOID": "04013116729", "NAME": "1167.29", "NAMELSAD": "Census Tract 1167.29", "STUSPS": "AZ", "NAMELSADCO": "Maricopa County", "STATE_NAME": "Arizona", "LSAD": "CT", "ALAND": 3794205, "AWATER": 0, "centroid_lon": -112.02642527417248, "centroid_lat": 33.315197416503324, "B03002_001E": 3793, "B03002_001M": 308, "B03002_012E": 424, "B03002_012M": 100, "B19013_001E": 162552, "B19013_001M": 21625, "B01003_001E": 3793, "state": "04", "county": "013", "tract": "116729", "latino_share": 0.11178486686000527, "camera_count": 0, "arterial_road_m": 5728.118108824372, "land_area_km2": 3.794205, "pop_density_per_km2": 999.68241041272154, "arterial_km_per_km2": 1.5097017975634874, "log_income": 11.998753229562849, "city": "Phoenix", "crime_count_raw": 198.50560371374752, "crime_rate_annual_per_km2_1000": 0.005147949005602297 }, "geometry": { "type": "Polygon", "coordinates": [ [ [ -112.041898, 33.314003 ], [ -112.036208, 33.317263 ], [ -112.036226, 33.319657 ], [ -112.031824, 33.319673 ], [ -112.031709, 33.323301 ], [ -112.02238, 33.323317 ], [ -112.014493, 33.323334 ], [ -112.014256, 33.319881 ], [ -112.005071, 33.319765 ], [ -112.00619, 33.317605 ], [ -112.006778, 33.31535 ], [ -112.013268, 33.315635 ], [ -112.016219, 33.31409 ], [ -112.018734, 33.312699 ], [ -112.022859, 33.312691 ], [ -112.026121, 33.31138 ], [ -112.027435, 33.308947 ], [ -112.027335, 33.307584 ], [ -112.027163, 33.307116 ], [ -112.027779, 33.305363 ], [ -112.033891, 33.304668 ], [ -112.035981, 33.304935 ], [ -112.038854, 33.304983 ], [ -112.040002, 33.306725 ], [ -112.040359, 33.311163 ], [ -112.041898, 33.314003 ] ] ] } },
{ "type": "Feature", "properties": { "STATEFP": "04", "COUNTYFP": "013", "TRACTCE": "108902", "GEOIDFQ": "1400000US04013108902", "GEOID": "04013108902", "NAME": "1089.02", "NAMELSAD": "Census Tract 1089.02", "STUSPS": "AZ", "NAMELSADCO": "Maricopa County", "STATE_NAME": "Arizona", "LSAD": "CT", "ALAND": 1504393, "AWATER": 10484, "centroid_lon": -112.09167092103091, "centroid_lat": 33.505211151422664, "B03002_001E": 5212, "B03002_001M": 705, "B03002_012E": 1984, "B03002_012M": 441, "B19013_001E": 49615, "B19013_001M": 13742, "B01003_001E": 5212, "state": "04", "county": "013", "tract": "108902", "latino_share": 0.38066001534919419, "camera_count": 0, "arterial_road_m": 5921.8937887352495, "land_area_km2": 1.504393, "pop_density_per_km2": 3464.5202417187529, "arterial_km_per_km2": 3.9364007867194601, "log_income": 10.812048486348342, "city": "Phoenix", "crime_count_raw": 3299.47991070339, "crime_rate_annual_per_km2_1000": 0.21580745419135886 }, "geometry": { "type": "Polygon", "coordinates": [ [ [ -112.099891, 33.502296 ], [ -112.099887, 33.504514 ], [ -112.099888, 33.505989 ], [ -112.099871, 33.509625 ], [ -112.091224, 33.509475 ], [ -112.086888, 33.509411 ], [ -112.082484, 33.509341 ], [ -112.082462, 33.50571 ], [ -112.082455, 33.504798 ], [ -112.08244, 33.502967 ], [ -112.087894, 33.501179 ], [ -112.0913, 33.500529 ], [ -112.096527, 33.500754 ], [ -112.099896, 33.499464 ], [ -112.099891, 33.502296 ] ] ] } },
{ "type": "Feature", "properties": { "STATEFP": "04", "COUNTYFP": "013", "TRACTCE": "111204", "GEOIDFQ": "1400000US04013111204", "GEOID": "04013111204", "NAME": "1112.04", "NAMELSAD": "Census Tract 1112.04", "STUSPS": "AZ", "NAMELSADCO": "Maricopa County", "STATE_NAME": "Arizona", "LSAD": "CT", "ALAND": 6537308, "AWATER": 85288, "centroid_lon": -111.95531065615062, "centroid_lat": 33.460949437673456, "B03002_001E": 3619, "B03002_001M": 951, "B03002_012E": 1217, "B03002_012M": 519, "B19013_001E": 87733, "B19013_001M": 9197, "B01003_001E": 3619, "state": "04", "county": "013", "tract": "111204", "latino_share": 0.33628074053605966, "camera_count": 0, "arterial_road_m": 13400.323274626349, "land_area_km2": 6.537308, "pop_density_per_km2": 553.59178426349195, "arterial_km_per_km2": 2.0498228436883115, "log_income": 11.382053390365874, "city": "Phoenix", "crime_count_raw": 759.13069368513891, "crime_rate_annual_per_km2_1000": 0.011426148436168656 }, "geometry": { "type": "Polygon", "coordinates": [ [ [ -111.969744, 33.465561 ], [ -111.969653, 33.4728 ], [ -111.96097, 33.472747 ], [ -111.952226, 33.472831 ], [ -111.943544, 33.472923 ], [ -111.943442, 33.467241 ], [ -111.943586, 33.465555 ], [ -111.939109, 33.465278 ], [ -111.939339, 33.464602 ], [ -111.941638, 33.461463 ], [ -111.942052, 33.456838 ], [ -111.94325, 33.454949 ], [ -111.942057, 33.452335 ], [ -111.940654, 33.451002 ], [ -111.940095, 33.449867 ], [ -111.941466, 33.447356 ], [ -111.950934, 33.447332 ], [ -111.95191, 33.448569 ], [ -111.953607, 33.4501 ], [ -111.956346, 33.450955 ], [ -111.960991, 33.451017 ], [ -111.969066, 33.450946 ], [ -111.969378, 33.452139 ], [ -111.969795, 33.452955 ], [ -111.969744, 33.465561 ] ] ] } },
{ "type": "Feature", "properties": { "STATEFP": "04", "COUNTYFP": "013", "TRACTCE": "113301", "GEOIDFQ": "1400000US04013113301", "GEOID": "04013113301", "NAME": "1133.01", "NAMELSAD": "Census Tract 1133.01", "STUSPS": "AZ", "NAMELSADCO": "Maricopa County", "STATE_NAME": "Arizona", "LSAD": "CT", "ALAND": 1902700, "AWATER": 0, "centroid_lon": -112.0389004216669, "centroid_lat": 33.456689074324856, "B03002_001E": 3055, "B03002_001M": 812, "B03002_012E": 1580, "B03002_012M": 438, "B19013_001E": 25296, "B19013_001M": 11606, "B01003_001E": 3055, "state": "04", "county": "013", "tract": "113301", "latino_share": 0.51718494271685767, "camera_count": 0, "arterial_road_m": 17335.280702578359, "land_area_km2": 1.9027, "pop_density_per_km2": 1605.6130761549377, "arterial_km_per_km2": 9.1108849017597926, "log_income": 10.138401559449253, "city": "Phoenix", "crime_count_raw": 3235.8868936258873, "crime_rate_annual_per_km2_1000": 0.16734212202431356 }, "geometry": { "type": "Polygon", "coordinates": [ [ [ -112.047711, 33.461858 ], [ -112.044617, 33.461956 ], [ -112.038995, 33.461957 ], [ -112.037331, 33.46205 ], [ -112.030219, 33.461985 ], [ -112.030187, 33.458599 ], [ -112.030181, 33.457116 ], [ -112.030168, 33.455167 ], [ -112.030157, 33.451352 ], [ -112.037533, 33.451417 ], [ -112.038985, 33.451431 ], [ -112.047705, 33.451425 ], [ -112.047681, 33.454845 ], [ -112.047639, 33.458728 ], [ -112.047711, 33.461858 ] ] ] } },
{ "type": "Feature", "properties": { "STATEFP": "04", "COUNTYFP": "013", "TRACTCE": "112515", "GEOIDFQ": "1400000US04013112515", "GEOID": "04013112515", "NAME": "1125.15", "NAMELSAD": "Census Tract 1125.15", "STUSPS": "AZ", "NAMELSADCO": "Maricopa County", "STATE_NAME": "Arizona", "LSAD": "CT", "ALAND": 2609660, "AWATER": 0, "centroid_lon": -112.19525419480205, "centroid_lat": 33.415456410322577, "B03002_001E": 4765, "B03002_001M": 602, "B03002_012E": 3198, "B03002_012M": 645, "B19013_001E": 68338, "B19013_001M": 11367, "B01003_001E": 4765, "state": "04", "county": "013", "tract": "112515", "latino_share": 0.6711437565582371, "camera_count": 0, "arterial_road_m": 12260.605245357032, "land_area_km2": 2.60966, "pop_density_per_km2": 1825.9083558777772, "arterial_km_per_km2": 4.6981619235291312, "log_income": 11.132221259803524, "city": "Phoenix", "crime_count_raw": 775.38354164688963, "crime_rate_annual_per_km2_1000": 0.029235794905469754 }, "geometry": { "type": "Polygon", "coordinates": [ [ [ -112.204082, 33.411859 ], [ -112.20401, 33.415478 ], [ -112.204005, 33.415999 ], [ -112.203965, 33.422837 ], [ -112.189968, 33.42259 ], [ -112.186489, 33.422537 ], [ -112.186506, 33.408025 ], [ -112.18663, 33.408028 ], [ -112.19201, 33.408184 ], [ -112.195434, 33.408285 ], [ -112.202844, 33.408389 ], [ -112.204108, 33.408426 ], [ -112.204082, 33.411859 ] ] ] } },
{ "type": "Feature", "properties": { "STATEFP": "04", "COUNTYFP": "013", "TRACTCE": "614601", "GEOIDFQ": "1400000US04013614601", "GEOID": "04013614601", "NAME": "6146.01", "NAMELSAD": "Census Tract 6146.01", "STUSPS": "AZ", "NAMELSADCO": "Maricopa County", "STATE_NAME": "Arizona", "LSAD": "CT", "ALAND": 1345372, "AWATER": 0, "centroid_lon": -112.13030391553718, "centroid_lat": 33.676400894071044, "B03002_001E": 3220, "B03002_001M": 383, "B03002_012E": 403, "B03002_012M": 167, "B19013_001E": 66000, "B19013_001M": 11934, "B01003_001E": 3220, "state": "04", "county": "013", "tract": "614601", "latino_share": 0.12515527950310559, "camera_count": 1, "arterial_road_m": 3080.7000586724225, "land_area_km2": 1.345372, "pop_density_per_km2": 2393.3900809590209, "arterial_km_per_km2": 2.2898499884585251, "log_income": 11.097410021008562, "city": "Phoenix", "crime_count_raw": 818.95241874271107, "crime_rate_annual_per_km2_1000": 0.059896099574199779 }, "geometry": { "type": "Polygon", "coordinates": [ [ [ -112.134764, 33.683837 ], [ -112.126826, 33.683817 ], [ -112.126043, 33.683813 ], [ -112.125971, 33.679859 ], [ -112.125576, 33.677978 ], [ -112.126006, 33.676544 ], [ -112.125922, 33.668877 ], [ -112.129641, 33.668889 ], [ -112.130695, 33.668881 ], [ -112.133246, 33.669019 ], [ -112.134635, 33.669283 ], [ -112.134664, 33.672132 ], [ -112.13472, 33.678898 ], [ -112.134764, 33.683837 ] ] ] } },
{ "type": "Feature", "properties": { "STATEFP": "04", "COUNTYFP": "013", "TRACTCE": "981000", "GEOIDFQ": "1400000US04013981000", "GEOID": "04013981000", "NAME": "9810", "NAMELSAD": "Census Tract 9810", "STUSPS": "AZ", "NAMELSADCO": "Maricopa County", "STATE_NAME": "Arizona", "LSAD": "CT", "ALAND": 643550, "AWATER": 0, "centroid_lon": -112.02585383883307, "centroid_lat": 33.454966113182223, "B03002_001E": 696, "B03002_001M": 70, "B03002_012E": 222, "B03002_012M": 127, "B19013_001E": -666666666, "B19013_001M": -222222222, "B01003_001E": 696, "state": "04", "county": "013", "tract": "981000", "latino_share": 0.31896551724137934, "camera_count": 0, "arterial_road_m": 806.87379330376234, "land_area_km2": 0.64355, "pop_density_per_km2": 1081.5010488695518, "arterial_km_per_km2": 1.2537857094301335, "log_income": null, "city": "Phoenix", "crime_count_raw": 799.74001445029523, "crime_rate_annual_per_km2_1000": 0.12227813004758857 }, "geometry": { "type": "Polygon", "coordinates": [ [ [ -112.030187, 33.458599 ], [ -112.021513, 33.458571 ], [ -112.02154, 33.457058 ], [ -112.021538, 33.45133 ], [ -112.030157, 33.451352 ], [ -112.030168, 33.455167 ], [ -112.030181, 33.457116 ], [ -112.030187, 33.458599 ] ] ] } },
{ "type": "Feature", "properties": { "STATEFP": "04", "COUNTYFP": "013", "TRACTCE": "110801", "GEOIDFQ": "1400000US04013110801", "GEOID": "04013110801", "NAME": "1108.01", "NAMELSAD": "Census Tract 1108.01", "STUSPS": "AZ", "NAMELSADCO": "Maricopa County", "STATE_NAME": "Arizona", "LSAD": "CT", "ALAND": 1296657, "AWATER": 0, "centroid_lon": -112.021559823898, "centroid_lat": 33.491392649189287, "B03002_001E": 4942, "B03002_001M": 933, "B03002_012E": 2242, "B03002_012M": 805, "B19013_001E": 74982, "B19013_001M": 21748, "B01003_001E": 4942, "state": "04", "county": "013", "tract": "110801", "latino_share": 0.45366248482395793, "camera_count": 0, "arterial_road_m": 2567.3259720684155, "land_area_km2": 1.296657, "pop_density_per_km2": 3811.3394675692957, "arterial_km_per_km2": 1.9799576696600685, "log_income": 11.225003363713839, "city": "Phoenix", "crime_count_raw": 1896.3440978984372, "crime_rate_annual_per_km2_1000": 0.14390447269613241 }, "geometry": { "type": "Polygon", "coordinates": [ [ [ -112.030195, 33.49485 ], [ -112.025879, 33.49494 ], [ -112.021595, 33.495044 ], [ -112.017285, 33.495143 ], [ -112.016295, 33.495165 ], [ -112.012978, 33.495235 ], [ -112.012935, 33.487887 ], [ -112.017254, 33.48784 ], [ -112.021575, 33.487744 ], [ -112.030183, 33.487577 ], [ -112.030195, 33.49485 ] ] ] } },
{ "type": "Feature", "properties": { "STATEFP": "04", "COUNTYFP": "013", "TRACTCE": "116728", "GEOIDFQ": "1400000US04013116728", "GEOID": "04013116728", "NAME": "1167.28", "NAMELSAD": "Census Tract 1167.28", "STUSPS": "AZ", "NAMELSADCO": "Maricopa County", "STATE_NAME": "Arizona", "LSAD": "CT", "ALAND": 6256916, "AWATER": 7129, "centroid_lon": -112.06149222943738, "centroid_lat": 33.312797912537278, "B03002_001E": 5392, "B03002_001M": 1356, "B03002_012E": 814, "B03002_012M": 506, "B19013_001E": 190891, "B19013_001M": 29458, "B01003_001E": 5392, "state": "04", "county": "013", "tract": "116728", "latino_share": 0.15096439169139467, "camera_count": 2, "arterial_road_m": 12312.962319766961, "land_area_km2": 6.256916, "pop_density_per_km2": 861.76640376824616, "arterial_km_per_km2": 1.9678963757491645, "log_income": 12.159457863500325, "city": "Phoenix", "crime_count_raw": 304.68800255262767, "crime_rate_annual_per_km2_1000": 0.0047915639216969475 }, "geometry": { "type": "Polygon", "coordinates": [ [ [ -112.08362, 33.319706 ], [ -112.05374, 33.319623 ], [ -112.036226, 33.319657 ], [ -112.036208, 33.317263 ], [ -112.041898, 33.314003 ], [ -112.040359, 33.311163 ], [ -112.040002, 33.306725 ], [ -112.038854, 33.304983 ], [ -112.052454, 33.305078 ], [ -112.055589, 33.30614 ], [ -112.062182, 33.3095 ], [ -112.063756, 33.309621 ], [ -112.065714, 33.309066 ], [ -112.069281, 33.305267 ], [ -112.070747, 33.304586 ], [ -112.07477, 33.30391 ], [ -112.075894, 33.30417 ], [ -112.07862, 33.305168 ], [ -112.080784, 33.30482 ], [ -112.081573, 33.305976 ], [ -112.083615, 33.30524 ], [ -112.08362, 33.319706 ] ] ] } },
{ "type": "Feature", "properties": { "STATEFP": "04", "COUNTYFP": "013", "TRACTCE": "082010", "GEOIDFQ": "1400000US04013082010", "GEOID": "04013082010", "NAME": "820.10", "NAMELSAD": "Census Tract 820.10", "STUSPS": "AZ", "NAMELSADCO": "Maricopa County", "STATE_NAME": "Arizona", "LSAD": "CT", "ALAND": 1297867, "AWATER": 0, "centroid_lon": -112.24213305550018, "centroid_lat": 33.487051743498121, "B03002_001E": 5702, "B03002_001M": 1435, "B03002_012E": 3205, "B03002_012M": 785, "B19013_001E": 87200, "B19013_001M": 20162, "B01003_001E": 5702, "state": "04", "county": "013", "tract": "082010", "latino_share": 0.56208347948088389, "camera_count": 0, "arterial_road_m": 3332.7393876807669, "land_area_km2": 1.297867, "pop_density_per_km2": 4393.3623399007756, "arterial_km_per_km2": 2.5678589467801913, "log_income": 11.375959609897071, "city": "Phoenix", "crime_count_raw": 1492.152496657159, "crime_rate_annual_per_km2_1000": 0.11312674124475171 }, "geometry": { "type": "Polygon", "coordinates": [ [ [ -112.246545, 33.494286 ], [ -112.237751, 33.494284 ], [ -112.237779, 33.488915 ], [ -112.237777, 33.48706 ], [ -112.237824, 33.47981 ], [ -112.246471, 33.47976 ], [ -112.246461, 33.487015 ], [ -112.246452, 33.489036 ], [ -112.246545, 33.494286 ] ] ] } },
{ "type": "Feature", "properties": { "STATEFP": "04", "COUNTYFP": "013", "TRACTCE": "106200", "GEOIDFQ": "1400000US04013106200", "GEOID": "04013106200", "NAME": "1062", "NAMELSAD": "Census Tract 1062", "STUSPS": "AZ", "NAMELSADCO": "Maricopa County", "STATE_NAME": "Arizona", "LSAD": "CT", "ALAND": 2594013, "AWATER": 0, "centroid_lon": -112.07383720978162, "centroid_lat": 33.545564101168907, "B03002_001E": 3369, "B03002_001M": 493, "B03002_012E": 442, "B03002_012M": 175, "B19013_001E": 221833, "B19013_001M": 28718, "B01003_001E": 3369, "state": "04", "county": "013", "tract": "106200", "latino_share": 0.13119620065301277, "camera_count": 0, "arterial_road_m": 7779.0824529336132, "land_area_km2": 2.594013, "pop_density_per_km2": 1298.7598751432627, "arterial_km_per_km2": 2.9988602420009514, "log_income": 12.309680125518463, "city": "Phoenix", "crime_count_raw": 527.93209761959201, "crime_rate_annual_per_km2_1000": 0.020025721689302292 }, "geometry": { "type": "Polygon", "coordinates": [ [ [ -112.082585, 33.552915 ], [ -112.073888, 33.552813 ], [ -112.065222, 33.552725 ], [ -112.065147, 33.545527 ], [ -112.065055, 33.538272 ], [ -112.073751, 33.538314 ], [ -112.082433, 33.538355 ], [ -112.082507, 33.54515 ], [ -112.082585, 33.552915 ] ] ] } },
{ "type": "Feature", "properties": { "STATEFP": "04", "COUNTYFP": "013", "TRACTCE": "111502", "GEOIDFQ": "1400000US04013111502", "GEOID": "04013111502", "NAME": "1115.02", "NAMELSAD": "Census Tract 1115.02", "STUSPS": "AZ", "NAMELSADCO": "Maricopa County", "STATE_NAME": "Arizona", "LSAD": "CT", "ALAND": 1891517, "AWATER": 12800, "centroid_lon": -112.02020540643635, "centroid_lat": 33.474662458723103, "B03002_001E": 5797, "B03002_001M": 729, "B03002_012E": 3988, "B03002_012M": 761, "B19013_001E": 53714, "B19013_001M": 9212, "B01003_001E": 5797, "state": "04", "county": "013", "tract": "111502", "latino_share": 0.68794203898568229, "camera_count": 0, "arterial_road_m": 3469.372104412425, "land_area_km2": 1.891517, "pop_density_per_km2": 3064.7358707323278, "arterial_km_per_km2": 1.8341744242385476, "log_income": 10.891428954153636, "city": "Phoenix", "crime_count_raw": 2404.5618802766498, "crime_rate_annual_per_km2_1000": 0.12508578722152097 }, "geometry": { "type": "Polygon", "coordinates": [ [ [ -112.030176, 33.480309 ], [ -112.021554, 33.480398 ], [ -112.01723, 33.480446 ], [ -112.01291, 33.480491 ], [ -112.012904, 33.474959 ], [ -112.012909, 33.473112 ], [ -112.01291, 33.471266 ], [ -112.012918, 33.465732 ], [ -112.015131, 33.465733 ], [ -112.016109, 33.465735 ], [ -112.025471, 33.473055 ], [ -112.030216, 33.473036 ], [ -112.030176, 33.480309 ] ] ] } },
{ "type": "Feature", "properties": { "STATEFP": "04", "COUNTYFP": "013", "TRACTCE": "116707", "GEOIDFQ": "1400000US04013116707", "GEOID": "04013116707", "NAME": "1167.07", "NAMELSAD": "Census Tract 1167.07", "STUSPS": "AZ", "NAMELSADCO": "Maricopa County", "STATE_NAME": "Arizona", "LSAD": "CT", "ALAND": 1333356, "AWATER": 0, "centroid_lon": -111.98978989354381, "centroid_lat": 33.352279299421483, "B03002_001E": 3157, "B03002_001M": 471, "B03002_012E": 487, "B03002_012M": 165, "B19013_001E": 108194, "B19013_001M": 2952, "B01003_001E": 3157, "state": "04", "county": "013", "tract": "116707", "latino_share": 0.1542603737725689, "camera_count": 0, "arterial_road_m": 1831.7344646864274, "land_area_km2": 1.333356, "pop_density_per_km2": 2367.7097489342682, "arterial_km_per_km2": 1.3737774942974175, "log_income": 11.591681190991887, "city": "Phoenix", "crime_count_raw": 176.03378441023693, "crime_rate_annual_per_km2_1000": 0.012990688322328499 }, "geometry": { "type": "Polygon", "coordinates": [ [ [ -111.99718, 33.350573 ], [ -111.997158, 33.352429 ], [ -111.994333, 33.352461 ], [ -111.995231, 33.353354 ], [ -111.995219, 33.355194 ], [ -111.99235, 33.355218 ], [ -111.991271, 33.356145 ], [ -111.989127, 33.356168 ], [ -111.985921, 33.35894 ], [ -111.98375, 33.359883 ], [ -111.983442, 33.361788 ], [ -111.982459, 33.362623 ], [ -111.979881, 33.362829 ], [ -111.979886, 33.363572 ], [ -111.979338, 33.363575 ], [ -111.976196, 33.363621 ], [ -111.974503, 33.363645 ], [ -111.975195, 33.361324 ], [ -111.976489, 33.359544 ], [ -111.978745, 33.360892 ], [ -111.981087, 33.360808 ], [ -111.983237, 33.357795 ], [ -111.985907, 33.35731 ], [ -111.988406, 33.354861 ], [ -111.988854, 33.35315 ], [ -111.98839, 33.351155 ], [ -111.98736, 33.349553 ], [ -111.986994, 33.348588 ], [ -111.990202, 33.347243 ], [ -111.992297, 33.345436 ], [ -111.993759, 33.342844 ], [ -111.994107, 33.340733 ], [ -111.99703, 33.340877 ], [ -111.997183, 33.341491 ], [ -111.99718, 33.350573 ] ] ] } },
{ "type": "Feature", "properties": { "STATEFP": "04", "COUNTYFP": "013", "TRACTCE": "107900", "GEOIDFQ": "1400000US04013107900", "GEOID": "04013107900", "NAME": "1079", "NAMELSAD": "Census Tract 1079", "STUSPS": "AZ", "NAMELSADCO": "Maricopa County", "STATE_NAME": "Arizona", "LSAD": "CT", "ALAND": 7780043, "AWATER": 4519, "centroid_lon": -111.96946350716429, "centroid_lat": 33.512700857282113, "B03002_001E": 3532, "B03002_001M": 653, "B03002_012E": 291, "B03002_012M": 133, "B19013_001E": 107559, "B19013_001M": 16400, "B01003_001E": 3532, "state": "04", "county": "013", "tract": "107900", "latino_share": 0.082389580973952437, "camera_count": 1, "arterial_road_m": 7880.621124560138, "land_area_km2": 7.780043, "pop_density_per_km2": 453.98206668009419, "arterial_km_per_km2": 1.0129277080551018, "log_income": 11.585794813203101, "city": "Phoenix", "crime_count_raw": 1093.2590364268187, "crime_rate_annual_per_km2_1000": 0.013826852674989299 }, "geometry": { "type": "Polygon", "coordinates": [ [ [ -111.995276, 33.513555 ], [ -111.995132, 33.517259 ], [ -111.995013, 33.523809 ], [ -111.992747, 33.524679 ], [ -111.987711, 33.524595 ], [ -111.986278, 33.523795 ], [ -111.975603, 33.523705 ], [ -111.974803, 33.523707 ], [ -111.973724, 33.523688 ], [ -111.973709, 33.522084 ], [ -111.969419, 33.522022 ], [ -111.969387, 33.516083 ], [ -111.960345, 33.515765 ], [ -111.947525, 33.516375 ], [ -111.943417, 33.516578 ], [ -111.943233, 33.516568 ], [ -111.943286, 33.509216 ], [ -111.94328, 33.505352 ], [ -111.943298, 33.502034 ], [ -111.960694, 33.501848 ], [ -111.965045, 33.501927 ], [ -111.972397, 33.505979 ], [ -111.977253, 33.508685 ], [ -111.978045, 33.50902 ], [ -111.978652, 33.509158 ], [ -111.986692, 33.509512 ], [ -111.994348, 33.509822 ], [ -111.995303, 33.509855 ], [ -111.995276, 33.513555 ] ] ] } },
{ "type": "Feature", "properties": { "STATEFP": "04", "COUNTYFP": "013", "TRACTCE": "105102", "GEOIDFQ": "1400000US04013105102", "GEOID": "04013105102", "NAME": "1051.02", "NAMELSAD": "Census Tract 1051.02", "STUSPS": "AZ", "NAMELSADCO": "Maricopa County", "STATE_NAME": "Arizona", "LSAD": "CT", "ALAND": 19097867, "AWATER": 3554, "centroid_lon": -112.01593847744991, "centroid_lat": 33.551070681278034, "B03002_001E": 4682, "B03002_001M": 560, "B03002_012E": 398, "B03002_012M": 249, "B19013_001E": 106919, "B19013_001M": 7548, "B01003_001E": 4682, "state": "04", "county": "013", "tract": "105102", "latino_share": 0.085006407518154636, "camera_count": 0, "arterial_road_m": 16478.618139173668, "land_area_km2": 19.097867, "pop_density_per_km2": 245.1582681982234, "arterial_km_per_km2": 0.86285123564708399, "log_income": 11.579826817421987, "city": "Phoenix", "crime_count_raw": 1147.1209122501714, "crime_rate_annual_per_km2_1000": 0.0059102600430142602 }, "geometry": { "type": "Polygon", "coordinates": [ [ [ -112.048638, 33.55417 ], [ -112.04798, 33.554724 ], [ -112.043937, 33.555328 ], [ -112.039756, 33.55787 ], [ -112.038312, 33.558588 ], [ -112.038359, 33.560165 ], [ -112.037774, 33.561979 ], [ -112.036122, 33.563611 ], [ -112.028318, 33.567802 ], [ -112.024609, 33.571301 ], [ -112.023024, 33.572331 ], [ -112.021495, 33.572358 ], [ -112.021348, 33.566464 ], [ -112.020264, 33.565519 ], [ -112.017131, 33.566783 ], [ -112.012914, 33.567143 ], [ -112.012946, 33.568008 ], [ -112.004926, 33.568102 ], [ -111.995687, 33.568215 ], [ -111.995658, 33.569075 ], [ -111.993194, 33.570608 ], [ -111.990819, 33.570613 ], [ -111.990828, 33.571876 ], [ -111.986481, 33.571875 ], [ -111.986479, 33.57377 ], [ -111.984365, 33.574675 ], [ -111.982133, 33.57429 ], [ -111.9811, 33.572192 ], [ -111.982129, 33.57186 ], [ -111.984286, 33.568251 ], [ -111.986691, 33.566377 ], [ -111.986446, 33.560948 ], [ -111.986417, 33.553537 ], [ -111.995338, 33.553715 ], [ -111.995416, 33.549231 ], [ -111.995326, 33.542544 ], [ -111.995322, 33.541691 ], [ -111.995179, 33.531838 ], [ -112.012439, 33.532002 ], [ -112.012943, 33.531963 ], [ -112.012944, 33.531865 ], [ -112.014046, 33.531557 ], [ -112.019008, 33.529435 ], [ -112.026312, 33.531418 ], [ -112.030565, 33.533481 ], [ -112.032478, 33.536723 ], [ -112.035064, 33.538218 ], [ -112.041675, 33.538344 ], [ -112.047475, 33.538252 ], [ -112.047611, 33.547463 ], [ -112.048025, 33.549435 ], [ -112.04803, 33.553362 ], [ -112.048638, 33.55417 ] ] ] } },
{ "type": "Feature", "properties": { "STATEFP": "04", "COUNTYFP": "013", "TRACTCE": "116732", "GEOIDFQ": "1400000US04013116732", "GEOID": "04013116732", "NAME": "1167.32", "NAMELSAD": "Census Tract 1167.32", "STUSPS": "AZ", "NAMELSADCO": "Maricopa County", "STATE_NAME": "Arizona", "LSAD": "CT", "ALAND": 6780071, "AWATER": 0, "centroid_lon": -112.1039421893358, "centroid_lat": 33.354116807597634, "B03002_001E": 4214, "B03002_001M": 576, "B03002_012E": 2308, "B03002_012M": 601, "B19013_001E": 82109, "B19013_001M": 38759, "B01003_001E": 4214, "state": "04", "county": "013", "tract": "116732", "latino_share": 0.54769814902705272, "camera_count": 1, "arterial_road_m": 3708.947743706844, "land_area_km2": 6.780071, "pop_density_per_km2": 621.52741468341549, "arterial_km_per_km2": 0.54703671151922206, "log_income": 11.315802911844115, "city": "Phoenix", "crime_count_raw": 1164.1884109917592, "crime_rate_annual_per_km2_1000": 0.016895509273498689 }, "geometry": { "type": "Polygon", "coordinates": [ [ [ -112.135078, 33.348554 ], [ -112.134993, 33.348554 ], [ -112.134898, 33.348554 ], [ -112.125558, 33.348574 ], [ -112.117671, 33.348813 ], [ -112.117639, 33.355877 ], [ -112.117638, 33.356254 ], [ -112.117523, 33.356267 ], [ -112.116217, 33.356527 ], [ -112.113976, 33.356192 ], [ -112.1089, 33.358455 ], [ -112.105717, 33.359276 ], [ -112.102697, 33.360712 ], [ -112.098512, 33.363205 ], [ -112.095781, 33.366025 ], [ -112.092473, 33.368808 ], [ -112.091462, 33.370437 ], [ -112.083291, 33.370417 ], [ -112.083261, 33.363324 ], [ -112.081117, 33.363175 ], [ -112.08111, 33.362285 ], [ -112.080029, 33.362188 ], [ -112.080111, 33.360473 ], [ -112.081091, 33.359572 ], [ -112.078933, 33.359592 ], [ -112.078924, 33.357793 ], [ -112.074763, 33.357841 ], [ -112.074625, 33.359634 ], [ -112.073221, 33.35963 ], [ -112.073194, 33.358253 ], [ -112.075799, 33.35599 ], [ -112.078913, 33.355955 ], [ -112.078942, 33.357701 ], [ -112.082487, 33.357663 ], [ -112.082495, 33.355918 ], [ -112.091947, 33.355835 ], [ -112.092052, 33.348636 ], [ -112.100506, 33.348621 ], [ -112.100501, 33.344966 ], [ -112.117694, 33.344979 ], [ -112.117839, 33.341367 ], [ -112.119988, 33.341336 ], [ -112.119991, 33.340494 ], [ -112.120344, 33.340492 ], [ -112.12083, 33.339639 ], [ -112.120672, 33.339087 ], [ -112.121229, 33.339085 ], [ -112.12143, 33.340504 ], [ -112.121071, 33.340648 ], [ -112.121071, 33.341321 ], [ -112.122133, 33.341307 ], [ -112.129554, 33.341202 ], [ -112.134923, 33.341126 ], [ -112.135098, 33.342128 ], [ -112.135078, 33.348554 ] ] ] } },
{ "type": "Feature", "properties": { "STATEFP": "04", "COUNTYFP": "013", "TRACTCE": "619200", "GEOIDFQ": "1400000US04013619200", "GEOID": "04013619200", "NAME": "6192", "NAMELSAD": "Census Tract 6192", "STUSPS": "AZ", "NAMELSADCO": "Maricopa County", "STATE_NAME": "Arizona", "LSAD": "CT", "ALAND": 969158, "AWATER": 0, "centroid_lon": -112.05469457991245, "centroid_lat": 33.643983171601285, "B03002_001E": 6347, "B03002_001M": 843, "B03002_012E": 1947, "B03002_012M": 561, "B19013_001E": 52708, "B19013_001M": 7258, "B01003_001E": 6347, "state": "04", "county": "013", "tract": "619200", "latino_share": 0.30675909878682844, "camera_count": 0, "arterial_road_m": 4047.2858703719239, "land_area_km2": 0.969158, "pop_density_per_km2": 6548.9837570344571, "arterial_km_per_km2": 4.1760846738838504, "log_income": 10.872522525665143, "city": "Phoenix", "crime_count_raw": 1626.8301292407775, "crime_rate_annual_per_km2_1000": 0.16516950949492271 }, "geometry": { "type": "Polygon", "coordinates": [ [ [ -112.061194, 33.647588 ], [ -112.056859, 33.647608 ], [ -112.052549, 33.647628 ], [ -112.048235, 33.647648 ], [ -112.048204, 33.644024 ], [ -112.048169, 33.64039 ], [ -112.048686, 33.640376 ], [ -112.052511, 33.640375 ], [ -112.056851, 33.640338 ], [ -112.06118, 33.640316 ], [ -112.061179, 33.644553 ], [ -112.061194, 33.647588 ] ] ] } },
{ "type": "Feature", "properties": { "STATEFP": "04", "COUNTYFP": "013", "TRACTCE": "104402", "GEOIDFQ": "1400000US04013104402", "GEOID": "04013104402", "NAME": "1044.02", "NAMELSAD": "Census Tract 1044.02", "STUSPS": "AZ", "NAMELSADCO": "Maricopa County", "STATE_NAME": "Arizona", "LSAD": "CT", "ALAND": 2556177, "AWATER": 25320, "centroid_lon": -112.10831352108475, "centroid_lat": 33.574763793877466, "B03002_001E": 2435, "B03002_001M": 498, "B03002_012E": 482, "B03002_012M": 261, "B19013_001E": 70455, "B19013_001M": 12532, "B01003_001E": 2435, "state": "04", "county": "013", "tract": "104402", "latino_share": 0.19794661190965093, "camera_count": 1, "arterial_road_m": 9536.8585867107322, "land_area_km2": 2.556177, "pop_density_per_km2": 952.59444083879953, "arterial_km_per_km2": 3.7309069703352828, "log_income": 11.162729487129205, "city": "Phoenix", "crime_count_raw": 3437.8917404386934, "crime_rate_annual_per_km2_1000": 0.13233768427320278 }, "geometry": { "type": "Polygon", "coordinates": [ [ [ -112.116834, 33.581974 ], [ -112.108127, 33.581983 ], [ -112.099633, 33.582108 ], [ -112.099639, 33.574874 ], [ -112.099638, 33.572223 ], [ -112.099637, 33.571548 ], [ -112.099616, 33.567609 ], [ -112.104857, 33.567567 ], [ -112.108243, 33.567542 ], [ -112.116762, 33.567576 ], [ -112.117192, 33.567583 ], [ -112.116834, 33.581974 ] ] ] } },
{ "type": "Feature", "properties": { "STATEFP": "04", "COUNTYFP": "013", "TRACTCE": "103615", "GEOIDFQ": "1400000US04013103615", "GEOID": "04013103615", "NAME": "1036.15", "NAMELSAD": "Census Tract 1036.15", "STUSPS": "AZ", "NAMELSADCO": "Maricopa County", "STATE_NAME": "Arizona", "LSAD": "CT", "ALAND": 7191925, "AWATER": 0, "centroid_lon": -112.08228005180119, "centroid_lat": 33.592405828707754, "B03002_001E": 5530, "B03002_001M": 791, "B03002_012E": 3052, "B03002_012M": 790, "B19013_001E": 45363, "B19013_001M": 8747, "B01003_001E": 5530, "state": "04", "county": "013", "tract": "103615", "latino_share": 0.55189873417721524, "camera_count": 0, "arterial_road_m": 3956.152838080015, "land_area_km2": 7.191925, "pop_density_per_km2": 768.91791835982713, "arterial_km_per_km2": 0.55008260487699956, "log_income": 10.722452073780779, "city": "Phoenix", "crime_count_raw": 2656.8258754379913, "crime_rate_annual_per_km2_1000": 0.03634964716039462 }, "geometry": { "type": "Polygon", "coordinates": [ [ [ -112.099655, 33.602308 ], [ -112.097389, 33.603683 ], [ -112.095665, 33.602116 ], [ -112.095687, 33.600212 ], [ -112.091372, 33.600239 ], [ -112.091377, 33.602078 ], [ -112.083475, 33.602107 ], [ -112.082639, 33.603929 ], [ -112.075184, 33.603287 ], [ -112.07336, 33.600917 ], [ -112.07088, 33.600472 ], [ -112.068651, 33.603296 ], [ -112.068497, 33.60529 ], [ -112.065124, 33.605275 ], [ -112.065293, 33.603506 ], [ -112.06522, 33.597575 ], [ -112.06545, 33.596598 ], [ -112.065958, 33.595344 ], [ -112.066286, 33.594206 ], [ -112.066403, 33.592364 ], [ -112.066155, 33.591109 ], [ -112.065383, 33.589683 ], [ -112.063366, 33.586422 ], [ -112.064141, 33.583823 ], [ -112.064518, 33.58319 ], [ -112.06511, 33.583149 ], [ -112.082533, 33.581901 ], [ -112.082857, 33.582243 ], [ -112.086889, 33.582154 ], [ -112.091259, 33.582061 ], [ -112.099633, 33.582108 ], [ -112.099665, 33.587524 ], [ -112.099614, 33.592943 ], [ -112.099603, 33.596559 ], [ -112.099606, 33.597741 ], [ -112.100362, 33.600184 ], [ -112.099655, 33.602308 ] ] ] } },
{ "type": "Feature", "properties": { "STATEFP": "04", "COUNTYFP": "013", "TRACTCE": "116735", "GEOIDFQ": "1400000US04013116735", "GEOID": "04013116735", "NAME": "1167.35", "NAMELSAD": "Census Tract 1167.35", "STUSPS": "AZ", "NAMELSADCO": "Maricopa County", "STATE_NAME": "Arizona", "LSAD": "CT", "ALAND": 1293966, "AWATER": 0, "centroid_lon": -112.07462294903571, "centroid_lat": 33.366880502094759, "B03002_001E": 2988, "B03002_001M": 498, "B03002_012E": 1695, "B03002_012M": 362, "B19013_001E": 56392, "B19013_001M": 12081, "B01003_001E": 2988, "state": "04", "county": "013", "tract": "116735", "latino_share": 0.56726907630522083, "camera_count": 0, "arterial_road_m": 2797.7769946455428, "land_area_km2": 1.293966, "pop_density_per_km2": 2309.1796847830624, "arterial_km_per_km2": 2.1621719540123485, "log_income": 10.940082583453712, "city": "Phoenix", "crime_count_raw": 1363.3228773648327, "crime_rate_annual_per_km2_1000": 0.10367119736399055 }, "geometry": { "type": "Polygon", "coordinates": [ [ [ -112.083291, 33.370417 ], [ -112.073219, 33.37052 ], [ -112.072437, 33.370486 ], [ -112.065979, 33.370596 ], [ -112.06598, 33.363335 ], [ -112.073205, 33.363275 ], [ -112.081117, 33.363175 ], [ -112.083261, 33.363324 ], [ -112.083291, 33.370417 ] ] ] } },
{ "type": "Feature", "properties": { "STATEFP": "04", "COUNTYFP": "013", "TRACTCE": "111300", "GEOIDFQ": "1400000US04013111300", "GEOID": "04013111300", "NAME": "1113", "NAMELSAD": "Census Tract 1113", "STUSPS": "AZ", "NAMELSADCO": "Maricopa County", "STATE_NAME": "Arizona", "LSAD": "CT", "ALAND": 2621012, "AWATER": 0, "centroid_lon": -111.98688604226432, "centroid_lat": 33.472986237459544, "B03002_001E": 6026, "B03002_001M": 845, "B03002_012E": 2695, "B03002_012M": 834, "B19013_001E": 75101, "B19013_001M": 10958, "B01003_001E": 6026, "state": "04", "county": "013", "tract": "111300", "latino_share": 0.44722867573846664, "camera_count": 0, "arterial_road_m": 10788.543380719506, "land_area_km2": 2.621012, "pop_density_per_km2": 2299.1119460727382, "arterial_km_per_km2": 4.1161747373608009, "log_income": 11.226589153242802, "city": "Phoenix", "crime_count_raw": 5558.3576673210919, "crime_rate_annual_per_km2_1000": 0.20866986588332906 }, "geometry": { "type": "Polygon", "coordinates": [ [ [ -111.995557, 33.469372 ], [ -111.995549, 33.471206 ], [ -111.995549, 33.473064 ], [ -111.99551, 33.480421 ], [ -111.986995, 33.480255 ], [ -111.982564, 33.480173 ], [ -111.97803, 33.480099 ], [ -111.978091, 33.472853 ], [ -111.978468, 33.465666 ], [ -111.981674, 33.465639 ], [ -111.98228, 33.46564 ], [ -111.984588, 33.465637 ], [ -111.987102, 33.465705 ], [ -111.994805, 33.465657 ], [ -111.995585, 33.465657 ], [ -111.995557, 33.469372 ] ] ] } },
{ "type": "Feature", "properties": { "STATEFP": "04", "COUNTYFP": "013", "TRACTCE": "116708", "GEOIDFQ": "1400000US04013116708", "GEOID": "04013116708", "NAME": "1167.08", "NAMELSAD": "Census Tract 1167.08", "STUSPS": "AZ", "NAMELSADCO": "Maricopa County", "STATE_NAME": "Arizona", "LSAD": "CT", "ALAND": 3320676, "AWATER": 47415, "centroid_lon": -111.98273898515443, "centroid_lat": 33.340443616001139, "B03002_001E": 5406, "B03002_001M": 589, "B03002_012E": 619, "B03002_012M": 234, "B19013_001E": 95123, "B19013_001M": 17659, "B01003_001E": 5406, "state": "04", "county": "013", "tract": "116708", "latino_share": 0.1145024047354791, "camera_count": 0, "arterial_road_m": 5931.8987987175478, "land_area_km2": 3.320676, "pop_density_per_km2": 1627.9817723861045, "arterial_km_per_km2": 1.786352778385349, "log_income": 11.462926069975811, "city": "Phoenix", "crime_count_raw": 1025.5472210071309, "crime_rate_annual_per_km2_1000": 0.030388650604619059 }, "geometry": { "type": "Polygon", "coordinates": [ [ [ -111.993759, 33.342844 ], [ -111.992297, 33.345436 ], [ -111.990202, 33.347243 ], [ -111.986994, 33.348588 ], [ -111.985086, 33.348881 ], [ -111.980403, 33.34894 ], [ -111.976099, 33.348997 ], [ -111.975926, 33.348999 ], [ -111.973237, 33.349057 ], [ -111.973155, 33.34906 ], [ -111.972621, 33.346225 ], [ -111.972694, 33.334365 ], [ -111.975809, 33.334397 ], [ -111.976629, 33.334165 ], [ -111.978928, 33.331505 ], [ -111.980833, 33.330832 ], [ -111.983763, 33.33081 ], [ -111.98696, 33.331549 ], [ -111.990413, 33.333464 ], [ -111.992183, 33.33523 ], [ -111.993701, 33.338074 ], [ -111.994107, 33.340733 ], [ -111.993759, 33.342844 ] ] ] } },
{ "type": "Feature", "properties": { "STATEFP": "04", "COUNTYFP": "013", "TRACTCE": "104226", "GEOIDFQ": "1400000US04013104226", "GEOID": "04013104226", "NAME": "1042.26", "NAMELSAD": "Census Tract 1042.26", "STUSPS": "AZ", "NAMELSADCO": "Maricopa County", "STATE_NAME": "Arizona", "LSAD": "CT", "ALAND": 2558853, "AWATER": 0, "centroid_lon": -112.14251150748868, "centroid_lat": 33.632321644084868, "B03002_001E": 4516, "B03002_001M": 525, "B03002_012E": 896, "B03002_012M": 242, "B19013_001E": 62879, "B19013_001M": 17337, "B01003_001E": 4516, "state": "04", "county": "013", "tract": "104226", "latino_share": 0.19840566873339238, "camera_count": 1, "arterial_road_m": 7356.7880887407155, "land_area_km2": 2.558853, "pop_density_per_km2": 1764.8532369776615, "arterial_km_per_km2": 2.8750334969381655, "log_income": 11.048967523668741, "city": "Phoenix", "crime_count_raw": 1621.3636815078544, "crime_rate_annual_per_km2_1000": 0.062347258295297171 }, "geometry": { "type": "Polygon", "coordinates": [ [ [ -112.151791, 33.639321 ], [ -112.143071, 33.639456 ], [ -112.134367, 33.639608 ], [ -112.13364, 33.632468 ], [ -112.133635, 33.630653 ], [ -112.13365, 33.628846 ], [ -112.133641, 33.625261 ], [ -112.138064, 33.625201 ], [ -112.15111, 33.625137 ], [ -112.15104, 33.632329 ], [ -112.151142, 33.633486 ], [ -112.151791, 33.639321 ] ] ] } },
{ "type": "Feature", "properties": { "STATEFP": "04", "COUNTYFP": "013", "TRACTCE": "104702", "GEOIDFQ": "1400000US04013104702", "GEOID": "04013104702", "NAME": "1047.02", "NAMELSAD": "Census Tract 1047.02", "STUSPS": "AZ", "NAMELSADCO": "Maricopa County", "STATE_NAME": "Arizona", "LSAD": "CT", "ALAND": 1449651, "AWATER": 0, "centroid_lon": -112.05359187012412, "centroid_lat": 33.573372250622143, "B03002_001E": 3662, "B03002_001M": 560, "B03002_012E": 1583, "B03002_012M": 543, "B19013_001E": 42543, "B19013_001M": 6375, "B01003_001E": 3662, "state": "04", "county": "013", "tract": "104702", "latino_share": 0.43227744401966139, "camera_count": 0, "arterial_road_m": 4253.9690668712519, "land_area_km2": 1.449651, "pop_density_per_km2": 2526.1252535955205, "arterial_km_per_km2": 2.9344780687705194, "log_income": 10.658270608129456, "city": "Phoenix", "crime_count_raw": 1981.2951590760586, "crime_rate_annual_per_km2_1000": 0.13448318188928168 }, "geometry": { "type": "Polygon", "coordinates": [ [ [ -112.065224, 33.56798 ], [ -112.060433, 33.571364 ], [ -112.059974, 33.571814 ], [ -112.057793, 33.574933 ], [ -112.056984, 33.57604 ], [ -112.053663, 33.578582 ], [ -112.052676, 33.580951 ], [ -112.051734, 33.582268 ], [ -112.048476, 33.582265 ], [ -112.047805, 33.5822 ], [ -112.047871, 33.576668 ], [ -112.047901, 33.574793 ], [ -112.048052, 33.571255 ], [ -112.048209, 33.567703 ], [ -112.052522, 33.567728 ], [ -112.056822, 33.567737 ], [ -112.065227, 33.567767 ], [ -112.065224, 33.56798 ] ] ] } },
{ "type": "Feature", "properties": { "STATEFP": "04", "COUNTYFP": "013", "TRACTCE": "116737", "GEOIDFQ": "1400000US04013116737", "GEOID": "04013116737", "NAME": "1167.37", "NAMELSAD": "Census Tract 1167.37", "STUSPS": "AZ", "NAMELSADCO": "Maricopa County", "STATE_NAME": "Arizona", "LSAD": "CT", "ALAND": 3163210, "AWATER": 0, "centroid_lon": -112.04089239143916, "centroid_lat": 33.368397263105152, "B03002_001E": 3540, "B03002_001M": 486, "B03002_012E": 1240, "B03002_012M": 328, "B19013_001E": 124330, "B19013_001M": 26561, "B01003_001E": 3540, "state": "04", "county": "013", "tract": "116737", "latino_share": 0.35028248587570621, "camera_count": 0, "arterial_road_m": 2130.1055159416064, "land_area_km2": 3.16321, "pop_density_per_km2": 1119.1163406792468, "arterial_km_per_km2": 0.67339996900035293, "log_income": 11.730694599946982, "city": "Phoenix", "crime_count_raw": 1023.1629252279259, "crime_rate_annual_per_km2_1000": 0.031827243517672778 }, "geometry": { "type": "Polygon", "coordinates": [ [ [ -112.048796, 33.363255 ], [ -112.048766, 33.370495 ], [ -112.048747, 33.374679 ], [ -112.047347, 33.377741 ], [ -112.030328, 33.377751 ], [ -112.031597, 33.374755 ], [ -112.03164, 33.370508 ], [ -112.031519, 33.366695 ], [ -112.03183, 33.363361 ], [ -112.038193, 33.363314 ], [ -112.040195, 33.363035 ], [ -112.040198, 33.356009 ], [ -112.048775, 33.356004 ], [ -112.048775, 33.359939 ], [ -112.0473, 33.359929 ], [ -112.047305, 33.359626 ], [ -112.046189, 33.359627 ], [ -112.0464, 33.361283 ], [ -112.046401, 33.360981 ], [ -112.04689, 33.360812 ], [ -112.04829, 33.3609 ], [ -112.048781, 33.361315 ], [ -112.048784, 33.361427 ], [ -112.048796, 33.363255 ] ] ] } },
{ "type": "Feature", "properties": { "STATEFP": "04", "COUNTYFP": "013", "TRACTCE": "615202", "GEOIDFQ": "1400000US04013615202", "GEOID": "04013615202", "NAME": "6152.02", "NAMELSAD": "Census Tract 6152.02", "STUSPS": "AZ", "NAMELSADCO": "Maricopa County", "STATE_NAME": "Arizona", "LSAD": "CT", "ALAND": 5378955, "AWATER": 0, "centroid_lon": -111.96430517597098, "centroid_lat": 33.685134426760875, "B03002_001E": 4071, "B03002_001M": 614, "B03002_012E": 435, "B03002_012M": 223, "B19013_001E": 110660, "B19013_001M": 41757, "B01003_001E": 4071, "state": "04", "county": "013", "tract": "615202", "latino_share": 0.10685335298452468, "camera_count": 3, "arterial_road_m": 22218.081700709423, "land_area_km2": 5.378955, "pop_density_per_km2": 756.83845654035031, "arterial_km_per_km2": 4.1305572738030749, "log_income": 11.614217716452101, "city": "Phoenix", "crime_count_raw": 2074.1659836936155, "crime_rate_annual_per_km2_1000": 0.037942666939077142 }, "geometry": { "type": "Polygon", "coordinates": [ [ [ -111.977322, 33.679146 ], [ -111.97712, 33.680466 ], [ -111.976439, 33.682693 ], [ -111.975612, 33.684276 ], [ -111.973419, 33.687904 ], [ -111.970105, 33.693517 ], [ -111.969597, 33.694733 ], [ -111.969198, 33.696 ], [ -111.968725, 33.698729 ], [ -111.951313, 33.698732 ], [ -111.950633, 33.691458 ], [ -111.950839, 33.690116 ], [ -111.951475, 33.688624 ], [ -111.953035, 33.686736 ], [ -111.958983, 33.680357 ], [ -111.959518, 33.679466 ], [ -111.959943, 33.678225 ], [ -111.959958, 33.676112 ], [ -111.95992, 33.667704 ], [ -111.96791, 33.671414 ], [ -111.970718, 33.672325 ], [ -111.977399, 33.672856 ], [ -111.977322, 33.679146 ] ] ] } },
{ "type": "Feature", "properties": { "STATEFP": "04", "COUNTYFP": "013", "TRACTCE": "612401", "GEOIDFQ": "1400000US04013612401", "GEOID": "04013612401", "NAME": "6124.01", "NAMELSAD": "Census Tract 6124.01", "STUSPS": "AZ", "NAMELSADCO": "Maricopa County", "STATE_NAME": "Arizona", "LSAD": "CT", "ALAND": 3461648, "AWATER": 0, "centroid_lon": -112.03885381927806, "centroid_lat": 33.696750851404552, "B03002_001E": 4196, "B03002_001M": 459, "B03002_012E": 544, "B03002_012M": 344, "B19013_001E": 118125, "B19013_001M": 18824, "B01003_001E": 4196, "state": "04", "county": "013", "tract": "612401", "latino_share": 0.12964728312678742, "camera_count": 0, "arterial_road_m": 9476.294687803882, "land_area_km2": 3.461648, "pop_density_per_km2": 1212.1394202992333, "arterial_km_per_km2": 2.7375096161723786, "log_income": 11.679498664796045, "city": "Phoenix", "crime_count_raw": 355.44852730182026, "crime_rate_annual_per_km2_1000": 0.010103598319395085 }, "geometry": { "type": "Polygon", "coordinates": [ [ [ -112.051913, 33.701409 ], [ -112.050465, 33.702508 ], [ -112.049926, 33.703097 ], [ -112.049472, 33.703328 ], [ -112.048592, 33.704265 ], [ -112.048027, 33.704832 ], [ -112.047696, 33.705224 ], [ -112.045203, 33.706257 ], [ -112.042852, 33.707756 ], [ -112.037412, 33.703672 ], [ -112.036525, 33.703001 ], [ -112.036353, 33.702808 ], [ -112.03609, 33.702307 ], [ -112.035245, 33.700386 ], [ -112.033495, 33.700468 ], [ -112.033482, 33.700567 ], [ -112.033493, 33.701866 ], [ -112.03351, 33.704142 ], [ -112.030709, 33.704109 ], [ -112.02959, 33.704092 ], [ -112.029215, 33.702272 ], [ -112.028619, 33.70125 ], [ -112.027814, 33.700499 ], [ -112.025788, 33.699449 ], [ -112.025688, 33.699368 ], [ -112.030751, 33.691634 ], [ -112.031132, 33.687532 ], [ -112.031108, 33.680759 ], [ -112.034987, 33.685898 ], [ -112.037244, 33.687505 ], [ -112.047658, 33.69369 ], [ -112.048229, 33.693876 ], [ -112.049079, 33.693943 ], [ -112.050874, 33.693784 ], [ -112.050433, 33.69695 ], [ -112.050956, 33.698667 ], [ -112.051505, 33.69998 ], [ -112.051867, 33.700381 ], [ -112.052103, 33.70103 ], [ -112.051913, 33.701409 ] ] ] } },
{ "type": "Feature", "properties": { "STATEFP": "04", "COUNTYFP": "013", "TRACTCE": "614500", "GEOIDFQ": "1400000US04013614500", "GEOID": "04013614500", "NAME": "6145", "NAMELSAD": "Census Tract 6145", "STUSPS": "AZ", "NAMELSADCO": "Maricopa County", "STATE_NAME": "Arizona", "LSAD": "CT", "ALAND": 3535944, "AWATER": 0, "centroid_lon": -112.12379416683484, "centroid_lat": 33.691620415213954, "B03002_001E": 4426, "B03002_001M": 867, "B03002_012E": 1363, "B03002_012M": 811, "B19013_001E": 78531, "B19013_001M": 16145, "B01003_001E": 4426, "state": "04", "county": "013", "tract": "614500", "latino_share": 0.30795300497062811, "camera_count": 0, "arterial_road_m": 9640.6169810073297, "land_area_km2": 3.535944, "pop_density_per_km2": 1251.7166561461379, "arterial_km_per_km2": 2.7264620087329803, "log_income": 11.271248730274856, "city": "Phoenix", "crime_count_raw": 870.2268429490282, "crime_rate_annual_per_km2_1000": 0.024216387317273328 }, "geometry": { "type": "Polygon", "coordinates": [ [ [ -112.134877, 33.698349 ], [ -112.130894, 33.698371 ], [ -112.124836, 33.701073 ], [ -112.122473, 33.700808 ], [ -112.118507, 33.699376 ], [ -112.114563, 33.699875 ], [ -112.113018, 33.692344 ], [ -112.112255, 33.683775 ], [ -112.123886, 33.683779 ], [ -112.126043, 33.683813 ], [ -112.126826, 33.683817 ], [ -112.134764, 33.683837 ], [ -112.13475, 33.688127 ], [ -112.134877, 33.698349 ] ] ] } },
{ "type": "Feature", "properties": { "STATEFP": "04", "COUNTYFP": "013", "TRACTCE": "616800", "GEOIDFQ": "1400000US04013616800", "GEOID": "04013616800", "NAME": "6168", "NAMELSAD": "Census Tract 6168", "STUSPS": "AZ", "NAMELSADCO": "Maricopa County", "STATE_NAME": "Arizona", "LSAD": "CT", "ALAND": 2469400, "AWATER": 0, "centroid_lon": -112.0570722187669, "centroid_lat": 33.661907887169519, "B03002_001E": 6227, "B03002_001M": 959, "B03002_012E": 1813, "B03002_012M": 942, "B19013_001E": 95022, "B19013_001M": 12709, "B01003_001E": 6227, "state": "04", "county": "013", "tract": "616800", "latino_share": 0.29115143728922432, "camera_count": 0, "arterial_road_m": 5382.9316048688879, "land_area_km2": 2.4694, "pop_density_per_km2": 2521.665181825545, "arterial_km_per_km2": 2.1798540555879518, "log_income": 11.46186372271978, "city": "Phoenix", "crime_count_raw": 775.43709459319678, "crime_rate_annual_per_km2_1000": 0.030898499225363835 }, "geometry": { "type": "Polygon", "coordinates": [ [ [ -112.065628, 33.668844 ], [ -112.060957, 33.668933 ], [ -112.05716, 33.668956 ], [ -112.048508, 33.668916 ], [ -112.048537, 33.662191 ], [ -112.048533, 33.658557 ], [ -112.048468, 33.654933 ], [ -112.051628, 33.654989 ], [ -112.056879, 33.654837 ], [ -112.061201, 33.654836 ], [ -112.065558, 33.654846 ], [ -112.065611, 33.662113 ], [ -112.065628, 33.668844 ] ] ] } },
{ "type": "Feature", "properties": { "STATEFP": "04", "COUNTYFP": "013", "TRACTCE": "116733", "GEOIDFQ": "1400000US04013116733", "GEOID": "04013116733", "NAME": "1167.33", "NAMELSAD": "Census Tract 1167.33", "STUSPS": "AZ", "NAMELSADCO": "Maricopa County", "STATE_NAME": "Arizona", "LSAD": "CT", "ALAND": 64322002, "AWATER": 873, "centroid_lon": -112.07047897735315, "centroid_lat": 33.336289817417494, "B03002_001E": 8, "B03002_001M": 11, "B03002_012E": 0, "B03002_012M": 14, "B19013_001E": -666666666, "B19013_001M": -222222222, "B01003_001E": 8, "state": "04", "county": "013", "tract": "116733", "latino_share": 0.0, "camera_count": 0, "arterial_road_m": 1625.8120609778073, "land_area_km2": 64.322002, "pop_density_per_km2": 0.12437423822722433, "arterial_km_per_km2": 0.025276142073093547, "log_income": null, "city": "Phoenix", "crime_count_raw": 677.98229588692527, "crime_rate_annual_per_km2_1000": 0.0010371487712318547 }, "geometry": { "type": "Polygon", "coordinates": [ [ [ -112.158805, 33.326645 ], [ -112.154471, 33.326825 ], [ -112.154548, 33.327965 ], [ -112.147983, 33.333494 ], [ -112.147982, 33.334047 ], [ -112.143685, 33.335146 ], [ -112.143687, 33.335601 ], [ -112.142647, 33.336153 ], [ -112.14059, 33.334017 ], [ -112.138305, 33.336212 ], [ -112.137338, 33.338584 ], [ -112.135058, 33.338923 ], [ -112.13495, 33.341125 ], [ -112.134923, 33.341126 ], [ -112.129554, 33.341202 ], [ -112.122133, 33.341307 ], [ -112.121071, 33.341321 ], [ -112.121071, 33.340648 ], [ -112.12143, 33.340504 ], [ -112.121229, 33.339085 ], [ -112.120672, 33.339087 ], [ -112.12083, 33.339639 ], [ -112.120344, 33.340492 ], [ -112.119991, 33.340494 ], [ -112.119988, 33.341336 ], [ -112.117839, 33.341367 ], [ -112.117694, 33.344979 ], [ -112.100501, 33.344966 ], [ -112.100506, 33.348621 ], [ -112.092052, 33.348636 ], [ -112.091947, 33.355835 ], [ -112.082495, 33.355918 ], [ -112.082487, 33.357663 ], [ -112.078942, 33.357701 ], [ -112.078913, 33.355955 ], [ -112.075799, 33.35599 ], [ -112.073194, 33.358253 ], [ -112.072228, 33.356088 ], [ -112.068936, 33.356056 ], [ -112.068261, 33.354792 ], [ -112.065993, 33.354807 ], [ -112.065975, 33.356181 ], [ -112.06167, 33.356063 ], [ -112.060565, 33.357098 ], [ -112.05738, 33.356535 ], [ -112.05881, 33.357802 ], [ -112.058551, 33.359669 ], [ -112.05738, 33.359045 ], [ -112.055075, 33.359235 ], [ -112.055075, 33.358495 ], [ -112.053078, 33.359637 ], [ -112.049854, 33.359621 ], [ -112.049859, 33.361437 ], [ -112.048784, 33.361427 ], [ -112.048781, 33.361315 ], [ -112.04829, 33.3609 ], [ -112.04689, 33.360812 ], [ -112.046401, 33.360981 ], [ -112.0464, 33.361283 ], [ -112.046189, 33.359627 ], [ -112.047305, 33.359626 ], [ -112.0473, 33.359929 ], [ -112.048775, 33.359939 ], [ -112.048775, 33.356004 ], [ -112.040198, 33.356009 ], [ -112.040195, 33.363035 ], [ -112.038193, 33.363314 ], [ -112.03183, 33.363361 ], [ -112.031519, 33.366695 ], [ -112.02805, 33.365492 ], [ -112.023216, 33.365541 ], [ -112.02312, 33.36758 ], [ -112.014412, 33.367708 ], [ -112.014449, 33.370732 ], [ -111.996942, 33.370809 ], [ -111.99685, 33.374403 ], [ -111.988931, 33.374448 ], [ -111.988944, 33.375911 ], [ -111.987486, 33.376319 ], [ -111.987514, 33.375213 ], [ -111.984243, 33.374499 ], [ -111.984263, 33.37088 ], [ -111.976114, 33.37093 ], [ -111.976202, 33.364097 ], [ -111.976196, 33.363621 ], [ -111.979338, 33.363575 ], [ -111.979886, 33.363572 ], [ -111.979881, 33.362829 ], [ -111.982459, 33.362623 ], [ -111.983442, 33.361788 ], [ -111.98375, 33.359883 ], [ -111.985921, 33.35894 ], [ -111.989127, 33.356168 ], [ -111.991271, 33.356145 ], [ -111.99235, 33.355218 ], [ -111.995219, 33.355194 ], [ -111.995231, 33.353354 ], [ -111.994333, 33.352461 ], [ -111.997158, 33.352429 ], [ -111.99718, 33.350573 ], [ -111.997183, 33.341491 ], [ -112.014432, 33.341477 ], [ -112.014458, 33.338521 ], [ -112.014478, 33.336065 ], [ -112.014494, 33.334212 ], [ -112.014507, 33.326838 ], [ -112.014493, 33.323334 ], [ -112.02238, 33.323317 ], [ -112.031709, 33.323301 ], [ -112.031824, 33.319673 ], [ -112.036226, 33.319657 ], [ -112.05374, 33.319623 ], [ -112.08362, 33.319706 ], [ -112.083615, 33.30524 ], [ -112.085353, 33.305136 ], [ -112.100358, 33.305067 ], [ -112.100437, 33.305066 ], [ -112.147914, 33.304647 ], [ -112.151753, 33.308152 ], [ -112.151709, 33.319495 ], [ -112.158228, 33.319399 ], [ -112.160505, 33.327345 ], [ -112.158805, 33.326645 ] ] ] } },
{ "type": "Feature", "properties": { "STATEFP": "04", "COUNTYFP": "013", "TRACTCE": "614300", "GEOIDFQ": "1400000US04013614300", "GEOID": "04013614300", "NAME": "6143", "NAMELSAD": "Census Tract 6143", "STUSPS": "AZ", "NAMELSADCO": "Maricopa County", "STATE_NAME": "Arizona", "LSAD": "CT", "ALAND": 12272746, "AWATER": 553130, "centroid_lon": -112.16398097621624, "centroid_lat": 33.684639826629649, "B03002_001E": 2960, "B03002_001M": 396, "B03002_012E": 48, "B03002_012M": 55, "B19013_001E": 152670, "B19013_001M": 26746, "B01003_001E": 2960, "state": "04", "county": "013", "tract": "614300", "latino_share": 0.016216216216216217, "camera_count": 19, "arterial_road_m": 16911.168431818478, "land_area_km2": 12.272746, "pop_density_per_km2": 241.18481715501974, "arterial_km_per_km2": 1.3779449547655005, "log_income": 11.936034008250989, "city": "Phoenix", "crime_count_raw": 205.90476273185399, "crime_rate_annual_per_km2_1000": 0.001650847298270277 }, "geometry": { "type": "Polygon", "coordinates": [ [ [ -112.188043, 33.690392 ], [ -112.184856, 33.692314 ], [ -112.183198, 33.694192 ], [ -112.178879, 33.697696 ], [ -112.178544, 33.69783 ], [ -112.178175, 33.697896 ], [ -112.161005, 33.698091 ], [ -112.152254, 33.698226 ], [ -112.143598, 33.698279 ], [ -112.134877, 33.698349 ], [ -112.13475, 33.688127 ], [ -112.141584, 33.684439 ], [ -112.153328, 33.677778 ], [ -112.151193, 33.675342 ], [ -112.151374, 33.669639 ], [ -112.160791, 33.669602 ], [ -112.163405, 33.669458 ], [ -112.169418, 33.668515 ], [ -112.178761, 33.668465 ], [ -112.186721, 33.668296 ], [ -112.186693, 33.677602 ], [ -112.186653, 33.682951 ], [ -112.186645, 33.686656 ], [ -112.188068, 33.689897 ], [ -112.188043, 33.690392 ] ] ] } },
{ "type": "Feature", "properties": { "STATEFP": "04", "COUNTYFP": "013", "TRACTCE": "103209", "GEOIDFQ": "1400000US04013103209", "GEOID": "04013103209", "NAME": "1032.09", "NAMELSAD": "Census Tract 1032.09", "STUSPS": "AZ", "NAMELSADCO": "Maricopa County", "STATE_NAME": "Arizona", "LSAD": "CT", "ALAND": 6475776, "AWATER": 120915, "centroid_lon": -111.96116388842211, "centroid_lat": 33.586411744954816, "B03002_001E": 4961, "B03002_001M": 951, "B03002_012E": 307, "B03002_012M": 177, "B19013_001E": 138803, "B19013_001M": 45743, "B01003_001E": 4961, "state": "04", "county": "013", "tract": "103209", "latino_share": 0.061882684942551905, "camera_count": 0, "arterial_road_m": 16124.246835187829, "land_area_km2": 6.475776, "pop_density_per_km2": 766.08579419671094, "arterial_km_per_km2": 2.4899327640714919, "log_income": 11.840810940654119, "city": "Phoenix", "crime_count_raw": 1498.7862890442957, "crime_rate_annual_per_km2_1000": 0.022773519366496287 }, "geometry": { "type": "Polygon", "coordinates": [ [ [ -111.981017, 33.596989 ], [ -111.9804, 33.598681 ], [ -111.97685, 33.59754 ], [ -111.97584, 33.597336 ], [ -111.974683, 33.597229 ], [ -111.970974, 33.597255 ], [ -111.969229, 33.597157 ], [ -111.960601, 33.597152 ], [ -111.952094, 33.596975 ], [ -111.952106, 33.589604 ], [ -111.943425, 33.589386 ], [ -111.943539, 33.582087 ], [ -111.943522, 33.574824 ], [ -111.960521, 33.57538 ], [ -111.969194, 33.57542 ], [ -111.969235, 33.582574 ], [ -111.977779, 33.582617 ], [ -111.977887, 33.582704 ], [ -111.977883, 33.589897 ], [ -111.977915, 33.590611 ], [ -111.978218, 33.591506 ], [ -111.980823, 33.595191 ], [ -111.981017, 33.596989 ] ] ] } },
{ "type": "Feature", "properties": { "STATEFP": "04", "COUNTYFP": "013", "TRACTCE": "110001", "GEOIDFQ": "1400000US04013110001", "GEOID": "04013110001", "NAME": "1100.01", "NAMELSAD": "Census Tract 1100.01", "STUSPS": "AZ", "NAMELSADCO": "Maricopa County", "STATE_NAME": "Arizona", "LSAD": "CT", "ALAND": 1384436, "AWATER": 9061, "centroid_lon": -112.16013450251475, "centroid_lat": 33.484410449702814, "B03002_001E": 4619, "B03002_001M": 803, "B03002_012E": 4031, "B03002_012M": 812, "B19013_001E": 72250, "B19013_001M": 34240, "B01003_001E": 4619, "state": "04", "county": "013", "tract": "110001", "latino_share": 0.87269971855379957, "camera_count": 0, "arterial_road_m": 3439.7288320377988, "land_area_km2": 1.384436, "pop_density_per_km2": 3336.3766905801353, "arterial_km_per_km2": 2.4845704908264441, "log_income": 11.187887605974678, "city": "Phoenix", "crime_count_raw": 1292.8330773224338, "crime_rate_annual_per_km2_1000": 0.091886525150298937 }, "geometry": { "type": "Polygon", "coordinates": [ [ [ -112.168895, 33.484099 ], [ -112.168918, 33.487946 ], [ -112.160895, 33.488173 ], [ -112.160252, 33.488352 ], [ -112.159136, 33.48867 ], [ -112.151645, 33.488464 ], [ -112.15164, 33.487716 ], [ -112.151647, 33.480486 ], [ -112.155978, 33.480479 ], [ -112.161648, 33.480525 ], [ -112.162423, 33.480522 ], [ -112.165987, 33.480503 ], [ -112.16897, 33.480488 ], [ -112.168895, 33.484099 ] ] ] } },
{ "type": "Feature", "properties": { "STATEFP": "04", "COUNTYFP": "013", "TRACTCE": "103217", "GEOIDFQ": "1400000US04013103217", "GEOID": "04013103217", "NAME": "1032.17", "NAMELSAD": "Census Tract 1032.17", "STUSPS": "AZ", "NAMELSADCO": "Maricopa County", "STATE_NAME": "Arizona", "LSAD": "CT", "ALAND": 2589034, "AWATER": 0, "centroid_lon": -111.95159700832752, "centroid_lat": 33.633196636584756, "B03002_001E": 5629, "B03002_001M": 816, "B03002_012E": 543, "B03002_012M": 307, "B19013_001E": 108310, "B19013_001M": 49862, "B01003_001E": 5629, "state": "04", "county": "013", "tract": "103217", "latino_share": 0.096464736187599931, "camera_count": 0, "arterial_road_m": 8255.4875888382012, "land_area_km2": 2.589034, "pop_density_per_km2": 2174.169980000263, "arterial_km_per_km2": 3.1886362206283123, "log_income": 11.592752764829783, "city": "Phoenix", "crime_count_raw": 525.53264025949136, "crime_rate_annual_per_km2_1000": 0.019973041208952075 }, "geometry": { "type": "Polygon", "coordinates": [ [ [ -111.960318, 33.633261 ], [ -111.960309, 33.636898 ], [ -111.960269, 33.638762 ], [ -111.960026, 33.640464 ], [ -111.954301, 33.640427 ], [ -111.94285, 33.640418 ], [ -111.942881, 33.636208 ], [ -111.942953, 33.62594 ], [ -111.951646, 33.625967 ], [ -111.960323, 33.625993 ], [ -111.960318, 33.633261 ] ] ] } },
{ "type": "Feature", "properties": { "STATEFP": "04", "COUNTYFP": "013", "TRACTCE": "109706", "GEOIDFQ": "1400000US04013109706", "GEOID": "04013109706", "NAME": "1097.06", "NAMELSAD": "Census Tract 1097.06", "STUSPS": "AZ", "NAMELSADCO": "Maricopa County", "STATE_NAME": "Arizona", "LSAD": "CT", "ALAND": 627685, "AWATER": 0, "centroid_lon": -112.20762335507646, "centroid_lat": 33.483817995776953, "B03002_001E": 3324, "B03002_001M": 721, "B03002_012E": 3177, "B03002_012M": 745, "B19013_001E": 60071, "B19013_001M": 8103, "B01003_001E": 3324, "state": "04", "county": "013", "tract": "109706", "latino_share": 0.95577617328519859, "camera_count": 0, "arterial_road_m": 1930.0043364382555, "land_area_km2": 0.627685, "pop_density_per_km2": 5295.6498880808049, "arterial_km_per_km2": 3.0747976077781933, "log_income": 11.003282474950524, "city": "Phoenix", "crime_count_raw": 797.05614417697234, "crime_rate_annual_per_km2_1000": 0.12494803215929157 }, "geometry": { "type": "Polygon", "coordinates": [ [ [ -112.2119, 33.487493 ], [ -112.2119, 33.487516 ], [ -112.208396, 33.487473 ], [ -112.206719, 33.486863 ], [ -112.203243, 33.48758 ], [ -112.203258, 33.483959 ], [ -112.203269, 33.480348 ], [ -112.211917, 33.480266 ], [ -112.2119, 33.487493 ] ] ] } },
{ "type": "Feature", "properties": { "STATEFP": "04", "COUNTYFP": "013", "TRACTCE": "107700", "GEOIDFQ": "1400000US04013107700", "GEOID": "04013107700", "NAME": "1077", "NAMELSAD": "Census Tract 1077", "STUSPS": "AZ", "NAMELSADCO": "Maricopa County", "STATE_NAME": "Arizona", "LSAD": "CT", "ALAND": 2619950, "AWATER": 0, "centroid_lon": -112.03876109556265, "centroid_lat": 33.516637279714729, "B03002_001E": 3903, "B03002_001M": 626, "B03002_012E": 416, "B03002_012M": 211, "B19013_001E": 89043, "B19013_001M": 16771, "B01003_001E": 3903, "state": "04", "county": "013", "tract": "107700", "latino_share": 0.10658467845247245, "camera_count": 0, "arterial_road_m": 13916.938109896357, "land_area_km2": 2.61995, "pop_density_per_km2": 1489.7230863184413, "arterial_km_per_km2": 5.3119098112163812, "log_income": 11.396874678104211, "city": "Phoenix", "crime_count_raw": 1744.4448160909762, "crime_rate_annual_per_km2_1000": 0.065515866513191579 }, "geometry": { "type": "Polygon", "coordinates": [ [ [ -112.047525, 33.516488 ], [ -112.047476, 33.523724 ], [ -112.043853, 33.523756 ], [ -112.043093, 33.52371 ], [ -112.038905, 33.523798 ], [ -112.034044, 33.52465 ], [ -112.029978, 33.523763 ], [ -112.030177, 33.516599 ], [ -112.030207, 33.509327 ], [ -112.038862, 33.50925 ], [ -112.044277, 33.5092 ], [ -112.045858, 33.509231 ], [ -112.047516, 33.509213 ], [ -112.047525, 33.516488 ] ] ] } }
]
}
