{
"type": "FeatureCollection",
"name": "sacramento_tracts_analysis_table",
"crs": { "type": "name", "properties": { "name": "urn:ogc:def:crs:EPSG::4269" } },
"features": [
{ "type": "Feature", "properties": { "STATEFP": "06", "COUNTYFP": "067", "TRACTCE": "001400", "GEOIDFQ": "1400000US06067001400", "GEOID": "06067001400", "NAME": "14", "NAMELSAD": "Census Tract 14", "STUSPS": "CA", "NAMELSADCO": "Sacramento County", "STATE_NAME": "California", "LSAD": "CT", "ALAND": 794018, "AWATER": 0, "centroid_lon": -121.47212438925104, "centroid_lat": 38.573985624631, "B03002_001E": 2503, "B03002_001M": 279, "B03002_012E": 582, "B03002_012M": 211, "B19013_001E": 61290, "B19013_001M": 7235, "B01003_001E": 2503, "state": "06", "county": "067", "tract": "001400", "latino_share": 0.23252097483020376, "camera_count": 1, "arterial_road_m": 9779.8232464363646, "land_area_km2": 0.794018, "pop_density_per_km2": 3152.3214838958311, "arterial_km_per_km2": 12.316878517157502, "log_income": 11.023371976479778, "city": "Sacramento", "crime_count_raw": 0.0, "crime_rate_annual_per_km2_1000": 0.0 }, "geometry": { "type": "Polygon", "coordinates": [ [ [ -121.477613, 38.57852 ], [ -121.474951, 38.57781 ], [ -121.473609, 38.577452 ], [ -121.470933, 38.576737 ], [ -121.464247, 38.574981 ], [ -121.465934, 38.571099 ], [ -121.466652, 38.569448 ], [ -121.473326, 38.571229 ], [ -121.475993, 38.571941 ], [ -121.477335, 38.572299 ], [ -121.480001, 38.57301 ], [ -121.477613, 38.57852 ] ] ] } },
{ "type": "Feature", "properties": { "STATEFP": "06", "COUNTYFP": "067", "TRACTCE": "002800", "GEOIDFQ": "1400000US06067002800", "GEOID": "06067002800", "NAME": "28", "NAMELSAD": "Census Tract 28", "STUSPS": "CA", "NAMELSADCO": "Sacramento County", "STATE_NAME": "California", "LSAD": "CT", "ALAND": 924553, "AWATER": 0, "centroid_lon": -121.45824645816219, "centroid_lat": 38.542936379906848, "B03002_001E": 3011, "B03002_001M": 510, "B03002_012E": 1158, "B03002_012M": 334, "B19013_001E": 56250, "B19013_001M": 17593, "B01003_001E": 3011, "state": "06", "county": "067", "tract": "002800", "latino_share": 0.38458983726336765, "camera_count": 1, "arterial_road_m": 2318.5806459860419, "land_area_km2": 0.924553, "pop_density_per_km2": 3256.7089177148309, "arterial_km_per_km2": 2.5077855417548176, "log_income": 10.937561320066667, "city": "Sacramento", "crime_count_raw": 0.0, "crime_rate_annual_per_km2_1000": 0.0 }, "geometry": { "type": "Polygon", "coordinates": [ [ [ -121.464767, 38.541193 ], [ -121.464716, 38.546275 ], [ -121.46472, 38.547184 ], [ -121.461677, 38.546801 ], [ -121.460101, 38.546789 ], [ -121.4578, 38.546748 ], [ -121.45384, 38.546757 ], [ -121.451646, 38.542843 ], [ -121.449713, 38.539418 ], [ -121.45549, 38.539444 ], [ -121.459125, 38.539445 ], [ -121.460094, 38.539446 ], [ -121.463748, 38.539446 ], [ -121.46476, 38.539527 ], [ -121.464767, 38.541193 ] ] ] } },
{ "type": "Feature", "properties": { "STATEFP": "06", "COUNTYFP": "067", "TRACTCE": "004100", "GEOIDFQ": "1400000US06067004100", "GEOID": "06067004100", "NAME": "41", "NAMELSAD": "Census Tract 41", "STUSPS": "CA", "NAMELSADCO": "Sacramento County", "STATE_NAME": "California", "LSAD": "CT", "ALAND": 2033373, "AWATER": 0, "centroid_lon": -121.47851808734154, "centroid_lat": 38.50661236707154, "B03002_001E": 5547, "B03002_001M": 679, "B03002_012E": 1614, "B03002_012M": 415, "B19013_001E": 57898, "B19013_001M": 11131, "B01003_001E": 5547, "state": "06", "county": "067", "tract": "004100", "latino_share": 0.29096809085992431, "camera_count": 1, "arterial_road_m": 2373.0069916325574, "land_area_km2": 2.033373, "pop_density_per_km2": 2727.9795689231637, "arterial_km_per_km2": 1.1670298521877478, "log_income": 10.966438120650151, "city": "Sacramento", "crime_count_raw": 0.0, "crime_rate_annual_per_km2_1000": 0.0 }, "geometry": { "type": "Polygon", "coordinates": [ [ [ -121.483144, 38.521114 ], [ -121.478672, 38.521312 ], [ -121.477548, 38.517691 ], [ -121.475265, 38.510328 ], [ -121.473021, 38.503086 ], [ -121.472231, 38.50059 ], [ -121.470798, 38.495868 ], [ -121.48035, 38.49577 ], [ -121.482736, 38.49576 ], [ -121.482759, 38.499405 ], [ -121.482777, 38.501239 ], [ -121.48291, 38.506599 ], [ -121.483036, 38.510222 ], [ -121.483144, 38.521114 ] ] ] } },
{ "type": "Feature", "properties": { "STATEFP": "06", "COUNTYFP": "067", "TRACTCE": "004906", "GEOIDFQ": "1400000US06067004906", "GEOID": "06067004906", "NAME": "49.06", "NAMELSAD": "Census Tract 49.06", "STUSPS": "CA", "NAMELSADCO": "Sacramento County", "STATE_NAME": "California", "LSAD": "CT", "ALAND": 958392, "AWATER": 0, "centroid_lon": -121.45824658808068, "centroid_lat": 38.478063224912987, "B03002_001E": 3360, "B03002_001M": 430, "B03002_012E": 1009, "B03002_012M": 239, "B19013_001E": 57063, "B19013_001M": 9712, "B01003_001E": 3360, "state": "06", "county": "067", "tract": "004906", "latino_share": 0.30029761904761904, "camera_count": 1, "arterial_road_m": 3583.8944865901549, "land_area_km2": 0.958392, "pop_density_per_km2": 3505.8723361630732, "arterial_km_per_km2": 3.7394870643642211, "log_income": 10.95191119962095, "city": "Sacramento", "crime_count_raw": 0.0, "crime_rate_annual_per_km2_1000": 0.0 }, "geometry": { "type": "Polygon", "coordinates": [ [ [ -121.464487, 38.481495 ], [ -121.462808, 38.481113 ], [ -121.45922, 38.481682 ], [ -121.453086, 38.482303 ], [ -121.450311, 38.474295 ], [ -121.454642, 38.474316 ], [ -121.457904, 38.474656 ], [ -121.46165, 38.474516 ], [ -121.462307, 38.474471 ], [ -121.464188, 38.474487 ], [ -121.466354, 38.481526 ], [ -121.464487, 38.481495 ] ] ] } },
{ "type": "Feature", "properties": { "STATEFP": "06", "COUNTYFP": "067", "TRACTCE": "009610", "GEOIDFQ": "1400000US06067009610", "GEOID": "06067009610", "NAME": "96.10", "NAMELSAD": "Census Tract 96.10", "STUSPS": "CA", "NAMELSADCO": "Sacramento County", "STATE_NAME": "California", "LSAD": "CT", "ALAND": 1867802, "AWATER": 0, "centroid_lon": -121.43755379544163, "centroid_lat": 38.455526030671479, "B03002_001E": 7446, "B03002_001M": 1173, "B03002_012E": 2300, "B03002_012M": 1065, "B19013_001E": 96535, "B19013_001M": 14106, "B01003_001E": 7446, "state": "06", "county": "067", "tract": "009610", "latino_share": 0.30889067955949501, "camera_count": 0, "arterial_road_m": 7759.7009490531109, "land_area_km2": 1.867802, "pop_density_per_km2": 3986.5039227926732, "arterial_km_per_km2": 4.1544558518799697, "log_income": 11.477660915869917, "city": "Sacramento", "crime_count_raw": 0.0, "crime_rate_annual_per_km2_1000": 0.0 }, "geometry": { "type": "Polygon", "coordinates": [ [ [ -121.446674, 38.463235 ], [ -121.428525, 38.458623 ], [ -121.428415, 38.458311 ], [ -121.42768, 38.454836 ], [ -121.427137, 38.452378 ], [ -121.425872, 38.449722 ], [ -121.427937, 38.449814 ], [ -121.431675, 38.451293 ], [ -121.434118, 38.451199 ], [ -121.437826, 38.450595 ], [ -121.43979, 38.448882 ], [ -121.444649, 38.448801 ], [ -121.444863, 38.452108 ], [ -121.44547, 38.455105 ], [ -121.445909, 38.457307 ], [ -121.44636, 38.459636 ], [ -121.446481, 38.46069 ], [ -121.446674, 38.463235 ] ] ] } },
{ "type": "Feature", "properties": { "STATEFP": "06", "COUNTYFP": "067", "TRACTCE": "007020", "GEOIDFQ": "1400000US06067007020", "GEOID": "06067007020", "NAME": "70.20", "NAMELSAD": "Census Tract 70.20", "STUSPS": "CA", "NAMELSADCO": "Sacramento County", "STATE_NAME": "California", "LSAD": "CT", "ALAND": 2457987, "AWATER": 133289, "centroid_lon": -121.5330497949535, "centroid_lat": 38.609322279943108, "B03002_001E": 4930, "B03002_001M": 657, "B03002_012E": 1115, "B03002_012M": 280, "B19013_001E": 131927, "B19013_001M": 19842, "B01003_001E": 4930, "state": "06", "county": "067", "tract": "007020", "latino_share": 0.22616632860040567, "camera_count": 3, "arterial_road_m": 12524.764043239482, "land_area_km2": 2.457987, "pop_density_per_km2": 2005.706295436062, "arterial_km_per_km2": 5.095537138007435, "log_income": 11.790004018287815, "city": "Sacramento", "crime_count_raw": 0.0, "crime_rate_annual_per_km2_1000": 0.0 }, "geometry": { "type": "Polygon", "coordinates": [ [ [ -121.547215, 38.599737 ], [ -121.543534, 38.605145 ], [ -121.538122, 38.613018 ], [ -121.536433, 38.614718 ], [ -121.530093, 38.618319 ], [ -121.524046, 38.621486 ], [ -121.523693, 38.616104 ], [ -121.521554, 38.613995 ], [ -121.524017, 38.610204 ], [ -121.524061, 38.608103 ], [ -121.524824, 38.605599 ], [ -121.524954, 38.604171 ], [ -121.525725, 38.604294 ], [ -121.527667, 38.604604 ], [ -121.534797, 38.60295 ], [ -121.539067, 38.601904 ], [ -121.54055, 38.600769 ], [ -121.54349, 38.598506 ], [ -121.544567, 38.597704 ], [ -121.54789, 38.598774 ], [ -121.547215, 38.599737 ] ] ] } },
{ "type": "Feature", "properties": { "STATEFP": "06", "COUNTYFP": "067", "TRACTCE": "001701", "GEOIDFQ": "1400000US06067001701", "GEOID": "06067001701", "NAME": "17.01", "NAMELSAD": "Census Tract 17.01", "STUSPS": "CA", "NAMELSADCO": "Sacramento County", "STATE_NAME": "California", "LSAD": "CT", "ALAND": 1176165, "AWATER": 0, "centroid_lon": -121.42805113203796, "centroid_lat": 38.549081320255425, "B03002_001E": 1925, "B03002_001M": 317, "B03002_012E": 682, "B03002_012M": 339, "B19013_001E": 66964, "B19013_001M": 46584, "B01003_001E": 1925, "state": "06", "county": "067", "tract": "001701", "latino_share": 0.35428571428571426, "camera_count": 1, "arterial_road_m": 8315.5033953120965, "land_area_km2": 1.176165, "pop_density_per_km2": 1636.6751263640731, "arterial_km_per_km2": 7.0700143222354823, "log_income": 11.111910440535675, "city": "Sacramento", "crime_count_raw": 0.0, "crime_rate_annual_per_km2_1000": 0.0 }, "geometry": { "type": "Polygon", "coordinates": [ [ [ -121.436626, 38.555008 ], [ -121.423299, 38.551357 ], [ -121.421102, 38.550326 ], [ -121.416577, 38.544644 ], [ -121.423117, 38.544615 ], [ -121.427857, 38.544634 ], [ -121.42787, 38.546858 ], [ -121.432953, 38.546796 ], [ -121.436516, 38.546753 ], [ -121.436626, 38.555008 ] ] ] } },
{ "type": "Feature", "properties": { "STATEFP": "06", "COUNTYFP": "067", "TRACTCE": "006501", "GEOIDFQ": "1400000US06067006501", "GEOID": "06067006501", "NAME": "65.01", "NAMELSAD": "Census Tract 65.01", "STUSPS": "CA", "NAMELSADCO": "Sacramento County", "STATE_NAME": "California", "LSAD": "CT", "ALAND": 1679203, "AWATER": 0, "centroid_lon": -121.43823721542009, "centroid_lat": 38.637920953801846, "B03002_001E": 4576, "B03002_001M": 841, "B03002_012E": 1710, "B03002_012M": 617, "B19013_001E": 35172, "B19013_001M": 21438, "B01003_001E": 4576, "state": "06", "county": "067", "tract": "006501", "latino_share": 0.3736888111888112, "camera_count": 4, "arterial_road_m": 8891.4543784682082, "land_area_km2": 1.679203, "pop_density_per_km2": 2725.1023253293379, "arterial_km_per_km2": 5.2950443623958554, "log_income": 10.468005590498892, "city": "Sacramento", "crime_count_raw": 0.0, "crime_rate_annual_per_km2_1000": 0.0 }, "geometry": { "type": "Polygon", "coordinates": [ [ [ -121.447497, 38.636695 ], [ -121.447491, 38.640313 ], [ -121.447488, 38.641459 ], [ -121.438408, 38.642916 ], [ -121.433757, 38.643398 ], [ -121.429156, 38.642927 ], [ -121.429168, 38.640116 ], [ -121.429168, 38.638993 ], [ -121.429759, 38.636479 ], [ -121.430594, 38.632925 ], [ -121.438394, 38.633002 ], [ -121.441658, 38.633022 ], [ -121.446829, 38.633028 ], [ -121.447497, 38.632814 ], [ -121.447497, 38.636695 ] ] ] } },
{ "type": "Feature", "properties": { "STATEFP": "06", "COUNTYFP": "067", "TRACTCE": "003001", "GEOIDFQ": "1400000US06067003001", "GEOID": "06067003001", "NAME": "30.01", "NAMELSAD": "Census Tract 30.01", "STUSPS": "CA", "NAMELSADCO": "Sacramento County", "STATE_NAME": "California", "LSAD": "CT", "ALAND": 1117528, "AWATER": 0, "centroid_lon": -121.41953290008955, "centroid_lat": 38.535826133264401, "B03002_001E": 2799, "B03002_001M": 653, "B03002_012E": 961, "B03002_012M": 272, "B19013_001E": 47263, "B19013_001M": 22416, "B01003_001E": 2799, "state": "06", "county": "067", "tract": "003001", "latino_share": 0.34333690603787065, "camera_count": 0, "arterial_road_m": 2026.2038120359066, "land_area_km2": 1.117528, "pop_density_per_km2": 2504.6352306161452, "arterial_km_per_km2": 1.8131123444208168, "log_income": 10.763483027355077, "city": "Sacramento", "crime_count_raw": 0.0, "crime_rate_annual_per_km2_1000": 0.0 }, "geometry": { "type": "Polygon", "coordinates": [ [ [ -121.427673, 38.539597 ], [ -121.421167, 38.539605 ], [ -121.413173, 38.539564 ], [ -121.410181, 38.532209 ], [ -121.414343, 38.532232 ], [ -121.421147, 38.532365 ], [ -121.427541, 38.532303 ], [ -121.427366, 38.538188 ], [ -121.427673, 38.539597 ] ] ] } },
{ "type": "Feature", "properties": { "STATEFP": "06", "COUNTYFP": "067", "TRACTCE": "001900", "GEOIDFQ": "1400000US06067001900", "GEOID": "06067001900", "NAME": "19", "NAMELSAD": "Census Tract 19", "STUSPS": "CA", "NAMELSADCO": "Sacramento County", "STATE_NAME": "California", "LSAD": "CT", "ALAND": 1105357, "AWATER": 0, "centroid_lon": -121.47736784254928, "centroid_lat": 38.561883188271594, "B03002_001E": 3513, "B03002_001M": 460, "B03002_012E": 692, "B03002_012M": 157, "B19013_001E": 86276, "B19013_001M": 8164, "B01003_001E": 3513, "state": "06", "county": "067", "tract": "001900", "latino_share": 0.19698263592371193, "camera_count": 1, "arterial_road_m": 18631.328968119182, "land_area_km2": 1.105357, "pop_density_per_km2": 3178.1587306182528, "arterial_km_per_km2": 16.855485574451677, "log_income": 11.365306738742264, "city": "Sacramento", "crime_count_raw": 0.0, "crime_rate_annual_per_km2_1000": 0.0 }, "geometry": { "type": "Polygon", "coordinates": [ [ [ -121.483806, 38.564222 ], [ -121.482384, 38.567506 ], [ -121.478373, 38.566436 ], [ -121.477033, 38.566079 ], [ -121.475715, 38.565727 ], [ -121.470369, 38.564301 ], [ -121.469039, 38.563946 ], [ -121.471151, 38.559082 ], [ -121.472436, 38.556125 ], [ -121.474193, 38.556763 ], [ -121.474412, 38.556821 ], [ -121.475844, 38.557203 ], [ -121.480354, 38.558404 ], [ -121.485698, 38.559828 ], [ -121.483806, 38.564222 ] ] ] } },
{ "type": "Feature", "properties": { "STATEFP": "06", "COUNTYFP": "067", "TRACTCE": "002600", "GEOIDFQ": "1400000US06067002600", "GEOID": "06067002600", "NAME": "26", "NAMELSAD": "Census Tract 26", "STUSPS": "CA", "NAMELSADCO": "Sacramento County", "STATE_NAME": "California", "LSAD": "CT", "ALAND": 937495, "AWATER": 0, "centroid_lon": -121.48169878431737, "centroid_lat": 38.554299787638449, "B03002_001E": 2670, "B03002_001M": 368, "B03002_012E": 352, "B03002_012M": 118, "B19013_001E": 105227, "B19013_001M": 15294, "B01003_001E": 2670, "state": "06", "county": "067", "tract": "002600", "latino_share": 0.13183520599250936, "camera_count": 0, "arterial_road_m": 2397.8174826283157, "land_area_km2": 0.937495, "pop_density_per_km2": 2848.0151894143437, "arterial_km_per_km2": 2.5576856224601903, "log_income": 11.563875200348141, "city": "Sacramento", "crime_count_raw": 0.0, "crime_rate_annual_per_km2_1000": 0.0 }, "geometry": { "type": "Polygon", "coordinates": [ [ [ -121.488236, 38.55264 ], [ -121.487469, 38.555094 ], [ -121.487232, 38.555859 ], [ -121.485698, 38.559828 ], [ -121.480354, 38.558404 ], [ -121.475844, 38.557203 ], [ -121.475785, 38.553605 ], [ -121.475812, 38.549935 ], [ -121.479826, 38.549911 ], [ -121.481608, 38.549895 ], [ -121.483623, 38.549966 ], [ -121.487856, 38.551746 ], [ -121.488236, 38.55264 ] ] ] } },
{ "type": "Feature", "properties": { "STATEFP": "06", "COUNTYFP": "067", "TRACTCE": "003300", "GEOIDFQ": "1400000US06067003300", "GEOID": "06067003300", "NAME": "33", "NAMELSAD": "Census Tract 33", "STUSPS": "CA", "NAMELSADCO": "Sacramento County", "STATE_NAME": "California", "LSAD": "CT", "ALAND": 2377878, "AWATER": 0, "centroid_lon": -121.50392969574816, "centroid_lat": 38.528970543509558, "B03002_001E": 4731, "B03002_001M": 577, "B03002_012E": 967, "B03002_012M": 270, "B19013_001E": 118571, "B19013_001M": 20816, "B01003_001E": 4731, "state": "06", "county": "067", "tract": "003300", "latino_share": 0.20439653350243078, "camera_count": 2, "arterial_road_m": 9235.1718393912925, "land_area_km2": 2.377878, "pop_density_per_km2": 1989.589036948069, "arterial_km_per_km2": 3.8837870737654714, "log_income": 11.683267216253103, "city": "Sacramento", "crime_count_raw": 0.0, "crime_rate_annual_per_km2_1000": 0.0 }, "geometry": { "type": "Polygon", "coordinates": [ [ [ -121.512824, 38.522729 ], [ -121.513276, 38.528227 ], [ -121.511248, 38.531392 ], [ -121.506206, 38.538912 ], [ -121.505036, 38.538386 ], [ -121.503631, 38.537467 ], [ -121.503146, 38.537145 ], [ -121.493768, 38.535148 ], [ -121.49536, 38.530214 ], [ -121.495899, 38.528629 ], [ -121.497206, 38.524723 ], [ -121.49842, 38.520982 ], [ -121.498601, 38.520429 ], [ -121.505773, 38.521612 ], [ -121.512474, 38.521249 ], [ -121.513413, 38.521419 ], [ -121.512824, 38.522729 ] ] ] } },
{ "type": "Feature", "properties": { "STATEFP": "06", "COUNTYFP": "067", "TRACTCE": "000600", "GEOIDFQ": "1400000US06067000600", "GEOID": "06067000600", "NAME": "6", "NAMELSAD": "Census Tract 6", "STUSPS": "CA", "NAMELSADCO": "Sacramento County", "STATE_NAME": "California", "LSAD": "CT", "ALAND": 406309, "AWATER": 0, "centroid_lon": -121.49168702372755, "centroid_lat": 38.585463114399737, "B03002_001E": 1474, "B03002_001M": 187, "B03002_012E": 260, "B03002_012M": 107, "B19013_001E": 59821, "B19013_001M": 35561, "B01003_001E": 1474, "state": "06", "county": "067", "tract": "000600", "latino_share": 0.17639077340569878, "camera_count": 2, "arterial_road_m": 1394.1402410234587, "land_area_km2": 0.406309, "pop_density_per_km2": 3627.7808269075999, "arterial_km_per_km2": 3.4312315036670582, "log_income": 10.999112048861333, "city": "Sacramento", "crime_count_raw": 0.0, "crime_rate_annual_per_km2_1000": 0.0 }, "geometry": { "type": "Polygon", "coordinates": [ [ [ -121.495089, 38.586846 ], [ -121.49451, 38.587823 ], [ -121.489148, 38.588625 ], [ -121.486996, 38.58835 ], [ -121.488423, 38.585069 ], [ -121.489851, 38.581785 ], [ -121.49651, 38.58356 ], [ -121.495089, 38.586846 ] ] ] } },
{ "type": "Feature", "properties": { "STATEFP": "06", "COUNTYFP": "067", "TRACTCE": "003204", "GEOIDFQ": "1400000US06067003204", "GEOID": "06067003204", "NAME": "32.04", "NAMELSAD": "Census Tract 32.04", "STUSPS": "CA", "NAMELSADCO": "Sacramento County", "STATE_NAME": "California", "LSAD": "CT", "ALAND": 1599384, "AWATER": 0, "centroid_lon": -121.41833136416366, "centroid_lat": 38.520573815260263, "B03002_001E": 5878, "B03002_001M": 715, "B03002_012E": 2122, "B03002_012M": 523, "B19013_001E": 82537, "B19013_001M": 27513, "B01003_001E": 5878, "state": "06", "county": "067", "tract": "003204", "latino_share": 0.36100714528751277, "camera_count": 0, "arterial_road_m": 4097.9556544353636, "land_area_km2": 1.599384, "pop_density_per_km2": 3675.1649385013234, "arterial_km_per_km2": 2.5622087343848405, "log_income": 11.321001956631987, "city": "Sacramento", "crime_count_raw": 0.0, "crime_rate_annual_per_km2_1000": 0.0 }, "geometry": { "type": "Polygon", "coordinates": [ [ [ -121.427515, 38.525077 ], [ -121.420091, 38.525071 ], [ -121.419937, 38.525071 ], [ -121.414432, 38.525066 ], [ -121.411799, 38.525065 ], [ -121.409124, 38.525063 ], [ -121.409108, 38.516156 ], [ -121.414297, 38.51611 ], [ -121.419919, 38.516061 ], [ -121.427459, 38.515993 ], [ -121.427481, 38.519732 ], [ -121.427515, 38.525077 ] ] ] } },
{ "type": "Feature", "properties": { "STATEFP": "06", "COUNTYFP": "067", "TRACTCE": "007103", "GEOIDFQ": "1400000US06067007103", "GEOID": "06067007103", "NAME": "71.03", "NAMELSAD": "Census Tract 71.03", "STUSPS": "CA", "NAMELSADCO": "Sacramento County", "STATE_NAME": "California", "LSAD": "CT", "ALAND": 2166544, "AWATER": 24353, "centroid_lon": -121.51878435921279, "centroid_lat": 38.661345472173593, "B03002_001E": 3930, "B03002_001M": 506, "B03002_012E": 957, "B03002_012M": 406, "B19013_001E": 89135, "B19013_001M": 19099, "B01003_001E": 3930, "state": "06", "county": "067", "tract": "007103", "latino_share": 0.2435114503816794, "camera_count": 5, "arterial_road_m": 8780.2046340909383, "land_area_km2": 2.166544, "pop_density_per_km2": 1813.9488512580403, "arterial_km_per_km2": 4.052631580106814, "log_income": 11.397907353385962, "city": "Sacramento", "crime_count_raw": 0.0, "crime_rate_annual_per_km2_1000": 0.0 }, "geometry": { "type": "Polygon", "coordinates": [ [ [ -121.533543, 38.664352 ], [ -121.531064, 38.666104 ], [ -121.525362, 38.666423 ], [ -121.52466, 38.666446 ], [ -121.520345, 38.665922 ], [ -121.517281, 38.6663 ], [ -121.507976, 38.665335 ], [ -121.507211, 38.665398 ], [ -121.507145, 38.659547 ], [ -121.507096, 38.656031 ], [ -121.521981, 38.655891 ], [ -121.525475, 38.655851 ], [ -121.52606, 38.658395 ], [ -121.526922, 38.659391 ], [ -121.531161, 38.661113 ], [ -121.533543, 38.664352 ] ] ] } },
{ "type": "Feature", "properties": { "STATEFP": "06", "COUNTYFP": "067", "TRACTCE": "001201", "GEOIDFQ": "1400000US06067001201", "GEOID": "06067001201", "NAME": "12.01", "NAMELSAD": "Census Tract 12.01", "STUSPS": "CA", "NAMELSADCO": "Sacramento County", "STATE_NAME": "California", "LSAD": "CT", "ALAND": 395405, "AWATER": 0, "centroid_lon": -121.48451949040353, "centroid_lat": 38.571145296075777, "B03002_001E": 2368, "B03002_001M": 294, "B03002_012E": 271, "B03002_012M": 144, "B19013_001E": 73802, "B19013_001M": 18567, "B01003_001E": 2368, "state": "06", "county": "067", "tract": "001201", "latino_share": 0.11444256756756757, "camera_count": 0, "arterial_road_m": 3342.434737690498, "land_area_km2": 0.395405, "pop_density_per_km2": 5988.7962974671536, "arterial_km_per_km2": 8.4531928976378587, "log_income": 11.209141110492361, "city": "Sacramento", "crime_count_raw": 0.0, "crime_rate_annual_per_km2_1000": 0.0 }, "geometry": { "type": "Polygon", "coordinates": [ [ [ -121.488088, 38.571473 ], [ -121.486653, 38.574785 ], [ -121.483995, 38.574077 ], [ -121.480001, 38.57301 ], [ -121.481435, 38.5697 ], [ -121.482384, 38.567506 ], [ -121.487703, 38.568923 ], [ -121.489038, 38.569279 ], [ -121.488088, 38.571473 ] ] ] } },
{ "type": "Feature", "properties": { "STATEFP": "06", "COUNTYFP": "067", "TRACTCE": "004907", "GEOIDFQ": "1400000US06067004907", "GEOID": "06067004907", "NAME": "49.07", "NAMELSAD": "Census Tract 49.07", "STUSPS": "CA", "NAMELSADCO": "Sacramento County", "STATE_NAME": "California", "LSAD": "CT", "ALAND": 317009, "AWATER": 0, "centroid_lon": -121.45641494982794, "centroid_lat": 38.485405572454312, "B03002_001E": 2393, "B03002_001M": 356, "B03002_012E": 617, "B03002_012M": 349, "B19013_001E": 34531, "B19013_001M": 16167, "B01003_001E": 2393, "state": "06", "county": "067", "tract": "004907", "latino_share": 0.25783535311324696, "camera_count": 2, "arterial_road_m": 1250.0127715913436, "land_area_km2": 0.317009, "pop_density_per_km2": 7548.6815831727181, "arterial_km_per_km2": 3.9431460040293609, "log_income": 10.449612750289052, "city": "Sacramento", "crime_count_raw": 0.0, "crime_rate_annual_per_km2_1000": 0.0 }, "geometry": { "type": "Polygon", "coordinates": [ [ [ -121.458096, 38.487274 ], [ -121.457331, 38.491223 ], [ -121.456899, 38.491536 ], [ -121.454981, 38.487543 ], [ -121.454097, 38.485173 ], [ -121.453086, 38.482303 ], [ -121.45922, 38.481682 ], [ -121.458096, 38.487274 ] ] ] } },
{ "type": "Feature", "properties": { "STATEFP": "06", "COUNTYFP": "067", "TRACTCE": "001702", "GEOIDFQ": "1400000US06067001702", "GEOID": "06067001702", "NAME": "17.02", "NAMELSAD": "Census Tract 17.02", "STUSPS": "CA", "NAMELSADCO": "Sacramento County", "STATE_NAME": "California", "LSAD": "CT", "ALAND": 2344238, "AWATER": 0, "centroid_lon": -121.44864338731854, "centroid_lat": 38.553320150385964, "B03002_001E": 3828, "B03002_001M": 549, "B03002_012E": 626, "B03002_012M": 249, "B19013_001E": 70750, "B19013_001M": 16171, "B01003_001E": 3828, "state": "06", "county": "067", "tract": "001702", "latino_share": 0.16353187042842215, "camera_count": 0, "arterial_road_m": 16524.284993421486, "land_area_km2": 2.344238, "pop_density_per_km2": 1632.9400001194419, "arterial_km_per_km2": 7.0488939234930443, "log_income": 11.166907815505484, "city": "Sacramento", "crime_count_raw": 0.0, "crime_rate_annual_per_km2_1000": 0.0 }, "geometry": { "type": "Polygon", "coordinates": [ [ [ -121.460645, 38.561618 ], [ -121.454449, 38.559917 ], [ -121.44443, 38.557161 ], [ -121.436626, 38.555008 ], [ -121.436516, 38.546753 ], [ -121.438211, 38.546732 ], [ -121.439162, 38.546722 ], [ -121.444012, 38.546671 ], [ -121.45384, 38.546757 ], [ -121.456384, 38.553198 ], [ -121.459803, 38.556701 ], [ -121.460532, 38.557484 ], [ -121.465064, 38.562835 ], [ -121.460645, 38.561618 ] ] ] } },
{ "type": "Feature", "properties": { "STATEFP": "06", "COUNTYFP": "067", "TRACTCE": "004908", "GEOIDFQ": "1400000US06067004908", "GEOID": "06067004908", "NAME": "49.08", "NAMELSAD": "Census Tract 49.08", "STUSPS": "CA", "NAMELSADCO": "Sacramento County", "STATE_NAME": "California", "LSAD": "CT", "ALAND": 1458335, "AWATER": 0, "centroid_lon": -121.46343516651115, "centroid_lat": 38.489331366799533, "B03002_001E": 5388, "B03002_001M": 919, "B03002_012E": 2290, "B03002_012M": 901, "B19013_001E": 87165, "B19013_001M": 18333, "B01003_001E": 5388, "state": "06", "county": "067", "tract": "004908", "latino_share": 0.42501855976243502, "camera_count": 1, "arterial_road_m": 3736.4812247657565, "land_area_km2": 1.458335, "pop_density_per_km2": 3694.6243490007441, "arterial_km_per_km2": 2.562155625947232, "log_income": 11.375558153177316, "city": "Sacramento", "crime_count_raw": 0.0, "crime_rate_annual_per_km2_1000": 0.0 }, "geometry": { "type": "Polygon", "coordinates": [ [ [ -121.470798, 38.495868 ], [ -121.464618, 38.495984 ], [ -121.460444, 38.496047 ], [ -121.459275, 38.496013 ], [ -121.456899, 38.491536 ], [ -121.457331, 38.491223 ], [ -121.458096, 38.487274 ], [ -121.45922, 38.481682 ], [ -121.462808, 38.481113 ], [ -121.464487, 38.481495 ], [ -121.466354, 38.481526 ], [ -121.469127, 38.490507 ], [ -121.470798, 38.495868 ] ] ] } },
{ "type": "Feature", "properties": { "STATEFP": "06", "COUNTYFP": "067", "TRACTCE": "001202", "GEOIDFQ": "1400000US06067001202", "GEOID": "06067001202", "NAME": "12.02", "NAMELSAD": "Census Tract 12.02", "STUSPS": "CA", "NAMELSADCO": "Sacramento County", "STATE_NAME": "California", "LSAD": "CT", "ALAND": 280664, "AWATER": 0, "centroid_lon": -121.49077785886456, "centroid_lat": 38.572274982340929, "B03002_001E": 2093, "B03002_001M": 442, "B03002_012E": 493, "B03002_012M": 301, "B19013_001E": 71138, "B19013_001M": 29950, "B01003_001E": 2093, "state": "06", "county": "067", "tract": "001202", "latino_share": 0.23554706163401815, "camera_count": 0, "arterial_road_m": 2718.0262694896664, "land_area_km2": 0.280664, "pop_density_per_km2": 7457.3155089359516, "arterial_km_per_km2": 9.6842711195225117, "log_income": 11.172376931528394, "city": "Sacramento", "crime_count_raw": 0.0, "crime_rate_annual_per_km2_1000": 0.0 }, "geometry": { "type": "Polygon", "coordinates": [ [ [ -121.493672, 38.572962 ], [ -121.492716, 38.575156 ], [ -121.488474, 38.574026 ], [ -121.486653, 38.574785 ], [ -121.488088, 38.571473 ], [ -121.489038, 38.569279 ], [ -121.494629, 38.570769 ], [ -121.493672, 38.572962 ] ] ] } },
{ "type": "Feature", "properties": { "STATEFP": "06", "COUNTYFP": "067", "TRACTCE": "004014", "GEOIDFQ": "1400000US06067004014", "GEOID": "06067004014", "NAME": "40.14", "NAMELSAD": "Census Tract 40.14", "STUSPS": "CA", "NAMELSADCO": "Sacramento County", "STATE_NAME": "California", "LSAD": "CT", "ALAND": 967437, "AWATER": 79391, "centroid_lon": -121.51883501803268, "centroid_lat": 38.514153938008732, "B03002_001E": 2409, "B03002_001M": 313, "B03002_012E": 775, "B03002_012M": 291, "B19013_001E": 71779, "B19013_001M": 5830, "B01003_001E": 2409, "state": "06", "county": "067", "tract": "004014", "latino_share": 0.32171025321710256, "camera_count": 0, "arterial_road_m": 7597.7650441974965, "land_area_km2": 0.967437, "pop_density_per_km2": 2490.0846256655473, "arterial_km_per_km2": 7.8534985163865931, "log_income": 11.181347233147324, "city": "Sacramento", "crime_count_raw": 0.0, "crime_rate_annual_per_km2_1000": 0.0 }, "geometry": { "type": "Polygon", "coordinates": [ [ [ -121.522148, 38.51617 ], [ -121.521849, 38.523163 ], [ -121.513413, 38.521419 ], [ -121.516269, 38.516723 ], [ -121.516569, 38.50779 ], [ -121.517105, 38.503096 ], [ -121.516809, 38.501406 ], [ -121.517767, 38.501317 ], [ -121.518264, 38.502795 ], [ -121.521998, 38.509266 ], [ -121.522311, 38.510844 ], [ -121.522148, 38.51617 ] ] ] } },
{ "type": "Feature", "properties": { "STATEFP": "06", "COUNTYFP": "067", "TRACTCE": "006803", "GEOIDFQ": "1400000US06067006803", "GEOID": "06067006803", "NAME": "68.03", "NAMELSAD": "Census Tract 68.03", "STUSPS": "CA", "NAMELSADCO": "Sacramento County", "STATE_NAME": "California", "LSAD": "CT", "ALAND": 1091195, "AWATER": 0, "centroid_lon": -121.4616545631491, "centroid_lat": 38.617066023228055, "B03002_001E": 3618, "B03002_001M": 808, "B03002_012E": 1785, "B03002_012M": 615, "B19013_001E": 76136, "B19013_001M": 16283, "B01003_001E": 3618, "state": "06", "county": "067", "tract": "006803", "latino_share": 0.49336650082918737, "camera_count": 0, "arterial_road_m": 1566.1744275410877, "land_area_km2": 1.091195, "pop_density_per_km2": 3315.6310283679823, "arterial_km_per_km2": 1.4352837279689585, "log_income": 11.24027649375218, "city": "Sacramento", "crime_count_raw": 0.0, "crime_rate_annual_per_km2_1000": 0.0 }, "geometry": { "type": "Polygon", "coordinates": [ [ [ -121.467588, 38.61974 ], [ -121.463687, 38.62208 ], [ -121.459016, 38.62402 ], [ -121.456943, 38.623939 ], [ -121.456945, 38.616845 ], [ -121.456945, 38.612682 ], [ -121.45818, 38.611142 ], [ -121.45936, 38.611125 ], [ -121.461208, 38.6111 ], [ -121.466355, 38.611163 ], [ -121.466342, 38.612594 ], [ -121.467069, 38.616936 ], [ -121.467148, 38.617364 ], [ -121.467588, 38.61974 ] ] ] } },
{ "type": "Feature", "properties": { "STATEFP": "06", "COUNTYFP": "067", "TRACTCE": "009634", "GEOIDFQ": "1400000US06067009634", "GEOID": "06067009634", "NAME": "96.34", "NAMELSAD": "Census Tract 96.34", "STUSPS": "CA", "NAMELSADCO": "Sacramento County", "STATE_NAME": "California", "LSAD": "CT", "ALAND": 1180152, "AWATER": 0, "centroid_lon": -121.44094360986644, "centroid_lat": 38.469796184243123, "B03002_001E": 5069, "B03002_001M": 648, "B03002_012E": 1665, "B03002_012M": 443, "B19013_001E": 59864, "B19013_001M": 9823, "B01003_001E": 5069, "state": "06", "county": "067", "tract": "009634", "latino_share": 0.32846715328467152, "camera_count": 1, "arterial_road_m": 4446.0907475459435, "land_area_km2": 1.180152, "pop_density_per_km2": 4295.209430649611, "arterial_km_per_km2": 3.7673882241829384, "log_income": 10.999830601760195, "city": "Sacramento", "crime_count_raw": 0.0, "crime_rate_annual_per_km2_1000": 0.0 }, "geometry": { "type": "Polygon", "coordinates": [ [ [ -121.450311, 38.474295 ], [ -121.446594, 38.474276 ], [ -121.436875, 38.474254 ], [ -121.435429, 38.471555 ], [ -121.434755, 38.470296 ], [ -121.431261, 38.463781 ], [ -121.433327, 38.463588 ], [ -121.435315, 38.464581 ], [ -121.436125, 38.465082 ], [ -121.442399, 38.466434 ], [ -121.445968, 38.467142 ], [ -121.447553, 38.467031 ], [ -121.449046, 38.470966 ], [ -121.450311, 38.474295 ] ] ] } },
{ "type": "Feature", "properties": { "STATEFP": "06", "COUNTYFP": "067", "TRACTCE": "005204", "GEOIDFQ": "1400000US06067005204", "GEOID": "06067005204", "NAME": "52.04", "NAMELSAD": "Census Tract 52.04", "STUSPS": "CA", "NAMELSADCO": "Sacramento County", "STATE_NAME": "California", "LSAD": "CT", "ALAND": 3714777, "AWATER": 0, "centroid_lon": -121.38544179432218, "centroid_lat": 38.549823147057964, "B03002_001E": 4694, "B03002_001M": 509, "B03002_012E": 1084, "B03002_012M": 295, "B19013_001E": 79833, "B19013_001M": 20079, "B01003_001E": 4694, "state": "06", "county": "067", "tract": "005204", "latino_share": 0.23093310609288453, "camera_count": 2, "arterial_road_m": 15648.214289330026, "land_area_km2": 3.714777, "pop_density_per_km2": 1263.6020950921145, "arterial_km_per_km2": 4.2124235961754977, "log_income": 11.287692231790937, "city": "Sacramento", "crime_count_raw": 0.0, "crime_rate_annual_per_km2_1000": 0.0 }, "geometry": { "type": "Polygon", "coordinates": [ [ [ -121.403315, 38.55358 ], [ -121.402412, 38.554556 ], [ -121.396468, 38.555903 ], [ -121.393634, 38.555656 ], [ -121.393898, 38.557248 ], [ -121.39086, 38.557614 ], [ -121.379471, 38.558852 ], [ -121.375124, 38.553093 ], [ -121.372683, 38.550436 ], [ -121.372302, 38.547093 ], [ -121.372281, 38.542895 ], [ -121.370952, 38.538759 ], [ -121.386309, 38.543097 ], [ -121.390885, 38.544396 ], [ -121.398728, 38.546637 ], [ -121.398988, 38.54707 ], [ -121.39821, 38.549008 ], [ -121.399414, 38.550863 ], [ -121.400017, 38.550726 ], [ -121.403344, 38.550712 ], [ -121.403315, 38.55358 ] ] ] } },
{ "type": "Feature", "properties": { "STATEFP": "06", "COUNTYFP": "067", "TRACTCE": "009633", "GEOIDFQ": "1400000US06067009633", "GEOID": "06067009633", "NAME": "96.33", "NAMELSAD": "Census Tract 96.33", "STUSPS": "CA", "NAMELSADCO": "Sacramento County", "STATE_NAME": "California", "LSAD": "CT", "ALAND": 703932, "AWATER": 0, "centroid_lon": -121.43838823266289, "centroid_lat": 38.463211253619143, "B03002_001E": 3886, "B03002_001M": 522, "B03002_012E": 1167, "B03002_012M": 408, "B19013_001E": 82601, "B19013_001M": 13342, "B01003_001E": 3886, "state": "06", "county": "067", "tract": "009633", "latino_share": 0.30030880082346884, "camera_count": 0, "arterial_road_m": 1518.6802077326956, "land_area_km2": 0.703932, "pop_density_per_km2": 5520.4195859827369, "arterial_km_per_km2": 2.157424591768375, "log_income": 11.321777065973317, "city": "Sacramento", "crime_count_raw": 0.0, "crime_rate_annual_per_km2_1000": 0.0 }, "geometry": { "type": "Polygon", "coordinates": [ [ [ -121.447553, 38.467031 ], [ -121.445968, 38.467142 ], [ -121.442399, 38.466434 ], [ -121.436125, 38.465082 ], [ -121.435315, 38.464581 ], [ -121.433327, 38.463588 ], [ -121.431261, 38.463781 ], [ -121.429241, 38.460007 ], [ -121.428525, 38.458623 ], [ -121.446674, 38.463235 ], [ -121.446708, 38.463681 ], [ -121.446811, 38.464752 ], [ -121.447553, 38.467031 ] ] ] } },
{ "type": "Feature", "properties": { "STATEFP": "06", "COUNTYFP": "067", "TRACTCE": "001500", "GEOIDFQ": "1400000US06067001500", "GEOID": "06067001500", "NAME": "15", "NAMELSAD": "Census Tract 15", "STUSPS": "CA", "NAMELSADCO": "Sacramento County", "STATE_NAME": "California", "LSAD": "CT", "ALAND": 1746201, "AWATER": 0, "centroid_lon": -121.45937018601035, "centroid_lat": 38.56746214133144, "B03002_001E": 4856, "B03002_001M": 582, "B03002_012E": 696, "B03002_012M": 239, "B19013_001E": 148364, "B19013_001M": 16821, "B01003_001E": 4856, "state": "06", "county": "067", "tract": "001500", "latino_share": 0.14332784184514002, "camera_count": 2, "arterial_road_m": 6190.5594152696658, "land_area_km2": 1.746201, "pop_density_per_km2": 2780.8940666051617, "arterial_km_per_km2": 3.5451585557846244, "log_income": 11.907423992685207, "city": "Sacramento", "crime_count_raw": 0.0, "crime_rate_annual_per_km2_1000": 0.0 }, "geometry": { "type": "Polygon", "coordinates": [ [ [ -121.466652, 38.569448 ], [ -121.465934, 38.571099 ], [ -121.464247, 38.574981 ], [ -121.455335, 38.572593 ], [ -121.454014, 38.572235 ], [ -121.450475, 38.571276 ], [ -121.449873, 38.571123 ], [ -121.451759, 38.566175 ], [ -121.454449, 38.559917 ], [ -121.460645, 38.561618 ], [ -121.465064, 38.562835 ], [ -121.469039, 38.563946 ], [ -121.466652, 38.569448 ] ] ] } },
{ "type": "Feature", "properties": { "STATEFP": "06", "COUNTYFP": "067", "TRACTCE": "002000", "GEOIDFQ": "1400000US06067002000", "GEOID": "06067002000", "NAME": "20", "NAMELSAD": "Census Tract 20", "STUSPS": "CA", "NAMELSADCO": "Sacramento County", "STATE_NAME": "California", "LSAD": "CT", "ALAND": 1033082, "AWATER": 0, "centroid_lon": -121.49033734215008, "centroid_lat": 38.565280324236284, "B03002_001E": 3025, "B03002_001M": 364, "B03002_012E": 802, "B03002_012M": 224, "B19013_001E": 87708, "B19013_001M": 24238, "B01003_001E": 3025, "state": "06", "county": "067", "tract": "002000", "latino_share": 0.26512396694214874, "camera_count": 2, "arterial_road_m": 13884.472252984355, "land_area_km2": 1.033082, "pop_density_per_km2": 2928.1315519968402, "arterial_km_per_km2": 13.439854970839056, "log_income": 11.381768394268391, "city": "Sacramento", "crime_count_raw": 0.0, "crime_rate_annual_per_km2_1000": 0.0 }, "geometry": { "type": "Polygon", "coordinates": [ [ [ -121.498325, 38.565672 ], [ -121.497004, 38.56532 ], [ -121.496056, 38.567493 ], [ -121.494629, 38.570769 ], [ -121.489038, 38.569279 ], [ -121.487703, 38.568923 ], [ -121.482384, 38.567506 ], [ -121.483806, 38.564222 ], [ -121.485698, 38.559828 ], [ -121.48971, 38.560893 ], [ -121.491047, 38.561249 ], [ -121.498472, 38.563222 ], [ -121.498325, 38.565672 ] ] ] } },
{ "type": "Feature", "properties": { "STATEFP": "06", "COUNTYFP": "067", "TRACTCE": "004008", "GEOIDFQ": "1400000US06067004008", "GEOID": "06067004008", "NAME": "40.08", "NAMELSAD": "Census Tract 40.08", "STUSPS": "CA", "NAMELSADCO": "Sacramento County", "STATE_NAME": "California", "LSAD": "CT", "ALAND": 1580374, "AWATER": 90367, "centroid_lon": -121.54545535913248, "centroid_lat": 38.4901839642244, "B03002_001E": 3230, "B03002_001M": 318, "B03002_012E": 573, "B03002_012M": 87, "B19013_001E": 104797, "B19013_001M": 25778, "B01003_001E": 3230, "state": "06", "county": "067", "tract": "004008", "latino_share": 0.17739938080495357, "camera_count": 0, "arterial_road_m": 4330.5823497303918, "land_area_km2": 1.580374, "pop_density_per_km2": 2043.8200071628614, "arterial_km_per_km2": 2.7402262690542822, "log_income": 11.559780424505149, "city": "Sacramento", "crime_count_raw": 0.0, "crime_rate_annual_per_km2_1000": 0.0 }, "geometry": { "type": "Polygon", "coordinates": [ [ [ -121.554721, 38.493618 ], [ -121.552482, 38.494536 ], [ -121.548803, 38.495904 ], [ -121.543404, 38.496322 ], [ -121.542106, 38.494158 ], [ -121.540593, 38.493342 ], [ -121.53473, 38.493559 ], [ -121.534727, 38.491532 ], [ -121.53495, 38.490927 ], [ -121.535595, 38.489932 ], [ -121.537785, 38.487636 ], [ -121.538928, 38.486741 ], [ -121.544963, 38.483903 ], [ -121.548406, 38.482515 ], [ -121.555932, 38.492849 ], [ -121.554721, 38.493618 ] ] ] } },
{ "type": "Feature", "properties": { "STATEFP": "06", "COUNTYFP": "067", "TRACTCE": "000800", "GEOIDFQ": "1400000US06067000800", "GEOID": "06067000800", "NAME": "8", "NAMELSAD": "Census Tract 8", "STUSPS": "CA", "NAMELSADCO": "Sacramento County", "STATE_NAME": "California", "LSAD": "CT", "ALAND": 525743, "AWATER": 51938, "centroid_lon": -121.50488230825836, "centroid_lat": 38.576579999830223, "B03002_001E": 1569, "B03002_001M": 345, "B03002_012E": 363, "B03002_012M": 193, "B19013_001E": 55109, "B19013_001M": 19567, "B01003_001E": 1569, "state": "06", "county": "067", "tract": "000800", "latino_share": 0.23135755258126195, "camera_count": 0, "arterial_road_m": 6724.8783029254337, "land_area_km2": 0.525743, "pop_density_per_km2": 2984.3478657823312, "arterial_km_per_km2": 12.791189427011741, "log_income": 10.917068321185521, "city": "Sacramento", "crime_count_raw": 0.0, "crime_rate_annual_per_km2_1000": 0.0 }, "geometry": { "type": "Polygon", "coordinates": [ [ [ -121.511566, 38.575005 ], [ -121.508266, 38.580505 ], [ -121.501537, 38.578749 ], [ -121.498892, 38.578047 ], [ -121.499374, 38.57693 ], [ -121.501271, 38.572539 ], [ -121.503924, 38.573246 ], [ -121.508266, 38.574413 ], [ -121.509138, 38.575563 ], [ -121.511566, 38.575005 ] ] ] } },
{ "type": "Feature", "properties": { "STATEFP": "06", "COUNTYFP": "067", "TRACTCE": "009640", "GEOIDFQ": "1400000US06067009640", "GEOID": "06067009640", "NAME": "96.40", "NAMELSAD": "Census Tract 96.40", "STUSPS": "CA", "NAMELSADCO": "Sacramento County", "STATE_NAME": "California", "LSAD": "CT", "ALAND": 659473, "AWATER": 0, "centroid_lon": -121.43097972104499, "centroid_lat": 38.470074266585158, "B03002_001E": 4809, "B03002_001M": 1526, "B03002_012E": 801, "B03002_012M": 496, "B19013_001E": -666666666, "B19013_001M": -222222222, "B01003_001E": 4809, "state": "06", "county": "067", "tract": "009640", "latino_share": 0.16656269494697443, "camera_count": 1, "arterial_road_m": 3667.9346055784717, "land_area_km2": 0.659473, "pop_density_per_km2": 7292.1863366657926, "arterial_km_per_km2": 5.5619177821964989, "log_income": null, "city": "Sacramento", "crime_count_raw": 0.0, "crime_rate_annual_per_km2_1000": 0.0 }, "geometry": { "type": "Polygon", "coordinates": [ [ [ -121.436875, 38.474254 ], [ -121.427168, 38.474217 ], [ -121.427176, 38.470693 ], [ -121.427179, 38.468497 ], [ -121.427181, 38.467346 ], [ -121.427691, 38.465639 ], [ -121.431261, 38.463781 ], [ -121.434755, 38.470296 ], [ -121.435429, 38.471555 ], [ -121.436875, 38.474254 ] ] ] } },
{ "type": "Feature", "properties": { "STATEFP": "06", "COUNTYFP": "067", "TRACTCE": "006704", "GEOIDFQ": "1400000US06067006704", "GEOID": "06067006704", "NAME": "67.04", "NAMELSAD": "Census Tract 67.04", "STUSPS": "CA", "NAMELSADCO": "Sacramento County", "STATE_NAME": "California", "LSAD": "CT", "ALAND": 1229315, "AWATER": 0, "centroid_lon": -121.45218316306624, "centroid_lat": 38.648153421090711, "B03002_001E": 3416, "B03002_001M": 438, "B03002_012E": 1094, "B03002_012M": 524, "B19013_001E": 48167, "B19013_001M": 21608, "B01003_001E": 3416, "state": "06", "county": "067", "tract": "006704", "latino_share": 0.32025761124121782, "camera_count": 1, "arterial_road_m": 4818.3151875354361, "land_area_km2": 1.229315, "pop_density_per_km2": 2778.7833061501733, "arterial_km_per_km2": 3.9195122385519059, "log_income": 10.782429418257793, "city": "Sacramento", "crime_count_raw": 0.0, "crime_rate_annual_per_km2_1000": 0.0 }, "geometry": { "type": "Polygon", "coordinates": [ [ [ -121.456894, 38.644044 ], [ -121.456899, 38.647674 ], [ -121.456906, 38.651307 ], [ -121.456912, 38.654932 ], [ -121.448696, 38.654834 ], [ -121.447452, 38.654899 ], [ -121.44747, 38.647572 ], [ -121.447488, 38.641459 ], [ -121.449837, 38.641325 ], [ -121.45692, 38.641524 ], [ -121.456894, 38.644044 ] ] ] } },
{ "type": "Feature", "properties": { "STATEFP": "06", "COUNTYFP": "067", "TRACTCE": "004401", "GEOIDFQ": "1400000US06067004401", "GEOID": "06067004401", "NAME": "44.01", "NAMELSAD": "Census Tract 44.01", "STUSPS": "CA", "NAMELSADCO": "Sacramento County", "STATE_NAME": "California", "LSAD": "CT", "ALAND": 1386523, "AWATER": 0, "centroid_lon": -121.45074954263322, "centroid_lat": 38.531165877282909, "B03002_001E": 4362, "B03002_001M": 560, "B03002_012E": 1727, "B03002_012M": 526, "B19013_001E": 61443, "B19013_001M": 3229, "B01003_001E": 4362, "state": "06", "county": "067", "tract": "004401", "latino_share": 0.39591930307198531, "camera_count": 0, "arterial_road_m": 3169.0906297829679, "land_area_km2": 1.386523, "pop_density_per_km2": 3145.9990205716026, "arterial_km_per_km2": 2.2856387018339888, "log_income": 11.0258651947545, "city": "Sacramento", "crime_count_raw": 0.0, "crime_rate_annual_per_km2_1000": 0.0 }, "geometry": { "type": "Polygon", "coordinates": [ [ [ -121.456326, 38.532144 ], [ -121.455443, 38.532192 ], [ -121.455454, 38.533697 ], [ -121.455464, 38.535171 ], [ -121.45549, 38.539444 ], [ -121.449713, 38.539418 ], [ -121.447398, 38.535171 ], [ -121.445939, 38.532197 ], [ -121.445786, 38.531874 ], [ -121.445559, 38.531392 ], [ -121.44259, 38.524974 ], [ -121.444403, 38.524958 ], [ -121.449409, 38.524923 ], [ -121.450325, 38.524922 ], [ -121.452774, 38.524919 ], [ -121.455374, 38.524916 ], [ -121.456262, 38.524915 ], [ -121.456319, 38.531377 ], [ -121.456326, 38.532144 ] ] ] } },
{ "type": "Feature", "properties": { "STATEFP": "06", "COUNTYFP": "067", "TRACTCE": "003400", "GEOIDFQ": "1400000US06067003400", "GEOID": "06067003400", "NAME": "34", "NAMELSAD": "Census Tract 34", "STUSPS": "CA", "NAMELSADCO": "Sacramento County", "STATE_NAME": "California", "LSAD": "CT", "ALAND": 2256396, "AWATER": 34205, "centroid_lon": -121.5083420031369, "centroid_lat": 38.513569480734752, "B03002_001E": 4285, "B03002_001M": 518, "B03002_012E": 1318, "B03002_012M": 415, "B19013_001E": 94125, "B19013_001M": 44136, "B01003_001E": 4285, "state": "06", "county": "067", "tract": "003400", "latino_share": 0.3075845974329055, "camera_count": 1, "arterial_road_m": 6351.4302791113241, "land_area_km2": 2.256396, "pop_density_per_km2": 1899.046089427565, "arterial_km_per_km2": 2.8148562039248977, "log_income": 11.452378965102195, "city": "Sacramento", "crime_count_raw": 0.0, "crime_rate_annual_per_km2_1000": 0.0 }, "geometry": { "type": "Polygon", "coordinates": [ [ [ -121.516269, 38.516723 ], [ -121.513413, 38.521419 ], [ -121.512474, 38.521249 ], [ -121.505773, 38.521612 ], [ -121.498601, 38.520429 ], [ -121.500932, 38.513314 ], [ -121.505341, 38.504441 ], [ -121.505854, 38.502777 ], [ -121.506339, 38.502775 ], [ -121.508407, 38.503308 ], [ -121.511781, 38.506147 ], [ -121.515557, 38.507768 ], [ -121.516569, 38.50779 ], [ -121.516269, 38.516723 ] ] ] } },
{ "type": "Feature", "properties": { "STATEFP": "06", "COUNTYFP": "067", "TRACTCE": "004910", "GEOIDFQ": "1400000US06067004910", "GEOID": "06067004910", "NAME": "49.10", "NAMELSAD": "Census Tract 49.10", "STUSPS": "CA", "NAMELSADCO": "Sacramento County", "STATE_NAME": "California", "LSAD": "CT", "ALAND": 858043, "AWATER": 0, "centroid_lon": -121.44551868503541, "centroid_lat": 38.477725350926818, "B03002_001E": 4566, "B03002_001M": 1201, "B03002_012E": 1948, "B03002_012M": 442, "B19013_001E": 63292, "B19013_001M": 10100, "B01003_001E": 4566, "state": "06", "county": "067", "tract": "004910", "latino_share": 0.42663162505475249, "camera_count": 0, "arterial_road_m": 3097.9258693997126, "land_area_km2": 0.858043, "pop_density_per_km2": 5321.4116308856319, "arterial_km_per_km2": 3.6104552678592015, "log_income": 11.055514217838875, "city": "Sacramento", "crime_count_raw": 0.0, "crime_rate_annual_per_km2_1000": 0.0 }, "geometry": { "type": "Polygon", "coordinates": [ [ [ -121.451029, 38.482602 ], [ -121.448925, 38.482128 ], [ -121.44725, 38.481152 ], [ -121.44511, 38.479209 ], [ -121.44159, 38.481301 ], [ -121.439504, 38.479101 ], [ -121.437605, 38.475616 ], [ -121.436875, 38.474254 ], [ -121.446594, 38.474276 ], [ -121.450311, 38.474295 ], [ -121.453086, 38.482303 ], [ -121.451029, 38.482602 ] ] ] } },
{ "type": "Feature", "properties": { "STATEFP": "06", "COUNTYFP": "067", "TRACTCE": "007022", "GEOIDFQ": "1400000US06067007022", "GEOID": "06067007022", "NAME": "70.22", "NAMELSAD": "Census Tract 70.22", "STUSPS": "CA", "NAMELSADCO": "Sacramento County", "STATE_NAME": "California", "LSAD": "CT", "ALAND": 506402, "AWATER": 0, "centroid_lon": -121.503320279665, "centroid_lat": 38.62968071134658, "B03002_001E": 3130, "B03002_001M": 594, "B03002_012E": 700, "B03002_012M": 187, "B19013_001E": 56685, "B19013_001M": 18131, "B01003_001E": 3130, "state": "06", "county": "067", "tract": "007022", "latino_share": 0.22364217252396165, "camera_count": 1, "arterial_road_m": 4136.1435925689002, "land_area_km2": 0.506402, "pop_density_per_km2": 6180.8602651648289, "arterial_km_per_km2": 8.1677078537780261, "log_income": 10.945264904451699, "city": "Sacramento", "crime_count_raw": 0.0, "crime_rate_annual_per_km2_1000": 0.0 }, "geometry": { "type": "Polygon", "coordinates": [ [ [ -121.512483, 38.627592 ], [ -121.502793, 38.63269 ], [ -121.500517, 38.633878 ], [ -121.498057, 38.630937 ], [ -121.497899, 38.62742 ], [ -121.501825, 38.627426 ], [ -121.505744, 38.62744 ], [ -121.508451, 38.627449 ], [ -121.511117, 38.627435 ], [ -121.512483, 38.627592 ] ] ] } },
{ "type": "Feature", "properties": { "STATEFP": "06", "COUNTYFP": "067", "TRACTCE": "004301", "GEOIDFQ": "1400000US06067004301", "GEOID": "06067004301", "NAME": "43.01", "NAMELSAD": "Census Tract 43.01", "STUSPS": "CA", "NAMELSADCO": "Sacramento County", "STATE_NAME": "California", "LSAD": "CT", "ALAND": 1111834, "AWATER": 0, "centroid_lon": -121.49187167324725, "centroid_lat": 38.478551727609215, "B03002_001E": 6107, "B03002_001M": 1262, "B03002_012E": 2049, "B03002_012M": 393, "B19013_001E": 78255, "B19013_001M": 20977, "B01003_001E": 6107, "state": "06", "county": "067", "tract": "004301", "latino_share": 0.33551662027181922, "camera_count": 0, "arterial_road_m": 2328.792339338429, "land_area_km2": 1.111834, "pop_density_per_km2": 5492.7264321832217, "arterial_km_per_km2": 2.0945503909202534, "log_income": 11.267728004124603, "city": "Sacramento", "crime_count_raw": 0.0, "crime_rate_annual_per_km2_1000": 0.0 }, "geometry": { "type": "Polygon", "coordinates": [ [ [ -121.501312, 38.481315 ], [ -121.496695, 38.481371 ], [ -121.494648, 38.481396 ], [ -121.49335, 38.481412 ], [ -121.486859, 38.481422 ], [ -121.480336, 38.481431 ], [ -121.480332, 38.477331 ], [ -121.483948, 38.477307 ], [ -121.486761, 38.477071 ], [ -121.489471, 38.47642 ], [ -121.493641, 38.474562 ], [ -121.495245, 38.474496 ], [ -121.499802, 38.474692 ], [ -121.500628, 38.475536 ], [ -121.501282, 38.477401 ], [ -121.501312, 38.481315 ] ] ] } },
{ "type": "Feature", "properties": { "STATEFP": "06", "COUNTYFP": "067", "TRACTCE": "003203", "GEOIDFQ": "1400000US06067003203", "GEOID": "06067003203", "NAME": "32.03", "NAMELSAD": "Census Tract 32.03", "STUSPS": "CA", "NAMELSADCO": "Sacramento County", "STATE_NAME": "California", "LSAD": "CT", "ALAND": 985423, "AWATER": 0, "centroid_lon": -121.41823685925189, "centroid_lat": 38.513305892045061, "B03002_001E": 3059, "B03002_001M": 382, "B03002_012E": 740, "B03002_012M": 188, "B19013_001E": 62727, "B19013_001M": 11757, "B01003_001E": 3059, "state": "06", "county": "067", "tract": "003203", "latino_share": 0.2419091206276561, "camera_count": 0, "arterial_road_m": 2830.9702535382376, "land_area_km2": 0.985423, "pop_density_per_km2": 3104.2506618984944, "arterial_km_per_km2": 2.8728477552667613, "log_income": 11.046547255939533, "city": "Sacramento", "crime_count_raw": 0.0, "crime_rate_annual_per_km2_1000": 0.0 }, "geometry": { "type": "Polygon", "coordinates": [ [ [ -121.427459, 38.515993 ], [ -121.419919, 38.516061 ], [ -121.414297, 38.51611 ], [ -121.409108, 38.516156 ], [ -121.409081, 38.510551 ], [ -121.415222, 38.510542 ], [ -121.415863, 38.510542 ], [ -121.422496, 38.51053 ], [ -121.427447, 38.510522 ], [ -121.427454, 38.513894 ], [ -121.427459, 38.515993 ] ] ] } },
{ "type": "Feature", "properties": { "STATEFP": "06", "COUNTYFP": "067", "TRACTCE": "000502", "GEOIDFQ": "1400000US06067000502", "GEOID": "06067000502", "NAME": "5.02", "NAMELSAD": "Census Tract 5.02", "STUSPS": "CA", "NAMELSADCO": "Sacramento County", "STATE_NAME": "California", "LSAD": "CT", "ALAND": 470640, "AWATER": 0, "centroid_lon": -121.47951721552992, "centroid_lat": 38.582686471062608, "B03002_001E": 1706, "B03002_001M": 256, "B03002_012E": 359, "B03002_012M": 163, "B19013_001E": 94505, "B19013_001M": 13795, "B01003_001E": 1706, "state": "06", "county": "067", "tract": "000502", "latino_share": 0.2104337631887456, "camera_count": 0, "arterial_road_m": 861.7816426265781, "land_area_km2": 0.47064, "pop_density_per_km2": 3624.8512663607003, "arterial_km_per_km2": 1.8310845712786377, "log_income": 11.456408022135056, "city": "Sacramento", "crime_count_raw": 0.0, "crime_rate_annual_per_km2_1000": 0.0 }, "geometry": { "type": "Polygon", "coordinates": [ [ [ -121.482843, 38.583578 ], [ -121.48142, 38.586855 ], [ -121.474761, 38.585069 ], [ -121.476192, 38.581802 ], [ -121.476428, 38.581258 ], [ -121.477613, 38.57852 ], [ -121.481612, 38.579587 ], [ -121.484264, 38.580295 ], [ -121.482843, 38.583578 ] ] ] } },
{ "type": "Feature", "properties": { "STATEFP": "06", "COUNTYFP": "067", "TRACTCE": "002500", "GEOIDFQ": "1400000US06067002500", "GEOID": "06067002500", "NAME": "25", "NAMELSAD": "Census Tract 25", "STUSPS": "CA", "NAMELSADCO": "Sacramento County", "STATE_NAME": "California", "LSAD": "CT", "ALAND": 984315, "AWATER": 0, "centroid_lon": -121.48122643251637, "centroid_lat": 38.545543334296703, "B03002_001E": 2116, "B03002_001M": 225, "B03002_012E": 228, "B03002_012M": 94, "B19013_001E": 165417, "B19013_001M": 37413, "B01003_001E": 2116, "state": "06", "county": "067", "tract": "002500", "latino_share": 0.10775047258979206, "camera_count": 0, "arterial_road_m": 4240.1254059406438, "land_area_km2": 0.984315, "pop_density_per_km2": 2149.7183320380163, "arterial_km_per_km2": 4.3076915478689681, "log_income": 12.016224837426748, "city": "Sacramento", "crime_count_raw": 0.0, "crime_rate_annual_per_km2_1000": 0.0 }, "geometry": { "type": "Polygon", "coordinates": [ [ [ -121.488236, 38.55264 ], [ -121.487856, 38.551746 ], [ -121.483623, 38.549966 ], [ -121.481608, 38.549895 ], [ -121.479826, 38.549911 ], [ -121.475812, 38.549935 ], [ -121.475758, 38.541064 ], [ -121.478938, 38.54054 ], [ -121.484323, 38.539613 ], [ -121.488267, 38.552542 ], [ -121.488236, 38.55264 ] ] ] } },
{ "type": "Feature", "properties": { "STATEFP": "06", "COUNTYFP": "067", "TRACTCE": "000700", "GEOIDFQ": "1400000US06067000700", "GEOID": "06067000700", "NAME": "7", "NAMELSAD": "Census Tract 7", "STUSPS": "CA", "NAMELSADCO": "Sacramento County", "STATE_NAME": "California", "LSAD": "CT", "ALAND": 471398, "AWATER": 42394, "centroid_lon": -121.50276983585846, "centroid_lat": 38.581800574557334, "B03002_001E": 2739, "B03002_001M": 161, "B03002_012E": 494, "B03002_012M": 162, "B19013_001E": 14978, "B19013_001M": 3660, "B01003_001E": 2739, "state": "06", "county": "067", "tract": "000700", "latino_share": 0.18035779481562614, "camera_count": 3, "arterial_road_m": 5993.1282078248714, "land_area_km2": 0.471398, "pop_density_per_km2": 5810.3767941314982, "arterial_km_per_km2": 12.7135206509677, "log_income": 9.614337736809313, "city": "Sacramento", "crime_count_raw": 0.0, "crime_rate_annual_per_km2_1000": 0.0 }, "geometry": { "type": "Polygon", "coordinates": [ [ [ -121.506275, 38.586288 ], [ -121.501314, 38.58362 ], [ -121.498304, 38.582818 ], [ -121.49651, 38.58356 ], [ -121.497452, 38.581378 ], [ -121.498892, 38.578047 ], [ -121.501537, 38.578749 ], [ -121.508266, 38.580505 ], [ -121.506275, 38.586288 ] ] ] } },
{ "type": "Feature", "properties": { "STATEFP": "06", "COUNTYFP": "067", "TRACTCE": "007011", "GEOIDFQ": "1400000US06067007011", "GEOID": "06067007011", "NAME": "70.11", "NAMELSAD": "Census Tract 70.11", "STUSPS": "CA", "NAMELSADCO": "Sacramento County", "STATE_NAME": "California", "LSAD": "CT", "ALAND": 2007112, "AWATER": 22441, "centroid_lon": -121.5084667638648, "centroid_lat": 38.617465059271069, "B03002_001E": 6750, "B03002_001M": 942, "B03002_012E": 2585, "B03002_012M": 619, "B19013_001E": 84020, "B19013_001M": 10438, "B01003_001E": 6750, "state": "06", "county": "067", "tract": "007011", "latino_share": 0.38296296296296295, "camera_count": 0, "arterial_road_m": 16678.011891162056, "land_area_km2": 2.007112, "pop_density_per_km2": 3363.0410261111492, "arterial_km_per_km2": 8.3094575146589005, "log_income": 11.338810144723373, "city": "Sacramento", "crime_count_raw": 0.0, "crime_rate_annual_per_km2_1000": 0.0 }, "geometry": { "type": "Polygon", "coordinates": [ [ [ -121.518508, 38.627774 ], [ -121.514839, 38.627773 ], [ -121.513633, 38.627728 ], [ -121.512483, 38.627592 ], [ -121.511117, 38.627435 ], [ -121.508451, 38.627449 ], [ -121.505744, 38.62744 ], [ -121.505722, 38.621306 ], [ -121.505434, 38.617175 ], [ -121.50363, 38.613761 ], [ -121.503986, 38.612789 ], [ -121.497854, 38.61274 ], [ -121.49788, 38.608065 ], [ -121.501205, 38.607731 ], [ -121.502248, 38.60751 ], [ -121.506254, 38.606919 ], [ -121.508085, 38.606233 ], [ -121.51256, 38.614858 ], [ -121.513048, 38.615857 ], [ -121.517356, 38.625027 ], [ -121.518508, 38.627774 ] ] ] } },
{ "type": "Feature", "properties": { "STATEFP": "06", "COUNTYFP": "067", "TRACTCE": "007105", "GEOIDFQ": "1400000US06067007105", "GEOID": "06067007105", "NAME": "71.05", "NAMELSAD": "Census Tract 71.05", "STUSPS": "CA", "NAMELSADCO": "Sacramento County", "STATE_NAME": "California", "LSAD": "CT", "ALAND": 1902986, "AWATER": 28911, "centroid_lon": -121.50042208152442, "centroid_lat": 38.678011103561467, "B03002_001E": 6993, "B03002_001M": 868, "B03002_012E": 1368, "B03002_012M": 377, "B19013_001E": 103423, "B19013_001M": 8681, "B01003_001E": 6993, "state": "06", "county": "067", "tract": "007105", "latino_share": 0.19562419562419561, "camera_count": 0, "arterial_road_m": 5931.9031364714638, "land_area_km2": 1.902986, "pop_density_per_km2": 3674.7511542386542, "arterial_km_per_km2": 3.1171554265094246, "log_income": 11.546582653458325, "city": "Sacramento", "crime_count_raw": 0.0, "crime_rate_annual_per_km2_1000": 0.0 }, "geometry": { "type": "Polygon", "coordinates": [ [ [ -121.507423, 38.685217 ], [ -121.493603, 38.685217 ], [ -121.493401, 38.670807 ], [ -121.495643, 38.670808 ], [ -121.504235, 38.670816 ], [ -121.507271, 38.670816 ], [ -121.507285, 38.673418 ], [ -121.507334, 38.676901 ], [ -121.507389, 38.68193 ], [ -121.507423, 38.685217 ] ] ] } },
{ "type": "Feature", "properties": { "STATEFP": "06", "COUNTYFP": "067", "TRACTCE": "006801", "GEOIDFQ": "1400000US06067006801", "GEOID": "06067006801", "NAME": "68.01", "NAMELSAD": "Census Tract 68.01", "STUSPS": "CA", "NAMELSADCO": "Sacramento County", "STATE_NAME": "California", "LSAD": "CT", "ALAND": 737062, "AWATER": 0, "centroid_lon": -121.45224765948433, "centroid_lat": 38.621003552939101, "B03002_001E": 1622, "B03002_001M": 376, "B03002_012E": 971, "B03002_012M": 403, "B19013_001E": 46346, "B19013_001M": 21267, "B01003_001E": 1622, "state": "06", "county": "067", "tract": "006801", "latino_share": 0.59864364981504314, "camera_count": 0, "arterial_road_m": 179.48902142776834, "land_area_km2": 0.737062, "pop_density_per_km2": 2200.6289837218578, "arterial_km_per_km2": 0.24351957016881667, "log_income": 10.743890267377827, "city": "Sacramento", "crime_count_raw": 0.0, "crime_rate_annual_per_km2_1000": 0.0 }, "geometry": { "type": "Polygon", "coordinates": [ [ [ -121.456943, 38.623939 ], [ -121.453167, 38.625386 ], [ -121.447529, 38.625344 ], [ -121.447664, 38.619486 ], [ -121.449067, 38.616597 ], [ -121.456945, 38.616845 ], [ -121.456943, 38.623939 ] ] ] } },
{ "type": "Feature", "properties": { "STATEFP": "06", "COUNTYFP": "067", "TRACTCE": "006502", "GEOIDFQ": "1400000US06067006502", "GEOID": "06067006502", "NAME": "65.02", "NAMELSAD": "Census Tract 65.02", "STUSPS": "CA", "NAMELSADCO": "Sacramento County", "STATE_NAME": "California", "LSAD": "CT", "ALAND": 2182848, "AWATER": 0, "centroid_lon": -121.43869667068037, "centroid_lat": 38.648846132266463, "B03002_001E": 2501, "B03002_001M": 681, "B03002_012E": 590, "B03002_012M": 236, "B19013_001E": 113654, "B19013_001M": 20631, "B01003_001E": 2501, "state": "06", "county": "067", "tract": "006502", "latino_share": 0.23590563774490203, "camera_count": 0, "arterial_road_m": 6214.2518660703472, "land_area_km2": 2.182848, "pop_density_per_km2": 1145.7508722549624, "arterial_km_per_km2": 2.8468550563623061, "log_income": 11.640914024437839, "city": "Sacramento", "crime_count_raw": 0.0, "crime_rate_annual_per_km2_1000": 0.0 }, "geometry": { "type": "Polygon", "coordinates": [ [ [ -121.44747, 38.647572 ], [ -121.447452, 38.654899 ], [ -121.442841, 38.656442 ], [ -121.440926, 38.654735 ], [ -121.438415, 38.654708 ], [ -121.429138, 38.654607 ], [ -121.429156, 38.642927 ], [ -121.433757, 38.643398 ], [ -121.438408, 38.642916 ], [ -121.447488, 38.641459 ], [ -121.44747, 38.647572 ] ] ] } },
{ "type": "Feature", "properties": { "STATEFP": "06", "COUNTYFP": "067", "TRACTCE": "004801", "GEOIDFQ": "1400000US06067004801", "GEOID": "06067004801", "NAME": "48.01", "NAMELSAD": "Census Tract 48.01", "STUSPS": "CA", "NAMELSADCO": "Sacramento County", "STATE_NAME": "California", "LSAD": "CT", "ALAND": 1872201, "AWATER": 0, "centroid_lon": -121.42218362461584, "centroid_lat": 38.506731348326767, "B03002_001E": 6039, "B03002_001M": 499, "B03002_012E": 1654, "B03002_012M": 474, "B19013_001E": 60598, "B19013_001M": 13194, "B01003_001E": 6039, "state": "06", "county": "067", "tract": "004801", "latino_share": 0.27388640503394601, "camera_count": 0, "arterial_road_m": 5220.6235374887374, "land_area_km2": 1.872201, "pop_density_per_km2": 3225.6151983681239, "arterial_km_per_km2": 2.7884952189902354, "log_income": 11.012017168212456, "city": "Sacramento", "crime_count_raw": 0.0, "crime_rate_annual_per_km2_1000": 0.0 }, "geometry": { "type": "Polygon", "coordinates": [ [ [ -121.435862, 38.510507 ], [ -121.427447, 38.510522 ], [ -121.422496, 38.51053 ], [ -121.415863, 38.510542 ], [ -121.415222, 38.510542 ], [ -121.409081, 38.510551 ], [ -121.409042, 38.503683 ], [ -121.412333, 38.50377 ], [ -121.416679, 38.503744 ], [ -121.416684, 38.503291 ], [ -121.416685, 38.503241 ], [ -121.419158, 38.502834 ], [ -121.423326, 38.502314 ], [ -121.423844, 38.503321 ], [ -121.426744, 38.502232 ], [ -121.428198, 38.502465 ], [ -121.42921, 38.501566 ], [ -121.431221, 38.500614 ], [ -121.432453, 38.503237 ], [ -121.433196, 38.504782 ], [ -121.434576, 38.507712 ], [ -121.435862, 38.510507 ] ] ] } },
{ "type": "Feature", "properties": { "STATEFP": "06", "COUNTYFP": "067", "TRACTCE": "006202", "GEOIDFQ": "1400000US06067006202", "GEOID": "06067006202", "NAME": "62.02", "NAMELSAD": "Census Tract 62.02", "STUSPS": "CA", "NAMELSADCO": "Sacramento County", "STATE_NAME": "California", "LSAD": "CT", "ALAND": 1627293, "AWATER": 0, "centroid_lon": -121.42228153638952, "centroid_lat": 38.616370947068589, "B03002_001E": 4137, "B03002_001M": 1097, "B03002_012E": 1273, "B03002_012M": 998, "B19013_001E": 43542, "B19013_001M": 3618, "B01003_001E": 4137, "state": "06", "county": "067", "tract": "006202", "latino_share": 0.30771090161953107, "camera_count": 5, "arterial_road_m": 13683.352476684746, "land_area_km2": 1.627293, "pop_density_per_km2": 2542.2588310771321, "arterial_km_per_km2": 8.408659335893871, "log_income": 10.681481268506191, "city": "Sacramento", "crime_count_raw": 0.0, "crime_rate_annual_per_km2_1000": 0.0 }, "geometry": { "type": "Polygon", "coordinates": [ [ [ -121.435403, 38.610821 ], [ -121.42271, 38.622536 ], [ -121.419808, 38.62523 ], [ -121.41991, 38.623023 ], [ -121.416419, 38.624506 ], [ -121.415281, 38.624541 ], [ -121.415282, 38.618168 ], [ -121.41528, 38.615287 ], [ -121.415269, 38.610801 ], [ -121.419467, 38.610843 ], [ -121.41993, 38.610926 ], [ -121.420775, 38.611079 ], [ -121.426878, 38.611193 ], [ -121.432337, 38.611115 ], [ -121.435403, 38.610821 ] ] ] } },
{ "type": "Feature", "properties": { "STATEFP": "06", "COUNTYFP": "067", "TRACTCE": "005502", "GEOIDFQ": "1400000US06067005502", "GEOID": "06067005502", "NAME": "55.02", "NAMELSAD": "Census Tract 55.02", "STUSPS": "CA", "NAMELSADCO": "Sacramento County", "STATE_NAME": "California", "LSAD": "CT", "ALAND": 2868054, "AWATER": 0, "centroid_lon": -121.42697447875648, "centroid_lat": 38.604642814270626, "B03002_001E": 6104, "B03002_001M": 732, "B03002_012E": 2381, "B03002_012M": 700, "B19013_001E": 57045, "B19013_001M": 17557, "B01003_001E": 6104, "state": "06", "county": "067", "tract": "005502", "latino_share": 0.39007208387942333, "camera_count": 16, "arterial_road_m": 19529.990394255234, "land_area_km2": 2.868054, "pop_density_per_km2": 2128.2723407578796, "arterial_km_per_km2": 6.8094918694889408, "log_income": 10.951595709030469, "city": "Sacramento", "crime_count_raw": 0.0, "crime_rate_annual_per_km2_1000": 0.0 }, "geometry": { "type": "Polygon", "coordinates": [ [ [ -121.446882, 38.600211 ], [ -121.440636, 38.605988 ], [ -121.435403, 38.610821 ], [ -121.432337, 38.611115 ], [ -121.426878, 38.611193 ], [ -121.420775, 38.611079 ], [ -121.41993, 38.610926 ], [ -121.419467, 38.610843 ], [ -121.415269, 38.610801 ], [ -121.415262, 38.60357 ], [ -121.415298, 38.596119 ], [ -121.419084, 38.596142 ], [ -121.419953, 38.596077 ], [ -121.419986, 38.596079 ], [ -121.430626, 38.601347 ], [ -121.435047, 38.603622 ], [ -121.43864, 38.60076 ], [ -121.441276, 38.600252 ], [ -121.446882, 38.600211 ] ] ] } },
{ "type": "Feature", "properties": { "STATEFP": "06", "COUNTYFP": "067", "TRACTCE": "002200", "GEOIDFQ": "1400000US06067002200", "GEOID": "06067002200", "NAME": "22", "NAMELSAD": "Census Tract 22", "STUSPS": "CA", "NAMELSADCO": "Sacramento County", "STATE_NAME": "California", "LSAD": "CT", "ALAND": 2396409, "AWATER": 333996, "centroid_lon": -121.50998947076209, "centroid_lat": 38.557945435653281, "B03002_001E": 5257, "B03002_001M": 789, "B03002_012E": 1599, "B03002_012M": 540, "B19013_001E": 124194, "B19013_001M": 35470, "B01003_001E": 5257, "state": "06", "county": "067", "tract": "002200", "latino_share": 0.30416587407266504, "camera_count": 3, "arterial_road_m": 15657.29472022753, "land_area_km2": 2.396409, "pop_density_per_km2": 2193.6989887786267, "arterial_km_per_km2": 6.5336487720700145, "log_income": 11.729600138135845, "city": "Sacramento", "crime_count_raw": 0.0, "crime_rate_annual_per_km2_1000": 0.0 }, "geometry": { "type": "Polygon", "coordinates": [ [ [ -121.518966, 38.568705 ], [ -121.517868, 38.568503 ], [ -121.507251, 38.565594 ], [ -121.505909, 38.565232 ], [ -121.498472, 38.563222 ], [ -121.499371, 38.561142 ], [ -121.500329, 38.559533 ], [ -121.502176, 38.556434 ], [ -121.502227, 38.556347 ], [ -121.503588, 38.554032 ], [ -121.507598, 38.547272 ], [ -121.50854, 38.545748 ], [ -121.508598, 38.544753 ], [ -121.509531, 38.540989 ], [ -121.509923, 38.540401 ], [ -121.510905, 38.540784 ], [ -121.512618, 38.541666 ], [ -121.51129, 38.54629 ], [ -121.51513, 38.555168 ], [ -121.516537, 38.557895 ], [ -121.518451, 38.561275 ], [ -121.520965, 38.566205 ], [ -121.518966, 38.568705 ] ] ] } },
{ "type": "Feature", "properties": { "STATEFP": "06", "COUNTYFP": "067", "TRACTCE": "003600", "GEOIDFQ": "1400000US06067003600", "GEOID": "06067003600", "NAME": "36", "NAMELSAD": "Census Tract 36", "STUSPS": "CA", "NAMELSADCO": "Sacramento County", "STATE_NAME": "California", "LSAD": "CT", "ALAND": 1269314, "AWATER": 0, "centroid_lon": -121.47788676776648, "centroid_lat": 38.532753879292933, "B03002_001E": 2690, "B03002_001M": 389, "B03002_012E": 1235, "B03002_012M": 403, "B19013_001E": 77604, "B19013_001M": 29649, "B01003_001E": 2690, "state": "06", "county": "067", "tract": "003600", "latino_share": 0.45910780669144979, "camera_count": 1, "arterial_road_m": 1435.7951533170947, "land_area_km2": 1.269314, "pop_density_per_km2": 2119.2549676439398, "arterial_km_per_km2": 1.1311583684707602, "log_income": 11.259374251234593, "city": "Sacramento", "crime_count_raw": 0.0, "crime_rate_annual_per_km2_1000": 0.0 }, "geometry": { "type": "Polygon", "coordinates": [ [ [ -121.484323, 38.539613 ], [ -121.478938, 38.54054 ], [ -121.475758, 38.541064 ], [ -121.47396, 38.533665 ], [ -121.473437, 38.53159 ], [ -121.471747, 38.52489 ], [ -121.47972, 38.524835 ], [ -121.480952, 38.528677 ], [ -121.481879, 38.531701 ], [ -121.484323, 38.539613 ] ] ] } },
{ "type": "Feature", "properties": { "STATEFP": "06", "COUNTYFP": "067", "TRACTCE": "003800", "GEOIDFQ": "1400000US06067003800", "GEOID": "06067003800", "NAME": "38", "NAMELSAD": "Census Tract 38", "STUSPS": "CA", "NAMELSADCO": "Sacramento County", "STATE_NAME": "California", "LSAD": "CT", "ALAND": 4898252, "AWATER": 0, "centroid_lon": -121.49316762192724, "centroid_lat": 38.5073227495052, "B03002_001E": 5358, "B03002_001M": 663, "B03002_012E": 2031, "B03002_012M": 538, "B19013_001E": 74886, "B19013_001M": 20034, "B01003_001E": 5358, "state": "06", "county": "067", "tract": "003800", "latino_share": 0.37905935050391937, "camera_count": 1, "arterial_road_m": 7057.6561642291499, "land_area_km2": 4.898252, "pop_density_per_km2": 1093.8596054265888, "arterial_km_per_km2": 1.4408519945950411, "log_income": 11.223722236146509, "city": "Sacramento", "crime_count_raw": 0.0, "crime_rate_annual_per_km2_1000": 0.0 }, "geometry": { "type": "Polygon", "coordinates": [ [ [ -121.505964, 38.499403 ], [ -121.505854, 38.502777 ], [ -121.505341, 38.504441 ], [ -121.500932, 38.513314 ], [ -121.498601, 38.520429 ], [ -121.49842, 38.520982 ], [ -121.498017, 38.520716 ], [ -121.487431, 38.52097 ], [ -121.483144, 38.521114 ], [ -121.483036, 38.510222 ], [ -121.48291, 38.506599 ], [ -121.482777, 38.501239 ], [ -121.482759, 38.499405 ], [ -121.482736, 38.49576 ], [ -121.491264, 38.495727 ], [ -121.503261, 38.495679 ], [ -121.506064, 38.495632 ], [ -121.505964, 38.499403 ] ] ] } },
{ "type": "Feature", "properties": { "STATEFP": "06", "COUNTYFP": "067", "TRACTCE": "007012", "GEOIDFQ": "1400000US06067007012", "GEOID": "06067007012", "NAME": "70.12", "NAMELSAD": "Census Tract 70.12", "STUSPS": "CA", "NAMELSADCO": "Sacramento County", "STATE_NAME": "California", "LSAD": "CT", "ALAND": 1060389, "AWATER": 0, "centroid_lon": -121.50161096401791, "centroid_lat": 38.620409197278448, "B03002_001E": 3555, "B03002_001M": 545, "B03002_012E": 2112, "B03002_012M": 545, "B19013_001E": 94873, "B19013_001M": 11058, "B01003_001E": 3555, "state": "06", "county": "067", "tract": "007012", "latino_share": 0.59409282700421939, "camera_count": 0, "arterial_road_m": 2356.1901823562375, "land_area_km2": 1.060389, "pop_density_per_km2": 3352.543264783018, "arterial_km_per_km2": 2.222005492659993, "log_income": 11.46029443410683, "city": "Sacramento", "crime_count_raw": 0.0, "crime_rate_annual_per_km2_1000": 0.0 }, "geometry": { "type": "Polygon", "coordinates": [ [ [ -121.505744, 38.62744 ], [ -121.501825, 38.627426 ], [ -121.497899, 38.62742 ], [ -121.497892, 38.621255 ], [ -121.497854, 38.61274 ], [ -121.503986, 38.612789 ], [ -121.50363, 38.613761 ], [ -121.505434, 38.617175 ], [ -121.505722, 38.621306 ], [ -121.505744, 38.62744 ] ] ] } },
{ "type": "Feature", "properties": { "STATEFP": "06", "COUNTYFP": "067", "TRACTCE": "000300", "GEOIDFQ": "1400000US06067000300", "GEOID": "06067000300", "NAME": "3", "NAMELSAD": "Census Tract 3", "STUSPS": "CA", "NAMELSADCO": "Sacramento County", "STATE_NAME": "California", "LSAD": "CT", "ALAND": 1428326, "AWATER": 2502, "centroid_lon": -121.4543526790948, "centroid_lat": 38.57771620242486, "B03002_001E": 3568, "B03002_001M": 383, "B03002_012E": 502, "B03002_012M": 173, "B19013_001E": 137903, "B19013_001M": 19791, "B01003_001E": 3568, "state": "06", "county": "067", "tract": "000300", "latino_share": 0.14069506726457398, "camera_count": 0, "arterial_road_m": 4553.2160202796567, "land_area_km2": 1.428326, "pop_density_per_km2": 2498.0291614099301, "arterial_km_per_km2": 3.1877988780430075, "log_income": 11.83430581843961, "city": "Sacramento", "crime_count_raw": 0.0, "crime_rate_annual_per_km2_1000": 0.0 }, "geometry": { "type": "Polygon", "coordinates": [ [ [ -121.462834, 38.578234 ], [ -121.461426, 38.581471 ], [ -121.461514, 38.581923 ], [ -121.458362, 38.581304 ], [ -121.455111, 38.581831 ], [ -121.44925, 38.583669 ], [ -121.444836, 38.581846 ], [ -121.447136, 38.57869 ], [ -121.446743, 38.57842 ], [ -121.44787, 38.576162 ], [ -121.450475, 38.571276 ], [ -121.454014, 38.572235 ], [ -121.455335, 38.572593 ], [ -121.464247, 38.574981 ], [ -121.462834, 38.578234 ] ] ] } },
{ "type": "Feature", "properties": { "STATEFP": "06", "COUNTYFP": "067", "TRACTCE": "004006", "GEOIDFQ": "1400000US06067004006", "GEOID": "06067004006", "NAME": "40.06", "NAMELSAD": "Census Tract 40.06", "STUSPS": "CA", "NAMELSADCO": "Sacramento County", "STATE_NAME": "California", "LSAD": "CT", "ALAND": 1843197, "AWATER": 69458, "centroid_lon": -121.52407686732279, "centroid_lat": 38.507437378173165, "B03002_001E": 5350, "B03002_001M": 1050, "B03002_012E": 1174, "B03002_012M": 476, "B19013_001E": 85283, "B19013_001M": 25410, "B01003_001E": 5350, "state": "06", "county": "067", "tract": "004006", "latino_share": 0.21943925233644859, "camera_count": 3, "arterial_road_m": 9542.0385748740191, "land_area_km2": 1.843197, "pop_density_per_km2": 2902.5654881165715, "arterial_km_per_km2": 5.1768956735899732, "log_income": 11.35373041701733, "city": "Sacramento", "crime_count_raw": 0.0, "crime_rate_annual_per_km2_1000": 0.0 }, "geometry": { "type": "Polygon", "coordinates": [ [ [ -121.531396, 38.51727 ], [ -121.5255, 38.518777 ], [ -121.524199, 38.52151 ], [ -121.525177, 38.522682 ], [ -121.521849, 38.523163 ], [ -121.522148, 38.51617 ], [ -121.522311, 38.510844 ], [ -121.521998, 38.509266 ], [ -121.518264, 38.502795 ], [ -121.517767, 38.501317 ], [ -121.517292, 38.497641 ], [ -121.516668, 38.495476 ], [ -121.521602, 38.49558 ], [ -121.52355, 38.495906 ], [ -121.528691, 38.496955 ], [ -121.527225, 38.501074 ], [ -121.525988, 38.503413 ], [ -121.52624, 38.505034 ], [ -121.52724, 38.506756 ], [ -121.527527, 38.506687 ], [ -121.530364, 38.513908 ], [ -121.530532, 38.513878 ], [ -121.531237, 38.515831 ], [ -121.531396, 38.51727 ] ] ] } },
{ "type": "Feature", "properties": { "STATEFP": "06", "COUNTYFP": "067", "TRACTCE": "004203", "GEOIDFQ": "1400000US06067004203", "GEOID": "06067004203", "NAME": "42.03", "NAMELSAD": "Census Tract 42.03", "STUSPS": "CA", "NAMELSADCO": "Sacramento County", "STATE_NAME": "California", "LSAD": "CT", "ALAND": 1637033, "AWATER": 0, "centroid_lon": -121.47442028120082, "centroid_lat": 38.488226972495561, "B03002_001E": 6368, "B03002_001M": 802, "B03002_012E": 2438, "B03002_012M": 667, "B19013_001E": 73539, "B19013_001M": 16568, "B01003_001E": 6368, "state": "06", "county": "067", "tract": "004203", "latino_share": 0.38285175879396988, "camera_count": 1, "arterial_road_m": 4871.7622001079262, "land_area_km2": 1.637033, "pop_density_per_km2": 3889.9643440297173, "arterial_km_per_km2": 2.9759706738397615, "log_income": 11.205571156720927, "city": "Sacramento", "crime_count_raw": 0.0, "crime_rate_annual_per_km2_1000": 0.0 }, "geometry": { "type": "Polygon", "coordinates": [ [ [ -121.48035, 38.49577 ], [ -121.470798, 38.495868 ], [ -121.469127, 38.490507 ], [ -121.466354, 38.481526 ], [ -121.480336, 38.481431 ], [ -121.480341, 38.486942 ], [ -121.480345, 38.490448 ], [ -121.480722, 38.492209 ], [ -121.48035, 38.49577 ] ] ] } },
{ "type": "Feature", "properties": { "STATEFP": "06", "COUNTYFP": "067", "TRACTCE": "005403", "GEOIDFQ": "1400000US06067005403", "GEOID": "06067005403", "NAME": "54.03", "NAMELSAD": "Census Tract 54.03", "STUSPS": "CA", "NAMELSADCO": "Sacramento County", "STATE_NAME": "California", "LSAD": "CT", "ALAND": 1301107, "AWATER": 89871, "centroid_lon": -121.4152247154186, "centroid_lat": 38.566130510152703, "B03002_001E": 2147, "B03002_001M": 299, "B03002_012E": 294, "B03002_012M": 186, "B19013_001E": 95764, "B19013_001M": 32236, "B01003_001E": 2147, "state": "06", "county": "067", "tract": "005403", "latino_share": 0.13693525850023289, "camera_count": 0, "arterial_road_m": 6416.2069229837698, "land_area_km2": 1.301107, "pop_density_per_km2": 1650.1333095587065, "arterial_km_per_km2": 4.931344557352908, "log_income": 11.46964211045387, "city": "Sacramento", "crime_count_raw": 0.0, "crime_rate_annual_per_km2_1000": 0.0 }, "geometry": { "type": "Polygon", "coordinates": [ [ [ -121.423085, 38.56883 ], [ -121.422592, 38.568914 ], [ -121.42012, 38.569614 ], [ -121.41874, 38.57096 ], [ -121.416662, 38.573392 ], [ -121.415295, 38.574112 ], [ -121.414673, 38.572955 ], [ -121.410658, 38.571044 ], [ -121.409082, 38.569542 ], [ -121.408953, 38.569071 ], [ -121.409035, 38.565364 ], [ -121.40921, 38.562301 ], [ -121.40926, 38.560718 ], [ -121.409268, 38.560278 ], [ -121.415231, 38.559629 ], [ -121.416911, 38.559797 ], [ -121.419131, 38.560912 ], [ -121.420346, 38.562225 ], [ -121.42269, 38.566577 ], [ -121.423085, 38.56883 ] ] ] } },
{ "type": "Feature", "properties": { "STATEFP": "06", "COUNTYFP": "067", "TRACTCE": "007013", "GEOIDFQ": "1400000US06067007013", "GEOID": "06067007013", "NAME": "70.13", "NAMELSAD": "Census Tract 70.13", "STUSPS": "CA", "NAMELSADCO": "Sacramento County", "STATE_NAME": "California", "LSAD": "CT", "ALAND": 672743, "AWATER": 0, "centroid_lon": -121.49128943949239, "centroid_lat": 38.624892168261667, "B03002_001E": 2959, "B03002_001M": 387, "B03002_012E": 1020, "B03002_012M": 315, "B19013_001E": 94337, "B19013_001M": 6673, "B01003_001E": 2959, "state": "06", "county": "067", "tract": "007013", "latino_share": 0.34471105103075361, "camera_count": 0, "arterial_road_m": 1247.7066087947769, "land_area_km2": 0.672743, "pop_density_per_km2": 4398.4106858042378, "arterial_km_per_km2": 1.854655654231671, "log_income": 11.454628756459826, "city": "Sacramento", "crime_count_raw": 0.0, "crime_rate_annual_per_km2_1000": 0.0 }, "geometry": { "type": "Polygon", "coordinates": [ [ [ -121.497899, 38.62742 ], [ -121.493242, 38.627445 ], [ -121.492895, 38.627447 ], [ -121.48847, 38.627488 ], [ -121.484272, 38.627519 ], [ -121.484191, 38.622421 ], [ -121.487326, 38.622501 ], [ -121.487986, 38.622717 ], [ -121.488412, 38.622764 ], [ -121.489875, 38.622886 ], [ -121.491342, 38.622681 ], [ -121.493202, 38.622711 ], [ -121.495434, 38.621851 ], [ -121.4963, 38.621411 ], [ -121.497892, 38.621255 ], [ -121.497899, 38.62742 ] ] ] } },
{ "type": "Feature", "properties": { "STATEFP": "06", "COUNTYFP": "067", "TRACTCE": "007007", "GEOIDFQ": "1400000US06067007007", "GEOID": "06067007007", "NAME": "70.07", "NAMELSAD": "Census Tract 70.07", "STUSPS": "CA", "NAMELSADCO": "Sacramento County", "STATE_NAME": "California", "LSAD": "CT", "ALAND": 3310011, "AWATER": 448993, "centroid_lon": -121.48497569271072, "centroid_lat": 38.610759966301273, "B03002_001E": 5650, "B03002_001M": 939, "B03002_012E": 3155, "B03002_012M": 743, "B19013_001E": 81756, "B19013_001M": 13118, "B01003_001E": 5650, "state": "06", "county": "067", "tract": "007007", "latino_share": 0.55840707964601766, "camera_count": 2, "arterial_road_m": 7572.2875675639134, "land_area_km2": 3.310011, "pop_density_per_km2": 1706.9429678632489, "arterial_km_per_km2": 2.287692568865757, "log_income": 11.311494480561668, "city": "Sacramento", "crime_count_raw": 0.0, "crime_rate_annual_per_km2_1000": 0.0 }, "geometry": { "type": "Polygon", "coordinates": [ [ [ -121.506254, 38.606919 ], [ -121.502248, 38.60751 ], [ -121.501205, 38.607731 ], [ -121.49788, 38.608065 ], [ -121.491807, 38.608542 ], [ -121.490827, 38.608516 ], [ -121.48127, 38.607288 ], [ -121.483114, 38.612291 ], [ -121.484197, 38.615341 ], [ -121.484191, 38.622421 ], [ -121.484272, 38.627519 ], [ -121.479116, 38.629573 ], [ -121.475527, 38.629652 ], [ -121.475537, 38.617601 ], [ -121.475536, 38.617264 ], [ -121.475561, 38.611243 ], [ -121.47555, 38.604366 ], [ -121.47451, 38.59968 ], [ -121.472905, 38.597893 ], [ -121.475558, 38.596654 ], [ -121.476403, 38.596121 ], [ -121.476653, 38.59636 ], [ -121.478961, 38.598938 ], [ -121.481284, 38.600445 ], [ -121.48553, 38.601977 ], [ -121.488586, 38.602401 ], [ -121.49294, 38.602618 ], [ -121.496637, 38.602501 ], [ -121.500517, 38.601902 ], [ -121.505114, 38.600503 ], [ -121.508085, 38.606233 ], [ -121.506254, 38.606919 ] ] ] } },
{ "type": "Feature", "properties": { "STATEFP": "06", "COUNTYFP": "067", "TRACTCE": "009608", "GEOIDFQ": "1400000US06067009608", "GEOID": "06067009608", "NAME": "96.08", "NAMELSAD": "Census Tract 96.08", "STUSPS": "CA", "NAMELSADCO": "Sacramento County", "STATE_NAME": "California", "LSAD": "CT", "ALAND": 3812123, "AWATER": 0, "centroid_lon": -121.41615757403076, "centroid_lat": 38.447716850934064, "B03002_001E": 10463, "B03002_001M": 1090, "B03002_012E": 1750, "B03002_012M": 514, "B19013_001E": 80748, "B19013_001M": 16398, "B01003_001E": 10463, "state": "06", "county": "067", "tract": "009608", "latino_share": 0.16725604511134473, "camera_count": 4, "arterial_road_m": 17658.650102177435, "land_area_km2": 3.812123, "pop_density_per_km2": 2744.6648494815095, "arterial_km_per_km2": 4.6322351356914337, "log_income": 11.299088472976319, "city": "Sacramento", "crime_count_raw": 0.0, "crime_rate_annual_per_km2_1000": 0.0 }, "geometry": { "type": "Polygon", "coordinates": [ [ [ -121.428525, 38.458623 ], [ -121.418075, 38.458015 ], [ -121.411296, 38.458132 ], [ -121.41065, 38.456781 ], [ -121.408608, 38.452612 ], [ -121.406004, 38.447039 ], [ -121.404981, 38.444781 ], [ -121.404018, 38.442659 ], [ -121.401816, 38.437777 ], [ -121.403482, 38.437894 ], [ -121.404685, 38.438018 ], [ -121.41776, 38.438 ], [ -121.421029, 38.43803 ], [ -121.422777, 38.438677 ], [ -121.424538, 38.440819 ], [ -121.425617, 38.442351 ], [ -121.425795, 38.445202 ], [ -121.425223, 38.448124 ], [ -121.425872, 38.449722 ], [ -121.427137, 38.452378 ], [ -121.42768, 38.454836 ], [ -121.428415, 38.458311 ], [ -121.428525, 38.458623 ] ] ] } },
{ "type": "Feature", "properties": { "STATEFP": "06", "COUNTYFP": "067", "TRACTCE": "005301", "GEOIDFQ": "1400000US06067005301", "GEOID": "06067005301", "NAME": "53.01", "NAMELSAD": "Census Tract 53.01", "STUSPS": "CA", "NAMELSADCO": "Sacramento County", "STATE_NAME": "California", "LSAD": "CT", "ALAND": 5979788, "AWATER": 491761, "centroid_lon": -121.48358684839761, "centroid_lat": 38.591668624421054, "B03002_001E": 2170, "B03002_001M": 158, "B03002_012E": 411, "B03002_012M": 185, "B19013_001E": 91563, "B19013_001M": 77827, "B01003_001E": 2170, "state": "06", "county": "067", "tract": "005301", "latino_share": 0.18940092165898617, "camera_count": 4, "arterial_road_m": 20235.883894125654, "land_area_km2": 5.979788, "pop_density_per_km2": 362.88911914602994, "arterial_km_per_km2": 3.3840470421569546, "log_income": 11.424782538929467, "city": "Sacramento", "crime_count_raw": 0.0, "crime_rate_annual_per_km2_1000": 0.0 }, "geometry": { "type": "Polygon", "coordinates": [ [ [ -121.508668, 38.596803 ], [ -121.506278, 38.59976 ], [ -121.505114, 38.600503 ], [ -121.500517, 38.601902 ], [ -121.496637, 38.602501 ], [ -121.49294, 38.602618 ], [ -121.488586, 38.602401 ], [ -121.48553, 38.601977 ], [ -121.481284, 38.600445 ], [ -121.478961, 38.598938 ], [ -121.476653, 38.59636 ], [ -121.476403, 38.596121 ], [ -121.473469, 38.592956 ], [ -121.470373, 38.590683 ], [ -121.466335, 38.588867 ], [ -121.463762, 38.588618 ], [ -121.462489, 38.58877 ], [ -121.461073, 38.589242 ], [ -121.453671, 38.590708 ], [ -121.45019, 38.590291 ], [ -121.449428, 38.589771 ], [ -121.447198, 38.58773 ], [ -121.448201, 38.586605 ], [ -121.450614, 38.585555 ], [ -121.450136, 38.58439 ], [ -121.44925, 38.583669 ], [ -121.455111, 38.581831 ], [ -121.458362, 38.581304 ], [ -121.461514, 38.581923 ], [ -121.462686, 38.582311 ], [ -121.464982, 38.582976 ], [ -121.468145, 38.583407 ], [ -121.468185, 38.583413 ], [ -121.474761, 38.585069 ], [ -121.48142, 38.586855 ], [ -121.486996, 38.58835 ], [ -121.489148, 38.588625 ], [ -121.49451, 38.587823 ], [ -121.495089, 38.586846 ], [ -121.49651, 38.58356 ], [ -121.498304, 38.582818 ], [ -121.501314, 38.58362 ], [ -121.506275, 38.586288 ], [ -121.506835, 38.589022 ], [ -121.508668, 38.596803 ] ] ] } },
{ "type": "Feature", "properties": { "STATEFP": "06", "COUNTYFP": "067", "TRACTCE": "004501", "GEOIDFQ": "1400000US06067004501", "GEOID": "06067004501", "NAME": "45.01", "NAMELSAD": "Census Tract 45.01", "STUSPS": "CA", "NAMELSADCO": "Sacramento County", "STATE_NAME": "California", "LSAD": "CT", "ALAND": 1802482, "AWATER": 0, "centroid_lon": -121.47117191634725, "centroid_lat": 38.518025653294451, "B03002_001E": 4249, "B03002_001M": 788, "B03002_012E": 2047, "B03002_012M": 648, "B19013_001E": 53313, "B19013_001M": 3296, "B01003_001E": 4249, "state": "06", "county": "067", "tract": "004501", "latino_share": 0.48176041421510946, "camera_count": 2, "arterial_road_m": 7699.7052509833138, "land_area_km2": 1.802482, "pop_density_per_km2": 2357.305093754057, "arterial_km_per_km2": 4.2717237958455696, "log_income": 10.883935482853596, "city": "Sacramento", "crime_count_raw": 0.0, "crime_rate_annual_per_km2_1000": 0.0 }, "geometry": { "type": "Polygon", "coordinates": [ [ [ -121.47972, 38.524835 ], [ -121.471747, 38.52489 ], [ -121.470148, 38.524903 ], [ -121.467786, 38.524925 ], [ -121.465853, 38.524943 ], [ -121.464626, 38.524951 ], [ -121.464645, 38.520818 ], [ -121.465368, 38.519064 ], [ -121.465321, 38.518713 ], [ -121.464696, 38.517525 ], [ -121.464618, 38.515784 ], [ -121.464589, 38.510342 ], [ -121.466944, 38.510352 ], [ -121.475265, 38.510328 ], [ -121.477548, 38.517691 ], [ -121.478672, 38.521312 ], [ -121.47972, 38.524835 ] ] ] } },
{ "type": "Feature", "properties": { "STATEFP": "06", "COUNTYFP": "067", "TRACTCE": "006902", "GEOIDFQ": "1400000US06067006902", "GEOID": "06067006902", "NAME": "69.02", "NAMELSAD": "Census Tract 69.02", "STUSPS": "CA", "NAMELSADCO": "Sacramento County", "STATE_NAME": "California", "LSAD": "CT", "ALAND": 1575257, "AWATER": 0, "centroid_lon": -121.45433023046732, "centroid_lat": 38.608111151852547, "B03002_001E": 3269, "B03002_001M": 1086, "B03002_012E": 1275, "B03002_012M": 523, "B19013_001E": 52861, "B19013_001M": 26514, "B01003_001E": 3269, "state": "06", "county": "067", "tract": "006902", "latino_share": 0.3900275313551545, "camera_count": 1, "arterial_road_m": 9076.9288447499821, "land_area_km2": 1.575257, "pop_density_per_km2": 2075.2169328560358, "arterial_km_per_km2": 5.7621891823048452, "log_income": 10.875421105875668, "city": "Sacramento", "crime_count_raw": 0.0, "crime_rate_annual_per_km2_1000": 0.0 }, "geometry": { "type": "Polygon", "coordinates": [ [ [ -121.470249, 38.600312 ], [ -121.466821, 38.608395 ], [ -121.466355, 38.611163 ], [ -121.461208, 38.6111 ], [ -121.45936, 38.611125 ], [ -121.45818, 38.611142 ], [ -121.457786, 38.611138 ], [ -121.448495, 38.611123 ], [ -121.443877, 38.611121 ], [ -121.438118, 38.611064 ], [ -121.435403, 38.610821 ], [ -121.440636, 38.605988 ], [ -121.442394, 38.606318 ], [ -121.44854, 38.606414 ], [ -121.458659, 38.606361 ], [ -121.467051, 38.602309 ], [ -121.470249, 38.600312 ] ] ] } },
{ "type": "Feature", "properties": { "STATEFP": "06", "COUNTYFP": "067", "TRACTCE": "007023", "GEOIDFQ": "1400000US06067007023", "GEOID": "06067007023", "NAME": "70.23", "NAMELSAD": "Census Tract 70.23", "STUSPS": "CA", "NAMELSADCO": "Sacramento County", "STATE_NAME": "California", "LSAD": "CT", "ALAND": 1269957, "AWATER": 0, "centroid_lon": -121.49080027910404, "centroid_lat": 38.617563029729922, "B03002_001E": 4771, "B03002_001M": 701, "B03002_012E": 2301, "B03002_012M": 663, "B19013_001E": 76662, "B19013_001M": 7633, "B01003_001E": 4771, "state": "06", "county": "067", "tract": "007023", "latino_share": 0.48228882833787468, "camera_count": 0, "arterial_road_m": 1458.1405040105512, "land_area_km2": 1.269957, "pop_density_per_km2": 3756.8201128069691, "arterial_km_per_km2": 1.1481810045620058, "log_income": 11.247161427819378, "city": "Sacramento", "crime_count_raw": 0.0, "crime_rate_annual_per_km2_1000": 0.0 }, "geometry": { "type": "Polygon", "coordinates": [ [ [ -121.497892, 38.621255 ], [ -121.4963, 38.621411 ], [ -121.495434, 38.621851 ], [ -121.493202, 38.622711 ], [ -121.491342, 38.622681 ], [ -121.489875, 38.622886 ], [ -121.488412, 38.622764 ], [ -121.487986, 38.622717 ], [ -121.487326, 38.622501 ], [ -121.484191, 38.622421 ], [ -121.484197, 38.615341 ], [ -121.483114, 38.612291 ], [ -121.486121, 38.612777 ], [ -121.488741, 38.612863 ], [ -121.490911, 38.612929 ], [ -121.493296, 38.612928 ], [ -121.497854, 38.61274 ], [ -121.497892, 38.621255 ] ] ] } },
{ "type": "Feature", "properties": { "STATEFP": "06", "COUNTYFP": "067", "TRACTCE": "004302", "GEOIDFQ": "1400000US06067004302", "GEOID": "06067004302", "NAME": "43.02", "NAMELSAD": "Census Tract 43.02", "STUSPS": "CA", "NAMELSADCO": "Sacramento County", "STATE_NAME": "California", "LSAD": "CT", "ALAND": 2666561, "AWATER": 0, "centroid_lon": -121.48547473977233, "centroid_lat": 38.475160100090712, "B03002_001E": 4809, "B03002_001M": 571, "B03002_012E": 1391, "B03002_012M": 357, "B19013_001E": 95737, "B19013_001M": 19189, "B01003_001E": 4809, "state": "06", "county": "067", "tract": "004302", "latino_share": 0.28924932418382199, "camera_count": 2, "arterial_road_m": 8737.2027594001775, "land_area_km2": 2.666561, "pop_density_per_km2": 1803.4464615660395, "arterial_km_per_km2": 3.2765808692920122, "log_income": 11.469360127590292, "city": "Sacramento", "crime_count_raw": 0.0, "crime_rate_annual_per_km2_1000": 0.0 }, "geometry": { "type": "Polygon", "coordinates": [ [ [ -121.505073, 38.481269 ], [ -121.501312, 38.481315 ], [ -121.501282, 38.477401 ], [ -121.500628, 38.475536 ], [ -121.499802, 38.474692 ], [ -121.495245, 38.474496 ], [ -121.493641, 38.474562 ], [ -121.489471, 38.47642 ], [ -121.486761, 38.477071 ], [ -121.483948, 38.477307 ], [ -121.480332, 38.477331 ], [ -121.480336, 38.481431 ], [ -121.466354, 38.481526 ], [ -121.464188, 38.474487 ], [ -121.467712, 38.474508 ], [ -121.479375, 38.473379 ], [ -121.494188, 38.468872 ], [ -121.497895, 38.468173 ], [ -121.503123, 38.467189 ], [ -121.503221, 38.469744 ], [ -121.50423, 38.475109 ], [ -121.505073, 38.481269 ] ] ] } },
{ "type": "Feature", "properties": { "STATEFP": "06", "COUNTYFP": "067", "TRACTCE": "007024", "GEOIDFQ": "1400000US06067007024", "GEOID": "06067007024", "NAME": "70.24", "NAMELSAD": "Census Tract 70.24", "STUSPS": "CA", "NAMELSADCO": "Sacramento County", "STATE_NAME": "California", "LSAD": "CT", "ALAND": 692371, "AWATER": 0, "centroid_lon": -121.48993046461712, "centroid_lat": 38.610388992514324, "B03002_001E": 1830, "B03002_001M": 287, "B03002_012E": 571, "B03002_012M": 219, "B19013_001E": 79896, "B19013_001M": 30541, "B01003_001E": 1830, "state": "06", "county": "067", "tract": "007024", "latino_share": 0.31202185792349729, "camera_count": 3, "arterial_road_m": 1836.3416068804986, "land_area_km2": 0.692371, "pop_density_per_km2": 2643.091637286946, "arterial_km_per_km2": 2.6522508985507751, "log_income": 11.288481067922971, "city": "Sacramento", "crime_count_raw": 0.0, "crime_rate_annual_per_km2_1000": 0.0 }, "geometry": { "type": "Polygon", "coordinates": [ [ [ -121.497854, 38.61274 ], [ -121.493296, 38.612928 ], [ -121.490911, 38.612929 ], [ -121.488741, 38.612863 ], [ -121.486121, 38.612777 ], [ -121.483114, 38.612291 ], [ -121.48127, 38.607288 ], [ -121.490827, 38.608516 ], [ -121.491807, 38.608542 ], [ -121.49788, 38.608065 ], [ -121.497854, 38.61274 ] ] ] } },
{ "type": "Feature", "properties": { "STATEFP": "06", "COUNTYFP": "067", "TRACTCE": "004019", "GEOIDFQ": "1400000US06067004019", "GEOID": "06067004019", "NAME": "40.19", "NAMELSAD": "Census Tract 40.19", "STUSPS": "CA", "NAMELSADCO": "Sacramento County", "STATE_NAME": "California", "LSAD": "CT", "ALAND": 877256, "AWATER": 0, "centroid_lon": -121.52400229080249, "centroid_lat": 38.486789484959999, "B03002_001E": 3019, "B03002_001M": 403, "B03002_012E": 741, "B03002_012M": 206, "B19013_001E": 105441, "B19013_001M": 40555, "B01003_001E": 3019, "state": "06", "county": "067", "tract": "004019", "latino_share": 0.24544551175886056, "camera_count": 0, "arterial_road_m": 2385.0771942600331, "land_area_km2": 0.877256, "pop_density_per_km2": 3441.4127689066818, "arterial_km_per_km2": 2.7187926833900633, "log_income": 11.565906833758129, "city": "Sacramento", "crime_count_raw": 0.0, "crime_rate_annual_per_km2_1000": 0.0 }, "geometry": { "type": "Polygon", "coordinates": [ [ [ -121.533058, 38.485959 ], [ -121.532176, 38.48695 ], [ -121.53092, 38.487716 ], [ -121.525758, 38.489356 ], [ -121.52282, 38.490551 ], [ -121.521822, 38.49172 ], [ -121.519007, 38.491103 ], [ -121.51779, 38.49018 ], [ -121.517367, 38.489223 ], [ -121.517343, 38.486052 ], [ -121.51766, 38.483768 ], [ -121.518501, 38.483723 ], [ -121.520055, 38.483203 ], [ -121.52155, 38.483341 ], [ -121.522905, 38.483839 ], [ -121.527868, 38.483515 ], [ -121.533623, 38.48465 ], [ -121.533058, 38.485959 ] ] ] } },
{ "type": "Feature", "properties": { "STATEFP": "06", "COUNTYFP": "067", "TRACTCE": "006706", "GEOIDFQ": "1400000US06067006706", "GEOID": "06067006706", "NAME": "67.06", "NAMELSAD": "Census Tract 67.06", "STUSPS": "CA", "NAMELSADCO": "Sacramento County", "STATE_NAME": "California", "LSAD": "CT", "ALAND": 1491706, "AWATER": 0, "centroid_lon": -121.45228414917206, "centroid_lat": 38.633244837101138, "B03002_001E": 3558, "B03002_001M": 787, "B03002_012E": 1979, "B03002_012M": 694, "B19013_001E": 64333, "B19013_001M": 23685, "B01003_001E": 3558, "state": "06", "county": "067", "tract": "006706", "latino_share": 0.55621135469364813, "camera_count": 0, "arterial_road_m": 3677.9022650968582, "land_area_km2": 1.491706, "pop_density_per_km2": 2385.1885022920064, "arterial_km_per_km2": 2.4655677895623254, "log_income": 11.071827997858339, "city": "Sacramento", "crime_count_raw": 0.0, "crime_rate_annual_per_km2_1000": 0.0 }, "geometry": { "type": "Polygon", "coordinates": [ [ [ -121.456942, 38.62593 ], [ -121.456941, 38.628578 ], [ -121.456938, 38.633826 ], [ -121.456939, 38.634688 ], [ -121.45691, 38.640431 ], [ -121.45692, 38.641524 ], [ -121.449837, 38.641325 ], [ -121.447488, 38.641459 ], [ -121.447491, 38.640313 ], [ -121.447497, 38.636695 ], [ -121.447497, 38.632814 ], [ -121.447529, 38.625344 ], [ -121.453167, 38.625386 ], [ -121.456943, 38.623939 ], [ -121.456942, 38.62593 ] ] ] } },
{ "type": "Feature", "properties": { "STATEFP": "06", "COUNTYFP": "067", "TRACTCE": "006705", "GEOIDFQ": "1400000US06067006705", "GEOID": "06067006705", "NAME": "67.05", "NAMELSAD": "Census Tract 67.05", "STUSPS": "CA", "NAMELSADCO": "Sacramento County", "STATE_NAME": "California", "LSAD": "CT", "ALAND": 2413503, "AWATER": 0, "centroid_lon": -121.46365962276329, "centroid_lat": 38.632442367018179, "B03002_001E": 4858, "B03002_001M": 945, "B03002_012E": 1045, "B03002_012M": 454, "B19013_001E": 58055, "B19013_001M": 14406, "B01003_001E": 4858, "state": "06", "county": "067", "tract": "006705", "latino_share": 0.21510909839440098, "camera_count": 1, "arterial_road_m": 4834.6046744824835, "land_area_km2": 2.413503, "pop_density_per_km2": 2012.8419148432797, "arterial_km_per_km2": 2.0031484006783851, "log_income": 10.969146116061106, "city": "Sacramento", "crime_count_raw": 0.0, "crime_rate_annual_per_km2_1000": 0.0 }, "geometry": { "type": "Polygon", "coordinates": [ [ [ -121.471691, 38.641512 ], [ -121.468121, 38.641828 ], [ -121.45692, 38.641524 ], [ -121.45691, 38.640431 ], [ -121.456939, 38.634688 ], [ -121.456938, 38.633826 ], [ -121.456941, 38.628578 ], [ -121.456942, 38.62593 ], [ -121.456943, 38.623939 ], [ -121.459016, 38.62402 ], [ -121.463687, 38.62208 ], [ -121.467588, 38.61974 ], [ -121.469519, 38.629945 ], [ -121.470154, 38.633337 ], [ -121.471523, 38.640632 ], [ -121.471691, 38.641512 ] ] ] } },
{ "type": "Feature", "properties": { "STATEFP": "06", "COUNTYFP": "067", "TRACTCE": "006703", "GEOIDFQ": "1400000US06067006703", "GEOID": "06067006703", "NAME": "67.03", "NAMELSAD": "Census Tract 67.03", "STUSPS": "CA", "NAMELSADCO": "Sacramento County", "STATE_NAME": "California", "LSAD": "CT", "ALAND": 2096048, "AWATER": 0, "centroid_lon": -121.46502309985088, "centroid_lat": 38.648591051238306, "B03002_001E": 5605, "B03002_001M": 913, "B03002_012E": 2356, "B03002_012M": 359, "B19013_001E": 71725, "B19013_001M": 22071, "B01003_001E": 5605, "state": "06", "county": "067", "tract": "006703", "latino_share": 0.42033898305084744, "camera_count": 0, "arterial_road_m": 4331.8147243005342, "land_area_km2": 2.096048, "pop_density_per_km2": 2674.0799829011548, "arterial_km_per_km2": 2.0666581701852884, "log_income": 11.180594640849565, "city": "Sacramento", "crime_count_raw": 0.0, "crime_rate_annual_per_km2_1000": 0.0 }, "geometry": { "type": "Polygon", "coordinates": [ [ [ -121.474322, 38.655347 ], [ -121.467087, 38.655334 ], [ -121.46615, 38.655169 ], [ -121.465178, 38.655024 ], [ -121.456912, 38.654932 ], [ -121.456906, 38.651307 ], [ -121.456899, 38.647674 ], [ -121.456894, 38.644044 ], [ -121.45692, 38.641524 ], [ -121.468121, 38.641828 ], [ -121.471691, 38.641512 ], [ -121.474322, 38.655347 ] ] ] } },
{ "type": "Feature", "properties": { "STATEFP": "06", "COUNTYFP": "067", "TRACTCE": "006901", "GEOIDFQ": "1400000US06067006901", "GEOID": "06067006901", "NAME": "69.01", "NAMELSAD": "Census Tract 69.01", "STUSPS": "CA", "NAMELSADCO": "Sacramento County", "STATE_NAME": "California", "LSAD": "CT", "ALAND": 3492150, "AWATER": 163452, "centroid_lon": -121.45902005819595, "centroid_lat": 38.59787378077867, "B03002_001E": 1775, "B03002_001M": 380, "B03002_012E": 476, "B03002_012M": 252, "B19013_001E": 78527, "B19013_001M": 49183, "B01003_001E": 1775, "state": "06", "county": "067", "tract": "006901", "latino_share": 0.26816901408450705, "camera_count": 0, "arterial_road_m": 14155.828472183668, "land_area_km2": 3.49215, "pop_density_per_km2": 508.28286299271224, "arterial_km_per_km2": 4.0536140979578965, "log_income": 11.271197793678173, "city": "Sacramento", "crime_count_raw": 0.0, "crime_rate_annual_per_km2_1000": 0.0 }, "geometry": { "type": "Polygon", "coordinates": [ [ [ -121.475558, 38.596654 ], [ -121.472905, 38.597893 ], [ -121.470927, 38.598766 ], [ -121.470249, 38.600312 ], [ -121.467051, 38.602309 ], [ -121.458659, 38.606361 ], [ -121.44854, 38.606414 ], [ -121.442394, 38.606318 ], [ -121.440636, 38.605988 ], [ -121.446882, 38.600211 ], [ -121.448161, 38.598732 ], [ -121.449431, 38.596446 ], [ -121.450046, 38.593839 ], [ -121.45019, 38.590291 ], [ -121.453671, 38.590708 ], [ -121.461073, 38.589242 ], [ -121.462489, 38.58877 ], [ -121.463762, 38.588618 ], [ -121.466335, 38.588867 ], [ -121.470373, 38.590683 ], [ -121.473469, 38.592956 ], [ -121.476403, 38.596121 ], [ -121.475558, 38.596654 ] ] ] } },
{ "type": "Feature", "properties": { "STATEFP": "06", "COUNTYFP": "067", "TRACTCE": "009601", "GEOIDFQ": "1400000US06067009601", "GEOID": "06067009601", "NAME": "96.01", "NAMELSAD": "Census Tract 96.01", "STUSPS": "CA", "NAMELSADCO": "Sacramento County", "STATE_NAME": "California", "LSAD": "CT", "ALAND": 6183190, "AWATER": 0, "centroid_lon": -121.47307181385645, "centroid_lat": 38.466241691669218, "B03002_001E": 6871, "B03002_001M": 753, "B03002_012E": 2204, "B03002_012M": 539, "B19013_001E": 71753, "B19013_001M": 9847, "B01003_001E": 6871, "state": "06", "county": "067", "tract": "009601", "latino_share": 0.32076844709649249, "camera_count": 1, "arterial_road_m": 18933.757789552194, "land_area_km2": 6.18319, "pop_density_per_km2": 1111.2386971773469, "arterial_km_per_km2": 3.0621342364624398, "log_income": 11.180984944594467, "city": "Sacramento", "crime_count_raw": 0.0, "crime_rate_annual_per_km2_1000": 0.0 }, "geometry": { "type": "Polygon", "coordinates": [ [ [ -121.497895, 38.468173 ], [ -121.494188, 38.468872 ], [ -121.479375, 38.473379 ], [ -121.467712, 38.474508 ], [ -121.464188, 38.474487 ], [ -121.462307, 38.474471 ], [ -121.46165, 38.474516 ], [ -121.457904, 38.474656 ], [ -121.454642, 38.474316 ], [ -121.450311, 38.474295 ], [ -121.449046, 38.470966 ], [ -121.447553, 38.467031 ], [ -121.446811, 38.464752 ], [ -121.446708, 38.463681 ], [ -121.446674, 38.463235 ], [ -121.450894, 38.465189 ], [ -121.454755, 38.46346 ], [ -121.455091, 38.463295 ], [ -121.457212, 38.46227 ], [ -121.460472, 38.461576 ], [ -121.460806, 38.461534 ], [ -121.46121, 38.461445 ], [ -121.461641, 38.461424 ], [ -121.462838, 38.460507 ], [ -121.463384, 38.460057 ], [ -121.463947, 38.459799 ], [ -121.464419, 38.459782 ], [ -121.475089, 38.459734 ], [ -121.476637, 38.459041 ], [ -121.477304, 38.458698 ], [ -121.477774, 38.458409 ], [ -121.477592, 38.457583 ], [ -121.478919, 38.456301 ], [ -121.482534, 38.456216 ], [ -121.482515, 38.457819 ], [ -121.49307, 38.456427 ], [ -121.494256, 38.458599 ], [ -121.494642, 38.458525 ], [ -121.497631, 38.467597 ], [ -121.497895, 38.468173 ] ] ] } },
{ "type": "Feature", "properties": { "STATEFP": "06", "COUNTYFP": "067", "TRACTCE": "002300", "GEOIDFQ": "1400000US06067002300", "GEOID": "06067002300", "NAME": "23", "NAMELSAD": "Census Tract 23", "STUSPS": "CA", "NAMELSADCO": "Sacramento County", "STATE_NAME": "California", "LSAD": "CT", "ALAND": 1213095, "AWATER": 0, "centroid_lon": -121.49384287355709, "centroid_lat": 38.557165975209699, "B03002_001E": 3456, "B03002_001M": 417, "B03002_012E": 488, "B03002_012M": 201, "B19013_001E": 151786, "B19013_001M": 30048, "B01003_001E": 3456, "state": "06", "county": "067", "tract": "002300", "latino_share": 0.14120370370370369, "camera_count": 1, "arterial_road_m": 5529.8216593431935, "land_area_km2": 1.213095, "pop_density_per_km2": 2848.9112559197752, "arterial_km_per_km2": 4.5584407316353568, "log_income": 11.930226913076565, "city": "Sacramento", "crime_count_raw": 0.0, "crime_rate_annual_per_km2_1000": 0.0 }, "geometry": { "type": "Polygon", "coordinates": [ [ [ -121.502176, 38.556434 ], [ -121.500329, 38.559533 ], [ -121.499371, 38.561142 ], [ -121.498472, 38.563222 ], [ -121.491047, 38.561249 ], [ -121.48971, 38.560893 ], [ -121.485698, 38.559828 ], [ -121.487232, 38.555859 ], [ -121.487469, 38.555094 ], [ -121.488236, 38.55264 ], [ -121.488267, 38.552542 ], [ -121.48867, 38.551278 ], [ -121.496039, 38.5526 ], [ -121.497139, 38.552801 ], [ -121.500395, 38.554838 ], [ -121.502176, 38.556434 ] ] ] } },
{ "type": "Feature", "properties": { "STATEFP": "06", "COUNTYFP": "067", "TRACTCE": "002700", "GEOIDFQ": "1400000US06067002700", "GEOID": "06067002700", "NAME": "27", "NAMELSAD": "Census Tract 27", "STUSPS": "CA", "NAMELSADCO": "Sacramento County", "STATE_NAME": "California", "LSAD": "CT", "ALAND": 1288107, "AWATER": 0, "centroid_lon": -121.47110778502585, "centroid_lat": 38.547601615951763, "B03002_001E": 3575, "B03002_001M": 478, "B03002_012E": 952, "B03002_012M": 239, "B19013_001E": 64203, "B19013_001M": 9651, "B01003_001E": 3575, "state": "06", "county": "067", "tract": "002700", "latino_share": 0.2662937062937063, "camera_count": 1, "arterial_road_m": 11479.863754406029, "land_area_km2": 1.288107, "pop_density_per_km2": 2775.3905537350547, "arterial_km_per_km2": 8.9121973208794216, "log_income": 11.069805217558251, "city": "Sacramento", "crime_count_raw": 0.0, "crime_rate_annual_per_km2_1000": 0.0 }, "geometry": { "type": "Polygon", "coordinates": [ [ [ -121.475844, 38.557203 ], [ -121.474412, 38.556821 ], [ -121.474193, 38.556763 ], [ -121.472436, 38.556125 ], [ -121.470459, 38.553856 ], [ -121.466562, 38.549185 ], [ -121.46472, 38.547184 ], [ -121.464716, 38.546275 ], [ -121.464767, 38.541193 ], [ -121.467459, 38.541139 ], [ -121.470546, 38.54121 ], [ -121.471217, 38.541213 ], [ -121.473693, 38.541166 ], [ -121.473931, 38.541158 ], [ -121.475758, 38.541064 ], [ -121.475812, 38.549935 ], [ -121.475785, 38.553605 ], [ -121.475844, 38.557203 ] ] ] } },
{ "type": "Feature", "properties": { "STATEFP": "06", "COUNTYFP": "067", "TRACTCE": "003102", "GEOIDFQ": "1400000US06067003102", "GEOID": "06067003102", "NAME": "31.02", "NAMELSAD": "Census Tract 31.02", "STUSPS": "CA", "NAMELSADCO": "Sacramento County", "STATE_NAME": "California", "LSAD": "CT", "ALAND": 1154497, "AWATER": 0, "centroid_lon": -121.43592986268081, "centroid_lat": 38.52874249743995, "B03002_001E": 2972, "B03002_001M": 376, "B03002_012E": 1490, "B03002_012M": 365, "B19013_001E": 86484, "B19013_001M": 19675, "B01003_001E": 2972, "state": "06", "county": "067", "tract": "003102", "latino_share": 0.50134589502018845, "camera_count": 1, "arterial_road_m": 5460.4707056924344, "land_area_km2": 1.154497, "pop_density_per_km2": 2574.281267079949, "arterial_km_per_km2": 4.7297400562257277, "log_income": 11.367714704712441, "city": "Sacramento", "crime_count_raw": 0.0, "crime_rate_annual_per_km2_1000": 0.0 }, "geometry": { "type": "Polygon", "coordinates": [ [ [ -121.445786, 38.531874 ], [ -121.44508, 38.532072 ], [ -121.442113, 38.532146 ], [ -121.435292, 38.532262 ], [ -121.434458, 38.532331 ], [ -121.432758, 38.532347 ], [ -121.427541, 38.532303 ], [ -121.427763, 38.530768 ], [ -121.427515, 38.525077 ], [ -121.432848, 38.525041 ], [ -121.433813, 38.525034 ], [ -121.438691, 38.525001 ], [ -121.44259, 38.524974 ], [ -121.445559, 38.531392 ], [ -121.445786, 38.531874 ] ] ] } },
{ "type": "Feature", "properties": { "STATEFP": "06", "COUNTYFP": "067", "TRACTCE": "003501", "GEOIDFQ": "1400000US06067003501", "GEOID": "06067003501", "NAME": "35.01", "NAMELSAD": "Census Tract 35.01", "STUSPS": "CA", "NAMELSADCO": "Sacramento County", "STATE_NAME": "California", "LSAD": "CT", "ALAND": 1197868, "AWATER": 0, "centroid_lon": -121.48832660079998, "centroid_lat": 38.53316493080802, "B03002_001E": 2487, "B03002_001M": 361, "B03002_012E": 942, "B03002_012M": 304, "B19013_001E": 90625, "B19013_001M": 33439, "B01003_001E": 2487, "state": "06", "county": "067", "tract": "003501", "latino_share": 0.37876960193003617, "camera_count": 1, "arterial_road_m": 3189.8889012377917, "land_area_km2": 1.197868, "pop_density_per_km2": 2076.1886952485584, "arterial_km_per_km2": 2.6629719645551861, "log_income": 11.414485392156976, "city": "Sacramento", "crime_count_raw": 0.0, "crime_rate_annual_per_km2_1000": 0.0 }, "geometry": { "type": "Polygon", "coordinates": [ [ [ -121.49536, 38.530214 ], [ -121.493768, 38.535148 ], [ -121.493612, 38.535636 ], [ -121.492829, 38.538135 ], [ -121.487087, 38.539138 ], [ -121.484323, 38.539613 ], [ -121.481879, 38.531701 ], [ -121.480952, 38.528677 ], [ -121.48625, 38.528304 ], [ -121.49431, 38.528351 ], [ -121.495899, 38.528629 ], [ -121.49536, 38.530214 ] ] ] } },
{ "type": "Feature", "properties": { "STATEFP": "06", "COUNTYFP": "067", "TRACTCE": "003502", "GEOIDFQ": "1400000US06067003502", "GEOID": "06067003502", "NAME": "35.02", "NAMELSAD": "Census Tract 35.02", "STUSPS": "CA", "NAMELSADCO": "Sacramento County", "STATE_NAME": "California", "LSAD": "CT", "ALAND": 1260332, "AWATER": 0, "centroid_lon": -121.48857266811279, "centroid_lat": 38.524518407183606, "B03002_001E": 3021, "B03002_001M": 403, "B03002_012E": 722, "B03002_012M": 318, "B19013_001E": 82868, "B19013_001M": 11458, "B01003_001E": 3021, "state": "06", "county": "067", "tract": "003502", "latino_share": 0.2389937106918239, "camera_count": 1, "arterial_road_m": 3863.8082723223088, "land_area_km2": 1.260332, "pop_density_per_km2": 2396.9874604469296, "arterial_km_per_km2": 3.0657067124553761, "log_income": 11.32500425936578, "city": "Sacramento", "crime_count_raw": 0.0, "crime_rate_annual_per_km2_1000": 0.0 }, "geometry": { "type": "Polygon", "coordinates": [ [ [ -121.49842, 38.520982 ], [ -121.497206, 38.524723 ], [ -121.495899, 38.528629 ], [ -121.49431, 38.528351 ], [ -121.48625, 38.528304 ], [ -121.480952, 38.528677 ], [ -121.47972, 38.524835 ], [ -121.478672, 38.521312 ], [ -121.483144, 38.521114 ], [ -121.487431, 38.52097 ], [ -121.498017, 38.520716 ], [ -121.49842, 38.520982 ] ] ] } },
{ "type": "Feature", "properties": { "STATEFP": "06", "COUNTYFP": "067", "TRACTCE": "003900", "GEOIDFQ": "1400000US06067003900", "GEOID": "06067003900", "NAME": "39", "NAMELSAD": "Census Tract 39", "STUSPS": "CA", "NAMELSADCO": "Sacramento County", "STATE_NAME": "California", "LSAD": "CT", "ALAND": 2201950, "AWATER": 251925, "centroid_lon": -121.51848351064521, "centroid_lat": 38.530688502407074, "B03002_001E": 3708, "B03002_001M": 323, "B03002_012E": 1163, "B03002_012M": 333, "B19013_001E": 99913, "B19013_001M": 18203, "B01003_001E": 3708, "state": "06", "county": "067", "tract": "003900", "latino_share": 0.31364617044228693, "camera_count": 1, "arterial_road_m": 11109.286333024687, "land_area_km2": 2.20195, "pop_density_per_km2": 1683.9619428234064, "arterial_km_per_km2": 5.0452037208041451, "log_income": 11.512055086300585, "city": "Sacramento", "crime_count_raw": 0.0, "crime_rate_annual_per_km2_1000": 0.0 }, "geometry": { "type": "Polygon", "coordinates": [ [ [ -121.530976, 38.52897 ], [ -121.529774, 38.53121 ], [ -121.528467, 38.532106 ], [ -121.520366, 38.535367 ], [ -121.513199, 38.540743 ], [ -121.512618, 38.541666 ], [ -121.510905, 38.540784 ], [ -121.509923, 38.540401 ], [ -121.506206, 38.538912 ], [ -121.511248, 38.531392 ], [ -121.513276, 38.528227 ], [ -121.512824, 38.522729 ], [ -121.513413, 38.521419 ], [ -121.521849, 38.523163 ], [ -121.525177, 38.522682 ], [ -121.529922, 38.52678 ], [ -121.530767, 38.527906 ], [ -121.530976, 38.52897 ] ] ] } },
{ "type": "Feature", "properties": { "STATEFP": "06", "COUNTYFP": "067", "TRACTCE": "000100", "GEOIDFQ": "1400000US06067000100", "GEOID": "06067000100", "NAME": "1", "NAMELSAD": "Census Tract 1", "STUSPS": "CA", "NAMELSADCO": "Sacramento County", "STATE_NAME": "California", "LSAD": "CT", "ALAND": 2030976, "AWATER": 188167, "centroid_lon": -121.43112174575657, "centroid_lat": 38.577577639013711, "B03002_001E": 3995, "B03002_001M": 376, "B03002_012E": 595, "B03002_012M": 267, "B19013_001E": 116974, "B19013_001M": 25555, "B01003_001E": 3995, "state": "06", "county": "067", "tract": "000100", "latino_share": 0.14893617021276595, "camera_count": 1, "arterial_road_m": 3106.8551393218813, "land_area_km2": 2.030976, "pop_density_per_km2": 1967.0345686015, "arterial_km_per_km2": 1.5297350334626709, "log_income": 11.669706966862654, "city": "Sacramento", "crime_count_raw": 0.0, "crime_rate_annual_per_km2_1000": 0.0 }, "geometry": { "type": "Polygon", "coordinates": [ [ [ -121.450614, 38.585555 ], [ -121.448201, 38.586605 ], [ -121.447198, 38.58773 ], [ -121.443689, 38.58455 ], [ -121.440255, 38.58271 ], [ -121.434464, 38.58157 ], [ -121.432457, 38.581844 ], [ -121.430484, 38.582927 ], [ -121.425055, 38.583576 ], [ -121.422758, 38.583368 ], [ -121.420059, 38.581383 ], [ -121.419928, 38.580593 ], [ -121.421688, 38.577442 ], [ -121.421827, 38.575931 ], [ -121.423118, 38.570881 ], [ -121.423085, 38.56883 ], [ -121.431961, 38.56731 ], [ -121.432869, 38.570934 ], [ -121.433537, 38.5736 ], [ -121.434867, 38.576673 ], [ -121.436682, 38.578432 ], [ -121.439215, 38.579655 ], [ -121.444836, 38.581846 ], [ -121.44925, 38.583669 ], [ -121.450136, 38.58439 ], [ -121.450614, 38.585555 ] ] ] } },
{ "type": "Feature", "properties": { "STATEFP": "06", "COUNTYFP": "067", "TRACTCE": "000200", "GEOIDFQ": "1400000US06067000200", "GEOID": "06067000200", "NAME": "2", "NAMELSAD": "Census Tract 2", "STUSPS": "CA", "NAMELSADCO": "Sacramento County", "STATE_NAME": "California", "LSAD": "CT", "ALAND": 1511259, "AWATER": 0, "centroid_lon": -121.44082373513736, "centroid_lat": 38.574090802147332, "B03002_001E": 3874, "B03002_001M": 429, "B03002_012E": 658, "B03002_012M": 267, "B19013_001E": 138580, "B19013_001M": 16060, "B01003_001E": 3874, "state": "06", "county": "067", "tract": "000200", "latino_share": 0.16985028394424367, "camera_count": 0, "arterial_road_m": 3259.0747406094047, "land_area_km2": 1.511259, "pop_density_per_km2": 2563.4255941569249, "arterial_km_per_km2": 2.1565295826919177, "log_income": 11.839203055181372, "city": "Sacramento", "crime_count_raw": 0.0, "crime_rate_annual_per_km2_1000": 0.0 }, "geometry": { "type": "Polygon", "coordinates": [ [ [ -121.450475, 38.571276 ], [ -121.44787, 38.576162 ], [ -121.446743, 38.57842 ], [ -121.447136, 38.57869 ], [ -121.444836, 38.581846 ], [ -121.439215, 38.579655 ], [ -121.436682, 38.578432 ], [ -121.434867, 38.576673 ], [ -121.433537, 38.5736 ], [ -121.432869, 38.570934 ], [ -121.431961, 38.56731 ], [ -121.433328, 38.567203 ], [ -121.440678, 38.569133 ], [ -121.441705, 38.569405 ], [ -121.448571, 38.571211 ], [ -121.449873, 38.571123 ], [ -121.450475, 38.571276 ] ] ] } },
{ "type": "Feature", "properties": { "STATEFP": "06", "COUNTYFP": "067", "TRACTCE": "000400", "GEOIDFQ": "1400000US06067000400", "GEOID": "06067000400", "NAME": "4", "NAMELSAD": "Census Tract 4", "STUSPS": "CA", "NAMELSADCO": "Sacramento County", "STATE_NAME": "California", "LSAD": "CT", "ALAND": 972221, "AWATER": 0, "centroid_lon": -121.46938462899062, "centroid_lat": 38.580095428285865, "B03002_001E": 3945, "B03002_001M": 619, "B03002_012E": 1218, "B03002_012M": 336, "B19013_001E": 98750, "B19013_001M": 29512, "B01003_001E": 3945, "state": "06", "county": "067", "tract": "000400", "latino_share": 0.30874524714828899, "camera_count": 0, "arterial_road_m": 4621.6136372663532, "land_area_km2": 0.972221, "pop_density_per_km2": 4057.7193868472291, "arterial_km_per_km2": 4.7536657172251511, "log_income": 11.500346682763368, "city": "Sacramento", "crime_count_raw": 0.0, "crime_rate_annual_per_km2_1000": 0.0 }, "geometry": { "type": "Polygon", "coordinates": [ [ [ -121.476428, 38.581258 ], [ -121.476192, 38.581802 ], [ -121.474761, 38.585069 ], [ -121.468185, 38.583413 ], [ -121.468145, 38.583407 ], [ -121.464982, 38.582976 ], [ -121.462686, 38.582311 ], [ -121.461514, 38.581923 ], [ -121.461426, 38.581471 ], [ -121.462834, 38.578234 ], [ -121.464247, 38.574981 ], [ -121.470933, 38.576737 ], [ -121.473609, 38.577452 ], [ -121.474951, 38.57781 ], [ -121.477613, 38.57852 ], [ -121.476428, 38.581258 ] ] ] } },
{ "type": "Feature", "properties": { "STATEFP": "06", "COUNTYFP": "067", "TRACTCE": "004011", "GEOIDFQ": "1400000US06067004011", "GEOID": "06067004011", "NAME": "40.11", "NAMELSAD": "Census Tract 40.11", "STUSPS": "CA", "NAMELSADCO": "Sacramento County", "STATE_NAME": "California", "LSAD": "CT", "ALAND": 1109885, "AWATER": 113516, "centroid_lon": -121.52768639318961, "centroid_lat": 38.48044274450443, "B03002_001E": 3232, "B03002_001M": 371, "B03002_012E": 333, "B03002_012M": 177, "B19013_001E": 138224, "B19013_001M": 21282, "B01003_001E": 3232, "state": "06", "county": "067", "tract": "004011", "latino_share": 0.10303217821782178, "camera_count": 1, "arterial_road_m": 2873.9488336837057, "land_area_km2": 1.109885, "pop_density_per_km2": 2912.0134067943977, "arterial_km_per_km2": 2.5894113657574485, "log_income": 11.836630836598665, "city": "Sacramento", "crime_count_raw": 0.0, "crime_rate_annual_per_km2_1000": 0.0 }, "geometry": { "type": "Polygon", "coordinates": [ [ [ -121.540055, 38.479973 ], [ -121.536971, 38.481283 ], [ -121.535153, 38.482466 ], [ -121.534336, 38.483155 ], [ -121.533623, 38.48465 ], [ -121.527868, 38.483515 ], [ -121.522905, 38.483839 ], [ -121.52155, 38.483341 ], [ -121.520055, 38.483203 ], [ -121.518501, 38.483723 ], [ -121.51766, 38.483768 ], [ -121.517543, 38.482763 ], [ -121.516198, 38.48052 ], [ -121.517562, 38.480046 ], [ -121.517995, 38.479809 ], [ -121.51877, 38.479267 ], [ -121.519641, 38.478819 ], [ -121.524735, 38.476432 ], [ -121.53212, 38.476749 ], [ -121.539506, 38.47956 ], [ -121.540055, 38.479973 ] ] ] } },
{ "type": "Feature", "properties": { "STATEFP": "06", "COUNTYFP": "067", "TRACTCE": "009609", "GEOIDFQ": "1400000US06067009609", "GEOID": "06067009609", "NAME": "96.09", "NAMELSAD": "Census Tract 96.09", "STUSPS": "CA", "NAMELSADCO": "Sacramento County", "STATE_NAME": "California", "LSAD": "CT", "ALAND": 1413520, "AWATER": 0, "centroid_lon": -121.43362910076931, "centroid_lat": 38.446094151424944, "B03002_001E": 5857, "B03002_001M": 954, "B03002_012E": 1564, "B03002_012M": 436, "B19013_001E": 81339, "B19013_001M": 26562, "B01003_001E": 5857, "state": "06", "county": "067", "tract": "009609", "latino_share": 0.26703090319276079, "camera_count": 1, "arterial_road_m": 5052.3604500741612, "land_area_km2": 1.41352, "pop_density_per_km2": 4143.5565114041538, "arterial_km_per_km2": 3.5743112584711647, "log_income": 11.306380885311386, "city": "Sacramento", "crime_count_raw": 0.0, "crime_rate_annual_per_km2_1000": 0.0 }, "geometry": { "type": "Polygon", "coordinates": [ [ [ -121.444649, 38.448801 ], [ -121.43979, 38.448882 ], [ -121.437826, 38.450595 ], [ -121.434118, 38.451199 ], [ -121.431675, 38.451293 ], [ -121.427937, 38.449814 ], [ -121.425872, 38.449722 ], [ -121.425223, 38.448124 ], [ -121.425795, 38.445202 ], [ -121.425617, 38.442351 ], [ -121.424538, 38.440819 ], [ -121.425291, 38.440614 ], [ -121.429857, 38.441208 ], [ -121.434696, 38.441258 ], [ -121.435436, 38.441825 ], [ -121.441507, 38.443855 ], [ -121.444652, 38.447177 ], [ -121.444649, 38.448801 ] ] ] } },
{ "type": "Feature", "properties": { "STATEFP": "06", "COUNTYFP": "067", "TRACTCE": "001300", "GEOIDFQ": "1400000US06067001300", "GEOID": "06067001300", "NAME": "13", "NAMELSAD": "Census Tract 13", "STUSPS": "CA", "NAMELSADCO": "Sacramento County", "STATE_NAME": "California", "LSAD": "CT", "ALAND": 792610, "AWATER": 0, "centroid_lon": -121.47451926325638, "centroid_lat": 38.568477929001048, "B03002_001E": 3484, "B03002_001M": 494, "B03002_012E": 635, "B03002_012M": 219, "B19013_001E": 66205, "B19013_001M": 9489, "B01003_001E": 3484, "state": "06", "county": "067", "tract": "001300", "latino_share": 0.18226176808266362, "camera_count": 0, "arterial_road_m": 7320.4671219722786, "land_area_km2": 0.79261, "pop_density_per_km2": 4395.604395604395, "arterial_km_per_km2": 9.2359005336448927, "log_income": 11.100511267773857, "city": "Sacramento", "crime_count_raw": 0.0, "crime_rate_annual_per_km2_1000": 0.0 }, "geometry": { "type": "Polygon", "coordinates": [ [ [ -121.481435, 38.5697 ], [ -121.480001, 38.57301 ], [ -121.477335, 38.572299 ], [ -121.475993, 38.571941 ], [ -121.473326, 38.571229 ], [ -121.466652, 38.569448 ], [ -121.469039, 38.563946 ], [ -121.470369, 38.564301 ], [ -121.475715, 38.565727 ], [ -121.477033, 38.566079 ], [ -121.478373, 38.566436 ], [ -121.482384, 38.567506 ], [ -121.481435, 38.5697 ] ] ] } },
{ "type": "Feature", "properties": { "STATEFP": "06", "COUNTYFP": "067", "TRACTCE": "001800", "GEOIDFQ": "1400000US06067001800", "GEOID": "06067001800", "NAME": "18", "NAMELSAD": "Census Tract 18", "STUSPS": "CA", "NAMELSADCO": "Sacramento County", "STATE_NAME": "California", "LSAD": "CT", "ALAND": 1717608, "AWATER": 0, "centroid_lon": -121.46377134602028, "centroid_lat": 38.554230636750539, "B03002_001E": 5845, "B03002_001M": 727, "B03002_012E": 1298, "B03002_012M": 322, "B19013_001E": 83460, "B19013_001M": 25416, "B01003_001E": 5845, "state": "06", "county": "067", "tract": "001800", "latino_share": 0.22207014542343884, "camera_count": 0, "arterial_road_m": 9867.7324864873572, "land_area_km2": 1.717608, "pop_density_per_km2": 3402.9883419266794, "arterial_km_per_km2": 5.7450433896950628, "log_income": 11.332122754145544, "city": "Sacramento", "crime_count_raw": 0.0, "crime_rate_annual_per_km2_1000": 0.0 }, "geometry": { "type": "Polygon", "coordinates": [ [ [ -121.471151, 38.559082 ], [ -121.469039, 38.563946 ], [ -121.465064, 38.562835 ], [ -121.460532, 38.557484 ], [ -121.459803, 38.556701 ], [ -121.456384, 38.553198 ], [ -121.45384, 38.546757 ], [ -121.4578, 38.546748 ], [ -121.460101, 38.546789 ], [ -121.461677, 38.546801 ], [ -121.46472, 38.547184 ], [ -121.466562, 38.549185 ], [ -121.470459, 38.553856 ], [ -121.472436, 38.556125 ], [ -121.471151, 38.559082 ] ] ] } },
{ "type": "Feature", "properties": { "STATEFP": "06", "COUNTYFP": "067", "TRACTCE": "002100", "GEOIDFQ": "1400000US06067002100", "GEOID": "06067002100", "NAME": "21", "NAMELSAD": "Census Tract 21", "STUSPS": "CA", "NAMELSADCO": "Sacramento County", "STATE_NAME": "California", "LSAD": "CT", "ALAND": 1451239, "AWATER": 89475, "centroid_lon": -121.50593061697997, "centroid_lat": 38.569432447502791, "B03002_001E": 2744, "B03002_001M": 386, "B03002_012E": 533, "B03002_012M": 229, "B19013_001E": 67784, "B19013_001M": 9485, "B01003_001E": 2744, "state": "06", "county": "067", "tract": "002100", "latino_share": 0.19424198250728864, "camera_count": 0, "arterial_road_m": 24349.931736739152, "land_area_km2": 1.451239, "pop_density_per_km2": 1890.7981386939023, "arterial_km_per_km2": 16.778719243859317, "log_income": 11.124081457878299, "city": "Sacramento", "crime_count_raw": 0.0, "crime_rate_annual_per_km2_1000": 0.0 }, "geometry": { "type": "Polygon", "coordinates": [ [ [ -121.518966, 38.568705 ], [ -121.511566, 38.575005 ], [ -121.509138, 38.575563 ], [ -121.508266, 38.574413 ], [ -121.503924, 38.573246 ], [ -121.501271, 38.572539 ], [ -121.494629, 38.570769 ], [ -121.496056, 38.567493 ], [ -121.497004, 38.56532 ], [ -121.498325, 38.565672 ], [ -121.498472, 38.563222 ], [ -121.505909, 38.565232 ], [ -121.507251, 38.565594 ], [ -121.517868, 38.568503 ], [ -121.518966, 38.568705 ] ] ] } },
{ "type": "Feature", "properties": { "STATEFP": "06", "COUNTYFP": "067", "TRACTCE": "007106", "GEOIDFQ": "1400000US06067007106", "GEOID": "06067007106", "NAME": "71.06", "NAMELSAD": "Census Tract 71.06", "STUSPS": "CA", "NAMELSADCO": "Sacramento County", "STATE_NAME": "California", "LSAD": "CT", "ALAND": 6438494, "AWATER": 42362, "centroid_lon": -121.48978979012261, "centroid_lat": 38.667998365643797, "B03002_001E": 6798, "B03002_001M": 633, "B03002_012E": 1333, "B03002_012M": 205, "B19013_001E": 129286, "B19013_001M": 16399, "B01003_001E": 6798, "state": "06", "county": "067", "tract": "007106", "latino_share": 0.196087084436599, "camera_count": 4, "arterial_road_m": 12891.035444019037, "land_area_km2": 6.438494, "pop_density_per_km2": 1055.8369705710684, "arterial_km_per_km2": 2.0021817903408836, "log_income": 11.769782283569059, "city": "Sacramento", "crime_count_raw": 0.0, "crime_rate_annual_per_km2_1000": 0.0 }, "geometry": { "type": "Polygon", "coordinates": [ [ [ -121.507271, 38.670816 ], [ -121.504235, 38.670816 ], [ -121.495643, 38.670808 ], [ -121.493401, 38.670807 ], [ -121.493603, 38.685217 ], [ -121.485623, 38.685189 ], [ -121.480019, 38.685208 ], [ -121.47728, 38.670927 ], [ -121.477105, 38.669996 ], [ -121.474322, 38.655347 ], [ -121.47613, 38.655234 ], [ -121.476392, 38.656552 ], [ -121.482197, 38.656483 ], [ -121.484065, 38.656303 ], [ -121.493267, 38.656229 ], [ -121.495108, 38.656215 ], [ -121.502757, 38.656153 ], [ -121.507096, 38.656031 ], [ -121.507145, 38.659547 ], [ -121.507211, 38.665398 ], [ -121.507271, 38.670816 ] ] ] } },
{ "type": "Feature", "properties": { "STATEFP": "06", "COUNTYFP": "067", "TRACTCE": "005202", "GEOIDFQ": "1400000US06067005202", "GEOID": "06067005202", "NAME": "52.02", "NAMELSAD": "Census Tract 52.02", "STUSPS": "CA", "NAMELSADCO": "Sacramento County", "STATE_NAME": "California", "LSAD": "CT", "ALAND": 1503522, "AWATER": 348539, "centroid_lon": -121.39482110132884, "centroid_lat": 38.56010988905139, "B03002_001E": 3533, "B03002_001M": 340, "B03002_012E": 868, "B03002_012M": 196, "B19013_001E": 94875, "B19013_001M": 12599, "B01003_001E": 3533, "state": "06", "county": "067", "tract": "005202", "latino_share": 0.24568355505236342, "camera_count": 2, "arterial_road_m": 9619.389286182035, "land_area_km2": 1.503522, "pop_density_per_km2": 2349.8159654464648, "arterial_km_per_km2": 6.3979039124017039, "log_income": 11.460315514697932, "city": "Sacramento", "crime_count_raw": 0.0, "crime_rate_annual_per_km2_1000": 0.0 }, "geometry": { "type": "Polygon", "coordinates": [ [ [ -121.409435, 38.557678 ], [ -121.409268, 38.560278 ], [ -121.405586, 38.560627 ], [ -121.403952, 38.561652 ], [ -121.39836, 38.562805 ], [ -121.393335, 38.564065 ], [ -121.382848, 38.566761 ], [ -121.382639, 38.564114 ], [ -121.382175, 38.562815 ], [ -121.379471, 38.558852 ], [ -121.39086, 38.557614 ], [ -121.393898, 38.557248 ], [ -121.404808, 38.554852 ], [ -121.409349, 38.55381 ], [ -121.409435, 38.557678 ] ] ] } },
{ "type": "Feature", "properties": { "STATEFP": "06", "COUNTYFP": "067", "TRACTCE": "001102", "GEOIDFQ": "1400000US06067001102", "GEOID": "06067001102", "NAME": "11.02", "NAMELSAD": "Census Tract 11.02", "STUSPS": "CA", "NAMELSADCO": "Sacramento County", "STATE_NAME": "California", "LSAD": "CT", "ALAND": 395485, "AWATER": 0, "centroid_lon": -121.48213280296228, "centroid_lat": 38.576652692821334, "B03002_001E": 1664, "B03002_001M": 337, "B03002_012E": 568, "B03002_012M": 329, "B19013_001E": 61190, "B19013_001M": 18958, "B01003_001E": 1664, "state": "06", "county": "067", "tract": "001102", "latino_share": 0.34134615384615385, "camera_count": 2, "arterial_road_m": 3477.0994032266444, "land_area_km2": 0.395485, "pop_density_per_km2": 4207.4920667029091, "arterial_km_per_km2": 8.7919880734456299, "log_income": 11.021739056456585, "city": "Sacramento", "crime_count_raw": 0.0, "crime_rate_annual_per_km2_1000": 0.0 }, "geometry": { "type": "Polygon", "coordinates": [ [ [ -121.485211, 38.578112 ], [ -121.484264, 38.580295 ], [ -121.481612, 38.579587 ], [ -121.477613, 38.57852 ], [ -121.480001, 38.57301 ], [ -121.483995, 38.574077 ], [ -121.486653, 38.574785 ], [ -121.485211, 38.578112 ] ] ] } },
{ "type": "Feature", "properties": { "STATEFP": "06", "COUNTYFP": "067", "TRACTCE": "007025", "GEOIDFQ": "1400000US06067007025", "GEOID": "06067007025", "NAME": "70.25", "NAMELSAD": "Census Tract 70.25", "STUSPS": "CA", "NAMELSADCO": "Sacramento County", "STATE_NAME": "California", "LSAD": "CT", "ALAND": 1234278, "AWATER": 0, "centroid_lon": -121.53459462637602, "centroid_lat": 38.648633080333298, "B03002_001E": 2862, "B03002_001M": 376, "B03002_012E": 445, "B03002_012M": 283, "B19013_001E": 96250, "B19013_001M": 26813, "B01003_001E": 2862, "state": "06", "county": "067", "tract": "007025", "latino_share": 0.15548567435359889, "camera_count": 0, "arterial_road_m": 6130.6837930031288, "land_area_km2": 1.234278, "pop_density_per_km2": 2318.7644922780769, "arterial_km_per_km2": 4.967020228022478, "log_income": 11.474704252150032, "city": "Sacramento", "crime_count_raw": 0.0, "crime_rate_annual_per_km2_1000": 0.0 }, "geometry": { "type": "Polygon", "coordinates": [ [ [ -121.539859, 38.655716 ], [ -121.533248, 38.655764 ], [ -121.529655, 38.64913 ], [ -121.526325, 38.643031 ], [ -121.532128, 38.643043 ], [ -121.535904, 38.642788 ], [ -121.539684, 38.64303 ], [ -121.539787, 38.649115 ], [ -121.539859, 38.655716 ] ] ] } },
{ "type": "Feature", "properties": { "STATEFP": "06", "COUNTYFP": "067", "TRACTCE": "007108", "GEOIDFQ": "1400000US06067007108", "GEOID": "06067007108", "NAME": "71.08", "NAMELSAD": "Census Tract 71.08", "STUSPS": "CA", "NAMELSADCO": "Sacramento County", "STATE_NAME": "California", "LSAD": "CT", "ALAND": 2829484, "AWATER": 0, "centroid_lon": -121.53359811814143, "centroid_lat": 38.671310900665731, "B03002_001E": 6328, "B03002_001M": 623, "B03002_012E": 1246, "B03002_012M": 335, "B19013_001E": 140975, "B19013_001M": 15728, "B01003_001E": 6328, "state": "06", "county": "067", "tract": "007108", "latino_share": 0.19690265486725664, "camera_count": 8, "arterial_road_m": 19459.877849456469, "land_area_km2": 2.829484, "pop_density_per_km2": 2236.4501796087202, "arterial_km_per_km2": 6.8775359215519396, "log_income": 11.856337848675382, "city": "Sacramento", "crime_count_raw": 0.0, "crime_rate_annual_per_km2_1000": 0.0 }, "geometry": { "type": "Polygon", "coordinates": [ [ [ -121.54032, 38.685506 ], [ -121.531261, 38.685505 ], [ -121.531309, 38.680081 ], [ -121.531452, 38.679459 ], [ -121.531414, 38.677607 ], [ -121.531185, 38.677031 ], [ -121.529841, 38.674456 ], [ -121.526356, 38.673803 ], [ -121.524894, 38.672206 ], [ -121.524241, 38.670524 ], [ -121.52466, 38.666446 ], [ -121.525362, 38.666423 ], [ -121.531064, 38.666104 ], [ -121.533543, 38.664352 ], [ -121.531161, 38.661113 ], [ -121.526922, 38.659391 ], [ -121.52606, 38.658395 ], [ -121.525475, 38.655851 ], [ -121.533248, 38.655764 ], [ -121.538337, 38.665074 ], [ -121.540153, 38.667199 ], [ -121.540174, 38.670797 ], [ -121.54032, 38.685506 ] ] ] } },
{ "type": "Feature", "properties": { "STATEFP": "06", "COUNTYFP": "067", "TRACTCE": "009641", "GEOIDFQ": "1400000US06067009641", "GEOID": "06067009641", "NAME": "96.41", "NAMELSAD": "Census Tract 96.41", "STUSPS": "CA", "NAMELSADCO": "Sacramento County", "STATE_NAME": "California", "LSAD": "CT", "ALAND": 2046398, "AWATER": 0, "centroid_lon": -121.42157239104513, "centroid_lat": 38.465133166799177, "B03002_001E": 4113, "B03002_001M": 695, "B03002_012E": 1548, "B03002_012M": 701, "B19013_001E": 64679, "B19013_001M": 19297, "B01003_001E": 4113, "state": "06", "county": "067", "tract": "009641", "latino_share": 0.37636761487964987, "camera_count": 16, "arterial_road_m": 12949.569069747575, "land_area_km2": 2.046398, "pop_density_per_km2": 2009.8729572644227, "arterial_km_per_km2": 6.3279816877008166, "log_income": 11.077191852841779, "city": "Sacramento", "crime_count_raw": 0.0, "crime_rate_annual_per_km2_1000": 0.0 }, "geometry": { "type": "Polygon", "coordinates": [ [ [ -121.431261, 38.463781 ], [ -121.427691, 38.465639 ], [ -121.427181, 38.467346 ], [ -121.427179, 38.468497 ], [ -121.427176, 38.470693 ], [ -121.427168, 38.474217 ], [ -121.422988, 38.474281 ], [ -121.419924, 38.474347 ], [ -121.418969, 38.474339 ], [ -121.415495, 38.46723 ], [ -121.414695, 38.465234 ], [ -121.411296, 38.458132 ], [ -121.418075, 38.458015 ], [ -121.428525, 38.458623 ], [ -121.429241, 38.460007 ], [ -121.431261, 38.463781 ] ] ] } },
{ "type": "Feature", "properties": { "STATEFP": "06", "COUNTYFP": "067", "TRACTCE": "004909", "GEOIDFQ": "1400000US06067004909", "GEOID": "06067004909", "NAME": "49.09", "NAMELSAD": "Census Tract 49.09", "STUSPS": "CA", "NAMELSADCO": "Sacramento County", "STATE_NAME": "California", "LSAD": "CT", "ALAND": 861168, "AWATER": 0, "centroid_lon": -121.43278692542373, "centroid_lat": 38.477756269561482, "B03002_001E": 2662, "B03002_001M": 226, "B03002_012E": 733, "B03002_012M": 274, "B19013_001E": 63171, "B19013_001M": 26714, "B01003_001E": 2662, "state": "06", "county": "067", "tract": "004909", "latino_share": 0.27535687453042823, "camera_count": 2, "arterial_road_m": 4225.2050001379475, "land_area_km2": 0.861168, "pop_density_per_km2": 3091.1506233394643, "arterial_km_per_km2": 4.9063655409141385, "log_income": 11.053600614066641, "city": "Sacramento", "crime_count_raw": 0.0, "crime_rate_annual_per_km2_1000": 0.0 }, "geometry": { "type": "Polygon", "coordinates": [ [ [ -121.440706, 38.481563 ], [ -121.430761, 38.481616 ], [ -121.427758, 38.478774 ], [ -121.426435, 38.477527 ], [ -121.422988, 38.474281 ], [ -121.427168, 38.474217 ], [ -121.436875, 38.474254 ], [ -121.437605, 38.475616 ], [ -121.439504, 38.479101 ], [ -121.44159, 38.481301 ], [ -121.440706, 38.481563 ] ] ] } },
{ "type": "Feature", "properties": { "STATEFP": "06", "COUNTYFP": "067", "TRACTCE": "004017", "GEOIDFQ": "1400000US06067004017", "GEOID": "06067004017", "NAME": "40.17", "NAMELSAD": "Census Tract 40.17", "STUSPS": "CA", "NAMELSADCO": "Sacramento County", "STATE_NAME": "California", "LSAD": "CT", "ALAND": 979870, "AWATER": 0, "centroid_lon": -121.5344643229059, "centroid_lat": 38.486887173344016, "B03002_001E": 2687, "B03002_001M": 419, "B03002_012E": 614, "B03002_012M": 339, "B19013_001E": 89301, "B19013_001M": 27539, "B01003_001E": 2687, "state": "06", "county": "067", "tract": "004017", "latino_share": 0.2285076293263863, "camera_count": 1, "arterial_road_m": 2814.6358144960741, "land_area_km2": 0.97987, "pop_density_per_km2": 2742.2004959841611, "arterial_km_per_km2": 2.8724584021309707, "log_income": 11.399767965010177, "city": "Sacramento", "crime_count_raw": 0.0, "crime_rate_annual_per_km2_1000": 0.0 }, "geometry": { "type": "Polygon", "coordinates": [ [ [ -121.544963, 38.483903 ], [ -121.538928, 38.486741 ], [ -121.537785, 38.487636 ], [ -121.535595, 38.489932 ], [ -121.53495, 38.490927 ], [ -121.533581, 38.491898 ], [ -121.523636, 38.492199 ], [ -121.522562, 38.492052 ], [ -121.521822, 38.49172 ], [ -121.52282, 38.490551 ], [ -121.525758, 38.489356 ], [ -121.53092, 38.487716 ], [ -121.532176, 38.48695 ], [ -121.533058, 38.485959 ], [ -121.533623, 38.48465 ], [ -121.534336, 38.483155 ], [ -121.535153, 38.482466 ], [ -121.536971, 38.481283 ], [ -121.540055, 38.479973 ], [ -121.544963, 38.483903 ] ] ] } },
{ "type": "Feature", "properties": { "STATEFP": "06", "COUNTYFP": "067", "TRACTCE": "004020", "GEOIDFQ": "1400000US06067004020", "GEOID": "06067004020", "NAME": "40.20", "NAMELSAD": "Census Tract 40.20", "STUSPS": "CA", "NAMELSADCO": "Sacramento County", "STATE_NAME": "California", "LSAD": "CT", "ALAND": 770849, "AWATER": 0, "centroid_lon": -121.51683163351065, "centroid_lat": 38.488680177109636, "B03002_001E": 2437, "B03002_001M": 505, "B03002_012E": 218, "B03002_012M": 212, "B19013_001E": 67941, "B19013_001M": 24713, "B01003_001E": 2437, "state": "06", "county": "067", "tract": "004020", "latino_share": 0.08945424702503077, "camera_count": 1, "arterial_road_m": 6469.4975711034749, "land_area_km2": 0.770849, "pop_density_per_km2": 3161.449259193435, "arterial_km_per_km2": 8.3926911380873239, "log_income": 11.126394960475844, "city": "Sacramento", "crime_count_raw": 0.0, "crime_rate_annual_per_km2_1000": 0.0 }, "geometry": { "type": "Polygon", "coordinates": [ [ [ -121.52355, 38.495906 ], [ -121.521602, 38.49558 ], [ -121.516668, 38.495476 ], [ -121.512805, 38.48609 ], [ -121.510714, 38.4812 ], [ -121.514438, 38.481119 ], [ -121.516198, 38.48052 ], [ -121.517543, 38.482763 ], [ -121.51766, 38.483768 ], [ -121.517343, 38.486052 ], [ -121.517367, 38.489223 ], [ -121.51779, 38.49018 ], [ -121.519007, 38.491103 ], [ -121.521822, 38.49172 ], [ -121.522562, 38.492052 ], [ -121.523768, 38.493322 ], [ -121.52355, 38.495906 ] ] ] } },
{ "type": "Feature", "properties": { "STATEFP": "06", "COUNTYFP": "067", "TRACTCE": "007021", "GEOIDFQ": "1400000US06067007021", "GEOID": "06067007021", "NAME": "70.21", "NAMELSAD": "Census Tract 70.21", "STUSPS": "CA", "NAMELSADCO": "Sacramento County", "STATE_NAME": "California", "LSAD": "CT", "ALAND": 2369887, "AWATER": 0, "centroid_lon": -121.48693345609409, "centroid_lat": 38.633464360104206, "B03002_001E": 5551, "B03002_001M": 1003, "B03002_012E": 2416, "B03002_012M": 814, "B19013_001E": 84075, "B19013_001M": 22359, "B01003_001E": 5551, "state": "06", "county": "067", "tract": "007021", "latino_share": 0.43523689425328771, "camera_count": 3, "arterial_road_m": 8447.0592014791837, "land_area_km2": 2.369887, "pop_density_per_km2": 2342.3057723849283, "arterial_km_per_km2": 3.5643299454696296, "log_income": 11.339464536608471, "city": "Sacramento", "crime_count_raw": 0.0, "crime_rate_annual_per_km2_1000": 0.0 }, "geometry": { "type": "Polygon", "coordinates": [ [ [ -121.500517, 38.633878 ], [ -121.493202, 38.637727 ], [ -121.489341, 38.63918 ], [ -121.48416, 38.640024 ], [ -121.47781, 38.640786 ], [ -121.477782, 38.638599 ], [ -121.475538, 38.635261 ], [ -121.475527, 38.629652 ], [ -121.479116, 38.629573 ], [ -121.484272, 38.627519 ], [ -121.48847, 38.627488 ], [ -121.492895, 38.627447 ], [ -121.493242, 38.627445 ], [ -121.497899, 38.62742 ], [ -121.498057, 38.630937 ], [ -121.500517, 38.633878 ] ] ] } },
{ "type": "Feature", "properties": { "STATEFP": "06", "COUNTYFP": "067", "TRACTCE": "000501", "GEOIDFQ": "1400000US06067000501", "GEOID": "06067000501", "NAME": "5.01", "NAMELSAD": "Census Tract 5.01", "STUSPS": "CA", "NAMELSADCO": "Sacramento County", "STATE_NAME": "California", "LSAD": "CT", "ALAND": 395418, "AWATER": 0, "centroid_lon": -121.48563416336859, "centroid_lat": 38.584320744070347, "B03002_001E": 1995, "B03002_001M": 291, "B03002_012E": 393, "B03002_012M": 166, "B19013_001E": 84265, "B19013_001M": 21660, "B01003_001E": 1995, "state": "06", "county": "067", "tract": "000501", "latino_share": 0.19699248120300752, "camera_count": 0, "arterial_road_m": 2799.4423396672091, "land_area_km2": 0.395418, "pop_density_per_km2": 5045.2938409480603, "arterial_km_per_km2": 7.0797038568482193, "log_income": 11.341721873910121, "city": "Sacramento", "crime_count_raw": 0.0, "crime_rate_annual_per_km2_1000": 0.0 }, "geometry": { "type": "Polygon", "coordinates": [ [ [ -121.488423, 38.585069 ], [ -121.486996, 38.58835 ], [ -121.48142, 38.586855 ], [ -121.482843, 38.583578 ], [ -121.484264, 38.580295 ], [ -121.489851, 38.581785 ], [ -121.488423, 38.585069 ] ] ] } },
{ "type": "Feature", "properties": { "STATEFP": "06", "COUNTYFP": "067", "TRACTCE": "007001", "GEOIDFQ": "1400000US06067007001", "GEOID": "06067007001", "NAME": "70.01", "NAMELSAD": "Census Tract 70.01", "STUSPS": "CA", "NAMELSADCO": "Sacramento County", "STATE_NAME": "California", "LSAD": "CT", "ALAND": 3226217, "AWATER": 168445, "centroid_lon": -121.47246455485661, "centroid_lat": 38.623465538536237, "B03002_001E": 4726, "B03002_001M": 906, "B03002_012E": 3132, "B03002_012M": 871, "B19013_001E": 65625, "B19013_001M": 22810, "B01003_001E": 4726, "state": "06", "county": "067", "tract": "007001", "latino_share": 0.66271688531527717, "camera_count": 6, "arterial_road_m": 10868.159866432967, "land_area_km2": 3.226217, "pop_density_per_km2": 1464.8735655413136, "arterial_km_per_km2": 3.368700824040344, "log_income": 11.091711999893924, "city": "Sacramento", "crime_count_raw": 0.0, "crime_rate_annual_per_km2_1000": 0.0 }, "geometry": { "type": "Polygon", "coordinates": [ [ [ -121.478062, 38.655157 ], [ -121.47613, 38.655234 ], [ -121.474322, 38.655347 ], [ -121.471691, 38.641512 ], [ -121.471523, 38.640632 ], [ -121.470154, 38.633337 ], [ -121.469519, 38.629945 ], [ -121.467588, 38.61974 ], [ -121.467148, 38.617364 ], [ -121.467069, 38.616936 ], [ -121.466342, 38.612594 ], [ -121.466355, 38.611163 ], [ -121.466821, 38.608395 ], [ -121.470249, 38.600312 ], [ -121.470927, 38.598766 ], [ -121.472905, 38.597893 ], [ -121.47451, 38.59968 ], [ -121.47555, 38.604366 ], [ -121.475561, 38.611243 ], [ -121.475536, 38.617264 ], [ -121.475537, 38.617601 ], [ -121.475527, 38.629652 ], [ -121.475538, 38.635261 ], [ -121.477782, 38.638599 ], [ -121.47781, 38.640786 ], [ -121.477773, 38.641962 ], [ -121.475488, 38.645825 ], [ -121.475492, 38.649568 ], [ -121.47611, 38.650861 ], [ -121.477742, 38.652213 ], [ -121.478201, 38.653192 ], [ -121.478062, 38.655157 ] ] ] } },
{ "type": "Feature", "properties": { "STATEFP": "06", "COUNTYFP": "067", "TRACTCE": "003101", "GEOIDFQ": "1400000US06067003101", "GEOID": "06067003101", "NAME": "31.01", "NAMELSAD": "Census Tract 31.01", "STUSPS": "CA", "NAMELSADCO": "Sacramento County", "STATE_NAME": "California", "LSAD": "CT", "ALAND": 1280466, "AWATER": 0, "centroid_lon": -121.41852495342241, "centroid_lat": 38.528654251979667, "B03002_001E": 3290, "B03002_001M": 820, "B03002_012E": 1865, "B03002_012M": 745, "B19013_001E": 88393, "B19013_001M": 11816, "B01003_001E": 3290, "state": "06", "county": "067", "tract": "003101", "latino_share": 0.56686930091185406, "camera_count": 1, "arterial_road_m": 3788.0022821275529, "land_area_km2": 1.280466, "pop_density_per_km2": 2569.3770861545718, "arterial_km_per_km2": 2.9582997768996231, "log_income": 11.389548059970034, "city": "Sacramento", "crime_count_raw": 0.0, "crime_rate_annual_per_km2_1000": 0.0 }, "geometry": { "type": "Polygon", "coordinates": [ [ [ -121.427541, 38.532303 ], [ -121.421147, 38.532365 ], [ -121.414343, 38.532232 ], [ -121.410181, 38.532209 ], [ -121.409149, 38.52927 ], [ -121.409124, 38.525063 ], [ -121.411799, 38.525065 ], [ -121.414432, 38.525066 ], [ -121.419937, 38.525071 ], [ -121.420091, 38.525071 ], [ -121.427515, 38.525077 ], [ -121.427763, 38.530768 ], [ -121.427541, 38.532303 ] ] ] } },
{ "type": "Feature", "properties": { "STATEFP": "06", "COUNTYFP": "067", "TRACTCE": "006400", "GEOIDFQ": "1400000US06067006400", "GEOID": "06067006400", "NAME": "64", "NAMELSAD": "Census Tract 64", "STUSPS": "CA", "NAMELSADCO": "Sacramento County", "STATE_NAME": "California", "LSAD": "CT", "ALAND": 3449978, "AWATER": 0, "centroid_lon": -121.42022013562868, "centroid_lat": 38.641762858761673, "B03002_001E": 5677, "B03002_001M": 986, "B03002_012E": 2481, "B03002_012M": 917, "B19013_001E": 66360, "B19013_001M": 12177, "B01003_001E": 5677, "state": "06", "county": "067", "tract": "006400", "latino_share": 0.43702659855557513, "camera_count": 1, "arterial_road_m": 17297.244906375185, "land_area_km2": 3.449978, "pop_density_per_km2": 1645.5177395334115, "arterial_km_per_km2": 5.0137261473479491, "log_income": 11.102849744304381, "city": "Sacramento", "crime_count_raw": 0.0, "crime_rate_annual_per_km2_1000": 0.0 }, "geometry": { "type": "Polygon", "coordinates": [ [ [ -121.429759, 38.636479 ], [ -121.429168, 38.638993 ], [ -121.429168, 38.640116 ], [ -121.429156, 38.642927 ], [ -121.429138, 38.654607 ], [ -121.421638, 38.654524 ], [ -121.421638, 38.652718 ], [ -121.423412, 38.651008 ], [ -121.419896, 38.650971 ], [ -121.417591, 38.649954 ], [ -121.417602, 38.647201 ], [ -121.410683, 38.647132 ], [ -121.410573, 38.639894 ], [ -121.405611, 38.639803 ], [ -121.405313, 38.63862 ], [ -121.406244, 38.637756 ], [ -121.411775, 38.63264 ], [ -121.412988, 38.632476 ], [ -121.419931, 38.632739 ], [ -121.430594, 38.632925 ], [ -121.429759, 38.636479 ] ] ] } },
{ "type": "Feature", "properties": { "STATEFP": "06", "COUNTYFP": "067", "TRACTCE": "004005", "GEOIDFQ": "1400000US06067004005", "GEOID": "06067004005", "NAME": "40.05", "NAMELSAD": "Census Tract 40.05", "STUSPS": "CA", "NAMELSADCO": "Sacramento County", "STATE_NAME": "California", "LSAD": "CT", "ALAND": 1862767, "AWATER": 351578, "centroid_lon": -121.53462255303504, "centroid_lat": 38.508163545831614, "B03002_001E": 4429, "B03002_001M": 467, "B03002_012E": 841, "B03002_012M": 354, "B19013_001E": 94394, "B19013_001M": 15790, "B01003_001E": 4429, "state": "06", "county": "067", "tract": "004005", "latino_share": 0.18988484985324, "camera_count": 0, "arterial_road_m": 6730.0266860245392, "land_area_km2": 1.862767, "pop_density_per_km2": 2377.6457281023336, "arterial_km_per_km2": 3.6129192142788331, "log_income": 11.455232790791579, "city": "Sacramento", "crime_count_raw": 0.0, "crime_rate_annual_per_km2_1000": 0.0 }, "geometry": { "type": "Polygon", "coordinates": [ [ [ -121.54548, 38.515615 ], [ -121.540823, 38.516504 ], [ -121.531396, 38.51727 ], [ -121.531237, 38.515831 ], [ -121.530532, 38.513878 ], [ -121.530364, 38.513908 ], [ -121.527527, 38.506687 ], [ -121.52724, 38.506756 ], [ -121.52624, 38.505034 ], [ -121.525988, 38.503413 ], [ -121.527225, 38.501074 ], [ -121.528691, 38.496955 ], [ -121.530902, 38.497407 ], [ -121.533674, 38.498005 ], [ -121.534872, 38.498697 ], [ -121.535364, 38.499284 ], [ -121.537911, 38.504223 ], [ -121.541951, 38.508499 ], [ -121.542764, 38.510062 ], [ -121.54548, 38.515615 ] ] ] } },
{ "type": "Feature", "properties": { "STATEFP": "06", "COUNTYFP": "067", "TRACTCE": "006300", "GEOIDFQ": "1400000US06067006300", "GEOID": "06067006300", "NAME": "63", "NAMELSAD": "Census Tract 63", "STUSPS": "CA", "NAMELSADCO": "Sacramento County", "STATE_NAME": "California", "LSAD": "CT", "ALAND": 2759886, "AWATER": 48714, "centroid_lon": -121.42933448800314, "centroid_lat": 38.622843541064746, "B03002_001E": 4538, "B03002_001M": 623, "B03002_012E": 1751, "B03002_012M": 442, "B19013_001E": 53098, "B19013_001M": 18772, "B01003_001E": 4538, "state": "06", "county": "067", "tract": "006300", "latino_share": 0.38585279858968707, "camera_count": 1, "arterial_road_m": 7660.4924188923542, "land_area_km2": 2.759886, "pop_density_per_km2": 1644.2708140843499, "arterial_km_per_km2": 2.7756553781179205, "log_income": 10.879894541737267, "city": "Sacramento", "crime_count_raw": 0.0, "crime_rate_annual_per_km2_1000": 0.0 }, "geometry": { "type": "Polygon", "coordinates": [ [ [ -121.445025, 38.613837 ], [ -121.440396, 38.617456 ], [ -121.438209, 38.619366 ], [ -121.436117, 38.621237 ], [ -121.434292, 38.623545 ], [ -121.434092, 38.623796 ], [ -121.433619, 38.624402 ], [ -121.432226, 38.627438 ], [ -121.430594, 38.632925 ], [ -121.419931, 38.632739 ], [ -121.412988, 38.632476 ], [ -121.411775, 38.63264 ], [ -121.413082, 38.631453 ], [ -121.419808, 38.62523 ], [ -121.42271, 38.622536 ], [ -121.435403, 38.610821 ], [ -121.438118, 38.611064 ], [ -121.443877, 38.611121 ], [ -121.443882, 38.612934 ], [ -121.445025, 38.613837 ] ] ] } },
{ "type": "Feature", "properties": { "STATEFP": "06", "COUNTYFP": "067", "TRACTCE": "007109", "GEOIDFQ": "1400000US06067007109", "GEOID": "06067007109", "NAME": "71.09", "NAMELSAD": "Census Tract 71.09", "STUSPS": "CA", "NAMELSADCO": "Sacramento County", "STATE_NAME": "California", "LSAD": "CT", "ALAND": 1661291, "AWATER": 11511, "centroid_lon": -121.51816722832204, "centroid_lat": 38.681482744928154, "B03002_001E": 3815, "B03002_001M": 541, "B03002_012E": 504, "B03002_012M": 204, "B19013_001E": 80236, "B19013_001M": 14529, "B01003_001E": 3815, "state": "06", "county": "067", "tract": "007109", "latino_share": 0.13211009174311927, "camera_count": 4, "arterial_road_m": 7512.8243232105051, "land_area_km2": 1.661291, "pop_density_per_km2": 2296.4068305913893, "arterial_km_per_km2": 4.5222807582840723, "log_income": 11.292727570944589, "city": "Sacramento", "crime_count_raw": 0.0, "crime_rate_annual_per_km2_1000": 0.0 }, "geometry": { "type": "Polygon", "coordinates": [ [ [ -121.531261, 38.685505 ], [ -121.51603, 38.685199 ], [ -121.507423, 38.685217 ], [ -121.507389, 38.68193 ], [ -121.507334, 38.676901 ], [ -121.507582, 38.676903 ], [ -121.510475, 38.676892 ], [ -121.512404, 38.677036 ], [ -121.51947, 38.675594 ], [ -121.519751, 38.676905 ], [ -121.519455, 38.677921 ], [ -121.524423, 38.679874 ], [ -121.528082, 38.680025 ], [ -121.529871, 38.680005 ], [ -121.531309, 38.680081 ], [ -121.531261, 38.685505 ] ] ] } },
{ "type": "Feature", "properties": { "STATEFP": "06", "COUNTYFP": "067", "TRACTCE": "004018", "GEOIDFQ": "1400000US06067004018", "GEOID": "06067004018", "NAME": "40.18", "NAMELSAD": "Census Tract 40.18", "STUSPS": "CA", "NAMELSADCO": "Sacramento County", "STATE_NAME": "California", "LSAD": "CT", "ALAND": 894029, "AWATER": 0, "centroid_lon": -121.53322879281194, "centroid_lat": 38.495053808196886, "B03002_001E": 3157, "B03002_001M": 793, "B03002_012E": 620, "B03002_012M": 498, "B19013_001E": 64014, "B19013_001M": 31384, "B01003_001E": 3157, "state": "06", "county": "067", "tract": "004018", "latino_share": 0.19638897687678175, "camera_count": 0, "arterial_road_m": 2772.9456602554365, "land_area_km2": 0.894029, "pop_density_per_km2": 3531.2053635844027, "arterial_km_per_km2": 3.1016283143560628, "log_income": 11.066857088419516, "city": "Sacramento", "crime_count_raw": 0.0, "crime_rate_annual_per_km2_1000": 0.0 }, "geometry": { "type": "Polygon", "coordinates": [ [ [ -121.544121, 38.497596 ], [ -121.534985, 38.498198 ], [ -121.534872, 38.498697 ], [ -121.533674, 38.498005 ], [ -121.530902, 38.497407 ], [ -121.528691, 38.496955 ], [ -121.52355, 38.495906 ], [ -121.523768, 38.493322 ], [ -121.522562, 38.492052 ], [ -121.523636, 38.492199 ], [ -121.533581, 38.491898 ], [ -121.53495, 38.490927 ], [ -121.534727, 38.491532 ], [ -121.53473, 38.493559 ], [ -121.540593, 38.493342 ], [ -121.542106, 38.494158 ], [ -121.543404, 38.496322 ], [ -121.544121, 38.497596 ] ] ] } },
{ "type": "Feature", "properties": { "STATEFP": "06", "COUNTYFP": "067", "TRACTCE": "007027", "GEOIDFQ": "1400000US06067007027", "GEOID": "06067007027", "NAME": "70.27", "NAMELSAD": "Census Tract 70.27", "STUSPS": "CA", "NAMELSADCO": "Sacramento County", "STATE_NAME": "California", "LSAD": "CT", "ALAND": 2533857, "AWATER": 21535, "centroid_lon": -121.51930869623706, "centroid_lat": 38.650370303244713, "B03002_001E": 2124, "B03002_001M": 635, "B03002_012E": 87, "B03002_012M": 82, "B19013_001E": 98304, "B19013_001M": 22329, "B01003_001E": 2124, "state": "06", "county": "067", "tract": "007027", "latino_share": 0.040960451977401127, "camera_count": 0, "arterial_road_m": 12472.633522348626, "land_area_km2": 2.533857, "pop_density_per_km2": 838.24777799220715, "arterial_km_per_km2": 4.922390459425543, "log_income": 11.49581999706729, "city": "Sacramento", "crime_count_raw": 0.0, "crime_rate_annual_per_km2_1000": 0.0 }, "geometry": { "type": "Polygon", "coordinates": [ [ [ -121.533248, 38.655764 ], [ -121.525475, 38.655851 ], [ -121.521981, 38.655891 ], [ -121.507096, 38.656031 ], [ -121.50713, 38.646933 ], [ -121.511703, 38.646652 ], [ -121.513234, 38.646001 ], [ -121.513854, 38.645569 ], [ -121.514792, 38.644642 ], [ -121.517599, 38.643188 ], [ -121.526325, 38.643031 ], [ -121.529655, 38.64913 ], [ -121.533248, 38.655764 ] ] ] } },
{ "type": "Feature", "properties": { "STATEFP": "06", "COUNTYFP": "067", "TRACTCE": "003002", "GEOIDFQ": "1400000US06067003002", "GEOID": "06067003002", "NAME": "30.02", "NAMELSAD": "Census Tract 30.02", "STUSPS": "CA", "NAMELSADCO": "Sacramento County", "STATE_NAME": "California", "LSAD": "CT", "ALAND": 1433487, "AWATER": 0, "centroid_lon": -121.43767377683324, "centroid_lat": 38.535975066438745, "B03002_001E": 3847, "B03002_001M": 555, "B03002_012E": 1535, "B03002_012M": 402, "B19013_001E": 76648, "B19013_001M": 9419, "B01003_001E": 3847, "state": "06", "county": "067", "tract": "003002", "latino_share": 0.39901221731219133, "camera_count": 0, "arterial_road_m": 1869.9984593332617, "land_area_km2": 1.433487, "pop_density_per_km2": 2683.6657744367408, "arterial_km_per_km2": 1.3045102322750479, "log_income": 11.24697879133071, "city": "Sacramento", "crime_count_raw": 0.0, "crime_rate_annual_per_km2_1000": 0.0 }, "geometry": { "type": "Polygon", "coordinates": [ [ [ -121.449713, 38.539418 ], [ -121.443942, 38.539439 ], [ -121.441969, 38.539447 ], [ -121.438575, 38.539483 ], [ -121.434483, 38.539526 ], [ -121.43293, 38.539542 ], [ -121.427673, 38.539597 ], [ -121.427366, 38.538188 ], [ -121.427541, 38.532303 ], [ -121.432758, 38.532347 ], [ -121.434458, 38.532331 ], [ -121.435292, 38.532262 ], [ -121.442113, 38.532146 ], [ -121.44508, 38.532072 ], [ -121.445786, 38.531874 ], [ -121.445939, 38.532197 ], [ -121.447398, 38.535171 ], [ -121.449713, 38.539418 ] ] ] } },
{ "type": "Feature", "properties": { "STATEFP": "06", "COUNTYFP": "067", "TRACTCE": "007028", "GEOIDFQ": "1400000US06067007028", "GEOID": "06067007028", "NAME": "70.28", "NAMELSAD": "Census Tract 70.28", "STUSPS": "CA", "NAMELSADCO": "Sacramento County", "STATE_NAME": "California", "LSAD": "CT", "ALAND": 2292798, "AWATER": 91922, "centroid_lon": -121.51476608924747, "centroid_lat": 38.637432531050877, "B03002_001E": 4811, "B03002_001M": 708, "B03002_012E": 1731, "B03002_012M": 559, "B19013_001E": 98661, "B19013_001M": 20403, "B01003_001E": 4811, "state": "06", "county": "067", "tract": "007028", "latino_share": 0.35980045728538768, "camera_count": 3, "arterial_road_m": 15261.49861035189, "land_area_km2": 2.292798, "pop_density_per_km2": 2098.309576334243, "arterial_km_per_km2": 6.6562770075479349, "log_income": 11.49944501055635, "city": "Sacramento", "crime_count_raw": 0.0, "crime_rate_annual_per_km2_1000": 0.0 }, "geometry": { "type": "Polygon", "coordinates": [ [ [ -121.526325, 38.643031 ], [ -121.517599, 38.643188 ], [ -121.514792, 38.644642 ], [ -121.513854, 38.645569 ], [ -121.513234, 38.646001 ], [ -121.511703, 38.646652 ], [ -121.50713, 38.646933 ], [ -121.50714, 38.63939 ], [ -121.507157, 38.633551 ], [ -121.507983, 38.631432 ], [ -121.508801, 38.630488 ], [ -121.513633, 38.627728 ], [ -121.514839, 38.627773 ], [ -121.518508, 38.627774 ], [ -121.520785, 38.632763 ], [ -121.526325, 38.643031 ] ] ] } },
{ "type": "Feature", "properties": { "STATEFP": "06", "COUNTYFP": "067", "TRACTCE": "005201", "GEOIDFQ": "1400000US06067005201", "GEOID": "06067005201", "NAME": "52.01", "NAMELSAD": "Census Tract 52.01", "STUSPS": "CA", "NAMELSADCO": "Sacramento County", "STATE_NAME": "California", "LSAD": "CT", "ALAND": 1877200, "AWATER": 88547, "centroid_lon": -121.42104097256899, "centroid_lat": 38.559297083703875, "B03002_001E": 3663, "B03002_001M": 190, "B03002_012E": 1613, "B03002_012M": 272, "B19013_001E": 52237, "B19013_001M": 12324, "B01003_001E": 3663, "state": "06", "county": "067", "tract": "005201", "latino_share": 0.44034944034944035, "camera_count": 9, "arterial_road_m": 12766.310800689056, "land_area_km2": 1.8772, "pop_density_per_km2": 1951.3104623907948, "arterial_km_per_km2": 6.800719582723767, "log_income": 10.863546335042498, "city": "Sacramento", "crime_count_raw": 0.0, "crime_rate_annual_per_km2_1000": 0.0 }, "geometry": { "type": "Polygon", "coordinates": [ [ [ -121.431961, 38.56731 ], [ -121.423085, 38.56883 ], [ -121.42269, 38.566577 ], [ -121.420346, 38.562225 ], [ -121.419131, 38.560912 ], [ -121.416911, 38.559797 ], [ -121.415231, 38.559629 ], [ -121.409268, 38.560278 ], [ -121.409435, 38.557678 ], [ -121.409349, 38.55381 ], [ -121.421645, 38.55102 ], [ -121.43056, 38.562125 ], [ -121.431228, 38.564401 ], [ -121.431961, 38.56731 ] ] ] } },
{ "type": "Feature", "properties": { "STATEFP": "06", "COUNTYFP": "067", "TRACTCE": "007010", "GEOIDFQ": "1400000US06067007010", "GEOID": "06067007010", "NAME": "70.10", "NAMELSAD": "Census Tract 70.10", "STUSPS": "CA", "NAMELSADCO": "Sacramento County", "STATE_NAME": "California", "LSAD": "CT", "ALAND": 2462205, "AWATER": 178287, "centroid_lon": -121.51634423986015, "centroid_lat": 38.610580800789322, "B03002_001E": 3921, "B03002_001M": 501, "B03002_012E": 829, "B03002_012M": 287, "B19013_001E": 76588, "B19013_001M": 18938, "B01003_001E": 3921, "state": "06", "county": "067", "tract": "007010", "latino_share": 0.21142565672022443, "camera_count": 0, "arterial_road_m": 11811.076033811176, "land_area_km2": 2.462205, "pop_density_per_km2": 1592.4750376187199, "arterial_km_per_km2": 4.79695071442515, "log_income": 11.246195685493095, "city": "Sacramento", "crime_count_raw": 0.0, "crime_rate_annual_per_km2_1000": 0.0 }, "geometry": { "type": "Polygon", "coordinates": [ [ [ -121.524824, 38.605599 ], [ -121.524061, 38.608103 ], [ -121.524017, 38.610204 ], [ -121.521554, 38.613995 ], [ -121.523693, 38.616104 ], [ -121.524046, 38.621486 ], [ -121.517356, 38.625027 ], [ -121.513048, 38.615857 ], [ -121.51256, 38.614858 ], [ -121.508085, 38.606233 ], [ -121.505114, 38.600503 ], [ -121.506278, 38.59976 ], [ -121.508668, 38.596803 ], [ -121.511566, 38.600904 ], [ -121.515766, 38.602704 ], [ -121.524954, 38.604171 ], [ -121.524824, 38.605599 ] ] ] } },
{ "type": "Feature", "properties": { "STATEFP": "06", "COUNTYFP": "067", "TRACTCE": "004015", "GEOIDFQ": "1400000US06067004015", "GEOID": "06067004015", "NAME": "40.15", "NAMELSAD": "Census Tract 40.15", "STUSPS": "CA", "NAMELSADCO": "Sacramento County", "STATE_NAME": "California", "LSAD": "CT", "ALAND": 1704668, "AWATER": 0, "centroid_lon": -121.54539770619375, "centroid_lat": 38.501710877827122, "B03002_001E": 4317, "B03002_001M": 536, "B03002_012E": 646, "B03002_012M": 194, "B19013_001E": 92568, "B19013_001M": 8821, "B01003_001E": 4317, "state": "06", "county": "067", "tract": "004015", "latino_share": 0.14964095436645819, "camera_count": 0, "arterial_road_m": 5742.5714562811581, "land_area_km2": 1.704668, "pop_density_per_km2": 2532.4579331576588, "arterial_km_per_km2": 3.3687330649024667, "log_income": 11.435698788556174, "city": "Sacramento", "crime_count_raw": 0.0, "crime_rate_annual_per_km2_1000": 0.0 }, "geometry": { "type": "Polygon", "coordinates": [ [ [ -121.55445, 38.501212 ], [ -121.551609, 38.505114 ], [ -121.550163, 38.505551 ], [ -121.549931, 38.506079 ], [ -121.542764, 38.510062 ], [ -121.541951, 38.508499 ], [ -121.537911, 38.504223 ], [ -121.535364, 38.499284 ], [ -121.534872, 38.498697 ], [ -121.534985, 38.498198 ], [ -121.544121, 38.497596 ], [ -121.543404, 38.496322 ], [ -121.548803, 38.495904 ], [ -121.552482, 38.494536 ], [ -121.553125, 38.496512 ], [ -121.55445, 38.501212 ] ] ] } },
{ "type": "Feature", "properties": { "STATEFP": "06", "COUNTYFP": "067", "TRACTCE": "004013", "GEOIDFQ": "1400000US06067004013", "GEOID": "06067004013", "NAME": "40.13", "NAMELSAD": "Census Tract 40.13", "STUSPS": "CA", "NAMELSADCO": "Sacramento County", "STATE_NAME": "California", "LSAD": "CT", "ALAND": 2359367, "AWATER": 0, "centroid_lon": -121.51068516712665, "centroid_lat": 38.493544482858439, "B03002_001E": 3522, "B03002_001M": 956, "B03002_012E": 985, "B03002_012M": 913, "B19013_001E": 86484, "B19013_001M": 39870, "B01003_001E": 3522, "state": "06", "county": "067", "tract": "004013", "latino_share": 0.27967064168086314, "camera_count": 0, "arterial_road_m": 17592.272011766083, "land_area_km2": 2.359367, "pop_density_per_km2": 1492.7732735093775, "arterial_km_per_km2": 7.4563524927516927, "log_income": 11.367714704712441, "city": "Sacramento", "crime_count_raw": 0.0, "crime_rate_annual_per_km2_1000": 0.0 }, "geometry": { "type": "Polygon", "coordinates": [ [ [ -121.517767, 38.501317 ], [ -121.516809, 38.501406 ], [ -121.517105, 38.503096 ], [ -121.516569, 38.50779 ], [ -121.515557, 38.507768 ], [ -121.511781, 38.506147 ], [ -121.508407, 38.503308 ], [ -121.506339, 38.502775 ], [ -121.505854, 38.502777 ], [ -121.505964, 38.499403 ], [ -121.506064, 38.495632 ], [ -121.506189, 38.489593 ], [ -121.505073, 38.481269 ], [ -121.50423, 38.475109 ], [ -121.508848, 38.478669 ], [ -121.510714, 38.4812 ], [ -121.512805, 38.48609 ], [ -121.516668, 38.495476 ], [ -121.517292, 38.497641 ], [ -121.517767, 38.501317 ] ] ] } },
{ "type": "Feature", "properties": { "STATEFP": "06", "COUNTYFP": "067", "TRACTCE": "007204", "GEOIDFQ": "1400000US06067007204", "GEOID": "06067007204", "NAME": "72.04", "NAMELSAD": "Census Tract 72.04", "STUSPS": "CA", "NAMELSADCO": "Sacramento County", "STATE_NAME": "California", "LSAD": "CT", "ALAND": 8097463, "AWATER": 0, "centroid_lon": -121.44665930517679, "centroid_lat": 38.662414199408843, "B03002_001E": 6164, "B03002_001M": 1009, "B03002_012E": 2237, "B03002_012M": 866, "B19013_001E": 95381, "B19013_001M": 24962, "B01003_001E": 6164, "state": "06", "county": "067", "tract": "007204", "latino_share": 0.36291369240752758, "camera_count": 2, "arterial_road_m": 8672.6125614141674, "land_area_km2": 8.097463, "pop_density_per_km2": 761.22607784685158, "arterial_km_per_km2": 1.0710283654786898, "log_income": 11.465634676175531, "city": "Sacramento", "crime_count_raw": 0.0, "crime_rate_annual_per_km2_1000": 0.0 }, "geometry": { "type": "Polygon", "coordinates": [ [ [ -121.475382, 38.669965 ], [ -121.466103, 38.669899 ], [ -121.447431, 38.669199 ], [ -121.429142, 38.669109 ], [ -121.417619, 38.668995 ], [ -121.415264, 38.668976 ], [ -121.415301, 38.658307 ], [ -121.417521, 38.660104 ], [ -121.419935, 38.660044 ], [ -121.422228, 38.658033 ], [ -121.421638, 38.654524 ], [ -121.429138, 38.654607 ], [ -121.438415, 38.654708 ], [ -121.440926, 38.654735 ], [ -121.442841, 38.656442 ], [ -121.447452, 38.654899 ], [ -121.448696, 38.654834 ], [ -121.456912, 38.654932 ], [ -121.465178, 38.655024 ], [ -121.46615, 38.655169 ], [ -121.467087, 38.655334 ], [ -121.474322, 38.655347 ], [ -121.477105, 38.669996 ], [ -121.475382, 38.669965 ] ] ] } },
{ "type": "Feature", "properties": { "STATEFP": "06", "COUNTYFP": "067", "TRACTCE": "002900", "GEOIDFQ": "1400000US06067002900", "GEOID": "06067002900", "NAME": "29", "NAMELSAD": "Census Tract 29", "STUSPS": "CA", "NAMELSADCO": "Sacramento County", "STATE_NAME": "California", "LSAD": "CT", "ALAND": 2317592, "AWATER": 0, "centroid_lon": -121.43475169956854, "centroid_lat": 38.542884981530683, "B03002_001E": 5061, "B03002_001M": 812, "B03002_012E": 1119, "B03002_012M": 307, "B19013_001E": 82083, "B19013_001M": 15878, "B01003_001E": 5061, "state": "06", "county": "067", "tract": "002900", "latino_share": 0.22110254890337877, "camera_count": 0, "arterial_road_m": 4479.9195190224418, "land_area_km2": 2.317592, "pop_density_per_km2": 2183.7320805387662, "arterial_km_per_km2": 1.9330061197235933, "log_income": 11.315486209444275, "city": "Sacramento", "crime_count_raw": 0.0, "crime_rate_annual_per_km2_1000": 0.0 }, "geometry": { "type": "Polygon", "coordinates": [ [ [ -121.45384, 38.546757 ], [ -121.444012, 38.546671 ], [ -121.439162, 38.546722 ], [ -121.438211, 38.546732 ], [ -121.436516, 38.546753 ], [ -121.432953, 38.546796 ], [ -121.42787, 38.546858 ], [ -121.427857, 38.544634 ], [ -121.423117, 38.544615 ], [ -121.416577, 38.544644 ], [ -121.414636, 38.542009 ], [ -121.413173, 38.539564 ], [ -121.421167, 38.539605 ], [ -121.427673, 38.539597 ], [ -121.43293, 38.539542 ], [ -121.434483, 38.539526 ], [ -121.438575, 38.539483 ], [ -121.441969, 38.539447 ], [ -121.443942, 38.539439 ], [ -121.449713, 38.539418 ], [ -121.451646, 38.542843 ], [ -121.45384, 38.546757 ] ] ] } },
{ "type": "Feature", "properties": { "STATEFP": "06", "COUNTYFP": "067", "TRACTCE": "004201", "GEOIDFQ": "1400000US06067004201", "GEOID": "06067004201", "NAME": "42.01", "NAMELSAD": "Census Tract 42.01", "STUSPS": "CA", "NAMELSADCO": "Sacramento County", "STATE_NAME": "California", "LSAD": "CT", "ALAND": 1898577, "AWATER": 0, "centroid_lon": -121.49898995872663, "centroid_lat": 38.48872484256853, "B03002_001E": 5862, "B03002_001M": 974, "B03002_012E": 2864, "B03002_012M": 898, "B19013_001E": 82323, "B19013_001M": 7979, "B01003_001E": 5862, "state": "06", "county": "067", "tract": "004201", "latino_share": 0.48857045377004438, "camera_count": 5, "arterial_road_m": 6365.0563652203182, "land_area_km2": 1.898577, "pop_density_per_km2": 3087.5755895072994, "arterial_km_per_km2": 3.3525405423221275, "log_income": 11.318405812992584, "city": "Sacramento", "crime_count_raw": 0.0, "crime_rate_annual_per_km2_1000": 0.0 }, "geometry": { "type": "Polygon", "coordinates": [ [ [ -121.506064, 38.495632 ], [ -121.503261, 38.495679 ], [ -121.491264, 38.495727 ], [ -121.491876, 38.493927 ], [ -121.491963, 38.489044 ], [ -121.49239, 38.483828 ], [ -121.49335, 38.481412 ], [ -121.494648, 38.481396 ], [ -121.496695, 38.481371 ], [ -121.501312, 38.481315 ], [ -121.505073, 38.481269 ], [ -121.506189, 38.489593 ], [ -121.506064, 38.495632 ] ] ] } },
{ "type": "Feature", "properties": { "STATEFP": "06", "COUNTYFP": "067", "TRACTCE": "001601", "GEOIDFQ": "1400000US06067001601", "GEOID": "06067001601", "NAME": "16.01", "NAMELSAD": "Census Tract 16.01", "STUSPS": "CA", "NAMELSADCO": "Sacramento County", "STATE_NAME": "California", "LSAD": "CT", "ALAND": 1897889, "AWATER": 0, "centroid_lon": -121.43492624801142, "centroid_lat": 38.560002763825473, "B03002_001E": 3686, "B03002_001M": 611, "B03002_012E": 863, "B03002_012M": 404, "B19013_001E": 112105, "B19013_001M": 38810, "B01003_001E": 3686, "state": "06", "county": "067", "tract": "001601", "latino_share": 0.23412913727618015, "camera_count": 0, "arterial_road_m": 12202.362057973718, "land_area_km2": 1.897889, "pop_density_per_km2": 1942.1578395786055, "arterial_km_per_km2": 6.4294392654015686, "log_income": 11.627191211098571, "city": "Sacramento", "crime_count_raw": 0.0, "crime_rate_annual_per_km2_1000": 0.0 }, "geometry": { "type": "Polygon", "coordinates": [ [ [ -121.443819, 38.560653 ], [ -121.442599, 38.563449 ], [ -121.442814, 38.56401 ], [ -121.440678, 38.569133 ], [ -121.433328, 38.567203 ], [ -121.431961, 38.56731 ], [ -121.431228, 38.564401 ], [ -121.43056, 38.562125 ], [ -121.421645, 38.55102 ], [ -121.421102, 38.550326 ], [ -121.423299, 38.551357 ], [ -121.436626, 38.555008 ], [ -121.44443, 38.557161 ], [ -121.443819, 38.560653 ] ] ] } },
{ "type": "Feature", "properties": { "STATEFP": "06", "COUNTYFP": "067", "TRACTCE": "006802", "GEOIDFQ": "1400000US06067006802", "GEOID": "06067006802", "NAME": "68.02", "NAMELSAD": "Census Tract 68.02", "STUSPS": "CA", "NAMELSADCO": "Sacramento County", "STATE_NAME": "California", "LSAD": "CT", "ALAND": 589039, "AWATER": 0, "centroid_lon": -121.45142919493004, "centroid_lat": 38.613533016974522, "B03002_001E": 2099, "B03002_001M": 610, "B03002_012E": 881, "B03002_012M": 288, "B19013_001E": 29041, "B19013_001M": 3019, "B01003_001E": 2099, "state": "06", "county": "067", "tract": "006802", "latino_share": 0.41972367794187709, "camera_count": 0, "arterial_road_m": 2208.7490559552248, "land_area_km2": 0.589039, "pop_density_per_km2": 3563.4312838368937, "arterial_km_per_km2": 3.7497501115464766, "log_income": 10.27646390360756, "city": "Sacramento", "crime_count_raw": 0.0, "crime_rate_annual_per_km2_1000": 0.0 }, "geometry": { "type": "Polygon", "coordinates": [ [ [ -121.45818, 38.611142 ], [ -121.456945, 38.612682 ], [ -121.456945, 38.616845 ], [ -121.449067, 38.616597 ], [ -121.450015, 38.615593 ], [ -121.451068, 38.614808 ], [ -121.446173, 38.614743 ], [ -121.445025, 38.613837 ], [ -121.443882, 38.612934 ], [ -121.443877, 38.611121 ], [ -121.448495, 38.611123 ], [ -121.457786, 38.611138 ], [ -121.45818, 38.611142 ] ] ] } },
{ "type": "Feature", "properties": { "STATEFP": "06", "COUNTYFP": "067", "TRACTCE": "007111", "GEOIDFQ": "1400000US06067007111", "GEOID": "06067007111", "NAME": "71.11", "NAMELSAD": "Census Tract 71.11", "STUSPS": "CA", "NAMELSADCO": "Sacramento County", "STATE_NAME": "California", "LSAD": "CT", "ALAND": 1103046, "AWATER": 0, "centroid_lon": -121.52362826470903, "centroid_lat": 38.673729076425914, "B03002_001E": 4667, "B03002_001M": 894, "B03002_012E": 932, "B03002_012M": 255, "B19013_001E": 144492, "B19013_001M": 22740, "B01003_001E": 4667, "state": "06", "county": "067", "tract": "007111", "latino_share": 0.19970002142704094, "camera_count": 8, "arterial_road_m": 3182.6948041840014, "land_area_km2": 1.103046, "pop_density_per_km2": 4231.0112180271717, "arterial_km_per_km2": 2.8853690636510185, "log_income": 11.88097942168022, "city": "Sacramento", "crime_count_raw": 0.0, "crime_rate_annual_per_km2_1000": 0.0 }, "geometry": { "type": "Polygon", "coordinates": [ [ [ -121.531452, 38.679459 ], [ -121.531309, 38.680081 ], [ -121.529871, 38.680005 ], [ -121.528082, 38.680025 ], [ -121.524423, 38.679874 ], [ -121.519455, 38.677921 ], [ -121.519751, 38.676905 ], [ -121.51947, 38.675594 ], [ -121.519179, 38.674434 ], [ -121.519133, 38.672947 ], [ -121.517302, 38.668599 ], [ -121.517281, 38.6663 ], [ -121.520345, 38.665922 ], [ -121.52466, 38.666446 ], [ -121.524241, 38.670524 ], [ -121.524894, 38.672206 ], [ -121.526356, 38.673803 ], [ -121.529841, 38.674456 ], [ -121.531185, 38.677031 ], [ -121.531414, 38.677607 ], [ -121.531452, 38.679459 ] ] ] } },
{ "type": "Feature", "properties": { "STATEFP": "06", "COUNTYFP": "067", "TRACTCE": "004016", "GEOIDFQ": "1400000US06067004016", "GEOID": "06067004016", "NAME": "40.16", "NAMELSAD": "Census Tract 40.16", "STUSPS": "CA", "NAMELSADCO": "Sacramento County", "STATE_NAME": "California", "LSAD": "CT", "ALAND": 1161861, "AWATER": 255126, "centroid_lon": -121.55227679172265, "centroid_lat": 38.505890059424964, "B03002_001E": 1798, "B03002_001M": 209, "B03002_012E": 219, "B03002_012M": 110, "B19013_001E": 111000, "B19013_001M": 41254, "B01003_001E": 1798, "state": "06", "county": "067", "tract": "004016", "latino_share": 0.1218020022246941, "camera_count": 0, "arterial_road_m": 423.92956347621907, "land_area_km2": 1.161861, "pop_density_per_km2": 1547.5173019836279, "arterial_km_per_km2": 0.3648711536717551, "log_income": 11.617285480294472, "city": "Sacramento", "crime_count_raw": 0.0, "crime_rate_annual_per_km2_1000": 0.0 }, "geometry": { "type": "Polygon", "coordinates": [ [ [ -121.559036, 38.499592 ], [ -121.558701, 38.501939 ], [ -121.558676, 38.50214 ], [ -121.55855, 38.503174 ], [ -121.554985, 38.510164 ], [ -121.553569, 38.512305 ], [ -121.551782, 38.513861 ], [ -121.54548, 38.515615 ], [ -121.542764, 38.510062 ], [ -121.549931, 38.506079 ], [ -121.550163, 38.505551 ], [ -121.551609, 38.505114 ], [ -121.55445, 38.501212 ], [ -121.553125, 38.496512 ], [ -121.552482, 38.494536 ], [ -121.554721, 38.493618 ], [ -121.555932, 38.492849 ], [ -121.558271, 38.496356 ], [ -121.558799, 38.497479 ], [ -121.559036, 38.499592 ] ] ] } },
{ "type": "Feature", "properties": { "STATEFP": "06", "COUNTYFP": "067", "TRACTCE": "005205", "GEOIDFQ": "1400000US06067005205", "GEOID": "06067005205", "NAME": "52.05", "NAMELSAD": "Census Tract 52.05", "STUSPS": "CA", "NAMELSADCO": "Sacramento County", "STATE_NAME": "California", "LSAD": "CT", "ALAND": 8885997, "AWATER": 0, "centroid_lon": -121.39552480236014, "centroid_lat": 38.537457830433411, "B03002_001E": 3855, "B03002_001M": 1210, "B03002_012E": 1133, "B03002_012M": 637, "B19013_001E": 56797, "B19013_001M": 5623, "B01003_001E": 3855, "state": "06", "county": "067", "tract": "005205", "latino_share": 0.29390402075226979, "camera_count": 10, "arterial_road_m": 23169.769485489087, "land_area_km2": 8.885997, "pop_density_per_km2": 433.82864072540201, "arterial_km_per_km2": 2.6074473675254546, "log_income": 10.947238786412973, "city": "Sacramento", "crime_count_raw": 0.0, "crime_rate_annual_per_km2_1000": 0.0 }, "geometry": { "type": "Polygon", "coordinates": [ [ [ -121.421645, 38.55102 ], [ -121.409349, 38.55381 ], [ -121.404808, 38.554852 ], [ -121.393898, 38.557248 ], [ -121.393634, 38.555656 ], [ -121.396468, 38.555903 ], [ -121.402412, 38.554556 ], [ -121.403315, 38.55358 ], [ -121.403344, 38.550712 ], [ -121.400017, 38.550726 ], [ -121.399414, 38.550863 ], [ -121.39821, 38.549008 ], [ -121.398988, 38.54707 ], [ -121.398728, 38.546637 ], [ -121.390885, 38.544396 ], [ -121.386309, 38.543097 ], [ -121.370952, 38.538759 ], [ -121.371, 38.535138 ], [ -121.370354, 38.52966 ], [ -121.370294, 38.525245 ], [ -121.390694, 38.525179 ], [ -121.409124, 38.525063 ], [ -121.409149, 38.52927 ], [ -121.410181, 38.532209 ], [ -121.413173, 38.539564 ], [ -121.414636, 38.542009 ], [ -121.416577, 38.544644 ], [ -121.421102, 38.550326 ], [ -121.421645, 38.55102 ] ] ] } },
{ "type": "Feature", "properties": { "STATEFP": "06", "COUNTYFP": "067", "TRACTCE": "003700", "GEOIDFQ": "1400000US06067003700", "GEOID": "06067003700", "NAME": "37", "NAMELSAD": "Census Tract 37", "STUSPS": "CA", "NAMELSADCO": "Sacramento County", "STATE_NAME": "California", "LSAD": "CT", "ALAND": 1427626, "AWATER": 0, "centroid_lon": -121.46931927259868, "centroid_lat": 38.533623020738773, "B03002_001E": 4620, "B03002_001M": 581, "B03002_012E": 1332, "B03002_012M": 429, "B19013_001E": 69935, "B19013_001M": 18407, "B01003_001E": 4620, "state": "06", "county": "067", "tract": "003700", "latino_share": 0.2883116883116883, "camera_count": 2, "arterial_road_m": 9429.4264440397001, "land_area_km2": 1.427626, "pop_density_per_km2": 3236.1416785628726, "arterial_km_per_km2": 6.6049696797618562, "log_income": 11.155321518213404, "city": "Sacramento", "crime_count_raw": 0.0, "crime_rate_annual_per_km2_1000": 0.0 }, "geometry": { "type": "Polygon", "coordinates": [ [ [ -121.475758, 38.541064 ], [ -121.473931, 38.541158 ], [ -121.473693, 38.541166 ], [ -121.471217, 38.541213 ], [ -121.470546, 38.54121 ], [ -121.467459, 38.541139 ], [ -121.464767, 38.541193 ], [ -121.46476, 38.539527 ], [ -121.464713, 38.533606 ], [ -121.464712, 38.533461 ], [ -121.4647, 38.532137 ], [ -121.464626, 38.524951 ], [ -121.465853, 38.524943 ], [ -121.467786, 38.524925 ], [ -121.470148, 38.524903 ], [ -121.471747, 38.52489 ], [ -121.473437, 38.53159 ], [ -121.47396, 38.533665 ], [ -121.475758, 38.541064 ] ] ] } },
{ "type": "Feature", "properties": { "STATEFP": "06", "COUNTYFP": "067", "TRACTCE": "007413", "GEOIDFQ": "1400000US06067007413", "GEOID": "06067007413", "NAME": "74.13", "NAMELSAD": "Census Tract 74.13", "STUSPS": "CA", "NAMELSADCO": "Sacramento County", "STATE_NAME": "California", "LSAD": "CT", "ALAND": 5486061, "AWATER": 192933, "centroid_lon": -121.38939289725462, "centroid_lat": 38.643475483544755, "B03002_001E": 6693, "B03002_001M": 769, "B03002_012E": 2221, "B03002_012M": 820, "B19013_001E": 60428, "B19013_001M": 8449, "B01003_001E": 6693, "state": "06", "county": "067", "tract": "007413", "latino_share": 0.3318392350216644, "camera_count": 3, "arterial_road_m": 48958.616966075795, "land_area_km2": 5.486061, "pop_density_per_km2": 1220.0010171232145, "arterial_km_per_km2": 8.9241838481336231, "log_income": 11.009207852663616, "city": "Sacramento", "crime_count_raw": 0.0, "crime_rate_annual_per_km2_1000": 0.0 }, "geometry": { "type": "Polygon", "coordinates": [ [ [ -121.419808, 38.62523 ], [ -121.413082, 38.631453 ], [ -121.411775, 38.63264 ], [ -121.406244, 38.637756 ], [ -121.405313, 38.63862 ], [ -121.405611, 38.639803 ], [ -121.404045, 38.639788 ], [ -121.403146, 38.64061 ], [ -121.40134, 38.64228 ], [ -121.397845, 38.645512 ], [ -121.39711, 38.64503 ], [ -121.3873, 38.646582 ], [ -121.384249, 38.646279 ], [ -121.382956, 38.649178 ], [ -121.382914, 38.654134 ], [ -121.382869, 38.659321 ], [ -121.382421, 38.659731 ], [ -121.38033, 38.661013 ], [ -121.373642, 38.661185 ], [ -121.364372, 38.661054 ], [ -121.360249, 38.661002 ], [ -121.36806, 38.653943 ], [ -121.37416, 38.648271 ], [ -121.377174, 38.646121 ], [ -121.382008, 38.64102 ], [ -121.383201, 38.63989 ], [ -121.382941, 38.637155 ], [ -121.392169, 38.6336 ], [ -121.40138, 38.630075 ], [ -121.410655, 38.626469 ], [ -121.411074, 38.62616 ], [ -121.415281, 38.624541 ], [ -121.416419, 38.624506 ], [ -121.41991, 38.623023 ], [ -121.419808, 38.62523 ] ] ] } },
{ "type": "Feature", "properties": { "STATEFP": "06", "COUNTYFP": "067", "TRACTCE": "003202", "GEOIDFQ": "1400000US06067003202", "GEOID": "06067003202", "NAME": "32.02", "NAMELSAD": "Census Tract 32.02", "STUSPS": "CA", "NAMELSADCO": "Sacramento County", "STATE_NAME": "California", "LSAD": "CT", "ALAND": 1653991, "AWATER": 0, "centroid_lon": -121.43351260771875, "centroid_lat": 38.518457215561398, "B03002_001E": 4816, "B03002_001M": 600, "B03002_012E": 2201, "B03002_012M": 651, "B19013_001E": 53837, "B19013_001M": 13774, "B01003_001E": 4816, "state": "06", "county": "067", "tract": "003202", "latino_share": 0.45701827242524917, "camera_count": 3, "arterial_road_m": 4901.2542907819325, "land_area_km2": 1.653991, "pop_density_per_km2": 2911.7449853112867, "arterial_km_per_km2": 2.9632895770182137, "log_income": 10.893716242112367, "city": "Sacramento", "crime_count_raw": 0.0, "crime_rate_annual_per_km2_1000": 0.0 }, "geometry": { "type": "Polygon", "coordinates": [ [ [ -121.44259, 38.524974 ], [ -121.438691, 38.525001 ], [ -121.433813, 38.525034 ], [ -121.432848, 38.525041 ], [ -121.427515, 38.525077 ], [ -121.427481, 38.519732 ], [ -121.427459, 38.515993 ], [ -121.427454, 38.513894 ], [ -121.427447, 38.510522 ], [ -121.435862, 38.510507 ], [ -121.438352, 38.515855 ], [ -121.439229, 38.517704 ], [ -121.439757, 38.518818 ], [ -121.440148, 38.51967 ], [ -121.44197, 38.523625 ], [ -121.44259, 38.524974 ] ] ] } },
{ "type": "Feature", "properties": { "STATEFP": "06", "COUNTYFP": "067", "TRACTCE": "005402", "GEOIDFQ": "1400000US06067005402", "GEOID": "06067005402", "NAME": "54.02", "NAMELSAD": "Census Tract 54.02", "STUSPS": "CA", "NAMELSADCO": "Sacramento County", "STATE_NAME": "California", "LSAD": "CT", "ALAND": 5481123, "AWATER": 238328, "centroid_lon": -121.43174011990395, "centroid_lat": 38.589639749881165, "B03002_001E": 3093, "B03002_001M": 382, "B03002_012E": 548, "B03002_012M": 237, "B19013_001E": 62012, "B19013_001M": 10817, "B01003_001E": 3093, "state": "06", "county": "067", "tract": "005402", "latino_share": 0.1771742644681539, "camera_count": 9, "arterial_road_m": 25844.692377205771, "land_area_km2": 5.481123, "pop_density_per_km2": 564.30041799828246, "arterial_km_per_km2": 4.715218464757271, "log_income": 11.035083193686253, "city": "Sacramento", "crime_count_raw": 0.0, "crime_rate_annual_per_km2_1000": 0.0 }, "geometry": { "type": "Polygon", "coordinates": [ [ [ -121.450046, 38.593839 ], [ -121.449431, 38.596446 ], [ -121.448161, 38.598732 ], [ -121.446882, 38.600211 ], [ -121.441276, 38.600252 ], [ -121.43864, 38.60076 ], [ -121.435047, 38.603622 ], [ -121.430626, 38.601347 ], [ -121.419986, 38.596079 ], [ -121.420005, 38.588942 ], [ -121.415312, 38.588888 ], [ -121.415326, 38.581652 ], [ -121.415333, 38.577994 ], [ -121.415338, 38.575348 ], [ -121.41534, 38.57487 ], [ -121.415295, 38.574112 ], [ -121.416662, 38.573392 ], [ -121.41874, 38.57096 ], [ -121.42012, 38.569614 ], [ -121.422592, 38.568914 ], [ -121.423085, 38.56883 ], [ -121.423118, 38.570881 ], [ -121.421827, 38.575931 ], [ -121.421688, 38.577442 ], [ -121.419928, 38.580593 ], [ -121.420059, 38.581383 ], [ -121.422758, 38.583368 ], [ -121.425055, 38.583576 ], [ -121.430484, 38.582927 ], [ -121.432457, 38.581844 ], [ -121.434464, 38.58157 ], [ -121.440255, 38.58271 ], [ -121.443689, 38.58455 ], [ -121.447198, 38.58773 ], [ -121.449428, 38.589771 ], [ -121.45019, 38.590291 ], [ -121.450046, 38.593839 ] ] ] } },
{ "type": "Feature", "properties": { "STATEFP": "06", "COUNTYFP": "067", "TRACTCE": "006600", "GEOIDFQ": "1400000US06067006600", "GEOID": "06067006600", "NAME": "66", "NAMELSAD": "Census Tract 66", "STUSPS": "CA", "NAMELSADCO": "Sacramento County", "STATE_NAME": "California", "LSAD": "CT", "ALAND": 2243078, "AWATER": 0, "centroid_lon": -121.44105345232482, "centroid_lat": 38.625142806242806, "B03002_001E": 7321, "B03002_001M": 837, "B03002_012E": 2600, "B03002_012M": 578, "B19013_001E": 55532, "B19013_001M": 8925, "B01003_001E": 7321, "state": "06", "county": "067", "tract": "006600", "latino_share": 0.35514274006283297, "camera_count": 2, "arterial_road_m": 5028.1741266092204, "land_area_km2": 2.243078, "pop_density_per_km2": 3263.8187347921025, "arterial_km_per_km2": 2.2416403382357726, "log_income": 10.924714710154692, "city": "Sacramento", "crime_count_raw": 0.0, "crime_rate_annual_per_km2_1000": 0.0 }, "geometry": { "type": "Polygon", "coordinates": [ [ [ -121.450015, 38.615593 ], [ -121.449067, 38.616597 ], [ -121.447664, 38.619486 ], [ -121.447529, 38.625344 ], [ -121.447497, 38.632814 ], [ -121.446829, 38.633028 ], [ -121.441658, 38.633022 ], [ -121.438394, 38.633002 ], [ -121.430594, 38.632925 ], [ -121.432226, 38.627438 ], [ -121.433619, 38.624402 ], [ -121.434092, 38.623796 ], [ -121.434292, 38.623545 ], [ -121.436117, 38.621237 ], [ -121.438209, 38.619366 ], [ -121.440396, 38.617456 ], [ -121.445025, 38.613837 ], [ -121.446173, 38.614743 ], [ -121.451068, 38.614808 ], [ -121.450015, 38.615593 ] ] ] } },
{ "type": "Feature", "properties": { "STATEFP": "06", "COUNTYFP": "067", "TRACTCE": "004202", "GEOIDFQ": "1400000US06067004202", "GEOID": "06067004202", "NAME": "42.02", "NAMELSAD": "Census Tract 42.02", "STUSPS": "CA", "NAMELSADCO": "Sacramento County", "STATE_NAME": "California", "LSAD": "CT", "ALAND": 1642389, "AWATER": 0, "centroid_lon": -121.48627587523481, "centroid_lat": 38.488425490261825, "B03002_001E": 5670, "B03002_001M": 529, "B03002_012E": 1843, "B03002_012M": 625, "B19013_001E": 65465, "B19013_001M": 8187, "B01003_001E": 5670, "state": "06", "county": "067", "tract": "004202", "latino_share": 0.32504409171075838, "camera_count": 1, "arterial_road_m": 3593.8128005768604, "land_area_km2": 1.642389, "pop_density_per_km2": 3452.288099835057, "arterial_km_per_km2": 2.1881617574014802, "log_income": 11.089270927661854, "city": "Sacramento", "crime_count_raw": 0.0, "crime_rate_annual_per_km2_1000": 0.0 }, "geometry": { "type": "Polygon", "coordinates": [ [ [ -121.49239, 38.483828 ], [ -121.491963, 38.489044 ], [ -121.491876, 38.493927 ], [ -121.491264, 38.495727 ], [ -121.482736, 38.49576 ], [ -121.48035, 38.49577 ], [ -121.480722, 38.492209 ], [ -121.480345, 38.490448 ], [ -121.480341, 38.486942 ], [ -121.480336, 38.481431 ], [ -121.486859, 38.481422 ], [ -121.49335, 38.481412 ], [ -121.49239, 38.483828 ] ] ] } },
{ "type": "Feature", "properties": { "STATEFP": "06", "COUNTYFP": "067", "TRACTCE": "004012", "GEOIDFQ": "1400000US06067004012", "GEOID": "06067004012", "NAME": "40.12", "NAMELSAD": "Census Tract 40.12", "STUSPS": "CA", "NAMELSADCO": "Sacramento County", "STATE_NAME": "California", "LSAD": "CT", "ALAND": 1575046, "AWATER": 416560, "centroid_lon": -121.52316854491255, "centroid_lat": 38.476601993918919, "B03002_001E": 4183, "B03002_001M": 607, "B03002_012E": 966, "B03002_012M": 440, "B19013_001E": 163988, "B19013_001M": 42466, "B01003_001E": 4183, "state": "06", "county": "067", "tract": "004012", "latino_share": 0.23093473583552473, "camera_count": 1, "arterial_road_m": 6911.2462839592808, "land_area_km2": 1.575046, "pop_density_per_km2": 2655.795449783689, "arterial_km_per_km2": 4.3879647222743214, "log_income": 12.00754853339752, "city": "Sacramento", "crime_count_raw": 0.0, "crime_rate_annual_per_km2_1000": 0.0 }, "geometry": { "type": "Polygon", "coordinates": [ [ [ -121.548406, 38.482515 ], [ -121.544963, 38.483903 ], [ -121.540055, 38.479973 ], [ -121.539506, 38.47956 ], [ -121.53212, 38.476749 ], [ -121.524735, 38.476432 ], [ -121.519641, 38.478819 ], [ -121.51877, 38.479267 ], [ -121.517995, 38.479809 ], [ -121.517562, 38.480046 ], [ -121.516198, 38.48052 ], [ -121.514438, 38.481119 ], [ -121.510714, 38.4812 ], [ -121.508848, 38.478669 ], [ -121.50423, 38.475109 ], [ -121.503221, 38.469744 ], [ -121.503123, 38.467189 ], [ -121.503439, 38.467114 ], [ -121.504139, 38.466563 ], [ -121.50509, 38.469563 ], [ -121.506085, 38.470948 ], [ -121.508867, 38.472809 ], [ -121.511882, 38.473673 ], [ -121.517324, 38.474501 ], [ -121.521449, 38.474398 ], [ -121.529337, 38.47387 ], [ -121.533341, 38.473832 ], [ -121.538584, 38.47457 ], [ -121.542717, 38.476447 ], [ -121.54429, 38.477649 ], [ -121.547328, 38.481289 ], [ -121.548406, 38.482515 ] ] ] } },
{ "type": "Feature", "properties": { "STATEFP": "06", "COUNTYFP": "067", "TRACTCE": "007110", "GEOIDFQ": "1400000US06067007110", "GEOID": "06067007110", "NAME": "71.10", "NAMELSAD": "Census Tract 71.10", "STUSPS": "CA", "NAMELSADCO": "Sacramento County", "STATE_NAME": "California", "LSAD": "CT", "ALAND": 1135569, "AWATER": 28054, "centroid_lon": -121.51262471812404, "centroid_lat": 38.671406470107627, "B03002_001E": 5034, "B03002_001M": 1190, "B03002_012E": 903, "B03002_012M": 208, "B19013_001E": 122879, "B19013_001M": 27452, "B01003_001E": 5034, "state": "06", "county": "067", "tract": "007110", "latino_share": 0.17938021454112038, "camera_count": 6, "arterial_road_m": 5049.0079989048263, "land_area_km2": 1.135569, "pop_density_per_km2": 4433.0199221711755, "arterial_km_per_km2": 4.4462362030883424, "log_income": 11.718955410327553, "city": "Sacramento", "crime_count_raw": 0.0, "crime_rate_annual_per_km2_1000": 0.0 }, "geometry": { "type": "Polygon", "coordinates": [ [ [ -121.51947, 38.675594 ], [ -121.512404, 38.677036 ], [ -121.510475, 38.676892 ], [ -121.507582, 38.676903 ], [ -121.507334, 38.676901 ], [ -121.507285, 38.673418 ], [ -121.507271, 38.670816 ], [ -121.507211, 38.665398 ], [ -121.507976, 38.665335 ], [ -121.517281, 38.6663 ], [ -121.517302, 38.668599 ], [ -121.519133, 38.672947 ], [ -121.519179, 38.674434 ], [ -121.51947, 38.675594 ] ] ] } },
{ "type": "Feature", "properties": { "STATEFP": "06", "COUNTYFP": "067", "TRACTCE": "002400", "GEOIDFQ": "1400000US06067002400", "GEOID": "06067002400", "NAME": "24", "NAMELSAD": "Census Tract 24", "STUSPS": "CA", "NAMELSADCO": "Sacramento County", "STATE_NAME": "California", "LSAD": "CT", "ALAND": 3224718, "AWATER": 0, "centroid_lon": -121.49733985812377, "centroid_lat": 38.544827000452671, "B03002_001E": 4998, "B03002_001M": 855, "B03002_012E": 1225, "B03002_012M": 748, "B19013_001E": 172595, "B19013_001M": 39976, "B01003_001E": 4998, "state": "06", "county": "067", "tract": "002400", "latino_share": 0.24509803921568626, "camera_count": 1, "arterial_road_m": 7488.2570837185212, "land_area_km2": 3.224718, "pop_density_per_km2": 1549.9029682595501, "arterial_km_per_km2": 2.3221432335225964, "log_income": 12.058703088498074, "city": "Sacramento", "crime_count_raw": 0.0, "crime_rate_annual_per_km2_1000": 0.0 }, "geometry": { "type": "Polygon", "coordinates": [ [ [ -121.509531, 38.540989 ], [ -121.508598, 38.544753 ], [ -121.50854, 38.545748 ], [ -121.507598, 38.547272 ], [ -121.503588, 38.554032 ], [ -121.502227, 38.556347 ], [ -121.502176, 38.556434 ], [ -121.500395, 38.554838 ], [ -121.497139, 38.552801 ], [ -121.496039, 38.5526 ], [ -121.48867, 38.551278 ], [ -121.488267, 38.552542 ], [ -121.484323, 38.539613 ], [ -121.487087, 38.539138 ], [ -121.492829, 38.538135 ], [ -121.493612, 38.535636 ], [ -121.493768, 38.535148 ], [ -121.503146, 38.537145 ], [ -121.503631, 38.537467 ], [ -121.505036, 38.538386 ], [ -121.506206, 38.538912 ], [ -121.509923, 38.540401 ], [ -121.509531, 38.540989 ] ] ] } },
{ "type": "Feature", "properties": { "STATEFP": "06", "COUNTYFP": "067", "TRACTCE": "001103", "GEOIDFQ": "1400000US06067001103", "GEOID": "06067001103", "NAME": "11.03", "NAMELSAD": "Census Tract 11.03", "STUSPS": "CA", "NAMELSADCO": "Sacramento County", "STATE_NAME": "California", "LSAD": "CT", "ALAND": 1174182, "AWATER": 0, "centroid_lon": -121.49323029662375, "centroid_lat": 38.577375027647129, "B03002_001E": 1306, "B03002_001M": 224, "B03002_012E": 262, "B03002_012M": 106, "B19013_001E": 33706, "B19013_001M": 11742, "B01003_001E": 1306, "state": "06", "county": "067", "tract": "001103", "latino_share": 0.20061255742725881, "camera_count": 4, "arterial_road_m": 11553.516161492673, "land_area_km2": 1.174182, "pop_density_per_km2": 1112.2636865494446, "arterial_km_per_km2": 9.8396297690585222, "log_income": 10.425431142035965, "city": "Sacramento", "crime_count_raw": 0.0, "crime_rate_annual_per_km2_1000": 0.0 }, "geometry": { "type": "Polygon", "coordinates": [ [ [ -121.499374, 38.57693 ], [ -121.498892, 38.578047 ], [ -121.497452, 38.581378 ], [ -121.49651, 38.58356 ], [ -121.489851, 38.581785 ], [ -121.484264, 38.580295 ], [ -121.485211, 38.578112 ], [ -121.486653, 38.574785 ], [ -121.488474, 38.574026 ], [ -121.492716, 38.575156 ], [ -121.493672, 38.572962 ], [ -121.494629, 38.570769 ], [ -121.501271, 38.572539 ], [ -121.499374, 38.57693 ] ] ] } },
{ "type": "Feature", "properties": { "STATEFP": "06", "COUNTYFP": "067", "TRACTCE": "001602", "GEOIDFQ": "1400000US06067001602", "GEOID": "06067001602", "NAME": "16.02", "NAMELSAD": "Census Tract 16.02", "STUSPS": "CA", "NAMELSADCO": "Sacramento County", "STATE_NAME": "California", "LSAD": "CT", "ALAND": 1156246, "AWATER": 0, "centroid_lon": -121.44743982592074, "centroid_lat": 38.564338415848319, "B03002_001E": 2300, "B03002_001M": 414, "B03002_012E": 231, "B03002_012M": 178, "B19013_001E": 148079, "B19013_001M": 38972, "B01003_001E": 2300, "state": "06", "county": "067", "tract": "001602", "latino_share": 0.10043478260869565, "camera_count": 0, "arterial_road_m": 3021.2181705165167, "land_area_km2": 1.156246, "pop_density_per_km2": 1989.1960707323526, "arterial_km_per_km2": 2.6129544841811487, "log_income": 11.905501194118148, "city": "Sacramento", "crime_count_raw": 0.0, "crime_rate_annual_per_km2_1000": 0.0 }, "geometry": { "type": "Polygon", "coordinates": [ [ [ -121.451759, 38.566175 ], [ -121.449873, 38.571123 ], [ -121.448571, 38.571211 ], [ -121.441705, 38.569405 ], [ -121.440678, 38.569133 ], [ -121.442814, 38.56401 ], [ -121.442599, 38.563449 ], [ -121.443819, 38.560653 ], [ -121.44443, 38.557161 ], [ -121.454449, 38.559917 ], [ -121.451759, 38.566175 ] ] ] } }
]
}
