{
"type": "FeatureCollection",
"name": "san_jose_tracts_analysis_table",
"crs": { "type": "name", "properties": { "name": "urn:ogc:def:crs:EPSG::4269" } },
"features": [
{ "type": "Feature", "properties": { "STATEFP": "06", "COUNTYFP": "085", "TRACTCE": "500100", "GEOIDFQ": "1400000US06085500100", "GEOID": "06085500100", "NAME": "5001", "NAMELSAD": "Census Tract 5001", "STUSPS": "CA", "NAMELSADCO": "Santa Clara County", "STATE_NAME": "California", "LSAD": "CT", "ALAND": 1922120, "AWATER": 0, "centroid_lon": -121.89278725302567, "centroid_lat": 37.358488004145435, "B03002_001E": 7558, "B03002_001M": 999, "B03002_012E": 3443, "B03002_012M": 906, "B19013_001E": 152188, "B19013_001M": 34664, "B01003_001E": 7558, "state": "06", "county": "085", "tract": "500100", "latino_share": 0.45554379465467054, "camera_count": 5, "arterial_road_m": 17489.7048229182, "land_area_km2": 1.92212, "pop_density_per_km2": 3932.1166212307244, "arterial_km_per_km2": 9.0991742570277605, "log_income": 11.932871877674593, "city": "San Jose" }, "geometry": { "type": "Polygon", "coordinates": [ [ [ -121.902777, 37.362562 ], [ -121.90178, 37.364029 ], [ -121.900293, 37.363662 ], [ -121.891472, 37.362901 ], [ -121.885907, 37.362328 ], [ -121.884697, 37.3622 ], [ -121.879993, 37.361617 ], [ -121.877449, 37.36108 ], [ -121.879492, 37.358929 ], [ -121.884013, 37.356774 ], [ -121.887746, 37.355005 ], [ -121.890661, 37.353617 ], [ -121.892914, 37.35255 ], [ -121.897038, 37.350591 ], [ -121.900228, 37.354875 ], [ -121.904626, 37.360777 ], [ -121.902777, 37.362562 ] ] ] } },
{ "type": "Feature", "properties": { "STATEFP": "06", "COUNTYFP": "085", "TRACTCE": "503210", "GEOIDFQ": "1400000US06085503210", "GEOID": "06085503210", "NAME": "5032.10", "NAMELSAD": "Census Tract 5032.10", "STUSPS": "CA", "NAMELSADCO": "Santa Clara County", "STATE_NAME": "California", "LSAD": "CT", "ALAND": 1595929, "AWATER": 0, "centroid_lon": -121.82275347112142, "centroid_lat": 37.290386481774291, "B03002_001E": 4131, "B03002_001M": 706, "B03002_012E": 1638, "B03002_012M": 293, "B19013_001E": 119719, "B19013_001M": 29412, "B01003_001E": 4131, "state": "06", "county": "085", "tract": "503210", "latino_share": 0.39651416122004357, "camera_count": 1, "arterial_road_m": 3878.8954385137608, "land_area_km2": 1.595929, "pop_density_per_km2": 2588.4610154963034, "arterial_km_per_km2": 2.4304937365720911, "log_income": 11.692902609108495, "city": "San Jose" }, "geometry": { "type": "Polygon", "coordinates": [ [ [ -121.833214, 37.293421 ], [ -121.828936, 37.296346 ], [ -121.827327, 37.297318 ], [ -121.824578, 37.298469 ], [ -121.822277, 37.297383 ], [ -121.821314, 37.29646 ], [ -121.82053, 37.295295 ], [ -121.818264, 37.290215 ], [ -121.816261, 37.288755 ], [ -121.813507, 37.289582 ], [ -121.811774, 37.289316 ], [ -121.811564, 37.287935 ], [ -121.813189, 37.284962 ], [ -121.813626, 37.284112 ], [ -121.824947, 37.284447 ], [ -121.827009, 37.286818 ], [ -121.827695, 37.287606 ], [ -121.829542, 37.289727 ], [ -121.833214, 37.293421 ] ] ] } },
{ "type": "Feature", "properties": { "STATEFP": "06", "COUNTYFP": "085", "TRACTCE": "512030", "GEOIDFQ": "1400000US06085512030", "GEOID": "06085512030", "NAME": "5120.30", "NAMELSAD": "Census Tract 5120.30", "STUSPS": "CA", "NAMELSADCO": "Santa Clara County", "STATE_NAME": "California", "LSAD": "CT", "ALAND": 1191726, "AWATER": 0, "centroid_lon": -121.82417697127431, "centroid_lat": 37.232672212970812, "B03002_001E": 2917, "B03002_001M": 305, "B03002_012E": 591, "B03002_012M": 74, "B19013_001E": 188571, "B19013_001M": 51892, "B01003_001E": 2917, "state": "06", "county": "085", "tract": "512030", "latino_share": 0.20260541652382585, "camera_count": 1, "arterial_road_m": 2217.0467902635473, "land_area_km2": 1.191726, "pop_density_per_km2": 2447.710295823033, "arterial_km_per_km2": 1.8603662169521746, "log_income": 12.147229872777386, "city": "San Jose" }, "geometry": { "type": "Polygon", "coordinates": [ [ [ -121.830607, 37.236873 ], [ -121.825915, 37.237457 ], [ -121.822102, 37.237571 ], [ -121.820175, 37.237536 ], [ -121.816856, 37.236976 ], [ -121.816886, 37.234654 ], [ -121.818011, 37.232979 ], [ -121.818249, 37.230198 ], [ -121.817005, 37.22957 ], [ -121.817246, 37.228014 ], [ -121.817846, 37.227654 ], [ -121.821268, 37.229494 ], [ -121.821589, 37.228162 ], [ -121.826071, 37.228672 ], [ -121.827938, 37.227733 ], [ -121.827341, 37.225867 ], [ -121.82972, 37.226234 ], [ -121.830482, 37.228137 ], [ -121.830551, 37.233209 ], [ -121.830607, 37.236873 ] ] ] } },
{ "type": "Feature", "properties": { "STATEFP": "06", "COUNTYFP": "085", "TRACTCE": "503510", "GEOIDFQ": "1400000US06085503510", "GEOID": "06085503510", "NAME": "5035.10", "NAMELSAD": "Census Tract 5035.10", "STUSPS": "CA", "NAMELSADCO": "Santa Clara County", "STATE_NAME": "California", "LSAD": "CT", "ALAND": 1032932, "AWATER": 0, "centroid_lon": -121.81961842418528, "centroid_lat": 37.349399010491119, "B03002_001E": 4409, "B03002_001M": 687, "B03002_012E": 2674, "B03002_012M": 776, "B19013_001E": 117560, "B19013_001M": 17661, "B01003_001E": 4409, "state": "06", "county": "085", "tract": "503510", "latino_share": 0.60648673168518941, "camera_count": 6, "arterial_road_m": 1770.3621485628382, "land_area_km2": 1.032932, "pop_density_per_km2": 4268.4319974596583, "arterial_km_per_km2": 1.713919356320492, "log_income": 11.674704120532853, "city": "San Jose" }, "geometry": { "type": "Polygon", "coordinates": [ [ [ -121.827006, 37.350833 ], [ -121.819147, 37.356142 ], [ -121.815066, 37.351667 ], [ -121.814298, 37.350818 ], [ -121.811629, 37.347889 ], [ -121.811132, 37.347343 ], [ -121.812811, 37.347474 ], [ -121.816554, 37.345629 ], [ -121.816183, 37.344277 ], [ -121.818003, 37.343546 ], [ -121.819399, 37.344759 ], [ -121.821967, 37.343463 ], [ -121.822848, 37.344718 ], [ -121.824889, 37.347654 ], [ -121.827006, 37.350833 ] ] ] } },
{ "type": "Feature", "properties": { "STATEFP": "06", "COUNTYFP": "085", "TRACTCE": "506202", "GEOIDFQ": "1400000US06085506202", "GEOID": "06085506202", "NAME": "5062.02", "NAMELSAD": "Census Tract 5062.02", "STUSPS": "CA", "NAMELSADCO": "Santa Clara County", "STATE_NAME": "California", "LSAD": "CT", "ALAND": 2514795, "AWATER": 0, "centroid_lon": -121.99044017978743, "centroid_lat": 37.301120357981191, "B03002_001E": 8346, "B03002_001M": 1098, "B03002_012E": 660, "B03002_012M": 404, "B19013_001E": 183773, "B19013_001M": 19445, "B01003_001E": 8346, "state": "06", "county": "085", "tract": "506202", "latino_share": 0.079079798705966931, "camera_count": 2, "arterial_road_m": 10587.867303448709, "land_area_km2": 2.514795, "pop_density_per_km2": 3318.7595808008209, "arterial_km_per_km2": 4.2102307756491921, "log_income": 12.12145657930999, "city": "San Jose" }, "geometry": { "type": "Polygon", "coordinates": [ [ [ -122.002591, 37.294844 ], [ -122.001791, 37.295564 ], [ -122.001097, 37.296492 ], [ -121.999816, 37.296967 ], [ -121.998056, 37.29777 ], [ -121.998091, 37.298232 ], [ -121.997618, 37.301067 ], [ -121.997034, 37.301491 ], [ -121.99645, 37.302744 ], [ -121.996232, 37.304271 ], [ -121.996441, 37.305653 ], [ -121.996749, 37.307029 ], [ -121.996325, 37.309617 ], [ -121.99595, 37.309573 ], [ -121.993413, 37.309504 ], [ -121.992815, 37.308625 ], [ -121.992489, 37.308563 ], [ -121.985901, 37.30859 ], [ -121.984948, 37.30859 ], [ -121.982274, 37.308603 ], [ -121.977666, 37.30813 ], [ -121.978595, 37.305293 ], [ -121.979539, 37.303583 ], [ -121.980053, 37.302847 ], [ -121.981217, 37.301382 ], [ -121.981734, 37.300877 ], [ -121.982908, 37.299672 ], [ -121.98407, 37.298657 ], [ -121.989332, 37.294068 ], [ -121.992147, 37.291635 ], [ -121.993891, 37.291998 ], [ -121.997526, 37.29241 ], [ -122.003433, 37.293081 ], [ -122.002591, 37.294844 ] ] ] } },
{ "type": "Feature", "properties": { "STATEFP": "06", "COUNTYFP": "085", "TRACTCE": "503709", "GEOIDFQ": "1400000US06085503709", "GEOID": "06085503709", "NAME": "5037.09", "NAMELSAD": "Census Tract 5037.09", "STUSPS": "CA", "NAMELSADCO": "Santa Clara County", "STATE_NAME": "California", "LSAD": "CT", "ALAND": 884967, "AWATER": 0, "centroid_lon": -121.86205126333745, "centroid_lat": 37.364534572333064, "B03002_001E": 5849, "B03002_001M": 737, "B03002_012E": 1395, "B03002_012M": 657, "B19013_001E": 66420, "B19013_001M": 30940, "B01003_001E": 5849, "state": "06", "county": "085", "tract": "503709", "latino_share": 0.23850230808685247, "camera_count": 1, "arterial_road_m": 4850.6117971436906, "land_area_km2": 0.884967, "pop_density_per_km2": 6609.2859959749912, "arterial_km_per_km2": 5.4811216657159996, "log_income": 11.103753494930737, "city": "San Jose" }, "geometry": { "type": "Polygon", "coordinates": [ [ [ -121.869365, 37.366808 ], [ -121.865196, 37.369633 ], [ -121.863251, 37.37094 ], [ -121.858789, 37.366822 ], [ -121.857626, 37.364946 ], [ -121.854807, 37.36209 ], [ -121.855429, 37.361666 ], [ -121.857702, 37.360126 ], [ -121.860698, 37.357988 ], [ -121.863342, 37.36067 ], [ -121.868827, 37.366162 ], [ -121.869365, 37.366808 ] ] ] } },
{ "type": "Feature", "properties": { "STATEFP": "06", "COUNTYFP": "085", "TRACTCE": "503504", "GEOIDFQ": "1400000US06085503504", "GEOID": "06085503504", "NAME": "5035.04", "NAMELSAD": "Census Tract 5035.04", "STUSPS": "CA", "NAMELSADCO": "Santa Clara County", "STATE_NAME": "California", "LSAD": "CT", "ALAND": 1121554, "AWATER": 0, "centroid_lon": -121.83425649340147, "centroid_lat": 37.335843755465518, "B03002_001E": 5550, "B03002_001M": 968, "B03002_012E": 3870, "B03002_012M": 843, "B19013_001E": 143674, "B19013_001M": 29342, "B01003_001E": 5550, "state": "06", "county": "085", "tract": "503504", "latino_share": 0.69729729729729728, "camera_count": 3, "arterial_road_m": 3154.1971413708675, "land_area_km2": 1.121554, "pop_density_per_km2": 4948.4911114400202, "arterial_km_per_km2": 2.8123453185231093, "log_income": 11.875302123198598, "city": "San Jose" }, "geometry": { "type": "Polygon", "coordinates": [ [ [ -121.840337, 37.341766 ], [ -121.837564, 37.343655 ], [ -121.832974, 37.338933 ], [ -121.829038, 37.334878 ], [ -121.828103, 37.335508 ], [ -121.826515, 37.334019 ], [ -121.82405, 37.333509 ], [ -121.824833, 37.332979 ], [ -121.829677, 37.329697 ], [ -121.831756, 37.328287 ], [ -121.834479, 37.331039 ], [ -121.836973, 37.333597 ], [ -121.837411, 37.334046 ], [ -121.839609, 37.336302 ], [ -121.843109, 37.339904 ], [ -121.840337, 37.341766 ] ] ] } },
{ "type": "Feature", "properties": { "STATEFP": "06", "COUNTYFP": "085", "TRACTCE": "503208", "GEOIDFQ": "1400000US06085503208", "GEOID": "06085503208", "NAME": "5032.08", "NAMELSAD": "Census Tract 5032.08", "STUSPS": "CA", "NAMELSADCO": "Santa Clara County", "STATE_NAME": "California", "LSAD": "CT", "ALAND": 1106314, "AWATER": 18008, "centroid_lon": -121.81566199321567, "centroid_lat": 37.280620490067896, "B03002_001E": 2981, "B03002_001M": 430, "B03002_012E": 1744, "B03002_012M": 389, "B19013_001E": 147750, "B19013_001M": 37315, "B01003_001E": 2981, "state": "06", "county": "085", "tract": "503208", "latino_share": 0.58503857765850387, "camera_count": 0, "arterial_road_m": 4330.8107425569979, "land_area_km2": 1.106314, "pop_density_per_km2": 2694.5333784079385, "arterial_km_per_km2": 3.9146306948633005, "log_income": 11.903276935268345, "city": "San Jose" }, "geometry": { "type": "Polygon", "coordinates": [ [ [ -121.824947, 37.284447 ], [ -121.813626, 37.284112 ], [ -121.810162, 37.284801 ], [ -121.809545, 37.285676 ], [ -121.808917, 37.282364 ], [ -121.805915, 37.277584 ], [ -121.805581, 37.277079 ], [ -121.80599, 37.277214 ], [ -121.807579, 37.277673 ], [ -121.810764, 37.277082 ], [ -121.811788, 37.277793 ], [ -121.813966, 37.276869 ], [ -121.817527, 37.276364 ], [ -121.821269, 37.276932 ], [ -121.823353, 37.278884 ], [ -121.82339, 37.279592 ], [ -121.823476, 37.282388 ], [ -121.82368, 37.282983 ], [ -121.824947, 37.284447 ] ] ] } },
{ "type": "Feature", "properties": { "STATEFP": "06", "COUNTYFP": "085", "TRACTCE": "506302", "GEOIDFQ": "1400000US06085506302", "GEOID": "06085506302", "NAME": "5063.02", "NAMELSAD": "Census Tract 5063.02", "STUSPS": "CA", "NAMELSADCO": "Santa Clara County", "STATE_NAME": "California", "LSAD": "CT", "ALAND": 2014346, "AWATER": 0, "centroid_lon": -121.95685951868566, "centroid_lat": 37.308875896142773, "B03002_001E": 6352, "B03002_001M": 795, "B03002_012E": 829, "B03002_012M": 239, "B19013_001E": 188705, "B19013_001M": 26719, "B01003_001E": 6352, "state": "06", "county": "085", "tract": "506302", "latino_share": 0.13051007556675062, "camera_count": 7, "arterial_road_m": 8893.3958072645401, "land_area_km2": 2.014346, "pop_density_per_km2": 3153.3807995250068, "arterial_km_per_km2": 4.4150289013230788, "log_income": 12.147940228090921, "city": "San Jose" }, "geometry": { "type": "Polygon", "coordinates": [ [ [ -121.964097, 37.3044 ], [ -121.963625, 37.308745 ], [ -121.962963, 37.311525 ], [ -121.963988, 37.316382 ], [ -121.960669, 37.316314 ], [ -121.957224, 37.316316 ], [ -121.954702, 37.316547 ], [ -121.952302, 37.316723 ], [ -121.950119, 37.316683 ], [ -121.950081, 37.313128 ], [ -121.949976, 37.309079 ], [ -121.950054, 37.309042 ], [ -121.950021, 37.305735 ], [ -121.949948, 37.301555 ], [ -121.954468, 37.301545 ], [ -121.95556, 37.301552 ], [ -121.958608, 37.301528 ], [ -121.959082, 37.301519 ], [ -121.964285, 37.301176 ], [ -121.964097, 37.3044 ] ] ] } },
{ "type": "Feature", "properties": { "STATEFP": "06", "COUNTYFP": "085", "TRACTCE": "504411", "GEOIDFQ": "1400000US06085504411", "GEOID": "06085504411", "NAME": "5044.11", "NAMELSAD": "Census Tract 5044.11", "STUSPS": "CA", "NAMELSADCO": "Santa Clara County", "STATE_NAME": "California", "LSAD": "CT", "ALAND": 1364912, "AWATER": 0, "centroid_lon": -121.86484409229921, "centroid_lat": 37.416092647542982, "B03002_001E": 5446, "B03002_001M": 909, "B03002_012E": 989, "B03002_012M": 355, "B19013_001E": 161106, "B19013_001M": 59131, "B01003_001E": 5446, "state": "06", "county": "085", "tract": "504411", "latino_share": 0.18160117517443997, "camera_count": 1, "arterial_road_m": 4018.4659521979074, "land_area_km2": 1.364912, "pop_density_per_km2": 3990.0008205657218, "arterial_km_per_km2": 2.9441209046428689, "log_income": 11.989817812419385, "city": "San Jose" }, "geometry": { "type": "Polygon", "coordinates": [ [ [ -121.875045, 37.416007 ], [ -121.874037, 37.416366 ], [ -121.867656, 37.419126 ], [ -121.861088, 37.42202 ], [ -121.860033, 37.422487 ], [ -121.858183, 37.421482 ], [ -121.857011, 37.420884 ], [ -121.855522, 37.418885 ], [ -121.854145, 37.417013 ], [ -121.85638, 37.415922 ], [ -121.858822, 37.414726 ], [ -121.862508, 37.412922 ], [ -121.870267, 37.409124 ], [ -121.874433, 37.41437 ], [ -121.875045, 37.416007 ] ] ] } },
{ "type": "Feature", "properties": { "STATEFP": "06", "COUNTYFP": "085", "TRACTCE": "504410", "GEOIDFQ": "1400000US06085504410", "GEOID": "06085504410", "NAME": "5044.10", "NAMELSAD": "Census Tract 5044.10", "STUSPS": "CA", "NAMELSADCO": "Santa Clara County", "STATE_NAME": "California", "LSAD": "CT", "ALAND": 1102136, "AWATER": 0, "centroid_lon": -121.87884447499606, "centroid_lat": 37.40935930442155, "B03002_001E": 4055, "B03002_001M": 527, "B03002_012E": 797, "B03002_012M": 442, "B19013_001E": 146576, "B19013_001M": 18435, "B01003_001E": 4055, "state": "06", "county": "085", "tract": "504410", "latino_share": 0.19654747225647348, "camera_count": 3, "arterial_road_m": 8715.2925105131108, "land_area_km2": 1.102136, "pop_density_per_km2": 3679.219261506747, "arterial_km_per_km2": 7.9076379961394156, "log_income": 11.89529934425499, "city": "San Jose" }, "geometry": { "type": "Polygon", "coordinates": [ [ [ -121.888863, 37.407575 ], [ -121.884149, 37.409406 ], [ -121.880811, 37.411522 ], [ -121.882056, 37.413152 ], [ -121.881303, 37.413152 ], [ -121.880043, 37.41384 ], [ -121.880261, 37.414516 ], [ -121.875045, 37.416007 ], [ -121.874433, 37.41437 ], [ -121.870267, 37.409124 ], [ -121.874124, 37.407239 ], [ -121.877501, 37.405584 ], [ -121.882117, 37.40332 ], [ -121.887876, 37.406952 ], [ -121.888863, 37.407575 ] ] ] } },
{ "type": "Feature", "properties": { "STATEFP": "06", "COUNTYFP": "085", "TRACTCE": "504319", "GEOIDFQ": "1400000US06085504319", "GEOID": "06085504319", "NAME": "5043.19", "NAMELSAD": "Census Tract 5043.19", "STUSPS": "CA", "NAMELSADCO": "Santa Clara County", "STATE_NAME": "California", "LSAD": "CT", "ALAND": 2088417, "AWATER": 0, "centroid_lon": -121.86730020964185, "centroid_lat": 37.373659558764444, "B03002_001E": 6319, "B03002_001M": 567, "B03002_012E": 932, "B03002_012M": 345, "B19013_001E": 214286, "B19013_001M": 21583, "B01003_001E": 6319, "state": "06", "county": "085", "tract": "504319", "latino_share": 0.14749169172337395, "camera_count": 6, "arterial_road_m": 13415.072563397865, "land_area_km2": 2.088417, "pop_density_per_km2": 3025.7367182894986, "arterial_km_per_km2": 6.4235603154915255, "log_income": 12.275066850349569, "city": "San Jose" }, "geometry": { "type": "Polygon", "coordinates": [ [ [ -121.879019, 37.369656 ], [ -121.873062, 37.373791 ], [ -121.86899, 37.378029 ], [ -121.867357, 37.379768 ], [ -121.86496, 37.382444 ], [ -121.862864, 37.38467 ], [ -121.858345, 37.380359 ], [ -121.854757, 37.376782 ], [ -121.858728, 37.373994 ], [ -121.860394, 37.372864 ], [ -121.863251, 37.37094 ], [ -121.865196, 37.369633 ], [ -121.869365, 37.366808 ], [ -121.874653, 37.36332 ], [ -121.877228, 37.36587 ], [ -121.877993, 37.366507 ], [ -121.878413, 37.366831 ], [ -121.880698, 37.368007 ], [ -121.879019, 37.369656 ] ] ] } },
{ "type": "Feature", "properties": { "STATEFP": "06", "COUNTYFP": "085", "TRACTCE": "502002", "GEOIDFQ": "1400000US06085502002", "GEOID": "06085502002", "NAME": "5020.02", "NAMELSAD": "Census Tract 5020.02", "STUSPS": "CA", "NAMELSADCO": "Santa Clara County", "STATE_NAME": "California", "LSAD": "CT", "ALAND": 900022, "AWATER": 0, "centroid_lon": -121.92092618184664, "centroid_lat": 37.319403341171501, "B03002_001E": 5430, "B03002_001M": 875, "B03002_012E": 3186, "B03002_012M": 748, "B19013_001E": 115391, "B19013_001M": 14156, "B01003_001E": 5430, "state": "06", "county": "085", "tract": "502002", "latino_share": 0.58674033149171267, "camera_count": 1, "arterial_road_m": 7286.7737528400203, "land_area_km2": 0.900022, "pop_density_per_km2": 6033.1858554568671, "arterial_km_per_km2": 8.0962173733975629, "log_income": 11.656081640413403, "city": "San Jose" }, "geometry": { "type": "Polygon", "coordinates": [ [ [ -121.931868, 37.319857 ], [ -121.925982, 37.319864 ], [ -121.925425, 37.319646 ], [ -121.922727, 37.319661 ], [ -121.922757, 37.322917 ], [ -121.922757, 37.323032 ], [ -121.922762, 37.323435 ], [ -121.919933, 37.323449 ], [ -121.918976, 37.323453 ], [ -121.913747, 37.323489 ], [ -121.913738, 37.321599 ], [ -121.913733, 37.320753 ], [ -121.913768, 37.317896 ], [ -121.914425, 37.316492 ], [ -121.914926, 37.31544 ], [ -121.915001, 37.315221 ], [ -121.91845, 37.316501 ], [ -121.919142, 37.316624 ], [ -121.920013, 37.316716 ], [ -121.921648, 37.316771 ], [ -121.925425, 37.316718 ], [ -121.928865, 37.316687 ], [ -121.931841, 37.316949 ], [ -121.931844, 37.317154 ], [ -121.931853, 37.317829 ], [ -121.931868, 37.319857 ] ] ] } },
{ "type": "Feature", "properties": { "STATEFP": "06", "COUNTYFP": "085", "TRACTCE": "501502", "GEOIDFQ": "1400000US06085501502", "GEOID": "06085501502", "NAME": "5015.02", "NAMELSAD": "Census Tract 5015.02", "STUSPS": "CA", "NAMELSADCO": "Santa Clara County", "STATE_NAME": "California", "LSAD": "CT", "ALAND": 888547, "AWATER": 0, "centroid_lon": -121.86449120977147, "centroid_lat": 37.337483759054081, "B03002_001E": 4134, "B03002_001M": 568, "B03002_012E": 2259, "B03002_012M": 483, "B19013_001E": 105611, "B19013_001M": 49930, "B01003_001E": 4134, "state": "06", "county": "085", "tract": "501502", "latino_share": 0.54644412191582004, "camera_count": 4, "arterial_road_m": 4249.1076925468715, "land_area_km2": 0.888547, "pop_density_per_km2": 4652.5394829986481, "arterial_km_per_km2": 4.7820854637367205, "log_income": 11.567517811495994, "city": "San Jose" }, "geometry": { "type": "Polygon", "coordinates": [ [ [ -121.870572, 37.340458 ], [ -121.864846, 37.344042 ], [ -121.862263, 37.341386 ], [ -121.861224, 37.340402 ], [ -121.859961, 37.33905 ], [ -121.857157, 37.336268 ], [ -121.86516, 37.331385 ], [ -121.868261, 37.329513 ], [ -121.866956, 37.331523 ], [ -121.866901, 37.3321 ], [ -121.868321, 37.337039 ], [ -121.869947, 37.337917 ], [ -121.870572, 37.340458 ] ] ] } },
{ "type": "Feature", "properties": { "STATEFP": "06", "COUNTYFP": "085", "TRACTCE": "503110", "GEOIDFQ": "1400000US06085503110", "GEOID": "06085503110", "NAME": "5031.10", "NAMELSAD": "Census Tract 5031.10", "STUSPS": "CA", "NAMELSADCO": "Santa Clara County", "STATE_NAME": "California", "LSAD": "CT", "ALAND": 765474, "AWATER": 0, "centroid_lon": -121.84986975099694, "centroid_lat": 37.333121009587828, "B03002_001E": 3915, "B03002_001M": 477, "B03002_012E": 2636, "B03002_012M": 569, "B19013_001E": 79196, "B19013_001M": 13447, "B01003_001E": 3915, "state": "06", "county": "085", "tract": "503110", "latino_share": 0.67330779054916989, "camera_count": 4, "arterial_road_m": 6671.1576054072448, "land_area_km2": 0.765474, "pop_density_per_km2": 5114.4780880865974, "arterial_km_per_km2": 8.71506753385124, "log_income": 11.27968107147659, "city": "San Jose" }, "geometry": { "type": "Polygon", "coordinates": [ [ [ -121.857157, 37.336268 ], [ -121.851958, 37.339492 ], [ -121.851632, 37.33904 ], [ -121.848591, 37.335812 ], [ -121.846667, 37.333875 ], [ -121.842783, 37.330006 ], [ -121.841773, 37.328955 ], [ -121.842028, 37.328796 ], [ -121.843269, 37.327971 ], [ -121.843492, 37.329578 ], [ -121.845851, 37.328534 ], [ -121.848116, 37.327047 ], [ -121.853638, 37.332736 ], [ -121.857157, 37.336268 ] ] ] } },
{ "type": "Feature", "properties": { "STATEFP": "06", "COUNTYFP": "085", "TRACTCE": "503118", "GEOIDFQ": "1400000US06085503118", "GEOID": "06085503118", "NAME": "5031.18", "NAMELSAD": "Census Tract 5031.18", "STUSPS": "CA", "NAMELSADCO": "Santa Clara County", "STATE_NAME": "California", "LSAD": "CT", "ALAND": 566063, "AWATER": 0, "centroid_lon": -121.84298051860412, "centroid_lat": 37.318676458301361, "B03002_001E": 4745, "B03002_001M": 770, "B03002_012E": 2508, "B03002_012M": 742, "B19013_001E": 103468, "B19013_001M": 28261, "B01003_001E": 4745, "state": "06", "county": "085", "tract": "503118", "latino_share": 0.5285563751317176, "camera_count": 3, "arterial_road_m": 2514.0119587572149, "land_area_km2": 0.566063, "pop_density_per_km2": 8382.4591962378745, "arterial_km_per_km2": 4.4412229005556183, "log_income": 11.547017665137998, "city": "San Jose" }, "geometry": { "type": "Polygon", "coordinates": [ [ [ -121.845747, 37.324603 ], [ -121.844922, 37.323801 ], [ -121.842231, 37.321032 ], [ -121.841876, 37.320665 ], [ -121.839579, 37.318312 ], [ -121.836509, 37.315172 ], [ -121.840205, 37.312787 ], [ -121.843304, 37.315907 ], [ -121.845324, 37.31791 ], [ -121.849394, 37.322039 ], [ -121.845747, 37.324603 ] ] ] } },
{ "type": "Feature", "properties": { "STATEFP": "06", "COUNTYFP": "085", "TRACTCE": "503329", "GEOIDFQ": "1400000US06085503329", "GEOID": "06085503329", "NAME": "5033.29", "NAMELSAD": "Census Tract 5033.29", "STUSPS": "CA", "NAMELSADCO": "Santa Clara County", "STATE_NAME": "California", "LSAD": "CT", "ALAND": 1164082, "AWATER": 0, "centroid_lon": -121.77928000452479, "centroid_lat": 37.311553666531466, "B03002_001E": 3370, "B03002_001M": 427, "B03002_012E": 165, "B03002_012M": 128, "B19013_001E": 234167, "B19013_001M": 21627, "B01003_001E": 3370, "state": "06", "county": "085", "tract": "503329", "latino_share": 0.048961424332344211, "camera_count": 1, "arterial_road_m": 7752.0352117236343, "land_area_km2": 1.164082, "pop_density_per_km2": 2894.9850611898473, "arterial_km_per_km2": 6.6593549352396426, "log_income": 12.36378981500846, "city": "San Jose" }, "geometry": { "type": "Polygon", "coordinates": [ [ [ -121.791524, 37.313966 ], [ -121.787183, 37.314619 ], [ -121.783244, 37.31521 ], [ -121.777376, 37.316301 ], [ -121.775182, 37.316412 ], [ -121.773441, 37.314036 ], [ -121.772257, 37.311453 ], [ -121.771898, 37.309936 ], [ -121.77051, 37.307022 ], [ -121.777872, 37.305974 ], [ -121.780231, 37.308296 ], [ -121.785517, 37.310218 ], [ -121.790441, 37.313105 ], [ -121.791566, 37.313958 ], [ -121.791524, 37.313966 ] ] ] } },
{ "type": "Feature", "properties": { "STATEFP": "06", "COUNTYFP": "085", "TRACTCE": "503903", "GEOIDFQ": "1400000US06085503903", "GEOID": "06085503903", "NAME": "5039.03", "NAMELSAD": "Census Tract 5039.03", "STUSPS": "CA", "NAMELSADCO": "Santa Clara County", "STATE_NAME": "California", "LSAD": "CT", "ALAND": 927239, "AWATER": 0, "centroid_lon": -121.83550709400966, "centroid_lat": 37.368433707003611, "B03002_001E": 2961, "B03002_001M": 353, "B03002_012E": 1170, "B03002_012M": 189, "B19013_001E": 124167, "B19013_001M": 24971, "B01003_001E": 2961, "state": "06", "county": "085", "tract": "503903", "latino_share": 0.39513677811550152, "camera_count": 4, "arterial_road_m": 4033.0172474512156, "land_area_km2": 0.927239, "pop_density_per_km2": 3193.3514444495972, "arterial_km_per_km2": 4.3494905277401132, "log_income": 11.729382712693797, "city": "San Jose" }, "geometry": { "type": "Polygon", "coordinates": [ [ [ -121.843013, 37.370077 ], [ -121.835609, 37.37511 ], [ -121.833362, 37.372268 ], [ -121.832528, 37.371219 ], [ -121.832223, 37.370826 ], [ -121.831968, 37.370466 ], [ -121.831641, 37.370036 ], [ -121.828625, 37.366495 ], [ -121.827928, 37.365737 ], [ -121.835192, 37.362334 ], [ -121.83596, 37.362975 ], [ -121.838688, 37.365776 ], [ -121.839774, 37.366795 ], [ -121.843013, 37.370077 ] ] ] } },
{ "type": "Feature", "properties": { "STATEFP": "06", "COUNTYFP": "085", "TRACTCE": "501902", "GEOIDFQ": "1400000US06085501902", "GEOID": "06085501902", "NAME": "5019.02", "NAMELSAD": "Census Tract 5019.02", "STUSPS": "CA", "NAMELSADCO": "Santa Clara County", "STATE_NAME": "California", "LSAD": "CT", "ALAND": 1064609, "AWATER": 0, "centroid_lon": -121.90878712577047, "centroid_lat": 37.316196262775499, "B03002_001E": 3693, "B03002_001M": 705, "B03002_012E": 1604, "B03002_012M": 648, "B19013_001E": 131750, "B19013_001M": 49389, "B01003_001E": 3693, "state": "06", "county": "085", "tract": "501902", "latino_share": 0.43433522881126457, "camera_count": 4, "arterial_road_m": 12744.545933761165, "land_area_km2": 1.064609, "pop_density_per_km2": 3468.8791847523366, "arterial_km_per_km2": 11.971104822297356, "log_income": 11.788661466403608, "city": "San Jose" }, "geometry": { "type": "Polygon", "coordinates": [ [ [ -121.915001, 37.315221 ], [ -121.914926, 37.31544 ], [ -121.914425, 37.316492 ], [ -121.913768, 37.317896 ], [ -121.913733, 37.320753 ], [ -121.902625, 37.32136 ], [ -121.903259, 37.319778 ], [ -121.902437, 37.318864 ], [ -121.902233, 37.318704 ], [ -121.901815, 37.31808 ], [ -121.903943, 37.314295 ], [ -121.904144, 37.312624 ], [ -121.90692, 37.311062 ], [ -121.912938, 37.310999 ], [ -121.913856, 37.310788 ], [ -121.914908, 37.313338 ], [ -121.915134, 37.314351 ], [ -121.915001, 37.315221 ] ] ] } },
{ "type": "Feature", "properties": { "STATEFP": "06", "COUNTYFP": "085", "TRACTCE": "512056", "GEOIDFQ": "1400000US06085512056", "GEOID": "06085512056", "NAME": "5120.56", "NAMELSAD": "Census Tract 5120.56", "STUSPS": "CA", "NAMELSADCO": "Santa Clara County", "STATE_NAME": "California", "LSAD": "CT", "ALAND": 945063, "AWATER": 0, "centroid_lon": -121.80833578720051, "centroid_lat": 37.272154178286712, "B03002_001E": 3453, "B03002_001M": 459, "B03002_012E": 1543, "B03002_012M": 467, "B19013_001E": 119241, "B19013_001M": 5863, "B01003_001E": 3453, "state": "06", "county": "085", "tract": "512056", "latino_share": 0.44685780480741383, "camera_count": 1, "arterial_road_m": 1873.1574561204256, "land_area_km2": 0.945063, "pop_density_per_km2": 3653.7246723234325, "arterial_km_per_km2": 1.9820450659061095, "log_income": 11.688901934204342, "city": "San Jose" }, "geometry": { "type": "Polygon", "coordinates": [ [ [ -121.814165, 37.27338 ], [ -121.813783, 37.276371 ], [ -121.813966, 37.276869 ], [ -121.811788, 37.277793 ], [ -121.810764, 37.277082 ], [ -121.807579, 37.277673 ], [ -121.80599, 37.277214 ], [ -121.805581, 37.277079 ], [ -121.804472, 37.274226 ], [ -121.801787, 37.266029 ], [ -121.805829, 37.265839 ], [ -121.805975, 37.266384 ], [ -121.80768, 37.267162 ], [ -121.808333, 37.26909 ], [ -121.808866, 37.269384 ], [ -121.811757, 37.269195 ], [ -121.813649, 37.269185 ], [ -121.814238, 37.272045 ], [ -121.814165, 37.27338 ] ] ] } },
{ "type": "Feature", "properties": { "STATEFP": "06", "COUNTYFP": "085", "TRACTCE": "512031", "GEOIDFQ": "1400000US06085512031", "GEOID": "06085512031", "NAME": "5120.31", "NAMELSAD": "Census Tract 5120.31", "STUSPS": "CA", "NAMELSADCO": "Santa Clara County", "STATE_NAME": "California", "LSAD": "CT", "ALAND": 1435711, "AWATER": 0, "centroid_lon": -121.81024387011477, "centroid_lat": 37.231481442924547, "B03002_001E": 4277, "B03002_001M": 395, "B03002_012E": 940, "B03002_012M": 152, "B19013_001E": 188487, "B19013_001M": 17641, "B01003_001E": 4277, "state": "06", "county": "085", "tract": "512031", "latino_share": 0.21978021978021978, "camera_count": 1, "arterial_road_m": 2632.3225318624177, "land_area_km2": 1.435711, "pop_density_per_km2": 2979.0117927633069, "arterial_km_per_km2": 1.8334626758884047, "log_income": 12.146784317974731, "city": "San Jose" }, "geometry": { "type": "Polygon", "coordinates": [ [ [ -121.818011, 37.232979 ], [ -121.816886, 37.234654 ], [ -121.816856, 37.236976 ], [ -121.81581, 37.23691 ], [ -121.809792, 37.236942 ], [ -121.80384, 37.23699 ], [ -121.803825, 37.232909 ], [ -121.803804, 37.231206 ], [ -121.803752, 37.227864 ], [ -121.803968, 37.227355 ], [ -121.803662, 37.224639 ], [ -121.805451, 37.224098 ], [ -121.80645, 37.225186 ], [ -121.808298, 37.225071 ], [ -121.808975, 37.226752 ], [ -121.813325, 37.226643 ], [ -121.817246, 37.228014 ], [ -121.817005, 37.22957 ], [ -121.818249, 37.230198 ], [ -121.818011, 37.232979 ] ] ] } },
{ "type": "Feature", "properties": { "STATEFP": "06", "COUNTYFP": "085", "TRACTCE": "512022", "GEOIDFQ": "1400000US06085512022", "GEOID": "06085512022", "NAME": "5120.22", "NAMELSAD": "Census Tract 5120.22", "STUSPS": "CA", "NAMELSADCO": "Santa Clara County", "STATE_NAME": "California", "LSAD": "CT", "ALAND": 1027095, "AWATER": 0, "centroid_lon": -121.81087364593974, "centroid_lat": 37.255210293785957, "B03002_001E": 6277, "B03002_001M": 1462, "B03002_012E": 1992, "B03002_012M": 413, "B19013_001E": 95571, "B19013_001M": 7883, "B01003_001E": 6277, "state": "06", "county": "085", "tract": "512022", "latino_share": 0.31734905209494979, "camera_count": 6, "arterial_road_m": 6359.0456048627038, "land_area_km2": 1.027095, "pop_density_per_km2": 6111.4113105408942, "arterial_km_per_km2": 6.1912925336631019, "log_income": 11.467624705740064, "city": "San Jose" }, "geometry": { "type": "Polygon", "coordinates": [ [ [ -121.819358, 37.258884 ], [ -121.81211, 37.25905 ], [ -121.810299, 37.260202 ], [ -121.805743, 37.257491 ], [ -121.80249, 37.255625 ], [ -121.802898, 37.25533 ], [ -121.802085, 37.254839 ], [ -121.804024, 37.251476 ], [ -121.807752, 37.251849 ], [ -121.808862, 37.251543 ], [ -121.809802, 37.25125 ], [ -121.812841, 37.251494 ], [ -121.817494, 37.251459 ], [ -121.817608, 37.252572 ], [ -121.817589, 37.256384 ], [ -121.817826, 37.257032 ], [ -121.819358, 37.258884 ] ] ] } },
{ "type": "Feature", "properties": { "STATEFP": "06", "COUNTYFP": "085", "TRACTCE": "512053", "GEOIDFQ": "1400000US06085512053", "GEOID": "06085512053", "NAME": "5120.53", "NAMELSAD": "Census Tract 5120.53", "STUSPS": "CA", "NAMELSADCO": "Santa Clara County", "STATE_NAME": "California", "LSAD": "CT", "ALAND": 1092624, "AWATER": 0, "centroid_lon": -121.85352394090977, "centroid_lat": 37.243586843456306, "B03002_001E": 4996, "B03002_001M": 841, "B03002_012E": 2001, "B03002_012M": 609, "B19013_001E": 116667, "B19013_001M": 20520, "B01003_001E": 4996, "state": "06", "county": "085", "tract": "512053", "latino_share": 0.40052041633306645, "camera_count": 12, "arterial_road_m": 5480.8778162335739, "land_area_km2": 1.092624, "pop_density_per_km2": 4572.4787301029446, "arterial_km_per_km2": 5.0162524493637095, "log_income": 11.667079001936262, "city": "San Jose" }, "geometry": { "type": "Polygon", "coordinates": [ [ [ -121.862397, 37.241656 ], [ -121.860267, 37.242261 ], [ -121.857941, 37.240472 ], [ -121.855891, 37.246194 ], [ -121.855561, 37.24712 ], [ -121.854426, 37.250315 ], [ -121.849651, 37.250502 ], [ -121.846752, 37.250573 ], [ -121.846773, 37.249968 ], [ -121.84916, 37.243298 ], [ -121.850801, 37.238782 ], [ -121.851128, 37.237301 ], [ -121.852889, 37.236921 ], [ -121.853872, 37.237161 ], [ -121.859787, 37.238528 ], [ -121.862723, 37.240049 ], [ -121.862397, 37.241656 ] ] ] } },
{ "type": "Feature", "properties": { "STATEFP": "06", "COUNTYFP": "085", "TRACTCE": "511905", "GEOIDFQ": "1400000US06085511905", "GEOID": "06085511905", "NAME": "5119.05", "NAMELSAD": "Census Tract 5119.05", "STUSPS": "CA", "NAMELSADCO": "Santa Clara County", "STATE_NAME": "California", "LSAD": "CT", "ALAND": 1264613, "AWATER": 0, "centroid_lon": -121.85837617742179, "centroid_lat": 37.214730175026574, "B03002_001E": 3052, "B03002_001M": 336, "B03002_012E": 114, "B03002_012M": 90, "B19013_001E": 250001, "B19013_001M": -333333333, "B01003_001E": 3052, "state": "06", "county": "085", "tract": "511905", "latino_share": 0.037352555701179554, "camera_count": 0, "arterial_road_m": 2878.1494832820872, "land_area_km2": 1.264613, "pop_density_per_km2": 2413.3865459235353, "arterial_km_per_km2": 2.2759132503636188, "log_income": 12.429220196836383, "city": "San Jose" }, "geometry": { "type": "Polygon", "coordinates": [ [ [ -121.867314, 37.221353 ], [ -121.864349, 37.220766 ], [ -121.862268, 37.221646 ], [ -121.853947, 37.215683 ], [ -121.847881, 37.211124 ], [ -121.846297, 37.209384 ], [ -121.848151, 37.20869 ], [ -121.852822, 37.208204 ], [ -121.853801, 37.210866 ], [ -121.857798, 37.210288 ], [ -121.86023, 37.2103 ], [ -121.862869, 37.213738 ], [ -121.865684, 37.214836 ], [ -121.867205, 37.214833 ], [ -121.867314, 37.221353 ] ] ] } },
{ "type": "Feature", "properties": { "STATEFP": "06", "COUNTYFP": "085", "TRACTCE": "503511", "GEOIDFQ": "1400000US06085503511", "GEOID": "06085503511", "NAME": "5035.11", "NAMELSAD": "Census Tract 5035.11", "STUSPS": "CA", "NAMELSADCO": "Santa Clara County", "STATE_NAME": "California", "LSAD": "CT", "ALAND": 829161, "AWATER": 0, "centroid_lon": -121.8140225093277, "centroid_lat": 37.342576560951549, "B03002_001E": 3391, "B03002_001M": 430, "B03002_012E": 1538, "B03002_012M": 418, "B19013_001E": 125066, "B19013_001M": 23635, "B01003_001E": 3391, "state": "06", "county": "085", "tract": "503511", "latino_share": 0.45355352403420818, "camera_count": 2, "arterial_road_m": 3086.5945994236649, "land_area_km2": 0.829161, "pop_density_per_km2": 4089.6761907518562, "arterial_km_per_km2": 3.7225515906122753, "log_income": 11.736596876941485, "city": "San Jose" }, "geometry": { "type": "Polygon", "coordinates": [ [ [ -121.821967, 37.343463 ], [ -121.819399, 37.344759 ], [ -121.818003, 37.343546 ], [ -121.816183, 37.344277 ], [ -121.816554, 37.345629 ], [ -121.812811, 37.347474 ], [ -121.811132, 37.347343 ], [ -121.808863, 37.34474 ], [ -121.808585, 37.344549 ], [ -121.807963, 37.343794 ], [ -121.807514, 37.343289 ], [ -121.806464, 37.342135 ], [ -121.805913, 37.341519 ], [ -121.814669, 37.338711 ], [ -121.817439, 37.337819 ], [ -121.81998, 37.340597 ], [ -121.820054, 37.340738 ], [ -121.821967, 37.343463 ] ] ] } },
{ "type": "Feature", "properties": { "STATEFP": "06", "COUNTYFP": "085", "TRACTCE": "503211", "GEOIDFQ": "1400000US06085503211", "GEOID": "06085503211", "NAME": "5032.11", "NAMELSAD": "Census Tract 5032.11", "STUSPS": "CA", "NAMELSADCO": "Santa Clara County", "STATE_NAME": "California", "LSAD": "CT", "ALAND": 1058985, "AWATER": 0, "centroid_lon": -121.83243853047151, "centroid_lat": 37.311807625070344, "B03002_001E": 4341, "B03002_001M": 689, "B03002_012E": 1342, "B03002_012M": 314, "B19013_001E": 102292, "B19013_001M": 26478, "B01003_001E": 4341, "state": "06", "county": "085", "tract": "503211", "latino_share": 0.30914535821239347, "camera_count": 2, "arterial_road_m": 4147.9632199272146, "land_area_km2": 1.058985, "pop_density_per_km2": 4099.2082040822106, "arterial_km_per_km2": 3.9169234879882291, "log_income": 11.535586747513307, "city": "San Jose" }, "geometry": { "type": "Polygon", "coordinates": [ [ [ -121.840205, 37.312787 ], [ -121.836509, 37.315172 ], [ -121.831763, 37.318457 ], [ -121.826807, 37.313338 ], [ -121.824692, 37.311164 ], [ -121.825404, 37.309777 ], [ -121.829148, 37.307554 ], [ -121.832504, 37.305351 ], [ -121.835043, 37.307962 ], [ -121.838962, 37.31025 ], [ -121.840863, 37.312371 ], [ -121.840205, 37.312787 ] ] ] } },
{ "type": "Feature", "properties": { "STATEFP": "06", "COUNTYFP": "085", "TRACTCE": "503508", "GEOIDFQ": "1400000US06085503508", "GEOID": "06085503508", "NAME": "5035.08", "NAMELSAD": "Census Tract 5035.08", "STUSPS": "CA", "NAMELSADCO": "Santa Clara County", "STATE_NAME": "California", "LSAD": "CT", "ALAND": 1008144, "AWATER": 0, "centroid_lon": -121.81142150644418, "centroid_lat": 37.35452453375764, "B03002_001E": 5920, "B03002_001M": 800, "B03002_012E": 4161, "B03002_012M": 762, "B19013_001E": 125561, "B19013_001M": 13055, "B01003_001E": 5920, "state": "06", "county": "085", "tract": "503508", "latino_share": 0.70287162162162165, "camera_count": 0, "arterial_road_m": 1643.1346448082436, "land_area_km2": 1.008144, "pop_density_per_km2": 5872.1769905886467, "arterial_km_per_km2": 1.6298610563652054, "log_income": 11.740546975244023, "city": "San Jose" }, "geometry": { "type": "Polygon", "coordinates": [ [ [ -121.81709, 37.357536 ], [ -121.816057, 37.358237 ], [ -121.815654, 37.35851 ], [ -121.814459, 37.35931 ], [ -121.812175, 37.360885 ], [ -121.808557, 37.357614 ], [ -121.805078, 37.356007 ], [ -121.804028, 37.355428 ], [ -121.803982, 37.354659 ], [ -121.805898, 37.351776 ], [ -121.811629, 37.347889 ], [ -121.814298, 37.350818 ], [ -121.815066, 37.351667 ], [ -121.819147, 37.356142 ], [ -121.81709, 37.357536 ] ] ] } },
{ "type": "Feature", "properties": { "STATEFP": "06", "COUNTYFP": "085", "TRACTCE": "503217", "GEOIDFQ": "1400000US06085503217", "GEOID": "06085503217", "NAME": "5032.17", "NAMELSAD": "Census Tract 5032.17", "STUSPS": "CA", "NAMELSADCO": "Santa Clara County", "STATE_NAME": "California", "LSAD": "CT", "ALAND": 601903, "AWATER": 0, "centroid_lon": -121.8303100761446, "centroid_lat": 37.286699887967764, "B03002_001E": 4000, "B03002_001M": 482, "B03002_012E": 2849, "B03002_012M": 422, "B19013_001E": 90781, "B19013_001M": 33527, "B01003_001E": 4000, "state": "06", "county": "085", "tract": "503217", "latino_share": 0.71225, "camera_count": 2, "arterial_road_m": 2148.5679900507339, "land_area_km2": 0.601903, "pop_density_per_km2": 6645.589073322446, "arterial_km_per_km2": 3.5696249894928815, "log_income": 11.416205291591996, "city": "San Jose" }, "geometry": { "type": "Polygon", "coordinates": [ [ [ -121.834225, 37.28867 ], [ -121.834086, 37.292182 ], [ -121.833214, 37.293421 ], [ -121.829542, 37.289727 ], [ -121.827695, 37.287606 ], [ -121.827009, 37.286818 ], [ -121.824947, 37.284447 ], [ -121.82368, 37.282983 ], [ -121.823476, 37.282388 ], [ -121.82688, 37.282531 ], [ -121.827859, 37.282625 ], [ -121.831588, 37.283488 ], [ -121.832867, 37.283502 ], [ -121.834138, 37.283926 ], [ -121.834178, 37.286937 ], [ -121.834225, 37.28867 ] ] ] } },
{ "type": "Feature", "properties": { "STATEFP": "06", "COUNTYFP": "085", "TRACTCE": "504320", "GEOIDFQ": "1400000US06085504320", "GEOID": "06085504320", "NAME": "5043.20", "NAMELSAD": "Census Tract 5043.20", "STUSPS": "CA", "NAMELSADCO": "Santa Clara County", "STATE_NAME": "California", "LSAD": "CT", "ALAND": 923882, "AWATER": 0, "centroid_lon": -121.8714067276796, "centroid_lat": 37.402820049925857, "B03002_001E": 2946, "B03002_001M": 395, "B03002_012E": 356, "B03002_012M": 144, "B19013_001E": 179313, "B19013_001M": 29564, "B01003_001E": 2946, "state": "06", "county": "085", "tract": "504320", "latino_share": 0.1208418194161575, "camera_count": 2, "arterial_road_m": 3518.4676506068718, "land_area_km2": 0.923882, "pop_density_per_km2": 3188.7189056611128, "arterial_km_per_km2": 3.8083517706881094, "log_income": 12.096888161147856, "city": "San Jose" }, "geometry": { "type": "Polygon", "coordinates": [ [ [ -121.877501, 37.405584 ], [ -121.874124, 37.407239 ], [ -121.870267, 37.409124 ], [ -121.869467, 37.408032 ], [ -121.866763, 37.404324 ], [ -121.866384, 37.403804 ], [ -121.864361, 37.401056 ], [ -121.867778, 37.399259 ], [ -121.871725, 37.396704 ], [ -121.875559, 37.39924 ], [ -121.877501, 37.405584 ] ] ] } },
{ "type": "Feature", "properties": { "STATEFP": "06", "COUNTYFP": "085", "TRACTCE": "501800", "GEOIDFQ": "1400000US06085501800", "GEOID": "06085501800", "NAME": "5018", "NAMELSAD": "Census Tract 5018", "STUSPS": "CA", "NAMELSADCO": "Santa Clara County", "STATE_NAME": "California", "LSAD": "CT", "ALAND": 1428662, "AWATER": 0, "centroid_lon": -121.8965554001023, "centroid_lat": 37.316319221332385, "B03002_001E": 4836, "B03002_001M": 598, "B03002_012E": 2461, "B03002_012M": 512, "B19013_001E": 138750, "B19013_001M": 49629, "B01003_001E": 4836, "state": "06", "county": "085", "tract": "501800", "latino_share": 0.50889164598842018, "camera_count": 5, "arterial_road_m": 9739.0461607982052, "land_area_km2": 1.428662, "pop_density_per_km2": 3384.9853919261518, "arterial_km_per_km2": 6.8169001210910656, "log_income": 11.84042903160868, "city": "San Jose" }, "geometry": { "type": "Polygon", "coordinates": [ [ [ -121.903943, 37.314295 ], [ -121.901815, 37.31808 ], [ -121.902233, 37.318704 ], [ -121.89778, 37.32246 ], [ -121.895186, 37.323148 ], [ -121.892324, 37.32374 ], [ -121.89217, 37.323753 ], [ -121.890521, 37.320957 ], [ -121.88984, 37.318589 ], [ -121.889345, 37.317119 ], [ -121.888061, 37.315323 ], [ -121.888203, 37.315243 ], [ -121.890005, 37.314412 ], [ -121.891023, 37.31382 ], [ -121.893278, 37.312504 ], [ -121.893838, 37.312173 ], [ -121.894795, 37.311736 ], [ -121.895796, 37.311048 ], [ -121.896243, 37.310714 ], [ -121.901078, 37.308468 ], [ -121.901651, 37.309266 ], [ -121.903625, 37.311995 ], [ -121.903923, 37.312416 ], [ -121.904144, 37.312624 ], [ -121.903943, 37.314295 ] ] ] } },
{ "type": "Feature", "properties": { "STATEFP": "06", "COUNTYFP": "085", "TRACTCE": "501101", "GEOIDFQ": "1400000US06085501101", "GEOID": "06085501101", "NAME": "5011.01", "NAMELSAD": "Census Tract 5011.01", "STUSPS": "CA", "NAMELSADCO": "Santa Clara County", "STATE_NAME": "California", "LSAD": "CT", "ALAND": 656885, "AWATER": 0, "centroid_lon": -121.8919637694346, "centroid_lat": 37.348120452098676, "B03002_001E": 3997, "B03002_001M": 557, "B03002_012E": 1236, "B03002_012M": 321, "B19013_001E": 107969, "B19013_001M": 46202, "B01003_001E": 3997, "state": "06", "county": "085", "tract": "501101", "latino_share": 0.30923192394295723, "camera_count": 0, "arterial_road_m": 3774.108773613324, "land_area_km2": 0.656885, "pop_density_per_km2": 6084.7789186843966, "arterial_km_per_km2": 5.7454634732309673, "log_income": 11.589599427866304, "city": "San Jose" }, "geometry": { "type": "Polygon", "coordinates": [ [ [ -121.897038, 37.350591 ], [ -121.892914, 37.35255 ], [ -121.890661, 37.353617 ], [ -121.885876, 37.347191 ], [ -121.890069, 37.34517 ], [ -121.892345, 37.344296 ], [ -121.892908, 37.34314 ], [ -121.894953, 37.342046 ], [ -121.897006, 37.344803 ], [ -121.893845, 37.346307 ], [ -121.897038, 37.350591 ] ] ] } },
{ "type": "Feature", "properties": { "STATEFP": "06", "COUNTYFP": "085", "TRACTCE": "500902", "GEOIDFQ": "1400000US06085500902", "GEOID": "06085500902", "NAME": "5009.02", "NAMELSAD": "Census Tract 5009.02", "STUSPS": "CA", "NAMELSADCO": "Santa Clara County", "STATE_NAME": "California", "LSAD": "CT", "ALAND": 242522, "AWATER": 0, "centroid_lon": -121.87963959421876, "centroid_lat": 37.333017861271387, "B03002_001E": 4864, "B03002_001M": 314, "B03002_012E": 1467, "B03002_012M": 266, "B19013_001E": 40167, "B19013_001M": 10130, "B01003_001E": 4864, "state": "06", "county": "085", "tract": "500902", "latino_share": 0.30160361842105265, "camera_count": 10, "arterial_road_m": 888.59690546935383, "land_area_km2": 0.242522, "pop_density_per_km2": 20055.912453303208, "arterial_km_per_km2": 3.6639847332174149, "log_income": 10.600801041965489, "city": "San Jose" }, "geometry": { "type": "Polygon", "coordinates": [ [ [ -121.88393, 37.333003 ], [ -121.880729, 37.334381 ], [ -121.877529, 37.335985 ], [ -121.875381, 37.333102 ], [ -121.878538, 37.331602 ], [ -121.881756, 37.330081 ], [ -121.88393, 37.333003 ] ] ] } },
{ "type": "Feature", "properties": { "STATEFP": "06", "COUNTYFP": "085", "TRACTCE": "503116", "GEOIDFQ": "1400000US06085503116", "GEOID": "06085503116", "NAME": "5031.16", "NAMELSAD": "Census Tract 5031.16", "STUSPS": "CA", "NAMELSADCO": "Santa Clara County", "STATE_NAME": "California", "LSAD": "CT", "ALAND": 1141518, "AWATER": 0, "centroid_lon": -121.85376473674491, "centroid_lat": 37.277462434209127, "B03002_001E": 6597, "B03002_001M": 740, "B03002_012E": 1749, "B03002_012M": 406, "B19013_001E": 106875, "B19013_001M": 14421, "B01003_001E": 6597, "state": "06", "county": "085", "tract": "503116", "latino_share": 0.26512050932241926, "camera_count": 2, "arterial_road_m": 8989.0460041959414, "land_area_km2": 1.141518, "pop_density_per_km2": 5779.1467151634924, "arterial_km_per_km2": 7.8746423658636493, "log_income": 11.579415206239061, "city": "San Jose" }, "geometry": { "type": "Polygon", "coordinates": [ [ [ -121.864749, 37.279805 ], [ -121.861476, 37.280518 ], [ -121.858294, 37.280226 ], [ -121.854273, 37.280213 ], [ -121.849652, 37.280584 ], [ -121.845731, 37.280138 ], [ -121.844362, 37.279442 ], [ -121.841981, 37.277016 ], [ -121.841897, 37.276928 ], [ -121.8443, 37.275394 ], [ -121.845261, 37.274966 ], [ -121.846977, 37.274645 ], [ -121.84984, 37.274576 ], [ -121.852166, 37.274555 ], [ -121.854643, 37.274519 ], [ -121.857225, 37.274471 ], [ -121.860017, 37.274419 ], [ -121.862939, 37.27445 ], [ -121.863403, 37.276531 ], [ -121.864749, 37.279805 ] ] ] } },
{ "type": "Feature", "properties": { "STATEFP": "06", "COUNTYFP": "085", "TRACTCE": "512026", "GEOIDFQ": "1400000US06085512026", "GEOID": "06085512026", "NAME": "5120.26", "NAMELSAD": "Census Tract 5120.26", "STUSPS": "CA", "NAMELSADCO": "Santa Clara County", "STATE_NAME": "California", "LSAD": "CT", "ALAND": 2206485, "AWATER": 0, "centroid_lon": -121.8380132900608, "centroid_lat": 37.258455467726478, "B03002_001E": 3627, "B03002_001M": 307, "B03002_012E": 1201, "B03002_012M": 288, "B19013_001E": 131850, "B19013_001M": 25961, "B01003_001E": 3627, "state": "06", "county": "085", "tract": "512026", "latino_share": 0.33112765370829889, "camera_count": 3, "arterial_road_m": 7010.3649409545033, "land_area_km2": 2.206485, "pop_density_per_km2": 1643.7909163216611, "arterial_km_per_km2": 3.1771641053324653, "log_income": 11.789420191781433, "city": "San Jose" }, "geometry": { "type": "Polygon", "coordinates": [ [ [ -121.845501, 37.263823 ], [ -121.844786, 37.265966 ], [ -121.841029, 37.265995 ], [ -121.832942, 37.266032 ], [ -121.831087, 37.26598 ], [ -121.830908, 37.261688 ], [ -121.830906, 37.258772 ], [ -121.83084, 37.257019 ], [ -121.830824, 37.255871 ], [ -121.830811, 37.25477 ], [ -121.830838, 37.251288 ], [ -121.829969, 37.248048 ], [ -121.829988, 37.247493 ], [ -121.83651, 37.250723 ], [ -121.844467, 37.254555 ], [ -121.848301, 37.25539 ], [ -121.845501, 37.263823 ] ] ] } },
{ "type": "Feature", "properties": { "STATEFP": "06", "COUNTYFP": "085", "TRACTCE": "502301", "GEOIDFQ": "1400000US06085502301", "GEOID": "06085502301", "NAME": "5023.01", "NAMELSAD": "Census Tract 5023.01", "STUSPS": "CA", "NAMELSADCO": "Santa Clara County", "STATE_NAME": "California", "LSAD": "CT", "ALAND": 1227223, "AWATER": 0, "centroid_lon": -121.9070683917278, "centroid_lat": 37.301072301723629, "B03002_001E": 3023, "B03002_001M": 379, "B03002_012E": 790, "B03002_012M": 158, "B19013_001E": 167000, "B19013_001M": 21619, "B01003_001E": 3023, "state": "06", "county": "085", "tract": "502301", "latino_share": 0.26132980482963941, "camera_count": 1, "arterial_road_m": 2566.6943974092119, "land_area_km2": 1.227223, "pop_density_per_km2": 2463.2849938438249, "arterial_km_per_km2": 2.091465363189259, "log_income": 12.025749091398891, "city": "San Jose" }, "geometry": { "type": "Polygon", "coordinates": [ [ [ -121.913603, 37.302242 ], [ -121.913602, 37.303883 ], [ -121.910981, 37.303973 ], [ -121.910453, 37.304209 ], [ -121.904761, 37.306787 ], [ -121.903848, 37.307203 ], [ -121.901078, 37.308468 ], [ -121.898945, 37.305467 ], [ -121.897312, 37.303616 ], [ -121.902192, 37.301343 ], [ -121.905675, 37.301033 ], [ -121.905087, 37.294479 ], [ -121.90867, 37.293808 ], [ -121.909356, 37.294232 ], [ -121.909929, 37.294419 ], [ -121.913536, 37.294441 ], [ -121.913546, 37.294872 ], [ -121.913547, 37.295447 ], [ -121.91357, 37.298113 ], [ -121.91361, 37.300931 ], [ -121.913603, 37.302242 ] ] ] } },
{ "type": "Feature", "properties": { "STATEFP": "06", "COUNTYFP": "085", "TRACTCE": "503507", "GEOIDFQ": "1400000US06085503507", "GEOID": "06085503507", "NAME": "5035.07", "NAMELSAD": "Census Tract 5035.07", "STUSPS": "CA", "NAMELSADCO": "Santa Clara County", "STATE_NAME": "California", "LSAD": "CT", "ALAND": 388539, "AWATER": 0, "centroid_lon": -121.83194327349261, "centroid_lat": 37.340189997383078, "B03002_001E": 2385, "B03002_001M": 477, "B03002_012E": 1568, "B03002_012M": 368, "B19013_001E": 153542, "B19013_001M": 36232, "B01003_001E": 2385, "state": "06", "county": "085", "tract": "503507", "latino_share": 0.65744234800838575, "camera_count": 0, "arterial_road_m": 3017.8355924295711, "land_area_km2": 0.388539, "pop_density_per_km2": 6138.3799309721799, "arterial_km_per_km2": 7.7671368702487289, "log_income": 11.941729424218638, "city": "San Jose" }, "geometry": { "type": "Polygon", "coordinates": [ [ [ -121.834837, 37.3455 ], [ -121.830159, 37.340671 ], [ -121.826323, 37.336712 ], [ -121.828103, 37.335508 ], [ -121.829038, 37.334878 ], [ -121.832974, 37.338933 ], [ -121.837564, 37.343655 ], [ -121.834837, 37.3455 ] ] ] } },
{ "type": "Feature", "properties": { "STATEFP": "06", "COUNTYFP": "085", "TRACTCE": "512052", "GEOIDFQ": "1400000US06085512052", "GEOID": "06085512052", "NAME": "5120.52", "NAMELSAD": "Census Tract 5120.52", "STUSPS": "CA", "NAMELSADCO": "Santa Clara County", "STATE_NAME": "California", "LSAD": "CT", "ALAND": 1471610, "AWATER": 64209, "centroid_lon": -121.86513064167949, "centroid_lat": 37.246491820606821, "B03002_001E": 4451, "B03002_001M": 448, "B03002_012E": 1631, "B03002_012M": 483, "B19013_001E": 119076, "B19013_001M": 19760, "B01003_001E": 4451, "state": "06", "county": "085", "tract": "512052", "latino_share": 0.36643450909907888, "camera_count": 4, "arterial_road_m": 9543.4961813927948, "land_area_km2": 1.47161, "pop_density_per_km2": 3024.5785228423288, "arterial_km_per_km2": 6.4850715756163622, "log_income": 11.687517223702242, "city": "San Jose" }, "geometry": { "type": "Polygon", "coordinates": [ [ [ -121.875213, 37.250819 ], [ -121.874507, 37.250839 ], [ -121.86655, 37.25041 ], [ -121.858876, 37.250358 ], [ -121.854426, 37.250315 ], [ -121.855561, 37.24712 ], [ -121.855891, 37.246194 ], [ -121.857941, 37.240472 ], [ -121.860267, 37.242261 ], [ -121.862397, 37.241656 ], [ -121.863464, 37.241686 ], [ -121.867378, 37.242606 ], [ -121.870814, 37.243308 ], [ -121.874824, 37.242604 ], [ -121.874926, 37.242606 ], [ -121.874669, 37.244713 ], [ -121.874725, 37.245554 ], [ -121.874767, 37.246142 ], [ -121.875315, 37.250817 ], [ -121.875213, 37.250819 ] ] ] } },
{ "type": "Feature", "properties": { "STATEFP": "06", "COUNTYFP": "085", "TRACTCE": "506605", "GEOIDFQ": "1400000US06085506605", "GEOID": "06085506605", "NAME": "5066.05", "NAMELSAD": "Census Tract 5066.05", "STUSPS": "CA", "NAMELSADCO": "Santa Clara County", "STATE_NAME": "California", "LSAD": "CT", "ALAND": 999199, "AWATER": 0, "centroid_lon": -121.96939776922501, "centroid_lat": 37.297424944791914, "B03002_001E": 4277, "B03002_001M": 566, "B03002_012E": 927, "B03002_012M": 376, "B19013_001E": 137663, "B19013_001M": 24653, "B01003_001E": 4277, "state": "06", "county": "085", "tract": "506605", "latino_share": 0.21674070610240823, "camera_count": 1, "arterial_road_m": 2674.8694910005675, "land_area_km2": 0.999199, "pop_density_per_km2": 4280.4286233272851, "arterial_km_per_km2": 2.6770137790375768, "log_income": 11.832563948537793, "city": "San Jose" }, "geometry": { "type": "Polygon", "coordinates": [ [ [ -121.976722, 37.300917 ], [ -121.975589, 37.300936 ], [ -121.970263, 37.301037 ], [ -121.969852, 37.301044 ], [ -121.964285, 37.301176 ], [ -121.964221, 37.300969 ], [ -121.961852, 37.297892 ], [ -121.961208, 37.296672 ], [ -121.96083, 37.29431 ], [ -121.9685, 37.29417 ], [ -121.970808, 37.294079 ], [ -121.97289, 37.293868 ], [ -121.976621, 37.293795 ], [ -121.976722, 37.300917 ] ] ] } },
{ "type": "Feature", "properties": { "STATEFP": "06", "COUNTYFP": "085", "TRACTCE": "503506", "GEOIDFQ": "1400000US06085503506", "GEOID": "06085503506", "NAME": "5035.06", "NAMELSAD": "Census Tract 5035.06", "STUSPS": "CA", "NAMELSADCO": "Santa Clara County", "STATE_NAME": "California", "LSAD": "CT", "ALAND": 999855, "AWATER": 0, "centroid_lon": -121.82723315136309, "centroid_lat": 37.343652411808783, "B03002_001E": 6736, "B03002_001M": 917, "B03002_012E": 4766, "B03002_012M": 955, "B19013_001E": 107091, "B19013_001M": 21167, "B01003_001E": 6736, "state": "06", "county": "085", "tract": "503506", "latino_share": 0.70754156769596199, "camera_count": 1, "arterial_road_m": 5650.6694767103454, "land_area_km2": 0.999855, "pop_density_per_km2": 6736.9768616449383, "arterial_km_per_km2": 5.6514889426070232, "log_income": 11.581434219291372, "city": "San Jose" }, "geometry": { "type": "Polygon", "coordinates": [ [ [ -121.832647, 37.346986 ], [ -121.830599, 37.348379 ], [ -121.827006, 37.350833 ], [ -121.824889, 37.347654 ], [ -121.822848, 37.344718 ], [ -121.821967, 37.343463 ], [ -121.820054, 37.340738 ], [ -121.821511, 37.339952 ], [ -121.826323, 37.336712 ], [ -121.830159, 37.340671 ], [ -121.834837, 37.3455 ], [ -121.832647, 37.346986 ] ] ] } },
{ "type": "Feature", "properties": { "STATEFP": "06", "COUNTYFP": "085", "TRACTCE": "503113", "GEOIDFQ": "1400000US06085503113", "GEOID": "06085503113", "NAME": "5031.13", "NAMELSAD": "Census Tract 5031.13", "STUSPS": "CA", "NAMELSADCO": "Santa Clara County", "STATE_NAME": "California", "LSAD": "CT", "ALAND": 728344, "AWATER": 0, "centroid_lon": -121.88100338978484, "centroid_lat": 37.315665653070468, "B03002_001E": 4340, "B03002_001M": 546, "B03002_012E": 3210, "B03002_012M": 510, "B19013_001E": 95495, "B19013_001M": 16008, "B01003_001E": 4340, "state": "06", "county": "085", "tract": "503113", "latino_share": 0.73963133640552992, "camera_count": 2, "arterial_road_m": 7249.3632537242702, "land_area_km2": 0.728344, "pop_density_per_km2": 5958.7228013136646, "arterial_km_per_km2": 9.9532133905465958, "log_income": 11.466829169077254, "city": "San Jose" }, "geometry": { "type": "Polygon", "coordinates": [ [ [ -121.886633, 37.316156 ], [ -121.885952, 37.316811 ], [ -121.882211, 37.318925 ], [ -121.878607, 37.321015 ], [ -121.877622, 37.320026 ], [ -121.876685, 37.319071 ], [ -121.874022, 37.316377 ], [ -121.878025, 37.313555 ], [ -121.878163, 37.313458 ], [ -121.881624, 37.311025 ], [ -121.883232, 37.310156 ], [ -121.887901, 37.315414 ], [ -121.886633, 37.316156 ] ] ] } },
{ "type": "Feature", "properties": { "STATEFP": "06", "COUNTYFP": "085", "TRACTCE": "501300", "GEOIDFQ": "1400000US06085501300", "GEOID": "06085501300", "NAME": "5013", "NAMELSAD": "Census Tract 5013", "STUSPS": "CA", "NAMELSADCO": "Santa Clara County", "STATE_NAME": "California", "LSAD": "CT", "ALAND": 747097, "AWATER": 0, "centroid_lon": -121.87455505631381, "centroid_lat": 37.338737836919378, "B03002_001E": 4076, "B03002_001M": 534, "B03002_012E": 1295, "B03002_012M": 319, "B19013_001E": 134185, "B19013_001M": 30770, "B01003_001E": 4076, "state": "06", "county": "085", "tract": "501300", "latino_share": 0.31771344455348383, "camera_count": 2, "arterial_road_m": 5141.869992371694, "land_area_km2": 0.747097, "pop_density_per_km2": 5455.7841886662645, "arterial_km_per_km2": 6.882466389734792, "log_income": 11.806974723800169, "city": "San Jose" }, "geometry": { "type": "Polygon", "coordinates": [ [ [ -121.881038, 37.340693 ], [ -121.87715, 37.342542 ], [ -121.873875, 37.344095 ], [ -121.871133, 37.342131 ], [ -121.870572, 37.340458 ], [ -121.869947, 37.337917 ], [ -121.868321, 37.337039 ], [ -121.868758, 37.336264 ], [ -121.871505, 37.334938 ], [ -121.875381, 37.333102 ], [ -121.877529, 37.335985 ], [ -121.878607, 37.337431 ], [ -121.881038, 37.340693 ] ] ] } },
{ "type": "Feature", "properties": { "STATEFP": "06", "COUNTYFP": "085", "TRACTCE": "512042", "GEOIDFQ": "1400000US06085512042", "GEOID": "06085512042", "NAME": "5120.42", "NAMELSAD": "Census Tract 5120.42", "STUSPS": "CA", "NAMELSADCO": "Santa Clara County", "STATE_NAME": "California", "LSAD": "CT", "ALAND": 663334, "AWATER": 0, "centroid_lon": -121.814486529223, "centroid_lat": 37.266090340476822, "B03002_001E": 2930, "B03002_001M": 301, "B03002_012E": 1318, "B03002_012M": 273, "B19013_001E": 131806, "B19013_001M": 48922, "B01003_001E": 2930, "state": "06", "county": "085", "tract": "512042", "latino_share": 0.4498293515358362, "camera_count": 7, "arterial_road_m": 2410.062704737893, "land_area_km2": 0.663334, "pop_density_per_km2": 4417.0809878583041, "arterial_km_per_km2": 3.6332567073870674, "log_income": 11.789086423534865, "city": "San Jose" }, "geometry": { "type": "Polygon", "coordinates": [ [ [ -121.819978, 37.269292 ], [ -121.818514, 37.269695 ], [ -121.815679, 37.269195 ], [ -121.813649, 37.269185 ], [ -121.811757, 37.269195 ], [ -121.808866, 37.269384 ], [ -121.808333, 37.26909 ], [ -121.809875, 37.268504 ], [ -121.809981, 37.261582 ], [ -121.810299, 37.260202 ], [ -121.813525, 37.262196 ], [ -121.819009, 37.265462 ], [ -121.822106, 37.26743 ], [ -121.819978, 37.269292 ] ] ] } },
{ "type": "Feature", "properties": { "STATEFP": "06", "COUNTYFP": "085", "TRACTCE": "501901", "GEOIDFQ": "1400000US06085501901", "GEOID": "06085501901", "NAME": "5019.01", "NAMELSAD": "Census Tract 5019.01", "STUSPS": "CA", "NAMELSADCO": "Santa Clara County", "STATE_NAME": "California", "LSAD": "CT", "ALAND": 597771, "AWATER": 0, "centroid_lon": -121.90781627176841, "centroid_lat": 37.323705399416802, "B03002_001E": 3009, "B03002_001M": 502, "B03002_012E": 754, "B03002_012M": 279, "B19013_001E": 145862, "B19013_001M": 37996, "B01003_001E": 3009, "state": "06", "county": "085", "tract": "501901", "latino_share": 0.25058158856763046, "camera_count": 1, "arterial_road_m": 4724.0587910222685, "land_area_km2": 0.597771, "pop_density_per_km2": 5033.7001962289905, "arterial_km_per_km2": 7.9027901839036492, "log_income": 11.890416248222635, "city": "San Jose" }, "geometry": { "type": "Polygon", "coordinates": [ [ [ -121.913791, 37.325905 ], [ -121.91158, 37.326009 ], [ -121.906205, 37.326222 ], [ -121.904864, 37.326176 ], [ -121.900194, 37.326611 ], [ -121.900883, 37.325601 ], [ -121.901179, 37.325288 ], [ -121.901426, 37.324942 ], [ -121.901901, 37.324387 ], [ -121.90203, 37.324136 ], [ -121.90248, 37.323481 ], [ -121.902625, 37.32136 ], [ -121.913733, 37.320753 ], [ -121.913738, 37.321599 ], [ -121.913747, 37.323489 ], [ -121.913791, 37.325905 ] ] ] } },
{ "type": "Feature", "properties": { "STATEFP": "06", "COUNTYFP": "085", "TRACTCE": "503222", "GEOIDFQ": "1400000US06085503222", "GEOID": "06085503222", "NAME": "5032.22", "NAMELSAD": "Census Tract 5032.22", "STUSPS": "CA", "NAMELSADCO": "Santa Clara County", "STATE_NAME": "California", "LSAD": "CT", "ALAND": 751197, "AWATER": 0, "centroid_lon": -121.8451042778411, "centroid_lat": 37.296137528362408, "B03002_001E": 5706, "B03002_001M": 1207, "B03002_012E": 2955, "B03002_012M": 1173, "B19013_001E": 101171, "B19013_001M": 28924, "B01003_001E": 5706, "state": "06", "county": "085", "tract": "503222", "latino_share": 0.51787592008412198, "camera_count": 0, "arterial_road_m": 2758.4618789637125, "land_area_km2": 0.751197, "pop_density_per_km2": 7595.876980339378, "arterial_km_per_km2": 3.6720885186758103, "log_income": 11.524567433504155, "city": "San Jose" }, "geometry": { "type": "Polygon", "coordinates": [ [ [ -121.85132, 37.295478 ], [ -121.845305, 37.299551 ], [ -121.841878, 37.301953 ], [ -121.840326, 37.30033 ], [ -121.840148, 37.300129 ], [ -121.83926, 37.299202 ], [ -121.837626, 37.297714 ], [ -121.843005, 37.293995 ], [ -121.845138, 37.292513 ], [ -121.848266, 37.290365 ], [ -121.852545, 37.294625 ], [ -121.85132, 37.295478 ] ] ] } },
{ "type": "Feature", "properties": { "STATEFP": "06", "COUNTYFP": "085", "TRACTCE": "503123", "GEOIDFQ": "1400000US06085503123", "GEOID": "06085503123", "NAME": "5031.23", "NAMELSAD": "Census Tract 5031.23", "STUSPS": "CA", "NAMELSADCO": "Santa Clara County", "STATE_NAME": "California", "LSAD": "CT", "ALAND": 689066, "AWATER": 0, "centroid_lon": -121.8778784297063, "centroid_lat": 37.297644322509079, "B03002_001E": 3935, "B03002_001M": 464, "B03002_012E": 2328, "B03002_012M": 385, "B19013_001E": 60119, "B19013_001M": 6159, "B01003_001E": 3935, "state": "06", "county": "085", "tract": "503123", "latino_share": 0.59161372299872939, "camera_count": 1, "arterial_road_m": 8245.8738133684783, "land_area_km2": 0.689066, "pop_density_per_km2": 5710.6285900044413, "arterial_km_per_km2": 11.966740215550438, "log_income": 11.004081210328707, "city": "San Jose" }, "geometry": { "type": "Polygon", "coordinates": [ [ [ -121.881649, 37.303998 ], [ -121.878735, 37.30384 ], [ -121.878677, 37.304013 ], [ -121.878612, 37.304342 ], [ -121.8767, 37.301874 ], [ -121.874729, 37.299143 ], [ -121.872864, 37.294715 ], [ -121.873116, 37.294358 ], [ -121.87539, 37.292772 ], [ -121.880689, 37.292242 ], [ -121.881242, 37.296039 ], [ -121.88085, 37.297481 ], [ -121.880716, 37.301094 ], [ -121.881748, 37.301725 ], [ -121.881649, 37.303998 ] ] ] } },
{ "type": "Feature", "properties": { "STATEFP": "06", "COUNTYFP": "085", "TRACTCE": "503710", "GEOIDFQ": "1400000US06085503710", "GEOID": "06085503710", "NAME": "5037.10", "NAMELSAD": "Census Tract 5037.10", "STUSPS": "CA", "NAMELSADCO": "Santa Clara County", "STATE_NAME": "California", "LSAD": "CT", "ALAND": 601268, "AWATER": 0, "centroid_lon": -121.84691813725361, "centroid_lat": 37.354703962183386, "B03002_001E": 3358, "B03002_001M": 475, "B03002_012E": 1890, "B03002_012M": 372, "B19013_001E": 58956, "B19013_001M": 6443, "B01003_001E": 3358, "state": "06", "county": "085", "tract": "503710", "latino_share": 0.56283502084574155, "camera_count": 3, "arterial_road_m": 5420.630929537374, "land_area_km2": 0.601268, "pop_density_per_km2": 5584.8639874398768, "arterial_km_per_km2": 9.0153324799213888, "log_income": 10.984546681956649, "city": "San Jose" }, "geometry": { "type": "Polygon", "coordinates": [ [ [ -121.855465, 37.352735 ], [ -121.851126, 37.354892 ], [ -121.849189, 37.355812 ], [ -121.846819, 37.356937 ], [ -121.845124, 37.35774 ], [ -121.843454, 37.358473 ], [ -121.840908, 37.359656 ], [ -121.838531, 37.355648 ], [ -121.840163, 37.355667 ], [ -121.846795, 37.352655 ], [ -121.852651, 37.34985 ], [ -121.855465, 37.352735 ] ] ] } },
{ "type": "Feature", "properties": { "STATEFP": "06", "COUNTYFP": "085", "TRACTCE": "512038", "GEOIDFQ": "1400000US06085512038", "GEOID": "06085512038", "NAME": "5120.38", "NAMELSAD": "Census Tract 5120.38", "STUSPS": "CA", "NAMELSADCO": "Santa Clara County", "STATE_NAME": "California", "LSAD": "CT", "ALAND": 1379835, "AWATER": 0, "centroid_lon": -121.76204707006285, "centroid_lat": 37.234801916054103, "B03002_001E": 3191, "B03002_001M": 567, "B03002_012E": 967, "B03002_012M": 244, "B19013_001E": 99357, "B19013_001M": 36069, "B01003_001E": 3191, "state": "06", "county": "085", "tract": "512038", "latino_share": 0.30303979943591353, "camera_count": 2, "arterial_road_m": 9479.5829356763188, "land_area_km2": 1.379835, "pop_density_per_km2": 2312.595346545058, "arterial_km_per_km2": 6.8700844200040727, "log_income": 11.506474703474765, "city": "San Jose" }, "geometry": { "type": "Polygon", "coordinates": [ [ [ -121.777991, 37.240985 ], [ -121.770716, 37.242042 ], [ -121.769559, 37.242067 ], [ -121.766767, 37.240367 ], [ -121.764935, 37.239372 ], [ -121.747478, 37.229526 ], [ -121.748397, 37.228449 ], [ -121.749062, 37.227872 ], [ -121.75027, 37.227038 ], [ -121.750803, 37.226686 ], [ -121.751149, 37.226434 ], [ -121.768706, 37.235438 ], [ -121.768882, 37.235536 ], [ -121.773072, 37.238033 ], [ -121.777691, 37.240808 ], [ -121.777991, 37.240985 ] ] ] } },
{ "type": "Feature", "properties": { "STATEFP": "06", "COUNTYFP": "085", "TRACTCE": "506401", "GEOIDFQ": "1400000US06085506401", "GEOID": "06085506401", "NAME": "5064.01", "NAMELSAD": "Census Tract 5064.01", "STUSPS": "CA", "NAMELSADCO": "Santa Clara County", "STATE_NAME": "California", "LSAD": "CT", "ALAND": 1344401, "AWATER": 0, "centroid_lon": -121.94523920820693, "centroid_lat": 37.316373312759374, "B03002_001E": 4945, "B03002_001M": 494, "B03002_012E": 1211, "B03002_012M": 398, "B19013_001E": 166667, "B19013_001M": 41993, "B01003_001E": 4945, "state": "06", "county": "085", "tract": "506401", "latino_share": 0.24489383215369059, "camera_count": 9, "arterial_road_m": 13827.824145112718, "land_area_km2": 1.344401, "pop_density_per_km2": 3678.2180316735858, "arterial_km_per_km2": 10.285490820902929, "log_income": 12.023753088734219, "city": "San Jose" }, "geometry": { "type": "Polygon", "coordinates": [ [ [ -121.95018, 37.32322 ], [ -121.947846, 37.323283 ], [ -121.947089, 37.323381 ], [ -121.94667, 37.323366 ], [ -121.940831, 37.323306 ], [ -121.940552, 37.32328 ], [ -121.94017, 37.317417 ], [ -121.940174, 37.317242 ], [ -121.940503, 37.30954 ], [ -121.949426, 37.309265 ], [ -121.949976, 37.309079 ], [ -121.950081, 37.313128 ], [ -121.950119, 37.316683 ], [ -121.950132, 37.319201 ], [ -121.95018, 37.32322 ] ] ] } },
{ "type": "Feature", "properties": { "STATEFP": "06", "COUNTYFP": "085", "TRACTCE": "503327", "GEOIDFQ": "1400000US06085503327", "GEOID": "06085503327", "NAME": "5033.27", "NAMELSAD": "Census Tract 5033.27", "STUSPS": "CA", "NAMELSADCO": "Santa Clara County", "STATE_NAME": "California", "LSAD": "CT", "ALAND": 1440282, "AWATER": 0, "centroid_lon": -121.78879296763746, "centroid_lat": 37.308043896684801, "B03002_001E": 4410, "B03002_001M": 577, "B03002_012E": 1143, "B03002_012M": 265, "B19013_001E": 167232, "B19013_001M": 79249, "B01003_001E": 4410, "state": "06", "county": "085", "tract": "503327", "latino_share": 0.25918367346938775, "camera_count": 1, "arterial_road_m": 3315.0586518169202, "land_area_km2": 1.440282, "pop_density_per_km2": 3061.9003778426722, "arterial_km_per_km2": 2.3016733194033669, "log_income": 12.027137348880284, "city": "San Jose" }, "geometry": { "type": "Polygon", "coordinates": [ [ [ -121.80191, 37.312416 ], [ -121.796141, 37.313289 ], [ -121.794575, 37.313523 ], [ -121.791566, 37.313958 ], [ -121.790441, 37.313105 ], [ -121.785517, 37.310218 ], [ -121.780231, 37.308296 ], [ -121.777872, 37.305974 ], [ -121.771341, 37.299344 ], [ -121.771625, 37.299159 ], [ -121.773152, 37.299589 ], [ -121.774548, 37.301858 ], [ -121.778727, 37.301191 ], [ -121.780439, 37.303172 ], [ -121.782927, 37.303733 ], [ -121.784999, 37.306294 ], [ -121.787624, 37.306451 ], [ -121.787966, 37.307854 ], [ -121.790338, 37.306717 ], [ -121.794308, 37.306198 ], [ -121.793988, 37.305618 ], [ -121.795023, 37.303674 ], [ -121.796154, 37.304212 ], [ -121.797881, 37.306615 ], [ -121.80191, 37.312416 ] ] ] } },
{ "type": "Feature", "properties": { "STATEFP": "06", "COUNTYFP": "085", "TRACTCE": "503804", "GEOIDFQ": "1400000US06085503804", "GEOID": "06085503804", "NAME": "5038.04", "NAMELSAD": "Census Tract 5038.04", "STUSPS": "CA", "NAMELSADCO": "Santa Clara County", "STATE_NAME": "California", "LSAD": "CT", "ALAND": 1509505, "AWATER": 0, "centroid_lon": -121.84486058751256, "centroid_lat": 37.375901045123904, "B03002_001E": 5618, "B03002_001M": 722, "B03002_012E": 1845, "B03002_012M": 670, "B19013_001E": 111414, "B19013_001M": 19854, "B01003_001E": 5618, "state": "06", "county": "085", "tract": "503804", "latino_share": 0.32840868636525455, "camera_count": 3, "arterial_road_m": 7254.9966921263149, "land_area_km2": 1.509505, "pop_density_per_km2": 3721.7498451479123, "arterial_km_per_km2": 4.8062091163171461, "log_income": 11.62100827182865, "city": "San Jose" }, "geometry": { "type": "Polygon", "coordinates": [ [ [ -121.851915, 37.378752 ], [ -121.847343, 37.380423 ], [ -121.845148, 37.381863 ], [ -121.842253, 37.383828 ], [ -121.841324, 37.382603 ], [ -121.841054, 37.382244 ], [ -121.840491, 37.381515 ], [ -121.839106, 37.379695 ], [ -121.838706, 37.379172 ], [ -121.83716, 37.377126 ], [ -121.837063, 37.376979 ], [ -121.836145, 37.375803 ], [ -121.835609, 37.37511 ], [ -121.843013, 37.370077 ], [ -121.846104, 37.368075 ], [ -121.851805, 37.373773 ], [ -121.851841, 37.37381 ], [ -121.854757, 37.376782 ], [ -121.851915, 37.378752 ] ] ] } },
{ "type": "Feature", "properties": { "STATEFP": "06", "COUNTYFP": "085", "TRACTCE": "503121", "GEOIDFQ": "1400000US06085503121", "GEOID": "06085503121", "NAME": "5031.21", "NAMELSAD": "Census Tract 5031.21", "STUSPS": "CA", "NAMELSADCO": "Santa Clara County", "STATE_NAME": "California", "LSAD": "CT", "ALAND": 2146016, "AWATER": 0, "centroid_lon": -121.87250188477638, "centroid_lat": 37.306160957111011, "B03002_001E": 4837, "B03002_001M": 661, "B03002_012E": 3034, "B03002_012M": 624, "B19013_001E": 77241, "B19013_001M": 14814, "B01003_001E": 4837, "state": "06", "county": "085", "tract": "503121", "latino_share": 0.62724829439735375, "camera_count": 3, "arterial_road_m": 9394.7690152706964, "land_area_km2": 2.146016, "pop_density_per_km2": 2253.9440526072499, "arterial_km_per_km2": 4.37777212065087, "log_income": 11.254685683118405, "city": "San Jose" }, "geometry": { "type": "Polygon", "coordinates": [ [ [ -121.883232, 37.310156 ], [ -121.881624, 37.311025 ], [ -121.878163, 37.313458 ], [ -121.878025, 37.313555 ], [ -121.874022, 37.316377 ], [ -121.870667, 37.312961 ], [ -121.868563, 37.310812 ], [ -121.861287, 37.303522 ], [ -121.870268, 37.297486 ], [ -121.871144, 37.296703 ], [ -121.872074, 37.295707 ], [ -121.872864, 37.294715 ], [ -121.874729, 37.299143 ], [ -121.8767, 37.301874 ], [ -121.878612, 37.304342 ], [ -121.883153, 37.310053 ], [ -121.883232, 37.310156 ] ] ] } },
{ "type": "Feature", "properties": { "STATEFP": "06", "COUNTYFP": "085", "TRACTCE": "501601", "GEOIDFQ": "1400000US06085501601", "GEOID": "06085501601", "NAME": "5016.01", "NAMELSAD": "Census Tract 5016.01", "STUSPS": "CA", "NAMELSADCO": "Santa Clara County", "STATE_NAME": "California", "LSAD": "CT", "ALAND": 781837, "AWATER": 0, "centroid_lon": -121.87344296750089, "centroid_lat": 37.329397375959296, "B03002_001E": 3701, "B03002_001M": 612, "B03002_012E": 1821, "B03002_012M": 496, "B19013_001E": 119757, "B19013_001M": 15386, "B01003_001E": 3701, "state": "06", "county": "085", "tract": "501601", "latino_share": 0.49202918130235074, "camera_count": 5, "arterial_road_m": 7044.9458278242264, "land_area_km2": 0.781837, "pop_density_per_km2": 4733.7232696840902, "arterial_km_per_km2": 9.0107603347299072, "log_income": 11.69321996867955, "city": "San Jose" }, "geometry": { "type": "Polygon", "coordinates": [ [ [ -121.883049, 37.326078 ], [ -121.880883, 37.326993 ], [ -121.87955, 37.327335 ], [ -121.875639, 37.327708 ], [ -121.871747, 37.32822 ], [ -121.875381, 37.333102 ], [ -121.871505, 37.334938 ], [ -121.868758, 37.336264 ], [ -121.868321, 37.337039 ], [ -121.866901, 37.3321 ], [ -121.866956, 37.331523 ], [ -121.868261, 37.329513 ], [ -121.867889, 37.328572 ], [ -121.874099, 37.325643 ], [ -121.880289, 37.322706 ], [ -121.881252, 37.323679 ], [ -121.883049, 37.326078 ] ] ] } },
{ "type": "Feature", "properties": { "STATEFP": "06", "COUNTYFP": "085", "TRACTCE": "503304", "GEOIDFQ": "1400000US06085503304", "GEOID": "06085503304", "NAME": "5033.04", "NAMELSAD": "Census Tract 5033.04", "STUSPS": "CA", "NAMELSADCO": "Santa Clara County", "STATE_NAME": "California", "LSAD": "CT", "ALAND": 1487588, "AWATER": 0, "centroid_lon": -121.82123243599727, "centroid_lat": 37.312622601955681, "B03002_001E": 6735, "B03002_001M": 1259, "B03002_012E": 2461, "B03002_012M": 504, "B19013_001E": 98438, "B19013_001M": 23442, "B01003_001E": 6735, "state": "06", "county": "085", "tract": "503304", "latino_share": 0.36540460282108389, "camera_count": 3, "arterial_road_m": 12771.265365592119, "land_area_km2": 1.487588, "pop_density_per_km2": 4527.4632492329865, "arterial_km_per_km2": 8.5852167169889242, "log_income": 11.497182187354269, "city": "San Jose" }, "geometry": { "type": "Polygon", "coordinates": [ [ [ -121.831763, 37.318457 ], [ -121.825893, 37.322371 ], [ -121.822419, 37.318719 ], [ -121.82082, 37.317039 ], [ -121.818142, 37.314236 ], [ -121.817488, 37.313558 ], [ -121.813428, 37.310167 ], [ -121.810919, 37.307224 ], [ -121.810835, 37.30713 ], [ -121.811086, 37.306888 ], [ -121.816774, 37.302981 ], [ -121.81982, 37.306083 ], [ -121.824692, 37.311164 ], [ -121.826807, 37.313338 ], [ -121.831763, 37.318457 ] ] ] } },
{ "type": "Feature", "properties": { "STATEFP": "06", "COUNTYFP": "085", "TRACTCE": "503707", "GEOIDFQ": "1400000US06085503707", "GEOID": "06085503707", "NAME": "5037.07", "NAMELSAD": "Census Tract 5037.07", "STUSPS": "CA", "NAMELSADCO": "Santa Clara County", "STATE_NAME": "California", "LSAD": "CT", "ALAND": 754113, "AWATER": 0, "centroid_lon": -121.8538048460062, "centroid_lat": 37.35789853180453, "B03002_001E": 5088, "B03002_001M": 792, "B03002_012E": 2888, "B03002_012M": 745, "B19013_001E": 105284, "B19013_001M": 38783, "B01003_001E": 5088, "state": "06", "county": "085", "tract": "503707", "latino_share": 0.5676100628930818, "camera_count": 1, "arterial_road_m": 4468.8419727964392, "land_area_km2": 0.754113, "pop_density_per_km2": 6746.9994549888406, "arterial_km_per_km2": 5.9259580100017359, "log_income": 11.564416739758366, "city": "San Jose" }, "geometry": { "type": "Polygon", "coordinates": [ [ [ -121.860698, 37.357988 ], [ -121.857702, 37.360126 ], [ -121.855429, 37.361666 ], [ -121.854807, 37.36209 ], [ -121.852828, 37.363433 ], [ -121.849212, 37.359729 ], [ -121.848277, 37.3589 ], [ -121.846819, 37.356937 ], [ -121.849189, 37.355812 ], [ -121.851126, 37.354892 ], [ -121.855465, 37.352735 ], [ -121.859056, 37.356314 ], [ -121.860698, 37.357988 ] ] ] } },
{ "type": "Feature", "properties": { "STATEFP": "06", "COUNTYFP": "085", "TRACTCE": "506304", "GEOIDFQ": "1400000US06085506304", "GEOID": "06085506304", "NAME": "5063.04", "NAMELSAD": "Census Tract 5063.04", "STUSPS": "CA", "NAMELSADCO": "Santa Clara County", "STATE_NAME": "California", "LSAD": "CT", "ALAND": 1079035, "AWATER": 0, "centroid_lon": -121.97036255804053, "centroid_lat": 37.312281423346519, "B03002_001E": 6034, "B03002_001M": 1120, "B03002_012E": 1862, "B03002_012M": 819, "B19013_001E": 114188, "B19013_001M": 21960, "B01003_001E": 6034, "state": "06", "county": "085", "tract": "506304", "latino_share": 0.308584686774942, "camera_count": 4, "arterial_road_m": 4915.055902162343, "land_area_km2": 1.079035, "pop_density_per_km2": 5592.03362263504, "arterial_km_per_km2": 4.555047706665996, "log_income": 11.645601491873775, "city": "San Jose" }, "geometry": { "type": "Polygon", "coordinates": [ [ [ -121.9774, 37.309834 ], [ -121.977322, 37.311409 ], [ -121.977129, 37.313226 ], [ -121.975944, 37.315893 ], [ -121.975026, 37.317086 ], [ -121.971331, 37.316241 ], [ -121.96973, 37.316193 ], [ -121.969283, 37.316196 ], [ -121.963988, 37.316382 ], [ -121.962963, 37.311525 ], [ -121.963625, 37.308745 ], [ -121.971135, 37.308273 ], [ -121.973553, 37.30822 ], [ -121.977666, 37.30813 ], [ -121.9774, 37.309834 ] ] ] } },
{ "type": "Feature", "properties": { "STATEFP": "06", "COUNTYFP": "085", "TRACTCE": "501401", "GEOIDFQ": "1400000US06085501401", "GEOID": "06085501401", "NAME": "5014.01", "NAMELSAD": "Census Tract 5014.01", "STUSPS": "CA", "NAMELSADCO": "Santa Clara County", "STATE_NAME": "California", "LSAD": "CT", "ALAND": 998598, "AWATER": 0, "centroid_lon": -121.86977207398461, "centroid_lat": 37.351403222405658, "B03002_001E": 2797, "B03002_001M": 461, "B03002_012E": 1715, "B03002_012M": 423, "B19013_001E": 78258, "B19013_001M": 10689, "B01003_001E": 2797, "state": "06", "county": "085", "tract": "501401", "latino_share": 0.61315695387915625, "camera_count": 3, "arterial_road_m": 5176.7822077246574, "land_area_km2": 0.998598, "pop_density_per_km2": 2800.9268995131174, "arterial_km_per_km2": 5.1840502461697877, "log_income": 11.267766339598339, "city": "San Jose" }, "geometry": { "type": "Polygon", "coordinates": [ [ [ -121.87426, 37.345294 ], [ -121.873512, 37.350182 ], [ -121.874176, 37.352225 ], [ -121.874177, 37.352766 ], [ -121.873623, 37.358425 ], [ -121.873804, 37.359704 ], [ -121.870724, 37.357913 ], [ -121.866232, 37.354069 ], [ -121.861728, 37.349762 ], [ -121.864134, 37.348717 ], [ -121.867738, 37.347 ], [ -121.873875, 37.344095 ], [ -121.87426, 37.345294 ] ] ] } },
{ "type": "Feature", "properties": { "STATEFP": "06", "COUNTYFP": "085", "TRACTCE": "506504", "GEOIDFQ": "1400000US06085506504", "GEOID": "06085506504", "NAME": "5065.04", "NAMELSAD": "Census Tract 5065.04", "STUSPS": "CA", "NAMELSADCO": "Santa Clara County", "STATE_NAME": "California", "LSAD": "CT", "ALAND": 209658, "AWATER": 0, "centroid_lon": -121.95219564095396, "centroid_lat": 37.299201252136726, "B03002_001E": 2665, "B03002_001M": 579, "B03002_012E": 1911, "B03002_012M": 677, "B19013_001E": 87143, "B19013_001M": 30302, "B01003_001E": 2665, "state": "06", "county": "085", "tract": "506504", "latino_share": 0.71707317073170729, "camera_count": 2, "arterial_road_m": 658.19088118059756, "land_area_km2": 0.209658, "pop_density_per_km2": 12711.177250569976, "arterial_km_per_km2": 3.1393549551202318, "log_income": 11.3753057264371, "city": "San Jose" }, "geometry": { "type": "Polygon", "coordinates": [ [ [ -121.954468, 37.301545 ], [ -121.949948, 37.301555 ], [ -121.949924, 37.298821 ], [ -121.94992, 37.298397 ], [ -121.949917, 37.296866 ], [ -121.954448, 37.296844 ], [ -121.954461, 37.298795 ], [ -121.954468, 37.301545 ] ] ] } },
{ "type": "Feature", "properties": { "STATEFP": "06", "COUNTYFP": "085", "TRACTCE": "503219", "GEOIDFQ": "1400000US06085503219", "GEOID": "06085503219", "NAME": "5032.19", "NAMELSAD": "Census Tract 5032.19", "STUSPS": "CA", "NAMELSADCO": "Santa Clara County", "STATE_NAME": "California", "LSAD": "CT", "ALAND": 484157, "AWATER": 0, "centroid_lon": -121.84172348560027, "centroid_lat": 37.292539864360158, "B03002_001E": 2783, "B03002_001M": 627, "B03002_012E": 1521, "B03002_012M": 613, "B19013_001E": 60272, "B19013_001M": 17286, "B01003_001E": 2783, "state": "06", "county": "085", "tract": "503219", "latino_share": 0.54653251886453469, "camera_count": 1, "arterial_road_m": 1188.1918520680474, "land_area_km2": 0.484157, "pop_density_per_km2": 5748.1354188827181, "arterial_km_per_km2": 2.4541457669062874, "log_income": 11.006622929931822, "city": "San Jose" }, "geometry": { "type": "Polygon", "coordinates": [ [ [ -121.848266, 37.290365 ], [ -121.845138, 37.292513 ], [ -121.843005, 37.293995 ], [ -121.837626, 37.297714 ], [ -121.835028, 37.295134 ], [ -121.839211, 37.29237 ], [ -121.840059, 37.291095 ], [ -121.845266, 37.287454 ], [ -121.848266, 37.290365 ] ] ] } },
{ "type": "Feature", "properties": { "STATEFP": "06", "COUNTYFP": "085", "TRACTCE": "512054", "GEOIDFQ": "1400000US06085512054", "GEOID": "06085512054", "NAME": "5120.54", "NAMELSAD": "Census Tract 5120.54", "STUSPS": "CA", "NAMELSADCO": "Santa Clara County", "STATE_NAME": "California", "LSAD": "CT", "ALAND": 362238, "AWATER": 0, "centroid_lon": -121.83693588521857, "centroid_lat": 37.276102846488484, "B03002_001E": 4074, "B03002_001M": 529, "B03002_012E": 1433, "B03002_012M": 425, "B19013_001E": 120136, "B19013_001M": 16876, "B01003_001E": 4074, "state": "06", "county": "085", "tract": "512054", "latino_share": 0.35174275895925383, "camera_count": 6, "arterial_road_m": 1295.8080091357649, "land_area_km2": 0.362238, "pop_density_per_km2": 11246.749374720488, "arterial_km_per_km2": 3.5772282563832754, "log_income": 11.696379713360116, "city": "San Jose" }, "geometry": { "type": "Polygon", "coordinates": [ [ [ -121.841897, 37.276928 ], [ -121.837354, 37.27989 ], [ -121.83524, 37.277823 ], [ -121.833828, 37.276491 ], [ -121.831173, 37.273889 ], [ -121.831086, 37.273821 ], [ -121.836308, 37.273663 ], [ -121.837542, 37.273173 ], [ -121.839542, 37.274495 ], [ -121.840099, 37.275037 ], [ -121.841897, 37.276928 ] ] ] } },
{ "type": "Feature", "properties": { "STATEFP": "06", "COUNTYFP": "085", "TRACTCE": "502104", "GEOIDFQ": "1400000US06085502104", "GEOID": "06085502104", "NAME": "5021.04", "NAMELSAD": "Census Tract 5021.04", "STUSPS": "CA", "NAMELSADCO": "Santa Clara County", "STATE_NAME": "California", "LSAD": "CT", "ALAND": 770515, "AWATER": 0, "centroid_lon": -121.92786565218488, "centroid_lat": 37.30611860305352, "B03002_001E": 2520, "B03002_001M": 347, "B03002_012E": 799, "B03002_012M": 270, "B19013_001E": 126932, "B19013_001M": 27316, "B01003_001E": 2520, "state": "06", "county": "085", "tract": "502104", "latino_share": 0.31706349206349205, "camera_count": 1, "arterial_road_m": 1517.8697685017726, "land_area_km2": 0.770515, "pop_density_per_km2": 3270.5398337475585, "arterial_km_per_km2": 1.9699418810818383, "log_income": 11.751406788974387, "city": "San Jose" }, "geometry": { "type": "Polygon", "coordinates": [ [ [ -121.93179, 37.310734 ], [ -121.927648, 37.310692 ], [ -121.92328, 37.310697 ], [ -121.922253, 37.308644 ], [ -121.921973, 37.306913 ], [ -121.928011, 37.301428 ], [ -121.931674, 37.29803 ], [ -121.931741, 37.305199 ], [ -121.931751, 37.306162 ], [ -121.931779, 37.309328 ], [ -121.93179, 37.310734 ] ] ] } },
{ "type": "Feature", "properties": { "STATEFP": "06", "COUNTYFP": "085", "TRACTCE": "512035", "GEOIDFQ": "1400000US06085512035", "GEOID": "06085512035", "NAME": "5120.35", "NAMELSAD": "Census Tract 5120.35", "STUSPS": "CA", "NAMELSADCO": "Santa Clara County", "STATE_NAME": "California", "LSAD": "CT", "ALAND": 2284568, "AWATER": 0, "centroid_lon": -121.7615159814078, "centroid_lat": 37.223599437360456, "B03002_001E": 4642, "B03002_001M": 800, "B03002_012E": 1705, "B03002_012M": 623, "B19013_001E": 198500, "B19013_001M": 26764, "B01003_001E": 4642, "state": "06", "county": "085", "tract": "512035", "latino_share": 0.36729857819905215, "camera_count": 0, "arterial_road_m": 5190.9437118960614, "land_area_km2": 2.284568, "pop_density_per_km2": 2031.8939948384113, "arterial_km_per_km2": 2.2721773709060358, "log_income": 12.198544379109382, "city": "San Jose" }, "geometry": { "type": "Polygon", "coordinates": [ [ [ -121.773122, 37.224401 ], [ -121.772799, 37.225072 ], [ -121.767238, 37.224055 ], [ -121.766485, 37.226763 ], [ -121.763685, 37.231966 ], [ -121.7693, 37.234901 ], [ -121.768706, 37.235438 ], [ -121.751149, 37.226434 ], [ -121.748047, 37.224169 ], [ -121.746942, 37.222715 ], [ -121.748378, 37.222133 ], [ -121.751064, 37.221645 ], [ -121.756217, 37.220208 ], [ -121.758865, 37.218744 ], [ -121.758672, 37.217763 ], [ -121.758941, 37.217544 ], [ -121.759881, 37.217316 ], [ -121.761311, 37.216586 ], [ -121.762803, 37.217724 ], [ -121.764792, 37.215917 ], [ -121.765077, 37.21539 ], [ -121.76569, 37.214363 ], [ -121.766569, 37.215803 ], [ -121.770862, 37.217377 ], [ -121.771334, 37.218341 ], [ -121.771295, 37.220166 ], [ -121.77134, 37.221114 ], [ -121.774442, 37.222702 ], [ -121.773122, 37.224401 ] ] ] } },
{ "type": "Feature", "properties": { "STATEFP": "06", "COUNTYFP": "085", "TRACTCE": "506204", "GEOIDFQ": "1400000US06085506204", "GEOID": "06085506204", "NAME": "5062.04", "NAMELSAD": "Census Tract 5062.04", "STUSPS": "CA", "NAMELSADCO": "Santa Clara County", "STATE_NAME": "California", "LSAD": "CT", "ALAND": 1796125, "AWATER": 0, "centroid_lon": -121.98638510701305, "centroid_lat": 37.313638380599635, "B03002_001E": 5746, "B03002_001M": 818, "B03002_012E": 713, "B03002_012M": 426, "B19013_001E": 182717, "B19013_001M": 40386, "B01003_001E": 5746, "state": "06", "county": "085", "tract": "506204", "latino_share": 0.12408632091890011, "camera_count": 3, "arterial_road_m": 7472.1404062285401, "land_area_km2": 1.796125, "pop_density_per_km2": 3199.1091934024635, "arterial_km_per_km2": 4.1601449822415146, "log_income": 12.115693786751073, "city": "San Jose" }, "geometry": { "type": "Polygon", "coordinates": [ [ [ -121.99569, 37.310725 ], [ -121.995475, 37.31583 ], [ -121.995485, 37.320652 ], [ -121.989653, 37.318191 ], [ -121.984069, 37.317968 ], [ -121.980213, 37.317973 ], [ -121.977584, 37.317817 ], [ -121.975026, 37.317086 ], [ -121.975944, 37.315893 ], [ -121.977129, 37.313226 ], [ -121.977322, 37.311409 ], [ -121.9774, 37.309834 ], [ -121.977666, 37.30813 ], [ -121.982274, 37.308603 ], [ -121.984948, 37.30859 ], [ -121.985901, 37.30859 ], [ -121.992489, 37.308563 ], [ -121.992815, 37.308625 ], [ -121.993413, 37.309504 ], [ -121.99595, 37.309573 ], [ -121.99569, 37.310725 ] ] ] } },
{ "type": "Feature", "properties": { "STATEFP": "06", "COUNTYFP": "085", "TRACTCE": "503321", "GEOIDFQ": "1400000US06085503321", "GEOID": "06085503321", "NAME": "5033.21", "NAMELSAD": "Census Tract 5033.21", "STUSPS": "CA", "NAMELSADCO": "Santa Clara County", "STATE_NAME": "California", "LSAD": "CT", "ALAND": 1753664, "AWATER": 246839, "centroid_lon": -121.80667494743943, "centroid_lat": 37.33264401290613, "B03002_001E": 4440, "B03002_001M": 543, "B03002_012E": 738, "B03002_012M": 270, "B19013_001E": 162321, "B19013_001M": 46072, "B01003_001E": 4440, "state": "06", "county": "085", "tract": "503321", "latino_share": 0.16621621621621621, "camera_count": 4, "arterial_road_m": 8586.4895640138566, "land_area_km2": 1.753664, "pop_density_per_km2": 2531.8419035801617, "arterial_km_per_km2": 4.8963139826180253, "log_income": 11.997331135151001, "city": "San Jose" }, "geometry": { "type": "Polygon", "coordinates": [ [ [ -121.814669, 37.338711 ], [ -121.805913, 37.341519 ], [ -121.800618, 37.335547 ], [ -121.798894, 37.330449 ], [ -121.798301, 37.328667 ], [ -121.796957, 37.324918 ], [ -121.800474, 37.325583 ], [ -121.807759, 37.324034 ], [ -121.808441, 37.323855 ], [ -121.809591, 37.326624 ], [ -121.812756, 37.331249 ], [ -121.813986, 37.332913 ], [ -121.81411, 37.333091 ], [ -121.817439, 37.337819 ], [ -121.814669, 37.338711 ] ] ] } },
{ "type": "Feature", "properties": { "STATEFP": "06", "COUNTYFP": "085", "TRACTCE": "504314", "GEOIDFQ": "1400000US06085504314", "GEOID": "06085504314", "NAME": "5043.14", "NAMELSAD": "Census Tract 5043.14", "STUSPS": "CA", "NAMELSADCO": "Santa Clara County", "STATE_NAME": "California", "LSAD": "CT", "ALAND": 1475544, "AWATER": 0, "centroid_lon": -121.85490018803451, "centroid_lat": 37.401772013335851, "B03002_001E": 4483, "B03002_001M": 576, "B03002_012E": 804, "B03002_012M": 399, "B19013_001E": 183125, "B19013_001M": 43428, "B01003_001E": 4483, "state": "06", "county": "085", "tract": "504314", "latino_share": 0.17934418915904529, "camera_count": 2, "arterial_road_m": 2923.2872859254185, "land_area_km2": 1.475544, "pop_density_per_km2": 3038.2015039876819, "arterial_km_per_km2": 1.9811590070681855, "log_income": 12.117924258753469, "city": "San Jose" }, "geometry": { "type": "Polygon", "coordinates": [ [ [ -121.861203, 37.40263 ], [ -121.860936, 37.402784 ], [ -121.857527, 37.406199 ], [ -121.855983, 37.406909 ], [ -121.851747, 37.4086 ], [ -121.848481, 37.409935 ], [ -121.846488, 37.407762 ], [ -121.849752, 37.405577 ], [ -121.84918, 37.404309 ], [ -121.846925, 37.399793 ], [ -121.857009, 37.395186 ], [ -121.859413, 37.394099 ], [ -121.864361, 37.401056 ], [ -121.861203, 37.40263 ] ] ] } },
{ "type": "Feature", "properties": { "STATEFP": "06", "COUNTYFP": "085", "TRACTCE": "507903", "GEOIDFQ": "1400000US06085507903", "GEOID": "06085507903", "NAME": "5079.03", "NAMELSAD": "Census Tract 5079.03", "STUSPS": "CA", "NAMELSADCO": "Santa Clara County", "STATE_NAME": "California", "LSAD": "CT", "ALAND": 1502905, "AWATER": 0, "centroid_lon": -122.01019694555197, "centroid_lat": 37.302626275331058, "B03002_001E": 5159, "B03002_001M": 847, "B03002_012E": 88, "B03002_012M": 83, "B19013_001E": 220000, "B19013_001M": 39718, "B01003_001E": 5159, "state": "06", "county": "085", "tract": "507903", "latino_share": 0.017057569296375266, "camera_count": 0, "arterial_road_m": 3296.301271097906, "land_area_km2": 1.502905, "pop_density_per_km2": 3432.6853660078318, "arterial_km_per_km2": 2.1932865158462485, "log_income": 12.301382825334498, "city": "San Jose" }, "geometry": { "type": "Polygon", "coordinates": [ [ [ -122.01506, 37.304772 ], [ -122.014892, 37.306287 ], [ -122.014761, 37.306804 ], [ -122.0135, 37.31032 ], [ -122.00771, 37.31068 ], [ -122.0075, 37.31068 ], [ -122.00296, 37.31023 ], [ -122.004223, 37.307084 ], [ -122.005506, 37.30365 ], [ -122.007094, 37.299143 ], [ -122.007208, 37.298052 ], [ -122.00741, 37.296411 ], [ -122.00761, 37.29437 ], [ -122.007852, 37.293338 ], [ -122.014957, 37.293565 ], [ -122.014991, 37.297753 ], [ -122.015012, 37.300449 ], [ -122.015017, 37.301212 ], [ -122.01506, 37.304772 ] ] ] } },
{ "type": "Feature", "properties": { "STATEFP": "06", "COUNTYFP": "085", "TRACTCE": "501602", "GEOIDFQ": "1400000US06085501602", "GEOID": "06085501602", "NAME": "5016.02", "NAMELSAD": "Census Tract 5016.02", "STUSPS": "CA", "NAMELSADCO": "Santa Clara County", "STATE_NAME": "California", "LSAD": "CT", "ALAND": 436247, "AWATER": 0, "centroid_lon": -121.87819605641008, "centroid_lat": 37.329323759286304, "B03002_001E": 2966, "B03002_001M": 551, "B03002_012E": 1478, "B03002_012M": 469, "B19013_001E": 54417, "B19013_001M": 35855, "B01003_001E": 2966, "state": "06", "county": "085", "tract": "501602", "latino_share": 0.49831422791638569, "camera_count": 3, "arterial_road_m": 5923.4426882856633, "land_area_km2": 0.436247, "pop_density_per_km2": 6798.9006228123062, "arterial_km_per_km2": 13.578185496486311, "log_income": 10.90443188402608, "city": "San Jose" }, "geometry": { "type": "Polygon", "coordinates": [ [ [ -121.884891, 37.328588 ], [ -121.881756, 37.330081 ], [ -121.878538, 37.331602 ], [ -121.875381, 37.333102 ], [ -121.871747, 37.32822 ], [ -121.875639, 37.327708 ], [ -121.87955, 37.327335 ], [ -121.880883, 37.326993 ], [ -121.883049, 37.326078 ], [ -121.884094, 37.327403 ], [ -121.884891, 37.328588 ] ] ] } },
{ "type": "Feature", "properties": { "STATEFP": "06", "COUNTYFP": "085", "TRACTCE": "504307", "GEOIDFQ": "1400000US06085504307", "GEOID": "06085504307", "NAME": "5043.07", "NAMELSAD": "Census Tract 5043.07", "STUSPS": "CA", "NAMELSADCO": "Santa Clara County", "STATE_NAME": "California", "LSAD": "CT", "ALAND": 1690301, "AWATER": 0, "centroid_lon": -121.85253914584125, "centroid_lat": 37.390759388047897, "B03002_001E": 5775, "B03002_001M": 656, "B03002_012E": 1225, "B03002_012M": 517, "B19013_001E": 152083, "B19013_001M": 22913, "B01003_001E": 5775, "state": "06", "county": "085", "tract": "504307", "latino_share": 0.21212121212121213, "camera_count": 3, "arterial_road_m": 9024.1072114128874, "land_area_km2": 1.690301, "pop_density_per_km2": 3416.5512532974894, "arterial_km_per_km2": 5.3387575416525745, "log_income": 11.932181703427505, "city": "San Jose" }, "geometry": { "type": "Polygon", "coordinates": [ [ [ -121.861778, 37.38579 ], [ -121.860561, 37.386558 ], [ -121.858442, 37.388594 ], [ -121.856207, 37.389684 ], [ -121.859413, 37.394099 ], [ -121.857009, 37.395186 ], [ -121.846925, 37.399793 ], [ -121.845405, 37.396573 ], [ -121.842333, 37.390448 ], [ -121.843868, 37.389779 ], [ -121.848463, 37.388638 ], [ -121.849746, 37.388438 ], [ -121.850069, 37.388262 ], [ -121.853014, 37.385517 ], [ -121.856632, 37.383046 ], [ -121.855786, 37.382242 ], [ -121.857044, 37.38137 ], [ -121.858345, 37.380359 ], [ -121.862864, 37.38467 ], [ -121.861778, 37.38579 ] ] ] } },
{ "type": "Feature", "properties": { "STATEFP": "06", "COUNTYFP": "085", "TRACTCE": "506203", "GEOIDFQ": "1400000US06085506203", "GEOID": "06085506203", "NAME": "5062.03", "NAMELSAD": "Census Tract 5062.03", "STUSPS": "CA", "NAMELSADCO": "Santa Clara County", "STATE_NAME": "California", "LSAD": "CT", "ALAND": 1103068, "AWATER": 0, "centroid_lon": -121.98284372557718, "centroid_lat": 37.320671956996669, "B03002_001E": 6256, "B03002_001M": 912, "B03002_012E": 1233, "B03002_012M": 926, "B19013_001E": 119301, "B19013_001M": 36162, "B01003_001E": 6256, "state": "06", "county": "085", "tract": "506203", "latino_share": 0.19709079283887468, "camera_count": 0, "arterial_road_m": 6105.2934566956956, "land_area_km2": 1.103068, "pop_density_per_km2": 5671.4545250156834, "arterial_km_per_km2": 5.5348296357937103, "log_income": 11.689404990280551, "city": "San Jose" }, "geometry": { "type": "Polygon", "coordinates": [ [ [ -121.995691, 37.32294 ], [ -121.992518, 37.322962 ], [ -121.99204, 37.32297 ], [ -121.98728, 37.323 ], [ -121.98382, 37.32302 ], [ -121.98238, 37.32304 ], [ -121.97548, 37.32306 ], [ -121.972738, 37.32308 ], [ -121.97001, 37.32311 ], [ -121.971656, 37.321078 ], [ -121.972432, 37.320151 ], [ -121.975026, 37.317086 ], [ -121.977584, 37.317817 ], [ -121.980213, 37.317973 ], [ -121.984069, 37.317968 ], [ -121.989653, 37.318191 ], [ -121.995485, 37.320652 ], [ -121.995559, 37.322469 ], [ -121.995691, 37.32294 ] ] ] } },
{ "type": "Feature", "properties": { "STATEFP": "06", "COUNTYFP": "085", "TRACTCE": "503337", "GEOIDFQ": "1400000US06085503337", "GEOID": "06085503337", "NAME": "5033.37", "NAMELSAD": "Census Tract 5033.37", "STUSPS": "CA", "NAMELSADCO": "Santa Clara County", "STATE_NAME": "California", "LSAD": "CT", "ALAND": 765975, "AWATER": 0, "centroid_lon": -121.80999327949509, "centroid_lat": 37.301036952524989, "B03002_001E": 4204, "B03002_001M": 627, "B03002_012E": 602, "B03002_012M": 224, "B19013_001E": 155972, "B19013_001M": 33559, "B01003_001E": 4204, "state": "06", "county": "085", "tract": "503337", "latino_share": 0.14319695528068507, "camera_count": 2, "arterial_road_m": 6953.7166128024182, "land_area_km2": 0.765975, "pop_density_per_km2": 5488.4297790397859, "arterial_km_per_km2": 9.0782553122522529, "log_income": 11.957431782942436, "city": "San Jose" }, "geometry": { "type": "Polygon", "coordinates": [ [ [ -121.816774, 37.302981 ], [ -121.811086, 37.306888 ], [ -121.810835, 37.30713 ], [ -121.807901, 37.303657 ], [ -121.807179, 37.303055 ], [ -121.802691, 37.299771 ], [ -121.80318, 37.299608 ], [ -121.81016, 37.294668 ], [ -121.811, 37.2968 ], [ -121.812956, 37.299052 ], [ -121.816774, 37.302981 ] ] ] } },
{ "type": "Feature", "properties": { "STATEFP": "06", "COUNTYFP": "085", "TRACTCE": "500400", "GEOIDFQ": "1400000US06085500400", "GEOID": "06085500400", "NAME": "5004", "NAMELSAD": "Census Tract 5004", "STUSPS": "CA", "NAMELSADCO": "Santa Clara County", "STATE_NAME": "California", "LSAD": "CT", "ALAND": 1005370, "AWATER": 0, "centroid_lon": -121.92204229969309, "centroid_lat": 37.340140583439187, "B03002_001E": 2651, "B03002_001M": 358, "B03002_012E": 931, "B03002_012M": 231, "B19013_001E": 151809, "B19013_001M": 24086, "B01003_001E": 2651, "state": "06", "county": "085", "tract": "500400", "latino_share": 0.35118823085628065, "camera_count": 0, "arterial_road_m": 5756.1711319226461, "land_area_km2": 1.00537, "pop_density_per_km2": 2636.840168296249, "arterial_km_per_km2": 5.7254255964696039, "log_income": 11.930378430723721, "city": "San Jose" }, "geometry": { "type": "Polygon", "coordinates": [ [ [ -121.925904, 37.342544 ], [ -121.925792, 37.342651 ], [ -121.924272, 37.344283 ], [ -121.921909, 37.346027 ], [ -121.916314, 37.343185 ], [ -121.913401, 37.340642 ], [ -121.917116, 37.337962 ], [ -121.917636, 37.337671 ], [ -121.919273, 37.337584 ], [ -121.924053, 37.333954 ], [ -121.930351, 37.33912 ], [ -121.925904, 37.342544 ] ] ] } },
{ "type": "Feature", "properties": { "STATEFP": "06", "COUNTYFP": "085", "TRACTCE": "505015", "GEOIDFQ": "1400000US06085505015", "GEOID": "06085505015", "NAME": "5050.15", "NAMELSAD": "Census Tract 5050.15", "STUSPS": "CA", "NAMELSADCO": "Santa Clara County", "STATE_NAME": "California", "LSAD": "CT", "ALAND": 2260681, "AWATER": 0, "centroid_lon": -121.94100684922169, "centroid_lat": 37.416146319340193, "B03002_001E": 5134, "B03002_001M": 1053, "B03002_012E": 1403, "B03002_012M": 670, "B19013_001E": 181151, "B19013_001M": 26877, "B01003_001E": 5134, "state": "06", "county": "085", "tract": "505015", "latino_share": 0.27327619789637708, "camera_count": 2, "arterial_road_m": 14763.726825791304, "land_area_km2": 2.260681, "pop_density_per_km2": 2270.9971022006202, "arterial_km_per_km2": 6.5306546238904577, "log_income": 12.107086216595041, "city": "San Jose" }, "geometry": { "type": "Polygon", "coordinates": [ [ [ -121.959392, 37.419325 ], [ -121.957045, 37.419448 ], [ -121.943735, 37.419472 ], [ -121.930737, 37.422367 ], [ -121.926432, 37.422761 ], [ -121.931047, 37.420094 ], [ -121.930131, 37.417759 ], [ -121.928113, 37.415539 ], [ -121.926026, 37.414616 ], [ -121.925606, 37.413138 ], [ -121.922974, 37.411035 ], [ -121.923964, 37.411045 ], [ -121.930922, 37.413261 ], [ -121.932209, 37.413435 ], [ -121.937158, 37.412509 ], [ -121.938086, 37.412297 ], [ -121.941197, 37.410994 ], [ -121.94485, 37.40922 ], [ -121.945418, 37.409866 ], [ -121.949361, 37.412316 ], [ -121.953802, 37.415024 ], [ -121.955945, 37.416335 ], [ -121.957212, 37.417202 ], [ -121.959392, 37.419325 ] ] ] } },
{ "type": "Feature", "properties": { "STATEFP": "06", "COUNTYFP": "085", "TRACTCE": "512039", "GEOIDFQ": "1400000US06085512039", "GEOID": "06085512039", "NAME": "5120.39", "NAMELSAD": "Census Tract 5120.39", "STUSPS": "CA", "NAMELSADCO": "Santa Clara County", "STATE_NAME": "California", "LSAD": "CT", "ALAND": 1391959, "AWATER": 0, "centroid_lon": -121.78644933773228, "centroid_lat": 37.248841496889526, "B03002_001E": 5954, "B03002_001M": 1542, "B03002_012E": 3096, "B03002_012M": 1396, "B19013_001E": 137619, "B19013_001M": 30558, "B01003_001E": 5954, "state": "06", "county": "085", "tract": "512039", "latino_share": 0.51998656365468587, "camera_count": 0, "arterial_road_m": 9707.9544967788552, "land_area_km2": 1.391959, "pop_density_per_km2": 4277.4248379442215, "arterial_km_per_km2": 6.9743106634454435, "log_income": 11.832244276344371, "city": "San Jose" }, "geometry": { "type": "Polygon", "coordinates": [ [ [ -121.799847, 37.257063 ], [ -121.796481, 37.257159 ], [ -121.794217, 37.255636 ], [ -121.790238, 37.2535 ], [ -121.789183, 37.25292 ], [ -121.781191, 37.24854 ], [ -121.769559, 37.242067 ], [ -121.770716, 37.242042 ], [ -121.777991, 37.240985 ], [ -121.786095, 37.245854 ], [ -121.792408, 37.249631 ], [ -121.80249, 37.255625 ], [ -121.799847, 37.257063 ] ] ] } },
{ "type": "Feature", "properties": { "STATEFP": "06", "COUNTYFP": "085", "TRACTCE": "504311", "GEOIDFQ": "1400000US06085504311", "GEOID": "06085504311", "NAME": "5043.11", "NAMELSAD": "Census Tract 5043.11", "STUSPS": "CA", "NAMELSADCO": "Santa Clara County", "STATE_NAME": "California", "LSAD": "CT", "ALAND": 2176514, "AWATER": 0, "centroid_lon": -121.88463172149055, "centroid_lat": 37.377544073734384, "B03002_001E": 7944, "B03002_001M": 828, "B03002_012E": 582, "B03002_012M": 332, "B19013_001E": 173188, "B19013_001M": 40792, "B01003_001E": 7944, "state": "06", "county": "085", "tract": "504311", "latino_share": 0.073262839879154079, "camera_count": 5, "arterial_road_m": 8739.4482996832849, "land_area_km2": 2.176514, "pop_density_per_km2": 3649.8731457734707, "arterial_km_per_km2": 4.0153421019498543, "log_income": 12.062132988645555, "city": "San Jose" }, "geometry": { "type": "Polygon", "coordinates": [ [ [ -121.89586, 37.382745 ], [ -121.893676, 37.382886 ], [ -121.892198, 37.383633 ], [ -121.890276, 37.3848 ], [ -121.886054, 37.387353 ], [ -121.884464, 37.38553 ], [ -121.884032, 37.385038 ], [ -121.87851, 37.379884 ], [ -121.875334, 37.376336 ], [ -121.873062, 37.373791 ], [ -121.879019, 37.369656 ], [ -121.880698, 37.368007 ], [ -121.884572, 37.369751 ], [ -121.887121, 37.371493 ], [ -121.887964, 37.372258 ], [ -121.888289, 37.372555 ], [ -121.889051, 37.373484 ], [ -121.889422, 37.374891 ], [ -121.891003, 37.376922 ], [ -121.892496, 37.377829 ], [ -121.895367, 37.377706 ], [ -121.895593, 37.377681 ], [ -121.895446, 37.381868 ], [ -121.89586, 37.382745 ] ] ] } },
{ "type": "Feature", "properties": { "STATEFP": "06", "COUNTYFP": "085", "TRACTCE": "512043", "GEOIDFQ": "1400000US06085512043", "GEOID": "06085512043", "NAME": "5120.43", "NAMELSAD": "Census Tract 5120.43", "STUSPS": "CA", "NAMELSADCO": "Santa Clara County", "STATE_NAME": "California", "LSAD": "CT", "ALAND": 922299, "AWATER": 0, "centroid_lon": -121.80465873195089, "centroid_lat": 37.261651395083575, "B03002_001E": 5515, "B03002_001M": 582, "B03002_012E": 3533, "B03002_012M": 556, "B19013_001E": 70000, "B19013_001M": 21759, "B01003_001E": 5515, "state": "06", "county": "085", "tract": "512043", "latino_share": 0.6406165004533092, "camera_count": 3, "arterial_road_m": 5852.1828407815055, "land_area_km2": 0.922299, "pop_density_per_km2": 5979.6226603303267, "arterial_km_per_km2": 6.345212171737697, "log_income": 11.156250521031495, "city": "San Jose" }, "geometry": { "type": "Polygon", "coordinates": [ [ [ -121.809981, 37.261582 ], [ -121.809875, 37.268504 ], [ -121.808333, 37.26909 ], [ -121.80768, 37.267162 ], [ -121.805975, 37.266384 ], [ -121.805829, 37.265839 ], [ -121.801787, 37.266029 ], [ -121.800314, 37.261896 ], [ -121.799292, 37.260123 ], [ -121.796481, 37.257159 ], [ -121.799847, 37.257063 ], [ -121.80249, 37.255625 ], [ -121.805743, 37.257491 ], [ -121.810299, 37.260202 ], [ -121.809981, 37.261582 ] ] ] } },
{ "type": "Feature", "properties": { "STATEFP": "06", "COUNTYFP": "085", "TRACTCE": "506601", "GEOIDFQ": "1400000US06085506601", "GEOID": "06085506601", "NAME": "5066.01", "NAMELSAD": "Census Tract 5066.01", "STUSPS": "CA", "NAMELSADCO": "Santa Clara County", "STATE_NAME": "California", "LSAD": "CT", "ALAND": 1566762, "AWATER": 0, "centroid_lon": -121.98240307141539, "centroid_lat": 37.292851994412338, "B03002_001E": 4081, "B03002_001M": 369, "B03002_012E": 1004, "B03002_012M": 387, "B19013_001E": 128214, "B19013_001M": 24011, "B01003_001E": 4081, "state": "06", "county": "085", "tract": "506601", "latino_share": 0.24601813281058565, "camera_count": 1, "arterial_road_m": 6261.049835544447, "land_area_km2": 1.566762, "pop_density_per_km2": 2604.7351161184661, "arterial_km_per_km2": 3.9961716173512296, "log_income": 11.761456021874519, "city": "San Jose" }, "geometry": { "type": "Polygon", "coordinates": [ [ [ -121.989332, 37.294068 ], [ -121.98407, 37.298657 ], [ -121.982908, 37.299672 ], [ -121.981734, 37.300877 ], [ -121.981233, 37.300787 ], [ -121.976722, 37.300917 ], [ -121.976621, 37.293795 ], [ -121.976598, 37.290779 ], [ -121.976599, 37.289826 ], [ -121.976599, 37.289329 ], [ -121.976602, 37.28892 ], [ -121.976615, 37.286093 ], [ -121.98239, 37.28595 ], [ -121.983107, 37.286049 ], [ -121.984115, 37.286238 ], [ -121.984469, 37.286344 ], [ -121.985415, 37.286627 ], [ -121.992147, 37.291635 ], [ -121.989332, 37.294068 ] ] ] } },
{ "type": "Feature", "properties": { "STATEFP": "06", "COUNTYFP": "085", "TRACTCE": "511907", "GEOIDFQ": "1400000US06085511907", "GEOID": "06085511907", "NAME": "5119.07", "NAMELSAD": "Census Tract 5119.07", "STUSPS": "CA", "NAMELSADCO": "Santa Clara County", "STATE_NAME": "California", "LSAD": "CT", "ALAND": 1738650, "AWATER": 0, "centroid_lon": -121.85414941010535, "centroid_lat": 37.219673429451269, "B03002_001E": 4114, "B03002_001M": 596, "B03002_012E": 275, "B03002_012M": 239, "B19013_001E": 250001, "B19013_001M": -333333333, "B01003_001E": 4114, "state": "06", "county": "085", "tract": "511907", "latino_share": 0.06684491978609626, "camera_count": 1, "arterial_road_m": 5691.4682439946673, "land_area_km2": 1.73865, "pop_density_per_km2": 2366.203663762114, "arterial_km_per_km2": 3.2734985442697884, "log_income": 12.429220196836383, "city": "San Jose" }, "geometry": { "type": "Polygon", "coordinates": [ [ [ -121.869389, 37.229274 ], [ -121.866945, 37.228968 ], [ -121.861912, 37.228128 ], [ -121.859194, 37.226758 ], [ -121.85979, 37.22343 ], [ -121.858138, 37.223484 ], [ -121.845363, 37.220013 ], [ -121.844993, 37.219799 ], [ -121.842087, 37.21639 ], [ -121.8447, 37.210232 ], [ -121.846297, 37.209384 ], [ -121.847881, 37.211124 ], [ -121.853947, 37.215683 ], [ -121.862268, 37.221646 ], [ -121.868821, 37.226827 ], [ -121.87037, 37.229294 ], [ -121.869389, 37.229274 ] ] ] } },
{ "type": "Feature", "properties": { "STATEFP": "06", "COUNTYFP": "085", "TRACTCE": "512021", "GEOIDFQ": "1400000US06085512021", "GEOID": "06085512021", "NAME": "5120.21", "NAMELSAD": "Census Tract 5120.21", "STUSPS": "CA", "NAMELSADCO": "Santa Clara County", "STATE_NAME": "California", "LSAD": "CT", "ALAND": 1597133, "AWATER": 12748, "centroid_lon": -121.82393040771143, "centroid_lat": 37.263855978807371, "B03002_001E": 5889, "B03002_001M": 797, "B03002_012E": 1225, "B03002_012M": 283, "B19013_001E": 150179, "B19013_001M": 36868, "B01003_001E": 5889, "state": "06", "county": "085", "tract": "512021", "latino_share": 0.20801494311428087, "camera_count": 3, "arterial_road_m": 5230.3722902336804, "land_area_km2": 1.597133, "pop_density_per_km2": 3687.2320589456235, "arterial_km_per_km2": 3.2748508046816895, "log_income": 11.91958319495545, "city": "San Jose" }, "geometry": { "type": "Polygon", "coordinates": [ [ [ -121.833522, 37.26934 ], [ -121.82905, 37.272403 ], [ -121.822106, 37.26743 ], [ -121.819009, 37.265462 ], [ -121.813525, 37.262196 ], [ -121.810299, 37.260202 ], [ -121.81211, 37.25905 ], [ -121.819358, 37.258884 ], [ -121.823309, 37.258857 ], [ -121.828988, 37.258785 ], [ -121.830906, 37.258772 ], [ -121.830908, 37.261688 ], [ -121.831087, 37.26598 ], [ -121.831932, 37.268 ], [ -121.833522, 37.26934 ] ] ] } },
{ "type": "Feature", "properties": { "STATEFP": "06", "COUNTYFP": "085", "TRACTCE": "511912", "GEOIDFQ": "1400000US06085511912", "GEOID": "06085511912", "NAME": "5119.12", "NAMELSAD": "Census Tract 5119.12", "STUSPS": "CA", "NAMELSADCO": "Santa Clara County", "STATE_NAME": "California", "LSAD": "CT", "ALAND": 2449060, "AWATER": 0, "centroid_lon": -121.83418873721547, "centroid_lat": 37.205709599160144, "B03002_001E": 5455, "B03002_001M": 674, "B03002_012E": 437, "B03002_012M": 228, "B19013_001E": 245054, "B19013_001M": 30047, "B01003_001E": 5455, "state": "06", "county": "085", "tract": "511912", "latino_share": 0.080109990834097158, "camera_count": 1, "arterial_road_m": 5932.7350924038465, "land_area_km2": 2.44906, "pop_density_per_km2": 2227.3852008525723, "arterial_km_per_km2": 2.4224539588265892, "log_income": 12.409233873403819, "city": "San Jose" }, "geometry": { "type": "Polygon", "coordinates": [ [ [ -121.8447, 37.210232 ], [ -121.842087, 37.21639 ], [ -121.837898, 37.214365 ], [ -121.834709, 37.212091 ], [ -121.833177, 37.212239 ], [ -121.83115, 37.212671 ], [ -121.825597, 37.208622 ], [ -121.824127, 37.206849 ], [ -121.826813, 37.205157 ], [ -121.828647, 37.201602 ], [ -121.828926, 37.201436 ], [ -121.825634, 37.199358 ], [ -121.824835, 37.198297 ], [ -121.82492, 37.196616 ], [ -121.823073, 37.194291 ], [ -121.824561, 37.192719 ], [ -121.830365, 37.196496 ], [ -121.833165, 37.19804 ], [ -121.838389, 37.201562 ], [ -121.840409, 37.203445 ], [ -121.840217, 37.204304 ], [ -121.84276, 37.205487 ], [ -121.846297, 37.209384 ], [ -121.8447, 37.210232 ] ] ] } },
{ "type": "Feature", "properties": { "STATEFP": "06", "COUNTYFP": "085", "TRACTCE": "511916", "GEOIDFQ": "1400000US06085511916", "GEOID": "06085511916", "NAME": "5119.16", "NAMELSAD": "Census Tract 5119.16", "STUSPS": "CA", "NAMELSADCO": "Santa Clara County", "STATE_NAME": "California", "LSAD": "CT", "ALAND": 1762240, "AWATER": 76460, "centroid_lon": -121.89670078634511, "centroid_lat": 37.236719904310327, "B03002_001E": 4358, "B03002_001M": 445, "B03002_012E": 522, "B03002_012M": 218, "B19013_001E": 187891, "B19013_001M": 35069, "B01003_001E": 4358, "state": "06", "county": "085", "tract": "511916", "latino_share": 0.11977971546581001, "camera_count": 2, "arterial_road_m": 5766.6722128187039, "land_area_km2": 1.76224, "pop_density_per_km2": 2472.9889231886691, "arterial_km_per_km2": 3.272353489206183, "log_income": 12.143617286436431, "city": "San Jose" }, "geometry": { "type": "Polygon", "coordinates": [ [ [ -121.904565, 37.229018 ], [ -121.903477, 37.233844 ], [ -121.903468, 37.234168 ], [ -121.903523, 37.236363 ], [ -121.903476, 37.239058 ], [ -121.903796, 37.240136 ], [ -121.891973, 37.245519 ], [ -121.89073, 37.243857 ], [ -121.889524, 37.243179 ], [ -121.888544, 37.242604 ], [ -121.887744, 37.240879 ], [ -121.886845, 37.238735 ], [ -121.886704, 37.238168 ], [ -121.886649, 37.237889 ], [ -121.888471, 37.237066 ], [ -121.889741, 37.235759 ], [ -121.892103, 37.234335 ], [ -121.892426, 37.234204 ], [ -121.893494, 37.233764 ], [ -121.896748, 37.230308 ], [ -121.897878, 37.229466 ], [ -121.900974, 37.227676 ], [ -121.903471, 37.225808 ], [ -121.903732, 37.226181 ], [ -121.90414, 37.22756 ], [ -121.904565, 37.229018 ] ] ] } },
{ "type": "Feature", "properties": { "STATEFP": "06", "COUNTYFP": "085", "TRACTCE": "506305", "GEOIDFQ": "1400000US06085506305", "GEOID": "06085506305", "NAME": "5063.05", "NAMELSAD": "Census Tract 5063.05", "STUSPS": "CA", "NAMELSADCO": "Santa Clara County", "STATE_NAME": "California", "LSAD": "CT", "ALAND": 1092809, "AWATER": 0, "centroid_lon": -121.97163453208702, "centroid_lat": 37.304544476840718, "B03002_001E": 5615, "B03002_001M": 888, "B03002_012E": 1633, "B03002_012M": 542, "B19013_001E": 97589, "B19013_001M": 14551, "B01003_001E": 5615, "state": "06", "county": "085", "tract": "506305", "latino_share": 0.29082813891362425, "camera_count": 1, "arterial_road_m": 4465.2218957407913, "land_area_km2": 1.092809, "pop_density_per_km2": 5138.1348433257781, "arterial_km_per_km2": 4.0860039547082714, "log_income": 11.488520061131474, "city": "San Jose" }, "geometry": { "type": "Polygon", "coordinates": [ [ [ -121.981734, 37.300877 ], [ -121.981217, 37.301382 ], [ -121.980053, 37.302847 ], [ -121.979539, 37.303583 ], [ -121.978595, 37.305293 ], [ -121.977666, 37.30813 ], [ -121.973553, 37.30822 ], [ -121.971135, 37.308273 ], [ -121.963625, 37.308745 ], [ -121.964097, 37.3044 ], [ -121.964285, 37.301176 ], [ -121.969852, 37.301044 ], [ -121.970263, 37.301037 ], [ -121.975589, 37.300936 ], [ -121.976722, 37.300917 ], [ -121.981233, 37.300787 ], [ -121.981734, 37.300877 ] ] ] } },
{ "type": "Feature", "properties": { "STATEFP": "06", "COUNTYFP": "085", "TRACTCE": "503711", "GEOIDFQ": "1400000US06085503711", "GEOID": "06085503711", "NAME": "5037.11", "NAMELSAD": "Census Tract 5037.11", "STUSPS": "CA", "NAMELSADCO": "Santa Clara County", "STATE_NAME": "California", "LSAD": "CT", "ALAND": 965822, "AWATER": 0, "centroid_lon": -121.84441429905374, "centroid_lat": 37.349840073705117, "B03002_001E": 4423, "B03002_001M": 722, "B03002_012E": 2515, "B03002_012M": 639, "B19013_001E": 108565, "B19013_001M": 43746, "B01003_001E": 4423, "state": "06", "county": "085", "tract": "503711", "latino_share": 0.56861858467103776, "camera_count": 2, "arterial_road_m": 6016.2050469948335, "land_area_km2": 0.965822, "pop_density_per_km2": 4579.5187933180232, "arterial_km_per_km2": 6.2291033409829488, "log_income": 11.595104350927873, "city": "San Jose" }, "geometry": { "type": "Polygon", "coordinates": [ [ [ -121.852651, 37.34985 ], [ -121.846795, 37.352655 ], [ -121.840163, 37.355667 ], [ -121.838531, 37.355648 ], [ -121.837878, 37.354077 ], [ -121.837798, 37.352481 ], [ -121.838539, 37.349971 ], [ -121.841367, 37.347113 ], [ -121.846326, 37.343204 ], [ -121.849307, 37.346312 ], [ -121.8513, 37.348338 ], [ -121.852121, 37.349297 ], [ -121.852651, 37.34985 ] ] ] } },
{ "type": "Feature", "properties": { "STATEFP": "06", "COUNTYFP": "085", "TRACTCE": "503324", "GEOIDFQ": "1400000US06085503324", "GEOID": "06085503324", "NAME": "5033.24", "NAMELSAD": "Census Tract 5033.24", "STUSPS": "CA", "NAMELSADCO": "Santa Clara County", "STATE_NAME": "California", "LSAD": "CT", "ALAND": 827970, "AWATER": 0, "centroid_lon": -121.78929514930518, "centroid_lat": 37.327639863255811, "B03002_001E": 3228, "B03002_001M": 381, "B03002_012E": 519, "B03002_012M": 212, "B19013_001E": 165904, "B19013_001M": 25638, "B01003_001E": 3228, "state": "06", "county": "085", "tract": "503324", "latino_share": 0.1607806691449814, "camera_count": 0, "arterial_road_m": 1562.6505338737181, "land_area_km2": 0.82797, "pop_density_per_km2": 3898.6919815935362, "arterial_km_per_km2": 1.8873274803117484, "log_income": 12.019164586798059, "city": "San Jose" }, "geometry": { "type": "Polygon", "coordinates": [ [ [ -121.798301, 37.328667 ], [ -121.790239, 37.330271 ], [ -121.789363, 37.330419 ], [ -121.782847, 37.33173 ], [ -121.782235, 37.329627 ], [ -121.78219, 37.327404 ], [ -121.782141, 37.324967 ], [ -121.787046, 37.324839 ], [ -121.795889, 37.324761 ], [ -121.796957, 37.324918 ], [ -121.798301, 37.328667 ] ] ] } },
{ "type": "Feature", "properties": { "STATEFP": "06", "COUNTYFP": "085", "TRACTCE": "503323", "GEOIDFQ": "1400000US06085503323", "GEOID": "06085503323", "NAME": "5033.23", "NAMELSAD": "Census Tract 5033.23", "STUSPS": "CA", "NAMELSADCO": "Santa Clara County", "STATE_NAME": "California", "LSAD": "CT", "ALAND": 1131863, "AWATER": 0, "centroid_lon": -121.79170131239725, "centroid_lat": 37.333682381954759, "B03002_001E": 3711, "B03002_001M": 335, "B03002_012E": 1069, "B03002_012M": 127, "B19013_001E": 164063, "B19013_001M": 16380, "B01003_001E": 3711, "state": "06", "county": "085", "tract": "503323", "latino_share": 0.2880625168418216, "camera_count": 1, "arterial_road_m": 4594.7019030802021, "land_area_km2": 1.131863, "pop_density_per_km2": 3278.6653508419304, "arterial_km_per_km2": 4.0594152323030279, "log_income": 12.008005779382483, "city": "San Jose" }, "geometry": { "type": "Polygon", "coordinates": [ [ [ -121.800618, 37.335547 ], [ -121.794116, 37.336824 ], [ -121.79168, 37.33749 ], [ -121.785616, 37.338678 ], [ -121.785202, 37.338684 ], [ -121.782847, 37.33173 ], [ -121.789363, 37.330419 ], [ -121.790239, 37.330271 ], [ -121.798301, 37.328667 ], [ -121.798894, 37.330449 ], [ -121.800618, 37.335547 ] ] ] } },
{ "type": "Feature", "properties": { "STATEFP": "06", "COUNTYFP": "085", "TRACTCE": "503212", "GEOIDFQ": "1400000US06085503212", "GEOID": "06085503212", "NAME": "5032.12", "NAMELSAD": "Census Tract 5032.12", "STUSPS": "CA", "NAMELSADCO": "Santa Clara County", "STATE_NAME": "California", "LSAD": "CT", "ALAND": 1671358, "AWATER": 0, "centroid_lon": -121.82900094683355, "centroid_lat": 37.304610202015333, "B03002_001E": 4074, "B03002_001M": 658, "B03002_012E": 593, "B03002_012M": 253, "B19013_001E": 113807, "B19013_001M": 29067, "B01003_001E": 4074, "state": "06", "county": "085", "tract": "503212", "latino_share": 0.14555719194894454, "camera_count": 1, "arterial_road_m": 6330.5548042331775, "land_area_km2": 1.671358, "pop_density_per_km2": 2437.5388157414509, "arterial_km_per_km2": 3.7876713452373325, "log_income": 11.642259310206168, "city": "San Jose" }, "geometry": { "type": "Polygon", "coordinates": [ [ [ -121.843983, 37.31036 ], [ -121.840863, 37.312371 ], [ -121.838962, 37.31025 ], [ -121.835043, 37.307962 ], [ -121.832504, 37.305351 ], [ -121.829148, 37.307554 ], [ -121.825404, 37.309777 ], [ -121.824692, 37.311164 ], [ -121.81982, 37.306083 ], [ -121.816774, 37.302981 ], [ -121.820916, 37.300395 ], [ -121.822392, 37.299486 ], [ -121.823785, 37.298797 ], [ -121.824578, 37.298469 ], [ -121.828887, 37.299184 ], [ -121.833103, 37.300914 ], [ -121.837072, 37.301941 ], [ -121.838799, 37.304232 ], [ -121.838931, 37.307968 ], [ -121.842364, 37.309082 ], [ -121.843983, 37.31036 ] ] ] } },
{ "type": "Feature", "properties": { "STATEFP": "06", "COUNTYFP": "085", "TRACTCE": "502909", "GEOIDFQ": "1400000US06085502909", "GEOID": "06085502909", "NAME": "5029.09", "NAMELSAD": "Census Tract 5029.09", "STUSPS": "CA", "NAMELSADCO": "Santa Clara County", "STATE_NAME": "California", "LSAD": "CT", "ALAND": 1290798, "AWATER": 0, "centroid_lon": -121.88742653543856, "centroid_lat": 37.256522222942202, "B03002_001E": 4855, "B03002_001M": 554, "B03002_012E": 1979, "B03002_012M": 554, "B19013_001E": 109295, "B19013_001M": 24652, "B01003_001E": 4855, "state": "06", "county": "085", "tract": "502909", "latino_share": 0.40762100926879508, "camera_count": 3, "arterial_road_m": 4462.2592793079839, "land_area_km2": 1.290798, "pop_density_per_km2": 3761.2391714272881, "arterial_km_per_km2": 3.4569772182076397, "log_income": 11.601805927464103, "city": "San Jose" }, "geometry": { "type": "Polygon", "coordinates": [ [ [ -121.898344, 37.255414 ], [ -121.893385, 37.257842 ], [ -121.890285, 37.259372 ], [ -121.885328, 37.260693 ], [ -121.87825, 37.26268 ], [ -121.876679, 37.262985 ], [ -121.876295, 37.259831 ], [ -121.876386, 37.259006 ], [ -121.881563, 37.257687 ], [ -121.882934, 37.257806 ], [ -121.881731, 37.254318 ], [ -121.881777, 37.254261 ], [ -121.881611, 37.253805 ], [ -121.881907, 37.253708 ], [ -121.890735, 37.25138 ], [ -121.892272, 37.251052 ], [ -121.895497, 37.250793 ], [ -121.896314, 37.252685 ], [ -121.898344, 37.255414 ] ] ] } },
{ "type": "Feature", "properties": { "STATEFP": "06", "COUNTYFP": "085", "TRACTCE": "502908", "GEOIDFQ": "1400000US06085502908", "GEOID": "06085502908", "NAME": "5029.08", "NAMELSAD": "Census Tract 5029.08", "STUSPS": "CA", "NAMELSADCO": "Santa Clara County", "STATE_NAME": "California", "LSAD": "CT", "ALAND": 2079484, "AWATER": 0, "centroid_lon": -121.90876347222873, "centroid_lat": 37.259350330519041, "B03002_001E": 6411, "B03002_001M": 560, "B03002_012E": 1425, "B03002_012M": 341, "B19013_001E": 174286, "B19013_001M": 62796, "B01003_001E": 6411, "state": "06", "county": "085", "tract": "502908", "latino_share": 0.22227421619092186, "camera_count": 4, "arterial_road_m": 8099.8783514639517, "land_area_km2": 2.079484, "pop_density_per_km2": 3082.9763537492959, "arterial_km_per_km2": 3.895138578351145, "log_income": 12.068452906997045, "city": "San Jose" }, "geometry": { "type": "Polygon", "coordinates": [ [ [ -121.920907, 37.261882 ], [ -121.914916, 37.264811 ], [ -121.908271, 37.266815 ], [ -121.907917, 37.266985 ], [ -121.904661, 37.267944 ], [ -121.903939, 37.266243 ], [ -121.903287, 37.26529 ], [ -121.902168, 37.262567 ], [ -121.901197, 37.26019 ], [ -121.901002, 37.259729 ], [ -121.899092, 37.256368 ], [ -121.898344, 37.255414 ], [ -121.90268, 37.253193 ], [ -121.910744, 37.251053 ], [ -121.912708, 37.252705 ], [ -121.915195, 37.256154 ], [ -121.916565, 37.258087 ], [ -121.91701, 37.258709 ], [ -121.91892, 37.261085 ], [ -121.920907, 37.261882 ] ] ] } },
{ "type": "Feature", "properties": { "STATEFP": "06", "COUNTYFP": "085", "TRACTCE": "502906", "GEOIDFQ": "1400000US06085502906", "GEOID": "06085502906", "NAME": "5029.06", "NAMELSAD": "Census Tract 5029.06", "STUSPS": "CA", "NAMELSADCO": "Santa Clara County", "STATE_NAME": "California", "LSAD": "CT", "ALAND": 1544298, "AWATER": 0, "centroid_lon": -121.9014140158677, "centroid_lat": 37.247819219271499, "B03002_001E": 4698, "B03002_001M": 718, "B03002_012E": 910, "B03002_012M": 264, "B19013_001E": 123576, "B19013_001M": 17732, "B01003_001E": 4698, "state": "06", "county": "085", "tract": "502906", "latino_share": 0.1936994465730098, "camera_count": 1, "arterial_road_m": 7906.1066897152714, "land_area_km2": 1.544298, "pop_density_per_km2": 3042.1589615475768, "arterial_km_per_km2": 5.1195473216408178, "log_income": 11.724611630394087, "city": "San Jose" }, "geometry": { "type": "Polygon", "coordinates": [ [ [ -121.910744, 37.251053 ], [ -121.90268, 37.253193 ], [ -121.898344, 37.255414 ], [ -121.896314, 37.252685 ], [ -121.895497, 37.250793 ], [ -121.894937, 37.249535 ], [ -121.891973, 37.245519 ], [ -121.903796, 37.240136 ], [ -121.906761, 37.244261 ], [ -121.909551, 37.248201 ], [ -121.910543, 37.25073 ], [ -121.910744, 37.251053 ] ] ] } },
{ "type": "Feature", "properties": { "STATEFP": "06", "COUNTYFP": "085", "TRACTCE": "502701", "GEOIDFQ": "1400000US06085502701", "GEOID": "06085502701", "NAME": "5027.01", "NAMELSAD": "Census Tract 5027.01", "STUSPS": "CA", "NAMELSADCO": "Santa Clara County", "STATE_NAME": "California", "LSAD": "CT", "ALAND": 1729302, "AWATER": 15380, "centroid_lon": -121.93772759525531, "centroid_lat": 37.270946066074629, "B03002_001E": 5670, "B03002_001M": 729, "B03002_012E": 1371, "B03002_012M": 322, "B19013_001E": 136792, "B19013_001M": 29820, "B01003_001E": 5670, "state": "06", "county": "085", "tract": "502701", "latino_share": 0.24179894179894179, "camera_count": 0, "arterial_road_m": 7973.3641284976484, "land_area_km2": 1.729302, "pop_density_per_km2": 3278.7795307008264, "arterial_km_per_km2": 4.6107412866564941, "log_income": 11.826216802928428, "city": "San Jose" }, "geometry": { "type": "Polygon", "coordinates": [ [ [ -121.94623, 37.272273 ], [ -121.9451, 37.2725 ], [ -121.94513, 37.27514 ], [ -121.93865, 37.27884 ], [ -121.93605, 37.27904 ], [ -121.935706, 37.279217 ], [ -121.935186, 37.277892 ], [ -121.933165, 37.279821 ], [ -121.931642, 37.280181 ], [ -121.932313, 37.277243 ], [ -121.933831, 37.274667 ], [ -121.932917, 37.272551 ], [ -121.931908, 37.270217 ], [ -121.931609, 37.269474 ], [ -121.931411, 37.261742 ], [ -121.933826, 37.261838 ], [ -121.934018, 37.261871 ], [ -121.935319, 37.26221 ], [ -121.936482, 37.262746 ], [ -121.937627, 37.263502 ], [ -121.941018, 37.266156 ], [ -121.94209, 37.267002 ], [ -121.946158, 37.269971 ], [ -121.94623, 37.272273 ] ] ] } },
{ "type": "Feature", "properties": { "STATEFP": "06", "COUNTYFP": "085", "TRACTCE": "502400", "GEOIDFQ": "1400000US06085502400", "GEOID": "06085502400", "NAME": "5024", "NAMELSAD": "Census Tract 5024", "STUSPS": "CA", "NAMELSADCO": "Santa Clara County", "STATE_NAME": "California", "LSAD": "CT", "ALAND": 2679680, "AWATER": 0, "centroid_lon": -121.89259447062085, "centroid_lat": 37.304672683376992, "B03002_001E": 7189, "B03002_001M": 837, "B03002_012E": 1286, "B03002_012M": 330, "B19013_001E": 222988, "B19013_001M": 32780, "B01003_001E": 7189, "state": "06", "county": "085", "tract": "502400", "latino_share": 0.17888440673250799, "camera_count": 5, "arterial_road_m": 11962.28983411726, "land_area_km2": 2.67968, "pop_density_per_km2": 2682.7830188679245, "arterial_km_per_km2": 4.4640740066415621, "log_income": 12.314873237335163, "city": "San Jose" }, "geometry": { "type": "Polygon", "coordinates": [ [ [ -121.905675, 37.301033 ], [ -121.902192, 37.301343 ], [ -121.897312, 37.303616 ], [ -121.898945, 37.305467 ], [ -121.901078, 37.308468 ], [ -121.896243, 37.310714 ], [ -121.895796, 37.311048 ], [ -121.894795, 37.311736 ], [ -121.893838, 37.312173 ], [ -121.893278, 37.312504 ], [ -121.891023, 37.31382 ], [ -121.890005, 37.314412 ], [ -121.888203, 37.315243 ], [ -121.888061, 37.315323 ], [ -121.887901, 37.315414 ], [ -121.883232, 37.310156 ], [ -121.883153, 37.310053 ], [ -121.878612, 37.304342 ], [ -121.878677, 37.304013 ], [ -121.878735, 37.30384 ], [ -121.881649, 37.303998 ], [ -121.881748, 37.301725 ], [ -121.885671, 37.301719 ], [ -121.888277, 37.300673 ], [ -121.893307, 37.298483 ], [ -121.897347, 37.296742 ], [ -121.899032, 37.296014 ], [ -121.904945, 37.293416 ], [ -121.905087, 37.294479 ], [ -121.905675, 37.301033 ] ] ] } },
{ "type": "Feature", "properties": { "STATEFP": "06", "COUNTYFP": "085", "TRACTCE": "506301", "GEOIDFQ": "1400000US06085506301", "GEOID": "06085506301", "NAME": "5063.01", "NAMELSAD": "Census Tract 5063.01", "STUSPS": "CA", "NAMELSADCO": "Santa Clara County", "STATE_NAME": "California", "LSAD": "CT", "ALAND": 1498549, "AWATER": 0, "centroid_lon": -121.96150480183744, "centroid_lat": 37.319661205564579, "B03002_001E": 4717, "B03002_001M": 938, "B03002_012E": 1096, "B03002_012M": 525, "B19013_001E": 122404, "B19013_001M": 26076, "B01003_001E": 4717, "state": "06", "county": "085", "tract": "506301", "latino_share": 0.23235107059571761, "camera_count": 4, "arterial_road_m": 9127.3761173773801, "land_area_km2": 1.498549, "pop_density_per_km2": 3147.7115529755783, "arterial_km_per_km2": 6.0908092544036805, "log_income": 11.715082328264954, "city": "San Jose" }, "geometry": { "type": "Polygon", "coordinates": [ [ [ -121.972432, 37.320151 ], [ -121.971656, 37.321078 ], [ -121.97001, 37.32311 ], [ -121.96605, 37.32314 ], [ -121.96417, 37.32314 ], [ -121.95978, 37.32318 ], [ -121.9575, 37.32319 ], [ -121.95018, 37.32322 ], [ -121.950132, 37.319201 ], [ -121.950119, 37.316683 ], [ -121.952302, 37.316723 ], [ -121.954702, 37.316547 ], [ -121.957224, 37.316316 ], [ -121.960669, 37.316314 ], [ -121.963988, 37.316382 ], [ -121.969283, 37.316196 ], [ -121.96973, 37.316193 ], [ -121.971331, 37.316241 ], [ -121.975026, 37.317086 ], [ -121.972432, 37.320151 ] ] ] } },
{ "type": "Feature", "properties": { "STATEFP": "06", "COUNTYFP": "085", "TRACTCE": "504321", "GEOIDFQ": "1400000US06085504321", "GEOID": "06085504321", "NAME": "5043.21", "NAMELSAD": "Census Tract 5043.21", "STUSPS": "CA", "NAMELSADCO": "Santa Clara County", "STATE_NAME": "California", "LSAD": "CT", "ALAND": 1450237, "AWATER": 0, "centroid_lon": -121.86512886276306, "centroid_lat": 37.393146127382153, "B03002_001E": 5459, "B03002_001M": 555, "B03002_012E": 1007, "B03002_012M": 460, "B19013_001E": 182773, "B19013_001M": 21698, "B01003_001E": 5459, "state": "06", "county": "085", "tract": "504321", "latino_share": 0.18446601941747573, "camera_count": 4, "arterial_road_m": 10442.585695254045, "land_area_km2": 1.450237, "pop_density_per_km2": 3764.2123321912213, "arterial_km_per_km2": 7.2006063114194756, "log_income": 12.116000224686109, "city": "San Jose" }, "geometry": { "type": "Polygon", "coordinates": [ [ [ -121.875559, 37.39924 ], [ -121.871725, 37.396704 ], [ -121.867778, 37.399259 ], [ -121.864361, 37.401056 ], [ -121.859413, 37.394099 ], [ -121.856207, 37.389684 ], [ -121.858442, 37.388594 ], [ -121.860561, 37.386558 ], [ -121.861778, 37.38579 ], [ -121.862864, 37.38467 ], [ -121.87203, 37.393108 ], [ -121.873808, 37.395275 ], [ -121.874826, 37.397166 ], [ -121.875559, 37.39924 ] ] ] } },
{ "type": "Feature", "properties": { "STATEFP": "06", "COUNTYFP": "085", "TRACTCE": "504316", "GEOIDFQ": "1400000US06085504316", "GEOID": "06085504316", "NAME": "5043.16", "NAMELSAD": "Census Tract 5043.16", "STUSPS": "CA", "NAMELSADCO": "Santa Clara County", "STATE_NAME": "California", "LSAD": "CT", "ALAND": 1128524, "AWATER": 0, "centroid_lon": -121.87082079440988, "centroid_lat": 37.386933944989025, "B03002_001E": 5526, "B03002_001M": 827, "B03002_012E": 1095, "B03002_012M": 595, "B19013_001E": 188098, "B19013_001M": 32393, "B01003_001E": 5526, "state": "06", "county": "085", "tract": "504316", "latino_share": 0.1981541802388708, "camera_count": 2, "arterial_road_m": 10251.435110606055, "land_area_km2": 1.128524, "pop_density_per_km2": 4896.6614799508025, "arterial_km_per_km2": 9.0839318531161535, "log_income": 12.144718382590383, "city": "San Jose" }, "geometry": { "type": "Polygon", "coordinates": [ [ [ -121.877534, 37.392667 ], [ -121.877133, 37.392966 ], [ -121.873808, 37.395275 ], [ -121.87203, 37.393108 ], [ -121.862864, 37.38467 ], [ -121.86496, 37.382444 ], [ -121.867357, 37.379768 ], [ -121.86899, 37.378029 ], [ -121.871053, 37.378965 ], [ -121.871799, 37.381276 ], [ -121.870349, 37.382699 ], [ -121.873253, 37.385436 ], [ -121.879161, 37.390981 ], [ -121.877534, 37.392667 ] ] ] } },
{ "type": "Feature", "properties": { "STATEFP": "06", "COUNTYFP": "085", "TRACTCE": "500901", "GEOIDFQ": "1400000US06085500901", "GEOID": "06085500901", "NAME": "5009.01", "NAMELSAD": "Census Tract 5009.01", "STUSPS": "CA", "NAMELSADCO": "Santa Clara County", "STATE_NAME": "California", "LSAD": "CT", "ALAND": 720807, "AWATER": 0, "centroid_lon": -121.88409663436762, "centroid_lat": 37.335183703688351, "B03002_001E": 4216, "B03002_001M": 661, "B03002_012E": 819, "B03002_012M": 282, "B19013_001E": 81197, "B19013_001M": 39693, "B01003_001E": 4216, "state": "06", "county": "085", "tract": "500901", "latino_share": 0.19425996204933588, "camera_count": 5, "arterial_road_m": 4378.7647410705486, "land_area_km2": 0.720807, "pop_density_per_km2": 5848.9998016112495, "arterial_km_per_km2": 6.0748088476812079, "log_income": 11.304633579654448, "city": "San Jose" }, "geometry": { "type": "Polygon", "coordinates": [ [ [ -121.890566, 37.336168 ], [ -121.887401, 37.33767 ], [ -121.885248, 37.338696 ], [ -121.881038, 37.340693 ], [ -121.878607, 37.337431 ], [ -121.877529, 37.335985 ], [ -121.880729, 37.334381 ], [ -121.88393, 37.333003 ], [ -121.881756, 37.330081 ], [ -121.884891, 37.328588 ], [ -121.885984, 37.330023 ], [ -121.888124, 37.332891 ], [ -121.890566, 37.336168 ] ] ] } },
{ "type": "Feature", "properties": { "STATEFP": "06", "COUNTYFP": "085", "TRACTCE": "503326", "GEOIDFQ": "1400000US06085503326", "GEOID": "06085503326", "NAME": "5033.26", "NAMELSAD": "Census Tract 5033.26", "STUSPS": "CA", "NAMELSADCO": "Santa Clara County", "STATE_NAME": "California", "LSAD": "CT", "ALAND": 4260151, "AWATER": 0, "centroid_lon": -121.76410788684828, "centroid_lat": 37.324949676046309, "B03002_001E": 7028, "B03002_001M": 1123, "B03002_012E": 794, "B03002_012M": 247, "B19013_001E": 207188, "B19013_001M": 49699, "B01003_001E": 7028, "state": "06", "county": "085", "tract": "503326", "latino_share": 0.11297666476949346, "camera_count": 0, "arterial_road_m": 14317.488528941602, "land_area_km2": 4.260151, "pop_density_per_km2": 1649.706782693853, "arterial_km_per_km2": 3.3607936734969259, "log_income": 12.241381872632408, "city": "San Jose" }, "geometry": { "type": "Polygon", "coordinates": [ [ [ -121.788086, 37.317705 ], [ -121.781895, 37.319093 ], [ -121.779521, 37.319893 ], [ -121.779117, 37.320143 ], [ -121.781908, 37.323092 ], [ -121.782141, 37.324967 ], [ -121.770599, 37.325765 ], [ -121.77001, 37.325878 ], [ -121.766361, 37.327736 ], [ -121.766101, 37.328732 ], [ -121.766354, 37.330291 ], [ -121.764953, 37.332348 ], [ -121.76618, 37.332132 ], [ -121.767672, 37.331439 ], [ -121.768645, 37.330797 ], [ -121.770673, 37.332241 ], [ -121.769934, 37.332514 ], [ -121.768247, 37.333023 ], [ -121.766625, 37.333617 ], [ -121.765592, 37.33399 ], [ -121.764607, 37.335325 ], [ -121.763241, 37.336124 ], [ -121.760725, 37.336664 ], [ -121.759224, 37.336416 ], [ -121.75538, 37.334947 ], [ -121.75152, 37.331271 ], [ -121.7479, 37.330697 ], [ -121.747585, 37.328343 ], [ -121.745513, 37.329407 ], [ -121.745567, 37.326728 ], [ -121.742414, 37.323381 ], [ -121.743129, 37.322908 ], [ -121.744479, 37.323791 ], [ -121.744643, 37.322236 ], [ -121.745789, 37.323651 ], [ -121.748632, 37.322493 ], [ -121.753319, 37.322946 ], [ -121.754664, 37.322415 ], [ -121.75555, 37.320859 ], [ -121.758774, 37.322049 ], [ -121.75797, 37.319261 ], [ -121.758411, 37.318994 ], [ -121.766469, 37.317753 ], [ -121.775182, 37.316412 ], [ -121.777376, 37.316301 ], [ -121.783244, 37.31521 ], [ -121.787183, 37.314619 ], [ -121.788281, 37.31733 ], [ -121.788086, 37.317705 ] ] ] } },
{ "type": "Feature", "properties": { "STATEFP": "06", "COUNTYFP": "085", "TRACTCE": "503117", "GEOIDFQ": "1400000US06085503117", "GEOID": "06085503117", "NAME": "5031.17", "NAMELSAD": "Census Tract 5031.17", "STUSPS": "CA", "NAMELSADCO": "Santa Clara County", "STATE_NAME": "California", "LSAD": "CT", "ALAND": 501958, "AWATER": 0, "centroid_lon": -121.85158298694431, "centroid_lat": 37.327401712379576, "B03002_001E": 2770, "B03002_001M": 449, "B03002_012E": 1444, "B03002_012M": 284, "B19013_001E": 95884, "B19013_001M": 15142, "B01003_001E": 2770, "state": "06", "county": "085", "tract": "503117", "latino_share": 0.52129963898916964, "camera_count": 4, "arterial_road_m": 2472.4999209271591, "land_area_km2": 0.501958, "pop_density_per_km2": 5518.3899848194469, "arterial_km_per_km2": 4.9257107585239384, "log_income": 11.470894406493301, "city": "San Jose" }, "geometry": { "type": "Polygon", "coordinates": [ [ [ -121.855482, 37.331504 ], [ -121.853638, 37.332736 ], [ -121.848116, 37.327047 ], [ -121.845747, 37.324603 ], [ -121.849394, 37.322039 ], [ -121.850833, 37.323469 ], [ -121.857459, 37.330169 ], [ -121.855482, 37.331504 ] ] ] } },
{ "type": "Feature", "properties": { "STATEFP": "06", "COUNTYFP": "085", "TRACTCE": "503713", "GEOIDFQ": "1400000US06085503713", "GEOID": "06085503713", "NAME": "5037.13", "NAMELSAD": "Census Tract 5037.13", "STUSPS": "CA", "NAMELSADCO": "Santa Clara County", "STATE_NAME": "California", "LSAD": "CT", "ALAND": 487667, "AWATER": 0, "centroid_lon": -121.84099006445987, "centroid_lat": 37.364697723262758, "B03002_001E": 3197, "B03002_001M": 541, "B03002_012E": 1881, "B03002_012M": 529, "B19013_001E": 66002, "B19013_001M": 8510, "B01003_001E": 3197, "state": "06", "county": "085", "tract": "503713", "latino_share": 0.58836409133562717, "camera_count": 1, "arterial_road_m": 5093.1197353626121, "land_area_km2": 0.487667, "pop_density_per_km2": 6555.7029694443136, "arterial_km_per_km2": 10.443847410964064, "log_income": 11.097440323579738, "city": "San Jose" }, "geometry": { "type": "Polygon", "coordinates": [ [ [ -121.846104, 37.368075 ], [ -121.843013, 37.370077 ], [ -121.839774, 37.366795 ], [ -121.838688, 37.365776 ], [ -121.83596, 37.362975 ], [ -121.835192, 37.362334 ], [ -121.840908, 37.359656 ], [ -121.842993, 37.363116 ], [ -121.844927, 37.366462 ], [ -121.846104, 37.368075 ] ] ] } },
{ "type": "Feature", "properties": { "STATEFP": "06", "COUNTYFP": "085", "TRACTCE": "504322", "GEOIDFQ": "1400000US06085504322", "GEOID": "06085504322", "NAME": "5043.22", "NAMELSAD": "Census Tract 5043.22", "STUSPS": "CA", "NAMELSADCO": "Santa Clara County", "STATE_NAME": "California", "LSAD": "CT", "ALAND": 3199380, "AWATER": 0, "centroid_lon": -121.8929708990094, "centroid_lat": 37.394377233057661, "B03002_001E": 5649, "B03002_001M": 731, "B03002_012E": 585, "B03002_012M": 250, "B19013_001E": 174485, "B19013_001M": 15997, "B01003_001E": 5649, "state": "06", "county": "085", "tract": "504322", "latino_share": 0.10355815188528943, "camera_count": 6, "arterial_road_m": 16914.803955974254, "land_area_km2": 3.19938, "pop_density_per_km2": 1765.6545955778931, "arterial_km_per_km2": 5.2869005732280172, "log_income": 12.069594057044469, "city": "San Jose" }, "geometry": { "type": "Polygon", "coordinates": [ [ [ -121.902863, 37.404407 ], [ -121.897818, 37.404271 ], [ -121.895821, 37.403741 ], [ -121.89226, 37.403411 ], [ -121.891436, 37.403373 ], [ -121.887006, 37.403023 ], [ -121.886293, 37.401704 ], [ -121.885363, 37.400003 ], [ -121.884713, 37.398664 ], [ -121.884349, 37.397497 ], [ -121.883925, 37.396317 ], [ -121.881464, 37.388614 ], [ -121.882751, 37.387909 ], [ -121.886054, 37.387353 ], [ -121.890276, 37.3848 ], [ -121.892198, 37.383633 ], [ -121.893676, 37.382886 ], [ -121.89586, 37.382745 ], [ -121.897907, 37.385785 ], [ -121.900683, 37.389622 ], [ -121.901527, 37.393694 ], [ -121.902787, 37.40028 ], [ -121.902863, 37.404407 ] ] ] } },
{ "type": "Feature", "properties": { "STATEFP": "06", "COUNTYFP": "085", "TRACTCE": "500800", "GEOIDFQ": "1400000US06085500800", "GEOID": "06085500800", "NAME": "5008", "NAMELSAD": "Census Tract 5008", "STUSPS": "CA", "NAMELSADCO": "Santa Clara County", "STATE_NAME": "California", "LSAD": "CT", "ALAND": 1723696, "AWATER": 0, "centroid_lon": -121.89564219456155, "centroid_lat": 37.330553238266866, "B03002_001E": 4464, "B03002_001M": 545, "B03002_012E": 1166, "B03002_012M": 373, "B19013_001E": 146986, "B19013_001M": 25634, "B01003_001E": 4464, "state": "06", "county": "085", "tract": "500800", "latino_share": 0.26120071684587814, "camera_count": 6, "arterial_road_m": 32947.395884127749, "land_area_km2": 1.723696, "pop_density_per_km2": 2589.7838133870473, "arterial_km_per_km2": 19.114389012985907, "log_income": 11.8980926231302, "city": "San Jose" }, "geometry": { "type": "Polygon", "coordinates": [ [ [ -121.902625, 37.32136 ], [ -121.90248, 37.323481 ], [ -121.90203, 37.324136 ], [ -121.901901, 37.324387 ], [ -121.901426, 37.324942 ], [ -121.901179, 37.325288 ], [ -121.900883, 37.325601 ], [ -121.900194, 37.326611 ], [ -121.89923, 37.328315 ], [ -121.899505, 37.329469 ], [ -121.898993, 37.333864 ], [ -121.902218, 37.338354 ], [ -121.899211, 37.339888 ], [ -121.89824, 37.338462 ], [ -121.893828, 37.340548 ], [ -121.890566, 37.336168 ], [ -121.888124, 37.332891 ], [ -121.885984, 37.330023 ], [ -121.888326, 37.330797 ], [ -121.892665, 37.328751 ], [ -121.890836, 37.32712 ], [ -121.890432, 37.324074 ], [ -121.892048, 37.323771 ], [ -121.89217, 37.323753 ], [ -121.892324, 37.32374 ], [ -121.895186, 37.323148 ], [ -121.89778, 37.32246 ], [ -121.902233, 37.318704 ], [ -121.902437, 37.318864 ], [ -121.903259, 37.319778 ], [ -121.902625, 37.32136 ] ] ] } },
{ "type": "Feature", "properties": { "STATEFP": "06", "COUNTYFP": "085", "TRACTCE": "505013", "GEOIDFQ": "1400000US06085505013", "GEOID": "06085505013", "NAME": "5050.13", "NAMELSAD": "Census Tract 5050.13", "STUSPS": "CA", "NAMELSADCO": "Santa Clara County", "STATE_NAME": "California", "LSAD": "CT", "ALAND": 607159, "AWATER": 0, "centroid_lon": -121.93912731774066, "centroid_lat": 37.407387836025713, "B03002_001E": 5573, "B03002_001M": 593, "B03002_012E": 894, "B03002_012M": 456, "B19013_001E": 209656, "B19013_001M": 25067, "B01003_001E": 5573, "state": "06", "county": "085", "tract": "505013", "latino_share": 0.1604162928404809, "camera_count": 0, "arterial_road_m": 3995.3549806066776, "land_area_km2": 0.607159, "pop_density_per_km2": 9178.8147750424523, "arterial_km_per_km2": 6.5804097124586436, "log_income": 12.253223371316507, "city": "San Jose" }, "geometry": { "type": "Polygon", "coordinates": [ [ [ -121.94485, 37.40922 ], [ -121.941197, 37.410994 ], [ -121.938086, 37.412297 ], [ -121.937158, 37.412509 ], [ -121.936592, 37.410954 ], [ -121.935215, 37.40719 ], [ -121.934398, 37.405247 ], [ -121.934232, 37.404635 ], [ -121.934964, 37.404422 ], [ -121.939509, 37.402027 ], [ -121.942539, 37.406079 ], [ -121.943147, 37.406917 ], [ -121.94485, 37.40922 ] ] ] } },
{ "type": "Feature", "properties": { "STATEFP": "06", "COUNTYFP": "085", "TRACTCE": "502203", "GEOIDFQ": "1400000US06085502203", "GEOID": "06085502203", "NAME": "5022.03", "NAMELSAD": "Census Tract 5022.03", "STUSPS": "CA", "NAMELSADCO": "Santa Clara County", "STATE_NAME": "California", "LSAD": "CT", "ALAND": 643887, "AWATER": 0, "centroid_lon": -121.91806639720198, "centroid_lat": 37.306345301233911, "B03002_001E": 3921, "B03002_001M": 589, "B03002_012E": 1234, "B03002_012M": 581, "B19013_001E": 111935, "B19013_001M": 30695, "B01003_001E": 3921, "state": "06", "county": "085", "tract": "502203", "latino_share": 0.31471563376689621, "camera_count": 4, "arterial_road_m": 4067.1353791946731, "land_area_km2": 0.643887, "pop_density_per_km2": 6089.577829650234, "arterial_km_per_km2": 6.316535943720984, "log_income": 11.625673624661982, "city": "San Jose" }, "geometry": { "type": "Polygon", "coordinates": [ [ [ -121.922838, 37.303331 ], [ -121.922527, 37.30385 ], [ -121.921489, 37.305902 ], [ -121.921973, 37.306913 ], [ -121.914908, 37.313338 ], [ -121.913856, 37.310788 ], [ -121.913657, 37.31009 ], [ -121.913629, 37.307859 ], [ -121.913629, 37.307159 ], [ -121.913628, 37.307067 ], [ -121.915021, 37.304979 ], [ -121.918917, 37.301252 ], [ -121.921292, 37.300823 ], [ -121.922689, 37.299831 ], [ -121.922858, 37.301429 ], [ -121.922838, 37.303331 ] ] ] } },
{ "type": "Feature", "properties": { "STATEFP": "06", "COUNTYFP": "085", "TRACTCE": "505012", "GEOIDFQ": "1400000US06085505012", "GEOID": "06085505012", "NAME": "5050.12", "NAMELSAD": "Census Tract 5050.12", "STUSPS": "CA", "NAMELSADCO": "Santa Clara County", "STATE_NAME": "California", "LSAD": "CT", "ALAND": 1062823, "AWATER": 0, "centroid_lon": -121.94656404212714, "centroid_lat": 37.404368567881683, "B03002_001E": 2549, "B03002_001M": 382, "B03002_012E": 210, "B03002_012M": 155, "B19013_001E": 208088, "B19013_001M": 23140, "B01003_001E": 2549, "state": "06", "county": "085", "tract": "505012", "latino_share": 0.082385249117300899, "camera_count": 0, "arterial_road_m": 4606.9627304796231, "land_area_km2": 1.062823, "pop_density_per_km2": 2398.3297312910991, "arterial_km_per_km2": 4.3346471900585728, "log_income": 12.245716346134726, "city": "San Jose" }, "geometry": { "type": "Polygon", "coordinates": [ [ [ -121.957247, 37.411431 ], [ -121.954839, 37.410731 ], [ -121.950892, 37.408326 ], [ -121.94874, 37.407828 ], [ -121.94485, 37.40922 ], [ -121.943147, 37.406917 ], [ -121.942539, 37.406079 ], [ -121.939509, 37.402027 ], [ -121.936129, 37.397375 ], [ -121.940655, 37.395672 ], [ -121.941679, 37.397793 ], [ -121.942102, 37.400553 ], [ -121.942878, 37.400913 ], [ -121.944568, 37.401018 ], [ -121.947781, 37.401723 ], [ -121.952143, 37.404871 ], [ -121.955039, 37.407872 ], [ -121.960081, 37.409856 ], [ -121.957247, 37.411431 ] ] ] } },
{ "type": "Feature", "properties": { "STATEFP": "06", "COUNTYFP": "085", "TRACTCE": "503339", "GEOIDFQ": "1400000US06085503339", "GEOID": "06085503339", "NAME": "5033.39", "NAMELSAD": "Census Tract 5033.39", "STUSPS": "CA", "NAMELSADCO": "Santa Clara County", "STATE_NAME": "California", "LSAD": "CT", "ALAND": 3752155, "AWATER": 0, "centroid_lon": -121.76687183618098, "centroid_lat": 37.285056832393124, "B03002_001E": 3938, "B03002_001M": 530, "B03002_012E": 365, "B03002_012M": 254, "B19013_001E": 250001, "B19013_001M": -333333333, "B01003_001E": 3938, "state": "06", "county": "085", "tract": "503339", "latino_share": 0.092686642965972579, "camera_count": 3, "arterial_road_m": 9307.8478316203509, "land_area_km2": 3.752155, "pop_density_per_km2": 1049.5302033098312, "arterial_km_per_km2": 2.4806671983487756, "log_income": 12.429220196836383, "city": "San Jose" }, "geometry": { "type": "Polygon", "coordinates": [ [ [ -121.785092, 37.296071 ], [ -121.783451, 37.297178 ], [ -121.774522, 37.297584 ], [ -121.771625, 37.299159 ], [ -121.771341, 37.299344 ], [ -121.769114, 37.296379 ], [ -121.765302, 37.290989 ], [ -121.765353, 37.288745 ], [ -121.76352, 37.286729 ], [ -121.762568, 37.285199 ], [ -121.759712, 37.28294 ], [ -121.7593, 37.282553 ], [ -121.758736, 37.281248 ], [ -121.757076, 37.2799 ], [ -121.750292, 37.277852 ], [ -121.748816, 37.277093 ], [ -121.745647, 37.273505 ], [ -121.744347, 37.27298 ], [ -121.749846, 37.272254 ], [ -121.751234, 37.270307 ], [ -121.752751, 37.269937 ], [ -121.755546, 37.270463 ], [ -121.757996, 37.272919 ], [ -121.76226, 37.275708 ], [ -121.764996, 37.276527 ], [ -121.767804, 37.279625 ], [ -121.773749, 37.284106 ], [ -121.775852, 37.285283 ], [ -121.782248, 37.290074 ], [ -121.784491, 37.295539 ], [ -121.785092, 37.296071 ] ] ] } },
{ "type": "Feature", "properties": { "STATEFP": "06", "COUNTYFP": "085", "TRACTCE": "503336", "GEOIDFQ": "1400000US06085503336", "GEOID": "06085503336", "NAME": "5033.36", "NAMELSAD": "Census Tract 5033.36", "STUSPS": "CA", "NAMELSADCO": "Santa Clara County", "STATE_NAME": "California", "LSAD": "CT", "ALAND": 905462, "AWATER": 0, "centroid_lon": -121.8043800276897, "centroid_lat": 37.306772993823436, "B03002_001E": 2930, "B03002_001M": 338, "B03002_012E": 688, "B03002_012M": 154, "B19013_001E": 163000, "B19013_001M": 35049, "B01003_001E": 2930, "state": "06", "county": "085", "tract": "503336", "latino_share": 0.23481228668941981, "camera_count": 0, "arterial_road_m": 3132.8532129193909, "land_area_km2": 0.905462, "pop_density_per_km2": 3235.9171340155635, "arterial_km_per_km2": 3.4599499624715238, "log_income": 12.0015054797889, "city": "San Jose" }, "geometry": { "type": "Polygon", "coordinates": [ [ [ -121.809315, 37.308844 ], [ -121.808069, 37.311433 ], [ -121.805242, 37.311901 ], [ -121.804856, 37.311964 ], [ -121.803879, 37.312173 ], [ -121.80191, 37.312416 ], [ -121.797881, 37.306615 ], [ -121.799346, 37.305764 ], [ -121.80205, 37.305431 ], [ -121.800729, 37.299698 ], [ -121.802691, 37.299771 ], [ -121.807179, 37.303055 ], [ -121.807901, 37.303657 ], [ -121.810835, 37.30713 ], [ -121.809315, 37.308844 ] ] ] } },
{ "type": "Feature", "properties": { "STATEFP": "06", "COUNTYFP": "085", "TRACTCE": "512037", "GEOIDFQ": "1400000US06085512037", "GEOID": "06085512037", "NAME": "5120.37", "NAMELSAD": "Census Tract 5120.37", "STUSPS": "CA", "NAMELSADCO": "Santa Clara County", "STATE_NAME": "California", "LSAD": "CT", "ALAND": 1008154, "AWATER": 0, "centroid_lon": -121.82459402941649, "centroid_lat": 37.241216326998064, "B03002_001E": 3024, "B03002_001M": 246, "B03002_012E": 732, "B03002_012M": 138, "B19013_001E": 177578, "B19013_001M": 10667, "B01003_001E": 3024, "state": "06", "county": "085", "tract": "512037", "latino_share": 0.24206349206349206, "camera_count": 1, "arterial_road_m": 5486.219095107188, "land_area_km2": 1.008154, "pop_density_per_km2": 2999.5417366791185, "arterial_km_per_km2": 5.4418462805357004, "log_income": 12.087165227993331, "city": "San Jose" }, "geometry": { "type": "Polygon", "coordinates": [ [ [ -121.830723, 37.24497 ], [ -121.829988, 37.247493 ], [ -121.823479, 37.244396 ], [ -121.820398, 37.243575 ], [ -121.817689, 37.243414 ], [ -121.817543, 37.242114 ], [ -121.81728, 37.241073 ], [ -121.816817, 37.239551 ], [ -121.816856, 37.236976 ], [ -121.820175, 37.237536 ], [ -121.822102, 37.237571 ], [ -121.825915, 37.237457 ], [ -121.830607, 37.236873 ], [ -121.830688, 37.242074 ], [ -121.830721, 37.24422 ], [ -121.830723, 37.24497 ] ] ] } },
{ "type": "Feature", "properties": { "STATEFP": "06", "COUNTYFP": "085", "TRACTCE": "512032", "GEOIDFQ": "1400000US06085512032", "GEOID": "06085512032", "NAME": "5120.32", "NAMELSAD": "Census Tract 5120.32", "STUSPS": "CA", "NAMELSADCO": "Santa Clara County", "STATE_NAME": "California", "LSAD": "CT", "ALAND": 2968624, "AWATER": 0, "centroid_lon": -121.78247982475199, "centroid_lat": 37.232848334380769, "B03002_001E": 3544, "B03002_001M": 439, "B03002_012E": 1057, "B03002_012M": 165, "B19013_001E": 167860, "B19013_001M": 15786, "B01003_001E": 3544, "state": "06", "county": "085", "tract": "512032", "latino_share": 0.29825056433408575, "camera_count": 7, "arterial_road_m": 20341.997305826051, "land_area_km2": 2.968624, "pop_density_per_km2": 1193.8190892480825, "arterial_km_per_km2": 6.8523320251490425, "log_income": 12.030885577636818, "city": "San Jose" }, "geometry": { "type": "Polygon", "coordinates": [ [ [ -121.792659, 37.240452 ], [ -121.791885, 37.240855 ], [ -121.786095, 37.245854 ], [ -121.777991, 37.240985 ], [ -121.777691, 37.240808 ], [ -121.773072, 37.238033 ], [ -121.773493, 37.236811 ], [ -121.7724, 37.233701 ], [ -121.772658, 37.231497 ], [ -121.776844, 37.226864 ], [ -121.778987, 37.224585 ], [ -121.782588, 37.220769 ], [ -121.782703, 37.220627 ], [ -121.782914, 37.220365 ], [ -121.782227, 37.218613 ], [ -121.782424, 37.218171 ], [ -121.78324, 37.219649 ], [ -121.786318, 37.220881 ], [ -121.786255, 37.221598 ], [ -121.786778, 37.221798 ], [ -121.788902, 37.222766 ], [ -121.788631, 37.223401 ], [ -121.789145, 37.223547 ], [ -121.791062, 37.225168 ], [ -121.790609, 37.229824 ], [ -121.788489, 37.232181 ], [ -121.784202, 37.235574 ], [ -121.789531, 37.23877 ], [ -121.789276, 37.239293 ], [ -121.791242, 37.239812 ], [ -121.792757, 37.240139 ], [ -121.792659, 37.240452 ] ] ] } },
{ "type": "Feature", "properties": { "STATEFP": "06", "COUNTYFP": "085", "TRACTCE": "502910", "GEOIDFQ": "1400000US06085502910", "GEOID": "06085502910", "NAME": "5029.10", "NAMELSAD": "Census Tract 5029.10", "STUSPS": "CA", "NAMELSADCO": "Santa Clara County", "STATE_NAME": "California", "LSAD": "CT", "ALAND": 1186791, "AWATER": 0, "centroid_lon": -121.88405536796644, "centroid_lat": 37.251458225362114, "B03002_001E": 3638, "B03002_001M": 534, "B03002_012E": 1172, "B03002_012M": 449, "B19013_001E": 117391, "B19013_001M": 23584, "B01003_001E": 3638, "state": "06", "county": "085", "tract": "502910", "latino_share": 0.32215503023639364, "camera_count": 2, "arterial_road_m": 6594.3180998931621, "land_area_km2": 1.186791, "pop_density_per_km2": 3065.4091579730552, "arterial_km_per_km2": 5.5564274584936708, "log_income": 11.673265522449455, "city": "San Jose" }, "geometry": { "type": "Polygon", "coordinates": [ [ [ -121.895497, 37.250793 ], [ -121.892272, 37.251052 ], [ -121.890735, 37.25138 ], [ -121.881907, 37.253708 ], [ -121.881611, 37.253805 ], [ -121.881777, 37.254261 ], [ -121.881731, 37.254318 ], [ -121.882934, 37.257806 ], [ -121.881563, 37.257687 ], [ -121.876386, 37.259006 ], [ -121.875991, 37.255746 ], [ -121.875949, 37.255431 ], [ -121.875315, 37.250817 ], [ -121.877446, 37.250589 ], [ -121.880496, 37.249359 ], [ -121.882424, 37.248421 ], [ -121.884577, 37.247267 ], [ -121.887093, 37.245813 ], [ -121.887697, 37.245919 ], [ -121.888526, 37.246059 ], [ -121.889996, 37.246264 ], [ -121.891973, 37.245519 ], [ -121.894937, 37.249535 ], [ -121.895497, 37.250793 ] ] ] } },
{ "type": "Feature", "properties": { "STATEFP": "06", "COUNTYFP": "085", "TRACTCE": "512036", "GEOIDFQ": "1400000US06085512036", "GEOID": "06085512036", "NAME": "5120.36", "NAMELSAD": "Census Tract 5120.36", "STUSPS": "CA", "NAMELSADCO": "Santa Clara County", "STATE_NAME": "California", "LSAD": "CT", "ALAND": 830163, "AWATER": 0, "centroid_lon": -121.81058337473684, "centroid_lat": 37.24014886448672, "B03002_001E": 4766, "B03002_001M": 428, "B03002_012E": 1252, "B03002_012M": 355, "B19013_001E": 134386, "B19013_001M": 19944, "B01003_001E": 4766, "state": "06", "county": "085", "tract": "512036", "latino_share": 0.26269408308854386, "camera_count": 2, "arterial_road_m": 5408.5928284117017, "land_area_km2": 0.830163, "pop_density_per_km2": 5741.0412172067417, "arterial_km_per_km2": 6.5150974307596234, "log_income": 11.808471534978796, "city": "San Jose" }, "geometry": { "type": "Polygon", "coordinates": [ [ [ -121.817689, 37.243414 ], [ -121.80544, 37.243206 ], [ -121.804056, 37.24302 ], [ -121.803836, 37.239378 ], [ -121.80384, 37.23699 ], [ -121.809792, 37.236942 ], [ -121.81581, 37.23691 ], [ -121.816856, 37.236976 ], [ -121.816817, 37.239551 ], [ -121.81728, 37.241073 ], [ -121.817543, 37.242114 ], [ -121.817689, 37.243414 ] ] ] } },
{ "type": "Feature", "properties": { "STATEFP": "06", "COUNTYFP": "085", "TRACTCE": "512027", "GEOIDFQ": "1400000US06085512027", "GEOID": "06085512027", "NAME": "5120.27", "NAMELSAD": "Census Tract 5120.27", "STUSPS": "CA", "NAMELSADCO": "Santa Clara County", "STATE_NAME": "California", "LSAD": "CT", "ALAND": 1674893, "AWATER": 68672, "centroid_lon": -121.85872626094624, "centroid_lat": 37.252949076802338, "B03002_001E": 4130, "B03002_001M": 623, "B03002_012E": 986, "B03002_012M": 306, "B19013_001E": 125152, "B19013_001M": 32784, "B01003_001E": 4130, "state": "06", "county": "085", "tract": "512027", "latino_share": 0.2387409200968523, "camera_count": 5, "arterial_road_m": 13821.493052839265, "land_area_km2": 1.674893, "pop_density_per_km2": 2465.8291604299498, "arterial_km_per_km2": 8.2521647967000078, "log_income": 11.73728427755524, "city": "San Jose" }, "geometry": { "type": "Polygon", "coordinates": [ [ [ -121.875991, 37.255746 ], [ -121.875757, 37.255791 ], [ -121.873445, 37.256079 ], [ -121.865847, 37.255726 ], [ -121.862662, 37.255575 ], [ -121.858985, 37.255605 ], [ -121.858807, 37.255605 ], [ -121.849037, 37.255378 ], [ -121.848434, 37.255388 ], [ -121.848301, 37.25539 ], [ -121.844467, 37.254555 ], [ -121.83651, 37.250723 ], [ -121.839743, 37.250541 ], [ -121.84181, 37.250617 ], [ -121.846752, 37.250573 ], [ -121.849651, 37.250502 ], [ -121.854426, 37.250315 ], [ -121.858876, 37.250358 ], [ -121.86655, 37.25041 ], [ -121.874507, 37.250839 ], [ -121.875213, 37.250819 ], [ -121.875315, 37.250817 ], [ -121.875949, 37.255431 ], [ -121.875991, 37.255746 ] ] ] } },
{ "type": "Feature", "properties": { "STATEFP": "06", "COUNTYFP": "085", "TRACTCE": "512019", "GEOIDFQ": "1400000US06085512019", "GEOID": "06085512019", "NAME": "5120.19", "NAMELSAD": "Census Tract 5120.19", "STUSPS": "CA", "NAMELSADCO": "Santa Clara County", "STATE_NAME": "California", "LSAD": "CT", "ALAND": 1078547, "AWATER": 0, "centroid_lon": -121.84584664570421, "centroid_lat": 37.270720216734055, "B03002_001E": 4407, "B03002_001M": 471, "B03002_012E": 1161, "B03002_012M": 302, "B19013_001E": 133438, "B19013_001M": 24115, "B01003_001E": 4407, "state": "06", "county": "085", "tract": "512019", "latino_share": 0.26344452008168823, "camera_count": 1, "arterial_road_m": 4120.8085530684539, "land_area_km2": 1.078547, "pop_density_per_km2": 4086.0528099378148, "arterial_km_per_km2": 3.820703736664655, "log_income": 11.801392229470659, "city": "San Jose" }, "geometry": { "type": "Polygon", "coordinates": [ [ [ -121.85157, 37.267102 ], [ -121.852166, 37.274555 ], [ -121.84984, 37.274576 ], [ -121.846977, 37.274645 ], [ -121.845261, 37.274966 ], [ -121.8443, 37.275394 ], [ -121.841897, 37.276928 ], [ -121.840099, 37.275037 ], [ -121.839542, 37.274495 ], [ -121.837542, 37.273173 ], [ -121.839513, 37.273011 ], [ -121.839591, 37.272249 ], [ -121.840796, 37.269996 ], [ -121.840953, 37.269628 ], [ -121.841029, 37.265995 ], [ -121.844786, 37.265966 ], [ -121.846574, 37.265864 ], [ -121.850605, 37.265506 ], [ -121.851434, 37.265527 ], [ -121.852474, 37.265664 ], [ -121.85157, 37.267102 ] ] ] } },
{ "type": "Feature", "properties": { "STATEFP": "06", "COUNTYFP": "085", "TRACTCE": "503305", "GEOIDFQ": "1400000US06085503305", "GEOID": "06085503305", "NAME": "5033.05", "NAMELSAD": "Census Tract 5033.05", "STUSPS": "CA", "NAMELSADCO": "Santa Clara County", "STATE_NAME": "California", "LSAD": "CT", "ALAND": 2324266, "AWATER": 0, "centroid_lon": -121.81469589079222, "centroid_lat": 37.319873922173429, "B03002_001E": 5759, "B03002_001M": 477, "B03002_012E": 2207, "B03002_012M": 439, "B19013_001E": 102500, "B19013_001M": 16325, "B01003_001E": 5759, "state": "06", "county": "085", "tract": "503305", "latino_share": 0.38322625455808301, "camera_count": 6, "arterial_road_m": 11921.60649384034, "land_area_km2": 2.324266, "pop_density_per_km2": 2477.7714771028786, "arterial_km_per_km2": 5.1291919659111045, "log_income": 11.5376180775606, "city": "San Jose" }, "geometry": { "type": "Polygon", "coordinates": [ [ [ -121.823752, 37.323819 ], [ -121.812859, 37.331179 ], [ -121.812756, 37.331249 ], [ -121.809591, 37.326624 ], [ -121.808441, 37.323855 ], [ -121.808217, 37.322704 ], [ -121.808001, 37.317739 ], [ -121.8079, 37.312424 ], [ -121.808069, 37.311433 ], [ -121.809315, 37.308844 ], [ -121.810835, 37.30713 ], [ -121.810919, 37.307224 ], [ -121.813428, 37.310167 ], [ -121.817488, 37.313558 ], [ -121.818142, 37.314236 ], [ -121.82082, 37.317039 ], [ -121.822419, 37.318719 ], [ -121.825893, 37.322371 ], [ -121.823752, 37.323819 ] ] ] } },
{ "type": "Feature", "properties": { "STATEFP": "06", "COUNTYFP": "085", "TRACTCE": "512047", "GEOIDFQ": "1400000US06085512047", "GEOID": "06085512047", "NAME": "5120.47", "NAMELSAD": "Census Tract 5120.47", "STUSPS": "CA", "NAMELSADCO": "Santa Clara County", "STATE_NAME": "California", "LSAD": "CT", "ALAND": 1653625, "AWATER": 0, "centroid_lon": -121.84454203539018, "centroid_lat": 37.24108207797557, "B03002_001E": 5304, "B03002_001M": 614, "B03002_012E": 868, "B03002_012M": 390, "B19013_001E": 171474, "B19013_001M": 16119, "B01003_001E": 5304, "state": "06", "county": "085", "tract": "512047", "latino_share": 0.1636500754147813, "camera_count": 0, "arterial_road_m": 5280.9974342071064, "land_area_km2": 1.653625, "pop_density_per_km2": 3207.4986771486888, "arterial_km_per_km2": 3.1935882888847873, "log_income": 12.052186930596617, "city": "San Jose" }, "geometry": { "type": "Polygon", "coordinates": [ [ [ -121.850801, 37.238782 ], [ -121.84916, 37.243298 ], [ -121.846773, 37.249968 ], [ -121.846752, 37.250573 ], [ -121.84181, 37.250617 ], [ -121.839743, 37.250541 ], [ -121.839784, 37.249952 ], [ -121.839718, 37.243022 ], [ -121.839706, 37.242042 ], [ -121.83962, 37.236789 ], [ -121.840374, 37.235298 ], [ -121.840889, 37.234189 ], [ -121.841024, 37.231208 ], [ -121.842853, 37.231587 ], [ -121.844754, 37.232339 ], [ -121.844856, 37.232381 ], [ -121.848721, 37.233796 ], [ -121.85057, 37.23559 ], [ -121.851128, 37.237301 ], [ -121.850801, 37.238782 ] ] ] } },
{ "type": "Feature", "properties": { "STATEFP": "06", "COUNTYFP": "085", "TRACTCE": "512005", "GEOIDFQ": "1400000US06085512005", "GEOID": "06085512005", "NAME": "5120.05", "NAMELSAD": "Census Tract 5120.05", "STUSPS": "CA", "NAMELSADCO": "Santa Clara County", "STATE_NAME": "California", "LSAD": "CT", "ALAND": 2420988, "AWATER": 0, "centroid_lon": -121.8655976511876, "centroid_lat": 37.270024239163881, "B03002_001E": 6866, "B03002_001M": 863, "B03002_012E": 1755, "B03002_012M": 633, "B19013_001E": 184808, "B19013_001M": 15708, "B01003_001E": 6866, "state": "06", "county": "085", "tract": "512005", "latino_share": 0.25560734051849693, "camera_count": 2, "arterial_road_m": 9735.7468891334574, "land_area_km2": 2.420988, "pop_density_per_km2": 2836.0322314691357, "arterial_km_per_km2": 4.0213941122936001, "log_income": 12.127072727296024, "city": "San Jose" }, "geometry": { "type": "Polygon", "coordinates": [ [ [ -121.878123, 37.271141 ], [ -121.878056, 37.272583 ], [ -121.876281, 37.274587 ], [ -121.876789, 37.2757 ], [ -121.875302, 37.275738 ], [ -121.870401, 37.275277 ], [ -121.863677, 37.274487 ], [ -121.862939, 37.27445 ], [ -121.860017, 37.274419 ], [ -121.857225, 37.274471 ], [ -121.854643, 37.274519 ], [ -121.852166, 37.274555 ], [ -121.85157, 37.267102 ], [ -121.852474, 37.265664 ], [ -121.855352, 37.265986 ], [ -121.858919, 37.266054 ], [ -121.865998, 37.265644 ], [ -121.866277, 37.265623 ], [ -121.868893, 37.265024 ], [ -121.872902, 37.26402 ], [ -121.875611, 37.263275 ], [ -121.877188, 37.265769 ], [ -121.878073, 37.268275 ], [ -121.878123, 37.271141 ] ] ] } },
{ "type": "Feature", "properties": { "STATEFP": "06", "COUNTYFP": "085", "TRACTCE": "511915", "GEOIDFQ": "1400000US06085511915", "GEOID": "06085511915", "NAME": "5119.15", "NAMELSAD": "Census Tract 5119.15", "STUSPS": "CA", "NAMELSADCO": "Santa Clara County", "STATE_NAME": "California", "LSAD": "CT", "ALAND": 1051515, "AWATER": 74592, "centroid_lon": -121.88202453324182, "centroid_lat": 37.244658975119037, "B03002_001E": 3994, "B03002_001M": 717, "B03002_012E": 1824, "B03002_012M": 678, "B19013_001E": 97266, "B19013_001M": 40393, "B01003_001E": 3994, "state": "06", "county": "085", "tract": "511915", "latino_share": 0.45668502754131196, "camera_count": 3, "arterial_road_m": 4721.5587727065595, "land_area_km2": 1.051515, "pop_density_per_km2": 3798.3290775690316, "arterial_km_per_km2": 4.4902438602459869, "log_income": 11.485204772369627, "city": "San Jose" }, "geometry": { "type": "Polygon", "coordinates": [ [ [ -121.891973, 37.245519 ], [ -121.889996, 37.246264 ], [ -121.888526, 37.246059 ], [ -121.887697, 37.245919 ], [ -121.887093, 37.245813 ], [ -121.884577, 37.247267 ], [ -121.882424, 37.248421 ], [ -121.880496, 37.249359 ], [ -121.877446, 37.250589 ], [ -121.875315, 37.250817 ], [ -121.874767, 37.246142 ], [ -121.874725, 37.245554 ], [ -121.874669, 37.244713 ], [ -121.874926, 37.242606 ], [ -121.878633, 37.242358 ], [ -121.880875, 37.240796 ], [ -121.886649, 37.237889 ], [ -121.886704, 37.238168 ], [ -121.886845, 37.238735 ], [ -121.887744, 37.240879 ], [ -121.888544, 37.242604 ], [ -121.889524, 37.243179 ], [ -121.89073, 37.243857 ], [ -121.891973, 37.245519 ] ] ] } },
{ "type": "Feature", "properties": { "STATEFP": "06", "COUNTYFP": "085", "TRACTCE": "507905", "GEOIDFQ": "1400000US06085507905", "GEOID": "06085507905", "NAME": "5079.05", "NAMELSAD": "Census Tract 5079.05", "STUSPS": "CA", "NAMELSADCO": "Santa Clara County", "STATE_NAME": "California", "LSAD": "CT", "ALAND": 1460207, "AWATER": 0, "centroid_lon": -122.02811977982644, "centroid_lat": 37.302621274777472, "B03002_001E": 6368, "B03002_001M": 1408, "B03002_012E": 351, "B03002_012M": 391, "B19013_001E": 134906, "B19013_001M": 23078, "B01003_001E": 6368, "state": "06", "county": "085", "tract": "507905", "latino_share": 0.055119346733668341, "camera_count": 0, "arterial_road_m": 10208.873602087959, "land_area_km2": 1.460207, "pop_density_per_km2": 4361.0255258329807, "arterial_km_per_km2": 6.9913879347845604, "log_income": 11.812333518597416, "city": "San Jose" }, "geometry": { "type": "Polygon", "coordinates": [ [ [ -122.032269, 37.312229 ], [ -122.03157, 37.312299 ], [ -122.02888, 37.31152 ], [ -122.02318, 37.30987 ], [ -122.023955, 37.307633 ], [ -122.023707, 37.30114 ], [ -122.023701, 37.29401 ], [ -122.02365, 37.293825 ], [ -122.025978, 37.293869 ], [ -122.028036, 37.293889 ], [ -122.031699, 37.294056 ], [ -122.032264, 37.293965 ], [ -122.032251, 37.298359 ], [ -122.032432, 37.300544 ], [ -122.03241, 37.301002 ], [ -122.032393, 37.302057 ], [ -122.032386, 37.302304 ], [ -122.032261, 37.308241 ], [ -122.032471, 37.312242 ], [ -122.032269, 37.312229 ] ] ] } },
{ "type": "Feature", "properties": { "STATEFP": "06", "COUNTYFP": "085", "TRACTCE": "507904", "GEOIDFQ": "1400000US06085507904", "GEOID": "06085507904", "NAME": "5079.04", "NAMELSAD": "Census Tract 5079.04", "STUSPS": "CA", "NAMELSADCO": "Santa Clara County", "STATE_NAME": "California", "LSAD": "CT", "ALAND": 1278385, "AWATER": 0, "centroid_lon": -122.00189157923467, "centroid_lat": 37.301895018298964, "B03002_001E": 3050, "B03002_001M": 293, "B03002_012E": 24, "B03002_012M": 36, "B19013_001E": 250001, "B19013_001M": -333333333, "B01003_001E": 3050, "state": "06", "county": "085", "tract": "507904", "latino_share": 0.0078688524590163934, "camera_count": 0, "arterial_road_m": 980.42040198611471, "land_area_km2": 1.278385, "pop_density_per_km2": 2385.8227372818046, "arterial_km_per_km2": 0.766921077755226, "log_income": 12.429220196836383, "city": "San Jose" }, "geometry": { "type": "Polygon", "coordinates": [ [ [ -122.007852, 37.293338 ], [ -122.00761, 37.29437 ], [ -122.00741, 37.296411 ], [ -122.007208, 37.298052 ], [ -122.007094, 37.299143 ], [ -122.005506, 37.30365 ], [ -122.004223, 37.307084 ], [ -122.00296, 37.31023 ], [ -121.997411, 37.30966 ], [ -121.996325, 37.309617 ], [ -121.996749, 37.307029 ], [ -121.996441, 37.305653 ], [ -121.996232, 37.304271 ], [ -121.99645, 37.302744 ], [ -121.997034, 37.301491 ], [ -121.997618, 37.301067 ], [ -121.998091, 37.298232 ], [ -121.998056, 37.29777 ], [ -121.999816, 37.296967 ], [ -122.001097, 37.296492 ], [ -122.001791, 37.295564 ], [ -122.002591, 37.294844 ], [ -122.003433, 37.293081 ], [ -122.00468, 37.29311 ], [ -122.007685, 37.293248 ], [ -122.007745, 37.29328 ], [ -122.007852, 37.293338 ] ] ] } },
{ "type": "Feature", "properties": { "STATEFP": "06", "COUNTYFP": "085", "TRACTCE": "502500", "GEOIDFQ": "1400000US06085502500", "GEOID": "06085502500", "NAME": "5025", "NAMELSAD": "Census Tract 5025", "STUSPS": "CA", "NAMELSADCO": "Santa Clara County", "STATE_NAME": "California", "LSAD": "CT", "ALAND": 2496645, "AWATER": 0, "centroid_lon": -121.89289569485018, "centroid_lat": 37.293179517439071, "B03002_001E": 6600, "B03002_001M": 884, "B03002_012E": 1824, "B03002_012M": 697, "B19013_001E": 221319, "B19013_001M": 19660, "B01003_001E": 6600, "state": "06", "county": "085", "tract": "502500", "latino_share": 0.27636363636363637, "camera_count": 3, "arterial_road_m": 5853.2026889224853, "land_area_km2": 2.496645, "pop_density_per_km2": 2643.5476409341336, "arterial_km_per_km2": 2.3444272970015705, "log_income": 12.307360378657359, "city": "San Jose" }, "geometry": { "type": "Polygon", "coordinates": [ [ [ -121.907398, 37.288647 ], [ -121.903038, 37.29063 ], [ -121.904945, 37.293416 ], [ -121.899032, 37.296014 ], [ -121.897347, 37.296742 ], [ -121.893307, 37.298483 ], [ -121.888277, 37.300673 ], [ -121.885671, 37.301719 ], [ -121.881748, 37.301725 ], [ -121.880716, 37.301094 ], [ -121.88085, 37.297481 ], [ -121.881242, 37.296039 ], [ -121.880689, 37.292242 ], [ -121.88769, 37.289843 ], [ -121.893698, 37.2877 ], [ -121.904174, 37.283966 ], [ -121.907398, 37.288647 ] ] ] } },
{ "type": "Feature", "properties": { "STATEFP": "06", "COUNTYFP": "085", "TRACTCE": "506803", "GEOIDFQ": "1400000US06085506803", "GEOID": "06085506803", "NAME": "5068.03", "NAMELSAD": "Census Tract 5068.03", "STUSPS": "CA", "NAMELSADCO": "Santa Clara County", "STATE_NAME": "California", "LSAD": "CT", "ALAND": 2290466, "AWATER": 0, "centroid_lon": -121.91434516927112, "centroid_lat": 37.242832954891263, "B03002_001E": 7027, "B03002_001M": 577, "B03002_012E": 875, "B03002_012M": 335, "B19013_001E": 195741, "B19013_001M": 25154, "B01003_001E": 7027, "state": "06", "county": "085", "tract": "506803", "latino_share": 0.12451970969119112, "camera_count": 1, "arterial_road_m": 9539.5026589329427, "land_area_km2": 2.290466, "pop_density_per_km2": 3067.9346473599699, "arterial_km_per_km2": 4.1648741605127269, "log_income": 12.184547635784581, "city": "San Jose" }, "geometry": { "type": "Polygon", "coordinates": [ [ [ -121.922666, 37.24263 ], [ -121.922654, 37.243488 ], [ -121.922676, 37.247087 ], [ -121.922214, 37.250601 ], [ -121.917251, 37.250658 ], [ -121.91308, 37.25074 ], [ -121.910543, 37.25073 ], [ -121.909551, 37.248201 ], [ -121.906761, 37.244261 ], [ -121.903796, 37.240136 ], [ -121.903476, 37.239058 ], [ -121.903523, 37.236363 ], [ -121.911221, 37.23631 ], [ -121.916686, 37.236227 ], [ -121.922611, 37.236187 ], [ -121.92271, 37.240221 ], [ -121.922666, 37.24263 ] ] ] } },
{ "type": "Feature", "properties": { "STATEFP": "06", "COUNTYFP": "085", "TRACTCE": "505800", "GEOIDFQ": "1400000US06085505800", "GEOID": "06085505800", "NAME": "5058", "NAMELSAD": "Census Tract 5058", "STUSPS": "CA", "NAMELSADCO": "Santa Clara County", "STATE_NAME": "California", "LSAD": "CT", "ALAND": 1686990, "AWATER": 0, "centroid_lon": -121.94390973501216, "centroid_lat": 37.331564105193173, "B03002_001E": 3851, "B03002_001M": 585, "B03002_012E": 923, "B03002_012M": 312, "B19013_001E": 147955, "B19013_001M": 46586, "B01003_001E": 3851, "state": "06", "county": "085", "tract": "505800", "latino_share": 0.23967800571280187, "camera_count": 7, "arterial_road_m": 13069.445575755593, "land_area_km2": 1.68699, "pop_density_per_km2": 2282.7639760757324, "arterial_km_per_km2": 7.7471980128842448, "log_income": 11.904663452458392, "city": "San Jose" }, "geometry": { "type": "Polygon", "coordinates": [ [ [ -121.95026, 37.330657 ], [ -121.950191, 37.334115 ], [ -121.95022, 37.33733 ], [ -121.95016, 37.338066 ], [ -121.94346, 37.33765 ], [ -121.93957, 37.3379 ], [ -121.93942, 37.33795 ], [ -121.93823, 37.3384 ], [ -121.937959, 37.337944 ], [ -121.935701, 37.337841 ], [ -121.935265, 37.337842 ], [ -121.935253, 37.33769 ], [ -121.934843, 37.337864 ], [ -121.934579, 37.338005 ], [ -121.934434, 37.337883 ], [ -121.934245, 37.337772 ], [ -121.933932, 37.337991 ], [ -121.933038, 37.337751 ], [ -121.932082, 37.338489 ], [ -121.931242, 37.339899 ], [ -121.930351, 37.33912 ], [ -121.933151, 37.336833 ], [ -121.936354, 37.334351 ], [ -121.939334, 37.332076 ], [ -121.940482, 37.330246 ], [ -121.94074, 37.329164 ], [ -121.940752, 37.327177 ], [ -121.940552, 37.32328 ], [ -121.940831, 37.323306 ], [ -121.94667, 37.323366 ], [ -121.947089, 37.323381 ], [ -121.947846, 37.323283 ], [ -121.95018, 37.32322 ], [ -121.95018, 37.3234 ], [ -121.950224, 37.325403 ], [ -121.950196, 37.326969 ], [ -121.9502, 37.327363 ], [ -121.950226, 37.328472 ], [ -121.95025, 37.3299 ], [ -121.95026, 37.330657 ] ] ] } },
{ "type": "Feature", "properties": { "STATEFP": "06", "COUNTYFP": "085", "TRACTCE": "503708", "GEOIDFQ": "1400000US06085503708", "GEOID": "06085503708", "NAME": "5037.08", "NAMELSAD": "Census Tract 5037.08", "STUSPS": "CA", "NAMELSADCO": "Santa Clara County", "STATE_NAME": "California", "LSAD": "CT", "ALAND": 1219639, "AWATER": 0, "centroid_lon": -121.85463907456793, "centroid_lat": 37.369448404991381, "B03002_001E": 2442, "B03002_001M": 350, "B03002_012E": 529, "B03002_012M": 203, "B19013_001E": 101410, "B19013_001M": 19621, "B01003_001E": 2442, "state": "06", "county": "085", "tract": "503708", "latino_share": 0.21662571662571661, "camera_count": 2, "arterial_road_m": 8167.870549164666, "land_area_km2": 1.219639, "pop_density_per_km2": 2002.2318079366109, "arterial_km_per_km2": 6.6969575006741069, "log_income": 11.526926984606042, "city": "San Jose" }, "geometry": { "type": "Polygon", "coordinates": [ [ [ -121.860394, 37.372864 ], [ -121.858728, 37.373994 ], [ -121.854757, 37.376782 ], [ -121.851841, 37.37381 ], [ -121.851805, 37.373773 ], [ -121.846104, 37.368075 ], [ -121.85012, 37.365259 ], [ -121.852828, 37.363433 ], [ -121.854807, 37.36209 ], [ -121.857626, 37.364946 ], [ -121.858789, 37.366822 ], [ -121.863251, 37.37094 ], [ -121.860394, 37.372864 ] ] ] } },
{ "type": "Feature", "properties": { "STATEFP": "06", "COUNTYFP": "085", "TRACTCE": "503712", "GEOIDFQ": "1400000US06085503712", "GEOID": "06085503712", "NAME": "5037.12", "NAMELSAD": "Census Tract 5037.12", "STUSPS": "CA", "NAMELSADCO": "Santa Clara County", "STATE_NAME": "California", "LSAD": "CT", "ALAND": 664170, "AWATER": 0, "centroid_lon": -121.8466465408676, "centroid_lat": 37.362279085243664, "B03002_001E": 4015, "B03002_001M": 876, "B03002_012E": 2006, "B03002_012M": 832, "B19013_001E": 65893, "B19013_001M": 23894, "B01003_001E": 4015, "state": "06", "county": "085", "tract": "503712", "latino_share": 0.49962640099626399, "camera_count": 2, "arterial_road_m": 6531.1087205856802, "land_area_km2": 0.66417, "pop_density_per_km2": 6045.1390457262441, "arterial_km_per_km2": 9.8334894990524724, "log_income": 11.095787493300891, "city": "San Jose" }, "geometry": { "type": "Polygon", "coordinates": [ [ [ -121.85012, 37.365259 ], [ -121.846104, 37.368075 ], [ -121.844927, 37.366462 ], [ -121.842993, 37.363116 ], [ -121.840908, 37.359656 ], [ -121.843454, 37.358473 ], [ -121.845124, 37.35774 ], [ -121.846819, 37.356937 ], [ -121.848277, 37.3589 ], [ -121.849212, 37.359729 ], [ -121.852828, 37.363433 ], [ -121.85012, 37.365259 ] ] ] } },
{ "type": "Feature", "properties": { "STATEFP": "06", "COUNTYFP": "085", "TRACTCE": "503802", "GEOIDFQ": "1400000US06085503802", "GEOID": "06085503802", "NAME": "5038.02", "NAMELSAD": "Census Tract 5038.02", "STUSPS": "CA", "NAMELSADCO": "Santa Clara County", "STATE_NAME": "California", "LSAD": "CT", "ALAND": 1674998, "AWATER": 0, "centroid_lon": -121.83548044170479, "centroid_lat": 37.38428144712914, "B03002_001E": 7718, "B03002_001M": 846, "B03002_012E": 3061, "B03002_012M": 701, "B19013_001E": 106364, "B19013_001M": 17887, "B01003_001E": 7718, "state": "06", "county": "085", "tract": "503802", "latino_share": 0.39660533817051047, "camera_count": 2, "arterial_road_m": 3728.3116821252829, "land_area_km2": 1.674998, "pop_density_per_km2": 4607.7666958408308, "arterial_km_per_km2": 2.2258603784155464, "log_income": 11.574622452773143, "city": "San Jose" }, "geometry": { "type": "Polygon", "coordinates": [ [ [ -121.843817, 37.386391 ], [ -121.842105, 37.389239 ], [ -121.842333, 37.390448 ], [ -121.840819, 37.390821 ], [ -121.836701, 37.391641 ], [ -121.834225, 37.392589 ], [ -121.833055, 37.391087 ], [ -121.832102, 37.389741 ], [ -121.832241, 37.389681 ], [ -121.830598, 37.387284 ], [ -121.830384, 37.386968 ], [ -121.826348, 37.381072 ], [ -121.826769, 37.380965 ], [ -121.826878, 37.380925 ], [ -121.827022, 37.380863 ], [ -121.82719, 37.380774 ], [ -121.827416, 37.380625 ], [ -121.828045, 37.380202 ], [ -121.828884, 37.379632 ], [ -121.829132, 37.379464 ], [ -121.830554, 37.3785 ], [ -121.831374, 37.377944 ], [ -121.831846, 37.377626 ], [ -121.831985, 37.377531 ], [ -121.833292, 37.37665 ], [ -121.834572, 37.375783 ], [ -121.83503, 37.375486 ], [ -121.835609, 37.37511 ], [ -121.836145, 37.375803 ], [ -121.837063, 37.376979 ], [ -121.83716, 37.377126 ], [ -121.838706, 37.379172 ], [ -121.839106, 37.379695 ], [ -121.840491, 37.381515 ], [ -121.841054, 37.382244 ], [ -121.841324, 37.382603 ], [ -121.842253, 37.383828 ], [ -121.843817, 37.386391 ] ] ] } },
{ "type": "Feature", "properties": { "STATEFP": "06", "COUNTYFP": "085", "TRACTCE": "503315", "GEOIDFQ": "1400000US06085503315", "GEOID": "06085503315", "NAME": "5033.15", "NAMELSAD": "Census Tract 5033.15", "STUSPS": "CA", "NAMELSADCO": "Santa Clara County", "STATE_NAME": "California", "LSAD": "CT", "ALAND": 1647150, "AWATER": 0, "centroid_lon": -121.80133140510132, "centroid_lat": 37.318384312637306, "B03002_001E": 8188, "B03002_001M": 1184, "B03002_012E": 2566, "B03002_012M": 789, "B19013_001E": 157179, "B19013_001M": 6084, "B01003_001E": 8188, "state": "06", "county": "085", "tract": "503315", "latino_share": 0.31338544211040548, "camera_count": 3, "arterial_road_m": 6925.3916610626566, "land_area_km2": 1.64715, "pop_density_per_km2": 4971.0105333454758, "arterial_km_per_km2": 4.2044693325214197, "log_income": 11.96514056226734, "city": "San Jose" }, "geometry": { "type": "Polygon", "coordinates": [ [ [ -121.808441, 37.323855 ], [ -121.807759, 37.324034 ], [ -121.800474, 37.325583 ], [ -121.796957, 37.324918 ], [ -121.79644, 37.323396 ], [ -121.796029, 37.321943 ], [ -121.795317, 37.320066 ], [ -121.791524, 37.313966 ], [ -121.791566, 37.313958 ], [ -121.794575, 37.313523 ], [ -121.796141, 37.313289 ], [ -121.80191, 37.312416 ], [ -121.803879, 37.312173 ], [ -121.804856, 37.311964 ], [ -121.805242, 37.311901 ], [ -121.808069, 37.311433 ], [ -121.8079, 37.312424 ], [ -121.808001, 37.317739 ], [ -121.808217, 37.322704 ], [ -121.808441, 37.323855 ] ] ] } },
{ "type": "Feature", "properties": { "STATEFP": "06", "COUNTYFP": "085", "TRACTCE": "503703", "GEOIDFQ": "1400000US06085503703", "GEOID": "06085503703", "NAME": "5037.03", "NAMELSAD": "Census Tract 5037.03", "STUSPS": "CA", "NAMELSADCO": "Santa Clara County", "STATE_NAME": "California", "LSAD": "CT", "ALAND": 655029, "AWATER": 0, "centroid_lon": -121.8393927443998, "centroid_lat": 37.345676695668381, "B03002_001E": 3727, "B03002_001M": 712, "B03002_012E": 2784, "B03002_012M": 670, "B19013_001E": 83500, "B19013_001M": 23144, "B01003_001E": 3727, "state": "06", "county": "085", "tract": "503703", "latino_share": 0.7469814864502281, "camera_count": 9, "arterial_road_m": 4272.0806486971087, "land_area_km2": 0.655029, "pop_density_per_km2": 5689.8244199875126, "arterial_km_per_km2": 6.5219717733063858, "log_income": 11.332601910838946, "city": "San Jose" }, "geometry": { "type": "Polygon", "coordinates": [ [ [ -121.846326, 37.343204 ], [ -121.841367, 37.347113 ], [ -121.838539, 37.349971 ], [ -121.837798, 37.352481 ], [ -121.836786, 37.351401 ], [ -121.834369, 37.348827 ], [ -121.832647, 37.346986 ], [ -121.834837, 37.3455 ], [ -121.837564, 37.343655 ], [ -121.840337, 37.341766 ], [ -121.843109, 37.339904 ], [ -121.846326, 37.343204 ] ] ] } },
{ "type": "Feature", "properties": { "STATEFP": "06", "COUNTYFP": "085", "TRACTCE": "503331", "GEOIDFQ": "1400000US06085503331", "GEOID": "06085503331", "NAME": "5033.31", "NAMELSAD": "Census Tract 5033.31", "STUSPS": "CA", "NAMELSADCO": "Santa Clara County", "STATE_NAME": "California", "LSAD": "CT", "ALAND": 1365613, "AWATER": 0, "centroid_lon": -121.75875906050094, "centroid_lat": 37.294896035035329, "B03002_001E": 3553, "B03002_001M": 907, "B03002_012E": 471, "B03002_012M": 170, "B19013_001E": 133068, "B19013_001M": 37710, "B01003_001E": 3553, "state": "06", "county": "085", "tract": "503331", "latino_share": 0.13256403039684772, "camera_count": 0, "arterial_road_m": 4672.3867051412217, "land_area_km2": 1.365613, "pop_density_per_km2": 2601.7619925996605, "arterial_km_per_km2": 3.4214574005528808, "log_income": 11.798615554741216, "city": "San Jose" }, "geometry": { "type": "Polygon", "coordinates": [ [ [ -121.771341, 37.299344 ], [ -121.768058, 37.299359 ], [ -121.764264, 37.297807 ], [ -121.760407, 37.297964 ], [ -121.757975, 37.299421 ], [ -121.755807, 37.298983 ], [ -121.752989, 37.296877 ], [ -121.750469, 37.296682 ], [ -121.748382, 37.295561 ], [ -121.747921, 37.295352 ], [ -121.746553, 37.295073 ], [ -121.74605, 37.294804 ], [ -121.745453, 37.293985 ], [ -121.744061, 37.293458 ], [ -121.74742, 37.292977 ], [ -121.747948, 37.291739 ], [ -121.753117, 37.292081 ], [ -121.759117, 37.291184 ], [ -121.761354, 37.290398 ], [ -121.76378, 37.290623 ], [ -121.765302, 37.290989 ], [ -121.769114, 37.296379 ], [ -121.771341, 37.299344 ] ] ] } },
{ "type": "Feature", "properties": { "STATEFP": "06", "COUNTYFP": "085", "TRACTCE": "503111", "GEOIDFQ": "1400000US06085503111", "GEOID": "06085503111", "NAME": "5031.11", "NAMELSAD": "Census Tract 5031.11", "STUSPS": "CA", "NAMELSADCO": "Santa Clara County", "STATE_NAME": "California", "LSAD": "CT", "ALAND": 905170, "AWATER": 0, "centroid_lon": -121.8398260791092, "centroid_lat": 37.322587506861787, "B03002_001E": 5211, "B03002_001M": 919, "B03002_012E": 2699, "B03002_012M": 863, "B19013_001E": 125521, "B19013_001M": 15283, "B01003_001E": 5211, "state": "06", "county": "085", "tract": "503111", "latino_share": 0.51794281327960079, "camera_count": 1, "arterial_road_m": 2864.7980710337929, "land_area_km2": 0.90517, "pop_density_per_km2": 5756.9296375266522, "arterial_km_per_km2": 3.1649282135220931, "log_income": 11.74022835423305, "city": "San Jose" }, "geometry": { "type": "Polygon", "coordinates": [ [ [ -121.845851, 37.328534 ], [ -121.843492, 37.329578 ], [ -121.843269, 37.327971 ], [ -121.842028, 37.328796 ], [ -121.841773, 37.328955 ], [ -121.840183, 37.327249 ], [ -121.836761, 37.323582 ], [ -121.836283, 37.323114 ], [ -121.834141, 37.320916 ], [ -121.831763, 37.318457 ], [ -121.836509, 37.315172 ], [ -121.839579, 37.318312 ], [ -121.841876, 37.320665 ], [ -121.842231, 37.321032 ], [ -121.844922, 37.323801 ], [ -121.845747, 37.324603 ], [ -121.848116, 37.327047 ], [ -121.845851, 37.328534 ] ] ] } },
{ "type": "Feature", "properties": { "STATEFP": "06", "COUNTYFP": "085", "TRACTCE": "503112", "GEOIDFQ": "1400000US06085503112", "GEOID": "06085503112", "NAME": "5031.12", "NAMELSAD": "Census Tract 5031.12", "STUSPS": "CA", "NAMELSADCO": "Santa Clara County", "STATE_NAME": "California", "LSAD": "CT", "ALAND": 1136977, "AWATER": 0, "centroid_lon": -121.87098478083423, "centroid_lat": 37.322348866074556, "B03002_001E": 4069, "B03002_001M": 451, "B03002_012E": 2098, "B03002_012M": 490, "B19013_001E": 73419, "B19013_001M": 20813, "B01003_001E": 4069, "state": "06", "county": "085", "tract": "503112", "latino_share": 0.51560579995084788, "camera_count": 7, "arterial_road_m": 7763.3561014254974, "land_area_km2": 1.136977, "pop_density_per_km2": 3578.7883132200568, "arterial_km_per_km2": 6.8280678513509931, "log_income": 11.203938036691111, "city": "San Jose" }, "geometry": { "type": "Polygon", "coordinates": [ [ [ -121.880289, 37.322706 ], [ -121.874099, 37.325643 ], [ -121.867889, 37.328572 ], [ -121.866099, 37.326667 ], [ -121.865791, 37.325691 ], [ -121.865626, 37.325769 ], [ -121.865281, 37.325215 ], [ -121.861884, 37.32168 ], [ -121.86217, 37.32151 ], [ -121.868702, 37.318398 ], [ -121.870623, 37.317977 ], [ -121.871388, 37.317624 ], [ -121.873825, 37.316469 ], [ -121.874022, 37.316377 ], [ -121.876685, 37.319071 ], [ -121.877622, 37.320026 ], [ -121.878607, 37.321015 ], [ -121.880289, 37.322706 ] ] ] } },
{ "type": "Feature", "properties": { "STATEFP": "06", "COUNTYFP": "085", "TRACTCE": "504317", "GEOIDFQ": "1400000US06085504317", "GEOID": "06085504317", "NAME": "5043.17", "NAMELSAD": "Census Tract 5043.17", "STUSPS": "CA", "NAMELSADCO": "Santa Clara County", "STATE_NAME": "California", "LSAD": "CT", "ALAND": 1191011, "AWATER": 0, "centroid_lon": -121.87674095896561, "centroid_lat": 37.382882285278882, "B03002_001E": 3536, "B03002_001M": 321, "B03002_012E": 542, "B03002_012M": 216, "B19013_001E": 175515, "B19013_001M": 27712, "B01003_001E": 3536, "state": "06", "county": "085", "tract": "504317", "latino_share": 0.15328054298642535, "camera_count": 3, "arterial_road_m": 5704.7068759793046, "land_area_km2": 1.191011, "pop_density_per_km2": 2968.9062485568984, "arterial_km_per_km2": 4.7898020051698138, "log_income": 12.075479788321168, "city": "San Jose" }, "geometry": { "type": "Polygon", "coordinates": [ [ [ -121.886054, 37.387353 ], [ -121.882751, 37.387909 ], [ -121.881464, 37.388614 ], [ -121.879161, 37.390981 ], [ -121.873253, 37.385436 ], [ -121.870349, 37.382699 ], [ -121.871799, 37.381276 ], [ -121.871053, 37.378965 ], [ -121.86899, 37.378029 ], [ -121.873062, 37.373791 ], [ -121.875334, 37.376336 ], [ -121.87851, 37.379884 ], [ -121.884032, 37.385038 ], [ -121.884464, 37.38553 ], [ -121.886054, 37.387353 ] ] ] } },
{ "type": "Feature", "properties": { "STATEFP": "06", "COUNTYFP": "085", "TRACTCE": "500600", "GEOIDFQ": "1400000US06085500600", "GEOID": "06085500600", "NAME": "5006", "NAMELSAD": "Census Tract 5006", "STUSPS": "CA", "NAMELSADCO": "Santa Clara County", "STATE_NAME": "California", "LSAD": "CT", "ALAND": 1339632, "AWATER": 0, "centroid_lon": -121.91454792345326, "centroid_lat": 37.333421882626311, "B03002_001E": 5834, "B03002_001M": 814, "B03002_012E": 2234, "B03002_012M": 675, "B19013_001E": 136250, "B19013_001M": 22537, "B01003_001E": 5834, "state": "06", "county": "085", "tract": "500600", "latino_share": 0.38292766540966744, "camera_count": 2, "arterial_road_m": 6969.2714864761201, "land_area_km2": 1.339632, "pop_density_per_km2": 4354.9273233246149, "arterial_km_per_km2": 5.2023775831542691, "log_income": 11.822246712525491, "city": "San Jose" }, "geometry": { "type": "Polygon", "coordinates": [ [ [ -121.924053, 37.333954 ], [ -121.919273, 37.337584 ], [ -121.917636, 37.337671 ], [ -121.917116, 37.337962 ], [ -121.913401, 37.340642 ], [ -121.909255, 37.336841 ], [ -121.90381, 37.331903 ], [ -121.90473, 37.331862 ], [ -121.909812, 37.33162 ], [ -121.911829, 37.331553 ], [ -121.911923, 37.330777 ], [ -121.911844, 37.329699 ], [ -121.91158, 37.326009 ], [ -121.913791, 37.325905 ], [ -121.914428, 37.325978 ], [ -121.918672, 37.32949 ], [ -121.919079, 37.329829 ], [ -121.919243, 37.329967 ], [ -121.920013, 37.330602 ], [ -121.924053, 37.333954 ] ] ] } },
{ "type": "Feature", "properties": { "STATEFP": "06", "COUNTYFP": "085", "TRACTCE": "501700", "GEOIDFQ": "1400000US06085501700", "GEOID": "06085501700", "NAME": "5017", "NAMELSAD": "Census Tract 5017", "STUSPS": "CA", "NAMELSADCO": "Santa Clara County", "STATE_NAME": "California", "LSAD": "CT", "ALAND": 1115706, "AWATER": 0, "centroid_lon": -121.88643682772842, "centroid_lat": 37.323222127712327, "B03002_001E": 4507, "B03002_001M": 633, "B03002_012E": 3303, "B03002_012M": 615, "B19013_001E": 106354, "B19013_001M": 29776, "B01003_001E": 4507, "state": "06", "county": "085", "tract": "501700", "latino_share": 0.7328599955624584, "camera_count": 8, "arterial_road_m": 12641.644040623467, "land_area_km2": 1.115706, "pop_density_per_km2": 4039.5946602420349, "arterial_km_per_km2": 11.33062297829667, "log_income": 11.574528431580697, "city": "San Jose" }, "geometry": { "type": "Polygon", "coordinates": [ [ [ -121.892665, 37.328751 ], [ -121.888326, 37.330797 ], [ -121.885984, 37.330023 ], [ -121.884891, 37.328588 ], [ -121.884094, 37.327403 ], [ -121.883049, 37.326078 ], [ -121.881252, 37.323679 ], [ -121.880289, 37.322706 ], [ -121.878607, 37.321015 ], [ -121.882211, 37.318925 ], [ -121.885952, 37.316811 ], [ -121.886633, 37.316156 ], [ -121.887901, 37.315414 ], [ -121.888061, 37.315323 ], [ -121.889345, 37.317119 ], [ -121.88984, 37.318589 ], [ -121.890521, 37.320957 ], [ -121.89217, 37.323753 ], [ -121.892048, 37.323771 ], [ -121.890432, 37.324074 ], [ -121.890836, 37.32712 ], [ -121.892665, 37.328751 ] ] ] } },
{ "type": "Feature", "properties": { "STATEFP": "06", "COUNTYFP": "085", "TRACTCE": "501200", "GEOIDFQ": "1400000US06085501200", "GEOID": "06085501200", "NAME": "5012", "NAMELSAD": "Census Tract 5012", "STUSPS": "CA", "NAMELSADCO": "Santa Clara County", "STATE_NAME": "California", "LSAD": "CT", "ALAND": 831245, "AWATER": 0, "centroid_lon": -121.87878784937764, "centroid_lat": 37.346549579516157, "B03002_001E": 4490, "B03002_001M": 591, "B03002_012E": 2265, "B03002_012M": 371, "B19013_001E": 109208, "B19013_001M": 33503, "B01003_001E": 4490, "state": "06", "county": "085", "tract": "501200", "latino_share": 0.50445434298440983, "camera_count": 6, "arterial_road_m": 7753.1000026551119, "land_area_km2": 0.831245, "pop_density_per_km2": 5401.5362498421046, "arterial_km_per_km2": 9.3270936999983292, "log_income": 11.601009599682813, "city": "San Jose" }, "geometry": { "type": "Polygon", "coordinates": [ [ [ -121.885876, 37.347191 ], [ -121.882957, 37.348576 ], [ -121.881089, 37.349463 ], [ -121.878291, 37.350792 ], [ -121.87549, 37.352123 ], [ -121.874177, 37.352766 ], [ -121.874176, 37.352225 ], [ -121.873512, 37.350182 ], [ -121.87426, 37.345294 ], [ -121.873875, 37.344095 ], [ -121.87715, 37.342542 ], [ -121.881038, 37.340693 ], [ -121.883222, 37.343628 ], [ -121.885876, 37.347191 ] ] ] } },
{ "type": "Feature", "properties": { "STATEFP": "06", "COUNTYFP": "085", "TRACTCE": "501000", "GEOIDFQ": "1400000US06085501000", "GEOID": "06085501000", "NAME": "5010", "NAMELSAD": "Census Tract 5010", "STUSPS": "CA", "NAMELSADCO": "Santa Clara County", "STATE_NAME": "California", "LSAD": "CT", "ALAND": 802667, "AWATER": 0, "centroid_lon": -121.8880943233207, "centroid_lat": 37.34165181322075, "B03002_001E": 5102, "B03002_001M": 782, "B03002_012E": 2349, "B03002_012M": 626, "B19013_001E": 63291, "B19013_001M": 17194, "B01003_001E": 5102, "state": "06", "county": "085", "tract": "501000", "latino_share": 0.46040768326146608, "camera_count": 2, "arterial_road_m": 7174.4292316894416, "land_area_km2": 0.802667, "pop_density_per_km2": 6356.3096526953268, "arterial_km_per_km2": 8.9382386863910455, "log_income": 11.055498417928932, "city": "San Jose" }, "geometry": { "type": "Polygon", "coordinates": [ [ [ -121.894953, 37.342046 ], [ -121.892908, 37.34314 ], [ -121.892345, 37.344296 ], [ -121.890069, 37.34517 ], [ -121.885876, 37.347191 ], [ -121.883222, 37.343628 ], [ -121.881038, 37.340693 ], [ -121.885248, 37.338696 ], [ -121.887401, 37.33767 ], [ -121.890566, 37.336168 ], [ -121.893828, 37.340548 ], [ -121.894953, 37.342046 ] ] ] } },
{ "type": "Feature", "properties": { "STATEFP": "06", "COUNTYFP": "085", "TRACTCE": "503509", "GEOIDFQ": "1400000US06085503509", "GEOID": "06085503509", "NAME": "5035.09", "NAMELSAD": "Census Tract 5035.09", "STUSPS": "CA", "NAMELSADCO": "Santa Clara County", "STATE_NAME": "California", "LSAD": "CT", "ALAND": 1078698, "AWATER": 0, "centroid_lon": -121.80149860524638, "centroid_lat": 37.348739789752827, "B03002_001E": 4207, "B03002_001M": 803, "B03002_012E": 2689, "B03002_012M": 842, "B19013_001E": 156339, "B19013_001M": 19907, "B01003_001E": 4207, "state": "06", "county": "085", "tract": "503509", "latino_share": 0.63917280722605185, "camera_count": 1, "arterial_road_m": 2410.4417589777368, "land_area_km2": 1.078698, "pop_density_per_km2": 3900.0721239865097, "arterial_km_per_km2": 2.2345844332498408, "log_income": 11.959782005438143, "city": "San Jose" }, "geometry": { "type": "Polygon", "coordinates": [ [ [ -121.811629, 37.347889 ], [ -121.805898, 37.351776 ], [ -121.803982, 37.354659 ], [ -121.804028, 37.355428 ], [ -121.801604, 37.355527 ], [ -121.801411, 37.353548 ], [ -121.799906, 37.352573 ], [ -121.79703, 37.350594 ], [ -121.794856, 37.349101 ], [ -121.794189, 37.348607 ], [ -121.79333, 37.348079 ], [ -121.790636, 37.346218 ], [ -121.796091, 37.343429 ], [ -121.797521, 37.34438 ], [ -121.798254, 37.344871 ], [ -121.802402, 37.347693 ], [ -121.804875, 37.346419 ], [ -121.808585, 37.344549 ], [ -121.808863, 37.34474 ], [ -121.811132, 37.347343 ], [ -121.811629, 37.347889 ] ] ] } },
{ "type": "Feature", "properties": { "STATEFP": "06", "COUNTYFP": "085", "TRACTCE": "506604", "GEOIDFQ": "1400000US06085506604", "GEOID": "06085506604", "NAME": "5066.04", "NAMELSAD": "Census Tract 5066.04", "STUSPS": "CA", "NAMELSADCO": "Santa Clara County", "STATE_NAME": "California", "LSAD": "CT", "ALAND": 2457342, "AWATER": 0, "centroid_lon": -121.98674213283464, "centroid_lat": 37.280809005460497, "B03002_001E": 6966, "B03002_001M": 1075, "B03002_012E": 731, "B03002_012M": 192, "B19013_001E": 186250, "B19013_001M": 17277, "B01003_001E": 6966, "state": "06", "county": "085", "tract": "506604", "latino_share": 0.10493827160493827, "camera_count": 4, "arterial_road_m": 7689.4531771573347, "land_area_km2": 2.457342, "pop_density_per_km2": 2834.7702517598282, "arterial_km_per_km2": 3.1291750098917182, "log_income": 12.134845136241806, "city": "San Jose" }, "geometry": { "type": "Polygon", "coordinates": [ [ [ -121.99951, 37.28467 ], [ -121.996349, 37.28782 ], [ -121.995259, 37.288799 ], [ -121.992147, 37.291635 ], [ -121.985415, 37.286627 ], [ -121.984469, 37.286344 ], [ -121.984115, 37.286238 ], [ -121.983107, 37.286049 ], [ -121.98239, 37.28595 ], [ -121.976615, 37.286093 ], [ -121.976615, 37.28599 ], [ -121.976624, 37.284361 ], [ -121.976631, 37.283601 ], [ -121.976584, 37.281839 ], [ -121.977399, 37.281836 ], [ -121.977277, 37.279143 ], [ -121.976602, 37.277885 ], [ -121.976679, 37.277356 ], [ -121.977554, 37.276536 ], [ -121.978106, 37.275345 ], [ -121.982087, 37.273619 ], [ -121.98292, 37.273431 ], [ -121.98533, 37.272359 ], [ -121.989146, 37.272736 ], [ -121.99063, 37.271673 ], [ -121.990815, 37.269659 ], [ -121.990655, 37.269106 ], [ -121.993661, 37.270491 ], [ -121.9941, 37.273749 ], [ -121.99427, 37.27608 ], [ -121.989497, 37.276231 ], [ -121.989608, 37.278641 ], [ -121.989675, 37.280227 ], [ -121.994359, 37.28012 ], [ -121.994313, 37.280536 ], [ -121.994392, 37.283289 ], [ -121.994466, 37.287062 ], [ -121.99852, 37.28403 ], [ -121.99951, 37.28467 ] ] ] } },
{ "type": "Feature", "properties": { "STATEFP": "06", "COUNTYFP": "085", "TRACTCE": "506603", "GEOIDFQ": "1400000US06085506603", "GEOID": "06085506603", "NAME": "5066.03", "NAMELSAD": "Census Tract 5066.03", "STUSPS": "CA", "NAMELSADCO": "Santa Clara County", "STATE_NAME": "California", "LSAD": "CT", "ALAND": 1279780, "AWATER": 0, "centroid_lon": -121.96941692587329, "centroid_lat": 37.282211931763861, "B03002_001E": 4336, "B03002_001M": 592, "B03002_012E": 439, "B03002_012M": 302, "B19013_001E": 250001, "B19013_001M": -333333333, "B01003_001E": 4336, "state": "06", "county": "085", "tract": "506603", "latino_share": 0.10124538745387454, "camera_count": 0, "arterial_road_m": 3447.6773608733893, "land_area_km2": 1.27978, "pop_density_per_km2": 3388.0823266498933, "arterial_km_per_km2": 2.6939609627228034, "log_income": 12.429220196836383, "city": "San Jose" }, "geometry": { "type": "Polygon", "coordinates": [ [ [ -121.977399, 37.281836 ], [ -121.976584, 37.281839 ], [ -121.976631, 37.283601 ], [ -121.976624, 37.284361 ], [ -121.976615, 37.28599 ], [ -121.974164, 37.286094 ], [ -121.96799, 37.28638 ], [ -121.967467, 37.286501 ], [ -121.965825, 37.286701 ], [ -121.960706, 37.28696 ], [ -121.96096, 37.28435 ], [ -121.960961, 37.283635 ], [ -121.963437, 37.279244 ], [ -121.964727, 37.278836 ], [ -121.965904, 37.278114 ], [ -121.970372, 37.277297 ], [ -121.97132, 37.27734 ], [ -121.976321, 37.277365 ], [ -121.976679, 37.277356 ], [ -121.976602, 37.277885 ], [ -121.977277, 37.279143 ], [ -121.977399, 37.281836 ] ] ] } },
{ "type": "Feature", "properties": { "STATEFP": "06", "COUNTYFP": "085", "TRACTCE": "503218", "GEOIDFQ": "1400000US06085503218", "GEOID": "06085503218", "NAME": "5032.18", "NAMELSAD": "Census Tract 5032.18", "STUSPS": "CA", "NAMELSADCO": "Santa Clara County", "STATE_NAME": "California", "LSAD": "CT", "ALAND": 590505, "AWATER": 0, "centroid_lon": -121.82999844614525, "centroid_lat": 37.280485853761284, "B03002_001E": 4587, "B03002_001M": 649, "B03002_012E": 3502, "B03002_012M": 592, "B19013_001E": 73297, "B19013_001M": 13064, "B01003_001E": 4587, "state": "06", "county": "085", "tract": "503218", "latino_share": 0.763461957706562, "camera_count": 0, "arterial_road_m": 3707.1510645723379, "land_area_km2": 0.590505, "pop_density_per_km2": 7767.927451926741, "arterial_km_per_km2": 6.2779334037346644, "log_income": 11.202274959342775, "city": "San Jose" }, "geometry": { "type": "Polygon", "coordinates": [ [ [ -121.837148, 37.280023 ], [ -121.834944, 37.281676 ], [ -121.834138, 37.283926 ], [ -121.832867, 37.283502 ], [ -121.831588, 37.283488 ], [ -121.827859, 37.282625 ], [ -121.82688, 37.282531 ], [ -121.823476, 37.282388 ], [ -121.82339, 37.279592 ], [ -121.823353, 37.278884 ], [ -121.824192, 37.278174 ], [ -121.824659, 37.278115 ], [ -121.826987, 37.278115 ], [ -121.832199, 37.278109 ], [ -121.835053, 37.277976 ], [ -121.83524, 37.277823 ], [ -121.837354, 37.27989 ], [ -121.837148, 37.280023 ] ] ] } },
{ "type": "Feature", "properties": { "STATEFP": "06", "COUNTYFP": "085", "TRACTCE": "500500", "GEOIDFQ": "1400000US06085500500", "GEOID": "06085500500", "NAME": "5005", "NAMELSAD": "Census Tract 5005", "STUSPS": "CA", "NAMELSADCO": "Santa Clara County", "STATE_NAME": "California", "LSAD": "CT", "ALAND": 2130403, "AWATER": 0, "centroid_lon": -121.92786481941984, "centroid_lat": 37.329948306919071, "B03002_001E": 5661, "B03002_001M": 797, "B03002_012E": 1242, "B03002_012M": 684, "B19013_001E": 177625, "B19013_001M": 29129, "B01003_001E": 5661, "state": "06", "county": "085", "tract": "500500", "latino_share": 0.21939586645468998, "camera_count": 1, "arterial_road_m": 10342.729658371039, "land_area_km2": 2.130403, "pop_density_per_km2": 2657.2437233706487, "arterial_km_per_km2": 4.8548230820042217, "log_income": 12.087429865399402, "city": "San Jose" }, "geometry": { "type": "Polygon", "coordinates": [ [ [ -121.94074, 37.329164 ], [ -121.940482, 37.330246 ], [ -121.939334, 37.332076 ], [ -121.936354, 37.334351 ], [ -121.933151, 37.336833 ], [ -121.930351, 37.33912 ], [ -121.924053, 37.333954 ], [ -121.920013, 37.330602 ], [ -121.919243, 37.329967 ], [ -121.919079, 37.329829 ], [ -121.918672, 37.32949 ], [ -121.914428, 37.325978 ], [ -121.913791, 37.325905 ], [ -121.913747, 37.323489 ], [ -121.918976, 37.323453 ], [ -121.919933, 37.323449 ], [ -121.922762, 37.323435 ], [ -121.924935, 37.323425 ], [ -121.925855, 37.32342 ], [ -121.926772, 37.323415 ], [ -121.926791, 37.325325 ], [ -121.926809, 37.326876 ], [ -121.931987, 37.326913 ], [ -121.931993, 37.327053 ], [ -121.936014, 37.327081 ], [ -121.940752, 37.327177 ], [ -121.94074, 37.329164 ] ] ] } },
{ "type": "Feature", "properties": { "STATEFP": "06", "COUNTYFP": "085", "TRACTCE": "503122", "GEOIDFQ": "1400000US06085503122", "GEOID": "06085503122", "NAME": "5031.22", "NAMELSAD": "Census Tract 5031.22", "STUSPS": "CA", "NAMELSADCO": "Santa Clara County", "STATE_NAME": "California", "LSAD": "CT", "ALAND": 3644757, "AWATER": 0, "centroid_lon": -121.85693168028304, "centroid_lat": 37.312496169121061, "B03002_001E": 3349, "B03002_001M": 465, "B03002_012E": 1040, "B03002_012M": 351, "B19013_001E": 48750, "B19013_001M": 20294, "B01003_001E": 3349, "state": "06", "county": "085", "tract": "503122", "latino_share": 0.31054045983875783, "camera_count": 7, "arterial_road_m": 19394.927687018702, "land_area_km2": 3.644757, "pop_density_per_km2": 918.85412388260727, "arterial_km_per_km2": 5.3213225702066564, "log_income": 10.794460476425993, "city": "San Jose" }, "geometry": { "type": "Polygon", "coordinates": [ [ [ -121.873825, 37.316469 ], [ -121.871388, 37.317624 ], [ -121.870623, 37.317977 ], [ -121.868702, 37.318398 ], [ -121.86217, 37.32151 ], [ -121.861884, 37.32168 ], [ -121.856564, 37.316213 ], [ -121.854901, 37.31732 ], [ -121.854426, 37.317331 ], [ -121.851804, 37.320616 ], [ -121.849394, 37.322039 ], [ -121.845324, 37.31791 ], [ -121.843304, 37.315907 ], [ -121.840205, 37.312787 ], [ -121.840863, 37.312371 ], [ -121.843983, 37.31036 ], [ -121.847654, 37.307959 ], [ -121.850268, 37.306171 ], [ -121.852777, 37.304512 ], [ -121.854241, 37.303427 ], [ -121.857671, 37.301118 ], [ -121.858388, 37.300657 ], [ -121.861287, 37.303522 ], [ -121.868563, 37.310812 ], [ -121.870667, 37.312961 ], [ -121.874022, 37.316377 ], [ -121.873825, 37.316469 ] ] ] } },
{ "type": "Feature", "properties": { "STATEFP": "06", "COUNTYFP": "085", "TRACTCE": "503105", "GEOIDFQ": "1400000US06085503105", "GEOID": "06085503105", "NAME": "5031.05", "NAMELSAD": "Census Tract 5031.05", "STUSPS": "CA", "NAMELSADCO": "Santa Clara County", "STATE_NAME": "California", "LSAD": "CT", "ALAND": 1757118, "AWATER": 0, "centroid_lon": -121.85874978884384, "centroid_lat": 37.326225597226902, "B03002_001E": 2028, "B03002_001M": 236, "B03002_012E": 613, "B03002_012M": 160, "B19013_001E": 60588, "B19013_001M": 23318, "B01003_001E": 2028, "state": "06", "county": "085", "tract": "503105", "latino_share": 0.30226824457593687, "camera_count": 3, "arterial_road_m": 7043.1408932658942, "land_area_km2": 1.757118, "pop_density_per_km2": 1154.1626686426296, "arterial_km_per_km2": 4.0083482687365874, "log_income": 11.011852132646917, "city": "San Jose" }, "geometry": { "type": "Polygon", "coordinates": [ [ [ -121.868261, 37.329513 ], [ -121.86516, 37.331385 ], [ -121.857157, 37.336268 ], [ -121.853638, 37.332736 ], [ -121.855482, 37.331504 ], [ -121.857459, 37.330169 ], [ -121.850833, 37.323469 ], [ -121.849394, 37.322039 ], [ -121.851804, 37.320616 ], [ -121.854426, 37.317331 ], [ -121.854901, 37.31732 ], [ -121.856564, 37.316213 ], [ -121.861884, 37.32168 ], [ -121.865281, 37.325215 ], [ -121.865626, 37.325769 ], [ -121.865791, 37.325691 ], [ -121.866099, 37.326667 ], [ -121.867889, 37.328572 ], [ -121.868261, 37.329513 ] ] ] } },
{ "type": "Feature", "properties": { "STATEFP": "06", "COUNTYFP": "085", "TRACTCE": "501501", "GEOIDFQ": "1400000US06085501501", "GEOID": "06085501501", "NAME": "5015.01", "NAMELSAD": "Census Tract 5015.01", "STUSPS": "CA", "NAMELSADCO": "Santa Clara County", "STATE_NAME": "California", "LSAD": "CT", "ALAND": 623555, "AWATER": 0, "centroid_lon": -121.85832772843875, "centroid_lat": 37.341625116407073, "B03002_001E": 4015, "B03002_001M": 570, "B03002_012E": 2091, "B03002_012M": 344, "B19013_001E": 74931, "B19013_001M": 21075, "B01003_001E": 4015, "state": "06", "county": "085", "tract": "501501", "latino_share": 0.52079701120797006, "camera_count": 4, "arterial_road_m": 4623.2497224784638, "land_area_km2": 0.623555, "pop_density_per_km2": 6438.8867060644216, "arterial_km_per_km2": 7.4143415135448585, "log_income": 11.224322969058706, "city": "San Jose" }, "geometry": { "type": "Polygon", "coordinates": [ [ [ -121.864846, 37.344042 ], [ -121.860425, 37.346196 ], [ -121.859173, 37.346813 ], [ -121.857534, 37.345067 ], [ -121.854657, 37.342197 ], [ -121.851958, 37.339492 ], [ -121.857157, 37.336268 ], [ -121.859961, 37.33905 ], [ -121.861224, 37.340402 ], [ -121.862263, 37.341386 ], [ -121.864846, 37.344042 ] ] ] } },
{ "type": "Feature", "properties": { "STATEFP": "06", "COUNTYFP": "085", "TRACTCE": "503402", "GEOIDFQ": "1400000US06085503402", "GEOID": "06085503402", "NAME": "5034.02", "NAMELSAD": "Census Tract 5034.02", "STUSPS": "CA", "NAMELSADCO": "Santa Clara County", "STATE_NAME": "California", "LSAD": "CT", "ALAND": 728586, "AWATER": 0, "centroid_lon": -121.83293105383554, "centroid_lat": 37.32420263565119, "B03002_001E": 4594, "B03002_001M": 880, "B03002_012E": 2810, "B03002_012M": 898, "B19013_001E": 77153, "B19013_001M": 40378, "B01003_001E": 4594, "state": "06", "county": "085", "tract": "503402", "latino_share": 0.61166739225076183, "camera_count": 1, "arterial_road_m": 5320.907684570745, "land_area_km2": 0.728586, "pop_density_per_km2": 6305.3640887966558, "arterial_km_per_km2": 7.3030605646701217, "log_income": 11.253545742323693, "city": "San Jose" }, "geometry": { "type": "Polygon", "coordinates": [ [ [ -121.840183, 37.327249 ], [ -121.836705, 37.329635 ], [ -121.833859, 37.326883 ], [ -121.831756, 37.328287 ], [ -121.830305, 37.326829 ], [ -121.830089, 37.32661 ], [ -121.829243, 37.325759 ], [ -121.828937, 37.325449 ], [ -121.825893, 37.322371 ], [ -121.831763, 37.318457 ], [ -121.834141, 37.320916 ], [ -121.836283, 37.323114 ], [ -121.836761, 37.323582 ], [ -121.840183, 37.327249 ] ] ] } },
{ "type": "Feature", "properties": { "STATEFP": "06", "COUNTYFP": "085", "TRACTCE": "512034", "GEOIDFQ": "1400000US06085512034", "GEOID": "06085512034", "NAME": "5120.34", "NAMELSAD": "Census Tract 5120.34", "STUSPS": "CA", "NAMELSADCO": "Santa Clara County", "STATE_NAME": "California", "LSAD": "CT", "ALAND": 1043039, "AWATER": 0, "centroid_lon": -121.77077398695494, "centroid_lat": 37.229343487451615, "B03002_001E": 2958, "B03002_001M": 311, "B03002_012E": 877, "B03002_012M": 232, "B19013_001E": 163462, "B19013_001M": 35615, "B01003_001E": 2958, "state": "06", "county": "085", "tract": "512034", "latino_share": 0.29648411088573362, "camera_count": 3, "arterial_road_m": 5235.9960771946162, "land_area_km2": 1.043039, "pop_density_per_km2": 2835.9438141814448, "arterial_km_per_km2": 5.0199427607161535, "log_income": 12.004335826404542, "city": "San Jose" }, "geometry": { "type": "Polygon", "coordinates": [ [ [ -121.776844, 37.226864 ], [ -121.772658, 37.231497 ], [ -121.7724, 37.233701 ], [ -121.773493, 37.236811 ], [ -121.773072, 37.238033 ], [ -121.768882, 37.235536 ], [ -121.768706, 37.235438 ], [ -121.7693, 37.234901 ], [ -121.763685, 37.231966 ], [ -121.766485, 37.226763 ], [ -121.767238, 37.224055 ], [ -121.772799, 37.225072 ], [ -121.773122, 37.224401 ], [ -121.774442, 37.222702 ], [ -121.778987, 37.224585 ], [ -121.776844, 37.226864 ] ] ] } },
{ "type": "Feature", "properties": { "STATEFP": "06", "COUNTYFP": "085", "TRACTCE": "512023", "GEOIDFQ": "1400000US06085512023", "GEOID": "06085512023", "NAME": "5120.23", "NAMELSAD": "Census Tract 5120.23", "STUSPS": "CA", "NAMELSADCO": "Santa Clara County", "STATE_NAME": "California", "LSAD": "CT", "ALAND": 949056, "AWATER": 0, "centroid_lon": -121.82433875464011, "centroid_lat": 37.255055959437826, "B03002_001E": 5431, "B03002_001M": 614, "B03002_012E": 2383, "B03002_012M": 476, "B19013_001E": 114000, "B19013_001M": 27474, "B01003_001E": 5431, "state": "06", "county": "085", "tract": "512023", "latino_share": 0.43877738906278768, "camera_count": 1, "arterial_road_m": 3989.9132707776416, "land_area_km2": 0.949056, "pop_density_per_km2": 5722.5284914694175, "arterial_km_per_km2": 4.2040862401983041, "log_income": 11.643953727376633, "city": "San Jose" }, "geometry": { "type": "Polygon", "coordinates": [ [ [ -121.830906, 37.258772 ], [ -121.828988, 37.258785 ], [ -121.823309, 37.258857 ], [ -121.819358, 37.258884 ], [ -121.817826, 37.257032 ], [ -121.817589, 37.256384 ], [ -121.817608, 37.252572 ], [ -121.817494, 37.251459 ], [ -121.821818, 37.251426 ], [ -121.825074, 37.251398 ], [ -121.830838, 37.251288 ], [ -121.830811, 37.25477 ], [ -121.830824, 37.255871 ], [ -121.83084, 37.257019 ], [ -121.830906, 37.258772 ] ] ] } },
{ "type": "Feature", "properties": { "STATEFP": "06", "COUNTYFP": "085", "TRACTCE": "511910", "GEOIDFQ": "1400000US06085511910", "GEOID": "06085511910", "NAME": "5119.10", "NAMELSAD": "Census Tract 5119.10", "STUSPS": "CA", "NAMELSADCO": "Santa Clara County", "STATE_NAME": "California", "LSAD": "CT", "ALAND": 2268922, "AWATER": 0, "centroid_lon": -121.86941911006365, "centroid_lat": 37.212997034810762, "B03002_001E": 3121, "B03002_001M": 426, "B03002_012E": 154, "B03002_012M": 107, "B19013_001E": 250001, "B19013_001M": -333333333, "B01003_001E": 3121, "state": "06", "county": "085", "tract": "511910", "latino_share": 0.049343159243832105, "camera_count": 1, "arterial_road_m": 1281.6585927926526, "land_area_km2": 2.268922, "pop_density_per_km2": 1375.5430993220571, "arterial_km_per_km2": 0.56487556328188138, "log_income": 12.429220196836383, "city": "San Jose" }, "geometry": { "type": "Polygon", "coordinates": [ [ [ -121.881345, 37.221896 ], [ -121.876552, 37.221994 ], [ -121.872575, 37.222088 ], [ -121.869602, 37.222151 ], [ -121.867314, 37.221353 ], [ -121.867205, 37.214833 ], [ -121.865684, 37.214836 ], [ -121.862869, 37.213738 ], [ -121.86023, 37.2103 ], [ -121.857798, 37.210288 ], [ -121.858902, 37.207939 ], [ -121.85879, 37.204448 ], [ -121.859551, 37.204348 ], [ -121.863172, 37.204353 ], [ -121.867884, 37.204917 ], [ -121.869988, 37.204294 ], [ -121.873878, 37.205858 ], [ -121.87162, 37.207439 ], [ -121.873716, 37.208492 ], [ -121.874047, 37.209928 ], [ -121.875733, 37.21138 ], [ -121.875543, 37.214671 ], [ -121.877474, 37.215874 ], [ -121.87788, 37.217795 ], [ -121.88126, 37.220046 ], [ -121.882074, 37.221706 ], [ -121.881345, 37.221896 ] ] ] } },
{ "type": "Feature", "properties": { "STATEFP": "06", "COUNTYFP": "085", "TRACTCE": "504002", "GEOIDFQ": "1400000US06085504002", "GEOID": "06085504002", "NAME": "5040.02", "NAMELSAD": "Census Tract 5040.02", "STUSPS": "CA", "NAMELSADCO": "Santa Clara County", "STATE_NAME": "California", "LSAD": "CT", "ALAND": 1026358, "AWATER": 0, "centroid_lon": -121.83405252873574, "centroid_lat": 37.35465788432569, "B03002_001E": 6358, "B03002_001M": 1147, "B03002_012E": 3615, "B03002_012M": 555, "B19013_001E": 89720, "B19013_001M": 19107, "B01003_001E": 6358, "state": "06", "county": "085", "tract": "504002", "latino_share": 0.56857502359232459, "camera_count": 2, "arterial_road_m": 6715.3651959938161, "land_area_km2": 1.026358, "pop_density_per_km2": 6194.7195812767077, "arterial_km_per_km2": 6.5429072467831064, "log_income": 11.404448988634144, "city": "San Jose" }, "geometry": { "type": "Polygon", "coordinates": [ [ [ -121.840908, 37.359656 ], [ -121.835192, 37.362334 ], [ -121.833063, 37.359587 ], [ -121.831108, 37.356769 ], [ -121.830816, 37.355345 ], [ -121.83008, 37.354993 ], [ -121.829067, 37.354188 ], [ -121.827118, 37.351127 ], [ -121.827006, 37.350833 ], [ -121.830599, 37.348379 ], [ -121.832647, 37.346986 ], [ -121.834369, 37.348827 ], [ -121.836786, 37.351401 ], [ -121.837798, 37.352481 ], [ -121.837878, 37.354077 ], [ -121.838531, 37.355648 ], [ -121.840908, 37.359656 ] ] ] } },
{ "type": "Feature", "properties": { "STATEFP": "06", "COUNTYFP": "085", "TRACTCE": "503306", "GEOIDFQ": "1400000US06085503306", "GEOID": "06085503306", "NAME": "5033.06", "NAMELSAD": "Census Tract 5033.06", "STUSPS": "CA", "NAMELSADCO": "Santa Clara County", "STATE_NAME": "California", "LSAD": "CT", "ALAND": 1667566, "AWATER": 0, "centroid_lon": -121.82215902865796, "centroid_lat": 37.331424103692349, "B03002_001E": 4005, "B03002_001M": 574, "B03002_012E": 1390, "B03002_012M": 331, "B19013_001E": 113906, "B19013_001M": 40931, "B01003_001E": 4005, "state": "06", "county": "085", "tract": "503306", "latino_share": 0.34706616729088641, "camera_count": 2, "arterial_road_m": 5473.7974600153912, "land_area_km2": 1.667566, "pop_density_per_km2": 2401.704040499746, "arterial_km_per_km2": 3.2825072351051721, "log_income": 11.643128825835381, "city": "San Jose" }, "geometry": { "type": "Polygon", "coordinates": [ [ [ -121.831756, 37.328287 ], [ -121.829677, 37.329697 ], [ -121.824833, 37.332979 ], [ -121.82405, 37.333509 ], [ -121.826515, 37.334019 ], [ -121.828103, 37.335508 ], [ -121.826323, 37.336712 ], [ -121.821511, 37.339952 ], [ -121.820054, 37.340738 ], [ -121.81998, 37.340597 ], [ -121.817439, 37.337819 ], [ -121.81411, 37.333091 ], [ -121.813986, 37.332913 ], [ -121.812756, 37.331249 ], [ -121.812859, 37.331179 ], [ -121.823752, 37.323819 ], [ -121.825893, 37.322371 ], [ -121.828937, 37.325449 ], [ -121.829243, 37.325759 ], [ -121.830089, 37.32661 ], [ -121.830305, 37.326829 ], [ -121.831756, 37.328287 ] ] ] } },
{ "type": "Feature", "properties": { "STATEFP": "06", "COUNTYFP": "085", "TRACTCE": "503003", "GEOIDFQ": "1400000US06085503003", "GEOID": "06085503003", "NAME": "5030.03", "NAMELSAD": "Census Tract 5030.03", "STUSPS": "CA", "NAMELSADCO": "Santa Clara County", "STATE_NAME": "California", "LSAD": "CT", "ALAND": 1938825, "AWATER": 0, "centroid_lon": -121.88505545541044, "centroid_lat": 37.267482228415318, "B03002_001E": 5071, "B03002_001M": 450, "B03002_012E": 946, "B03002_012M": 373, "B19013_001E": 193542, "B19013_001M": 29379, "B01003_001E": 5071, "state": "06", "county": "085", "tract": "503003", "latino_share": 0.18655097613882862, "camera_count": 1, "arterial_road_m": 8518.052089946028, "land_area_km2": 1.938825, "pop_density_per_km2": 2615.5016569313889, "arterial_km_per_km2": 4.3934094567307662, "log_income": 12.173249822162671, "city": "San Jose" }, "geometry": { "type": "Polygon", "coordinates": [ [ [ -121.894021, 37.271258 ], [ -121.885885, 37.273403 ], [ -121.877855, 37.275517 ], [ -121.876789, 37.2757 ], [ -121.876281, 37.274587 ], [ -121.878056, 37.272583 ], [ -121.878123, 37.271141 ], [ -121.878073, 37.268275 ], [ -121.877188, 37.265769 ], [ -121.875611, 37.263275 ], [ -121.876587, 37.262998 ], [ -121.876679, 37.262985 ], [ -121.87825, 37.26268 ], [ -121.885328, 37.260693 ], [ -121.890285, 37.259372 ], [ -121.891554, 37.262468 ], [ -121.89265, 37.265152 ], [ -121.89377, 37.26788 ], [ -121.89496, 37.270796 ], [ -121.894021, 37.271258 ] ] ] } },
{ "type": "Feature", "properties": { "STATEFP": "06", "COUNTYFP": "085", "TRACTCE": "502901", "GEOIDFQ": "1400000US06085502901", "GEOID": "06085502901", "NAME": "5029.01", "NAMELSAD": "Census Tract 5029.01", "STUSPS": "CA", "NAMELSADCO": "Santa Clara County", "STATE_NAME": "California", "LSAD": "CT", "ALAND": 1882495, "AWATER": 0, "centroid_lon": -121.9270579258561, "centroid_lat": 37.271387393228096, "B03002_001E": 6199, "B03002_001M": 851, "B03002_012E": 1588, "B03002_012M": 709, "B19013_001E": 142330, "B19013_001M": 58783, "B01003_001E": 6199, "state": "06", "county": "085", "tract": "502901", "latino_share": 0.25617035005646072, "camera_count": 0, "arterial_road_m": 5986.307016722033, "land_area_km2": 1.882495, "pop_density_per_km2": 3292.9702336526789, "arterial_km_per_km2": 3.1799856130943418, "log_income": 11.865903584064672, "city": "San Jose" }, "geometry": { "type": "Polygon", "coordinates": [ [ [ -121.933831, 37.274667 ], [ -121.932313, 37.277243 ], [ -121.931642, 37.280181 ], [ -121.930034, 37.280247 ], [ -121.92705, 37.281482 ], [ -121.92416, 37.280545 ], [ -121.923544, 37.281419 ], [ -121.922455, 37.282627 ], [ -121.923501, 37.278353 ], [ -121.923113, 37.276803 ], [ -121.921484, 37.274366 ], [ -121.920896, 37.273384 ], [ -121.920843, 37.271511 ], [ -121.920843, 37.270304 ], [ -121.922137, 37.267602 ], [ -121.922224, 37.267402 ], [ -121.922322, 37.267001 ], [ -121.922321, 37.261749 ], [ -121.925904, 37.261743 ], [ -121.928529, 37.26174 ], [ -121.931411, 37.261742 ], [ -121.931609, 37.269474 ], [ -121.931908, 37.270217 ], [ -121.932917, 37.272551 ], [ -121.933831, 37.274667 ] ] ] } },
{ "type": "Feature", "properties": { "STATEFP": "06", "COUNTYFP": "085", "TRACTCE": "502302", "GEOIDFQ": "1400000US06085502302", "GEOID": "06085502302", "NAME": "5023.02", "NAMELSAD": "Census Tract 5023.02", "STUSPS": "CA", "NAMELSADCO": "Santa Clara County", "STATE_NAME": "California", "LSAD": "CT", "ALAND": 674195, "AWATER": 0, "centroid_lon": -121.90841055236301, "centroid_lat": 37.308271081446151, "B03002_001E": 3417, "B03002_001M": 568, "B03002_012E": 1488, "B03002_012M": 448, "B19013_001E": 122429, "B19013_001M": 8433, "B01003_001E": 3417, "state": "06", "county": "085", "tract": "502302", "latino_share": 0.43546971027216858, "camera_count": 1, "arterial_road_m": 1900.6830259892361, "land_area_km2": 0.674195, "pop_density_per_km2": 5068.2665994259823, "arterial_km_per_km2": 2.8191888489075652, "log_income": 11.715286549101908, "city": "San Jose" }, "geometry": { "type": "Polygon", "coordinates": [ [ [ -121.913856, 37.310788 ], [ -121.912938, 37.310999 ], [ -121.90692, 37.311062 ], [ -121.904144, 37.312624 ], [ -121.903923, 37.312416 ], [ -121.903625, 37.311995 ], [ -121.901651, 37.309266 ], [ -121.901078, 37.308468 ], [ -121.903848, 37.307203 ], [ -121.904761, 37.306787 ], [ -121.910453, 37.304209 ], [ -121.910981, 37.303973 ], [ -121.913602, 37.303883 ], [ -121.913628, 37.307067 ], [ -121.913629, 37.307159 ], [ -121.913629, 37.307859 ], [ -121.913657, 37.31009 ], [ -121.913856, 37.310788 ] ] ] } },
{ "type": "Feature", "properties": { "STATEFP": "06", "COUNTYFP": "085", "TRACTCE": "504318", "GEOIDFQ": "1400000US06085504318", "GEOID": "06085504318", "NAME": "5043.18", "NAMELSAD": "Census Tract 5043.18", "STUSPS": "CA", "NAMELSADCO": "Santa Clara County", "STATE_NAME": "California", "LSAD": "CT", "ALAND": 4364443, "AWATER": 0, "centroid_lon": -121.89573006523999, "centroid_lat": 37.37685102208733, "B03002_001E": 7161, "B03002_001M": 1113, "B03002_012E": 2144, "B03002_012M": 962, "B19013_001E": 111042, "B19013_001M": 29393, "B01003_001E": 7161, "state": "06", "county": "085", "tract": "504318", "latino_share": 0.29939952520597685, "camera_count": 9, "arterial_road_m": 29888.572796284068, "land_area_km2": 4.364443, "pop_density_per_km2": 1640.7591988256006, "arterial_km_per_km2": 6.8481986810880731, "log_income": 11.617663787105803, "city": "San Jose" }, "geometry": { "type": "Polygon", "coordinates": [ [ [ -121.908901, 37.401725 ], [ -121.905633, 37.404322 ], [ -121.902863, 37.404407 ], [ -121.902787, 37.40028 ], [ -121.901527, 37.393694 ], [ -121.900683, 37.389622 ], [ -121.897907, 37.385785 ], [ -121.89586, 37.382745 ], [ -121.895446, 37.381868 ], [ -121.895593, 37.377681 ], [ -121.895367, 37.377706 ], [ -121.892496, 37.377829 ], [ -121.891003, 37.376922 ], [ -121.889422, 37.374891 ], [ -121.889051, 37.373484 ], [ -121.888289, 37.372555 ], [ -121.887964, 37.372258 ], [ -121.887121, 37.371493 ], [ -121.884572, 37.369751 ], [ -121.880698, 37.368007 ], [ -121.878413, 37.366831 ], [ -121.877993, 37.366507 ], [ -121.877228, 37.36587 ], [ -121.874653, 37.36332 ], [ -121.876826, 37.361815 ], [ -121.877331, 37.361215 ], [ -121.877449, 37.36108 ], [ -121.879993, 37.361617 ], [ -121.884697, 37.3622 ], [ -121.885907, 37.362328 ], [ -121.891472, 37.362901 ], [ -121.900293, 37.363662 ], [ -121.90178, 37.364029 ], [ -121.901665, 37.364245 ], [ -121.901138, 37.365904 ], [ -121.901014, 37.367246 ], [ -121.90103, 37.367954 ], [ -121.906507, 37.391399 ], [ -121.908901, 37.401725 ] ] ] } },
{ "type": "Feature", "properties": { "STATEFP": "06", "COUNTYFP": "085", "TRACTCE": "512057", "GEOIDFQ": "1400000US06085512057", "GEOID": "06085512057", "NAME": "5120.57", "NAMELSAD": "Census Tract 5120.57", "STUSPS": "CA", "NAMELSADCO": "Santa Clara County", "STATE_NAME": "California", "LSAD": "CT", "ALAND": 1371512, "AWATER": 0, "centroid_lon": -121.82292877695812, "centroid_lat": 37.273775504862712, "B03002_001E": 4566, "B03002_001M": 960, "B03002_012E": 2536, "B03002_012M": 810, "B19013_001E": 143831, "B19013_001M": 33168, "B01003_001E": 4566, "state": "06", "county": "085", "tract": "512057", "latino_share": 0.55540954883924665, "camera_count": 0, "arterial_road_m": 4405.6456511605229, "land_area_km2": 1.371512, "pop_density_per_km2": 3329.1724753410831, "arterial_km_per_km2": 3.2122545418199202, "log_income": 11.876394278226202, "city": "San Jose" }, "geometry": { "type": "Polygon", "coordinates": [ [ [ -121.835053, 37.277976 ], [ -121.832199, 37.278109 ], [ -121.826987, 37.278115 ], [ -121.824659, 37.278115 ], [ -121.824192, 37.278174 ], [ -121.823353, 37.278884 ], [ -121.821269, 37.276932 ], [ -121.817527, 37.276364 ], [ -121.813966, 37.276869 ], [ -121.813783, 37.276371 ], [ -121.814165, 37.27338 ], [ -121.814238, 37.272045 ], [ -121.813649, 37.269185 ], [ -121.815679, 37.269195 ], [ -121.818514, 37.269695 ], [ -121.819978, 37.269292 ], [ -121.822106, 37.26743 ], [ -121.82905, 37.272403 ], [ -121.831086, 37.273821 ], [ -121.831173, 37.273889 ], [ -121.833828, 37.276491 ], [ -121.83524, 37.277823 ], [ -121.835053, 37.277976 ] ] ] } },
{ "type": "Feature", "properties": { "STATEFP": "06", "COUNTYFP": "085", "TRACTCE": "503338", "GEOIDFQ": "1400000US06085503338", "GEOID": "06085503338", "NAME": "5033.38", "NAMELSAD": "Census Tract 5033.38", "STUSPS": "CA", "NAMELSADCO": "Santa Clara County", "STATE_NAME": "California", "LSAD": "CT", "ALAND": 9400706, "AWATER": 0, "centroid_lon": -121.76969676348618, "centroid_lat": 37.276823585958539, "B03002_001E": 4100, "B03002_001M": 504, "B03002_012E": 222, "B03002_012M": 154, "B19013_001E": 250001, "B19013_001M": -333333333, "B01003_001E": 4100, "state": "06", "county": "085", "tract": "503338", "latino_share": 0.054146341463414634, "camera_count": 8, "arterial_road_m": 12813.180959607946, "land_area_km2": 9.400706, "pop_density_per_km2": 436.1374560591513, "arterial_km_per_km2": 1.3630019872558452, "log_income": 12.429220196836383, "city": "San Jose" }, "geometry": { "type": "Polygon", "coordinates": [ [ [ -121.81016, 37.294668 ], [ -121.80318, 37.299608 ], [ -121.802691, 37.299771 ], [ -121.800729, 37.299698 ], [ -121.798278, 37.298139 ], [ -121.795389, 37.297802 ], [ -121.787559, 37.294854 ], [ -121.785092, 37.296071 ], [ -121.784491, 37.295539 ], [ -121.782248, 37.290074 ], [ -121.775852, 37.285283 ], [ -121.773749, 37.284106 ], [ -121.767804, 37.279625 ], [ -121.764996, 37.276527 ], [ -121.76226, 37.275708 ], [ -121.757996, 37.272919 ], [ -121.755546, 37.270463 ], [ -121.752751, 37.269937 ], [ -121.751234, 37.270307 ], [ -121.749846, 37.272254 ], [ -121.744347, 37.27298 ], [ -121.741423, 37.271301 ], [ -121.738497, 37.268702 ], [ -121.734167, 37.266965 ], [ -121.731056, 37.264875 ], [ -121.727571, 37.264056 ], [ -121.730847, 37.255124 ], [ -121.733432, 37.248829 ], [ -121.738559, 37.252843 ], [ -121.746303, 37.25852 ], [ -121.762596, 37.268344 ], [ -121.763109, 37.268719 ], [ -121.765656, 37.268791 ], [ -121.767656, 37.271723 ], [ -121.772236, 37.271264 ], [ -121.772388, 37.274963 ], [ -121.775837, 37.278566 ], [ -121.775547, 37.279148 ], [ -121.780201, 37.280275 ], [ -121.781451, 37.279621 ], [ -121.787718, 37.28032 ], [ -121.789649, 37.281689 ], [ -121.794531, 37.281475 ], [ -121.796786, 37.28224 ], [ -121.79975, 37.284064 ], [ -121.809033, 37.28605 ], [ -121.809566, 37.286033 ], [ -121.809829, 37.290313 ], [ -121.810144, 37.294512 ], [ -121.81016, 37.294668 ] ] ] } },
{ "type": "Feature", "properties": { "STATEFP": "06", "COUNTYFP": "085", "TRACTCE": "506505", "GEOIDFQ": "1400000US06085506505", "GEOID": "06085506505", "NAME": "5065.05", "NAMELSAD": "Census Tract 5065.05", "STUSPS": "CA", "NAMELSADCO": "Santa Clara County", "STATE_NAME": "California", "LSAD": "CT", "ALAND": 657483, "AWATER": 0, "centroid_lon": -121.95727056096719, "centroid_lat": 37.297721878442175, "B03002_001E": 4360, "B03002_001M": 633, "B03002_012E": 1794, "B03002_012M": 593, "B19013_001E": 118019, "B19013_001M": 32437, "B01003_001E": 4360, "state": "06", "county": "085", "tract": "506505", "latino_share": 0.41146788990825689, "camera_count": 4, "arterial_road_m": 2651.385206328855, "land_area_km2": 0.657483, "pop_density_per_km2": 6631.3501641867542, "arterial_km_per_km2": 4.0326292943374282, "log_income": 11.678600907435117, "city": "San Jose" }, "geometry": { "type": "Polygon", "coordinates": [ [ [ -121.964285, 37.301176 ], [ -121.959082, 37.301519 ], [ -121.958608, 37.301528 ], [ -121.95556, 37.301552 ], [ -121.954468, 37.301545 ], [ -121.954461, 37.298795 ], [ -121.954448, 37.296844 ], [ -121.949917, 37.296866 ], [ -121.949919, 37.295628 ], [ -121.9498, 37.29528 ], [ -121.9498, 37.29431 ], [ -121.96062, 37.29432 ], [ -121.96083, 37.29431 ], [ -121.961208, 37.296672 ], [ -121.961852, 37.297892 ], [ -121.964221, 37.300969 ], [ -121.964285, 37.301176 ] ] ] } },
{ "type": "Feature", "properties": { "STATEFP": "06", "COUNTYFP": "085", "TRACTCE": "512055", "GEOIDFQ": "1400000US06085512055", "GEOID": "06085512055", "NAME": "5120.55", "NAMELSAD": "Census Tract 5120.55", "STUSPS": "CA", "NAMELSADCO": "Santa Clara County", "STATE_NAME": "California", "LSAD": "CT", "ALAND": 677228, "AWATER": 0, "centroid_lon": -121.83580391275757, "centroid_lat": 37.269821495424473, "B03002_001E": 3314, "B03002_001M": 895, "B03002_012E": 867, "B03002_012M": 391, "B19013_001E": 118500, "B19013_001M": 22000, "B01003_001E": 3314, "state": "06", "county": "085", "tract": "512055", "latino_share": 0.2616173808086904, "camera_count": 1, "arterial_road_m": 2839.1244459947916, "land_area_km2": 0.677228, "pop_density_per_km2": 4893.4775289858062, "arterial_km_per_km2": 4.1922726851146015, "log_income": 11.682668239557323, "city": "San Jose" }, "geometry": { "type": "Polygon", "coordinates": [ [ [ -121.840953, 37.269628 ], [ -121.840796, 37.269996 ], [ -121.839591, 37.272249 ], [ -121.839513, 37.273011 ], [ -121.837542, 37.273173 ], [ -121.836308, 37.273663 ], [ -121.831086, 37.273821 ], [ -121.82905, 37.272403 ], [ -121.833522, 37.26934 ], [ -121.831932, 37.268 ], [ -121.831087, 37.26598 ], [ -121.832942, 37.266032 ], [ -121.841029, 37.265995 ], [ -121.840953, 37.269628 ] ] ] } },
{ "type": "Feature", "properties": { "STATEFP": "06", "COUNTYFP": "085", "TRACTCE": "505006", "GEOIDFQ": "1400000US06085505006", "GEOID": "06085505006", "NAME": "5050.06", "NAMELSAD": "Census Tract 5050.06", "STUSPS": "CA", "NAMELSADCO": "Santa Clara County", "STATE_NAME": "California", "LSAD": "CT", "ALAND": 14249042, "AWATER": 0, "centroid_lon": -121.92118064101849, "centroid_lat": 37.393587970189294, "B03002_001E": 11354, "B03002_001M": 1374, "B03002_012E": 385, "B03002_012M": 237, "B19013_001E": 223900, "B19013_001M": 27358, "B01003_001E": 11354, "state": "06", "county": "085", "tract": "505006", "latino_share": 0.033908754623921088, "camera_count": 17, "arterial_road_m": 118734.33787218924, "land_area_km2": 14.249042, "pop_density_per_km2": 796.82549886511674, "arterial_km_per_km2": 8.3327944343338487, "log_income": 12.318954802586846, "city": "San Jose" }, "geometry": { "type": "Polygon", "coordinates": [ [ [ -121.941725, 37.376648 ], [ -121.940542, 37.378549 ], [ -121.938415, 37.380203 ], [ -121.938121, 37.381717 ], [ -121.935639, 37.38548 ], [ -121.936068, 37.387062 ], [ -121.939621, 37.390611 ], [ -121.940655, 37.395672 ], [ -121.936129, 37.397375 ], [ -121.939509, 37.402027 ], [ -121.934964, 37.404422 ], [ -121.934232, 37.404635 ], [ -121.934398, 37.405247 ], [ -121.935215, 37.40719 ], [ -121.936592, 37.410954 ], [ -121.937158, 37.412509 ], [ -121.932209, 37.413435 ], [ -121.930922, 37.413261 ], [ -121.923964, 37.411045 ], [ -121.922974, 37.411035 ], [ -121.925606, 37.413138 ], [ -121.926026, 37.414616 ], [ -121.928113, 37.415539 ], [ -121.930131, 37.417759 ], [ -121.931047, 37.420094 ], [ -121.926432, 37.422761 ], [ -121.92068, 37.424204 ], [ -121.916383, 37.425772 ], [ -121.912926, 37.415552 ], [ -121.91104, 37.410113 ], [ -121.908901, 37.401725 ], [ -121.906507, 37.391399 ], [ -121.90103, 37.367954 ], [ -121.901014, 37.367246 ], [ -121.901138, 37.365904 ], [ -121.901665, 37.364245 ], [ -121.90178, 37.364029 ], [ -121.902359, 37.364215 ], [ -121.904164, 37.364941 ], [ -121.904766, 37.365267 ], [ -121.909589, 37.36907 ], [ -121.911177, 37.369861 ], [ -121.916876, 37.37166 ], [ -121.917202, 37.371741 ], [ -121.919455, 37.37203 ], [ -121.925421, 37.373041 ], [ -121.927392, 37.373543 ], [ -121.927836, 37.373627 ], [ -121.928018, 37.37368 ], [ -121.931725, 37.37456 ], [ -121.933017, 37.374874 ], [ -121.941636, 37.376634 ], [ -121.941725, 37.376648 ] ] ] } },
{ "type": "Feature", "properties": { "STATEFP": "06", "COUNTYFP": "085", "TRACTCE": "502204", "GEOIDFQ": "1400000US06085502204", "GEOID": "06085502204", "NAME": "5022.04", "NAMELSAD": "Census Tract 5022.04", "STUSPS": "CA", "NAMELSADCO": "Santa Clara County", "STATE_NAME": "California", "LSAD": "CT", "ALAND": 331145, "AWATER": 0, "centroid_lon": -121.9259036651916, "centroid_lat": 37.301328160177519, "B03002_001E": 3000, "B03002_001M": 636, "B03002_012E": 910, "B03002_012M": 408, "B19013_001E": 64904, "B19013_001M": 17413, "B01003_001E": 3000, "state": "06", "county": "085", "tract": "502204", "latino_share": 0.30333333333333334, "camera_count": 1, "arterial_road_m": 2761.6510058727768, "land_area_km2": 0.331145, "pop_density_per_km2": 9059.4754563710758, "arterial_km_per_km2": 8.3397031689223038, "log_income": 11.0806645340749, "city": "San Jose" }, "geometry": { "type": "Polygon", "coordinates": [ [ [ -121.931674, 37.29803 ], [ -121.928011, 37.301428 ], [ -121.921973, 37.306913 ], [ -121.921489, 37.305902 ], [ -121.922527, 37.30385 ], [ -121.922838, 37.303331 ], [ -121.922858, 37.301429 ], [ -121.922689, 37.299831 ], [ -121.925487, 37.299419 ], [ -121.930119, 37.297394 ], [ -121.931669, 37.297222 ], [ -121.931674, 37.29803 ] ] ] } },
{ "type": "Feature", "properties": { "STATEFP": "06", "COUNTYFP": "085", "TRACTCE": "503127", "GEOIDFQ": "1400000US06085503127", "GEOID": "06085503127", "NAME": "5031.27", "NAMELSAD": "Census Tract 5031.27", "STUSPS": "CA", "NAMELSADCO": "Santa Clara County", "STATE_NAME": "California", "LSAD": "CT", "ALAND": 2926721, "AWATER": 0, "centroid_lon": -121.85687679332283, "centroid_lat": 37.285865441108555, "B03002_001E": 5058, "B03002_001M": 660, "B03002_012E": 512, "B03002_012M": 235, "B19013_001E": 187868, "B19013_001M": 32279, "B01003_001E": 5058, "state": "06", "county": "085", "tract": "503127", "latino_share": 0.10122578094108343, "camera_count": 7, "arterial_road_m": 8392.2210214918923, "land_area_km2": 2.926721, "pop_density_per_km2": 1728.2139295136092, "arterial_km_per_km2": 2.8674482540330599, "log_income": 12.143494867545447, "city": "San Jose" }, "geometry": { "type": "Polygon", "coordinates": [ [ [ -121.872864, 37.294715 ], [ -121.872074, 37.295707 ], [ -121.871144, 37.296703 ], [ -121.867319, 37.294332 ], [ -121.864879, 37.293348 ], [ -121.848503, 37.287934 ], [ -121.848347, 37.28788 ], [ -121.843599, 37.285925 ], [ -121.843446, 37.285785 ], [ -121.841624, 37.284096 ], [ -121.837403, 37.279949 ], [ -121.837354, 37.27989 ], [ -121.841897, 37.276928 ], [ -121.841981, 37.277016 ], [ -121.844362, 37.279442 ], [ -121.845731, 37.280138 ], [ -121.849652, 37.280584 ], [ -121.854273, 37.280213 ], [ -121.858294, 37.280226 ], [ -121.861476, 37.280518 ], [ -121.864749, 37.279805 ], [ -121.86585, 37.282227 ], [ -121.870136, 37.288355 ], [ -121.870895, 37.289856 ], [ -121.871361, 37.290967 ], [ -121.87163, 37.291643 ], [ -121.872791, 37.294534 ], [ -121.872864, 37.294715 ] ] ] } },
{ "type": "Feature", "properties": { "STATEFP": "06", "COUNTYFP": "085", "TRACTCE": "502704", "GEOIDFQ": "1400000US06085502704", "GEOID": "06085502704", "NAME": "5027.04", "NAMELSAD": "Census Tract 5027.04", "STUSPS": "CA", "NAMELSADCO": "Santa Clara County", "STATE_NAME": "California", "LSAD": "CT", "ALAND": 1631371, "AWATER": 0, "centroid_lon": -121.94005602018835, "centroid_lat": 37.255024595088578, "B03002_001E": 4352, "B03002_001M": 475, "B03002_012E": 271, "B03002_012M": 121, "B19013_001E": 205742, "B19013_001M": 24722, "B01003_001E": 4352, "state": "06", "county": "085", "tract": "502704", "latino_share": 0.062270220588235295, "camera_count": 0, "arterial_road_m": 11495.506920040918, "land_area_km2": 1.631371, "pop_density_per_km2": 2667.6948407198611, "arterial_km_per_km2": 7.0465313653613553, "log_income": 12.234378235644868, "city": "San Jose" }, "geometry": { "type": "Polygon", "coordinates": [ [ [ -121.951968, 37.253842 ], [ -121.9515, 37.25441 ], [ -121.9513, 37.25466 ], [ -121.950054, 37.256119 ], [ -121.94861, 37.25786 ], [ -121.943998, 37.256372 ], [ -121.943019, 37.2582 ], [ -121.940453, 37.258215 ], [ -121.940484, 37.260223 ], [ -121.937608, 37.260238 ], [ -121.935512, 37.260249 ], [ -121.935319, 37.26221 ], [ -121.934018, 37.261871 ], [ -121.933826, 37.261838 ], [ -121.931411, 37.261742 ], [ -121.931343, 37.259295 ], [ -121.931298, 37.258408 ], [ -121.931279, 37.257974 ], [ -121.931264, 37.256127 ], [ -121.931262, 37.255787 ], [ -121.931262, 37.253621 ], [ -121.931279, 37.251052 ], [ -121.931315, 37.250544 ], [ -121.932244, 37.250665 ], [ -121.9405, 37.250621 ], [ -121.943118, 37.250614 ], [ -121.943375, 37.250659 ], [ -121.943569, 37.250734 ], [ -121.94411, 37.251043 ], [ -121.944492, 37.251099 ], [ -121.948214, 37.251095 ], [ -121.948621, 37.250422 ], [ -121.950944, 37.249809 ], [ -121.951923, 37.252979 ], [ -121.95247, 37.25321 ], [ -121.951968, 37.253842 ] ] ] } },
{ "type": "Feature", "properties": { "STATEFP": "06", "COUNTYFP": "085", "TRACTCE": "504315", "GEOIDFQ": "1400000US06085504315", "GEOID": "06085504315", "NAME": "5043.15", "NAMELSAD": "Census Tract 5043.15", "STUSPS": "CA", "NAMELSADCO": "Santa Clara County", "STATE_NAME": "California", "LSAD": "CT", "ALAND": 1586749, "AWATER": 0, "centroid_lon": -121.85967450055594, "centroid_lat": 37.409325893376177, "B03002_001E": 6396, "B03002_001M": 1183, "B03002_012E": 949, "B03002_012M": 338, "B19013_001E": 174410, "B19013_001M": 21626, "B01003_001E": 6396, "state": "06", "county": "085", "tract": "504315", "latino_share": 0.1483739837398374, "camera_count": 3, "arterial_road_m": 3350.6370733958133, "land_area_km2": 1.586749, "pop_density_per_km2": 4030.8832713932702, "arterial_km_per_km2": 2.1116364802472307, "log_income": 12.069164128262715, "city": "San Jose" }, "geometry": { "type": "Polygon", "coordinates": [ [ [ -121.870267, 37.409124 ], [ -121.862508, 37.412922 ], [ -121.858822, 37.414726 ], [ -121.85638, 37.415922 ], [ -121.854145, 37.417013 ], [ -121.853168, 37.416367 ], [ -121.852459, 37.415374 ], [ -121.851493, 37.413156 ], [ -121.848481, 37.409935 ], [ -121.851747, 37.4086 ], [ -121.855983, 37.406909 ], [ -121.857527, 37.406199 ], [ -121.860936, 37.402784 ], [ -121.861203, 37.40263 ], [ -121.864361, 37.401056 ], [ -121.866384, 37.403804 ], [ -121.866763, 37.404324 ], [ -121.869467, 37.408032 ], [ -121.870267, 37.409124 ] ] ] } },
{ "type": "Feature", "properties": { "STATEFP": "06", "COUNTYFP": "085", "TRACTCE": "503602", "GEOIDFQ": "1400000US06085503602", "GEOID": "06085503602", "NAME": "5036.02", "NAMELSAD": "Census Tract 5036.02", "STUSPS": "CA", "NAMELSADCO": "Santa Clara County", "STATE_NAME": "California", "LSAD": "CT", "ALAND": 1223265, "AWATER": 0, "centroid_lon": -121.85233607774911, "centroid_lat": 37.34456319075624, "B03002_001E": 5018, "B03002_001M": 625, "B03002_012E": 3272, "B03002_012M": 612, "B19013_001E": 89888, "B19013_001M": 17443, "B01003_001E": 5018, "state": "06", "county": "085", "tract": "503602", "latino_share": 0.65205261060183339, "camera_count": 2, "arterial_road_m": 13663.111018229869, "land_area_km2": 1.223265, "pop_density_per_km2": 4102.1364953628199, "arterial_km_per_km2": 11.16937950340267, "log_income": 11.40631972990397, "city": "San Jose" }, "geometry": { "type": "Polygon", "coordinates": [ [ [ -121.861728, 37.349762 ], [ -121.857274, 37.35197 ], [ -121.855465, 37.352735 ], [ -121.852651, 37.34985 ], [ -121.852121, 37.349297 ], [ -121.8513, 37.348338 ], [ -121.849307, 37.346312 ], [ -121.846326, 37.343204 ], [ -121.843109, 37.339904 ], [ -121.845914, 37.338042 ], [ -121.848591, 37.335812 ], [ -121.851632, 37.33904 ], [ -121.851958, 37.339492 ], [ -121.854657, 37.342197 ], [ -121.857534, 37.345067 ], [ -121.859173, 37.346813 ], [ -121.861728, 37.349762 ] ] ] } },
{ "type": "Feature", "properties": { "STATEFP": "06", "COUNTYFP": "085", "TRACTCE": "503601", "GEOIDFQ": "1400000US06085503601", "GEOID": "06085503601", "NAME": "5036.01", "NAMELSAD": "Census Tract 5036.01", "STUSPS": "CA", "NAMELSADCO": "Santa Clara County", "STATE_NAME": "California", "LSAD": "CT", "ALAND": 1372315, "AWATER": 0, "centroid_lon": -121.86616951526308, "centroid_lat": 37.35829178599198, "B03002_001E": 3609, "B03002_001M": 673, "B03002_012E": 2130, "B03002_012M": 626, "B19013_001E": 100357, "B19013_001M": 34136, "B01003_001E": 3609, "state": "06", "county": "085", "tract": "503601", "latino_share": 0.59019118869492937, "camera_count": 4, "arterial_road_m": 10228.449113240698, "land_area_km2": 1.372315, "pop_density_per_km2": 2629.8626773007654, "arterial_km_per_km2": 7.4534265917378288, "log_income": 11.516489107646168, "city": "San Jose" }, "geometry": { "type": "Polygon", "coordinates": [ [ [ -121.877331, 37.361215 ], [ -121.876826, 37.361815 ], [ -121.874653, 37.36332 ], [ -121.869365, 37.366808 ], [ -121.868827, 37.366162 ], [ -121.863342, 37.36067 ], [ -121.860698, 37.357988 ], [ -121.859056, 37.356314 ], [ -121.855465, 37.352735 ], [ -121.857274, 37.35197 ], [ -121.861728, 37.349762 ], [ -121.866232, 37.354069 ], [ -121.870724, 37.357913 ], [ -121.873804, 37.359704 ], [ -121.875901, 37.360611 ], [ -121.877449, 37.36108 ], [ -121.877331, 37.361215 ] ] ] } },
{ "type": "Feature", "properties": { "STATEFP": "06", "COUNTYFP": "085", "TRACTCE": "503325", "GEOIDFQ": "1400000US06085503325", "GEOID": "06085503325", "NAME": "5033.25", "NAMELSAD": "Census Tract 5033.25", "STUSPS": "CA", "NAMELSADCO": "Santa Clara County", "STATE_NAME": "California", "LSAD": "CT", "ALAND": 1138412, "AWATER": 0, "centroid_lon": -121.78880414000854, "centroid_lat": 37.320684827890531, "B03002_001E": 4365, "B03002_001M": 541, "B03002_012E": 1255, "B03002_012M": 339, "B19013_001E": 145861, "B19013_001M": 44996, "B01003_001E": 4365, "state": "06", "county": "085", "tract": "503325", "latino_share": 0.28751431844215347, "camera_count": 2, "arterial_road_m": 2280.2569774961626, "land_area_km2": 1.138412, "pop_density_per_km2": 3834.2884649845573, "arterial_km_per_km2": 2.0030155844247624, "log_income": 11.890409392403932, "city": "San Jose" }, "geometry": { "type": "Polygon", "coordinates": [ [ [ -121.796957, 37.324918 ], [ -121.795889, 37.324761 ], [ -121.787046, 37.324839 ], [ -121.782141, 37.324967 ], [ -121.781908, 37.323092 ], [ -121.779117, 37.320143 ], [ -121.779521, 37.319893 ], [ -121.781895, 37.319093 ], [ -121.788086, 37.317705 ], [ -121.788281, 37.31733 ], [ -121.787183, 37.314619 ], [ -121.791524, 37.313966 ], [ -121.795317, 37.320066 ], [ -121.796029, 37.321943 ], [ -121.79644, 37.323396 ], [ -121.796957, 37.324918 ] ] ] } },
{ "type": "Feature", "properties": { "STATEFP": "06", "COUNTYFP": "085", "TRACTCE": "501102", "GEOIDFQ": "1400000US06085501102", "GEOID": "06085501102", "NAME": "5011.02", "NAMELSAD": "Census Tract 5011.02", "STUSPS": "CA", "NAMELSADCO": "Santa Clara County", "STATE_NAME": "California", "LSAD": "CT", "ALAND": 1225148, "AWATER": 0, "centroid_lon": -121.88117357907973, "centroid_lat": 37.354054645816873, "B03002_001E": 4147, "B03002_001M": 807, "B03002_012E": 2906, "B03002_012M": 810, "B19013_001E": 147773, "B19013_001M": 33485, "B01003_001E": 4147, "state": "06", "county": "085", "tract": "501102", "latino_share": 0.70074752833373521, "camera_count": 1, "arterial_road_m": 7779.4608742361734, "land_area_km2": 1.225148, "pop_density_per_km2": 3384.8971716070223, "arterial_km_per_km2": 6.3498131444006551, "log_income": 11.903432591511997, "city": "San Jose" }, "geometry": { "type": "Polygon", "coordinates": [ [ [ -121.887746, 37.355005 ], [ -121.884013, 37.356774 ], [ -121.879492, 37.358929 ], [ -121.877449, 37.36108 ], [ -121.875901, 37.360611 ], [ -121.873804, 37.359704 ], [ -121.873623, 37.358425 ], [ -121.874177, 37.352766 ], [ -121.87549, 37.352123 ], [ -121.878291, 37.350792 ], [ -121.881089, 37.349463 ], [ -121.882957, 37.348576 ], [ -121.885876, 37.347191 ], [ -121.890661, 37.353617 ], [ -121.887746, 37.355005 ] ] ] } },
{ "type": "Feature", "properties": { "STATEFP": "06", "COUNTYFP": "085", "TRACTCE": "505100", "GEOIDFQ": "1400000US06085505100", "GEOID": "06085505100", "NAME": "5051", "NAMELSAD": "Census Tract 5051", "STUSPS": "CA", "NAMELSADCO": "Santa Clara County", "STATE_NAME": "California", "LSAD": "CT", "ALAND": 6966454, "AWATER": 0, "centroid_lon": -121.9240051002258, "centroid_lat": 37.362806976626828, "B03002_001E": 3920, "B03002_001M": 483, "B03002_012E": 1283, "B03002_012M": 375, "B19013_001E": 108539, "B19013_001M": 17553, "B01003_001E": 3920, "state": "06", "county": "085", "tract": "505100", "latino_share": 0.32729591836734695, "camera_count": 5, "arterial_road_m": 46603.371556922706, "land_area_km2": 6.966454, "pop_density_per_km2": 562.69660289151409, "arterial_km_per_km2": 6.6896833822376065, "log_income": 11.594864834381662, "city": "San Jose" }, "geometry": { "type": "Polygon", "coordinates": [ [ [ -121.94752, 37.37775 ], [ -121.941725, 37.376648 ], [ -121.941636, 37.376634 ], [ -121.933017, 37.374874 ], [ -121.931725, 37.37456 ], [ -121.928018, 37.37368 ], [ -121.927836, 37.373627 ], [ -121.927392, 37.373543 ], [ -121.925421, 37.373041 ], [ -121.919455, 37.37203 ], [ -121.917202, 37.371741 ], [ -121.916876, 37.37166 ], [ -121.911177, 37.369861 ], [ -121.909589, 37.36907 ], [ -121.904766, 37.365267 ], [ -121.904164, 37.364941 ], [ -121.902359, 37.364215 ], [ -121.90178, 37.364029 ], [ -121.902777, 37.362562 ], [ -121.904626, 37.360777 ], [ -121.907021, 37.358395 ], [ -121.911248, 37.354176 ], [ -121.913379, 37.352199 ], [ -121.921909, 37.346027 ], [ -121.923773, 37.346992 ], [ -121.932135, 37.351219 ], [ -121.932111, 37.356424 ], [ -121.93471, 37.35678 ], [ -121.933153, 37.358649 ], [ -121.939409, 37.364409 ], [ -121.940646, 37.366436 ], [ -121.941353, 37.366503 ], [ -121.94154, 37.36654 ], [ -121.941537, 37.366949 ], [ -121.941466, 37.367222 ], [ -121.941258, 37.368025 ], [ -121.941264, 37.36987 ], [ -121.9433, 37.37207 ], [ -121.94357, 37.3731 ], [ -121.945774, 37.373635 ], [ -121.946188, 37.37512 ], [ -121.94752, 37.37775 ] ] ] } },
{ "type": "Feature", "properties": { "STATEFP": "06", "COUNTYFP": "085", "TRACTCE": "512024", "GEOIDFQ": "1400000US06085512024", "GEOID": "06085512024", "NAME": "5120.24", "NAMELSAD": "Census Tract 5120.24", "STUSPS": "CA", "NAMELSADCO": "Santa Clara County", "STATE_NAME": "California", "LSAD": "CT", "ALAND": 1553293, "AWATER": 44640, "centroid_lon": -121.86698593134349, "centroid_lat": 37.260466213031059, "B03002_001E": 5056, "B03002_001M": 787, "B03002_012E": 1566, "B03002_012M": 613, "B19013_001E": 134784, "B19013_001M": 28242, "B01003_001E": 5056, "state": "06", "county": "085", "tract": "512024", "latino_share": 0.30973101265822783, "camera_count": 11, "arterial_road_m": 11853.146172012079, "land_area_km2": 1.553293, "pop_density_per_km2": 3255.0201410809163, "arterial_km_per_km2": 7.6309789408772701, "log_income": 11.811428776053592, "city": "San Jose" }, "geometry": { "type": "Polygon", "coordinates": [ [ [ -121.876587, 37.262998 ], [ -121.875611, 37.263275 ], [ -121.872902, 37.26402 ], [ -121.868893, 37.265024 ], [ -121.866277, 37.265623 ], [ -121.865998, 37.265644 ], [ -121.858919, 37.266054 ], [ -121.858709, 37.26463 ], [ -121.858712, 37.259656 ], [ -121.858642, 37.258716 ], [ -121.858985, 37.255605 ], [ -121.862662, 37.255575 ], [ -121.865847, 37.255726 ], [ -121.873445, 37.256079 ], [ -121.875757, 37.255791 ], [ -121.875991, 37.255746 ], [ -121.876386, 37.259006 ], [ -121.876295, 37.259831 ], [ -121.876679, 37.262985 ], [ -121.876587, 37.262998 ] ] ] } },
{ "type": "Feature", "properties": { "STATEFP": "06", "COUNTYFP": "085", "TRACTCE": "512045", "GEOIDFQ": "1400000US06085512045", "GEOID": "06085512045", "NAME": "5120.45", "NAMELSAD": "Census Tract 5120.45", "STUSPS": "CA", "NAMELSADCO": "Santa Clara County", "STATE_NAME": "California", "LSAD": "CT", "ALAND": 2048543, "AWATER": 0, "centroid_lon": -121.83523930352175, "centroid_lat": 37.238511423408205, "B03002_001E": 5320, "B03002_001M": 461, "B03002_012E": 1293, "B03002_012M": 297, "B19013_001E": 194375, "B19013_001M": 19076, "B01003_001E": 5320, "state": "06", "county": "085", "tract": "512045", "latino_share": 0.2430451127819549, "camera_count": 2, "arterial_road_m": 6432.3153827380856, "land_area_km2": 2.048543, "pop_density_per_km2": 2596.9676985057185, "arterial_km_per_km2": 3.1399464803707247, "log_income": 12.177544561915635, "city": "San Jose" }, "geometry": { "type": "Polygon", "coordinates": [ [ [ -121.841024, 37.231208 ], [ -121.840889, 37.234189 ], [ -121.840374, 37.235298 ], [ -121.83962, 37.236789 ], [ -121.839706, 37.242042 ], [ -121.839718, 37.243022 ], [ -121.839784, 37.249952 ], [ -121.839743, 37.250541 ], [ -121.83651, 37.250723 ], [ -121.829988, 37.247493 ], [ -121.830723, 37.24497 ], [ -121.830721, 37.24422 ], [ -121.830688, 37.242074 ], [ -121.830607, 37.236873 ], [ -121.830551, 37.233209 ], [ -121.830482, 37.228137 ], [ -121.82972, 37.226234 ], [ -121.835346, 37.226734 ], [ -121.835166, 37.228191 ], [ -121.838714, 37.229559 ], [ -121.841242, 37.230554 ], [ -121.841024, 37.231208 ] ] ] } },
{ "type": "Feature", "properties": { "STATEFP": "06", "COUNTYFP": "085", "TRACTCE": "507906", "GEOIDFQ": "1400000US06085507906", "GEOID": "06085507906", "NAME": "5079.06", "NAMELSAD": "Census Tract 5079.06", "STUSPS": "CA", "NAMELSADCO": "Santa Clara County", "STATE_NAME": "California", "LSAD": "CT", "ALAND": 1425952, "AWATER": 0, "centroid_lon": -122.019223393676, "centroid_lat": 37.301979237043568, "B03002_001E": 4443, "B03002_001M": 486, "B03002_012E": 142, "B03002_012M": 127, "B19013_001E": 250001, "B19013_001M": -333333333, "B01003_001E": 4443, "state": "06", "county": "085", "tract": "507906", "latino_share": 0.031960387125815892, "camera_count": 0, "arterial_road_m": 4283.1965234619547, "land_area_km2": 1.425952, "pop_density_per_km2": 3115.8131550010098, "arterial_km_per_km2": 3.0037452336838508, "log_income": 12.429220196836383, "city": "San Jose" }, "geometry": { "type": "Polygon", "coordinates": [ [ [ -122.023955, 37.307633 ], [ -122.02318, 37.30987 ], [ -122.02111, 37.30954 ], [ -122.01987, 37.30992 ], [ -122.01775, 37.31009 ], [ -122.01561, 37.31023 ], [ -122.01349, 37.31041 ], [ -122.0135, 37.31032 ], [ -122.014761, 37.306804 ], [ -122.014892, 37.306287 ], [ -122.01506, 37.304772 ], [ -122.015017, 37.301212 ], [ -122.015012, 37.300449 ], [ -122.014991, 37.297753 ], [ -122.014957, 37.293565 ], [ -122.017793, 37.293665 ], [ -122.02365, 37.293825 ], [ -122.023701, 37.29401 ], [ -122.023707, 37.30114 ], [ -122.023955, 37.307633 ] ] ] } },
{ "type": "Feature", "properties": { "STATEFP": "06", "COUNTYFP": "085", "TRACTCE": "506802", "GEOIDFQ": "1400000US06085506802", "GEOID": "06085506802", "NAME": "5068.02", "NAMELSAD": "Census Tract 5068.02", "STUSPS": "CA", "NAMELSADCO": "Santa Clara County", "STATE_NAME": "California", "LSAD": "CT", "ALAND": 2043844, "AWATER": 0, "centroid_lon": -121.93623517495925, "centroid_lat": 37.246944425632634, "B03002_001E": 5705, "B03002_001M": 735, "B03002_012E": 1013, "B03002_012M": 236, "B19013_001E": 205147, "B19013_001M": 32096, "B01003_001E": 5705, "state": "06", "county": "085", "tract": "506802", "latino_share": 0.1775635407537248, "camera_count": 2, "arterial_road_m": 4968.3161744999879, "land_area_km2": 2.043844, "pop_density_per_km2": 2791.308925730144, "arterial_km_per_km2": 2.4308685861053916, "log_income": 12.23148207431715, "city": "San Jose" }, "geometry": { "type": "Polygon", "coordinates": [ [ [ -121.950944, 37.249809 ], [ -121.948621, 37.250422 ], [ -121.948214, 37.251095 ], [ -121.944492, 37.251099 ], [ -121.94411, 37.251043 ], [ -121.943569, 37.250734 ], [ -121.943375, 37.250659 ], [ -121.943118, 37.250614 ], [ -121.9405, 37.250621 ], [ -121.932244, 37.250665 ], [ -121.931315, 37.250544 ], [ -121.931279, 37.251052 ], [ -121.93114, 37.251032 ], [ -121.92858, 37.250689 ], [ -121.926752, 37.250621 ], [ -121.922214, 37.250601 ], [ -121.922676, 37.247087 ], [ -121.922654, 37.243488 ], [ -121.925161, 37.243474 ], [ -121.925673, 37.243466 ], [ -121.927624, 37.243451 ], [ -121.931241, 37.243419 ], [ -121.93114, 37.24023 ], [ -121.93321, 37.24017 ], [ -121.933314, 37.243419 ], [ -121.933807, 37.243417 ], [ -121.936383, 37.243402 ], [ -121.937551, 37.243404 ], [ -121.940332, 37.243395 ], [ -121.941067, 37.24334 ], [ -121.94543, 37.243372 ], [ -121.946165, 37.243564 ], [ -121.94623, 37.243588 ], [ -121.9469, 37.24372 ], [ -121.94914, 37.24335 ], [ -121.950034, 37.246505 ], [ -121.950944, 37.249809 ] ] ] } },
{ "type": "Feature", "properties": { "STATEFP": "06", "COUNTYFP": "085", "TRACTCE": "504001", "GEOIDFQ": "1400000US06085504001", "GEOID": "06085504001", "NAME": "5040.01", "NAMELSAD": "Census Tract 5040.01", "STUSPS": "CA", "NAMELSADCO": "Santa Clara County", "STATE_NAME": "California", "LSAD": "CT", "ALAND": 1137359, "AWATER": 0, "centroid_lon": -121.82721439433794, "centroid_lat": 37.358578866432545, "B03002_001E": 5106, "B03002_001M": 465, "B03002_012E": 3861, "B03002_012M": 542, "B19013_001E": 81250, "B19013_001M": 16321, "B01003_001E": 5106, "state": "06", "county": "085", "tract": "504001", "latino_share": 0.75616921269095183, "camera_count": 11, "arterial_road_m": 3889.4129613232917, "land_area_km2": 1.137359, "pop_density_per_km2": 4489.3476905708749, "arterial_km_per_km2": 3.4196880328227865, "log_income": 11.305286100191983, "city": "San Jose" }, "geometry": { "type": "Polygon", "coordinates": [ [ [ -121.835192, 37.362334 ], [ -121.827928, 37.365737 ], [ -121.827345, 37.365103 ], [ -121.825942, 37.363593 ], [ -121.82553, 37.363142 ], [ -121.825365, 37.362958 ], [ -121.824727, 37.362248 ], [ -121.823232, 37.360631 ], [ -121.822495, 37.359809 ], [ -121.821341, 37.358576 ], [ -121.820976, 37.358176 ], [ -121.819147, 37.356142 ], [ -121.827006, 37.350833 ], [ -121.827118, 37.351127 ], [ -121.829067, 37.354188 ], [ -121.83008, 37.354993 ], [ -121.830816, 37.355345 ], [ -121.831108, 37.356769 ], [ -121.833063, 37.359587 ], [ -121.835192, 37.362334 ] ] ] } },
{ "type": "Feature", "properties": { "STATEFP": "06", "COUNTYFP": "085", "TRACTCE": "503313", "GEOIDFQ": "1400000US06085503313", "GEOID": "06085503313", "NAME": "5033.13", "NAMELSAD": "Census Tract 5033.13", "STUSPS": "CA", "NAMELSADCO": "Santa Clara County", "STATE_NAME": "California", "LSAD": "CT", "ALAND": 1606057, "AWATER": 0, "centroid_lon": -121.77654278073976, "centroid_lat": 37.331256514453216, "B03002_001E": 4643, "B03002_001M": 488, "B03002_012E": 611, "B03002_012M": 136, "B19013_001E": 214531, "B19013_001M": 63497, "B01003_001E": 4643, "state": "06", "county": "085", "tract": "503313", "latino_share": 0.13159595089381865, "camera_count": 0, "arterial_road_m": 3591.3749036552254, "land_area_km2": 1.606057, "pop_density_per_km2": 2890.9310192602129, "arterial_km_per_km2": 2.2361441117315422, "log_income": 12.276209529052412, "city": "San Jose" }, "geometry": { "type": "Polygon", "coordinates": [ [ [ -121.785202, 37.338684 ], [ -121.781683, 37.339398 ], [ -121.780196, 37.339188 ], [ -121.772534, 37.333772 ], [ -121.771788, 37.331855 ], [ -121.770673, 37.332241 ], [ -121.768645, 37.330797 ], [ -121.767672, 37.331439 ], [ -121.76618, 37.332132 ], [ -121.764953, 37.332348 ], [ -121.766354, 37.330291 ], [ -121.766101, 37.328732 ], [ -121.766361, 37.327736 ], [ -121.77001, 37.325878 ], [ -121.770599, 37.325765 ], [ -121.782141, 37.324967 ], [ -121.78219, 37.327404 ], [ -121.782235, 37.329627 ], [ -121.782847, 37.33173 ], [ -121.785202, 37.338684 ] ] ] } },
{ "type": "Feature", "properties": { "STATEFP": "06", "COUNTYFP": "085", "TRACTCE": "503213", "GEOIDFQ": "1400000US06085503213", "GEOID": "06085503213", "NAME": "5032.13", "NAMELSAD": "Census Tract 5032.13", "STUSPS": "CA", "NAMELSADCO": "Santa Clara County", "STATE_NAME": "California", "LSAD": "CT", "ALAND": 1099444, "AWATER": 0, "centroid_lon": -121.8373307254259, "centroid_lat": 37.301567666545708, "B03002_001E": 5162, "B03002_001M": 876, "B03002_012E": 1585, "B03002_012M": 722, "B19013_001E": 72686, "B19013_001M": 11400, "B01003_001E": 5162, "state": "06", "county": "085", "tract": "503213", "latino_share": 0.30705153041456801, "camera_count": 2, "arterial_road_m": 3413.5894087301326, "land_area_km2": 1.099444, "pop_density_per_km2": 4695.1004325822869, "arterial_km_per_km2": 3.1048324505205653, "log_income": 11.193904072762621, "city": "San Jose" }, "geometry": { "type": "Polygon", "coordinates": [ [ [ -121.847654, 37.307959 ], [ -121.843983, 37.31036 ], [ -121.842364, 37.309082 ], [ -121.838931, 37.307968 ], [ -121.838799, 37.304232 ], [ -121.837072, 37.301941 ], [ -121.833103, 37.300914 ], [ -121.828887, 37.299184 ], [ -121.824578, 37.298469 ], [ -121.827327, 37.297318 ], [ -121.828936, 37.296346 ], [ -121.833214, 37.293421 ], [ -121.835028, 37.295134 ], [ -121.837626, 37.297714 ], [ -121.83926, 37.299202 ], [ -121.840148, 37.300129 ], [ -121.840326, 37.30033 ], [ -121.841878, 37.301953 ], [ -121.845522, 37.305753 ], [ -121.847654, 37.307959 ] ] ] } },
{ "type": "Feature", "properties": { "STATEFP": "06", "COUNTYFP": "085", "TRACTCE": "511917", "GEOIDFQ": "1400000US06085511917", "GEOID": "06085511917", "NAME": "5119.17", "NAMELSAD": "Census Tract 5119.17", "STUSPS": "CA", "NAMELSADCO": "Santa Clara County", "STATE_NAME": "California", "LSAD": "CT", "ALAND": 2859293, "AWATER": 0, "centroid_lon": -121.8480229224421, "centroid_lat": 37.201126790530047, "B03002_001E": 4467, "B03002_001M": 603, "B03002_012E": 151, "B03002_012M": 133, "B19013_001E": 250001, "B19013_001M": -333333333, "B01003_001E": 4467, "state": "06", "county": "085", "tract": "511917", "latino_share": 0.033803447503917616, "camera_count": 0, "arterial_road_m": 2343.3282608668233, "land_area_km2": 2.859293, "pop_density_per_km2": 1562.2743104676574, "arterial_km_per_km2": 0.81954814035036749, "log_income": 12.429220196836383, "city": "San Jose" }, "geometry": { "type": "Polygon", "coordinates": [ [ [ -121.859551, 37.204348 ], [ -121.85879, 37.204448 ], [ -121.858902, 37.207939 ], [ -121.857798, 37.210288 ], [ -121.853801, 37.210866 ], [ -121.852822, 37.208204 ], [ -121.848151, 37.20869 ], [ -121.846297, 37.209384 ], [ -121.84276, 37.205487 ], [ -121.840217, 37.204304 ], [ -121.840409, 37.203445 ], [ -121.838389, 37.201562 ], [ -121.833165, 37.19804 ], [ -121.8366, 37.1948 ], [ -121.839758, 37.195063 ], [ -121.83978, 37.19317 ], [ -121.839425, 37.191283 ], [ -121.840315, 37.191131 ], [ -121.841493, 37.191302 ], [ -121.842433, 37.191795 ], [ -121.843043, 37.192367 ], [ -121.843073, 37.19314 ], [ -121.848672, 37.193091 ], [ -121.848703, 37.196582 ], [ -121.857807, 37.196582 ], [ -121.857957, 37.196582 ], [ -121.858685, 37.200376 ], [ -121.860357, 37.203197 ], [ -121.859551, 37.204348 ] ] ] } },
{ "type": "Feature", "properties": { "STATEFP": "06", "COUNTYFP": "085", "TRACTCE": "503220", "GEOIDFQ": "1400000US06085503220", "GEOID": "06085503220", "NAME": "5032.20", "NAMELSAD": "Census Tract 5032.20", "STUSPS": "CA", "NAMELSADCO": "Santa Clara County", "STATE_NAME": "California", "LSAD": "CT", "ALAND": 949951, "AWATER": 0, "centroid_lon": -121.83805517163846, "centroid_lat": 37.287417040316335, "B03002_001E": 4678, "B03002_001M": 530, "B03002_012E": 2620, "B03002_012M": 522, "B19013_001E": 80938, "B19013_001M": 28334, "B01003_001E": 4678, "state": "06", "county": "085", "tract": "503220", "latino_share": 0.56006840530141089, "camera_count": 3, "arterial_road_m": 5116.8908681951816, "land_area_km2": 0.949951, "pop_density_per_km2": 4924.4645250123431, "arterial_km_per_km2": 5.3864787427932406, "log_income": 11.30143870846309, "city": "San Jose" }, "geometry": { "type": "Polygon", "coordinates": [ [ [ -121.845266, 37.287454 ], [ -121.840059, 37.291095 ], [ -121.839211, 37.29237 ], [ -121.835028, 37.295134 ], [ -121.833214, 37.293421 ], [ -121.834086, 37.292182 ], [ -121.834225, 37.28867 ], [ -121.834178, 37.286937 ], [ -121.834138, 37.283926 ], [ -121.834944, 37.281676 ], [ -121.837148, 37.280023 ], [ -121.837354, 37.27989 ], [ -121.837403, 37.279949 ], [ -121.841624, 37.284096 ], [ -121.843446, 37.285785 ], [ -121.843599, 37.285925 ], [ -121.845266, 37.287454 ] ] ] } },
{ "type": "Feature", "properties": { "STATEFP": "06", "COUNTYFP": "085", "TRACTCE": "503125", "GEOIDFQ": "1400000US06085503125", "GEOID": "06085503125", "NAME": "5031.25", "NAMELSAD": "Census Tract 5031.25", "STUSPS": "CA", "NAMELSADCO": "Santa Clara County", "STATE_NAME": "California", "LSAD": "CT", "ALAND": 742589, "AWATER": 0, "centroid_lon": -121.877485285734, "centroid_lat": 37.283253420054784, "B03002_001E": 3824, "B03002_001M": 869, "B03002_012E": 844, "B03002_012M": 255, "B19013_001E": 181328, "B19013_001M": 66532, "B01003_001E": 3824, "state": "06", "county": "085", "tract": "503125", "latino_share": 0.22071129707112971, "camera_count": 0, "arterial_road_m": 978.48949674253038, "land_area_km2": 0.742589, "pop_density_per_km2": 5149.5510975788757, "arterial_km_per_km2": 1.3176730287447436, "log_income": 12.10806282497273, "city": "San Jose" }, "geometry": { "type": "Polygon", "coordinates": [ [ [ -121.883182, 37.285678 ], [ -121.881894, 37.28865 ], [ -121.876566, 37.287587 ], [ -121.87352, 37.284655 ], [ -121.873703, 37.284221 ], [ -121.873095, 37.281479 ], [ -121.872561, 37.281334 ], [ -121.872283, 37.28016 ], [ -121.871379, 37.278153 ], [ -121.872106, 37.277992 ], [ -121.877846, 37.278496 ], [ -121.878394, 37.279714 ], [ -121.88146, 37.282117 ], [ -121.881773, 37.283077 ], [ -121.882712, 37.284592 ], [ -121.883182, 37.285678 ] ] ] } },
{ "type": "Feature", "properties": { "STATEFP": "06", "COUNTYFP": "085", "TRACTCE": "512025", "GEOIDFQ": "1400000US06085512025", "GEOID": "06085512025", "NAME": "5120.25", "NAMELSAD": "Census Tract 5120.25", "STUSPS": "CA", "NAMELSADCO": "Santa Clara County", "STATE_NAME": "California", "LSAD": "CT", "ALAND": 1247992, "AWATER": 0, "centroid_lon": -121.85263071037245, "centroid_lat": 37.260883157955732, "B03002_001E": 3008, "B03002_001M": 433, "B03002_012E": 494, "B03002_012M": 129, "B19013_001E": 216711, "B19013_001M": 51581, "B01003_001E": 3008, "state": "06", "county": "085", "tract": "512025", "latino_share": 0.16422872340425532, "camera_count": 0, "arterial_road_m": 7060.4551205720209, "land_area_km2": 1.247992, "pop_density_per_km2": 2410.2718607170559, "arterial_km_per_km2": 5.6574522277162202, "log_income": 12.286319947657454, "city": "San Jose" }, "geometry": { "type": "Polygon", "coordinates": [ [ [ -121.858985, 37.255605 ], [ -121.858642, 37.258716 ], [ -121.858712, 37.259656 ], [ -121.858709, 37.26463 ], [ -121.858919, 37.266054 ], [ -121.855352, 37.265986 ], [ -121.852474, 37.265664 ], [ -121.851434, 37.265527 ], [ -121.850605, 37.265506 ], [ -121.846574, 37.265864 ], [ -121.844786, 37.265966 ], [ -121.845501, 37.263823 ], [ -121.848301, 37.25539 ], [ -121.848434, 37.255388 ], [ -121.849037, 37.255378 ], [ -121.858807, 37.255605 ], [ -121.858985, 37.255605 ] ] ] } },
{ "type": "Feature", "properties": { "STATEFP": "06", "COUNTYFP": "085", "TRACTCE": "511913", "GEOIDFQ": "1400000US06085511913", "GEOID": "06085511913", "NAME": "5119.13", "NAMELSAD": "Census Tract 5119.13", "STUSPS": "CA", "NAMELSADCO": "Santa Clara County", "STATE_NAME": "California", "LSAD": "CT", "ALAND": 1923809, "AWATER": 0, "centroid_lon": -121.89122797453713, "centroid_lat": 37.22753200215805, "B03002_001E": 4554, "B03002_001M": 435, "B03002_012E": 607, "B03002_012M": 189, "B19013_001E": 250001, "B19013_001M": -333333333, "B01003_001E": 4554, "state": "06", "county": "085", "tract": "511913", "latino_share": 0.13328941589811155, "camera_count": 0, "arterial_road_m": 5701.8531902875038, "land_area_km2": 1.923809, "pop_density_per_km2": 2367.17886235068, "arterial_km_per_km2": 2.9638353860947233, "log_income": 12.429220196836383, "city": "San Jose" }, "geometry": { "type": "Polygon", "coordinates": [ [ [ -121.900974, 37.227676 ], [ -121.897878, 37.229466 ], [ -121.896748, 37.230308 ], [ -121.893494, 37.233764 ], [ -121.892426, 37.234204 ], [ -121.892103, 37.234335 ], [ -121.889741, 37.235759 ], [ -121.888471, 37.237066 ], [ -121.886649, 37.237889 ], [ -121.887192, 37.236072 ], [ -121.884103, 37.232229 ], [ -121.884369, 37.228153 ], [ -121.884966, 37.224904 ], [ -121.882074, 37.221706 ], [ -121.886341, 37.219988 ], [ -121.887644, 37.220201 ], [ -121.889814, 37.221176 ], [ -121.893091, 37.221434 ], [ -121.894806, 37.221887 ], [ -121.900225, 37.223831 ], [ -121.903471, 37.225808 ], [ -121.900974, 37.227676 ] ] ] } },
{ "type": "Feature", "properties": { "STATEFP": "06", "COUNTYFP": "085", "TRACTCE": "503803", "GEOIDFQ": "1400000US06085503803", "GEOID": "06085503803", "NAME": "5038.03", "NAMELSAD": "Census Tract 5038.03", "STUSPS": "CA", "NAMELSADCO": "Santa Clara County", "STATE_NAME": "California", "LSAD": "CT", "ALAND": 1052669, "AWATER": 0, "centroid_lon": -121.84971074943991, "centroid_lat": 37.383590066910507, "B03002_001E": 5261, "B03002_001M": 1447, "B03002_012E": 1503, "B03002_012M": 1403, "B19013_001E": 175272, "B19013_001M": 29118, "B01003_001E": 5261, "state": "06", "county": "085", "tract": "503803", "latino_share": 0.28568713172400684, "camera_count": 1, "arterial_road_m": 4042.1099074546737, "land_area_km2": 1.052669, "pop_density_per_km2": 4997.7723291936964, "arterial_km_per_km2": 3.8398679047779254, "log_income": 12.074094331968055, "city": "San Jose" }, "geometry": { "type": "Polygon", "coordinates": [ [ [ -121.857044, 37.38137 ], [ -121.855786, 37.382242 ], [ -121.856632, 37.383046 ], [ -121.853014, 37.385517 ], [ -121.850069, 37.388262 ], [ -121.849746, 37.388438 ], [ -121.848463, 37.388638 ], [ -121.843868, 37.389779 ], [ -121.842333, 37.390448 ], [ -121.842105, 37.389239 ], [ -121.843817, 37.386391 ], [ -121.842253, 37.383828 ], [ -121.845148, 37.381863 ], [ -121.847343, 37.380423 ], [ -121.851915, 37.378752 ], [ -121.854757, 37.376782 ], [ -121.858345, 37.380359 ], [ -121.857044, 37.38137 ] ] ] } },
{ "type": "Feature", "properties": { "STATEFP": "06", "COUNTYFP": "085", "TRACTCE": "500200", "GEOIDFQ": "1400000US06085500200", "GEOID": "06085500200", "NAME": "5002", "NAMELSAD": "Census Tract 5002", "STUSPS": "CA", "NAMELSADCO": "Santa Clara County", "STATE_NAME": "California", "LSAD": "CT", "ALAND": 1680335, "AWATER": 0, "centroid_lon": -121.90217602449349, "centroid_lat": 37.34990877238323, "B03002_001E": 5323, "B03002_001M": 935, "B03002_012E": 1793, "B03002_012M": 393, "B19013_001E": 122238, "B19013_001M": 35268, "B01003_001E": 5323, "state": "06", "county": "085", "tract": "500200", "latino_share": 0.33684012774751082, "camera_count": 3, "arterial_road_m": 20011.450539777175, "land_area_km2": 1.680335, "pop_density_per_km2": 3167.820702419458, "arterial_km_per_km2": 11.909202950469506, "log_income": 11.713725243009955, "city": "San Jose" }, "geometry": { "type": "Polygon", "coordinates": [ [ [ -121.911248, 37.354176 ], [ -121.907021, 37.358395 ], [ -121.904626, 37.360777 ], [ -121.900228, 37.354875 ], [ -121.897038, 37.350591 ], [ -121.893845, 37.346307 ], [ -121.897006, 37.344803 ], [ -121.894953, 37.342046 ], [ -121.893828, 37.340548 ], [ -121.89824, 37.338462 ], [ -121.899211, 37.339888 ], [ -121.901106, 37.342599 ], [ -121.902368, 37.344917 ], [ -121.902978, 37.345685 ], [ -121.904481, 37.346965 ], [ -121.906608, 37.348114 ], [ -121.90754, 37.348746 ], [ -121.908475, 37.349528 ], [ -121.908835, 37.349943 ], [ -121.909196, 37.350484 ], [ -121.911248, 37.354176 ] ] ] } },
{ "type": "Feature", "properties": { "STATEFP": "06", "COUNTYFP": "085", "TRACTCE": "505014", "GEOIDFQ": "1400000US06085505014", "GEOID": "06085505014", "NAME": "5050.14", "NAMELSAD": "Census Tract 5050.14", "STUSPS": "CA", "NAMELSADCO": "Santa Clara County", "STATE_NAME": "California", "LSAD": "CT", "ALAND": 1127742, "AWATER": 0, "centroid_lon": -121.95737560595327, "centroid_lat": 37.41381172964924, "B03002_001E": 6342, "B03002_001M": 649, "B03002_012E": 1117, "B03002_012M": 441, "B19013_001E": 145857, "B19013_001M": 17207, "B01003_001E": 6342, "state": "06", "county": "085", "tract": "505014", "latino_share": 0.1761274046042258, "camera_count": 2, "arterial_road_m": 7021.0588199054264, "land_area_km2": 1.127742, "pop_density_per_km2": 5623.6266805705563, "arterial_km_per_km2": 6.2257669040484664, "log_income": 11.89038196865908, "city": "San Jose" }, "geometry": { "type": "Polygon", "coordinates": [ [ [ -121.967925, 37.418999 ], [ -121.959392, 37.419325 ], [ -121.957212, 37.417202 ], [ -121.955945, 37.416335 ], [ -121.953802, 37.415024 ], [ -121.949361, 37.412316 ], [ -121.945418, 37.409866 ], [ -121.94485, 37.40922 ], [ -121.94874, 37.407828 ], [ -121.950892, 37.408326 ], [ -121.954839, 37.410731 ], [ -121.957247, 37.411431 ], [ -121.960081, 37.409856 ], [ -121.960601, 37.410129 ], [ -121.962142, 37.411633 ], [ -121.964482, 37.414303 ], [ -121.967558, 37.417807 ], [ -121.968023, 37.419005 ], [ -121.967925, 37.418999 ] ] ] } },
{ "type": "Feature", "properties": { "STATEFP": "06", "COUNTYFP": "085", "TRACTCE": "503333", "GEOIDFQ": "1400000US06085503333", "GEOID": "06085503333", "NAME": "5033.33", "NAMELSAD": "Census Tract 5033.33", "STUSPS": "CA", "NAMELSADCO": "Santa Clara County", "STATE_NAME": "California", "LSAD": "CT", "ALAND": 2082713, "AWATER": 0, "centroid_lon": -121.78863048193035, "centroid_lat": 37.301096662702008, "B03002_001E": 4507, "B03002_001M": 554, "B03002_012E": 1156, "B03002_012M": 186, "B19013_001E": 183409, "B19013_001M": 48729, "B01003_001E": 4507, "state": "06", "county": "085", "tract": "503333", "latino_share": 0.25648990459285553, "camera_count": 2, "arterial_road_m": 4589.181205516662, "land_area_km2": 2.082713, "pop_density_per_km2": 2164.0043539364283, "arterial_km_per_km2": 2.2034630818152392, "log_income": 12.119473910664798, "city": "San Jose" }, "geometry": { "type": "Polygon", "coordinates": [ [ [ -121.80205, 37.305431 ], [ -121.799346, 37.305764 ], [ -121.797881, 37.306615 ], [ -121.796154, 37.304212 ], [ -121.795023, 37.303674 ], [ -121.793988, 37.305618 ], [ -121.794308, 37.306198 ], [ -121.790338, 37.306717 ], [ -121.787966, 37.307854 ], [ -121.787624, 37.306451 ], [ -121.784999, 37.306294 ], [ -121.782927, 37.303733 ], [ -121.780439, 37.303172 ], [ -121.778727, 37.301191 ], [ -121.774548, 37.301858 ], [ -121.773152, 37.299589 ], [ -121.771625, 37.299159 ], [ -121.774522, 37.297584 ], [ -121.783451, 37.297178 ], [ -121.785092, 37.296071 ], [ -121.787559, 37.294854 ], [ -121.795389, 37.297802 ], [ -121.798278, 37.298139 ], [ -121.800729, 37.299698 ], [ -121.80205, 37.305431 ] ] ] } },
{ "type": "Feature", "properties": { "STATEFP": "06", "COUNTYFP": "085", "TRACTCE": "502202", "GEOIDFQ": "1400000US06085502202", "GEOID": "06085502202", "NAME": "5022.02", "NAMELSAD": "Census Tract 5022.02", "STUSPS": "CA", "NAMELSADCO": "Santa Clara County", "STATE_NAME": "California", "LSAD": "CT", "ALAND": 1115394, "AWATER": 0, "centroid_lon": -121.92058089637655, "centroid_lat": 37.298016018648184, "B03002_001E": 2996, "B03002_001M": 437, "B03002_012E": 490, "B03002_012M": 328, "B19013_001E": 106250, "B19013_001M": 22164, "B01003_001E": 2996, "state": "06", "county": "085", "tract": "502202", "latino_share": 0.16355140186915887, "camera_count": 1, "arterial_road_m": 4018.9717384072337, "land_area_km2": 1.115394, "pop_density_per_km2": 2686.0463656788543, "arterial_km_per_km2": 3.603185724871421, "log_income": 11.573550086786664, "city": "San Jose" }, "geometry": { "type": "Polygon", "coordinates": [ [ [ -121.931669, 37.297222 ], [ -121.930119, 37.297394 ], [ -121.925487, 37.299419 ], [ -121.922689, 37.299831 ], [ -121.921292, 37.300823 ], [ -121.918917, 37.301252 ], [ -121.915021, 37.304979 ], [ -121.913628, 37.307067 ], [ -121.913602, 37.303883 ], [ -121.913603, 37.302242 ], [ -121.91361, 37.300931 ], [ -121.91357, 37.298113 ], [ -121.913547, 37.295447 ], [ -121.913546, 37.294872 ], [ -121.913536, 37.294441 ], [ -121.918074, 37.294401 ], [ -121.92093, 37.294382 ], [ -121.922656, 37.294373 ], [ -121.924157, 37.294409 ], [ -121.931686, 37.294397 ], [ -121.931669, 37.297222 ] ] ] } },
{ "type": "Feature", "properties": { "STATEFP": "06", "COUNTYFP": "085", "TRACTCE": "503001", "GEOIDFQ": "1400000US06085503001", "GEOID": "06085503001", "NAME": "5030.01", "NAMELSAD": "Census Tract 5030.01", "STUSPS": "CA", "NAMELSADCO": "Santa Clara County", "STATE_NAME": "California", "LSAD": "CT", "ALAND": 1727835, "AWATER": 0, "centroid_lon": -121.89193317108848, "centroid_lat": 37.284043804728604, "B03002_001E": 4309, "B03002_001M": 478, "B03002_012E": 543, "B03002_012M": 140, "B19013_001E": 164271, "B19013_001M": 44108, "B01003_001E": 4309, "state": "06", "county": "085", "tract": "503001", "latino_share": 0.12601531677883498, "camera_count": 0, "arterial_road_m": 3265.4311607493337, "land_area_km2": 1.727835, "pop_density_per_km2": 2493.8723894353338, "arterial_km_per_km2": 1.8898975658840884, "log_income": 12.009272782055525, "city": "San Jose" }, "geometry": { "type": "Polygon", "coordinates": [ [ [ -121.904174, 37.283966 ], [ -121.893698, 37.2877 ], [ -121.88769, 37.289843 ], [ -121.880689, 37.292242 ], [ -121.881425, 37.290644 ], [ -121.881894, 37.28865 ], [ -121.883182, 37.285678 ], [ -121.882712, 37.284592 ], [ -121.881773, 37.283077 ], [ -121.888736, 37.280507 ], [ -121.892056, 37.279277 ], [ -121.892949, 37.278852 ], [ -121.898231, 37.276352 ], [ -121.902031, 37.281158 ], [ -121.904174, 37.283966 ] ] ] } },
{ "type": "Feature", "properties": { "STATEFP": "06", "COUNTYFP": "085", "TRACTCE": "500300", "GEOIDFQ": "1400000US06085500300", "GEOID": "06085500300", "NAME": "5003", "NAMELSAD": "Census Tract 5003", "STUSPS": "CA", "NAMELSADCO": "Santa Clara County", "STATE_NAME": "California", "LSAD": "CT", "ALAND": 2883346, "AWATER": 0, "centroid_lon": -121.90810425314127, "centroid_lat": 37.339622755546735, "B03002_001E": 4104, "B03002_001M": 489, "B03002_012E": 1054, "B03002_012M": 319, "B19013_001E": 137917, "B19013_001M": 49606, "B01003_001E": 4104, "state": "06", "county": "085", "tract": "500300", "latino_share": 0.25682261208577001, "camera_count": 5, "arterial_road_m": 22269.182416840718, "land_area_km2": 2.883346, "pop_density_per_km2": 1423.3463483050596, "arterial_km_per_km2": 7.7233819378044526, "log_income": 11.834407333920808, "city": "San Jose" }, "geometry": { "type": "Polygon", "coordinates": [ [ [ -121.921909, 37.346027 ], [ -121.913379, 37.352199 ], [ -121.911248, 37.354176 ], [ -121.909196, 37.350484 ], [ -121.908835, 37.349943 ], [ -121.908475, 37.349528 ], [ -121.90754, 37.348746 ], [ -121.906608, 37.348114 ], [ -121.904481, 37.346965 ], [ -121.902978, 37.345685 ], [ -121.902368, 37.344917 ], [ -121.901106, 37.342599 ], [ -121.899211, 37.339888 ], [ -121.902218, 37.338354 ], [ -121.898993, 37.333864 ], [ -121.899505, 37.329469 ], [ -121.89923, 37.328315 ], [ -121.900194, 37.326611 ], [ -121.904864, 37.326176 ], [ -121.906205, 37.326222 ], [ -121.91158, 37.326009 ], [ -121.911844, 37.329699 ], [ -121.911923, 37.330777 ], [ -121.911829, 37.331553 ], [ -121.909812, 37.33162 ], [ -121.90473, 37.331862 ], [ -121.90381, 37.331903 ], [ -121.909255, 37.336841 ], [ -121.913401, 37.340642 ], [ -121.916314, 37.343185 ], [ -121.921909, 37.346027 ] ] ] } },
{ "type": "Feature", "properties": { "STATEFP": "06", "COUNTYFP": "085", "TRACTCE": "503207", "GEOIDFQ": "1400000US06085503207", "GEOID": "06085503207", "NAME": "5032.07", "NAMELSAD": "Census Tract 5032.07", "STUSPS": "CA", "NAMELSADCO": "Santa Clara County", "STATE_NAME": "California", "LSAD": "CT", "ALAND": 1290000, "AWATER": 0, "centroid_lon": -121.81549064058632, "centroid_lat": 37.294620568467117, "B03002_001E": 3467, "B03002_001M": 397, "B03002_012E": 503, "B03002_012M": 176, "B19013_001E": 129079, "B19013_001M": 25941, "B01003_001E": 3467, "state": "06", "county": "085", "tract": "503207", "latino_share": 0.14508220363426594, "camera_count": 2, "arterial_road_m": 8173.3647179357595, "land_area_km2": 1.29, "pop_density_per_km2": 2687.5968992248063, "arterial_km_per_km2": 6.3359416418106669, "log_income": 11.768179899002329, "city": "San Jose" }, "geometry": { "type": "Polygon", "coordinates": [ [ [ -121.823785, 37.298797 ], [ -121.822392, 37.299486 ], [ -121.820916, 37.300395 ], [ -121.816774, 37.302981 ], [ -121.812956, 37.299052 ], [ -121.811, 37.2968 ], [ -121.81016, 37.294668 ], [ -121.810144, 37.294512 ], [ -121.809829, 37.290313 ], [ -121.809566, 37.286033 ], [ -121.809545, 37.285676 ], [ -121.810162, 37.284801 ], [ -121.813626, 37.284112 ], [ -121.813189, 37.284962 ], [ -121.811564, 37.287935 ], [ -121.811774, 37.289316 ], [ -121.813507, 37.289582 ], [ -121.816261, 37.288755 ], [ -121.818264, 37.290215 ], [ -121.82053, 37.295295 ], [ -121.821314, 37.29646 ], [ -121.822277, 37.297383 ], [ -121.824578, 37.298469 ], [ -121.823785, 37.298797 ] ] ] } },
{ "type": "Feature", "properties": { "STATEFP": "06", "COUNTYFP": "085", "TRACTCE": "502902", "GEOIDFQ": "1400000US06085502902", "GEOID": "06085502902", "NAME": "5029.02", "NAMELSAD": "Census Tract 5029.02", "STUSPS": "CA", "NAMELSADCO": "Santa Clara County", "STATE_NAME": "California", "LSAD": "CT", "ALAND": 2628380, "AWATER": 0, "centroid_lon": -121.91566103045081, "centroid_lat": 37.27365444133607, "B03002_001E": 9118, "B03002_001M": 1267, "B03002_012E": 1422, "B03002_012M": 320, "B19013_001E": 183851, "B19013_001M": 39259, "B01003_001E": 9118, "state": "06", "county": "085", "tract": "502902", "latino_share": 0.1559552533450318, "camera_count": 4, "arterial_road_m": 8134.6388558384406, "land_area_km2": 2.62838, "pop_density_per_km2": 3469.0569856717825, "arterial_km_per_km2": 3.0949249559951153, "log_income": 12.121880925931379, "city": "San Jose" }, "geometry": { "type": "Polygon", "coordinates": [ [ [ -121.923501, 37.278353 ], [ -121.922455, 37.282627 ], [ -121.920662, 37.284382 ], [ -121.920441, 37.284553 ], [ -121.918627, 37.284463 ], [ -121.913469, 37.286703 ], [ -121.913413, 37.282126 ], [ -121.910916, 37.278295 ], [ -121.910076, 37.277067 ], [ -121.908322, 37.274507 ], [ -121.906716, 37.272171 ], [ -121.905793, 37.270714 ], [ -121.904661, 37.267944 ], [ -121.907917, 37.266985 ], [ -121.908271, 37.266815 ], [ -121.914916, 37.264811 ], [ -121.920907, 37.261882 ], [ -121.922321, 37.261749 ], [ -121.922322, 37.267001 ], [ -121.922224, 37.267402 ], [ -121.922137, 37.267602 ], [ -121.920843, 37.270304 ], [ -121.920843, 37.271511 ], [ -121.920896, 37.273384 ], [ -121.921484, 37.274366 ], [ -121.923113, 37.276803 ], [ -121.923501, 37.278353 ] ] ] } },
{ "type": "Feature", "properties": { "STATEFP": "06", "COUNTYFP": "085", "TRACTCE": "504323", "GEOIDFQ": "1400000US06085504323", "GEOID": "06085504323", "NAME": "5043.23", "NAMELSAD": "Census Tract 5043.23", "STUSPS": "CA", "NAMELSADCO": "Santa Clara County", "STATE_NAME": "California", "LSAD": "CT", "ALAND": 1289173, "AWATER": 0, "centroid_lon": -121.88106363272561, "centroid_lat": 37.398824022410842, "B03002_001E": 5690, "B03002_001M": 667, "B03002_012E": 387, "B03002_012M": 109, "B19013_001E": 151445, "B19013_001M": 18686, "B01003_001E": 5690, "state": "06", "county": "085", "tract": "504323", "latino_share": 0.068014059753954303, "camera_count": 3, "arterial_road_m": 11542.029694064568, "land_area_km2": 1.289173, "pop_density_per_km2": 4413.6822598673725, "arterial_km_per_km2": 8.9530495085334305, "log_income": 11.927977801714299, "city": "San Jose" }, "geometry": { "type": "Polygon", "coordinates": [ [ [ -121.887876, 37.406952 ], [ -121.882117, 37.40332 ], [ -121.877501, 37.405584 ], [ -121.875559, 37.39924 ], [ -121.874826, 37.397166 ], [ -121.873808, 37.395275 ], [ -121.877133, 37.392966 ], [ -121.877534, 37.392667 ], [ -121.879161, 37.390981 ], [ -121.881464, 37.388614 ], [ -121.883925, 37.396317 ], [ -121.884349, 37.397497 ], [ -121.884713, 37.398664 ], [ -121.885363, 37.400003 ], [ -121.886293, 37.401704 ], [ -121.887006, 37.403023 ], [ -121.891436, 37.403373 ], [ -121.887876, 37.406952 ] ] ] } },
{ "type": "Feature", "properties": { "STATEFP": "06", "COUNTYFP": "085", "TRACTCE": "512059", "GEOIDFQ": "1400000US06085512059", "GEOID": "06085512059", "NAME": "5120.59", "NAMELSAD": "Census Tract 5120.59", "STUSPS": "CA", "NAMELSADCO": "Santa Clara County", "STATE_NAME": "California", "LSAD": "CT", "ALAND": 2359778, "AWATER": 0, "centroid_lon": -121.7963722329638, "centroid_lat": 37.233746644953925, "B03002_001E": 6970, "B03002_001M": 875, "B03002_012E": 1992, "B03002_012M": 519, "B19013_001E": 163375, "B19013_001M": 33278, "B01003_001E": 6970, "state": "06", "county": "085", "tract": "512059", "latino_share": 0.28579626972740313, "camera_count": 2, "arterial_road_m": 9877.4215490764363, "land_area_km2": 2.359778, "pop_density_per_km2": 2953.6676755186295, "arterial_km_per_km2": 4.1857418575291554, "log_income": 12.003803450926522, "city": "San Jose" }, "geometry": { "type": "Polygon", "coordinates": [ [ [ -121.804056, 37.243137 ], [ -121.801826, 37.242788 ], [ -121.799997, 37.242185 ], [ -121.798837, 37.241747 ], [ -121.792757, 37.240139 ], [ -121.791242, 37.239812 ], [ -121.789276, 37.239293 ], [ -121.789531, 37.23877 ], [ -121.784202, 37.235574 ], [ -121.788489, 37.232181 ], [ -121.790609, 37.229824 ], [ -121.791062, 37.225168 ], [ -121.789145, 37.223547 ], [ -121.788631, 37.223401 ], [ -121.788902, 37.222766 ], [ -121.791861, 37.224915 ], [ -121.791675, 37.225942 ], [ -121.794169, 37.226152 ], [ -121.801088, 37.225718 ], [ -121.803662, 37.224639 ], [ -121.803968, 37.227355 ], [ -121.803752, 37.227864 ], [ -121.803804, 37.231206 ], [ -121.803825, 37.232909 ], [ -121.80384, 37.23699 ], [ -121.803836, 37.239378 ], [ -121.804056, 37.24302 ], [ -121.804056, 37.243137 ] ] ] } },
{ "type": "Feature", "properties": { "STATEFP": "06", "COUNTYFP": "085", "TRACTCE": "503126", "GEOIDFQ": "1400000US06085503126", "GEOID": "06085503126", "NAME": "5031.26", "NAMELSAD": "Census Tract 5031.26", "STUSPS": "CA", "NAMELSADCO": "Santa Clara County", "STATE_NAME": "California", "LSAD": "CT", "ALAND": 1545159, "AWATER": 0, "centroid_lon": -121.85911546200973, "centroid_lat": 37.295301134166742, "B03002_001E": 4100, "B03002_001M": 914, "B03002_012E": 1251, "B03002_012M": 876, "B19013_001E": 172500, "B19013_001M": 52697, "B01003_001E": 4100, "state": "06", "county": "085", "tract": "503126", "latino_share": 0.30512195121951219, "camera_count": 2, "arterial_road_m": 3387.7919788079398, "land_area_km2": 1.545159, "pop_density_per_km2": 2653.4486094958515, "arterial_km_per_km2": 2.1925199793729577, "log_income": 12.058152515453552, "city": "San Jose" }, "geometry": { "type": "Polygon", "coordinates": [ [ [ -121.870268, 37.297486 ], [ -121.861287, 37.303522 ], [ -121.858388, 37.300657 ], [ -121.856608, 37.298844 ], [ -121.854348, 37.296535 ], [ -121.852545, 37.294625 ], [ -121.848266, 37.290365 ], [ -121.845266, 37.287454 ], [ -121.843599, 37.285925 ], [ -121.848347, 37.28788 ], [ -121.848503, 37.287934 ], [ -121.864879, 37.293348 ], [ -121.867319, 37.294332 ], [ -121.871144, 37.296703 ], [ -121.870268, 37.297486 ] ] ] } },
{ "type": "Feature", "properties": { "STATEFP": "06", "COUNTYFP": "085", "TRACTCE": "502103", "GEOIDFQ": "1400000US06085502103", "GEOID": "06085502103", "NAME": "5021.03", "NAMELSAD": "Census Tract 5021.03", "STUSPS": "CA", "NAMELSADCO": "Santa Clara County", "STATE_NAME": "California", "LSAD": "CT", "ALAND": 1029808, "AWATER": 0, "centroid_lon": -121.92366120294714, "centroid_lat": 37.313326261555346, "B03002_001E": 4205, "B03002_001M": 557, "B03002_012E": 2197, "B03002_012M": 580, "B19013_001E": 83967, "B19013_001M": 6197, "B01003_001E": 4205, "state": "06", "county": "085", "tract": "502103", "latino_share": 0.5224732461355529, "camera_count": 2, "arterial_road_m": 5500.5315201671392, "land_area_km2": 1.029808, "pop_density_per_km2": 4083.2854279632706, "arterial_km_per_km2": 5.3413175273129934, "log_income": 11.33817914349401, "city": "San Jose" }, "geometry": { "type": "Polygon", "coordinates": [ [ [ -121.931841, 37.316949 ], [ -121.928865, 37.316687 ], [ -121.925425, 37.316718 ], [ -121.921648, 37.316771 ], [ -121.920013, 37.316716 ], [ -121.919142, 37.316624 ], [ -121.91845, 37.316501 ], [ -121.915001, 37.315221 ], [ -121.915134, 37.314351 ], [ -121.914908, 37.313338 ], [ -121.921973, 37.306913 ], [ -121.922253, 37.308644 ], [ -121.92328, 37.310697 ], [ -121.927648, 37.310692 ], [ -121.93179, 37.310734 ], [ -121.931837, 37.316177 ], [ -121.931838, 37.316523 ], [ -121.931841, 37.316949 ] ] ] } },
{ "type": "Feature", "properties": { "STATEFP": "06", "COUNTYFP": "085", "TRACTCE": "502907", "GEOIDFQ": "1400000US06085502907", "GEOID": "06085502907", "NAME": "5029.07", "NAMELSAD": "Census Tract 5029.07", "STUSPS": "CA", "NAMELSADCO": "Santa Clara County", "STATE_NAME": "California", "LSAD": "CT", "ALAND": 1251551, "AWATER": 0, "centroid_lon": -121.89727520650554, "centroid_lat": 37.263339162001955, "B03002_001E": 3811, "B03002_001M": 381, "B03002_012E": 672, "B03002_012M": 273, "B19013_001E": 205313, "B19013_001M": 46811, "B01003_001E": 3811, "state": "06", "county": "085", "tract": "502907", "latino_share": 0.17633167147730255, "camera_count": 0, "arterial_road_m": 3450.327665583457, "land_area_km2": 1.251551, "pop_density_per_km2": 3045.0217370286946, "arterial_km_per_km2": 2.756841443603542, "log_income": 12.232290922970126, "city": "San Jose" }, "geometry": { "type": "Polygon", "coordinates": [ [ [ -121.904661, 37.267944 ], [ -121.89586, 37.270369 ], [ -121.89496, 37.270796 ], [ -121.89377, 37.26788 ], [ -121.89265, 37.265152 ], [ -121.891554, 37.262468 ], [ -121.890285, 37.259372 ], [ -121.893385, 37.257842 ], [ -121.898344, 37.255414 ], [ -121.899092, 37.256368 ], [ -121.901002, 37.259729 ], [ -121.901197, 37.26019 ], [ -121.902168, 37.262567 ], [ -121.903287, 37.26529 ], [ -121.903939, 37.266243 ], [ -121.904661, 37.267944 ] ] ] } },
{ "type": "Feature", "properties": { "STATEFP": "06", "COUNTYFP": "085", "TRACTCE": "504602", "GEOIDFQ": "1400000US06085504602", "GEOID": "06085504602", "NAME": "5046.02", "NAMELSAD": "Census Tract 5046.02", "STUSPS": "CA", "NAMELSADCO": "Santa Clara County", "STATE_NAME": "California", "LSAD": "CT", "ALAND": 58172196, "AWATER": 5655714, "centroid_lon": -121.98937406490626, "centroid_lat": 37.438132656037432, "B03002_001E": 1639, "B03002_001M": 289, "B03002_012E": 961, "B03002_012M": 283, "B19013_001E": 89861, "B19013_001M": 68463, "B01003_001E": 1639, "state": "06", "county": "085", "tract": "504602", "latino_share": 0.58633312995729103, "camera_count": 8, "arterial_road_m": 74992.026546495123, "land_area_km2": 58.172196, "pop_density_per_km2": 28.174972112106616, "arterial_km_per_km2": 1.2891386556301765, "log_income": 11.40601931098422, "city": "San Jose" }, "geometry": { "type": "Polygon", "coordinates": [ [ [ -122.059911423613002, 37.4473360004136 ], [ -122.058336, 37.446788 ], [ -122.045995496044995, 37.449034795412501 ], [ -122.045901, 37.449052 ], [ -122.045662964269994, 37.4492335747765 ], [ -122.038599, 37.454622 ], [ -122.038599, 37.462048 ], [ -122.040872722043005, 37.462863367488197 ], [ -122.037266, 37.464699 ], [ -122.036182, 37.464966 ], [ -122.025425, 37.46563 ], [ -122.020872, 37.465139 ], [ -121.996471, 37.467039 ], [ -121.994311, 37.466049 ], [ -121.992669, 37.464639 ], [ -121.980014, 37.460892 ], [ -121.974706, 37.46074 ], [ -121.968524, 37.461953 ], [ -121.964157, 37.463151 ], [ -121.959313, 37.463515 ], [ -121.951921, 37.461461 ], [ -121.948126, 37.461845 ], [ -121.946174, 37.463946 ], [ -121.947087, 37.467424 ], [ -121.944914, 37.469163 ], [ -121.944244, 37.468526 ], [ -121.943779, 37.465457 ], [ -121.941085, 37.464948 ], [ -121.938903, 37.462394 ], [ -121.936025, 37.462929 ], [ -121.934987, 37.462464 ], [ -121.935137, 37.46084 ], [ -121.934116, 37.460331 ], [ -121.931471, 37.460911 ], [ -121.931128, 37.45739 ], [ -121.932656, 37.456919 ], [ -121.932069, 37.455277 ], [ -121.928444, 37.457394 ], [ -121.927561, 37.456925 ], [ -121.9279, 37.455352 ], [ -121.926604, 37.45506 ], [ -121.925041, 37.454186 ], [ -121.923001, 37.455296 ], [ -121.922671, 37.453645 ], [ -121.919898, 37.440032 ], [ -121.919058, 37.435517 ], [ -121.918201, 37.430066 ], [ -121.916383, 37.425772 ], [ -121.92068, 37.424204 ], [ -121.926432, 37.422761 ], [ -121.930737, 37.422367 ], [ -121.943735, 37.419472 ], [ -121.957045, 37.419448 ], [ -121.959392, 37.419325 ], [ -121.967925, 37.418999 ], [ -121.968023, 37.419005 ], [ -121.97065, 37.418673 ], [ -121.98632, 37.412231 ], [ -121.986838, 37.412059 ], [ -121.987577, 37.411822 ], [ -121.989179, 37.4114 ], [ -121.995782, 37.409928 ], [ -122.004686, 37.407999 ], [ -122.00479, 37.407976 ], [ -122.006109, 37.407689 ], [ -122.00964, 37.40689 ], [ -122.020378, 37.40444 ], [ -122.02713, 37.40313 ], [ -122.032916, 37.401676 ], [ -122.035491, 37.400811 ], [ -122.035937, 37.400637 ], [ -122.037361, 37.400906 ], [ -122.037255, 37.40189 ], [ -122.03703, 37.419 ], [ -122.036924, 37.420102 ], [ -122.03531, 37.42645 ], [ -122.037118, 37.426649 ], [ -122.037305, 37.426717 ], [ -122.040231, 37.426988 ], [ -122.040418, 37.426947 ], [ -122.041089, 37.427007 ], [ -122.043572, 37.427239 ], [ -122.049172, 37.426139 ], [ -122.054472, 37.435739 ], [ -122.059673, 37.434039 ], [ -122.060006, 37.443622 ], [ -122.059911423613002, 37.4473360004136 ] ] ] } },
{ "type": "Feature", "properties": { "STATEFP": "06", "COUNTYFP": "085", "TRACTCE": "512058", "GEOIDFQ": "1400000US06085512058", "GEOID": "06085512058", "NAME": "5120.58", "NAMELSAD": "Census Tract 5120.58", "STUSPS": "CA", "NAMELSADCO": "Santa Clara County", "STATE_NAME": "California", "LSAD": "CT", "ALAND": 1534463, "AWATER": 0, "centroid_lon": -121.79683047042471, "centroid_lat": 37.246873090365504, "B03002_001E": 5584, "B03002_001M": 558, "B03002_012E": 1652, "B03002_012M": 390, "B19013_001E": 113680, "B19013_001M": 16014, "B01003_001E": 5584, "state": "06", "county": "085", "tract": "512058", "latino_share": 0.29584527220630374, "camera_count": 9, "arterial_road_m": 15553.863634381505, "land_area_km2": 1.534463, "pop_density_per_km2": 3639.0580939390525, "arterial_km_per_km2": 10.136356259083149, "log_income": 11.641142762770983, "city": "San Jose" }, "geometry": { "type": "Polygon", "coordinates": [ [ [ -121.803945, 37.245843 ], [ -121.803944, 37.245964 ], [ -121.804024, 37.251476 ], [ -121.802085, 37.254839 ], [ -121.802898, 37.25533 ], [ -121.80249, 37.255625 ], [ -121.792408, 37.249631 ], [ -121.786095, 37.245854 ], [ -121.791885, 37.240855 ], [ -121.792659, 37.240452 ], [ -121.792757, 37.240139 ], [ -121.798837, 37.241747 ], [ -121.799997, 37.242185 ], [ -121.801826, 37.242788 ], [ -121.804056, 37.243137 ], [ -121.803945, 37.245843 ] ] ] } },
{ "type": "Feature", "properties": { "STATEFP": "06", "COUNTYFP": "085", "TRACTCE": "503124", "GEOIDFQ": "1400000US06085503124", "GEOID": "06085503124", "NAME": "5031.24", "NAMELSAD": "Census Tract 5031.24", "STUSPS": "CA", "NAMELSADCO": "Santa Clara County", "STATE_NAME": "California", "LSAD": "CT", "ALAND": 1572583, "AWATER": 0, "centroid_lon": -121.87185700217368, "centroid_lat": 37.283650360393061, "B03002_001E": 5592, "B03002_001M": 1027, "B03002_012E": 2439, "B03002_012M": 606, "B19013_001E": 106455, "B19013_001M": 27014, "B01003_001E": 5592, "state": "06", "county": "085", "tract": "503124", "latino_share": 0.43615879828326182, "camera_count": 3, "arterial_road_m": 10418.795631575396, "land_area_km2": 1.572583, "pop_density_per_km2": 3555.9331367565337, "arterial_km_per_km2": 6.6252755063328266, "log_income": 11.575477639627193, "city": "San Jose" }, "geometry": { "type": "Polygon", "coordinates": [ [ [ -121.881425, 37.290644 ], [ -121.880689, 37.292242 ], [ -121.87539, 37.292772 ], [ -121.873116, 37.294358 ], [ -121.872864, 37.294715 ], [ -121.872791, 37.294534 ], [ -121.87163, 37.291643 ], [ -121.871361, 37.290967 ], [ -121.870895, 37.289856 ], [ -121.870136, 37.288355 ], [ -121.86585, 37.282227 ], [ -121.864749, 37.279805 ], [ -121.863403, 37.276531 ], [ -121.862939, 37.27445 ], [ -121.863677, 37.274487 ], [ -121.870401, 37.275277 ], [ -121.875302, 37.275738 ], [ -121.876789, 37.2757 ], [ -121.877465, 37.276842 ], [ -121.877846, 37.278496 ], [ -121.872106, 37.277992 ], [ -121.871379, 37.278153 ], [ -121.872283, 37.28016 ], [ -121.872561, 37.281334 ], [ -121.873095, 37.281479 ], [ -121.873703, 37.284221 ], [ -121.87352, 37.284655 ], [ -121.876566, 37.287587 ], [ -121.881894, 37.28865 ], [ -121.881425, 37.290644 ] ] ] } },
{ "type": "Feature", "properties": { "STATEFP": "06", "COUNTYFP": "085", "TRACTCE": "512029", "GEOIDFQ": "1400000US06085512029", "GEOID": "06085512029", "NAME": "5120.29", "NAMELSAD": "Census Tract 5120.29", "STUSPS": "CA", "NAMELSADCO": "Santa Clara County", "STATE_NAME": "California", "LSAD": "CT", "ALAND": 1903945, "AWATER": 0, "centroid_lon": -121.81598842096547, "centroid_lat": 37.247680316124267, "B03002_001E": 7939, "B03002_001M": 1938, "B03002_012E": 2548, "B03002_012M": 809, "B19013_001E": 183125, "B19013_001M": 42805, "B01003_001E": 7939, "state": "06", "county": "085", "tract": "512029", "latino_share": 0.32094722257211233, "camera_count": 3, "arterial_road_m": 9153.1561233229313, "land_area_km2": 1.903945, "pop_density_per_km2": 4169.7633072383915, "arterial_km_per_km2": 4.8074687679123773, "log_income": 12.117924258753469, "city": "San Jose" }, "geometry": { "type": "Polygon", "coordinates": [ [ [ -121.830838, 37.251288 ], [ -121.825074, 37.251398 ], [ -121.821818, 37.251426 ], [ -121.817494, 37.251459 ], [ -121.812841, 37.251494 ], [ -121.809802, 37.25125 ], [ -121.808862, 37.251543 ], [ -121.807752, 37.251849 ], [ -121.804024, 37.251476 ], [ -121.803944, 37.245964 ], [ -121.803945, 37.245843 ], [ -121.804056, 37.243137 ], [ -121.804056, 37.24302 ], [ -121.80544, 37.243206 ], [ -121.817689, 37.243414 ], [ -121.820398, 37.243575 ], [ -121.823479, 37.244396 ], [ -121.829988, 37.247493 ], [ -121.829969, 37.248048 ], [ -121.830838, 37.251288 ] ] ] } },
{ "type": "Feature", "properties": { "STATEFP": "06", "COUNTYFP": "085", "TRACTCE": "503322", "GEOIDFQ": "1400000US06085503322", "GEOID": "06085503322", "NAME": "5033.22", "NAMELSAD": "Census Tract 5033.22", "STUSPS": "CA", "NAMELSADCO": "Santa Clara County", "STATE_NAME": "California", "LSAD": "CT", "ALAND": 1443922, "AWATER": 0, "centroid_lon": -121.79780130849478, "centroid_lat": 37.341322443920575, "B03002_001E": 4612, "B03002_001M": 880, "B03002_012E": 1717, "B03002_012M": 694, "B19013_001E": 111326, "B19013_001M": 22252, "B01003_001E": 4612, "state": "06", "county": "085", "tract": "503322", "latino_share": 0.3722896790980052, "camera_count": 2, "arterial_road_m": 4532.2598437479983, "land_area_km2": 1.443922, "pop_density_per_km2": 3194.0783504926167, "arterial_km_per_km2": 3.138853652585111, "log_income": 11.620218112857845, "city": "San Jose" }, "geometry": { "type": "Polygon", "coordinates": [ [ [ -121.808585, 37.344549 ], [ -121.804875, 37.346419 ], [ -121.802402, 37.347693 ], [ -121.798254, 37.344871 ], [ -121.797521, 37.34438 ], [ -121.796091, 37.343429 ], [ -121.790636, 37.346218 ], [ -121.790799, 37.343674 ], [ -121.789996, 37.342069 ], [ -121.785202, 37.338684 ], [ -121.785616, 37.338678 ], [ -121.79168, 37.33749 ], [ -121.794116, 37.336824 ], [ -121.800618, 37.335547 ], [ -121.805913, 37.341519 ], [ -121.806464, 37.342135 ], [ -121.807514, 37.343289 ], [ -121.807963, 37.343794 ], [ -121.808585, 37.344549 ] ] ] } },
{ "type": "Feature", "properties": { "STATEFP": "06", "COUNTYFP": "085", "TRACTCE": "503002", "GEOIDFQ": "1400000US06085503002", "GEOID": "06085503002", "NAME": "5030.02", "NAMELSAD": "Census Tract 5030.02", "STUSPS": "CA", "NAMELSADCO": "Santa Clara County", "STATE_NAME": "California", "LSAD": "CT", "ALAND": 1353951, "AWATER": 0, "centroid_lon": -121.8873027583475, "centroid_lat": 37.276832827667121, "B03002_001E": 3669, "B03002_001M": 777, "B03002_012E": 1056, "B03002_012M": 727, "B19013_001E": 133108, "B19013_001M": 19745, "B01003_001E": 3669, "state": "06", "county": "085", "tract": "503002", "latino_share": 0.28781684382665579, "camera_count": 0, "arterial_road_m": 7985.546720450744, "land_area_km2": 1.353951, "pop_density_per_km2": 2709.8469590110722, "arterial_km_per_km2": 5.8979584345746225, "log_income": 11.798916107761031, "city": "San Jose" }, "geometry": { "type": "Polygon", "coordinates": [ [ [ -121.898231, 37.276352 ], [ -121.892949, 37.278852 ], [ -121.892056, 37.279277 ], [ -121.888736, 37.280507 ], [ -121.881773, 37.283077 ], [ -121.88146, 37.282117 ], [ -121.878394, 37.279714 ], [ -121.877846, 37.278496 ], [ -121.877465, 37.276842 ], [ -121.876789, 37.2757 ], [ -121.877855, 37.275517 ], [ -121.885885, 37.273403 ], [ -121.894021, 37.271258 ], [ -121.89496, 37.270796 ], [ -121.896198, 37.273781 ], [ -121.898231, 37.276352 ] ] ] } },
{ "type": "Feature", "properties": { "STATEFP": "06", "COUNTYFP": "085", "TRACTCE": "502601", "GEOIDFQ": "1400000US06085502601", "GEOID": "06085502601", "NAME": "5026.01", "NAMELSAD": "Census Tract 5026.01", "STUSPS": "CA", "NAMELSADCO": "Santa Clara County", "STATE_NAME": "California", "LSAD": "CT", "ALAND": 1410422, "AWATER": 0, "centroid_lon": -121.91473237348774, "centroid_lat": 37.290207817250625, "B03002_001E": 3103, "B03002_001M": 744, "B03002_012E": 957, "B03002_012M": 709, "B19013_001E": 160972, "B19013_001M": 55401, "B01003_001E": 3103, "state": "06", "county": "085", "tract": "502601", "latino_share": 0.30841121495327101, "camera_count": 1, "arterial_road_m": 3378.4962226866123, "land_area_km2": 1.410422, "pop_density_per_km2": 2200.0507649483629, "arterial_km_per_km2": 2.3953796967762928, "log_income": 11.988985715798496, "city": "San Jose" }, "geometry": { "type": "Polygon", "coordinates": [ [ [ -121.922656, 37.294373 ], [ -121.92093, 37.294382 ], [ -121.918074, 37.294401 ], [ -121.913536, 37.294441 ], [ -121.909929, 37.294419 ], [ -121.909356, 37.294232 ], [ -121.90867, 37.293808 ], [ -121.905087, 37.294479 ], [ -121.904945, 37.293416 ], [ -121.903038, 37.29063 ], [ -121.907398, 37.288647 ], [ -121.910003, 37.287516 ], [ -121.911319, 37.287534 ], [ -121.911805, 37.287157 ], [ -121.913469, 37.286703 ], [ -121.918627, 37.284463 ], [ -121.920441, 37.284553 ], [ -121.920662, 37.284382 ], [ -121.922455, 37.282627 ], [ -121.922557, 37.286256 ], [ -121.922554, 37.286739 ], [ -121.922597, 37.289862 ], [ -121.922616, 37.290286 ], [ -121.922653, 37.291956 ], [ -121.922656, 37.294373 ] ] ] } },
{ "type": "Feature", "properties": { "STATEFP": "06", "COUNTYFP": "085", "TRACTCE": "502101", "GEOIDFQ": "1400000US06085502101", "GEOID": "06085502101", "NAME": "5021.01", "NAMELSAD": "Census Tract 5021.01", "STUSPS": "CA", "NAMELSADCO": "Santa Clara County", "STATE_NAME": "California", "LSAD": "CT", "ALAND": 1914543, "AWATER": 0, "centroid_lon": -121.93602036416063, "centroid_lat": 37.305928719919272, "B03002_001E": 4963, "B03002_001M": 604, "B03002_012E": 948, "B03002_012M": 225, "B19013_001E": 124605, "B19013_001M": 33700, "B01003_001E": 4963, "state": "06", "county": "085", "tract": "502101", "latino_share": 0.19101349989925448, "camera_count": 2, "arterial_road_m": 7539.9448378024799, "land_area_km2": 1.914543, "pop_density_per_km2": 2592.2635323416607, "arterial_km_per_km2": 3.9382478418100191, "log_income": 11.732904012941281, "city": "San Jose" }, "geometry": { "type": "Polygon", "coordinates": [ [ [ -121.940597, 37.305111 ], [ -121.940503, 37.30954 ], [ -121.940174, 37.317242 ], [ -121.934138, 37.317216 ], [ -121.931841, 37.316949 ], [ -121.931838, 37.316523 ], [ -121.931837, 37.316177 ], [ -121.93179, 37.310734 ], [ -121.931779, 37.309328 ], [ -121.931751, 37.306162 ], [ -121.931741, 37.305199 ], [ -121.931674, 37.29803 ], [ -121.931669, 37.297222 ], [ -121.931686, 37.294397 ], [ -121.93582, 37.29436 ], [ -121.937587, 37.29436 ], [ -121.93832, 37.294389 ], [ -121.940213, 37.29812 ], [ -121.940466, 37.299292 ], [ -121.940488, 37.299743 ], [ -121.940521, 37.303145 ], [ -121.940597, 37.305111 ] ] ] } },
{ "type": "Feature", "properties": { "STATEFP": "06", "COUNTYFP": "085", "TRACTCE": "503401", "GEOIDFQ": "1400000US06085503401", "GEOID": "06085503401", "NAME": "5034.01", "NAMELSAD": "Census Tract 5034.01", "STUSPS": "CA", "NAMELSADCO": "Santa Clara County", "STATE_NAME": "California", "LSAD": "CT", "ALAND": 902364, "AWATER": 0, "centroid_lon": -121.84082335495647, "centroid_lat": 37.333082589751179, "B03002_001E": 4203, "B03002_001M": 594, "B03002_012E": 3253, "B03002_012M": 570, "B19013_001E": 93571, "B19013_001M": 17845, "B01003_001E": 4203, "state": "06", "county": "085", "tract": "503401", "latino_share": 0.77397097311444207, "camera_count": 1, "arterial_road_m": 6296.2465917004247, "land_area_km2": 0.902364, "pop_density_per_km2": 4657.7656023511572, "arterial_km_per_km2": 6.9775019744808349, "log_income": 11.446475785398915, "city": "San Jose" }, "geometry": { "type": "Polygon", "coordinates": [ [ [ -121.848591, 37.335812 ], [ -121.845914, 37.338042 ], [ -121.843109, 37.339904 ], [ -121.839609, 37.336302 ], [ -121.837411, 37.334046 ], [ -121.836973, 37.333597 ], [ -121.834479, 37.331039 ], [ -121.831756, 37.328287 ], [ -121.833859, 37.326883 ], [ -121.836705, 37.329635 ], [ -121.840183, 37.327249 ], [ -121.841773, 37.328955 ], [ -121.842783, 37.330006 ], [ -121.846667, 37.333875 ], [ -121.848591, 37.335812 ] ] ] } },
{ "type": "Feature", "properties": { "STATEFP": "06", "COUNTYFP": "085", "TRACTCE": "501402", "GEOIDFQ": "1400000US06085501402", "GEOID": "06085501402", "NAME": "5014.02", "NAMELSAD": "Census Tract 5014.02", "STUSPS": "CA", "NAMELSADCO": "Santa Clara County", "STATE_NAME": "California", "LSAD": "CT", "ALAND": 522619, "AWATER": 0, "centroid_lon": -121.86645244366409, "centroid_lat": 37.345348748671533, "B03002_001E": 2716, "B03002_001M": 441, "B03002_012E": 1378, "B03002_012M": 342, "B19013_001E": 93092, "B19013_001M": 26817, "B01003_001E": 2716, "state": "06", "county": "085", "tract": "501402", "latino_share": 0.50736377025036816, "camera_count": 2, "arterial_road_m": 2142.8259755777299, "land_area_km2": 0.522619, "pop_density_per_km2": 5196.9025236357656, "arterial_km_per_km2": 4.1001685273167068, "log_income": 11.441343530464556, "city": "San Jose" }, "geometry": { "type": "Polygon", "coordinates": [ [ [ -121.873875, 37.344095 ], [ -121.867738, 37.347 ], [ -121.864134, 37.348717 ], [ -121.861728, 37.349762 ], [ -121.859173, 37.346813 ], [ -121.860425, 37.346196 ], [ -121.864846, 37.344042 ], [ -121.870572, 37.340458 ], [ -121.871133, 37.342131 ], [ -121.873875, 37.344095 ] ] ] } },
{ "type": "Feature", "properties": { "STATEFP": "06", "COUNTYFP": "085", "TRACTCE": "511914", "GEOIDFQ": "1400000US06085511914", "GEOID": "06085511914", "NAME": "5119.14", "NAMELSAD": "Census Tract 5119.14", "STUSPS": "CA", "NAMELSADCO": "Santa Clara County", "STATE_NAME": "California", "LSAD": "CT", "ALAND": 2776705, "AWATER": 0, "centroid_lon": -121.87705863604012, "centroid_lat": 37.230550191138306, "B03002_001E": 6319, "B03002_001M": 985, "B03002_012E": 326, "B03002_012M": 107, "B19013_001E": 243836, "B19013_001M": 28152, "B01003_001E": 6319, "state": "06", "county": "085", "tract": "511914", "latino_share": 0.051590441525557841, "camera_count": 0, "arterial_road_m": 10647.681377797249, "land_area_km2": 2.776705, "pop_density_per_km2": 2275.7188826324723, "arterial_km_per_km2": 3.834646236383501, "log_income": 12.404251147146393, "city": "San Jose" }, "geometry": { "type": "Polygon", "coordinates": [ [ [ -121.886649, 37.237889 ], [ -121.880875, 37.240796 ], [ -121.878633, 37.242358 ], [ -121.874926, 37.242606 ], [ -121.874762, 37.241267 ], [ -121.873122, 37.2363 ], [ -121.871809, 37.233377 ], [ -121.87037, 37.229294 ], [ -121.868821, 37.226827 ], [ -121.862268, 37.221646 ], [ -121.864349, 37.220766 ], [ -121.867314, 37.221353 ], [ -121.869602, 37.222151 ], [ -121.872575, 37.222088 ], [ -121.876552, 37.221994 ], [ -121.881345, 37.221896 ], [ -121.882074, 37.221706 ], [ -121.884966, 37.224904 ], [ -121.884369, 37.228153 ], [ -121.884103, 37.232229 ], [ -121.887192, 37.236072 ], [ -121.886649, 37.237889 ] ] ] } },
{ "type": "Feature", "properties": { "STATEFP": "06", "COUNTYFP": "085", "TRACTCE": "502903", "GEOIDFQ": "1400000US06085502903", "GEOID": "06085502903", "NAME": "5029.03", "NAMELSAD": "Census Tract 5029.03", "STUSPS": "CA", "NAMELSADCO": "Santa Clara County", "STATE_NAME": "California", "LSAD": "CT", "ALAND": 1882830, "AWATER": 0, "centroid_lon": -121.90503874065001, "centroid_lat": 37.277927687448503, "B03002_001E": 5341, "B03002_001M": 508, "B03002_012E": 813, "B03002_012M": 198, "B19013_001E": 233750, "B19013_001M": 39886, "B01003_001E": 5341, "state": "06", "county": "085", "tract": "502903", "latino_share": 0.15221868563939336, "camera_count": 2, "arterial_road_m": 3232.5086965197356, "land_area_km2": 1.88283, "pop_density_per_km2": 2836.6873270555493, "arterial_km_per_km2": 1.716835134621679, "log_income": 12.362007447150933, "city": "San Jose" }, "geometry": { "type": "Polygon", "coordinates": [ [ [ -121.913469, 37.286703 ], [ -121.911805, 37.287157 ], [ -121.911319, 37.287534 ], [ -121.910003, 37.287516 ], [ -121.907398, 37.288647 ], [ -121.904174, 37.283966 ], [ -121.902031, 37.281158 ], [ -121.898231, 37.276352 ], [ -121.896198, 37.273781 ], [ -121.89496, 37.270796 ], [ -121.89586, 37.270369 ], [ -121.904661, 37.267944 ], [ -121.905793, 37.270714 ], [ -121.906716, 37.272171 ], [ -121.908322, 37.274507 ], [ -121.910076, 37.277067 ], [ -121.910916, 37.278295 ], [ -121.913413, 37.282126 ], [ -121.913469, 37.286703 ] ] ] } }
]
}
