{
"type": "FeatureCollection",
"name": "san_diego_tracts_analysis_table",
"crs": { "type": "name", "properties": { "name": "urn:ogc:def:crs:EPSG::4269" } },
"features": [
{ "type": "Feature", "properties": { "STATEFP": "06", "COUNTYFP": "073", "TRACTCE": "003212", "GEOIDFQ": "1400000US06073003212", "GEOID": "06073003212", "NAME": "32.12", "NAMELSAD": "Census Tract 32.12", "STUSPS": "CA", "NAMELSADCO": "San Diego County", "STATE_NAME": "California", "LSAD": "CT", "ALAND": 1257736, "AWATER": 0, "centroid_lon": -117.05394194465876, "centroid_lat": 32.669665727728606, "B03002_001E": 3930, "B03002_001M": 437, "B03002_012E": 1533, "B03002_012M": 338, "B19013_001E": 103281, "B19013_001M": 23605, "B01003_001E": 3930, "state": "06", "county": "073", "tract": "003212", "latino_share": 0.39007633587786261, "camera_count": 0, "arterial_road_m": 8624.2188839807186, "land_area_km2": 1.257736, "pop_density_per_km2": 3124.6620912496742, "arterial_km_per_km2": 6.856938883820388, "log_income": 11.545208707890382, "city": "San Diego" }, "geometry": { "type": "Polygon", "coordinates": [ [ [ -117.061611, 32.663883 ], [ -117.060414, 32.667551 ], [ -117.0616, 32.672291 ], [ -117.059695, 32.672818 ], [ -117.057102, 32.671774 ], [ -117.054881, 32.672363 ], [ -117.05461, 32.674401 ], [ -117.053325, 32.675486 ], [ -117.049654, 32.675794 ], [ -117.049492, 32.677232 ], [ -117.048706, 32.677663 ], [ -117.048374, 32.673345 ], [ -117.047311, 32.670394 ], [ -117.045309, 32.670971 ], [ -117.044586, 32.670178 ], [ -117.044383, 32.669699 ], [ -117.050097, 32.666634 ], [ -117.054489, 32.664725 ], [ -117.057379, 32.664019 ], [ -117.0574, 32.664124 ], [ -117.058548, 32.663919 ], [ -117.061256, 32.663674 ], [ -117.06101, 32.664057 ], [ -117.061611, 32.663883 ] ] ] } },
{ "type": "Feature", "properties": { "STATEFP": "06", "COUNTYFP": "073", "TRACTCE": "004501", "GEOIDFQ": "1400000US06073004501", "GEOID": "06073004501", "NAME": "45.01", "NAMELSAD": "Census Tract 45.01", "STUSPS": "CA", "NAMELSADCO": "San Diego County", "STATE_NAME": "California", "LSAD": "CT", "ALAND": 327790, "AWATER": 0, "centroid_lon": -117.13817258365964, "centroid_lat": 32.717633438337693, "B03002_001E": 2850, "B03002_001M": 304, "B03002_012E": 1252, "B03002_012M": 279, "B19013_001E": 77444, "B19013_001M": 12330, "B01003_001E": 2850, "state": "06", "county": "073", "tract": "004501", "latino_share": 0.43929824561403508, "camera_count": 0, "arterial_road_m": 3082.1005154299619, "land_area_km2": 0.32779, "pop_density_per_km2": 8694.5910491473187, "arterial_km_per_km2": 9.4026679136946267, "log_income": 11.257310373509055, "city": "San Diego" }, "geometry": { "type": "Polygon", "coordinates": [ [ [ -117.142525, 32.719443 ], [ -117.140308, 32.719456 ], [ -117.138198, 32.719463 ], [ -117.133899, 32.719447 ], [ -117.133862, 32.718978 ], [ -117.133796, 32.716884 ], [ -117.133775, 32.715839 ], [ -117.13819, 32.715816 ], [ -117.140274, 32.715809 ], [ -117.142488, 32.715796 ], [ -117.142525, 32.719443 ] ] ] } },
{ "type": "Feature", "properties": { "STATEFP": "06", "COUNTYFP": "073", "TRACTCE": "002002", "GEOIDFQ": "1400000US06073002002", "GEOID": "06073002002", "NAME": "20.02", "NAMELSAD": "Census Tract 20.02", "STUSPS": "CA", "NAMELSADCO": "San Diego County", "STATE_NAME": "California", "LSAD": "CT", "ALAND": 1279784, "AWATER": 0, "centroid_lon": -117.09292374184591, "centroid_lat": 32.764569036485469, "B03002_001E": 2626, "B03002_001M": 341, "B03002_012E": 350, "B03002_012M": 171, "B19013_001E": 166605, "B19013_001M": 18864, "B01003_001E": 2626, "state": "06", "county": "073", "tract": "002002", "latino_share": 0.13328255902513328, "camera_count": 0, "arterial_road_m": 8694.9823581829332, "land_area_km2": 1.279784, "pop_density_per_km2": 2051.9087596031832, "arterial_km_per_km2": 6.7941014719538089, "log_income": 12.02338102026933, "city": "San Diego" }, "geometry": { "type": "Polygon", "coordinates": [ [ [ -117.100796, 32.759388 ], [ -117.097442, 32.762706 ], [ -117.097714, 32.763298 ], [ -117.097245, 32.763637 ], [ -117.096931, 32.772377 ], [ -117.094785, 32.771855 ], [ -117.090479, 32.769783 ], [ -117.089632, 32.769631 ], [ -117.089523, 32.769046 ], [ -117.086164, 32.767465 ], [ -117.084963, 32.76525 ], [ -117.085454, 32.765047 ], [ -117.087809, 32.765056 ], [ -117.087885, 32.758987 ], [ -117.092088, 32.759046 ], [ -117.09212, 32.758991 ], [ -117.093541, 32.758926 ], [ -117.094323, 32.759047 ], [ -117.100167, 32.758908 ], [ -117.100783, 32.757076 ], [ -117.101243, 32.75825 ], [ -117.100796, 32.759388 ] ] ] } },
{ "type": "Feature", "properties": { "STATEFP": "06", "COUNTYFP": "073", "TRACTCE": "009603", "GEOIDFQ": "1400000US06073009603", "GEOID": "06073009603", "NAME": "96.03", "NAMELSAD": "Census Tract 96.03", "STUSPS": "CA", "NAMELSADCO": "San Diego County", "STATE_NAME": "California", "LSAD": "CT", "ALAND": 1730684, "AWATER": 0, "centroid_lon": -117.10605063578942, "centroid_lat": 32.784688424984864, "B03002_001E": 6270, "B03002_001M": 959, "B03002_012E": 1812, "B03002_012M": 515, "B19013_001E": 70571, "B19013_001M": 13106, "B01003_001E": 6270, "state": "06", "county": "073", "tract": "009603", "latino_share": 0.2889952153110048, "camera_count": 8, "arterial_road_m": 15764.345505042715, "land_area_km2": 1.730684, "pop_density_per_km2": 3622.8450716595289, "arterial_km_per_km2": 9.1087370687212186, "log_income": 11.164374574221812, "city": "San Diego" }, "geometry": { "type": "Polygon", "coordinates": [ [ [ -117.114555, 32.786213 ], [ -117.114061, 32.788259 ], [ -117.108768, 32.789374 ], [ -117.105113, 32.790329 ], [ -117.103088, 32.790402 ], [ -117.099609, 32.790512 ], [ -117.098167, 32.791437 ], [ -117.097693, 32.790951 ], [ -117.097731, 32.787691 ], [ -117.098203, 32.783383 ], [ -117.101105, 32.78149 ], [ -117.10155, 32.780153 ], [ -117.101038, 32.779036 ], [ -117.104432, 32.778695 ], [ -117.112508, 32.778519 ], [ -117.113508, 32.78161 ], [ -117.114474, 32.784647 ], [ -117.114555, 32.786213 ] ] ] } },
{ "type": "Feature", "properties": { "STATEFP": "06", "COUNTYFP": "073", "TRACTCE": "008510", "GEOIDFQ": "1400000US06073008510", "GEOID": "06073008510", "NAME": "85.10", "NAMELSAD": "Census Tract 85.10", "STUSPS": "CA", "NAMELSADCO": "San Diego County", "STATE_NAME": "California", "LSAD": "CT", "ALAND": 2029578, "AWATER": 0, "centroid_lon": -117.16292653782702, "centroid_lat": 32.80828250175302, "B03002_001E": 5732, "B03002_001M": 589, "B03002_012E": 1031, "B03002_012M": 448, "B19013_001E": 79226, "B19013_001M": 31955, "B01003_001E": 5732, "state": "06", "county": "073", "tract": "008510", "latino_share": 0.17986741102581996, "camera_count": 2, "arterial_road_m": 11340.219034701709, "land_area_km2": 2.029578, "pop_density_per_km2": 2824.2324266423861, "arterial_km_per_km2": 5.5874763299078483, "log_income": 11.280059806757782, "city": "San Diego" }, "geometry": { "type": "Polygon", "coordinates": [ [ [ -117.175257, 32.80495 ], [ -117.173335, 32.80585 ], [ -117.171554, 32.807218 ], [ -117.169339, 32.808911 ], [ -117.168353, 32.810983 ], [ -117.164887, 32.813039 ], [ -117.164597, 32.814811 ], [ -117.164482, 32.816171 ], [ -117.161902, 32.817673 ], [ -117.160368, 32.818347 ], [ -117.158192, 32.814809 ], [ -117.153721, 32.809919 ], [ -117.153919, 32.808357 ], [ -117.154114, 32.807709 ], [ -117.158125, 32.800809 ], [ -117.159625, 32.80143 ], [ -117.165742, 32.803544 ], [ -117.168064, 32.803018 ], [ -117.168898, 32.802276 ], [ -117.173876, 32.802127 ], [ -117.174244, 32.803274 ], [ -117.175257, 32.80495 ] ] ] } },
{ "type": "Feature", "properties": { "STATEFP": "06", "COUNTYFP": "073", "TRACTCE": "002708", "GEOIDFQ": "1400000US06073002708", "GEOID": "06073002708", "NAME": "27.08", "NAMELSAD": "Census Tract 27.08", "STUSPS": "CA", "NAMELSADCO": "San Diego County", "STATE_NAME": "California", "LSAD": "CT", "ALAND": 639828, "AWATER": 0, "centroid_lon": -117.08309325401015, "centroid_lat": 32.753155821688225, "B03002_001E": 4789, "B03002_001M": 772, "B03002_012E": 2619, "B03002_012M": 569, "B19013_001E": 41119, "B19013_001M": 8340, "B01003_001E": 4789, "state": "06", "county": "073", "tract": "002708", "latino_share": 0.54687826268532047, "camera_count": 1, "arterial_road_m": 4372.6440688262082, "land_area_km2": 0.639828, "pop_density_per_km2": 7484.8240464624878, "arterial_km_per_km2": 6.8340930200400862, "log_income": 10.624225580767186, "city": "San Diego" }, "geometry": { "type": "Polygon", "coordinates": [ [ [ -117.087339, 32.751132 ], [ -117.086862, 32.753038 ], [ -117.086826, 32.756781 ], [ -117.085741, 32.756929 ], [ -117.082532, 32.757377 ], [ -117.079355, 32.757827 ], [ -117.079434, 32.753143 ], [ -117.079436, 32.748786 ], [ -117.080674, 32.749001 ], [ -117.083592, 32.749083 ], [ -117.086451, 32.749182 ], [ -117.086974, 32.749346 ], [ -117.087339, 32.751132 ] ] ] } },
{ "type": "Feature", "properties": { "STATEFP": "06", "COUNTYFP": "073", "TRACTCE": "001000", "GEOIDFQ": "1400000US06073001000", "GEOID": "06073001000", "NAME": "10", "NAMELSAD": "Census Tract 10", "STUSPS": "CA", "NAMELSADCO": "San Diego County", "STATE_NAME": "California", "LSAD": "CT", "ALAND": 849114, "AWATER": 0, "centroid_lon": -117.1417218304251, "centroid_lat": 32.760233656177043, "B03002_001E": 4622, "B03002_001M": 487, "B03002_012E": 1590, "B03002_012M": 336, "B19013_001E": 86443, "B19013_001M": 5129, "B01003_001E": 4622, "state": "06", "county": "073", "tract": "001000", "latino_share": 0.34400692340977934, "camera_count": 0, "arterial_road_m": 7064.6263827207267, "land_area_km2": 0.849114, "pop_density_per_km2": 5443.3209203946699, "arterial_km_per_km2": 8.319997530038048, "log_income": 11.367240516173135, "city": "San Diego" }, "geometry": { "type": "Polygon", "coordinates": [ [ [ -117.146252, 32.757216 ], [ -117.146261, 32.759093 ], [ -117.146254, 32.760971 ], [ -117.146276, 32.762471 ], [ -117.143804, 32.76247 ], [ -117.142638, 32.764939 ], [ -117.143415, 32.766131 ], [ -117.142972, 32.766574 ], [ -117.139353, 32.767702 ], [ -117.138954, 32.762857 ], [ -117.137617, 32.762864 ], [ -117.137621, 32.760989 ], [ -117.137622, 32.75912 ], [ -117.137606, 32.757251 ], [ -117.13759, 32.755283 ], [ -117.14253, 32.755261 ], [ -117.146371, 32.755245 ], [ -117.146252, 32.757216 ] ] ] } },
{ "type": "Feature", "properties": { "STATEFP": "06", "COUNTYFP": "073", "TRACTCE": "003902", "GEOIDFQ": "1400000US06073003902", "GEOID": "06073003902", "NAME": "39.02", "NAMELSAD": "Census Tract 39.02", "STUSPS": "CA", "NAMELSADCO": "San Diego County", "STATE_NAME": "California", "LSAD": "CT", "ALAND": 1165409, "AWATER": 6681, "centroid_lon": -117.12716433739659, "centroid_lat": 32.696861606910353, "B03002_001E": 4257, "B03002_001M": 667, "B03002_012E": 3593, "B03002_012M": 663, "B19013_001E": 53750, "B19013_001M": 15339, "B01003_001E": 4257, "state": "06", "county": "073", "tract": "003902", "latino_share": 0.84402161146347188, "camera_count": 9, "arterial_road_m": 11985.101423578431, "land_area_km2": 1.165409, "pop_density_per_km2": 3652.7948557116001, "arterial_km_per_km2": 10.284030261975351, "log_income": 10.892098945989909, "city": "San Diego" }, "geometry": { "type": "Polygon", "coordinates": [ [ [ -117.133839, 32.701148 ], [ -117.124036, 32.701199 ], [ -117.123886, 32.701205 ], [ -117.120886, 32.701208 ], [ -117.120621, 32.70121 ], [ -117.120747, 32.695987 ], [ -117.120676, 32.694686 ], [ -117.121621, 32.692993 ], [ -117.121731, 32.692818 ], [ -117.123222, 32.690933 ], [ -117.12435, 32.691719 ], [ -117.126215, 32.692832 ], [ -117.133713, 32.692796 ], [ -117.133831, 32.694912 ], [ -117.133797, 32.695926 ], [ -117.133804, 32.696971 ], [ -117.133825, 32.699703 ], [ -117.133839, 32.701148 ] ] ] } },
{ "type": "Feature", "properties": { "STATEFP": "06", "COUNTYFP": "073", "TRACTCE": "004800", "GEOIDFQ": "1400000US06073004800", "GEOID": "06073004800", "NAME": "48", "NAMELSAD": "Census Tract 48", "STUSPS": "CA", "NAMELSADCO": "San Diego County", "STATE_NAME": "California", "LSAD": "CT", "ALAND": 563383, "AWATER": 0, "centroid_lon": -117.13814061884008, "centroid_lat": 32.708458285412931, "B03002_001E": 3395, "B03002_001M": 660, "B03002_012E": 2502, "B03002_012M": 507, "B19013_001E": 61783, "B19013_001M": 17540, "B01003_001E": 3395, "state": "06", "county": "073", "tract": "004800", "latino_share": 0.73696612665684835, "camera_count": 4, "arterial_road_m": 4895.002953982389, "land_area_km2": 0.563383, "pop_density_per_km2": 6026.0959240871671, "arterial_km_per_km2": 8.6885883208800934, "log_income": 11.03138352469794, "city": "San Diego" }, "geometry": { "type": "Polygon", "coordinates": [ [ [ -117.142458, 32.711572 ], [ -117.138148, 32.711611 ], [ -117.13385, 32.711631 ], [ -117.133836, 32.710562 ], [ -117.133841, 32.708473 ], [ -117.133881, 32.705342 ], [ -117.135464, 32.705328 ], [ -117.142394, 32.705256 ], [ -117.142433, 32.707321 ], [ -117.142407, 32.708397 ], [ -117.142458, 32.711572 ] ] ] } },
{ "type": "Feature", "properties": { "STATEFP": "06", "COUNTYFP": "073", "TRACTCE": "017018", "GEOIDFQ": "1400000US06073017018", "GEOID": "06073017018", "NAME": "170.18", "NAMELSAD": "Census Tract 170.18", "STUSPS": "CA", "NAMELSADCO": "San Diego County", "STATE_NAME": "California", "LSAD": "CT", "ALAND": 1831048, "AWATER": 0, "centroid_lon": -117.1019364279709, "centroid_lat": 32.961465507497266, "B03002_001E": 4273, "B03002_001M": 700, "B03002_012E": 534, "B03002_012M": 206, "B19013_001E": 99048, "B19013_001M": 21902, "B01003_001E": 4273, "state": "06", "county": "073", "tract": "017018", "latino_share": 0.12497074654809268, "camera_count": 3, "arterial_road_m": 17491.096758707605, "land_area_km2": 1.831048, "pop_density_per_km2": 2333.6362563952448, "arterial_km_per_km2": 9.5525058647875998, "log_income": 11.503359860100527, "city": "San Diego" }, "geometry": { "type": "Polygon", "coordinates": [ [ [ -117.114555, 32.960334 ], [ -117.11352, 32.960748 ], [ -117.112586, 32.960851 ], [ -117.110775, 32.960773 ], [ -117.1086, 32.960867 ], [ -117.106972, 32.961535 ], [ -117.102327, 32.963887 ], [ -117.095431, 32.969822 ], [ -117.093832, 32.971304 ], [ -117.092758, 32.97324 ], [ -117.090903, 32.976755 ], [ -117.090253, 32.977538 ], [ -117.088516, 32.978708 ], [ -117.086665, 32.978836 ], [ -117.095526, 32.964735 ], [ -117.100259, 32.958001 ], [ -117.100853, 32.956095 ], [ -117.105988, 32.948169 ], [ -117.106857, 32.949299 ], [ -117.107756, 32.951693 ], [ -117.109233, 32.955471 ], [ -117.109962, 32.95634 ], [ -117.11068, 32.95691 ], [ -117.11387, 32.958588 ], [ -117.115493, 32.959429 ], [ -117.114555, 32.960334 ] ] ] } },
{ "type": "Feature", "properties": { "STATEFP": "06", "COUNTYFP": "073", "TRACTCE": "008358", "GEOIDFQ": "1400000US06073008358", "GEOID": "06073008358", "NAME": "83.58", "NAMELSAD": "Census Tract 83.58", "STUSPS": "CA", "NAMELSADCO": "San Diego County", "STATE_NAME": "California", "LSAD": "CT", "ALAND": 1884731, "AWATER": 0, "centroid_lon": -117.1334952037768, "centroid_lat": 32.909967793387374, "B03002_001E": 6522, "B03002_001M": 918, "B03002_012E": 1328, "B03002_012M": 476, "B19013_001E": 115942, "B19013_001M": 43244, "B01003_001E": 6522, "state": "06", "county": "073", "tract": "008358", "latino_share": 0.20361852192578964, "camera_count": 2, "arterial_road_m": 10142.82056736919, "land_area_km2": 1.884731, "pop_density_per_km2": 3460.4407737762049, "arterial_km_per_km2": 5.3815746477185291, "log_income": 11.66084534504682, "city": "San Diego" }, "geometry": { "type": "Polygon", "coordinates": [ [ [ -117.145811, 32.906796 ], [ -117.143998, 32.911254 ], [ -117.14388, 32.912714 ], [ -117.135618, 32.912848 ], [ -117.134071, 32.9131 ], [ -117.132907, 32.913812 ], [ -117.129887, 32.916154 ], [ -117.12844, 32.916959 ], [ -117.124784, 32.917166 ], [ -117.124325, 32.912892 ], [ -117.124113, 32.905355 ], [ -117.125959, 32.905344 ], [ -117.131259, 32.905472 ], [ -117.132987, 32.90552 ], [ -117.134907, 32.905597 ], [ -117.13553, 32.905735 ], [ -117.146129, 32.905332 ], [ -117.145811, 32.906796 ] ] ] } },
{ "type": "Feature", "properties": { "STATEFP": "06", "COUNTYFP": "073", "TRACTCE": "008337", "GEOIDFQ": "1400000US06073008337", "GEOID": "06073008337", "NAME": "83.37", "NAMELSAD": "Census Tract 83.37", "STUSPS": "CA", "NAMELSADCO": "San Diego County", "STATE_NAME": "California", "LSAD": "CT", "ALAND": 1572597, "AWATER": 0, "centroid_lon": -117.13580731164457, "centroid_lat": 32.958412183486978, "B03002_001E": 4996, "B03002_001M": 753, "B03002_012E": 611, "B03002_012M": 179, "B19013_001E": 180496, "B19013_001M": 10181, "B01003_001E": 4996, "state": "06", "county": "073", "tract": "008337", "latino_share": 0.12229783827061649, "camera_count": 0, "arterial_road_m": 6756.8443924231478, "land_area_km2": 1.572597, "pop_density_per_km2": 3176.9105498738709, "arterial_km_per_km2": 4.2966153391003212, "log_income": 12.103463895844701, "city": "San Diego" }, "geometry": { "type": "Polygon", "coordinates": [ [ [ -117.146852, 32.954883 ], [ -117.145278, 32.956837 ], [ -117.140727, 32.962292 ], [ -117.138953, 32.963252 ], [ -117.136966, 32.963405 ], [ -117.135075, 32.963479 ], [ -117.133985, 32.963396 ], [ -117.128078, 32.963058 ], [ -117.126652, 32.963281 ], [ -117.126454, 32.962685 ], [ -117.126373, 32.959498 ], [ -117.127079, 32.958419 ], [ -117.128516, 32.957331 ], [ -117.129494, 32.95642 ], [ -117.130057, 32.954005 ], [ -117.139109, 32.953502 ], [ -117.14427, 32.954008 ], [ -117.145646, 32.954408 ], [ -117.146852, 32.954883 ] ] ] } },
{ "type": "Feature", "properties": { "STATEFP": "06", "COUNTYFP": "073", "TRACTCE": "007910", "GEOIDFQ": "1400000US06073007910", "GEOID": "06073007910", "NAME": "79.10", "NAMELSAD": "Census Tract 79.10", "STUSPS": "CA", "NAMELSADCO": "San Diego County", "STATE_NAME": "California", "LSAD": "CT", "ALAND": 673876, "AWATER": 325210, "centroid_lon": -117.25083372267439, "centroid_lat": 32.794588324980424, "B03002_001E": 2832, "B03002_001M": 525, "B03002_012E": 203, "B03002_012M": 145, "B19013_001E": 100227, "B19013_001M": 37939, "B01003_001E": 2832, "state": "06", "county": "073", "tract": "007910", "latino_share": 0.071680790960451976, "camera_count": 2, "arterial_road_m": 4735.9162447242197, "land_area_km2": 0.673876, "pop_density_per_km2": 4202.5535855261205, "arterial_km_per_km2": 7.0278749276190569, "log_income": 11.51519289241263, "city": "San Diego" }, "geometry": { "type": "Polygon", "coordinates": [ [ [ -117.257213673115999, 32.796176199243803 ], [ -117.255486, 32.796558 ], [ -117.246361, 32.79857 ], [ -117.245176, 32.794726 ], [ -117.244629, 32.792957 ], [ -117.248245, 32.792156 ], [ -117.255448575702999, 32.790585154465099 ], [ -117.256091, 32.793666 ], [ -117.257213673115999, 32.796176199243803 ] ] ] } },
{ "type": "Feature", "properties": { "STATEFP": "06", "COUNTYFP": "073", "TRACTCE": "009510", "GEOIDFQ": "1400000US06073009510", "GEOID": "06073009510", "NAME": "95.10", "NAMELSAD": "Census Tract 95.10", "STUSPS": "CA", "NAMELSADCO": "San Diego County", "STATE_NAME": "California", "LSAD": "CT", "ALAND": 1649947, "AWATER": 0, "centroid_lon": -117.10923747405606, "centroid_lat": 32.817105744444319, "B03002_001E": 4752, "B03002_001M": 897, "B03002_012E": 1656, "B03002_012M": 332, "B19013_001E": 57759, "B19013_001M": 13496, "B01003_001E": 4752, "state": "06", "county": "073", "tract": "009510", "latino_share": 0.34848484848484851, "camera_count": 3, "arterial_road_m": 12622.706494305639, "land_area_km2": 1.649947, "pop_density_per_km2": 2880.0925120625084, "arterial_km_per_km2": 7.6503708872500988, "log_income": 10.964034460397444, "city": "San Diego" }, "geometry": { "type": "Polygon", "coordinates": [ [ [ -117.116752, 32.822878 ], [ -117.1122, 32.823209 ], [ -117.104093, 32.823323 ], [ -117.102915, 32.823339 ], [ -117.102567, 32.818178 ], [ -117.103958, 32.818176 ], [ -117.104031, 32.81784 ], [ -117.102964, 32.814601 ], [ -117.10238, 32.811012 ], [ -117.103685, 32.810742 ], [ -117.105153, 32.811447 ], [ -117.106001, 32.812659 ], [ -117.105308, 32.809723 ], [ -117.105728, 32.809676 ], [ -117.105939, 32.809667 ], [ -117.106167, 32.809674 ], [ -117.106377, 32.809697 ], [ -117.106568, 32.809731 ], [ -117.109633, 32.811053 ], [ -117.11425, 32.810371 ], [ -117.116752, 32.822878 ] ] ] } },
{ "type": "Feature", "properties": { "STATEFP": "06", "COUNTYFP": "073", "TRACTCE": "008373", "GEOIDFQ": "1400000US06073008373", "GEOID": "06073008373", "NAME": "83.73", "NAMELSAD": "Census Tract 83.73", "STUSPS": "CA", "NAMELSADCO": "San Diego County", "STATE_NAME": "California", "LSAD": "CT", "ALAND": 3120783, "AWATER": 0, "centroid_lon": -117.23012122508885, "centroid_lat": 32.928646811787793, "B03002_001E": 3446, "B03002_001M": 453, "B03002_012E": 225, "B03002_012M": 197, "B19013_001E": 219271, "B19013_001M": 56389, "B01003_001E": 3446, "state": "06", "county": "073", "tract": "008373", "latino_share": 0.065293093441671501, "camera_count": 0, "arterial_road_m": 17350.040325390539, "land_area_km2": 3.120783, "pop_density_per_km2": 1104.2100652304246, "arterial_km_per_km2": 5.5595151362304067, "log_income": 12.298063686719551, "city": "San Diego" }, "geometry": { "type": "Polygon", "coordinates": [ [ [ -117.240973, 32.931664 ], [ -117.24007, 32.932638 ], [ -117.236863, 32.934404 ], [ -117.229146, 32.937353 ], [ -117.223904, 32.938947 ], [ -117.221742, 32.940194 ], [ -117.22148, 32.930951 ], [ -117.221393, 32.920176 ], [ -117.224876, 32.920204 ], [ -117.228477, 32.922248 ], [ -117.230876, 32.920662 ], [ -117.232297, 32.919317 ], [ -117.234485, 32.917958 ], [ -117.234714, 32.917819 ], [ -117.235589, 32.91872 ], [ -117.237016, 32.920218 ], [ -117.238309, 32.922151 ], [ -117.240574, 32.928358 ], [ -117.241173, 32.931348 ], [ -117.240973, 32.931664 ] ] ] } },
{ "type": "Feature", "properties": { "STATEFP": "06", "COUNTYFP": "073", "TRACTCE": "007912", "GEOIDFQ": "1400000US06073007912", "GEOID": "06073007912", "NAME": "79.12", "NAMELSAD": "Census Tract 79.12", "STUSPS": "CA", "NAMELSADCO": "San Diego County", "STATE_NAME": "California", "LSAD": "CT", "ALAND": 398336, "AWATER": 0, "centroid_lon": -117.24286694090107, "centroid_lat": 32.802256399297868, "B03002_001E": 1795, "B03002_001M": 302, "B03002_012E": 139, "B03002_012M": 95, "B19013_001E": 113724, "B19013_001M": 16943, "B01003_001E": 1795, "state": "06", "county": "073", "tract": "007912", "latino_share": 0.077437325905292481, "camera_count": 0, "arterial_road_m": 592.70565966429035, "land_area_km2": 0.398336, "pop_density_per_km2": 4506.2459832904879, "arterial_km_per_km2": 1.4879540379586338, "log_income": 11.641529739258194, "city": "San Diego" }, "geometry": { "type": "Polygon", "coordinates": [ [ [ -117.247794, 32.803231 ], [ -117.242304, 32.804435 ], [ -117.23859, 32.805259 ], [ -117.236756, 32.805658 ], [ -117.236201, 32.803788 ], [ -117.239857, 32.802981 ], [ -117.241733, 32.802568 ], [ -117.240856, 32.799793 ], [ -117.242716, 32.799377 ], [ -117.246361, 32.79857 ], [ -117.247794, 32.803231 ] ] ] } },
{ "type": "Feature", "properties": { "STATEFP": "06", "COUNTYFP": "073", "TRACTCE": "005401", "GEOIDFQ": "1400000US06073005401", "GEOID": "06073005401", "NAME": "54.01", "NAMELSAD": "Census Tract 54.01", "STUSPS": "CA", "NAMELSADCO": "San Diego County", "STATE_NAME": "California", "LSAD": "CT", "ALAND": 261975, "AWATER": 0, "centroid_lon": -117.15829012763085, "centroid_lat": 32.708807316718676, "B03002_001E": 1813, "B03002_001M": 430, "B03002_012E": 257, "B03002_012M": 229, "B19013_001E": 185814, "B19013_001M": 45434, "B01003_001E": 1813, "state": "06", "county": "073", "tract": "005401", "latino_share": 0.14175399889685603, "camera_count": 4, "arterial_road_m": 3765.6556767919355, "land_area_km2": 0.261975, "pop_density_per_km2": 6920.5076820307277, "arterial_km_per_km2": 14.37410316553845, "log_income": 12.132501452361755, "city": "San Diego" }, "geometry": { "type": "Polygon", "coordinates": [ [ [ -117.161037, 32.711485 ], [ -117.15831, 32.711503 ], [ -117.15648, 32.711513 ], [ -117.156451, 32.709394 ], [ -117.154878, 32.707403 ], [ -117.155946, 32.706497 ], [ -117.157152, 32.705464 ], [ -117.16096, 32.707715 ], [ -117.161022, 32.709377 ], [ -117.161037, 32.711485 ] ] ] } },
{ "type": "Feature", "properties": { "STATEFP": "06", "COUNTYFP": "073", "TRACTCE": "005102", "GEOIDFQ": "1400000US06073005102", "GEOID": "06073005102", "NAME": "51.02", "NAMELSAD": "Census Tract 51.02", "STUSPS": "CA", "NAMELSADCO": "San Diego County", "STATE_NAME": "California", "LSAD": "CT", "ALAND": 227041, "AWATER": 0, "centroid_lon": -117.1539434987049, "centroid_lat": 32.70908873438178, "B03002_001E": 4673, "B03002_001M": 507, "B03002_012E": 1157, "B03002_012M": 371, "B19013_001E": 85541, "B19013_001M": 14106, "B01003_001E": 4673, "state": "06", "county": "073", "tract": "005102", "latino_share": 0.24759255296383478, "camera_count": 4, "arterial_road_m": 3953.1463445739264, "land_area_km2": 0.227041, "pop_density_per_km2": 20582.185596434127, "arterial_km_per_km2": 17.411596780202373, "log_income": 11.356751072149789, "city": "San Diego" }, "geometry": { "type": "Polygon", "coordinates": [ [ [ -117.15648, 32.711513 ], [ -117.153744, 32.711524 ], [ -117.151922, 32.711541 ], [ -117.151897, 32.709425 ], [ -117.151868, 32.706281 ], [ -117.153522, 32.706275 ], [ -117.155946, 32.706497 ], [ -117.154878, 32.707403 ], [ -117.156451, 32.709394 ], [ -117.15648, 32.711513 ] ] ] } },
{ "type": "Feature", "properties": { "STATEFP": "06", "COUNTYFP": "073", "TRACTCE": "009203", "GEOIDFQ": "1400000US06073009203", "GEOID": "06073009203", "NAME": "92.03", "NAMELSAD": "Census Tract 92.03", "STUSPS": "CA", "NAMELSADCO": "San Diego County", "STATE_NAME": "California", "LSAD": "CT", "ALAND": 1527067, "AWATER": 0, "centroid_lon": -117.14770086453258, "centroid_lat": 32.781084663793713, "B03002_001E": 4302, "B03002_001M": 392, "B03002_012E": 682, "B03002_012M": 270, "B19013_001E": 128707, "B19013_001M": 23477, "B01003_001E": 4302, "state": "06", "county": "073", "tract": "009203", "latino_share": 0.15853091585309159, "camera_count": 0, "arterial_road_m": 13420.260773148555, "land_area_km2": 1.527067, "pop_density_per_km2": 2817.1651931447673, "arterial_km_per_km2": 8.7882593056811231, "log_income": 11.765293782159523, "city": "San Diego" }, "geometry": { "type": "Polygon", "coordinates": [ [ [ -117.154758, 32.777834 ], [ -117.153584, 32.780523 ], [ -117.152964, 32.783781 ], [ -117.152392, 32.788576 ], [ -117.151664, 32.789362 ], [ -117.148787, 32.789217 ], [ -117.14747, 32.78726 ], [ -117.145457, 32.785343 ], [ -117.13976, 32.781684 ], [ -117.13668, 32.777892 ], [ -117.137894, 32.777731 ], [ -117.141889, 32.777996 ], [ -117.143091, 32.77768 ], [ -117.147083, 32.77545 ], [ -117.149794, 32.774813 ], [ -117.150799, 32.77461 ], [ -117.15385, 32.774677 ], [ -117.153891, 32.775398 ], [ -117.154758, 32.777834 ] ] ] } },
{ "type": "Feature", "properties": { "STATEFP": "06", "COUNTYFP": "073", "TRACTCE": "005301", "GEOIDFQ": "1400000US06073005301", "GEOID": "06073005301", "NAME": "53.01", "NAMELSAD": "Census Tract 53.01", "STUSPS": "CA", "NAMELSADCO": "San Diego County", "STATE_NAME": "California", "LSAD": "CT", "ALAND": 398139, "AWATER": 0, "centroid_lon": -117.15880387463179, "centroid_lat": 32.715698464797903, "B03002_001E": 3313, "B03002_001M": 499, "B03002_012E": 841, "B03002_012M": 351, "B19013_001E": 74775, "B19013_001M": 8114, "B01003_001E": 3313, "state": "06", "county": "073", "tract": "005301", "latino_share": 0.25384847570178087, "camera_count": 5, "arterial_road_m": 9059.79788727903, "land_area_km2": 0.398139, "pop_density_per_km2": 8321.2144502296924, "arterial_km_per_km2": 22.755364049437581, "log_income": 11.222238883498148, "city": "San Diego" }, "geometry": { "type": "Polygon", "coordinates": [ [ [ -117.161118, 32.719903 ], [ -117.159297, 32.719895 ], [ -117.156559, 32.719901 ], [ -117.156523, 32.715718 ], [ -117.156508, 32.71364 ], [ -117.15648, 32.711513 ], [ -117.15831, 32.711503 ], [ -117.161037, 32.711485 ], [ -117.161072, 32.713621 ], [ -117.161081, 32.715696 ], [ -117.161118, 32.719903 ] ] ] } },
{ "type": "Feature", "properties": { "STATEFP": "06", "COUNTYFP": "073", "TRACTCE": "007402", "GEOIDFQ": "1400000US06073007402", "GEOID": "06073007402", "NAME": "74.02", "NAMELSAD": "Census Tract 74.02", "STUSPS": "CA", "NAMELSADCO": "San Diego County", "STATE_NAME": "California", "LSAD": "CT", "ALAND": 918763, "AWATER": 0, "centroid_lon": -117.23773221731356, "centroid_lat": 32.743617966627149, "B03002_001E": 3806, "B03002_001M": 831, "B03002_012E": 509, "B03002_012M": 492, "B19013_001E": 131159, "B19013_001M": 39750, "B01003_001E": 3806, "state": "06", "county": "073", "tract": "007402", "latino_share": 0.13373620599054126, "camera_count": 0, "arterial_road_m": 4212.5922967156266, "land_area_km2": 0.918763, "pop_density_per_km2": 4142.5264186738041, "arterial_km_per_km2": 4.5850695954404195, "log_income": 11.784165606653826, "city": "San Diego" }, "geometry": { "type": "Polygon", "coordinates": [ [ [ -117.244857, 32.74175 ], [ -117.241252, 32.74593 ], [ -117.239682, 32.747745 ], [ -117.238394, 32.748665 ], [ -117.236075, 32.751237 ], [ -117.233835, 32.746357 ], [ -117.233155, 32.744587 ], [ -117.232406, 32.742207 ], [ -117.230311, 32.740924 ], [ -117.23164, 32.739446 ], [ -117.236121, 32.741991 ], [ -117.236242, 32.74092 ], [ -117.236967, 32.738399 ], [ -117.23796, 32.737488 ], [ -117.239637, 32.73856 ], [ -117.243138, 32.740692 ], [ -117.244857, 32.74175 ] ] ] } },
{ "type": "Feature", "properties": { "STATEFP": "06", "COUNTYFP": "073", "TRACTCE": "007304", "GEOIDFQ": "1400000US06073007304", "GEOID": "06073007304", "NAME": "73.04", "NAMELSAD": "Census Tract 73.04", "STUSPS": "CA", "NAMELSADCO": "San Diego County", "STATE_NAME": "California", "LSAD": "CT", "ALAND": 496911, "AWATER": 295726, "centroid_lon": -117.25066834786999, "centroid_lat": 32.742721079165072, "B03002_001E": 3620, "B03002_001M": 541, "B03002_012E": 518, "B03002_012M": 324, "B19013_001E": 104311, "B19013_001M": 24939, "B01003_001E": 3620, "state": "06", "county": "073", "tract": "007304", "latino_share": 0.14309392265193371, "camera_count": 0, "arterial_road_m": 2397.3991491286852, "land_area_km2": 0.496911, "pop_density_per_km2": 7285.0067718364053, "arterial_km_per_km2": 4.8246047061318524, "log_income": 11.555132100432616, "city": "San Diego" }, "geometry": { "type": "Polygon", "coordinates": [ [ [ -117.25532, 32.744432 ], [ -117.254703711725, 32.746505132756198 ], [ -117.254633, 32.746743 ], [ -117.254254217357001, 32.746993316332002 ], [ -117.254233698378997, 32.747006876180897 ], [ -117.253474, 32.747021 ], [ -117.251791, 32.746012 ], [ -117.250051, 32.744941 ], [ -117.244857, 32.74175 ], [ -117.246301, 32.740059 ], [ -117.24704, 32.739212 ], [ -117.247762, 32.738368 ], [ -117.252966, 32.741558 ], [ -117.255119847101994, 32.741476881022699 ], [ -117.255074920217993, 32.742575610137699 ], [ -117.255064489247999, 32.742830709304002 ], [ -117.255026, 32.743772 ], [ -117.25532, 32.744432 ] ] ] } },
{ "type": "Feature", "properties": { "STATEFP": "06", "COUNTYFP": "073", "TRACTCE": "003208", "GEOIDFQ": "1400000US06073003208", "GEOID": "06073003208", "NAME": "32.08", "NAMELSAD": "Census Tract 32.08", "STUSPS": "CA", "NAMELSADCO": "San Diego County", "STATE_NAME": "California", "LSAD": "CT", "ALAND": 1360630, "AWATER": 0, "centroid_lon": -117.04526719428584, "centroid_lat": 32.678741088243775, "B03002_001E": 6749, "B03002_001M": 1307, "B03002_012E": 2561, "B03002_012M": 773, "B19013_001E": 82594, "B19013_001M": 11388, "B01003_001E": 6749, "state": "06", "county": "073", "tract": "003208", "latino_share": 0.37946362424062824, "camera_count": 1, "arterial_road_m": 7443.9879050249938, "land_area_km2": 1.36063, "pop_density_per_km2": 4960.2022592475541, "arterial_km_per_km2": 5.4709861645156979, "log_income": 11.321692317645532, "city": "San Diego" }, "geometry": { "type": "Polygon", "coordinates": [ [ [ -117.051272, 32.68463 ], [ -117.049354, 32.685832 ], [ -117.048828, 32.688252 ], [ -117.046481, 32.688957 ], [ -117.045973, 32.687767 ], [ -117.045398, 32.687073 ], [ -117.043866, 32.685129 ], [ -117.043219, 32.682965 ], [ -117.042043, 32.681499 ], [ -117.040809, 32.680218 ], [ -117.040228, 32.679191 ], [ -117.040033, 32.678261 ], [ -117.040279, 32.675857 ], [ -117.039884, 32.674093 ], [ -117.039425, 32.673452 ], [ -117.039355, 32.673356 ], [ -117.039089, 32.673008 ], [ -117.043193, 32.670356 ], [ -117.044383, 32.669699 ], [ -117.044586, 32.670178 ], [ -117.045309, 32.670971 ], [ -117.047311, 32.670394 ], [ -117.048374, 32.673345 ], [ -117.048706, 32.677663 ], [ -117.050376, 32.681349 ], [ -117.049444, 32.683056 ], [ -117.049971, 32.683487 ], [ -117.051272, 32.68463 ] ] ] } },
{ "type": "Feature", "properties": { "STATEFP": "06", "COUNTYFP": "073", "TRACTCE": "003113", "GEOIDFQ": "1400000US06073003113", "GEOID": "06073003113", "NAME": "31.13", "NAMELSAD": "Census Tract 31.13", "STUSPS": "CA", "NAMELSADCO": "San Diego County", "STATE_NAME": "California", "LSAD": "CT", "ALAND": 1587404, "AWATER": 0, "centroid_lon": -117.06443245783115, "centroid_lat": 32.696186785180537, "B03002_001E": 4719, "B03002_001M": 483, "B03002_012E": 998, "B03002_012M": 259, "B19013_001E": 114028, "B19013_001M": 13252, "B01003_001E": 4719, "state": "06", "county": "073", "tract": "003113", "latino_share": 0.21148548421275695, "camera_count": 0, "arterial_road_m": 4739.8313708388732, "land_area_km2": 1.587404, "pop_density_per_km2": 2972.7781963507714, "arterial_km_per_km2": 2.9859011132886604, "log_income": 11.644199311253532, "city": "San Diego" }, "geometry": { "type": "Polygon", "coordinates": [ [ [ -117.076648, 32.691917 ], [ -117.074812, 32.69241 ], [ -117.070171, 32.693716 ], [ -117.070025, 32.699497 ], [ -117.069549, 32.700886 ], [ -117.069469, 32.701444 ], [ -117.066797, 32.701413 ], [ -117.061256, 32.701349 ], [ -117.054683, 32.701289 ], [ -117.053247, 32.697656 ], [ -117.052219, 32.696924 ], [ -117.052808, 32.696185 ], [ -117.055079, 32.695462 ], [ -117.057908, 32.695455 ], [ -117.063966, 32.692708 ], [ -117.065634, 32.691791 ], [ -117.065692, 32.691255 ], [ -117.073534, 32.689071 ], [ -117.075514, 32.688475 ], [ -117.076167, 32.690164 ], [ -117.076648, 32.691917 ] ] ] } },
{ "type": "Feature", "properties": { "STATEFP": "06", "COUNTYFP": "073", "TRACTCE": "001400", "GEOIDFQ": "1400000US06073001400", "GEOID": "06073001400", "NAME": "14", "NAMELSAD": "Census Tract 14", "STUSPS": "CA", "NAMELSADCO": "San Diego County", "STATE_NAME": "California", "LSAD": "CT", "ALAND": 746326, "AWATER": 0, "centroid_lon": -117.13307140762024, "centroid_lat": 32.744728138563602, "B03002_001E": 3341, "B03002_001M": 363, "B03002_012E": 622, "B03002_012M": 196, "B19013_001E": 94156, "B19013_001M": 17154, "B01003_001E": 3341, "state": "06", "county": "073", "tract": "001400", "latino_share": 0.18617180484884766, "camera_count": 0, "arterial_road_m": 4795.8311937921862, "land_area_km2": 0.746326, "pop_density_per_km2": 4476.5960183619491, "arterial_km_per_km2": 6.4259200319862719, "log_income": 11.452708260148217, "city": "San Diego" }, "geometry": { "type": "Polygon", "coordinates": [ [ [ -117.137911, 32.74197 ], [ -117.137909, 32.742127 ], [ -117.137902, 32.745606 ], [ -117.137895, 32.748448 ], [ -117.137569, 32.748451 ], [ -117.132792, 32.748455 ], [ -117.13138, 32.748451 ], [ -117.128234, 32.748459 ], [ -117.128234, 32.747415 ], [ -117.128228, 32.743796 ], [ -117.128223, 32.741031 ], [ -117.129283, 32.741031 ], [ -117.133634, 32.740997 ], [ -117.137914, 32.740989 ], [ -117.137911, 32.74197 ] ] ] } },
{ "type": "Feature", "properties": { "STATEFP": "06", "COUNTYFP": "073", "TRACTCE": "003800", "GEOIDFQ": "1400000US06073003800", "GEOID": "06073003800", "NAME": "38", "NAMELSAD": "Census Tract 38", "STUSPS": "CA", "NAMELSADCO": "San Diego County", "STATE_NAME": "California", "LSAD": "CT", "ALAND": 1802206, "AWATER": 1375884, "centroid_lon": -117.12869853362918, "centroid_lat": 32.684359220134787, "B03002_001E": 8774, "B03002_001M": 323, "B03002_012E": 2034, "B03002_012M": 380, "B19013_001E": -666666666, "B19013_001M": -222222222, "B01003_001E": 8774, "state": "06", "county": "073", "tract": "003800", "latino_share": 0.23182129017551859, "camera_count": 0, "arterial_road_m": 11414.894691802077, "land_area_km2": 1.802206, "pop_density_per_km2": 4868.4778543629309, "arterial_km_per_km2": 6.3338456823482314, "log_income": null, "city": "San Diego" }, "geometry": { "type": "Polygon", "coordinates": [ [ [ -117.138997, 32.686812 ], [ -117.134568, 32.687947 ], [ -117.136195, 32.685792 ], [ -117.13361, 32.687918 ], [ -117.133713, 32.692796 ], [ -117.126215, 32.692832 ], [ -117.12435, 32.691719 ], [ -117.123222, 32.690933 ], [ -117.111452, 32.682784 ], [ -117.111053, 32.682513 ], [ -117.110843, 32.682374 ], [ -117.121318, 32.679424 ], [ -117.124747, 32.679291 ], [ -117.123969, 32.678359 ], [ -117.128598, 32.677301 ], [ -117.133097, 32.677167 ], [ -117.135422, 32.678614 ], [ -117.137462, 32.678433 ], [ -117.146701, 32.683926 ], [ -117.138997, 32.686812 ] ] ] } },
{ "type": "Feature", "properties": { "STATEFP": "06", "COUNTYFP": "073", "TRACTCE": "002601", "GEOIDFQ": "1400000US06073002601", "GEOID": "06073002601", "NAME": "26.01", "NAMELSAD": "Census Tract 26.01", "STUSPS": "CA", "NAMELSADCO": "San Diego County", "STATE_NAME": "California", "LSAD": "CT", "ALAND": 835089, "AWATER": 0, "centroid_lon": -117.09662005928978, "centroid_lat": 32.744912588135513, "B03002_001E": 5994, "B03002_001M": 824, "B03002_012E": 3498, "B03002_012M": 567, "B19013_001E": 65000, "B19013_001M": 18201, "B01003_001E": 5994, "state": "06", "county": "073", "tract": "002601", "latino_share": 0.58358358358358353, "camera_count": 1, "arterial_road_m": 3676.152594057005, "land_area_km2": 0.835089, "pop_density_per_km2": 7177.6780678466612, "arterial_km_per_km2": 4.4021087501535829, "log_income": 11.082142548877775, "city": "San Diego" }, "geometry": { "type": "Polygon", "coordinates": [ [ [ -117.10095, 32.744009 ], [ -117.100925, 32.745867 ], [ -117.100877, 32.749613 ], [ -117.09658, 32.749577 ], [ -117.092277, 32.74954 ], [ -117.092289, 32.748449 ], [ -117.09232, 32.745857 ], [ -117.092279, 32.740275 ], [ -117.096588, 32.740248 ], [ -117.096588, 32.740274 ], [ -117.100962, 32.740265 ], [ -117.10095, 32.744009 ] ] ] } },
{ "type": "Feature", "properties": { "STATEFP": "06", "COUNTYFP": "073", "TRACTCE": "001900", "GEOIDFQ": "1400000US06073001900", "GEOID": "06073001900", "NAME": "19", "NAMELSAD": "Census Tract 19", "STUSPS": "CA", "NAMELSADCO": "San Diego County", "STATE_NAME": "California", "LSAD": "CT", "ALAND": 1837908, "AWATER": 0, "centroid_lon": -117.11978267970356, "centroid_lat": 32.769781527770824, "B03002_001E": 3343, "B03002_001M": 361, "B03002_012E": 842, "B03002_012M": 188, "B19013_001E": 131619, "B19013_001M": 24834, "B01003_001E": 3343, "state": "06", "county": "073", "tract": "001900", "latino_share": 0.25186957822315287, "camera_count": 0, "arterial_road_m": 8110.8658460761271, "land_area_km2": 1.837908, "pop_density_per_km2": 1818.9158543300316, "arterial_km_per_km2": 4.4130967633179283, "log_income": 11.787666664351708, "city": "San Diego" }, "geometry": { "type": "Polygon", "coordinates": [ [ [ -117.129472, 32.77137 ], [ -117.126906, 32.772739 ], [ -117.122297, 32.774172 ], [ -117.119359, 32.775717 ], [ -117.117267, 32.776386 ], [ -117.112066, 32.776776 ], [ -117.111908, 32.776218 ], [ -117.11288, 32.771287 ], [ -117.112371, 32.769342 ], [ -117.109633, 32.764392 ], [ -117.10942, 32.763267 ], [ -117.112233, 32.763528 ], [ -117.114092, 32.764509 ], [ -117.115639, 32.765416 ], [ -117.117259, 32.765427 ], [ -117.12172, 32.765456 ], [ -117.12617, 32.765482 ], [ -117.126407, 32.763852 ], [ -117.126578, 32.763335 ], [ -117.127571, 32.763084 ], [ -117.129458, 32.767621 ], [ -117.131458, 32.770824 ], [ -117.129472, 32.77137 ] ] ] } },
{ "type": "Feature", "properties": { "STATEFP": "06", "COUNTYFP": "073", "TRACTCE": "002709", "GEOIDFQ": "1400000US06073002709", "GEOID": "06073002709", "NAME": "27.09", "NAMELSAD": "Census Tract 27.09", "STUSPS": "CA", "NAMELSADCO": "San Diego County", "STATE_NAME": "California", "LSAD": "CT", "ALAND": 620822, "AWATER": 0, "centroid_lon": -117.08969050256523, "centroid_lat": 32.743967258251452, "B03002_001E": 3800, "B03002_001M": 767, "B03002_012E": 1977, "B03002_012M": 692, "B19013_001E": 53520, "B19013_001M": 30439, "B01003_001E": 3800, "state": "06", "county": "073", "tract": "002709", "latino_share": 0.52026315789473687, "camera_count": 1, "arterial_road_m": 872.48297560690594, "land_area_km2": 0.620822, "pop_density_per_km2": 6120.9171066746994, "arterial_km_per_km2": 1.4053673607038828, "log_income": 10.887810694802111, "city": "San Diego" }, "geometry": { "type": "Polygon", "coordinates": [ [ [ -117.092289, 32.748449 ], [ -117.092277, 32.74954 ], [ -117.09013, 32.749522 ], [ -117.087987, 32.749504 ], [ -117.088017, 32.747544 ], [ -117.085269, 32.746318 ], [ -117.086007, 32.745144 ], [ -117.086564, 32.741205 ], [ -117.088783, 32.741283 ], [ -117.088967, 32.739378 ], [ -117.090251, 32.737978 ], [ -117.089971, 32.736957 ], [ -117.09223, 32.737109 ], [ -117.092279, 32.740275 ], [ -117.09232, 32.745857 ], [ -117.092289, 32.748449 ] ] ] } },
{ "type": "Feature", "properties": { "STATEFP": "06", "COUNTYFP": "073", "TRACTCE": "010107", "GEOIDFQ": "1400000US06073010107", "GEOID": "06073010107", "NAME": "101.07", "NAMELSAD": "Census Tract 101.07", "STUSPS": "CA", "NAMELSADCO": "San Diego County", "STATE_NAME": "California", "LSAD": "CT", "ALAND": 2326374, "AWATER": 0, "centroid_lon": -117.07874343560061, "centroid_lat": 32.583756765398483, "B03002_001E": 5928, "B03002_001M": 695, "B03002_012E": 3990, "B03002_012M": 760, "B19013_001E": 85875, "B19013_001M": 24034, "B01003_001E": 5928, "state": "06", "county": "073", "tract": "010107", "latino_share": 0.67307692307692313, "camera_count": 6, "arterial_road_m": 9876.6360667471981, "land_area_km2": 2.326374, "pop_density_per_km2": 2548.1715321784031, "arterial_km_per_km2": 4.2455065551571662, "log_income": 11.360648029524651, "city": "San Diego" }, "geometry": { "type": "Polygon", "coordinates": [ [ [ -117.088059, 32.589501 ], [ -117.080179, 32.590793 ], [ -117.079537, 32.591126 ], [ -117.074761, 32.591767 ], [ -117.073212, 32.591123 ], [ -117.071673, 32.587844 ], [ -117.071162, 32.583801 ], [ -117.070881, 32.580714 ], [ -117.070449, 32.579347 ], [ -117.06972, 32.578018 ], [ -117.068842, 32.576862 ], [ -117.070058, 32.576443 ], [ -117.075434, 32.576475 ], [ -117.080543, 32.576487 ], [ -117.082627, 32.576484 ], [ -117.086291, 32.580441 ], [ -117.08755, 32.583798 ], [ -117.088059, 32.589501 ] ] ] } },
{ "type": "Feature", "properties": { "STATEFP": "06", "COUNTYFP": "073", "TRACTCE": "008503", "GEOIDFQ": "1400000US06073008503", "GEOID": "06073008503", "NAME": "85.03", "NAMELSAD": "Census Tract 85.03", "STUSPS": "CA", "NAMELSADCO": "San Diego County", "STATE_NAME": "California", "LSAD": "CT", "ALAND": 3679207, "AWATER": 0, "centroid_lon": -117.21366367660382, "centroid_lat": 32.817653108447288, "B03002_001E": 7714, "B03002_001M": 1737, "B03002_012E": 2071, "B03002_012M": 1118, "B19013_001E": 118141, "B19013_001M": 15467, "B01003_001E": 7714, "state": "06", "county": "073", "tract": "008503", "latino_share": 0.26847290640394089, "camera_count": 0, "arterial_road_m": 19235.490149576515, "land_area_km2": 3.679207, "pop_density_per_km2": 2096.6474569112311, "arterial_km_per_km2": 5.2281619788113352, "log_income": 11.679634105359007, "city": "San Diego" }, "geometry": { "type": "Polygon", "coordinates": [ [ [ -117.230179, 32.823299 ], [ -117.228599, 32.823756 ], [ -117.226853, 32.825051 ], [ -117.224674, 32.825005 ], [ -117.22297, 32.824039 ], [ -117.220911, 32.824106 ], [ -117.219353, 32.822466 ], [ -117.217424, 32.822294 ], [ -117.215493, 32.823063 ], [ -117.214197, 32.823952 ], [ -117.214927, 32.825621 ], [ -117.214225, 32.827363 ], [ -117.213223, 32.828641 ], [ -117.211121, 32.827856 ], [ -117.206116, 32.82769 ], [ -117.205771, 32.823426 ], [ -117.202724, 32.818387 ], [ -117.201222, 32.816109 ], [ -117.200973, 32.81173 ], [ -117.203408, 32.811606 ], [ -117.208074, 32.808724 ], [ -117.210604, 32.807896 ], [ -117.214062, 32.80714 ], [ -117.215697, 32.806782 ], [ -117.216003, 32.806717 ], [ -117.218022, 32.809187 ], [ -117.220058, 32.811741 ], [ -117.222542, 32.815078 ], [ -117.230583, 32.823119 ], [ -117.230179, 32.823299 ] ] ] } },
{ "type": "Feature", "properties": { "STATEFP": "06", "COUNTYFP": "073", "TRACTCE": "002501", "GEOIDFQ": "1400000US06073002501", "GEOID": "06073002501", "NAME": "25.01", "NAMELSAD": "Census Tract 25.01", "STUSPS": "CA", "NAMELSADCO": "San Diego County", "STATE_NAME": "California", "LSAD": "CT", "ALAND": 1257295, "AWATER": 0, "centroid_lon": -117.10968022290255, "centroid_lat": 32.740044656445299, "B03002_001E": 4878, "B03002_001M": 362, "B03002_012E": 3137, "B03002_012M": 444, "B19013_001E": 76208, "B19013_001M": 18818, "B01003_001E": 4878, "state": "06", "county": "073", "tract": "002501", "latino_share": 0.64309143091430909, "camera_count": 0, "arterial_road_m": 10047.268104747152, "land_area_km2": 1.257295, "pop_density_per_km2": 3879.7577338651627, "arterial_km_per_km2": 7.9911779691696472, "log_income": 11.241221723040642, "city": "San Diego" }, "geometry": { "type": "Polygon", "coordinates": [ [ [ -117.118106, 32.744755 ], [ -117.118032, 32.744148 ], [ -117.115645, 32.744124 ], [ -117.113176, 32.744108 ], [ -117.110402, 32.744086 ], [ -117.10698, 32.744055 ], [ -117.104531, 32.744036 ], [ -117.10267, 32.744024 ], [ -117.10095, 32.744009 ], [ -117.100962, 32.740265 ], [ -117.101686, 32.740641 ], [ -117.105644, 32.736783 ], [ -117.107518, 32.736208 ], [ -117.110898, 32.733614 ], [ -117.111511, 32.732125 ], [ -117.111485, 32.731853 ], [ -117.112849, 32.73317 ], [ -117.114839, 32.737893 ], [ -117.116417, 32.740774 ], [ -117.117432, 32.742289 ], [ -117.119356, 32.744636 ], [ -117.118106, 32.744755 ] ] ] } },
{ "type": "Feature", "properties": { "STATEFP": "06", "COUNTYFP": "073", "TRACTCE": "003109", "GEOIDFQ": "1400000US06073003109", "GEOID": "06073003109", "NAME": "31.09", "NAMELSAD": "Census Tract 31.09", "STUSPS": "CA", "NAMELSADCO": "San Diego County", "STATE_NAME": "California", "LSAD": "CT", "ALAND": 1093829, "AWATER": 0, "centroid_lon": -117.05558676197518, "centroid_lat": 32.691828036376215, "B03002_001E": 3319, "B03002_001M": 713, "B03002_012E": 590, "B03002_012M": 540, "B19013_001E": 123368, "B19013_001M": 11980, "B01003_001E": 3319, "state": "06", "county": "073", "tract": "003109", "latino_share": 0.17776438686351312, "camera_count": 0, "arterial_road_m": 4415.7776161698685, "land_area_km2": 1.093829, "pop_density_per_km2": 3034.2951229122655, "arterial_km_per_km2": 4.0369908058479602, "log_income": 11.722927037537492, "city": "San Diego" }, "geometry": { "type": "Polygon", "coordinates": [ [ [ -117.065634, 32.691791 ], [ -117.063966, 32.692708 ], [ -117.057908, 32.695455 ], [ -117.055079, 32.695462 ], [ -117.052808, 32.696185 ], [ -117.052219, 32.696924 ], [ -117.05077, 32.696372 ], [ -117.049649, 32.695346 ], [ -117.049613, 32.695283 ], [ -117.049057, 32.692761 ], [ -117.046481, 32.688957 ], [ -117.048828, 32.688252 ], [ -117.050876, 32.687855 ], [ -117.053562, 32.688477 ], [ -117.058342, 32.689097 ], [ -117.060793, 32.689357 ], [ -117.062999, 32.688962 ], [ -117.064344, 32.688864 ], [ -117.065692, 32.691255 ], [ -117.065634, 32.691791 ] ] ] } },
{ "type": "Feature", "properties": { "STATEFP": "06", "COUNTYFP": "073", "TRACTCE": "009802", "GEOIDFQ": "1400000US06073009802", "GEOID": "06073009802", "NAME": "98.02", "NAMELSAD": "Census Tract 98.02", "STUSPS": "CA", "NAMELSADCO": "San Diego County", "STATE_NAME": "California", "LSAD": "CT", "ALAND": 1986716, "AWATER": 0, "centroid_lon": -117.0141468201617, "centroid_lat": 32.796828407847194, "B03002_001E": 7026, "B03002_001M": 958, "B03002_012E": 1522, "B03002_012M": 321, "B19013_001E": 107429, "B19013_001M": 21037, "B01003_001E": 7026, "state": "06", "county": "073", "tract": "009802", "latino_share": 0.2166239681184173, "camera_count": 6, "arterial_road_m": 12119.840601821526, "land_area_km2": 1.986716, "pop_density_per_km2": 3536.4893623446937, "arterial_km_per_km2": 6.1004394195353164, "log_income": 11.584585443230408, "city": "San Diego" }, "geometry": { "type": "Polygon", "coordinates": [ [ [ -117.02424, 32.793305 ], [ -117.024019, 32.794095 ], [ -117.022455, 32.796613 ], [ -117.021935, 32.801059 ], [ -117.017924, 32.800845 ], [ -117.017719, 32.803414 ], [ -117.010198, 32.803018 ], [ -117.00601, 32.802671 ], [ -117.005705, 32.80261 ], [ -117.005669, 32.801088 ], [ -117.005734, 32.796017 ], [ -117.005878, 32.794729 ], [ -117.005947, 32.794307 ], [ -117.005996, 32.792541 ], [ -117.00601, 32.79132 ], [ -117.006216, 32.79132 ], [ -117.010809, 32.791338 ], [ -117.020208, 32.79134 ], [ -117.024503, 32.791386 ], [ -117.02424, 32.793305 ] ] ] } },
{ "type": "Feature", "properties": { "STATEFP": "06", "COUNTYFP": "073", "TRACTCE": "004700", "GEOIDFQ": "1400000US06073004700", "GEOID": "06073004700", "NAME": "47", "NAMELSAD": "Census Tract 47", "STUSPS": "CA", "NAMELSADCO": "San Diego County", "STATE_NAME": "California", "LSAD": "CT", "ALAND": 348490, "AWATER": 0, "centroid_lon": -117.14507774492623, "centroid_lat": 32.708406096462355, "B03002_001E": 1327, "B03002_001M": 253, "B03002_012E": 740, "B03002_012M": 246, "B19013_001E": 64338, "B19013_001M": 5887, "B01003_001E": 1327, "state": "06", "county": "073", "tract": "004700", "latino_share": 0.55764883195177095, "camera_count": 2, "arterial_road_m": 5618.9465765021505, "land_area_km2": 0.34849, "pop_density_per_km2": 3807.8567534219055, "arterial_km_per_km2": 16.123695304032111, "log_income": 11.071905715448201, "city": "San Diego" }, "geometry": { "type": "Polygon", "coordinates": [ [ [ -117.147772, 32.711533 ], [ -117.14753, 32.711535 ], [ -117.142458, 32.711572 ], [ -117.142407, 32.708397 ], [ -117.142433, 32.707321 ], [ -117.142394, 32.705256 ], [ -117.147317, 32.705236 ], [ -117.14757, 32.705235 ], [ -117.14773, 32.706273 ], [ -117.147753, 32.709425 ], [ -117.147772, 32.711533 ] ] ] } },
{ "type": "Feature", "properties": { "STATEFP": "06", "COUNTYFP": "073", "TRACTCE": "005000", "GEOIDFQ": "1400000US06073005000", "GEOID": "06073005000", "NAME": "50", "NAMELSAD": "Census Tract 50", "STUSPS": "CA", "NAMELSADCO": "San Diego County", "STATE_NAME": "California", "LSAD": "CT", "ALAND": 1444167, "AWATER": 980544, "centroid_lon": -117.14337622227994, "centroid_lat": 32.692393492367238, "B03002_001E": 1897, "B03002_001M": 449, "B03002_012E": 1608, "B03002_012M": 436, "B19013_001E": 39050, "B19013_001M": 29597, "B01003_001E": 1897, "state": "06", "county": "073", "tract": "005000", "latino_share": 0.84765419082762261, "camera_count": 12, "arterial_road_m": 18121.556039890675, "land_area_km2": 1.444167, "pop_density_per_km2": 1313.5599968701681, "arterial_km_per_km2": 12.548102843985962, "log_income": 10.572598155267832, "city": "San Diego" }, "geometry": { "type": "Polygon", "coordinates": [ [ [ -117.149021, 32.694491 ], [ -117.149418, 32.694244 ], [ -117.150228, 32.695595 ], [ -117.147208, 32.698471 ], [ -117.148882, 32.699616 ], [ -117.145966, 32.702633 ], [ -117.145431, 32.703008 ], [ -117.140517, 32.699627 ], [ -117.133831, 32.694912 ], [ -117.133713, 32.692796 ], [ -117.13361, 32.687918 ], [ -117.136195, 32.685792 ], [ -117.134568, 32.687947 ], [ -117.138997, 32.686812 ], [ -117.146701, 32.683926 ], [ -117.154828, 32.688285 ], [ -117.149021, 32.694491 ] ] ] } },
{ "type": "Feature", "properties": { "STATEFP": "06", "COUNTYFP": "073", "TRACTCE": "003114", "GEOIDFQ": "1400000US06073003114", "GEOID": "06073003114", "NAME": "31.14", "NAMELSAD": "Census Tract 31.14", "STUSPS": "CA", "NAMELSADCO": "San Diego County", "STATE_NAME": "California", "LSAD": "CT", "ALAND": 1135917, "AWATER": 0, "centroid_lon": -117.04500075335943, "centroid_lat": 32.699831462370902, "B03002_001E": 3482, "B03002_001M": 568, "B03002_012E": 600, "B03002_012M": 248, "B19013_001E": 110081, "B19013_001M": 5780, "B01003_001E": 3482, "state": "06", "county": "073", "tract": "003114", "latino_share": 0.1723147616312464, "camera_count": 0, "arterial_road_m": 3582.8312188550694, "land_area_km2": 1.135917, "pop_density_per_km2": 3065.3648109853093, "arterial_km_per_km2": 3.1541311723084249, "log_income": 11.608971737428234, "city": "San Diego" }, "geometry": { "type": "Polygon", "coordinates": [ [ [ -117.054683, 32.701289 ], [ -117.050785, 32.702414 ], [ -117.042879, 32.703317 ], [ -117.041219, 32.703881 ], [ -117.040336, 32.703918 ], [ -117.039433, 32.703752 ], [ -117.036903, 32.702882 ], [ -117.037686, 32.701385 ], [ -117.035931, 32.700669 ], [ -117.034947, 32.698959 ], [ -117.03853, 32.697199 ], [ -117.04179, 32.697197 ], [ -117.042723, 32.697274 ], [ -117.049613, 32.695283 ], [ -117.049649, 32.695346 ], [ -117.05077, 32.696372 ], [ -117.052219, 32.696924 ], [ -117.053247, 32.697656 ], [ -117.054683, 32.701289 ] ] ] } },
{ "type": "Feature", "properties": { "STATEFP": "06", "COUNTYFP": "073", "TRACTCE": "010013", "GEOIDFQ": "1400000US06073010013", "GEOID": "06073010013", "NAME": "100.13", "NAMELSAD": "Census Tract 100.13", "STUSPS": "CA", "NAMELSADCO": "San Diego County", "STATE_NAME": "California", "LSAD": "CT", "ALAND": 896530, "AWATER": 0, "centroid_lon": -117.04742799697917, "centroid_lat": 32.555551738365672, "B03002_001E": 4845, "B03002_001M": 1011, "B03002_012E": 4651, "B03002_012M": 1029, "B19013_001E": 69459, "B19013_001M": 15798, "B01003_001E": 4845, "state": "06", "county": "073", "tract": "010013", "latino_share": 0.95995872033023733, "camera_count": 9, "arterial_road_m": 12531.298277853955, "land_area_km2": 0.89653, "pop_density_per_km2": 5404.1694087202877, "arterial_km_per_km2": 13.977555996847796, "log_income": 11.148491929419308, "city": "San Diego" }, "geometry": { "type": "Polygon", "coordinates": [ [ [ -117.054488, 32.561975 ], [ -117.050208, 32.559567 ], [ -117.049452, 32.559182 ], [ -117.048014, 32.558433 ], [ -117.047185, 32.558251 ], [ -117.044523, 32.558283 ], [ -117.042298, 32.558267 ], [ -117.040421, 32.550032 ], [ -117.039847, 32.549 ], [ -117.040948, 32.549586 ], [ -117.042507, 32.550173 ], [ -117.045626, 32.551352 ], [ -117.045526, 32.551515 ], [ -117.054304, 32.555263 ], [ -117.054295, 32.55607 ], [ -117.054282, 32.558203 ], [ -117.054261, 32.561284 ], [ -117.054488, 32.561975 ] ] ] } },
{ "type": "Feature", "properties": { "STATEFP": "06", "COUNTYFP": "073", "TRACTCE": "017045", "GEOIDFQ": "1400000US06073017045", "GEOID": "06073017045", "NAME": "170.45", "NAMELSAD": "Census Tract 170.45", "STUSPS": "CA", "NAMELSADCO": "San Diego County", "STATE_NAME": "California", "LSAD": "CT", "ALAND": 1950190, "AWATER": 0, "centroid_lon": -117.06792569162646, "centroid_lat": 32.930115003930119, "B03002_001E": 2276, "B03002_001M": 210, "B03002_012E": 110, "B03002_012M": 63, "B19013_001E": 228250, "B19013_001M": 25118, "B01003_001E": 2276, "state": "06", "county": "073", "tract": "017045", "latino_share": 0.048330404217926184, "camera_count": 1, "arterial_road_m": 4850.3721130514568, "land_area_km2": 1.95019, "pop_density_per_km2": 1167.0657730785206, "arterial_km_per_km2": 2.4871279788387066, "log_income": 12.338196798457215, "city": "San Diego" }, "geometry": { "type": "Polygon", "coordinates": [ [ [ -117.084463, 32.934172 ], [ -117.074302, 32.934281 ], [ -117.072952, 32.934499 ], [ -117.068947, 32.934639 ], [ -117.06674, 32.934435 ], [ -117.061643, 32.93478 ], [ -117.0602, 32.935137 ], [ -117.058968, 32.931686 ], [ -117.058222, 32.930653 ], [ -117.05681, 32.929456 ], [ -117.056123, 32.928359 ], [ -117.05592, 32.927192 ], [ -117.056176, 32.926036 ], [ -117.059078, 32.923025 ], [ -117.061078, 32.922132 ], [ -117.062713, 32.921767 ], [ -117.063795, 32.923528 ], [ -117.065441, 32.927723 ], [ -117.065487, 32.927777 ], [ -117.065602, 32.927914 ], [ -117.065836, 32.928118 ], [ -117.066039, 32.928241 ], [ -117.066655, 32.928557 ], [ -117.071227, 32.928684 ], [ -117.071315, 32.927603 ], [ -117.07583, 32.928043 ], [ -117.07816, 32.928718 ], [ -117.082132, 32.930957 ], [ -117.084081, 32.932816 ], [ -117.084463, 32.934172 ] ] ] } },
{ "type": "Feature", "properties": { "STATEFP": "06", "COUNTYFP": "073", "TRACTCE": "017031", "GEOIDFQ": "1400000US06073017031", "GEOID": "06073017031", "NAME": "170.31", "NAMELSAD": "Census Tract 170.31", "STUSPS": "CA", "NAMELSADCO": "San Diego County", "STATE_NAME": "California", "LSAD": "CT", "ALAND": 1058526, "AWATER": 0, "centroid_lon": -117.08462810403027, "centroid_lat": 33.028198468162387, "B03002_001E": 3451, "B03002_001M": 246, "B03002_012E": 647, "B03002_012M": 244, "B19013_001E": 151125, "B19013_001M": 41318, "B01003_001E": 3451, "state": "06", "county": "073", "tract": "017031", "latino_share": 0.18748188930744711, "camera_count": 4, "arterial_road_m": 6326.4640705167449, "land_area_km2": 1.058526, "pop_density_per_km2": 3260.1938922615032, "arterial_km_per_km2": 5.9766732895712948, "log_income": 11.925862587917093, "city": "San Diego" }, "geometry": { "type": "Polygon", "coordinates": [ [ [ -117.092688, 33.027148 ], [ -117.090359, 33.030296 ], [ -117.088578, 33.030704 ], [ -117.0858, 33.031534 ], [ -117.08535, 33.031591 ], [ -117.082153, 33.034491 ], [ -117.080496, 33.033521 ], [ -117.078175, 33.033006 ], [ -117.078879, 33.030496 ], [ -117.07909, 33.023168 ], [ -117.082137, 33.023832 ], [ -117.086227, 33.024521 ], [ -117.092112, 33.024254 ], [ -117.092688, 33.027148 ] ] ] } },
{ "type": "Feature", "properties": { "STATEFP": "06", "COUNTYFP": "073", "TRACTCE": "009604", "GEOIDFQ": "1400000US06073009604", "GEOID": "06073009604", "NAME": "96.04", "NAMELSAD": "Census Tract 96.04", "STUSPS": "CA", "NAMELSADCO": "San Diego County", "STATE_NAME": "California", "LSAD": "CT", "ALAND": 1828018, "AWATER": 0, "centroid_lon": -117.09175692037829, "centroid_lat": 32.786722731443085, "B03002_001E": 3212, "B03002_001M": 499, "B03002_012E": 601, "B03002_012M": 259, "B19013_001E": 90282, "B19013_001M": 14876, "B01003_001E": 3212, "state": "06", "county": "073", "tract": "009604", "latino_share": 0.18711083437110834, "camera_count": 3, "arterial_road_m": 13124.612358945495, "land_area_km2": 1.828018, "pop_density_per_km2": 1757.0942955703938, "arterial_km_per_km2": 7.1796953634731686, "log_income": 11.410693383986933, "city": "San Diego" }, "geometry": { "type": "Polygon", "coordinates": [ [ [ -117.101105, 32.78149 ], [ -117.098203, 32.783383 ], [ -117.097731, 32.787691 ], [ -117.097693, 32.790951 ], [ -117.098167, 32.791437 ], [ -117.097495, 32.792989 ], [ -117.0899, 32.792936 ], [ -117.088966, 32.792932 ], [ -117.083274, 32.792869 ], [ -117.081239, 32.792895 ], [ -117.080669, 32.792718 ], [ -117.0827, 32.790715 ], [ -117.084535, 32.788601 ], [ -117.08449, 32.78632 ], [ -117.085611, 32.784701 ], [ -117.086869, 32.782903 ], [ -117.087078, 32.782563 ], [ -117.087933, 32.780609 ], [ -117.093455, 32.780286 ], [ -117.101038, 32.779036 ], [ -117.10155, 32.780153 ], [ -117.101105, 32.78149 ] ] ] } },
{ "type": "Feature", "properties": { "STATEFP": "06", "COUNTYFP": "073", "TRACTCE": "009506", "GEOIDFQ": "1400000US06073009506", "GEOID": "06073009506", "NAME": "95.06", "NAMELSAD": "Census Tract 95.06", "STUSPS": "CA", "NAMELSADCO": "San Diego County", "STATE_NAME": "California", "LSAD": "CT", "ALAND": 1523977, "AWATER": 0, "centroid_lon": -117.09255869783284, "centroid_lat": 32.824703809596997, "B03002_001E": 4582, "B03002_001M": 425, "B03002_012E": 721, "B03002_012M": 179, "B19013_001E": 154250, "B19013_001M": 20383, "B01003_001E": 4582, "state": "06", "county": "073", "tract": "009506", "latino_share": 0.15735486687036229, "camera_count": 0, "arterial_road_m": 5965.522554465213, "land_area_km2": 1.523977, "pop_density_per_km2": 3006.6070550933514, "arterial_km_per_km2": 3.914443954511921, "log_income": 11.946329941767635, "city": "San Diego" }, "geometry": { "type": "Polygon", "coordinates": [ [ [ -117.103859, 32.82751 ], [ -117.103392, 32.829283 ], [ -117.097591, 32.827209 ], [ -117.095856, 32.82698 ], [ -117.094011, 32.827165 ], [ -117.088481, 32.829284 ], [ -117.087266, 32.829328 ], [ -117.084122, 32.828118 ], [ -117.080226, 32.825874 ], [ -117.079055, 32.825516 ], [ -117.079337, 32.824617 ], [ -117.080246, 32.8237 ], [ -117.083007, 32.822168 ], [ -117.086674, 32.823544 ], [ -117.090161, 32.823072 ], [ -117.091851, 32.819982 ], [ -117.093825, 32.81775 ], [ -117.095554, 32.818391 ], [ -117.097814, 32.821324 ], [ -117.099815, 32.822688 ], [ -117.102915, 32.823339 ], [ -117.104093, 32.823323 ], [ -117.103859, 32.82751 ] ] ] } },
{ "type": "Feature", "properties": { "STATEFP": "06", "COUNTYFP": "073", "TRACTCE": "008359", "GEOIDFQ": "1400000US06073008359", "GEOID": "06073008359", "NAME": "83.59", "NAMELSAD": "Census Tract 83.59", "STUSPS": "CA", "NAMELSADCO": "San Diego County", "STATE_NAME": "California", "LSAD": "CT", "ALAND": 1113650, "AWATER": 0, "centroid_lon": -117.12050000419678, "centroid_lat": 32.910302285668806, "B03002_001E": 4426, "B03002_001M": 634, "B03002_012E": 1577, "B03002_012M": 654, "B19013_001E": 86685, "B19013_001M": 7857, "B01003_001E": 4426, "state": "06", "county": "073", "tract": "008359", "latino_share": 0.3563036601897876, "camera_count": 8, "arterial_road_m": 9885.6882516333008, "land_area_km2": 1.11365, "pop_density_per_km2": 3974.3186818120594, "arterial_km_per_km2": 8.876835856537781, "log_income": 11.370036137419987, "city": "San Diego" }, "geometry": { "type": "Polygon", "coordinates": [ [ [ -117.124784, 32.917166 ], [ -117.120548, 32.917212 ], [ -117.117287, 32.917209 ], [ -117.116373, 32.917111 ], [ -117.11672, 32.912038 ], [ -117.116652, 32.903434 ], [ -117.117962, 32.90343 ], [ -117.124032, 32.90275 ], [ -117.124113, 32.905355 ], [ -117.124325, 32.912892 ], [ -117.124784, 32.917166 ] ] ] } },
{ "type": "Feature", "properties": { "STATEFP": "06", "COUNTYFP": "073", "TRACTCE": "008355", "GEOIDFQ": "1400000US06073008355", "GEOID": "06073008355", "NAME": "83.55", "NAMELSAD": "Census Tract 83.55", "STUSPS": "CA", "NAMELSADCO": "San Diego County", "STATE_NAME": "California", "LSAD": "CT", "ALAND": 894277, "AWATER": 0, "centroid_lon": -117.12659697734085, "centroid_lat": 32.921754601668866, "B03002_001E": 3093, "B03002_001M": 191, "B03002_012E": 415, "B03002_012M": 137, "B19013_001E": 154000, "B19013_001M": 13398, "B01003_001E": 3093, "state": "06", "county": "073", "tract": "008355", "latino_share": 0.13417394115745232, "camera_count": 0, "arterial_road_m": 5206.9960670985829, "land_area_km2": 0.894277, "pop_density_per_km2": 3458.6599006795436, "arterial_km_per_km2": 5.8225763014128544, "log_income": 11.944707881395766, "city": "San Diego" }, "geometry": { "type": "Polygon", "coordinates": [ [ [ -117.135664, 32.924199 ], [ -117.1337, 32.924283 ], [ -117.131791, 32.92501 ], [ -117.130741, 32.924929 ], [ -117.127367, 32.924834 ], [ -117.124539, 32.924325 ], [ -117.123441, 32.924222 ], [ -117.119175, 32.924335 ], [ -117.118989, 32.922616 ], [ -117.118999, 32.921993 ], [ -117.120521, 32.918958 ], [ -117.120548, 32.917212 ], [ -117.124784, 32.917166 ], [ -117.125057, 32.919321 ], [ -117.129217, 32.91922 ], [ -117.129267, 32.920638 ], [ -117.131686, 32.920695 ], [ -117.13566, 32.920595 ], [ -117.135659, 32.921409 ], [ -117.135664, 32.924199 ] ] ] } },
{ "type": "Feature", "properties": { "STATEFP": "06", "COUNTYFP": "073", "TRACTCE": "008344", "GEOIDFQ": "1400000US06073008344", "GEOID": "06073008344", "NAME": "83.44", "NAMELSAD": "Census Tract 83.44", "STUSPS": "CA", "NAMELSADCO": "San Diego County", "STATE_NAME": "California", "LSAD": "CT", "ALAND": 2038468, "AWATER": 0, "centroid_lon": -117.19625317266853, "centroid_lat": 32.858405277873153, "B03002_001E": 3460, "B03002_001M": 416, "B03002_012E": 268, "B03002_012M": 140, "B19013_001E": 176680, "B19013_001M": 40484, "B01003_001E": 3460, "state": "06", "county": "073", "tract": "008344", "latino_share": 0.077456647398843934, "camera_count": 0, "arterial_road_m": 5262.8745110929103, "land_area_km2": 2.038468, "pop_density_per_km2": 1697.3531102769334, "arterial_km_per_km2": 2.5817793122545512, "log_income": 12.082095465710463, "city": "San Diego" }, "geometry": { "type": "Polygon", "coordinates": [ [ [ -117.206514, 32.863126 ], [ -117.198436, 32.862411 ], [ -117.196194, 32.862561 ], [ -117.189961, 32.864391 ], [ -117.186206, 32.860349 ], [ -117.184503, 32.85774 ], [ -117.189109, 32.853294 ], [ -117.19106, 32.852638 ], [ -117.194799, 32.852189 ], [ -117.198383, 32.853272 ], [ -117.19929, 32.853741 ], [ -117.200072, 32.854073 ], [ -117.201118, 32.854409 ], [ -117.204588, 32.854601 ], [ -117.206014, 32.858605 ], [ -117.210652, 32.861768 ], [ -117.206514, 32.863126 ] ] ] } },
{ "type": "Feature", "properties": { "STATEFP": "06", "COUNTYFP": "073", "TRACTCE": "008311", "GEOIDFQ": "1400000US06073008311", "GEOID": "06073008311", "NAME": "83.11", "NAMELSAD": "Census Tract 83.11", "STUSPS": "CA", "NAMELSADCO": "San Diego County", "STATE_NAME": "California", "LSAD": "CT", "ALAND": 2511506, "AWATER": 0, "centroid_lon": -117.26324284529427, "centroid_lat": 32.82547653854698, "B03002_001E": 2724, "B03002_001M": 338, "B03002_012E": 405, "B03002_012M": 230, "B19013_001E": 250001, "B19013_001M": -333333333, "B01003_001E": 2724, "state": "06", "county": "073", "tract": "008311", "latino_share": 0.14867841409691629, "camera_count": 0, "arterial_road_m": 5375.3804827941021, "land_area_km2": 2.511506, "pop_density_per_km2": 1084.6081992238921, "arterial_km_per_km2": 2.1403016687175356, "log_income": 12.429220196836383, "city": "San Diego" }, "geometry": { "type": "Polygon", "coordinates": [ [ [ -117.273515, 32.827445 ], [ -117.272291, 32.828724 ], [ -117.272645, 32.832049 ], [ -117.271449, 32.832774 ], [ -117.266912, 32.831379 ], [ -117.262829, 32.833272 ], [ -117.260246, 32.833012 ], [ -117.257445, 32.831007 ], [ -117.256737, 32.830824 ], [ -117.253244, 32.832016 ], [ -117.250333, 32.833952 ], [ -117.249293, 32.833788 ], [ -117.250159, 32.832951 ], [ -117.253961, 32.829776 ], [ -117.253639, 32.826617 ], [ -117.255556, 32.824196 ], [ -117.25746, 32.823747 ], [ -117.258624, 32.819551 ], [ -117.260184, 32.817752 ], [ -117.259186, 32.815653 ], [ -117.260292, 32.812664 ], [ -117.263191, 32.815119 ], [ -117.265381, 32.816749 ], [ -117.268371, 32.821373 ], [ -117.269147, 32.822354 ], [ -117.271659, 32.822753 ], [ -117.273514, 32.825686 ], [ -117.273515, 32.827445 ] ] ] } },
{ "type": "Feature", "properties": { "STATEFP": "06", "COUNTYFP": "073", "TRACTCE": "008101", "GEOIDFQ": "1400000US06073008101", "GEOID": "06073008101", "NAME": "81.01", "NAMELSAD": "Census Tract 81.01", "STUSPS": "CA", "NAMELSADCO": "San Diego County", "STATE_NAME": "California", "LSAD": "CT", "ALAND": 1166816, "AWATER": 307276, "centroid_lon": -117.27654953360566, "centroid_lat": 32.833312554753455, "B03002_001E": 3696, "B03002_001M": 558, "B03002_012E": 513, "B03002_012M": 237, "B19013_001E": 104457, "B19013_001M": 29078, "B01003_001E": 3696, "state": "06", "county": "073", "tract": "008101", "latino_share": 0.13879870129870131, "camera_count": 0, "arterial_road_m": 4896.3814000168877, "land_area_km2": 1.166816, "pop_density_per_km2": 3167.5945478978688, "arterial_km_per_km2": 4.1963612086369126, "log_income": 11.556530782450949, "city": "San Diego" }, "geometry": { "type": "Polygon", "coordinates": [ [ [ -117.281217, 32.836757 ], [ -117.279171, 32.837245 ], [ -117.279678, 32.838843 ], [ -117.27849, 32.839117 ], [ -117.272496, 32.840508 ], [ -117.271501, 32.837275 ], [ -117.272727, 32.83718 ], [ -117.271449, 32.832774 ], [ -117.272645, 32.832049 ], [ -117.272291, 32.828724 ], [ -117.273515, 32.827445 ], [ -117.276891, 32.82683 ], [ -117.279798034877004, 32.826281387370798 ], [ -117.281212919224004, 32.830731468267501 ], [ -117.281883, 32.832839 ], [ -117.281217, 32.836757 ] ] ] } },
{ "type": "Feature", "properties": { "STATEFP": "06", "COUNTYFP": "073", "TRACTCE": "007905", "GEOIDFQ": "1400000US06073007905", "GEOID": "06073007905", "NAME": "79.05", "NAMELSAD": "Census Tract 79.05", "STUSPS": "CA", "NAMELSADCO": "San Diego County", "STATE_NAME": "California", "LSAD": "CT", "ALAND": 571324, "AWATER": 0, "centroid_lon": -117.2526847066172, "centroid_lat": 32.79969715449986, "B03002_001E": 2557, "B03002_001M": 388, "B03002_012E": 222, "B03002_012M": 232, "B19013_001E": 120074, "B19013_001M": 19150, "B01003_001E": 2557, "state": "06", "county": "073", "tract": "007905", "latino_share": 0.086820492764958943, "camera_count": 0, "arterial_road_m": 2347.7031812460727, "land_area_km2": 0.571324, "pop_density_per_km2": 4475.5690291323308, "arterial_km_per_km2": 4.10923255673851, "log_income": 11.695863498370093, "city": "San Diego" }, "geometry": { "type": "Polygon", "coordinates": [ [ [ -117.259323135339997, 32.800892772932002 ], [ -117.256916, 32.801219 ], [ -117.253264, 32.802026 ], [ -117.247794, 32.803231 ], [ -117.246361, 32.79857 ], [ -117.255486, 32.796558 ], [ -117.257213673115999, 32.796176199243803 ], [ -117.257270627512, 32.796303544309197 ], [ -117.259323135339997, 32.800892772932002 ] ] ] } },
{ "type": "Feature", "properties": { "STATEFP": "06", "COUNTYFP": "073", "TRACTCE": "008362", "GEOIDFQ": "1400000US06073008362", "GEOID": "06073008362", "NAME": "83.62", "NAMELSAD": "Census Tract 83.62", "STUSPS": "CA", "NAMELSADCO": "San Diego County", "STATE_NAME": "California", "LSAD": "CT", "ALAND": 886226, "AWATER": 0, "centroid_lon": -117.23345628339514, "centroid_lat": 32.858994492165806, "B03002_001E": 3270, "B03002_001M": 599, "B03002_012E": 385, "B03002_012M": 211, "B19013_001E": 114071, "B19013_001M": 28379, "B01003_001E": 3270, "state": "06", "county": "073", "tract": "008362", "latino_share": 0.11773700305810397, "camera_count": 1, "arterial_road_m": 7220.484165500402, "land_area_km2": 0.886226, "pop_density_per_km2": 3689.8037295227177, "arterial_km_per_km2": 8.1474524167654767, "log_income": 11.644576340530374, "city": "San Diego" }, "geometry": { "type": "Polygon", "coordinates": [ [ [ -117.23717, 32.859921 ], [ -117.236264, 32.862241 ], [ -117.235677, 32.862095 ], [ -117.23353, 32.86096 ], [ -117.233158, 32.863543 ], [ -117.234197, 32.865017 ], [ -117.233363, 32.867533 ], [ -117.229473, 32.86825 ], [ -117.230757, 32.856339 ], [ -117.231745, 32.854284 ], [ -117.235069, 32.849494 ], [ -117.236339, 32.850852 ], [ -117.236588, 32.851389 ], [ -117.237205, 32.855301 ], [ -117.23717, 32.859921 ] ] ] } },
{ "type": "Feature", "properties": { "STATEFP": "06", "COUNTYFP": "073", "TRACTCE": "000201", "GEOIDFQ": "1400000US06073000201", "GEOID": "06073000201", "NAME": "2.01", "NAMELSAD": "Census Tract 2.01", "STUSPS": "CA", "NAMELSADCO": "San Diego County", "STATE_NAME": "California", "LSAD": "CT", "ALAND": 864211, "AWATER": 0, "centroid_lon": -117.17342327092403, "centroid_lat": 32.753980937729501, "B03002_001E": 2376, "B03002_001M": 347, "B03002_012E": 82, "B03002_012M": 51, "B19013_001E": 110476, "B19013_001M": 28513, "B01003_001E": 2376, "state": "06", "county": "073", "tract": "000201", "latino_share": 0.034511784511784514, "camera_count": 2, "arterial_road_m": 2972.7779146718735, "land_area_km2": 0.864211, "pop_density_per_km2": 2749.3285783217293, "arterial_km_per_km2": 3.439875116923846, "log_income": 11.612553581779652, "city": "San Diego" }, "geometry": { "type": "Polygon", "coordinates": [ [ [ -117.178867, 32.75765 ], [ -117.177058, 32.757652 ], [ -117.170867, 32.75865 ], [ -117.168416, 32.757038 ], [ -117.168312, 32.755687 ], [ -117.168187, 32.750876 ], [ -117.168661, 32.749864 ], [ -117.171377, 32.749844 ], [ -117.173199, 32.74988 ], [ -117.174126, 32.749878 ], [ -117.176812, 32.749872 ], [ -117.178477, 32.750412 ], [ -117.178867, 32.75765 ] ] ] } },
{ "type": "Feature", "properties": { "STATEFP": "06", "COUNTYFP": "073", "TRACTCE": "007907", "GEOIDFQ": "1400000US06073007907", "GEOID": "06073007907", "NAME": "79.07", "NAMELSAD": "Census Tract 79.07", "STUSPS": "CA", "NAMELSADCO": "San Diego County", "STATE_NAME": "California", "LSAD": "CT", "ALAND": 469802, "AWATER": 0, "centroid_lon": -117.24176543286849, "centroid_lat": 32.796498540762343, "B03002_001E": 3167, "B03002_001M": 448, "B03002_012E": 327, "B03002_012M": 121, "B19013_001E": 115660, "B19013_001M": 23303, "B01003_001E": 3167, "state": "06", "county": "073", "tract": "007907", "latino_share": 0.10325228923271235, "camera_count": 0, "arterial_road_m": 3433.9484497384401, "land_area_km2": 0.469802, "pop_density_per_km2": 6741.1377559056791, "arterial_km_per_km2": 7.3093525564779211, "log_income": 11.658410131712209, "city": "San Diego" }, "geometry": { "type": "Polygon", "coordinates": [ [ [ -117.246361, 32.79857 ], [ -117.242716, 32.799377 ], [ -117.240856, 32.799793 ], [ -117.238989, 32.800201 ], [ -117.238398, 32.798279 ], [ -117.237807, 32.796346 ], [ -117.237199, 32.794372 ], [ -117.237274, 32.794349 ], [ -117.239095, 32.793958 ], [ -117.240916, 32.793556 ], [ -117.241799, 32.793362 ], [ -117.244629, 32.792957 ], [ -117.245176, 32.794726 ], [ -117.246361, 32.79857 ] ] ] } },
{ "type": "Feature", "properties": { "STATEFP": "06", "COUNTYFP": "073", "TRACTCE": "003305", "GEOIDFQ": "1400000US06073003305", "GEOID": "06073003305", "NAME": "33.05", "NAMELSAD": "Census Tract 33.05", "STUSPS": "CA", "NAMELSADCO": "San Diego County", "STATE_NAME": "California", "LSAD": "CT", "ALAND": 1295184, "AWATER": 0, "centroid_lon": -117.0901009713871, "centroid_lat": 32.697793607173715, "B03002_001E": 6521, "B03002_001M": 1006, "B03002_012E": 4428, "B03002_012M": 889, "B19013_001E": 56842, "B19013_001M": 15196, "B01003_001E": 6521, "state": "06", "county": "073", "tract": "003305", "latino_share": 0.67903695752185245, "camera_count": 17, "arterial_road_m": 8105.5394473031211, "land_area_km2": 1.295184, "pop_density_per_km2": 5034.8058654214383, "arterial_km_per_km2": 6.2582146222491337, "log_income": 10.948030768080395, "city": "San Diego" }, "geometry": { "type": "Polygon", "coordinates": [ [ [ -117.095186, 32.704125 ], [ -117.089424, 32.704133 ], [ -117.086765, 32.704068 ], [ -117.085, 32.7041 ], [ -117.085046, 32.70043 ], [ -117.085052, 32.700037 ], [ -117.085102, 32.697032 ], [ -117.085106, 32.696752 ], [ -117.085132, 32.692365 ], [ -117.085134, 32.691896 ], [ -117.090461, 32.691314 ], [ -117.093759, 32.691729 ], [ -117.093767, 32.691669 ], [ -117.09403, 32.690086 ], [ -117.094389, 32.689629 ], [ -117.094888, 32.691148 ], [ -117.095019, 32.696797 ], [ -117.094987, 32.700455 ], [ -117.095018, 32.70312 ], [ -117.095186, 32.704125 ] ] ] } },
{ "type": "Feature", "properties": { "STATEFP": "06", "COUNTYFP": "073", "TRACTCE": "008363", "GEOIDFQ": "1400000US06073008363", "GEOID": "06073008363", "NAME": "83.63", "NAMELSAD": "Census Tract 83.63", "STUSPS": "CA", "NAMELSADCO": "San Diego County", "STATE_NAME": "California", "LSAD": "CT", "ALAND": 254412, "AWATER": 0, "centroid_lon": -117.22295534962639, "centroid_lat": 32.865421062020026, "B03002_001E": 5373, "B03002_001M": 738, "B03002_012E": 1163, "B03002_012M": 408, "B19013_001E": 70206, "B19013_001M": 9705, "B01003_001E": 5373, "state": "06", "county": "073", "tract": "008363", "latino_share": 0.21645263353806068, "camera_count": 0, "arterial_road_m": 1813.5039478994477, "land_area_km2": 0.254412, "pop_density_per_km2": 21119.286826093106, "arterial_km_per_km2": 7.1282170176699511, "log_income": 11.159189056447014, "city": "San Diego" }, "geometry": { "type": "Polygon", "coordinates": [ [ [ -117.225419, 32.864956 ], [ -117.224782, 32.865998 ], [ -117.224712, 32.866367 ], [ -117.224731, 32.868352 ], [ -117.222673, 32.868367 ], [ -117.220151, 32.867965 ], [ -117.219117, 32.867536 ], [ -117.220369, 32.866108 ], [ -117.221245, 32.865278 ], [ -117.222094, 32.864186 ], [ -117.222493, 32.863339 ], [ -117.222817, 32.861322 ], [ -117.222852, 32.861322 ], [ -117.223359, 32.861356 ], [ -117.225349, 32.861794 ], [ -117.224825, 32.863343 ], [ -117.225095, 32.864636 ], [ -117.225419, 32.864956 ] ] ] } },
{ "type": "Feature", "properties": { "STATEFP": "06", "COUNTYFP": "073", "TRACTCE": "017055", "GEOIDFQ": "1400000US06073017055", "GEOID": "06073017055", "NAME": "170.55", "NAMELSAD": "Census Tract 170.55", "STUSPS": "CA", "NAMELSADCO": "San Diego County", "STATE_NAME": "California", "LSAD": "CT", "ALAND": 2060658, "AWATER": 0, "centroid_lon": -117.07290147593453, "centroid_lat": 32.979426482362342, "B03002_001E": 5037, "B03002_001M": 616, "B03002_012E": 374, "B03002_012M": 244, "B19013_001E": 159434, "B19013_001M": 25579, "B01003_001E": 5037, "state": "06", "county": "073", "tract": "017055", "latino_share": 0.07425054595989676, "camera_count": 8, "arterial_road_m": 11197.865897801488, "land_area_km2": 2.060658, "pop_density_per_km2": 2444.3648582151914, "arterial_km_per_km2": 5.4341214785769827, "log_income": 11.979385322467598, "city": "San Diego" }, "geometry": { "type": "Polygon", "coordinates": [ [ [ -117.081526, 32.972768 ], [ -117.081361, 32.974909 ], [ -117.078765, 32.977117 ], [ -117.076187, 32.978468 ], [ -117.078171, 32.980386 ], [ -117.076126, 32.98309 ], [ -117.07562, 32.984336 ], [ -117.075325, 32.988159 ], [ -117.074771, 32.989105 ], [ -117.072136, 32.990876 ], [ -117.066422, 32.987276 ], [ -117.066704, 32.97529 ], [ -117.067054, 32.974773 ], [ -117.068127, 32.973711 ], [ -117.069692, 32.97234 ], [ -117.070132, 32.972013 ], [ -117.070842, 32.971625 ], [ -117.071331, 32.971436 ], [ -117.072546, 32.971145 ], [ -117.077555, 32.971337 ], [ -117.079626, 32.970841 ], [ -117.081308, 32.969629 ], [ -117.082967, 32.970566 ], [ -117.081526, 32.972768 ] ] ] } },
{ "type": "Feature", "properties": { "STATEFP": "06", "COUNTYFP": "073", "TRACTCE": "017057", "GEOIDFQ": "1400000US06073017057", "GEOID": "06073017057", "NAME": "170.57", "NAMELSAD": "Census Tract 170.57", "STUSPS": "CA", "NAMELSADCO": "San Diego County", "STATE_NAME": "California", "LSAD": "CT", "ALAND": 2970987, "AWATER": 16240, "centroid_lon": -117.06656385505265, "centroid_lat": 33.031829063504205, "B03002_001E": 3831, "B03002_001M": 713, "B03002_012E": 229, "B03002_012M": 127, "B19013_001E": 173750, "B19013_001M": 31833, "B01003_001E": 3831, "state": "06", "county": "073", "tract": "017057", "latino_share": 0.059775515531192903, "camera_count": 0, "arterial_road_m": 7253.9553974610326, "land_area_km2": 2.970987, "pop_density_per_km2": 1289.470468904778, "arterial_km_per_km2": 2.4415978250530994, "log_income": 12.065372763427039, "city": "San Diego" }, "geometry": { "type": "Polygon", "coordinates": [ [ [ -117.07486, 33.037887 ], [ -117.073784, 33.040845 ], [ -117.071917, 33.042521 ], [ -117.067897, 33.043024 ], [ -117.065077, 33.044512 ], [ -117.064667, 33.044004 ], [ -117.062947, 33.042919 ], [ -117.061899, 33.042321 ], [ -117.060984, 33.041343 ], [ -117.060684, 33.040454 ], [ -117.06057, 33.037836 ], [ -117.060264, 33.034053 ], [ -117.059202, 33.029988 ], [ -117.059478, 33.028748 ], [ -117.061067, 33.021223 ], [ -117.060929, 33.018701 ], [ -117.063211, 33.018671 ], [ -117.065227, 33.019267 ], [ -117.070578, 33.022771 ], [ -117.074366, 33.022853 ], [ -117.074445, 33.025335 ], [ -117.071363, 33.02558 ], [ -117.072687, 33.029167 ], [ -117.073106, 33.032542 ], [ -117.072439, 33.035534 ], [ -117.074327, 33.035689 ], [ -117.07486, 33.037887 ] ] ] } },
{ "type": "Feature", "properties": { "STATEFP": "06", "COUNTYFP": "073", "TRACTCE": "008377", "GEOIDFQ": "1400000US06073008377", "GEOID": "06073008377", "NAME": "83.77", "NAMELSAD": "Census Tract 83.77", "STUSPS": "CA", "NAMELSADCO": "San Diego County", "STATE_NAME": "California", "LSAD": "CT", "ALAND": 345747, "AWATER": 0, "centroid_lon": -117.22426005469407, "centroid_lat": 32.869811268548631, "B03002_001E": 1927, "B03002_001M": 303, "B03002_012E": 144, "B03002_012M": 77, "B19013_001E": 79444, "B19013_001M": 32635, "B01003_001E": 1927, "state": "06", "county": "073", "tract": "008377", "latino_share": 0.074727555786196165, "camera_count": 4, "arterial_road_m": 5238.282865847229, "land_area_km2": 0.345747, "pop_density_per_km2": 5573.4395381594049, "arterial_km_per_km2": 15.15062420164811, "log_income": 11.282807649918682, "city": "San Diego" }, "geometry": { "type": "Polygon", "coordinates": [ [ [ -117.229043, 32.872135 ], [ -117.227123, 32.872307 ], [ -117.222664, 32.870485 ], [ -117.221158, 32.870321 ], [ -117.218323, 32.871469 ], [ -117.218335, 32.869609 ], [ -117.218687, 32.86825 ], [ -117.219117, 32.867536 ], [ -117.220151, 32.867965 ], [ -117.222673, 32.868367 ], [ -117.224731, 32.868352 ], [ -117.229473, 32.86825 ], [ -117.229043, 32.872135 ] ] ] } },
{ "type": "Feature", "properties": { "STATEFP": "06", "COUNTYFP": "073", "TRACTCE": "000302", "GEOIDFQ": "1400000US06073000302", "GEOID": "06073000302", "NAME": "3.02", "NAMELSAD": "Census Tract 3.02", "STUSPS": "CA", "NAMELSADCO": "San Diego County", "STATE_NAME": "California", "LSAD": "CT", "ALAND": 496970, "AWATER": 0, "centroid_lon": -117.15984621172852, "centroid_lat": 32.744281824376849, "B03002_001E": 2925, "B03002_001M": 321, "B03002_012E": 554, "B03002_012M": 265, "B19013_001E": 89850, "B19013_001M": 25629, "B01003_001E": 2925, "state": "06", "county": "073", "tract": "000302", "latino_share": 0.18940170940170939, "camera_count": 2, "arterial_road_m": 5487.8547207055653, "land_area_km2": 0.49697, "pop_density_per_km2": 5885.6671428858881, "arterial_km_per_km2": 11.042627765671096, "log_income": 11.405896892211706, "city": "San Diego" }, "geometry": { "type": "Polygon", "coordinates": [ [ [ -117.16387, 32.745117 ], [ -117.161577, 32.745131 ], [ -117.161606, 32.748259 ], [ -117.156008, 32.748393 ], [ -117.156543, 32.746762 ], [ -117.15661, 32.741067 ], [ -117.159448, 32.74081 ], [ -117.162183, 32.740784 ], [ -117.164007, 32.740773 ], [ -117.16387, 32.745117 ] ] ] } },
{ "type": "Feature", "properties": { "STATEFP": "06", "COUNTYFP": "073", "TRACTCE": "007303", "GEOIDFQ": "1400000US06073007303", "GEOID": "06073007303", "NAME": "73.03", "NAMELSAD": "Census Tract 73.03", "STUSPS": "CA", "NAMELSADCO": "San Diego County", "STATE_NAME": "California", "LSAD": "CT", "ALAND": 361385, "AWATER": 0, "centroid_lon": -117.25219912380629, "centroid_lat": 32.738113402949125, "B03002_001E": 1712, "B03002_001M": 298, "B03002_012E": 369, "B03002_012M": 226, "B19013_001E": 115000, "B19013_001M": 17690, "B01003_001E": 1712, "state": "06", "county": "073", "tract": "007303", "latino_share": 0.2155373831775701, "camera_count": 0, "arterial_road_m": 1402.6914237907527, "land_area_km2": 0.361385, "pop_density_per_km2": 4737.3299943273796, "arterial_km_per_km2": 3.8814323333584753, "log_income": 11.652687407345388, "city": "San Diego" }, "geometry": { "type": "Polygon", "coordinates": [ [ [ -117.255287, 32.737389 ], [ -117.255170778511001, 32.740231305621897 ], [ -117.255119847101994, 32.741476881022699 ], [ -117.252966, 32.741558 ], [ -117.247762, 32.738368 ], [ -117.249216, 32.73668 ], [ -117.251361, 32.734233 ], [ -117.255504346026001, 32.736726350750999 ], [ -117.255287, 32.737389 ] ] ] } },
{ "type": "Feature", "properties": { "STATEFP": "06", "COUNTYFP": "073", "TRACTCE": "005601", "GEOIDFQ": "1400000US06073005601", "GEOID": "06073005601", "NAME": "56.01", "NAMELSAD": "Census Tract 56.01", "STUSPS": "CA", "NAMELSADCO": "San Diego County", "STATE_NAME": "California", "LSAD": "CT", "ALAND": 231961, "AWATER": 0, "centroid_lon": -117.16293651359265, "centroid_lat": 32.721463776110646, "B03002_001E": 2525, "B03002_001M": 492, "B03002_012E": 437, "B03002_012M": 174, "B19013_001E": 58924, "B19013_001M": 24608, "B01003_001E": 2525, "state": "06", "county": "073", "tract": "005601", "latino_share": 0.17306930693069306, "camera_count": 3, "arterial_road_m": 5434.3056602008801, "land_area_km2": 0.231961, "pop_density_per_km2": 10885.450571432266, "arterial_km_per_km2": 23.427669566008422, "log_income": 10.984003756934829, "city": "San Diego" }, "geometry": { "type": "Polygon", "coordinates": [ [ [ -117.166496, 32.722993 ], [ -117.164785, 32.722999 ], [ -117.163869, 32.723473 ], [ -117.162233, 32.722832 ], [ -117.161144, 32.722785 ], [ -117.159342, 32.723136 ], [ -117.159302, 32.721986 ], [ -117.159297, 32.719895 ], [ -117.161118, 32.719903 ], [ -117.166489, 32.719883 ], [ -117.166487, 32.720911 ], [ -117.166496, 32.722993 ] ] ] } },
{ "type": "Feature", "properties": { "STATEFP": "06", "COUNTYFP": "073", "TRACTCE": "004102", "GEOIDFQ": "1400000US06073004102", "GEOID": "06073004102", "NAME": "41.02", "NAMELSAD": "Census Tract 41.02", "STUSPS": "CA", "NAMELSADCO": "San Diego County", "STATE_NAME": "California", "LSAD": "CT", "ALAND": 380065, "AWATER": 0, "centroid_lon": -117.13809302889054, "centroid_lat": 32.713716766417996, "B03002_001E": 2169, "B03002_001M": 502, "B03002_012E": 1113, "B03002_012M": 330, "B19013_001E": 75000, "B19013_001M": 29379, "B01003_001E": 2169, "state": "06", "county": "073", "tract": "004102", "latino_share": 0.51313969571230977, "camera_count": 3, "arterial_road_m": 4633.4125455352787, "land_area_km2": 0.380065, "pop_density_per_km2": 5706.9185534053386, "arterial_km_per_km2": 12.191105588610577, "log_income": 11.225243392518447, "city": "San Diego" }, "geometry": { "type": "Polygon", "coordinates": [ [ [ -117.142488, 32.715796 ], [ -117.140274, 32.715809 ], [ -117.13819, 32.715816 ], [ -117.133775, 32.715839 ], [ -117.133747, 32.713319 ], [ -117.133738, 32.713097 ], [ -117.13385, 32.711631 ], [ -117.138148, 32.711611 ], [ -117.142458, 32.711572 ], [ -117.142405, 32.71309 ], [ -117.142203, 32.713289 ], [ -117.142481, 32.714749 ], [ -117.142488, 32.715796 ] ] ] } },
{ "type": "Feature", "properties": { "STATEFP": "06", "COUNTYFP": "073", "TRACTCE": "000901", "GEOIDFQ": "1400000US06073000901", "GEOID": "06073000901", "NAME": "9.01", "NAMELSAD": "Census Tract 9.01", "STUSPS": "CA", "NAMELSADCO": "San Diego County", "STATE_NAME": "California", "LSAD": "CT", "ALAND": 350529, "AWATER": 0, "centroid_lon": -117.14004616833851, "centroid_lat": 32.75186081027001, "B03002_001E": 3951, "B03002_001M": 462, "B03002_012E": 1177, "B03002_012M": 339, "B19013_001E": 106133, "B19013_001M": 18715, "B01003_001E": 3951, "state": "06", "county": "073", "tract": "000901", "latino_share": 0.29789926600860539, "camera_count": 0, "arterial_road_m": 2568.1147085338098, "land_area_km2": 0.350529, "pop_density_per_km2": 11271.535308062957, "arterial_km_per_km2": 7.3263972696518973, "log_income": 11.572448303575806, "city": "San Diego" }, "geometry": { "type": "Polygon", "coordinates": [ [ [ -117.14253, 32.755261 ], [ -117.13759, 32.755283 ], [ -117.137571, 32.752189 ], [ -117.137572, 32.750317 ], [ -117.137569, 32.748451 ], [ -117.137895, 32.748448 ], [ -117.140038, 32.748447 ], [ -117.142172, 32.748445 ], [ -117.1425, 32.748443 ], [ -117.142512, 32.750309 ], [ -117.142525, 32.752172 ], [ -117.14253, 32.755261 ] ] ] } },
{ "type": "Feature", "properties": { "STATEFP": "06", "COUNTYFP": "073", "TRACTCE": "001201", "GEOIDFQ": "1400000US06073001201", "GEOID": "06073001201", "NAME": "12.01", "NAMELSAD": "Census Tract 12.01", "STUSPS": "CA", "NAMELSADCO": "San Diego County", "STATE_NAME": "California", "LSAD": "CT", "ALAND": 318486, "AWATER": 0, "centroid_lon": -117.12869173193991, "centroid_lat": 32.757994509939394, "B03002_001E": 2290, "B03002_001M": 631, "B03002_012E": 1064, "B03002_012M": 522, "B19013_001E": 68750, "B19013_001M": 15710, "B01003_001E": 2290, "state": "06", "county": "073", "tract": "001201", "latino_share": 0.46462882096069869, "camera_count": 2, "arterial_road_m": 4355.3235711872157, "land_area_km2": 0.318486, "pop_density_per_km2": 7190.2689600170806, "arterial_km_per_km2": 13.675086412549424, "log_income": 11.138232015528818, "city": "San Diego" }, "geometry": { "type": "Polygon", "coordinates": [ [ [ -117.131428, 32.76102 ], [ -117.128952, 32.761024 ], [ -117.127004, 32.761031 ], [ -117.125729, 32.757237 ], [ -117.125037, 32.755288 ], [ -117.126456, 32.755297 ], [ -117.128934, 32.755312 ], [ -117.131403, 32.755317 ], [ -117.131428, 32.76102 ] ] ] } },
{ "type": "Feature", "properties": { "STATEFP": "06", "COUNTYFP": "073", "TRACTCE": "010019", "GEOIDFQ": "1400000US06073010019", "GEOID": "06073010019", "NAME": "100.19", "NAMELSAD": "Census Tract 100.19", "STUSPS": "CA", "NAMELSADCO": "San Diego County", "STATE_NAME": "California", "LSAD": "CT", "ALAND": 3021668, "AWATER": 19560, "centroid_lon": -117.01564760643635, "centroid_lat": 32.58645812721754, "B03002_001E": 3568, "B03002_001M": 534, "B03002_012E": 1548, "B03002_012M": 556, "B19013_001E": 131316, "B19013_001M": 11542, "B01003_001E": 3568, "state": "06", "county": "073", "tract": "010019", "latino_share": 0.43385650224215244, "camera_count": 1, "arterial_road_m": 4939.1269935635064, "land_area_km2": 3.021668, "pop_density_per_km2": 1180.8047740519476, "arterial_km_per_km2": 1.6345697123454681, "log_income": 11.785361911206444, "city": "San Diego" }, "geometry": { "type": "Polygon", "coordinates": [ [ [ -117.03626, 32.586979 ], [ -117.036138, 32.590902 ], [ -117.036136, 32.591155 ], [ -117.035822, 32.591158 ], [ -117.033404, 32.593186 ], [ -117.031832, 32.593505 ], [ -117.027437, 32.593008 ], [ -117.023871, 32.591905 ], [ -117.017033, 32.591598 ], [ -117.011983, 32.592693 ], [ -117.009509, 32.591892 ], [ -117.005248, 32.592388 ], [ -117.002895, 32.58659 ], [ -117.001149, 32.583845 ], [ -117.001047, 32.581824 ], [ -117.000477, 32.579507 ], [ -117.004138, 32.580208 ], [ -117.003464, 32.576586 ], [ -117.005592, 32.576872 ], [ -117.008173, 32.577432 ], [ -117.01029, 32.577618 ], [ -117.010516, 32.577844 ], [ -117.012922, 32.579218 ], [ -117.017238, 32.583111 ], [ -117.018756, 32.586414 ], [ -117.018954, 32.587438 ], [ -117.019057, 32.588042 ], [ -117.019876, 32.5891 ], [ -117.020594, 32.589374 ], [ -117.024063, 32.589643 ], [ -117.030287, 32.588167 ], [ -117.031444, 32.587492 ], [ -117.032138, 32.586511 ], [ -117.032313, 32.583851 ], [ -117.032314, 32.583803 ], [ -117.036845, 32.583744 ], [ -117.03626, 32.586979 ] ] ] } },
{ "type": "Feature", "properties": { "STATEFP": "06", "COUNTYFP": "073", "TRACTCE": "017067", "GEOIDFQ": "1400000US06073017067", "GEOID": "06073017067", "NAME": "170.67", "NAMELSAD": "Census Tract 170.67", "STUSPS": "CA", "NAMELSADCO": "San Diego County", "STATE_NAME": "California", "LSAD": "CT", "ALAND": 2455802, "AWATER": 0, "centroid_lon": -117.0718913297259, "centroid_lat": 32.94279847206618, "B03002_001E": 2894, "B03002_001M": 278, "B03002_012E": 389, "B03002_012M": 203, "B19013_001E": 223977, "B19013_001M": 20623, "B01003_001E": 2894, "state": "06", "county": "073", "tract": "017067", "latino_share": 0.13441603317208017, "camera_count": 0, "arterial_road_m": 8504.0507259086153, "land_area_km2": 2.455802, "pop_density_per_km2": 1178.4337662401124, "arterial_km_per_km2": 3.4628405408532998, "log_income": 12.319298646993943, "city": "San Diego" }, "geometry": { "type": "Polygon", "coordinates": [ [ [ -117.084096, 32.944948 ], [ -117.084008, 32.945647 ], [ -117.080781, 32.945818 ], [ -117.078195, 32.946898 ], [ -117.075398, 32.948529 ], [ -117.064251, 32.951772 ], [ -117.062522, 32.951804 ], [ -117.06255, 32.948882 ], [ -117.062723, 32.947449 ], [ -117.06571, 32.943252 ], [ -117.065538, 32.938179 ], [ -117.061643, 32.93478 ], [ -117.06674, 32.934435 ], [ -117.068947, 32.934639 ], [ -117.072952, 32.934499 ], [ -117.07324, 32.935053 ], [ -117.074629, 32.936239 ], [ -117.076609, 32.936845 ], [ -117.079575, 32.940083 ], [ -117.083713, 32.940975 ], [ -117.084103, 32.94322 ], [ -117.084096, 32.944948 ] ] ] } },
{ "type": "Feature", "properties": { "STATEFP": "06", "COUNTYFP": "073", "TRACTCE": "017063", "GEOIDFQ": "1400000US06073017063", "GEOID": "06073017063", "NAME": "170.63", "NAMELSAD": "Census Tract 170.63", "STUSPS": "CA", "NAMELSADCO": "San Diego County", "STATE_NAME": "California", "LSAD": "CT", "ALAND": 1744975, "AWATER": 0, "centroid_lon": -117.08235463606871, "centroid_lat": 33.03906306473953, "B03002_001E": 4346, "B03002_001M": 609, "B03002_012E": 361, "B03002_012M": 50, "B19013_001E": 121015, "B19013_001M": 16094, "B01003_001E": 4346, "state": "06", "county": "073", "tract": "017063", "latino_share": 0.083064887252646116, "camera_count": 0, "arterial_road_m": 5355.9328393371215, "land_area_km2": 1.744975, "pop_density_per_km2": 2490.5800942706915, "arterial_km_per_km2": 3.0693464601711327, "log_income": 11.703669783837761, "city": "San Diego" }, "geometry": { "type": "Polygon", "coordinates": [ [ [ -117.092267, 33.035032 ], [ -117.090088, 33.034341 ], [ -117.089797, 33.038929 ], [ -117.088553, 33.03984 ], [ -117.087246, 33.039555 ], [ -117.086982, 33.042588 ], [ -117.085853, 33.043788 ], [ -117.080779, 33.042371 ], [ -117.080483, 33.041379 ], [ -117.07792, 33.040953 ], [ -117.073759, 33.045901 ], [ -117.073685, 33.048273 ], [ -117.076271, 33.051517 ], [ -117.074804, 33.05489 ], [ -117.071694, 33.055927 ], [ -117.072717, 33.053386 ], [ -117.073226, 33.049947 ], [ -117.073112, 33.045203 ], [ -117.078175, 33.033006 ], [ -117.080496, 33.033521 ], [ -117.082153, 33.034491 ], [ -117.08535, 33.031591 ], [ -117.0858, 33.031534 ], [ -117.088578, 33.030704 ], [ -117.090359, 33.030296 ], [ -117.091541, 33.032415 ], [ -117.093682, 33.033227 ], [ -117.092267, 33.035032 ] ] ] } },
{ "type": "Feature", "properties": { "STATEFP": "06", "COUNTYFP": "073", "TRACTCE": "008376", "GEOIDFQ": "1400000US06073008376", "GEOID": "06073008376", "NAME": "83.76", "NAMELSAD": "Census Tract 83.76", "STUSPS": "CA", "NAMELSADCO": "San Diego County", "STATE_NAME": "California", "LSAD": "CT", "ALAND": 1251979, "AWATER": 0, "centroid_lon": -117.20566363185608, "centroid_lat": 32.869956825064676, "B03002_001E": 6335, "B03002_001M": 1261, "B03002_012E": 1229, "B03002_012M": 933, "B19013_001E": 120563, "B19013_001M": 27284, "B01003_001E": 6335, "state": "06", "county": "073", "tract": "008376", "latino_share": 0.19400157853196529, "camera_count": 8, "arterial_road_m": 10787.845504857998, "land_area_km2": 1.251979, "pop_density_per_km2": 5059.9890253750264, "arterial_km_per_km2": 8.6166345480698947, "log_income": 11.699927716866027, "city": "San Diego" }, "geometry": { "type": "Polygon", "coordinates": [ [ [ -117.214056, 32.872564 ], [ -117.209671, 32.873728 ], [ -117.207411, 32.874014 ], [ -117.20539, 32.874309 ], [ -117.199461, 32.875168 ], [ -117.197838, 32.872673 ], [ -117.194971, 32.869627 ], [ -117.197147, 32.867415 ], [ -117.200358, 32.870316 ], [ -117.201113, 32.870738 ], [ -117.203908, 32.872027 ], [ -117.205441, 32.870814 ], [ -117.203935, 32.868874 ], [ -117.203295, 32.867975 ], [ -117.203535, 32.866849 ], [ -117.201248, 32.865409 ], [ -117.200732, 32.864567 ], [ -117.20454, 32.863888 ], [ -117.20698, 32.864302 ], [ -117.208536, 32.865491 ], [ -117.211066, 32.867014 ], [ -117.213556, 32.866826 ], [ -117.214023, 32.868402 ], [ -117.214056, 32.872564 ] ] ] } },
{ "type": "Feature", "properties": { "STATEFP": "06", "COUNTYFP": "073", "TRACTCE": "008367", "GEOIDFQ": "1400000US06073008367", "GEOID": "06073008367", "NAME": "83.67", "NAMELSAD": "Census Tract 83.67", "STUSPS": "CA", "NAMELSADCO": "San Diego County", "STATE_NAME": "California", "LSAD": "CT", "ALAND": 1861042, "AWATER": 0, "centroid_lon": -117.15534866979512, "centroid_lat": 32.967456109423466, "B03002_001E": 3312, "B03002_001M": 407, "B03002_012E": 686, "B03002_012M": 354, "B19013_001E": 120742, "B19013_001M": 32485, "B01003_001E": 3312, "state": "06", "county": "073", "tract": "008367", "latino_share": 0.2071256038647343, "camera_count": 2, "arterial_road_m": 8147.3744408392695, "land_area_km2": 1.861042, "pop_density_per_km2": 1779.6481755919533, "arterial_km_per_km2": 4.3778562981594558, "log_income": 11.701411316732028, "city": "San Diego" }, "geometry": { "type": "Polygon", "coordinates": [ [ [ -117.16755, 32.969502 ], [ -117.16744, 32.969967 ], [ -117.165889, 32.969817 ], [ -117.161658, 32.970582 ], [ -117.152944, 32.971278 ], [ -117.151648, 32.971874 ], [ -117.14618, 32.976155 ], [ -117.14543, 32.97525 ], [ -117.144957, 32.973071 ], [ -117.146204, 32.970177 ], [ -117.14674, 32.966653 ], [ -117.14792, 32.965117 ], [ -117.151067, 32.963099 ], [ -117.152603, 32.961795 ], [ -117.152958, 32.959223 ], [ -117.154173, 32.959952 ], [ -117.160196, 32.962873 ], [ -117.167584, 32.966377 ], [ -117.16755, 32.969502 ] ] ] } },
{ "type": "Feature", "properties": { "STATEFP": "06", "COUNTYFP": "073", "TRACTCE": "009108", "GEOIDFQ": "1400000US06073009108", "GEOID": "06073009108", "NAME": "91.08", "NAMELSAD": "Census Tract 91.08", "STUSPS": "CA", "NAMELSADCO": "San Diego County", "STATE_NAME": "California", "LSAD": "CT", "ALAND": 1552468, "AWATER": 0, "centroid_lon": -117.20233170804038, "centroid_lat": 32.770656389077814, "B03002_001E": 2064, "B03002_001M": 333, "B03002_012E": 745, "B03002_012M": 332, "B19013_001E": 88654, "B19013_001M": 24800, "B01003_001E": 2064, "state": "06", "county": "073", "tract": "009108", "latino_share": 0.36094961240310075, "camera_count": 4, "arterial_road_m": 14819.315398363698, "land_area_km2": 1.552468, "pop_density_per_km2": 1329.4960024940933, "arterial_km_per_km2": 9.5456495066975293, "log_income": 11.392496431747816, "city": "San Diego" }, "geometry": { "type": "Polygon", "coordinates": [ [ [ -117.208375, 32.780916 ], [ -117.208116, 32.780748 ], [ -117.201048, 32.776521 ], [ -117.200726, 32.775238 ], [ -117.200903, 32.77481 ], [ -117.1998, 32.773723 ], [ -117.196887, 32.774682 ], [ -117.194553, 32.773502 ], [ -117.198213, 32.768963 ], [ -117.195146, 32.767428 ], [ -117.197928, 32.764149 ], [ -117.197917, 32.762849 ], [ -117.204474, 32.762154 ], [ -117.204788, 32.762111 ], [ -117.208721, 32.777876 ], [ -117.208375, 32.780916 ] ] ] } },
{ "type": "Feature", "properties": { "STATEFP": "06", "COUNTYFP": "073", "TRACTCE": "008003", "GEOIDFQ": "1400000US06073008003", "GEOID": "06073008003", "NAME": "80.03", "NAMELSAD": "Census Tract 80.03", "STUSPS": "CA", "NAMELSADCO": "San Diego County", "STATE_NAME": "California", "LSAD": "CT", "ALAND": 750638, "AWATER": 0, "centroid_lon": -117.25465633728174, "centroid_lat": 32.804778859588531, "B03002_001E": 3440, "B03002_001M": 509, "B03002_012E": 459, "B03002_012M": 189, "B19013_001E": 158704, "B19013_001M": 31017, "B01003_001E": 3440, "state": "06", "county": "073", "tract": "008003", "latino_share": 0.13343023255813954, "camera_count": 0, "arterial_road_m": 3015.7035474958816, "land_area_km2": 0.750638, "pop_density_per_km2": 4582.7682584681297, "arterial_km_per_km2": 4.017520492562169, "log_income": 11.974796110985775, "city": "San Diego" }, "geometry": { "type": "Polygon", "coordinates": [ [ [ -117.260804, 32.805956 ], [ -117.259998, 32.806617 ], [ -117.254992, 32.80768 ], [ -117.249505, 32.80886 ], [ -117.247794, 32.803231 ], [ -117.253264, 32.802026 ], [ -117.256916, 32.801219 ], [ -117.259323135339997, 32.800892772932002 ], [ -117.259817501615004, 32.801998132838101 ], [ -117.260084, 32.802594 ], [ -117.262227743205997, 32.805094942431403 ], [ -117.260804, 32.805956 ] ] ] } },
{ "type": "Feature", "properties": { "STATEFP": "06", "COUNTYFP": "073", "TRACTCE": "003303", "GEOIDFQ": "1400000US06073003303", "GEOID": "06073003303", "NAME": "33.03", "NAMELSAD": "Census Tract 33.03", "STUSPS": "CA", "NAMELSADCO": "San Diego County", "STATE_NAME": "California", "LSAD": "CT", "ALAND": 622757, "AWATER": 0, "centroid_lon": -117.09860594191434, "centroid_lat": 32.692747295318917, "B03002_001E": 3969, "B03002_001M": 577, "B03002_012E": 2564, "B03002_012M": 509, "B19013_001E": 57699, "B19013_001M": 9450, "B01003_001E": 3969, "state": "06", "county": "073", "tract": "003303", "latino_share": 0.64600655076845548, "camera_count": 3, "arterial_road_m": 6342.9039887202634, "land_area_km2": 0.622757, "pop_density_per_km2": 6373.2723999890804, "arterial_km_per_km2": 10.185199024210508, "log_income": 10.962995121323477, "city": "San Diego" }, "geometry": { "type": "Polygon", "coordinates": [ [ [ -117.102569, 32.696422 ], [ -117.101545, 32.696837 ], [ -117.095019, 32.696797 ], [ -117.094888, 32.691148 ], [ -117.094389, 32.689629 ], [ -117.094459, 32.689566 ], [ -117.095299, 32.688959 ], [ -117.096027, 32.688382 ], [ -117.098126, 32.688388 ], [ -117.098136, 32.688937 ], [ -117.102443, 32.688962 ], [ -117.102439, 32.689806 ], [ -117.102413, 32.691807 ], [ -117.102415, 32.695953 ], [ -117.102569, 32.696422 ] ] ] } },
{ "type": "Feature", "properties": { "STATEFP": "06", "COUNTYFP": "073", "TRACTCE": "003101", "GEOIDFQ": "1400000US06073003101", "GEOID": "06073003101", "NAME": "31.01", "NAMELSAD": "Census Tract 31.01", "STUSPS": "CA", "NAMELSADCO": "San Diego County", "STATE_NAME": "California", "LSAD": "CT", "ALAND": 1050211, "AWATER": 0, "centroid_lon": -117.0801524586637, "centroid_lat": 32.699393192983443, "B03002_001E": 3913, "B03002_001M": 650, "B03002_012E": 1774, "B03002_012M": 690, "B19013_001E": 88229, "B19013_001M": 26162, "B01003_001E": 3913, "state": "06", "county": "073", "tract": "003101", "latino_share": 0.45336059289547664, "camera_count": 2, "arterial_road_m": 4610.903359787475, "land_area_km2": 1.050211, "pop_density_per_km2": 3725.9179345864782, "arterial_km_per_km2": 4.3904542608937396, "log_income": 11.387690986138546, "city": "San Diego" }, "geometry": { "type": "Polygon", "coordinates": [ [ [ -117.085106, 32.696752 ], [ -117.085102, 32.697032 ], [ -117.085052, 32.700037 ], [ -117.085046, 32.70043 ], [ -117.085, 32.7041 ], [ -117.073585, 32.703987 ], [ -117.073184, 32.703834 ], [ -117.073234, 32.701493 ], [ -117.073337, 32.699778 ], [ -117.074274, 32.699453 ], [ -117.080041, 32.694412 ], [ -117.080774, 32.693118 ], [ -117.08144, 32.693288 ], [ -117.085132, 32.692365 ], [ -117.085106, 32.696752 ] ] ] } },
{ "type": "Feature", "properties": { "STATEFP": "06", "COUNTYFP": "073", "TRACTCE": "003213", "GEOIDFQ": "1400000US06073003213", "GEOID": "06073003213", "NAME": "32.13", "NAMELSAD": "Census Tract 32.13", "STUSPS": "CA", "NAMELSADCO": "San Diego County", "STATE_NAME": "California", "LSAD": "CT", "ALAND": 1197047, "AWATER": 0, "centroid_lon": -117.03077738139032, "centroid_lat": 32.688532223513086, "B03002_001E": 3825, "B03002_001M": 391, "B03002_012E": 929, "B03002_012M": 269, "B19013_001E": 125164, "B19013_001M": 18320, "B01003_001E": 3825, "state": "06", "county": "073", "tract": "003213", "latino_share": 0.24287581699346406, "camera_count": 1, "arterial_road_m": 6880.6594759639556, "land_area_km2": 1.197047, "pop_density_per_km2": 3195.3632564134909, "arterial_km_per_km2": 5.7480278351342564, "log_income": 11.7373801563645, "city": "San Diego" }, "geometry": { "type": "Polygon", "coordinates": [ [ [ -117.037539, 32.687983 ], [ -117.036784, 32.691741 ], [ -117.035061, 32.692156 ], [ -117.033056, 32.693174 ], [ -117.029332, 32.695416 ], [ -117.029, 32.695033 ], [ -117.027504, 32.694196 ], [ -117.027569, 32.69366 ], [ -117.026705, 32.692872 ], [ -117.025374, 32.692154 ], [ -117.02517, 32.691575 ], [ -117.025156, 32.689789 ], [ -117.025677, 32.688734 ], [ -117.025613, 32.687901 ], [ -117.024576, 32.687299 ], [ -117.024066, 32.68651 ], [ -117.023774, 32.686359 ], [ -117.029413, 32.682223 ], [ -117.030187, 32.681634 ], [ -117.031837, 32.682842 ], [ -117.033538, 32.684156 ], [ -117.035409, 32.685095 ], [ -117.036593, 32.685757 ], [ -117.037388, 32.686831 ], [ -117.037539, 32.687983 ] ] ] } },
{ "type": "Feature", "properties": { "STATEFP": "06", "COUNTYFP": "073", "TRACTCE": "004400", "GEOIDFQ": "1400000US06073004400", "GEOID": "06073004400", "NAME": "44", "NAMELSAD": "Census Tract 44", "STUSPS": "CA", "NAMELSADCO": "San Diego County", "STATE_NAME": "California", "LSAD": "CT", "ALAND": 938768, "AWATER": 0, "centroid_lon": -117.12963740942639, "centroid_lat": 32.72432384694936, "B03002_001E": 4097, "B03002_001M": 593, "B03002_012E": 1317, "B03002_012M": 428, "B19013_001E": 102069, "B19013_001M": 32278, "B01003_001E": 4097, "state": "06", "county": "073", "tract": "004400", "latino_share": 0.32145472296802541, "camera_count": 0, "arterial_road_m": 4033.2747681991541, "land_area_km2": 0.938768, "pop_density_per_km2": 4364.2305660184411, "arterial_km_per_km2": 4.296348797785134, "log_income": 11.53340433415155, "city": "San Diego" }, "geometry": { "type": "Polygon", "coordinates": [ [ [ -117.133884, 32.72343 ], [ -117.133894, 32.72965 ], [ -117.130165, 32.729652 ], [ -117.129582, 32.72965 ], [ -117.125283, 32.729631 ], [ -117.125459, 32.724397 ], [ -117.125311, 32.719014 ], [ -117.129463, 32.718998 ], [ -117.131156, 32.71899 ], [ -117.133862, 32.718978 ], [ -117.133899, 32.719447 ], [ -117.133884, 32.72343 ] ] ] } },
{ "type": "Feature", "properties": { "STATEFP": "06", "COUNTYFP": "073", "TRACTCE": "008330", "GEOIDFQ": "1400000US06073008330", "GEOID": "06073008330", "NAME": "83.30", "NAMELSAD": "Census Tract 83.30", "STUSPS": "CA", "NAMELSADCO": "San Diego County", "STATE_NAME": "California", "LSAD": "CT", "ALAND": 1533483, "AWATER": 0, "centroid_lon": -117.22108584762807, "centroid_lat": 32.951239606615374, "B03002_001E": 4901, "B03002_001M": 767, "B03002_012E": 742, "B03002_012M": 361, "B19013_001E": 176190, "B19013_001M": 44632, "B01003_001E": 4901, "state": "06", "county": "073", "tract": "008330", "latino_share": 0.15139767394409304, "camera_count": 0, "arterial_road_m": 9570.8115174606901, "land_area_km2": 1.533483, "pop_density_per_km2": 3195.9923911774699, "arterial_km_per_km2": 6.2412244005709168, "log_income": 12.079318237184674, "city": "San Diego" }, "geometry": { "type": "Polygon", "coordinates": [ [ [ -117.229712, 32.955551 ], [ -117.22773, 32.956186 ], [ -117.221559, 32.956189 ], [ -117.218415, 32.955707 ], [ -117.213697, 32.955702 ], [ -117.212765, 32.951231 ], [ -117.213269, 32.949664 ], [ -117.214056, 32.948028 ], [ -117.217061, 32.945252 ], [ -117.219503, 32.945989 ], [ -117.221959, 32.946003 ], [ -117.224421, 32.946023 ], [ -117.226803, 32.947144 ], [ -117.228238, 32.9485 ], [ -117.228663, 32.949174 ], [ -117.229031, 32.954092 ], [ -117.229712, 32.955551 ] ] ] } },
{ "type": "Feature", "properties": { "STATEFP": "06", "COUNTYFP": "073", "TRACTCE": "007501", "GEOIDFQ": "1400000US06073007501", "GEOID": "06073007501", "NAME": "75.01", "NAMELSAD": "Census Tract 75.01", "STUSPS": "CA", "NAMELSADCO": "San Diego County", "STATE_NAME": "California", "LSAD": "CT", "ALAND": 1033819, "AWATER": 0, "centroid_lon": -117.24309740352864, "centroid_lat": 32.751959616641692, "B03002_001E": 4160, "B03002_001M": 719, "B03002_012E": 559, "B03002_012M": 251, "B19013_001E": 83750, "B19013_001M": 23071, "B01003_001E": 4160, "state": "06", "county": "073", "tract": "007501", "latino_share": 0.134375, "camera_count": 2, "arterial_road_m": 6018.2027181334706, "land_area_km2": 1.033819, "pop_density_per_km2": 4023.9152114635153, "arterial_km_per_km2": 5.8213311209539294, "log_income": 11.335591449687312, "city": "San Diego" }, "geometry": { "type": "Polygon", "coordinates": [ [ [ -117.252412406152999, 32.754178202886301 ], [ -117.248554, 32.755009 ], [ -117.245484, 32.755148 ], [ -117.235062, 32.756404 ], [ -117.236408, 32.754527 ], [ -117.237303, 32.754045 ], [ -117.237287, 32.753704 ], [ -117.236075, 32.751237 ], [ -117.238394, 32.748665 ], [ -117.239682, 32.747745 ], [ -117.241252, 32.74593 ], [ -117.244714, 32.748073 ], [ -117.248173, 32.750214 ], [ -117.251622, 32.752352 ], [ -117.252236975344005, 32.752740504220199 ], [ -117.252412406152999, 32.754178202886301 ] ] ] } },
{ "type": "Feature", "properties": { "STATEFP": "06", "COUNTYFP": "073", "TRACTCE": "009201", "GEOIDFQ": "1400000US06073009201", "GEOID": "06073009201", "NAME": "92.01", "NAMELSAD": "Census Tract 92.01", "STUSPS": "CA", "NAMELSADCO": "San Diego County", "STATE_NAME": "California", "LSAD": "CT", "ALAND": 1703797, "AWATER": 0, "centroid_lon": -117.14628790990727, "centroid_lat": 32.801575577511151, "B03002_001E": 5739, "B03002_001M": 846, "B03002_012E": 1463, "B03002_012M": 565, "B19013_001E": 82727, "B19013_001M": 19656, "B01003_001E": 5739, "state": "06", "county": "073", "tract": "009201", "latino_share": 0.25492246035894756, "camera_count": 1, "arterial_road_m": 12300.980504891802, "land_area_km2": 1.703797, "pop_density_per_km2": 3368.359023991708, "arterial_km_per_km2": 7.2197453715975568, "log_income": 11.323301308985931, "city": "San Diego" }, "geometry": { "type": "Polygon", "coordinates": [ [ [ -117.152311, 32.810658 ], [ -117.149452, 32.809602 ], [ -117.140124, 32.80971 ], [ -117.140118, 32.807905 ], [ -117.140108, 32.804909 ], [ -117.140001, 32.804371 ], [ -117.141262, 32.803304 ], [ -117.142246, 32.800441 ], [ -117.142223, 32.799154 ], [ -117.144559, 32.793624 ], [ -117.144839, 32.789752 ], [ -117.145262, 32.789683 ], [ -117.148787, 32.789217 ], [ -117.149765, 32.792353 ], [ -117.149668, 32.798708 ], [ -117.150033, 32.80041 ], [ -117.150919, 32.803632 ], [ -117.150697, 32.80384 ], [ -117.1514, 32.80627 ], [ -117.152868, 32.809107 ], [ -117.152311, 32.810658 ] ] ] } },
{ "type": "Feature", "properties": { "STATEFP": "06", "COUNTYFP": "073", "TRACTCE": "003112", "GEOIDFQ": "1400000US06073003112", "GEOID": "06073003112", "NAME": "31.12", "NAMELSAD": "Census Tract 31.12", "STUSPS": "CA", "NAMELSADCO": "San Diego County", "STATE_NAME": "California", "LSAD": "CT", "ALAND": 1510332, "AWATER": 0, "centroid_lon": -117.06290944566578, "centroid_lat": 32.705904604704045, "B03002_001E": 3938, "B03002_001M": 504, "B03002_012E": 2027, "B03002_012M": 317, "B19013_001E": 85965, "B19013_001M": 6383, "B01003_001E": 3938, "state": "06", "county": "073", "tract": "003112", "latino_share": 0.51472828847130525, "camera_count": 2, "arterial_road_m": 7014.5562594223347, "land_area_km2": 1.510332, "pop_density_per_km2": 2607.3737429916073, "arterial_km_per_km2": 4.6443803477793857, "log_income": 11.361695515653947, "city": "San Diego" }, "geometry": { "type": "Polygon", "coordinates": [ [ [ -117.073095, 32.708613 ], [ -117.071068, 32.709094 ], [ -117.071067, 32.709373 ], [ -117.069505, 32.709378 ], [ -117.066695, 32.709648 ], [ -117.062502, 32.710179 ], [ -117.055073, 32.711068 ], [ -117.054521, 32.709302 ], [ -117.055301, 32.705295 ], [ -117.054683, 32.701289 ], [ -117.061256, 32.701349 ], [ -117.066797, 32.701413 ], [ -117.069469, 32.701444 ], [ -117.069679, 32.702762 ], [ -117.071744, 32.704963 ], [ -117.072824, 32.707198 ], [ -117.073095, 32.708613 ] ] ] } },
{ "type": "Feature", "properties": { "STATEFP": "06", "COUNTYFP": "073", "TRACTCE": "017022", "GEOIDFQ": "1400000US06073017022", "GEOID": "06073017022", "NAME": "170.22", "NAMELSAD": "Census Tract 170.22", "STUSPS": "CA", "NAMELSADCO": "San Diego County", "STATE_NAME": "California", "LSAD": "CT", "ALAND": 4465535, "AWATER": 11354, "centroid_lon": -117.10462732667112, "centroid_lat": 32.905228024406419, "B03002_001E": 5545, "B03002_001M": 545, "B03002_012E": 515, "B03002_012M": 350, "B19013_001E": 129265, "B19013_001M": 23048, "B01003_001E": 5545, "state": "06", "county": "073", "tract": "017022", "latino_share": 0.092876465284039672, "camera_count": 4, "arterial_road_m": 32659.999268834275, "land_area_km2": 4.465535, "pop_density_per_km2": 1241.7325135734015, "arterial_km_per_km2": 7.3137931443453645, "log_income": 11.769619839795521, "city": "San Diego" }, "geometry": { "type": "Polygon", "coordinates": [ [ [ -117.11672, 32.912038 ], [ -117.116373, 32.917111 ], [ -117.112122, 32.916713 ], [ -117.111289, 32.916807 ], [ -117.110143, 32.914686 ], [ -117.10989, 32.911628 ], [ -117.103575, 32.911908 ], [ -117.099107, 32.91157 ], [ -117.093289, 32.911369 ], [ -117.088888, 32.91217 ], [ -117.087988, 32.910725 ], [ -117.08756, 32.908928 ], [ -117.086067, 32.906513 ], [ -117.084877, 32.905997 ], [ -117.084731, 32.904995 ], [ -117.095203, 32.901279 ], [ -117.098744, 32.899281 ], [ -117.099999, 32.898646 ], [ -117.102651, 32.897671 ], [ -117.107468, 32.895788 ], [ -117.109201, 32.894435 ], [ -117.109773, 32.894277 ], [ -117.114896, 32.893189 ], [ -117.115473, 32.893163 ], [ -117.11642, 32.896572 ], [ -117.116516, 32.898205 ], [ -117.116652, 32.903434 ], [ -117.11672, 32.912038 ] ] ] } },
{ "type": "Feature", "properties": { "STATEFP": "06", "COUNTYFP": "073", "TRACTCE": "008303", "GEOIDFQ": "1400000US06073008303", "GEOID": "06073008303", "NAME": "83.03", "NAMELSAD": "Census Tract 83.03", "STUSPS": "CA", "NAMELSADCO": "San Diego County", "STATE_NAME": "California", "LSAD": "CT", "ALAND": 4406128, "AWATER": 0, "centroid_lon": -117.25724810180489, "centroid_lat": 32.840789953296955, "B03002_001E": 3021, "B03002_001M": 584, "B03002_012E": 403, "B03002_012M": 184, "B19013_001E": 227275, "B19013_001M": 49611, "B01003_001E": 3021, "state": "06", "county": "073", "tract": "008303", "latino_share": 0.13339953657729228, "camera_count": 1, "arterial_road_m": 10932.831953462271, "land_area_km2": 4.406128, "pop_density_per_km2": 685.63600512740436, "arterial_km_per_km2": 2.4812787902353883, "log_income": 12.333916016990059, "city": "San Diego" }, "geometry": { "type": "Polygon", "coordinates": [ [ [ -117.271501, 32.837275 ], [ -117.272496, 32.840508 ], [ -117.269287, 32.841246 ], [ -117.269694, 32.8427 ], [ -117.267292, 32.844968 ], [ -117.264985, 32.847609 ], [ -117.26553, 32.847992 ], [ -117.261556, 32.849501 ], [ -117.255751, 32.850183 ], [ -117.254357, 32.85048 ], [ -117.252764, 32.850421 ], [ -117.251798, 32.850181 ], [ -117.247481, 32.848304 ], [ -117.243218, 32.846177 ], [ -117.240671, 32.843187 ], [ -117.239709, 32.840236 ], [ -117.241866, 32.83927 ], [ -117.248399, 32.838488 ], [ -117.249197, 32.83782 ], [ -117.248836, 32.835086 ], [ -117.249293, 32.833788 ], [ -117.250333, 32.833952 ], [ -117.253244, 32.832016 ], [ -117.256737, 32.830824 ], [ -117.257445, 32.831007 ], [ -117.260246, 32.833012 ], [ -117.262829, 32.833272 ], [ -117.266912, 32.831379 ], [ -117.271449, 32.832774 ], [ -117.272727, 32.83718 ], [ -117.271501, 32.837275 ] ] ] } },
{ "type": "Feature", "properties": { "STATEFP": "06", "COUNTYFP": "073", "TRACTCE": "021401", "GEOIDFQ": "1400000US06073021401", "GEOID": "06073021401", "NAME": "214.01", "NAMELSAD": "Census Tract 214.01", "STUSPS": "CA", "NAMELSADCO": "San Diego County", "STATE_NAME": "California", "LSAD": "CT", "ALAND": 2417754, "AWATER": 272503, "centroid_lon": -117.21730627714865, "centroid_lat": 32.733186870639656, "B03002_001E": 4242, "B03002_001M": 438, "B03002_012E": 899, "B03002_012M": 263, "B19013_001E": 102350, "B19013_001M": 15772, "B01003_001E": 4242, "state": "06", "county": "073", "tract": "021401", "latino_share": 0.21192833569071193, "camera_count": 0, "arterial_road_m": 17107.322348696878, "land_area_km2": 2.417754, "pop_density_per_km2": 1754.5209314098954, "arterial_km_per_km2": 7.0757084255457254, "log_income": 11.536153591089436, "city": "San Diego" }, "geometry": { "type": "Polygon", "coordinates": [ [ [ -117.229702, 32.738263 ], [ -117.224686, 32.735221 ], [ -117.222632, 32.737632 ], [ -117.219678, 32.735811 ], [ -117.212538, 32.744252 ], [ -117.209555, 32.742539 ], [ -117.207361, 32.74006 ], [ -117.206808, 32.737503 ], [ -117.208366, 32.7357 ], [ -117.207852, 32.735638 ], [ -117.207924, 32.73497 ], [ -117.208904, 32.729009 ], [ -117.20961, 32.72839 ], [ -117.213461, 32.728027 ], [ -117.215307, 32.728125 ], [ -117.215796, 32.72734 ], [ -117.217863, 32.721796 ], [ -117.220726, 32.72289 ], [ -117.223314, 32.724995 ], [ -117.221455, 32.725622 ], [ -117.221655, 32.72604 ], [ -117.225813, 32.728578 ], [ -117.227819, 32.72979 ], [ -117.228571, 32.733176 ], [ -117.230607, 32.737203 ], [ -117.229702, 32.738263 ] ] ] } },
{ "type": "Feature", "properties": { "STATEFP": "06", "COUNTYFP": "073", "TRACTCE": "008381", "GEOIDFQ": "1400000US06073008381", "GEOID": "06073008381", "NAME": "83.81", "NAMELSAD": "Census Tract 83.81", "STUSPS": "CA", "NAMELSADCO": "San Diego County", "STATE_NAME": "California", "LSAD": "CT", "ALAND": 462618, "AWATER": 0, "centroid_lon": -117.12258198008898, "centroid_lat": 32.92833573674222, "B03002_001E": 3473, "B03002_001M": 1005, "B03002_012E": 252, "B03002_012M": 140, "B19013_001E": 202833, "B19013_001M": 31226, "B01003_001E": 3473, "state": "06", "county": "073", "tract": "008381", "latino_share": 0.072559746616757848, "camera_count": 0, "arterial_road_m": 2544.5511832794837, "land_area_km2": 0.462618, "pop_density_per_km2": 7507.2738198686611, "arterial_km_per_km2": 5.5003289609991048, "log_income": 12.220138259354885, "city": "San Diego" }, "geometry": { "type": "Polygon", "coordinates": [ [ [ -117.125814, 32.933226 ], [ -117.124329, 32.932942 ], [ -117.122689, 32.931632 ], [ -117.121051, 32.932386 ], [ -117.120618, 32.931114 ], [ -117.119395, 32.929219 ], [ -117.119419, 32.9285 ], [ -117.119918, 32.928063 ], [ -117.119527, 32.927254 ], [ -117.119175, 32.924335 ], [ -117.123441, 32.924222 ], [ -117.124539, 32.924325 ], [ -117.125848, 32.931653 ], [ -117.125814, 32.933226 ] ] ] } },
{ "type": "Feature", "properties": { "STATEFP": "06", "COUNTYFP": "073", "TRACTCE": "007602", "GEOIDFQ": "1400000US06073007602", "GEOID": "06073007602", "NAME": "76.02", "NAMELSAD": "Census Tract 76.02", "STUSPS": "CA", "NAMELSADCO": "San Diego County", "STATE_NAME": "California", "LSAD": "CT", "ALAND": 832814, "AWATER": 0, "centroid_lon": -117.25001670926891, "centroid_lat": 32.766840318193694, "B03002_001E": 1435, "B03002_001M": 342, "B03002_012E": 106, "B03002_012M": 120, "B19013_001E": 129764, "B19013_001M": 49376, "B01003_001E": 1435, "state": "06", "county": "073", "tract": "007602", "latino_share": 0.073867595818815329, "camera_count": 3, "arterial_road_m": 4333.3990303762766, "land_area_km2": 0.832814, "pop_density_per_km2": 1723.0738196043774, "arterial_km_per_km2": 5.2033215464392724, "log_income": 11.773472695014691, "city": "San Diego" }, "geometry": { "type": "Polygon", "coordinates": [ [ [ -117.253277274108001, 32.767575444454998 ], [ -117.25257, 32.76764 ], [ -117.253108, 32.775139 ], [ -117.250912, 32.77522 ], [ -117.249647, 32.773167 ], [ -117.249638, 32.772046 ], [ -117.247817, 32.771694 ], [ -117.243398, 32.768676 ], [ -117.245393, 32.765591 ], [ -117.2456, 32.764018 ], [ -117.246544, 32.763715 ], [ -117.246747, 32.765821 ], [ -117.245753, 32.768351 ], [ -117.247661, 32.769923 ], [ -117.249327, 32.769565 ], [ -117.248788, 32.76789 ], [ -117.249779, 32.764984 ], [ -117.24912, 32.762146 ], [ -117.247427, 32.760553 ], [ -117.245273, 32.760955 ], [ -117.246678, 32.759866 ], [ -117.253014538895997, 32.759112828952297 ], [ -117.253227, 32.760854 ], [ -117.253246388196004, 32.7634461232905 ], [ -117.253257798801002, 32.764971674899598 ], [ -117.253277274108001, 32.767575444454998 ] ] ] } },
{ "type": "Feature", "properties": { "STATEFP": "06", "COUNTYFP": "073", "TRACTCE": "008370", "GEOIDFQ": "1400000US06073008370", "GEOID": "06073008370", "NAME": "83.70", "NAMELSAD": "Census Tract 83.70", "STUSPS": "CA", "NAMELSADCO": "San Diego County", "STATE_NAME": "California", "LSAD": "CT", "ALAND": 1008438, "AWATER": 0, "centroid_lon": -117.23512602767441, "centroid_lat": 32.94078861500072, "B03002_001E": 3790, "B03002_001M": 448, "B03002_012E": 350, "B03002_012M": 295, "B19013_001E": 156184, "B19013_001M": 23703, "B01003_001E": 3790, "state": "06", "county": "073", "tract": "008370", "latino_share": 0.092348284960422161, "camera_count": 0, "arterial_road_m": 7924.4220399703081, "land_area_km2": 1.008438, "pop_density_per_km2": 3758.2875694886548, "arterial_km_per_km2": 7.8581152633779254, "log_income": 11.958790078362638, "city": "San Diego" }, "geometry": { "type": "Polygon", "coordinates": [ [ [ -117.239852, 32.943132 ], [ -117.23941, 32.943909 ], [ -117.237427, 32.947367 ], [ -117.234377, 32.946707 ], [ -117.23439, 32.945374 ], [ -117.229549, 32.944761 ], [ -117.23062, 32.94286 ], [ -117.230795, 32.940992 ], [ -117.230597, 32.940057 ], [ -117.229146, 32.937353 ], [ -117.236863, 32.934404 ], [ -117.239713, 32.937848 ], [ -117.240199, 32.941964 ], [ -117.239852, 32.943132 ] ] ] } },
{ "type": "Feature", "properties": { "STATEFP": "06", "COUNTYFP": "073", "TRACTCE": "008506", "GEOIDFQ": "1400000US06073008506", "GEOID": "06073008506", "NAME": "85.06", "NAMELSAD": "Census Tract 85.06", "STUSPS": "CA", "NAMELSADCO": "San Diego County", "STATE_NAME": "California", "LSAD": "CT", "ALAND": 1289961, "AWATER": 0, "centroid_lon": -117.18679751850722, "centroid_lat": 32.830269254727575, "B03002_001E": 4084, "B03002_001M": 439, "B03002_012E": 875, "B03002_012M": 222, "B19013_001E": 118633, "B19013_001M": 9187, "B01003_001E": 4084, "state": "06", "county": "073", "tract": "008506", "latino_share": 0.21425073457394711, "camera_count": 1, "arterial_road_m": 5418.5895366637506, "land_area_km2": 1.289961, "pop_density_per_km2": 3165.9871887599706, "arterial_km_per_km2": 4.2005839995656853, "log_income": 11.683789973048199, "city": "San Diego" }, "geometry": { "type": "Polygon", "coordinates": [ [ [ -117.194798, 32.834478 ], [ -117.187079, 32.834465 ], [ -117.178744, 32.834402 ], [ -117.178773, 32.83284 ], [ -117.178874, 32.829437 ], [ -117.182098, 32.829525 ], [ -117.183033, 32.825283 ], [ -117.182973, 32.823989 ], [ -117.18402, 32.822906 ], [ -117.185173, 32.823864 ], [ -117.187761, 32.825118 ], [ -117.192277, 32.827413 ], [ -117.192946, 32.828125 ], [ -117.193274, 32.828624 ], [ -117.19474, 32.831089 ], [ -117.194807, 32.832914 ], [ -117.194798, 32.834478 ] ] ] } },
{ "type": "Feature", "properties": { "STATEFP": "06", "COUNTYFP": "073", "TRACTCE": "002710", "GEOIDFQ": "1400000US06073002710", "GEOID": "06073002710", "NAME": "27.10", "NAMELSAD": "Census Tract 27.10", "STUSPS": "CA", "NAMELSADCO": "San Diego County", "STATE_NAME": "California", "LSAD": "CT", "ALAND": 685711, "AWATER": 0, "centroid_lon": -117.08451351168993, "centroid_lat": 32.743876513089049, "B03002_001E": 3921, "B03002_001M": 464, "B03002_012E": 1825, "B03002_012M": 440, "B19013_001E": 58636, "B19013_001M": 25891, "B01003_001E": 3921, "state": "06", "county": "073", "tract": "002710", "latino_share": 0.46544248916092834, "camera_count": 0, "arterial_road_m": 3189.0612614572901, "land_area_km2": 0.685711, "pop_density_per_km2": 5718.1523994802483, "arterial_km_per_km2": 4.6507366244048738, "log_income": 10.979104121409922, "city": "San Diego" }, "geometry": { "type": "Polygon", "coordinates": [ [ [ -117.090251, 32.737978 ], [ -117.088967, 32.739378 ], [ -117.088783, 32.741283 ], [ -117.086564, 32.741205 ], [ -117.086007, 32.745144 ], [ -117.085269, 32.746318 ], [ -117.088017, 32.747544 ], [ -117.087987, 32.749504 ], [ -117.086974, 32.749346 ], [ -117.086451, 32.749182 ], [ -117.083592, 32.749083 ], [ -117.080674, 32.749001 ], [ -117.079436, 32.748786 ], [ -117.07948, 32.745878 ], [ -117.079497, 32.743999 ], [ -117.082019, 32.742894 ], [ -117.087446, 32.736401 ], [ -117.088309, 32.736294 ], [ -117.089971, 32.736957 ], [ -117.090251, 32.737978 ] ] ] } },
{ "type": "Feature", "properties": { "STATEFP": "06", "COUNTYFP": "073", "TRACTCE": "002707", "GEOIDFQ": "1400000US06073002707", "GEOID": "06073002707", "NAME": "27.07", "NAMELSAD": "Census Tract 27.07", "STUSPS": "CA", "NAMELSADCO": "San Diego County", "STATE_NAME": "California", "LSAD": "CT", "ALAND": 383554, "AWATER": 0, "centroid_lon": -117.0895564641414, "centroid_lat": 32.753012734983336, "B03002_001E": 4980, "B03002_001M": 1031, "B03002_012E": 2418, "B03002_012M": 610, "B19013_001E": 45529, "B19013_001M": 27645, "B01003_001E": 4980, "state": "06", "county": "073", "tract": "002707", "latino_share": 0.48554216867469879, "camera_count": 1, "arterial_road_m": 2067.0146378392301, "land_area_km2": 0.383554, "pop_density_per_km2": 12983.830177758542, "arterial_km_per_km2": 5.3891098459127793, "log_income": 10.726104764547102, "city": "San Diego" }, "geometry": { "type": "Polygon", "coordinates": [ [ [ -117.092255, 32.751349 ], [ -117.092233, 32.753106 ], [ -117.092196, 32.756069 ], [ -117.08899, 32.7565 ], [ -117.087908, 32.756639 ], [ -117.086826, 32.756781 ], [ -117.086862, 32.753038 ], [ -117.087339, 32.751132 ], [ -117.086974, 32.749346 ], [ -117.087987, 32.749504 ], [ -117.09013, 32.749522 ], [ -117.092277, 32.74954 ], [ -117.092255, 32.751349 ] ] ] } },
{ "type": "Feature", "properties": { "STATEFP": "06", "COUNTYFP": "073", "TRACTCE": "004900", "GEOIDFQ": "1400000US06073004900", "GEOID": "06073004900", "NAME": "49", "NAMELSAD": "Census Tract 49", "STUSPS": "CA", "NAMELSADCO": "San Diego County", "STATE_NAME": "California", "LSAD": "CT", "ALAND": 791058, "AWATER": 0, "centroid_lon": -117.13866509296729, "centroid_lat": 32.701794772178225, "B03002_001E": 5166, "B03002_001M": 768, "B03002_012E": 4134, "B03002_012M": 629, "B19013_001E": 46533, "B19013_001M": 17672, "B01003_001E": 5166, "state": "06", "county": "073", "tract": "004900", "latino_share": 0.80023228803716606, "camera_count": 3, "arterial_road_m": 9532.231312646918, "land_area_km2": 0.791058, "pop_density_per_km2": 6530.4946034298364, "arterial_km_per_km2": 12.049977767302671, "log_income": 10.74791701729286, "city": "San Diego" }, "geometry": { "type": "Polygon", "coordinates": [ [ [ -117.147317, 32.705236 ], [ -117.142394, 32.705256 ], [ -117.135464, 32.705328 ], [ -117.133881, 32.705342 ], [ -117.133857, 32.70324 ], [ -117.133839, 32.701148 ], [ -117.133825, 32.699703 ], [ -117.133804, 32.696971 ], [ -117.133797, 32.695926 ], [ -117.133831, 32.694912 ], [ -117.140517, 32.699627 ], [ -117.145431, 32.703008 ], [ -117.147008, 32.704245 ], [ -117.14757, 32.705235 ], [ -117.147317, 32.705236 ] ] ] } },
{ "type": "Feature", "properties": { "STATEFP": "06", "COUNTYFP": "073", "TRACTCE": "002804", "GEOIDFQ": "1400000US06073002804", "GEOID": "06073002804", "NAME": "28.04", "NAMELSAD": "Census Tract 28.04", "STUSPS": "CA", "NAMELSADCO": "San Diego County", "STATE_NAME": "California", "LSAD": "CT", "ALAND": 1471200, "AWATER": 0, "centroid_lon": -117.07395272590045, "centroid_lat": 32.764720611557799, "B03002_001E": 5541, "B03002_001M": 796, "B03002_012E": 1329, "B03002_012M": 468, "B19013_001E": 88156, "B19013_001M": 17820, "B01003_001E": 5541, "state": "06", "county": "073", "tract": "002804", "latino_share": 0.23984840281537628, "camera_count": 0, "arterial_road_m": 4992.4582351063891, "land_area_km2": 1.4712, "pop_density_per_km2": 3766.3132137030993, "arterial_km_per_km2": 3.3934599205453977, "log_income": 11.386863251306583, "city": "San Diego" }, "geometry": { "type": "Polygon", "coordinates": [ [ [ -117.0804, 32.767937 ], [ -117.079496, 32.771109 ], [ -117.079114, 32.771005 ], [ -117.077405, 32.770718 ], [ -117.06983, 32.77072 ], [ -117.069675, 32.770333 ], [ -117.067346, 32.766672 ], [ -117.067249, 32.766494 ], [ -117.066917, 32.765743 ], [ -117.067043, 32.761347 ], [ -117.069527, 32.760165 ], [ -117.072304, 32.758853 ], [ -117.072848, 32.758755 ], [ -117.079355, 32.757827 ], [ -117.07963, 32.759045 ], [ -117.079387, 32.76265 ], [ -117.080067, 32.767146 ], [ -117.07981, 32.767798 ], [ -117.0804, 32.767937 ] ] ] } },
{ "type": "Feature", "properties": { "STATEFP": "06", "COUNTYFP": "073", "TRACTCE": "005500", "GEOIDFQ": "1400000US06073005500", "GEOID": "06073005500", "NAME": "55", "NAMELSAD": "Census Tract 55", "STUSPS": "CA", "NAMELSADCO": "San Diego County", "STATE_NAME": "California", "LSAD": "CT", "ALAND": 440380, "AWATER": 0, "centroid_lon": -117.14678397597645, "centroid_lat": 32.72421524811903, "B03002_001E": 295, "B03002_001M": 102, "B03002_012E": 57, "B03002_012M": 46, "B19013_001E": -666666666, "B19013_001M": -222222222, "B01003_001E": 295, "state": "06", "county": "073", "tract": "005500", "latino_share": 0.19322033898305085, "camera_count": 0, "arterial_road_m": 1398.3295478514392, "land_area_km2": 0.44038, "pop_density_per_km2": 669.87601616785503, "arterial_km_per_km2": 3.1752794128966784, "log_income": null, "city": "San Diego" }, "geometry": { "type": "Polygon", "coordinates": [ [ [ -117.151231, 32.724144 ], [ -117.149409, 32.7268 ], [ -117.146952, 32.728086 ], [ -117.144133, 32.728023 ], [ -117.144483, 32.724948 ], [ -117.142597, 32.722716 ], [ -117.14623, 32.719994 ], [ -117.147839, 32.720393 ], [ -117.148581, 32.721526 ], [ -117.148833, 32.721989 ], [ -117.149642, 32.723105 ], [ -117.150529, 32.723801 ], [ -117.151231, 32.724144 ] ] ] } },
{ "type": "Feature", "properties": { "STATEFP": "06", "COUNTYFP": "073", "TRACTCE": "009704", "GEOIDFQ": "1400000US06073009704", "GEOID": "06073009704", "NAME": "97.04", "NAMELSAD": "Census Tract 97.04", "STUSPS": "CA", "NAMELSADCO": "San Diego County", "STATE_NAME": "California", "LSAD": "CT", "ALAND": 3133413, "AWATER": 0, "centroid_lon": -117.0607989828507, "centroid_lat": 32.806822421396774, "B03002_001E": 6587, "B03002_001M": 1044, "B03002_012E": 1217, "B03002_012M": 422, "B19013_001E": 114712, "B19013_001M": 24662, "B01003_001E": 6587, "state": "06", "county": "073", "tract": "009704", "latino_share": 0.18475785638378625, "camera_count": 1, "arterial_road_m": 9525.8013620702786, "land_area_km2": 3.133413, "pop_density_per_km2": 2102.1805934934209, "arterial_km_per_km2": 3.0400720754239159, "log_income": 11.650179918394874, "city": "San Diego" }, "geometry": { "type": "Polygon", "coordinates": [ [ [ -117.0765, 32.804524 ], [ -117.074642, 32.8079 ], [ -117.070345, 32.80839 ], [ -117.067946, 32.809558 ], [ -117.063796, 32.814735 ], [ -117.062703, 32.815675 ], [ -117.061696, 32.81628 ], [ -117.059553, 32.817054 ], [ -117.058005, 32.816143 ], [ -117.056091, 32.815605 ], [ -117.053271, 32.812657 ], [ -117.051306, 32.809546 ], [ -117.048449, 32.806443 ], [ -117.047777, 32.805374 ], [ -117.046004, 32.803872 ], [ -117.04994, 32.801865 ], [ -117.052535, 32.800604 ], [ -117.058839, 32.80017 ], [ -117.061626, 32.798841 ], [ -117.064355, 32.796348 ], [ -117.063574, 32.799387 ], [ -117.062461, 32.800509 ], [ -117.065607, 32.800959 ], [ -117.066722, 32.80178 ], [ -117.068524, 32.801674 ], [ -117.073821, 32.803049 ], [ -117.076619, 32.801818 ], [ -117.0765, 32.804524 ] ] ] } },
{ "type": "Feature", "properties": { "STATEFP": "06", "COUNTYFP": "073", "TRACTCE": "003304", "GEOIDFQ": "1400000US06073003304", "GEOID": "06073003304", "NAME": "33.04", "NAMELSAD": "Census Tract 33.04", "STUSPS": "CA", "NAMELSADCO": "San Diego County", "STATE_NAME": "California", "LSAD": "CT", "ALAND": 588933, "AWATER": 0, "centroid_lon": -117.09032562308579, "centroid_lat": 32.706713112230375, "B03002_001E": 3164, "B03002_001M": 440, "B03002_012E": 1540, "B03002_012M": 369, "B19013_001E": 45362, "B19013_001M": 13488, "B01003_001E": 3164, "state": "06", "county": "073", "tract": "003304", "latino_share": 0.48672566371681414, "camera_count": 8, "arterial_road_m": 3404.8666501292741, "land_area_km2": 0.588933, "pop_density_per_km2": 5372.427763429796, "arterial_km_per_km2": 5.7814159677404291, "log_income": 10.722430029140382, "city": "San Diego" }, "geometry": { "type": "Polygon", "coordinates": [ [ [ -117.097324, 32.707659 ], [ -117.093666, 32.708796 ], [ -117.091104, 32.709487 ], [ -117.084986, 32.709532 ], [ -117.085001, 32.704539 ], [ -117.085, 32.7041 ], [ -117.086765, 32.704068 ], [ -117.089424, 32.704133 ], [ -117.095186, 32.704125 ], [ -117.096266, 32.706398 ], [ -117.097324, 32.707659 ] ] ] } },
{ "type": "Feature", "properties": { "STATEFP": "06", "COUNTYFP": "073", "TRACTCE": "000902", "GEOIDFQ": "1400000US06073000902", "GEOID": "06073000902", "NAME": "9.02", "NAMELSAD": "Census Tract 9.02", "STUSPS": "CA", "NAMELSADCO": "San Diego County", "STATE_NAME": "California", "LSAD": "CT", "ALAND": 271153, "AWATER": 0, "centroid_lon": -117.14443084793344, "centroid_lat": 32.751845505909635, "B03002_001E": 2661, "B03002_001M": 307, "B03002_012E": 357, "B03002_012M": 199, "B19013_001E": 83678, "B19013_001M": 12241, "B01003_001E": 2661, "state": "06", "county": "073", "tract": "000902", "latino_share": 0.13416009019165728, "camera_count": 1, "arterial_road_m": 2579.6666859815682, "land_area_km2": 0.271153, "pop_density_per_km2": 9813.647645425277, "arterial_km_per_km2": 9.5136940619560484, "log_income": 11.334731378439512, "city": "San Diego" }, "geometry": { "type": "Polygon", "coordinates": [ [ [ -117.146371, 32.755245 ], [ -117.14253, 32.755261 ], [ -117.142525, 32.752172 ], [ -117.142512, 32.750309 ], [ -117.1425, 32.748443 ], [ -117.146322, 32.748423 ], [ -117.146331, 32.750289 ], [ -117.14634, 32.752144 ], [ -117.146371, 32.755245 ] ] ] } },
{ "type": "Feature", "properties": { "STATEFP": "06", "COUNTYFP": "073", "TRACTCE": "001801", "GEOIDFQ": "1400000US06073001801", "GEOID": "06073001801", "NAME": "18.01", "NAMELSAD": "Census Tract 18.01", "STUSPS": "CA", "NAMELSADCO": "San Diego County", "STATE_NAME": "California", "LSAD": "CT", "ALAND": 313948, "AWATER": 0, "centroid_lon": -117.11379110370778, "centroid_lat": 32.762473120701316, "B03002_001E": 1805, "B03002_001M": 337, "B03002_012E": 928, "B03002_012M": 290, "B19013_001E": 70682, "B19013_001M": 15759, "B01003_001E": 1805, "state": "06", "county": "073", "tract": "001801", "latino_share": 0.5141274238227147, "camera_count": 3, "arterial_road_m": 2275.2777852836302, "land_area_km2": 0.313948, "pop_density_per_km2": 5749.3597665855496, "arterial_km_per_km2": 7.2473077875432557, "log_income": 11.165946222581114, "city": "San Diego" }, "geometry": { "type": "Polygon", "coordinates": [ [ [ -117.117473, 32.761999 ], [ -117.117281, 32.763321 ], [ -117.117259, 32.765427 ], [ -117.115639, 32.765416 ], [ -117.114092, 32.764509 ], [ -117.112233, 32.763528 ], [ -117.10942, 32.763267 ], [ -117.10956, 32.760795 ], [ -117.111196, 32.75997 ], [ -117.112033, 32.759953 ], [ -117.113803, 32.760548 ], [ -117.114099, 32.760947 ], [ -117.115179, 32.760953 ], [ -117.118178, 32.760971 ], [ -117.117473, 32.761999 ] ] ] } },
{ "type": "Feature", "properties": { "STATEFP": "06", "COUNTYFP": "073", "TRACTCE": "001301", "GEOIDFQ": "1400000US06073001301", "GEOID": "06073001301", "NAME": "13.01", "NAMELSAD": "Census Tract 13.01", "STUSPS": "CA", "NAMELSADCO": "San Diego County", "STATE_NAME": "California", "LSAD": "CT", "ALAND": 352169, "AWATER": 0, "centroid_lon": -117.12892223233308, "centroid_lat": 32.751884908601568, "B03002_001E": 2713, "B03002_001M": 414, "B03002_012E": 964, "B03002_012M": 348, "B19013_001E": 105903, "B19013_001M": 23274, "B01003_001E": 2713, "state": "06", "county": "073", "tract": "001301", "latino_share": 0.35532620715075564, "camera_count": 0, "arterial_road_m": 2701.5491270026546, "land_area_km2": 0.352169, "pop_density_per_km2": 7703.6877181126101, "arterial_km_per_km2": 7.6711724399440451, "log_income": 11.570278859800148, "city": "San Diego" }, "geometry": { "type": "Polygon", "coordinates": [ [ [ -117.131403, 32.755317 ], [ -117.128934, 32.755312 ], [ -117.126456, 32.755297 ], [ -117.126448, 32.752216 ], [ -117.12644, 32.74847 ], [ -117.128234, 32.748459 ], [ -117.13138, 32.748451 ], [ -117.131386, 32.750339 ], [ -117.131395, 32.752205 ], [ -117.131403, 32.755317 ] ] ] } },
{ "type": "Feature", "properties": { "STATEFP": "06", "COUNTYFP": "073", "TRACTCE": "008366", "GEOIDFQ": "1400000US06073008366", "GEOID": "06073008366", "NAME": "83.66", "NAMELSAD": "Census Tract 83.66", "STUSPS": "CA", "NAMELSADCO": "San Diego County", "STATE_NAME": "California", "LSAD": "CT", "ALAND": 6034202, "AWATER": 0, "centroid_lon": -117.15495477097173, "centroid_lat": 32.950448515895253, "B03002_001E": 6994, "B03002_001M": 931, "B03002_012E": 524, "B03002_012M": 204, "B19013_001E": 225692, "B19013_001M": 39893, "B01003_001E": 6994, "state": "06", "county": "073", "tract": "008366", "latino_share": 0.074921361166714329, "camera_count": 3, "arterial_road_m": 22380.076926429199, "land_area_km2": 6.034202, "pop_density_per_km2": 1159.059640363382, "arterial_km_per_km2": 3.7088710199673796, "log_income": 12.326926516896082, "city": "San Diego" }, "geometry": { "type": "Polygon", "coordinates": [ [ [ -117.169447, 32.961523 ], [ -117.16766, 32.963103 ], [ -117.167584, 32.966377 ], [ -117.160196, 32.962873 ], [ -117.154173, 32.959952 ], [ -117.152958, 32.959223 ], [ -117.148694, 32.955883 ], [ -117.146852, 32.954883 ], [ -117.145646, 32.954408 ], [ -117.14427, 32.954008 ], [ -117.139109, 32.953502 ], [ -117.130057, 32.954005 ], [ -117.130321, 32.951653 ], [ -117.129927, 32.946879 ], [ -117.133196, 32.94712 ], [ -117.136391, 32.948823 ], [ -117.137699, 32.949021 ], [ -117.141875, 32.947593 ], [ -117.145136, 32.944242 ], [ -117.145916, 32.941463 ], [ -117.146648, 32.940575 ], [ -117.149456, 32.940184 ], [ -117.155572, 32.940529 ], [ -117.157959, 32.940142 ], [ -117.166997, 32.936974 ], [ -117.167527, 32.937035 ], [ -117.168608, 32.938804 ], [ -117.16833, 32.944162 ], [ -117.167771, 32.958359 ], [ -117.169056, 32.958427 ], [ -117.169447, 32.961523 ] ] ] } },
{ "type": "Feature", "properties": { "STATEFP": "06", "COUNTYFP": "073", "TRACTCE": "010106", "GEOIDFQ": "1400000US06073010106", "GEOID": "06073010106", "NAME": "101.06", "NAMELSAD": "Census Tract 101.06", "STUSPS": "CA", "NAMELSADCO": "San Diego County", "STATE_NAME": "California", "LSAD": "CT", "ALAND": 1337615, "AWATER": 0, "centroid_lon": -117.07235470624713, "centroid_lat": 32.571833110220368, "B03002_001E": 4704, "B03002_001M": 505, "B03002_012E": 3789, "B03002_012M": 460, "B19013_001E": 50833, "B19013_001M": 15544, "B01003_001E": 4704, "state": "06", "county": "073", "tract": "010106", "latino_share": 0.80548469387755106, "camera_count": 4, "arterial_road_m": 12094.792676569883, "land_area_km2": 1.337615, "pop_density_per_km2": 3516.7069747274068, "arterial_km_per_km2": 9.0420581980389603, "log_income": 10.836301028962945, "city": "San Diego" }, "geometry": { "type": "Polygon", "coordinates": [ [ [ -117.082627, 32.576484 ], [ -117.080543, 32.576487 ], [ -117.075434, 32.576475 ], [ -117.070058, 32.576443 ], [ -117.068842, 32.576862 ], [ -117.066565, 32.573994 ], [ -117.065287, 32.572305 ], [ -117.063733, 32.569184 ], [ -117.063252, 32.568171 ], [ -117.064666, 32.568125 ], [ -117.066767, 32.567687 ], [ -117.073261, 32.565703 ], [ -117.073869, 32.565731 ], [ -117.076342, 32.568784 ], [ -117.076533, 32.568681 ], [ -117.079579, 32.572739 ], [ -117.081681, 32.575495 ], [ -117.082627, 32.576484 ] ] ] } },
{ "type": "Feature", "properties": { "STATEFP": "06", "COUNTYFP": "073", "TRACTCE": "008324", "GEOIDFQ": "1400000US06073008324", "GEOID": "06073008324", "NAME": "83.24", "NAMELSAD": "Census Tract 83.24", "STUSPS": "CA", "NAMELSADCO": "San Diego County", "STATE_NAME": "California", "LSAD": "CT", "ALAND": 5475320, "AWATER": 41178, "centroid_lon": -117.25081089656089, "centroid_lat": 32.9508203081961, "B03002_001E": 7175, "B03002_001M": 930, "B03002_012E": 975, "B03002_012M": 618, "B19013_001E": 194130, "B19013_001M": 29128, "B01003_001E": 7175, "state": "06", "county": "073", "tract": "008324", "latino_share": 0.13588850174216027, "camera_count": 0, "arterial_road_m": 14975.552086328415, "land_area_km2": 5.47532, "pop_density_per_km2": 1310.425692014348, "arterial_km_per_km2": 2.7351007952646449, "log_income": 12.176283316719422, "city": "San Diego" }, "geometry": { "type": "Polygon", "coordinates": [ [ [ -117.260955, 32.948098 ], [ -117.259719, 32.948459 ], [ -117.260684, 32.950988 ], [ -117.26081, 32.951324 ], [ -117.260354, 32.951467 ], [ -117.26044, 32.951699 ], [ -117.260685, 32.952789 ], [ -117.260182, 32.952854 ], [ -117.255902, 32.952978 ], [ -117.255895, 32.955111 ], [ -117.255489, 32.957968 ], [ -117.255974, 32.963592 ], [ -117.256178, 32.978449 ], [ -117.256319, 32.978447 ], [ -117.256815, 32.979366 ], [ -117.256149, 32.979417 ], [ -117.253222, 32.979959 ], [ -117.25267, 32.978406 ], [ -117.246216, 32.961304 ], [ -117.245742, 32.95976 ], [ -117.243814, 32.949905 ], [ -117.24177, 32.938363 ], [ -117.241325, 32.932349 ], [ -117.2449, 32.930524 ], [ -117.247275, 32.930913 ], [ -117.250876, 32.932066 ], [ -117.255354, 32.93417 ], [ -117.256154, 32.934818 ], [ -117.257376, 32.936047 ], [ -117.257783, 32.938583 ], [ -117.258127, 32.939019 ], [ -117.258147, 32.94201 ], [ -117.255981, 32.942017 ], [ -117.255918, 32.945644 ], [ -117.256562, 32.945643 ], [ -117.260134, 32.945611 ], [ -117.260893, 32.947935 ], [ -117.260955, 32.948098 ] ] ] } },
{ "type": "Feature", "properties": { "STATEFP": "06", "COUNTYFP": "073", "TRACTCE": "005202", "GEOIDFQ": "1400000US06073005202", "GEOID": "06073005202", "NAME": "52.02", "NAMELSAD": "Census Tract 52.02", "STUSPS": "CA", "NAMELSADCO": "San Diego County", "STATE_NAME": "California", "LSAD": "CT", "ALAND": 233944, "AWATER": 0, "centroid_lon": -117.15516926617879, "centroid_lat": 32.715591764027252, "B03002_001E": 5108, "B03002_001M": 707, "B03002_012E": 1224, "B03002_012M": 322, "B19013_001E": 58140, "B19013_001M": 8104, "B01003_001E": 5108, "state": "06", "county": "073", "tract": "005202", "latino_share": 0.23962411902897415, "camera_count": 5, "arterial_road_m": 4858.8510529665537, "land_area_km2": 0.233944, "pop_density_per_km2": 21834.285128064836, "arterial_km_per_km2": 20.769291167828854, "log_income": 10.970609174112868, "city": "San Diego" }, "geometry": { "type": "Polygon", "coordinates": [ [ [ -117.156559, 32.719901 ], [ -117.155652, 32.719911 ], [ -117.15473, 32.719368 ], [ -117.153781, 32.71938 ], [ -117.153771, 32.713652 ], [ -117.153763, 32.712611 ], [ -117.153744, 32.711524 ], [ -117.15648, 32.711513 ], [ -117.156508, 32.71364 ], [ -117.156523, 32.715718 ], [ -117.156559, 32.719901 ] ] ] } },
{ "type": "Feature", "properties": { "STATEFP": "06", "COUNTYFP": "073", "TRACTCE": "008368", "GEOIDFQ": "1400000US06073008368", "GEOID": "06073008368", "NAME": "83.68", "NAMELSAD": "Census Tract 83.68", "STUSPS": "CA", "NAMELSADCO": "San Diego County", "STATE_NAME": "California", "LSAD": "CT", "ALAND": 2642599, "AWATER": 0, "centroid_lon": -117.14160871240729, "centroid_lat": 32.969325622002373, "B03002_001E": 6464, "B03002_001M": 604, "B03002_012E": 624, "B03002_012M": 284, "B19013_001E": 211830, "B19013_001M": 25620, "B01003_001E": 6464, "state": "06", "county": "073", "tract": "008368", "latino_share": 0.096534653465346537, "camera_count": 1, "arterial_road_m": 10331.146868753891, "land_area_km2": 2.642599, "pop_density_per_km2": 2446.0767600381291, "arterial_km_per_km2": 3.9094644585704792, "log_income": 12.263539345178502, "city": "San Diego" }, "geometry": { "type": "Polygon", "coordinates": [ [ [ -117.152603, 32.961795 ], [ -117.151067, 32.963099 ], [ -117.14792, 32.965117 ], [ -117.14674, 32.966653 ], [ -117.146204, 32.970177 ], [ -117.144957, 32.973071 ], [ -117.14543, 32.97525 ], [ -117.14618, 32.976155 ], [ -117.14453, 32.977305 ], [ -117.138825, 32.979474 ], [ -117.13494, 32.982433 ], [ -117.13094, 32.982491 ], [ -117.130969, 32.976374 ], [ -117.131418, 32.974612 ], [ -117.134904, 32.974678 ], [ -117.134826, 32.972028 ], [ -117.134892, 32.971176 ], [ -117.13557, 32.971203 ], [ -117.137492, 32.971641 ], [ -117.137737, 32.966225 ], [ -117.137056, 32.964605 ], [ -117.136966, 32.963405 ], [ -117.138953, 32.963252 ], [ -117.140727, 32.962292 ], [ -117.145278, 32.956837 ], [ -117.146852, 32.954883 ], [ -117.148694, 32.955883 ], [ -117.152958, 32.959223 ], [ -117.152603, 32.961795 ] ] ] } },
{ "type": "Feature", "properties": { "STATEFP": "06", "COUNTYFP": "073", "TRACTCE": "005801", "GEOIDFQ": "1400000US06073005801", "GEOID": "06073005801", "NAME": "58.01", "NAMELSAD": "Census Tract 58.01", "STUSPS": "CA", "NAMELSADCO": "San Diego County", "STATE_NAME": "California", "LSAD": "CT", "ALAND": 330445, "AWATER": 0, "centroid_lon": -117.16893301312686, "centroid_lat": 32.726112918374696, "B03002_001E": 1703, "B03002_001M": 218, "B03002_012E": 168, "B03002_012M": 71, "B19013_001E": 100909, "B19013_001M": 32114, "B01003_001E": 1703, "state": "06", "county": "073", "tract": "005801", "latino_share": 0.098649442160892539, "camera_count": 2, "arterial_road_m": 6481.9399106441515, "land_area_km2": 0.330445, "pop_density_per_km2": 5153.6564329918747, "arterial_km_per_km2": 19.615790557109811, "log_income": 11.52197439958884, "city": "San Diego" }, "geometry": { "type": "Polygon", "coordinates": [ [ [ -117.171114, 32.730315 ], [ -117.170501, 32.730507 ], [ -117.167427, 32.727039 ], [ -117.164576, 32.723998 ], [ -117.163869, 32.723473 ], [ -117.164785, 32.722999 ], [ -117.166496, 32.722993 ], [ -117.168293, 32.722994 ], [ -117.170069, 32.722991 ], [ -117.172816, 32.729777 ], [ -117.171114, 32.730315 ] ] ] } },
{ "type": "Feature", "properties": { "STATEFP": "06", "COUNTYFP": "073", "TRACTCE": "017069", "GEOIDFQ": "1400000US06073017069", "GEOID": "06073017069", "NAME": "170.69", "NAMELSAD": "Census Tract 170.69", "STUSPS": "CA", "NAMELSADCO": "San Diego County", "STATE_NAME": "California", "LSAD": "CT", "ALAND": 984288, "AWATER": 0, "centroid_lon": -117.08521335094024, "centroid_lat": 33.005484224684018, "B03002_001E": 2337, "B03002_001M": 332, "B03002_012E": 181, "B03002_012M": 137, "B19013_001E": 186625, "B19013_001M": 34947, "B01003_001E": 2337, "state": "06", "county": "073", "tract": "017069", "latino_share": 0.077449721865639712, "camera_count": 1, "arterial_road_m": 6510.5439211211524, "land_area_km2": 0.984288, "pop_density_per_km2": 2374.3050814395783, "arterial_km_per_km2": 6.6144704813237096, "log_income": 12.136856534841492, "city": "San Diego" }, "geometry": { "type": "Polygon", "coordinates": [ [ [ -117.090806, 33.005814 ], [ -117.087151, 33.009764 ], [ -117.085364, 33.01097 ], [ -117.080187, 33.012183 ], [ -117.080971, 33.005472 ], [ -117.083448, 32.997941 ], [ -117.086763, 33.000172 ], [ -117.089754, 33.002408 ], [ -117.092242, 33.005129 ], [ -117.090806, 33.005814 ] ] ] } },
{ "type": "Feature", "properties": { "STATEFP": "06", "COUNTYFP": "073", "TRACTCE": "007701", "GEOIDFQ": "1400000US06073007701", "GEOID": "06073007701", "NAME": "77.01", "NAMELSAD": "Census Tract 77.01", "STUSPS": "CA", "NAMELSADCO": "San Diego County", "STATE_NAME": "California", "LSAD": "CT", "ALAND": 568639, "AWATER": 0, "centroid_lon": -117.24018478966256, "centroid_lat": 32.788465593044329, "B03002_001E": 4243, "B03002_001M": 784, "B03002_012E": 733, "B03002_012M": 292, "B19013_001E": 126346, "B19013_001M": 17449, "B01003_001E": 4243, "state": "06", "county": "073", "tract": "007701", "latino_share": 0.17275512609003063, "camera_count": 0, "arterial_road_m": 1897.4527954121963, "land_area_km2": 0.568639, "pop_density_per_km2": 7461.6760369935937, "arterial_km_per_km2": 3.3368319714479595, "log_income": 11.746779454222612, "city": "San Diego" }, "geometry": { "type": "Polygon", "coordinates": [ [ [ -117.248245, 32.792156 ], [ -117.244629, 32.792957 ], [ -117.241799, 32.793362 ], [ -117.240916, 32.793556 ], [ -117.239095, 32.793958 ], [ -117.238611, 32.792335 ], [ -117.237491, 32.788752 ], [ -117.236315, 32.784809 ], [ -117.236736, 32.782071 ], [ -117.236298, 32.779873 ], [ -117.237677, 32.780142 ], [ -117.238753, 32.781368 ], [ -117.23949, 32.783829 ], [ -117.239694, 32.786148 ], [ -117.241717, 32.789551 ], [ -117.243235, 32.790695 ], [ -117.248083, 32.791339 ], [ -117.248245, 32.792156 ] ] ] } },
{ "type": "Feature", "properties": { "STATEFP": "06", "COUNTYFP": "073", "TRACTCE": "008350", "GEOIDFQ": "1400000US06073008350", "GEOID": "06073008350", "NAME": "83.50", "NAMELSAD": "Census Tract 83.50", "STUSPS": "CA", "NAMELSADCO": "San Diego County", "STATE_NAME": "California", "LSAD": "CT", "ALAND": 15528713, "AWATER": 0, "centroid_lon": -117.17169572021895, "centroid_lat": 32.89145424244623, "B03002_001E": 6334, "B03002_001M": 770, "B03002_012E": 725, "B03002_012M": 260, "B19013_001E": 121335, "B19013_001M": 11751, "B01003_001E": 6334, "state": "06", "county": "073", "tract": "008350", "latino_share": 0.11446163561730344, "camera_count": 1, "arterial_road_m": 67289.527011816259, "land_area_km2": 15.528713, "pop_density_per_km2": 407.8895656066282, "arterial_km_per_km2": 4.3332327033036329, "log_income": 11.706310594120163, "city": "San Diego" }, "geometry": { "type": "Polygon", "coordinates": [ [ [ -117.206068, 32.890622 ], [ -117.204354, 32.891832 ], [ -117.2014, 32.891339 ], [ -117.200189, 32.892661 ], [ -117.195736, 32.893541 ], [ -117.191152, 32.898591 ], [ -117.189442, 32.899999 ], [ -117.180133, 32.905891 ], [ -117.171302, 32.907565 ], [ -117.162166, 32.909123 ], [ -117.158643, 32.909729 ], [ -117.156391, 32.910214 ], [ -117.155569, 32.910567 ], [ -117.154556, 32.908586 ], [ -117.154429, 32.906739 ], [ -117.154578, 32.906142 ], [ -117.157219, 32.902412 ], [ -117.156113, 32.901994 ], [ -117.150516, 32.902035 ], [ -117.147291, 32.902048 ], [ -117.145015, 32.903138 ], [ -117.14412, 32.901935 ], [ -117.14313, 32.900049 ], [ -117.136058, 32.89665 ], [ -117.133702, 32.893671 ], [ -117.137252, 32.892975 ], [ -117.159788, 32.87991 ], [ -117.161652, 32.879008 ], [ -117.161667, 32.875737 ], [ -117.173588, 32.875739 ], [ -117.17433, 32.878035 ], [ -117.175379, 32.878099 ], [ -117.183867, 32.876865 ], [ -117.188427, 32.876803 ], [ -117.199461, 32.875168 ], [ -117.203533, 32.887325 ], [ -117.204843, 32.889182 ], [ -117.206025, 32.890255 ], [ -117.206068, 32.890622 ] ] ] } },
{ "type": "Feature", "properties": { "STATEFP": "06", "COUNTYFP": "073", "TRACTCE": "008348", "GEOIDFQ": "1400000US06073008348", "GEOID": "06073008348", "NAME": "83.48", "NAMELSAD": "Census Tract 83.48", "STUSPS": "CA", "NAMELSADCO": "San Diego County", "STATE_NAME": "California", "LSAD": "CT", "ALAND": 1998298, "AWATER": 0, "centroid_lon": -117.16297830104297, "centroid_lat": 32.914770507850875, "B03002_001E": 4935, "B03002_001M": 498, "B03002_012E": 481, "B03002_012M": 96, "B19013_001E": 150847, "B19013_001M": 23788, "B01003_001E": 4935, "state": "06", "county": "073", "tract": "008348", "latino_share": 0.097467071935157037, "camera_count": 0, "arterial_road_m": 4379.9780902356124, "land_area_km2": 1.998298, "pop_density_per_km2": 2469.601630987971, "arterial_km_per_km2": 2.191854313138287, "log_income": 11.924021357084182, "city": "San Diego" }, "geometry": { "type": "Polygon", "coordinates": [ [ [ -117.174655, 32.914121 ], [ -117.171136, 32.915943 ], [ -117.170112, 32.917482 ], [ -117.167481, 32.918418 ], [ -117.164511, 32.919945 ], [ -117.161603, 32.920076 ], [ -117.159557, 32.92153 ], [ -117.155141, 32.922456 ], [ -117.154008, 32.922139 ], [ -117.152842, 32.918718 ], [ -117.152263, 32.917309 ], [ -117.152241, 32.916177 ], [ -117.153916, 32.916181 ], [ -117.15655, 32.916192 ], [ -117.155974, 32.91113 ], [ -117.155569, 32.910567 ], [ -117.156391, 32.910214 ], [ -117.158643, 32.909729 ], [ -117.162166, 32.909123 ], [ -117.171302, 32.907565 ], [ -117.17195, 32.910486 ], [ -117.173399, 32.913217 ], [ -117.174655, 32.914121 ] ] ] } },
{ "type": "Feature", "properties": { "STATEFP": "06", "COUNTYFP": "073", "TRACTCE": "010012", "GEOIDFQ": "1400000US06073010012", "GEOID": "06073010012", "NAME": "100.12", "NAMELSAD": "Census Tract 100.12", "STUSPS": "CA", "NAMELSADCO": "San Diego County", "STATE_NAME": "California", "LSAD": "CT", "ALAND": 629589, "AWATER": 0, "centroid_lon": -117.05848746890823, "centroid_lat": 32.560774514537236, "B03002_001E": 4605, "B03002_001M": 702, "B03002_012E": 4363, "B03002_012M": 714, "B19013_001E": 86111, "B19013_001M": 17228, "B01003_001E": 4605, "state": "06", "county": "073", "tract": "010012", "latino_share": 0.94744842562432141, "camera_count": 9, "arterial_road_m": 4634.9687541105868, "land_area_km2": 0.629589, "pop_density_per_km2": 7314.2955165989242, "arterial_km_per_km2": 7.3618960212306561, "log_income": 11.363392440675852, "city": "San Diego" }, "geometry": { "type": "Polygon", "coordinates": [ [ [ -117.062395, 32.559584 ], [ -117.062346, 32.567 ], [ -117.058066, 32.564236 ], [ -117.055996, 32.562944 ], [ -117.054488, 32.561975 ], [ -117.054261, 32.561284 ], [ -117.054282, 32.558203 ], [ -117.054295, 32.55607 ], [ -117.054304, 32.555263 ], [ -117.061198, 32.558188 ], [ -117.062408, 32.558706 ], [ -117.062395, 32.559584 ] ] ] } },
{ "type": "Feature", "properties": { "STATEFP": "06", "COUNTYFP": "073", "TRACTCE": "002705", "GEOIDFQ": "1400000US06073002705", "GEOID": "06073002705", "NAME": "27.05", "NAMELSAD": "Census Tract 27.05", "STUSPS": "CA", "NAMELSADCO": "San Diego County", "STATE_NAME": "California", "LSAD": "CT", "ALAND": 1227312, "AWATER": 0, "centroid_lon": -117.08356424651011, "centroid_lat": 32.733802308123259, "B03002_001E": 4756, "B03002_001M": 703, "B03002_012E": 1573, "B03002_012M": 599, "B19013_001E": 75703, "B19013_001M": 30517, "B01003_001E": 4756, "state": "06", "county": "073", "tract": "002705", "latino_share": 0.33074011774600504, "camera_count": 0, "arterial_road_m": 5291.2906260313903, "land_area_km2": 1.227312, "pop_density_per_km2": 3875.1352549311014, "arterial_km_per_km2": 4.3112840304921569, "log_income": 11.234573068759179, "city": "San Diego" }, "geometry": { "type": "Polygon", "coordinates": [ [ [ -117.089008, 32.731423 ], [ -117.087165, 32.735008 ], [ -117.088081, 32.736151 ], [ -117.088309, 32.736294 ], [ -117.087446, 32.736401 ], [ -117.082019, 32.742894 ], [ -117.079497, 32.743999 ], [ -117.079523, 32.743168 ], [ -117.079639, 32.735878 ], [ -117.079645, 32.735774 ], [ -117.079846, 32.729554 ], [ -117.080056, 32.729179 ], [ -117.08306, 32.725875 ], [ -117.084945, 32.723666 ], [ -117.084918, 32.726101 ], [ -117.089106, 32.729318 ], [ -117.089008, 32.731423 ] ] ] } },
{ "type": "Feature", "properties": { "STATEFP": "06", "COUNTYFP": "073", "TRACTCE": "010104", "GEOIDFQ": "1400000US06073010104", "GEOID": "06073010104", "NAME": "101.04", "NAMELSAD": "Census Tract 101.04", "STUSPS": "CA", "NAMELSADCO": "San Diego County", "STATE_NAME": "California", "LSAD": "CT", "ALAND": 1613548, "AWATER": 0, "centroid_lon": -117.09699306813411, "centroid_lat": 32.567332462918849, "B03002_001E": 3203, "B03002_001M": 597, "B03002_012E": 1560, "B03002_012M": 443, "B19013_001E": 103315, "B19013_001M": 26206, "B01003_001E": 3203, "state": "06", "county": "073", "tract": "010104", "latino_share": 0.48704339681548547, "camera_count": 0, "arterial_road_m": 3078.6973628253145, "land_area_km2": 1.613548, "pop_density_per_km2": 1985.0664498360136, "arterial_km_per_km2": 1.908029611034388, "log_income": 11.545537852697706, "city": "San Diego" }, "geometry": { "type": "Polygon", "coordinates": [ [ [ -117.101306, 32.56687 ], [ -117.099574, 32.567933 ], [ -117.101381, 32.56918 ], [ -117.10125, 32.569179 ], [ -117.10126, 32.572847 ], [ -117.101242, 32.576503 ], [ -117.097073, 32.576509 ], [ -117.092755, 32.576509 ], [ -117.092775, 32.570041 ], [ -117.092763, 32.569159 ], [ -117.092768, 32.568285 ], [ -117.092772, 32.55822 ], [ -117.101435, 32.558265 ], [ -117.101306, 32.56687 ] ] ] } },
{ "type": "Feature", "properties": { "STATEFP": "06", "COUNTYFP": "073", "TRACTCE": "000700", "GEOIDFQ": "1400000US06073000700", "GEOID": "06073000700", "NAME": "7", "NAMELSAD": "Census Tract 7", "STUSPS": "CA", "NAMELSADCO": "San Diego County", "STATE_NAME": "California", "LSAD": "CT", "ALAND": 780041, "AWATER": 0, "centroid_lon": -117.15137712077539, "centroid_lat": 32.744749598241818, "B03002_001E": 4371, "B03002_001M": 520, "B03002_012E": 1049, "B03002_012M": 362, "B19013_001E": 109484, "B19013_001M": 24464, "B01003_001E": 4371, "state": "06", "county": "073", "tract": "000700", "latino_share": 0.23999084877602378, "camera_count": 2, "arterial_road_m": 5688.4217866746603, "land_area_km2": 0.780041, "pop_density_per_km2": 5603.5516081846981, "arterial_km_per_km2": 7.2924651225700448, "log_income": 11.603533698840851, "city": "San Diego" }, "geometry": { "type": "Polygon", "coordinates": [ [ [ -117.156543, 32.746762 ], [ -117.156008, 32.748393 ], [ -117.151221, 32.748506 ], [ -117.14954, 32.748413 ], [ -117.146322, 32.748423 ], [ -117.146392, 32.74643 ], [ -117.146194, 32.746431 ], [ -117.146173, 32.744351 ], [ -117.146137, 32.741182 ], [ -117.153369, 32.741124 ], [ -117.15661, 32.741067 ], [ -117.156543, 32.746762 ] ] ] } },
{ "type": "Feature", "properties": { "STATEFP": "06", "COUNTYFP": "073", "TRACTCE": "007302", "GEOIDFQ": "1400000US06073007302", "GEOID": "06073007302", "NAME": "73.02", "NAMELSAD": "Census Tract 73.02", "STUSPS": "CA", "NAMELSADCO": "San Diego County", "STATE_NAME": "California", "LSAD": "CT", "ALAND": 834938, "AWATER": 0, "centroid_lon": -117.24466936615471, "centroid_lat": 32.735779188777094, "B03002_001E": 2741, "B03002_001M": 396, "B03002_012E": 252, "B03002_012M": 181, "B19013_001E": 179449, "B19013_001M": 40264, "B01003_001E": 2741, "state": "06", "county": "073", "tract": "007302", "latino_share": 0.091937249179131708, "camera_count": 0, "arterial_road_m": 3485.631814997284, "land_area_km2": 0.834938, "pop_density_per_km2": 3282.8784891812329, "arterial_km_per_km2": 4.1747193384386438, "log_income": 12.097646323977335, "city": "San Diego" }, "geometry": { "type": "Polygon", "coordinates": [ [ [ -117.249216, 32.73668 ], [ -117.247762, 32.738368 ], [ -117.24704, 32.739212 ], [ -117.246301, 32.740059 ], [ -117.244857, 32.74175 ], [ -117.243138, 32.740692 ], [ -117.239637, 32.73856 ], [ -117.23796, 32.737488 ], [ -117.239589, 32.736021 ], [ -117.240186, 32.735007 ], [ -117.240918, 32.734147 ], [ -117.242359, 32.732497 ], [ -117.243624, 32.729551 ], [ -117.245545, 32.730649 ], [ -117.251361, 32.734233 ], [ -117.249216, 32.73668 ] ] ] } },
{ "type": "Feature", "properties": { "STATEFP": "06", "COUNTYFP": "073", "TRACTCE": "003107", "GEOIDFQ": "1400000US06073003107", "GEOID": "06073003107", "NAME": "31.07", "NAMELSAD": "Census Tract 31.07", "STUSPS": "CA", "NAMELSADCO": "San Diego County", "STATE_NAME": "California", "LSAD": "CT", "ALAND": 1572159, "AWATER": 0, "centroid_lon": -117.0229928489444, "centroid_lat": 32.706341439969236, "B03002_001E": 5307, "B03002_001M": 770, "B03002_012E": 1841, "B03002_012M": 271, "B19013_001E": 97105, "B19013_001M": 19046, "B01003_001E": 5307, "state": "06", "county": "073", "tract": "003107", "latino_share": 0.34690032033163748, "camera_count": 0, "arterial_road_m": 7519.086223851019, "land_area_km2": 1.572159, "pop_density_per_km2": 3375.612771990619, "arterial_km_per_km2": 4.7826499888694585, "log_income": 11.483548146259551, "city": "San Diego" }, "geometry": { "type": "Polygon", "coordinates": [ [ [ -117.030715, 32.702575 ], [ -117.030057, 32.702686 ], [ -117.02917, 32.704028 ], [ -117.028526, 32.705248 ], [ -117.023302, 32.706885 ], [ -117.023106, 32.7071 ], [ -117.024406, 32.712331 ], [ -117.025868, 32.717786 ], [ -117.025865, 32.718542 ], [ -117.023936, 32.718564 ], [ -117.022994, 32.718477 ], [ -117.02176, 32.718243 ], [ -117.017667, 32.714926 ], [ -117.017588, 32.714523 ], [ -117.020282, 32.714325 ], [ -117.018161, 32.708255 ], [ -117.020201, 32.707668 ], [ -117.018847, 32.704186 ], [ -117.017467, 32.700151 ], [ -117.019093, 32.698479 ], [ -117.018518, 32.697317 ], [ -117.019854, 32.697183 ], [ -117.021354, 32.697505 ], [ -117.023187, 32.697906 ], [ -117.024911, 32.697862 ], [ -117.025827, 32.697521 ], [ -117.027555, 32.69927 ], [ -117.030064, 32.700203 ], [ -117.030487, 32.701153 ], [ -117.030715, 32.702575 ] ] ] } },
{ "type": "Feature", "properties": { "STATEFP": "06", "COUNTYFP": "073", "TRACTCE": "004300", "GEOIDFQ": "1400000US06073004300", "GEOID": "06073004300", "NAME": "43", "NAMELSAD": "Census Tract 43", "STUSPS": "CA", "NAMELSADCO": "San Diego County", "STATE_NAME": "California", "LSAD": "CT", "ALAND": 1018275, "AWATER": 0, "centroid_lon": -117.12940110433561, "centroid_lat": 32.735329450520588, "B03002_001E": 4339, "B03002_001M": 476, "B03002_012E": 1090, "B03002_012M": 262, "B19013_001E": 107846, "B19013_001M": 18479, "B01003_001E": 4339, "state": "06", "county": "073", "tract": "004300", "latino_share": 0.25120995621110853, "camera_count": 0, "arterial_road_m": 4599.3979703191999, "land_area_km2": 1.018275, "pop_density_per_km2": 4261.1278878495496, "arterial_km_per_km2": 4.5168524910453458, "log_income": 11.588459562580594, "city": "San Diego" }, "geometry": { "type": "Polygon", "coordinates": [ [ [ -117.133624, 32.737438 ], [ -117.133634, 32.740997 ], [ -117.129283, 32.741031 ], [ -117.128223, 32.741031 ], [ -117.125006, 32.741029 ], [ -117.125018, 32.739256 ], [ -117.125057, 32.735619 ], [ -117.125076, 32.733864 ], [ -117.125283, 32.729631 ], [ -117.129582, 32.72965 ], [ -117.130165, 32.729652 ], [ -117.133894, 32.72965 ], [ -117.133624, 32.737438 ] ] ] } },
{ "type": "Feature", "properties": { "STATEFP": "06", "COUNTYFP": "073", "TRACTCE": "001500", "GEOIDFQ": "1400000US06073001500", "GEOID": "06073001500", "NAME": "15", "NAMELSAD": "Census Tract 15", "STUSPS": "CA", "NAMELSADCO": "San Diego County", "STATE_NAME": "California", "LSAD": "CT", "ALAND": 793272, "AWATER": 0, "centroid_lon": -117.12338622695249, "centroid_lat": 32.74373963757332, "B03002_001E": 3934, "B03002_001M": 359, "B03002_012E": 816, "B03002_012M": 208, "B19013_001E": 110380, "B19013_001M": 17505, "B01003_001E": 3934, "state": "06", "county": "073", "tract": "001500", "latino_share": 0.20742247076766648, "camera_count": 2, "arterial_road_m": 6241.0737763108964, "land_area_km2": 0.793272, "pop_density_per_km2": 4959.2069302836862, "arterial_km_per_km2": 7.8675079623520014, "log_income": 11.611684236993492, "city": "San Diego" }, "geometry": { "type": "Polygon", "coordinates": [ [ [ -117.128234, 32.748459 ], [ -117.12644, 32.74847 ], [ -117.126092, 32.748472 ], [ -117.125028, 32.74848 ], [ -117.123139, 32.748496 ], [ -117.122596, 32.748623 ], [ -117.120352, 32.745828 ], [ -117.119356, 32.744636 ], [ -117.117432, 32.742289 ], [ -117.116417, 32.740774 ], [ -117.117898, 32.740411 ], [ -117.120214, 32.739837 ], [ -117.120703, 32.739244 ], [ -117.123073, 32.73925 ], [ -117.125018, 32.739256 ], [ -117.125006, 32.741029 ], [ -117.128223, 32.741031 ], [ -117.128228, 32.743796 ], [ -117.128234, 32.747415 ], [ -117.128234, 32.748459 ] ] ] } },
{ "type": "Feature", "properties": { "STATEFP": "06", "COUNTYFP": "073", "TRACTCE": "003401", "GEOIDFQ": "1400000US06073003401", "GEOID": "06073003401", "NAME": "34.01", "NAMELSAD": "Census Tract 34.01", "STUSPS": "CA", "NAMELSADCO": "San Diego County", "STATE_NAME": "California", "LSAD": "CT", "ALAND": 2805035, "AWATER": 0, "centroid_lon": -117.0950306423256, "centroid_lat": 32.725058095985524, "B03002_001E": 5794, "B03002_001M": 903, "B03002_012E": 1209, "B03002_012M": 403, "B19013_001E": 78026, "B19013_001M": 9352, "B01003_001E": 5794, "state": "06", "county": "073", "tract": "003401", "latino_share": 0.20866413531239214, "camera_count": 6, "arterial_road_m": 17533.652375302481, "land_area_km2": 2.805035, "pop_density_per_km2": 2065.5713743322276, "arterial_km_per_km2": 6.2507784663301811, "log_income": 11.264797383461849, "city": "San Diego" }, "geometry": { "type": "Polygon", "coordinates": [ [ [ -117.109975, 32.72038 ], [ -117.108345, 32.722593 ], [ -117.103412, 32.725501 ], [ -117.103153, 32.725733 ], [ -117.102582, 32.726481 ], [ -117.101219, 32.727657 ], [ -117.09975, 32.72884 ], [ -117.097652, 32.73053 ], [ -117.096074, 32.732133 ], [ -117.092463, 32.735897 ], [ -117.09223, 32.737109 ], [ -117.089971, 32.736957 ], [ -117.088309, 32.736294 ], [ -117.088081, 32.736151 ], [ -117.087165, 32.735008 ], [ -117.089008, 32.731423 ], [ -117.089106, 32.729318 ], [ -117.084918, 32.726101 ], [ -117.084945, 32.723666 ], [ -117.084917, 32.721418 ], [ -117.08493, 32.718046 ], [ -117.091804, 32.717958 ], [ -117.093567, 32.718466 ], [ -117.0962, 32.719173 ], [ -117.102683, 32.719132 ], [ -117.102928, 32.719121 ], [ -117.107029, 32.718363 ], [ -117.110507, 32.718311 ], [ -117.109975, 32.72038 ] ] ] } },
{ "type": "Feature", "properties": { "STATEFP": "06", "COUNTYFP": "073", "TRACTCE": "003001", "GEOIDFQ": "1400000US06073003001", "GEOID": "06073003001", "NAME": "30.01", "NAMELSAD": "Census Tract 30.01", "STUSPS": "CA", "NAMELSADCO": "San Diego County", "STATE_NAME": "California", "LSAD": "CT", "ALAND": 2378715, "AWATER": 0, "centroid_lon": -117.0753265744852, "centroid_lat": 32.717411192210783, "B03002_001E": 4484, "B03002_001M": 594, "B03002_012E": 1599, "B03002_012M": 588, "B19013_001E": 91397, "B19013_001M": 24196, "B01003_001E": 4484, "state": "06", "county": "073", "tract": "003001", "latino_share": 0.35660124888492417, "camera_count": 4, "arterial_road_m": 10780.395457849387, "land_area_km2": 2.378715, "pop_density_per_km2": 1885.0513827844024, "arterial_km_per_km2": 4.5320248360351645, "log_income": 11.422967934146451, "city": "San Diego" }, "geometry": { "type": "Polygon", "coordinates": [ [ [ -117.084995, 32.71044 ], [ -117.08493, 32.718046 ], [ -117.082246, 32.719213 ], [ -117.076261, 32.723769 ], [ -117.074504, 32.725056 ], [ -117.07204, 32.726881 ], [ -117.071445, 32.727215 ], [ -117.06807, 32.727259 ], [ -117.068064, 32.726556 ], [ -117.065943, 32.725988 ], [ -117.066751, 32.724242 ], [ -117.066096, 32.721832 ], [ -117.066399, 32.718569 ], [ -117.067988, 32.717401 ], [ -117.067978, 32.716642 ], [ -117.070934, 32.714113 ], [ -117.071067, 32.709373 ], [ -117.084986, 32.709532 ], [ -117.084995, 32.71044 ] ] ] } },
{ "type": "Feature", "properties": { "STATEFP": "06", "COUNTYFP": "073", "TRACTCE": "003301", "GEOIDFQ": "1400000US06073003301", "GEOID": "06073003301", "NAME": "33.01", "NAMELSAD": "Census Tract 33.01", "STUSPS": "CA", "NAMELSADCO": "San Diego County", "STATE_NAME": "California", "LSAD": "CT", "ALAND": 1525029, "AWATER": 0, "centroid_lon": -117.10187473500594, "centroid_lat": 32.70272681021406, "B03002_001E": 3338, "B03002_001M": 627, "B03002_012E": 2198, "B03002_012M": 638, "B19013_001E": 72773, "B19013_001M": 10692, "B01003_001E": 3338, "state": "06", "county": "073", "tract": "003301", "latino_share": 0.658478130617136, "camera_count": 5, "arterial_road_m": 7106.2729541460512, "land_area_km2": 1.525029, "pop_density_per_km2": 2188.81083572837, "arterial_km_per_km2": 4.6597625055956655, "log_income": 11.195100286271227, "city": "San Diego" }, "geometry": { "type": "Polygon", "coordinates": [ [ [ -117.10978, 32.708964 ], [ -117.104781, 32.709313 ], [ -117.099973, 32.707656 ], [ -117.097324, 32.707659 ], [ -117.096266, 32.706398 ], [ -117.095186, 32.704125 ], [ -117.095018, 32.70312 ], [ -117.094987, 32.700455 ], [ -117.095019, 32.696797 ], [ -117.101545, 32.696837 ], [ -117.102569, 32.696422 ], [ -117.10365, 32.696099 ], [ -117.106026, 32.696084 ], [ -117.106056, 32.69851 ], [ -117.106736, 32.700529 ], [ -117.10806, 32.701289 ], [ -117.108088, 32.70428 ], [ -117.10978, 32.708964 ] ] ] } },
{ "type": "Feature", "properties": { "STATEFP": "06", "COUNTYFP": "073", "TRACTCE": "002703", "GEOIDFQ": "1400000US06073002703", "GEOID": "06073002703", "NAME": "27.03", "NAMELSAD": "Census Tract 27.03", "STUSPS": "CA", "NAMELSADCO": "San Diego County", "STATE_NAME": "California", "LSAD": "CT", "ALAND": 1961423, "AWATER": 0, "centroid_lon": -117.06582984330663, "centroid_lat": 32.745180387993699, "B03002_001E": 7082, "B03002_001M": 1218, "B03002_012E": 3705, "B03002_012M": 1228, "B19013_001E": 83644, "B19013_001M": 13236, "B01003_001E": 7082, "state": "06", "county": "073", "tract": "002703", "latino_share": 0.52315730019768425, "camera_count": 2, "arterial_road_m": 14974.886028200051, "land_area_km2": 1.961423, "pop_density_per_km2": 3610.6439049608371, "arterial_km_per_km2": 7.6347050219152379, "log_income": 11.334324976406691, "city": "San Diego" }, "geometry": { "type": "Polygon", "coordinates": [ [ [ -117.079497, 32.743999 ], [ -117.07948, 32.745878 ], [ -117.079436, 32.748786 ], [ -117.0755, 32.747776 ], [ -117.072639, 32.748931 ], [ -117.067391, 32.751909 ], [ -117.06447, 32.752849 ], [ -117.062717, 32.750404 ], [ -117.061192, 32.746629 ], [ -117.060354, 32.746144 ], [ -117.058722, 32.745683 ], [ -117.057522, 32.745386 ], [ -117.054353, 32.74458 ], [ -117.053643, 32.744352 ], [ -117.053077, 32.744066 ], [ -117.052484, 32.743657 ], [ -117.05127, 32.742462 ], [ -117.051077, 32.742268 ], [ -117.050837, 32.742041 ], [ -117.052093, 32.741038 ], [ -117.054329, 32.738717 ], [ -117.056101, 32.737255 ], [ -117.057068, 32.737375 ], [ -117.058047, 32.738003 ], [ -117.05804, 32.738622 ], [ -117.058016, 32.74192 ], [ -117.066715, 32.741789 ], [ -117.066721, 32.74101 ], [ -117.067122, 32.74214 ], [ -117.069945, 32.74147 ], [ -117.070583, 32.742707 ], [ -117.071612, 32.743358 ], [ -117.074518, 32.742522 ], [ -117.079523, 32.743168 ], [ -117.079497, 32.743999 ] ] ] } },
{ "type": "Feature", "properties": { "STATEFP": "06", "COUNTYFP": "073", "TRACTCE": "010111", "GEOIDFQ": "1400000US06073010111", "GEOID": "06073010111", "NAME": "101.11", "NAMELSAD": "Census Tract 101.11", "STUSPS": "CA", "NAMELSADCO": "San Diego County", "STATE_NAME": "California", "LSAD": "CT", "ALAND": 605556, "AWATER": 0, "centroid_lon": -117.06626143818292, "centroid_lat": 32.564224510422051, "B03002_001E": 3614, "B03002_001M": 791, "B03002_012E": 3333, "B03002_012M": 784, "B19013_001E": 59561, "B19013_001M": 18718, "B01003_001E": 3614, "state": "06", "county": "073", "tract": "010111", "latino_share": 0.92224681793027119, "camera_count": 7, "arterial_road_m": 6003.8182572087653, "land_area_km2": 0.605556, "pop_density_per_km2": 5968.0690142612739, "arterial_km_per_km2": 9.914554982873204, "log_income": 10.994756276448804, "city": "San Diego" }, "geometry": { "type": "Polygon", "coordinates": [ [ [ -117.073869, 32.565731 ], [ -117.073261, 32.565703 ], [ -117.066767, 32.567687 ], [ -117.064666, 32.568125 ], [ -117.063252, 32.568171 ], [ -117.062346, 32.567 ], [ -117.062395, 32.559584 ], [ -117.062408, 32.558706 ], [ -117.06426, 32.559552 ], [ -117.073561, 32.565486 ], [ -117.073869, 32.565731 ] ] ] } },
{ "type": "Feature", "properties": { "STATEFP": "06", "COUNTYFP": "073", "TRACTCE": "009000", "GEOIDFQ": "1400000US06073009000", "GEOID": "06073009000", "NAME": "90", "NAMELSAD": "Census Tract 90", "STUSPS": "CA", "NAMELSADCO": "San Diego County", "STATE_NAME": "California", "LSAD": "CT", "ALAND": 1231847, "AWATER": 0, "centroid_lon": -117.17888998098334, "centroid_lat": 32.778373056583376, "B03002_001E": 4037, "B03002_001M": 517, "B03002_012E": 1348, "B03002_012M": 421, "B19013_001E": 112292, "B19013_001M": 10399, "B01003_001E": 4037, "state": "06", "county": "073", "tract": "009000", "latino_share": 0.33391132028734211, "camera_count": 0, "arterial_road_m": 1371.0078883103254, "land_area_km2": 1.231847, "pop_density_per_km2": 3277.1927033146162, "arterial_km_per_km2": 1.1129692959517907, "log_income": 11.628857900432994, "city": "San Diego" }, "geometry": { "type": "Polygon", "coordinates": [ [ [ -117.187186, 32.77643 ], [ -117.184544, 32.779722 ], [ -117.184493, 32.782436 ], [ -117.18418, 32.781887 ], [ -117.179174, 32.783662 ], [ -117.17573, 32.783151 ], [ -117.173966, 32.783961 ], [ -117.172109, 32.783461 ], [ -117.171731, 32.783345 ], [ -117.172522, 32.781591 ], [ -117.173724, 32.77517 ], [ -117.178977, 32.771451 ], [ -117.180533, 32.772022 ], [ -117.179917, 32.773423 ], [ -117.185949, 32.775735 ], [ -117.187186, 32.77643 ] ] ] } },
{ "type": "Feature", "properties": { "STATEFP": "06", "COUNTYFP": "073", "TRACTCE": "008800", "GEOIDFQ": "1400000US06073008800", "GEOID": "06073008800", "NAME": "88", "NAMELSAD": "Census Tract 88", "STUSPS": "CA", "NAMELSADCO": "San Diego County", "STATE_NAME": "California", "LSAD": "CT", "ALAND": 1461012, "AWATER": 0, "centroid_lon": -117.16529266198964, "centroid_lat": 32.782509925178864, "B03002_001E": 6269, "B03002_001M": 694, "B03002_012E": 1935, "B03002_012M": 595, "B19013_001E": 76775, "B19013_001M": 17829, "B01003_001E": 6269, "state": "06", "county": "073", "tract": "008800", "latino_share": 0.30866166852767585, "camera_count": 7, "arterial_road_m": 8978.0092743017249, "land_area_km2": 1.461012, "pop_density_per_km2": 4290.8614029179771, "arterial_km_per_km2": 6.1450619668433424, "log_income": 11.248634345309023, "city": "San Diego" }, "geometry": { "type": "Polygon", "coordinates": [ [ [ -117.170293, 32.786481 ], [ -117.16963, 32.78766 ], [ -117.166667, 32.790741 ], [ -117.165849, 32.791563 ], [ -117.164764, 32.791276 ], [ -117.15918, 32.791636 ], [ -117.160833, 32.787155 ], [ -117.163087, 32.779895 ], [ -117.162871, 32.778015 ], [ -117.161263, 32.774061 ], [ -117.161457, 32.771526 ], [ -117.162913, 32.770776 ], [ -117.164566, 32.773031 ], [ -117.167858, 32.773903 ], [ -117.168617, 32.774584 ], [ -117.169098, 32.779861 ], [ -117.169435, 32.780999 ], [ -117.169745, 32.782932 ], [ -117.171731, 32.783345 ], [ -117.170293, 32.786481 ] ] ] } },
{ "type": "Feature", "properties": { "STATEFP": "06", "COUNTYFP": "073", "TRACTCE": "008505", "GEOIDFQ": "1400000US06073008505", "GEOID": "06073008505", "NAME": "85.05", "NAMELSAD": "Census Tract 85.05", "STUSPS": "CA", "NAMELSADCO": "San Diego County", "STATE_NAME": "California", "LSAD": "CT", "ALAND": 2952888, "AWATER": 0, "centroid_lon": -117.18509152693096, "centroid_lat": 32.840320374463097, "B03002_001E": 5406, "B03002_001M": 773, "B03002_012E": 1525, "B03002_012M": 502, "B19013_001E": 87178, "B19013_001M": 21875, "B01003_001E": 5406, "state": "06", "county": "073", "tract": "008505", "latino_share": 0.28209396966333705, "camera_count": 1, "arterial_road_m": 14758.206891303693, "land_area_km2": 2.952888, "pop_density_per_km2": 1830.7500995635457, "arterial_km_per_km2": 4.9978891482859131, "log_income": 11.37570728448771, "city": "San Diego" }, "geometry": { "type": "Polygon", "coordinates": [ [ [ -117.202069, 32.846623 ], [ -117.195578, 32.845524 ], [ -117.190992, 32.84588 ], [ -117.187572, 32.846335 ], [ -117.179379, 32.847337 ], [ -117.177878, 32.847347 ], [ -117.169396, 32.833402 ], [ -117.174076, 32.834258 ], [ -117.175595, 32.834362 ], [ -117.178744, 32.834402 ], [ -117.187079, 32.834465 ], [ -117.194798, 32.834478 ], [ -117.194853, 32.835351 ], [ -117.195681, 32.836924 ], [ -117.195969, 32.837709 ], [ -117.197906, 32.842702 ], [ -117.202069, 32.846623 ] ] ] } },
{ "type": "Feature", "properties": { "STATEFP": "06", "COUNTYFP": "073", "TRACTCE": "008509", "GEOIDFQ": "1400000US06073008509", "GEOID": "06073008509", "NAME": "85.09", "NAMELSAD": "Census Tract 85.09", "STUSPS": "CA", "NAMELSADCO": "San Diego County", "STATE_NAME": "California", "LSAD": "CT", "ALAND": 1952836, "AWATER": 0, "centroid_lon": -117.17178553526685, "centroid_lat": 32.814997105554014, "B03002_001E": 6491, "B03002_001M": 886, "B03002_012E": 1538, "B03002_012M": 741, "B19013_001E": 115600, "B19013_001M": 22298, "B01003_001E": 6491, "state": "06", "county": "073", "tract": "008509", "latino_share": 0.23694346017562778, "camera_count": 1, "arterial_road_m": 9797.6157674193237, "land_area_km2": 1.952836, "pop_density_per_km2": 3323.8838284423268, "arterial_km_per_km2": 5.0171216463744646, "log_income": 11.657891235220415, "city": "San Diego" }, "geometry": { "type": "Polygon", "coordinates": [ [ [ -117.181889, 32.819327 ], [ -117.179073, 32.820144 ], [ -117.176121, 32.820294 ], [ -117.171512, 32.82029 ], [ -117.16841, 32.820311 ], [ -117.167084, 32.820515 ], [ -117.164244, 32.821481 ], [ -117.162292, 32.8217 ], [ -117.160368, 32.818347 ], [ -117.161902, 32.817673 ], [ -117.164482, 32.816171 ], [ -117.164597, 32.814811 ], [ -117.164887, 32.813039 ], [ -117.168353, 32.810983 ], [ -117.169339, 32.808911 ], [ -117.171554, 32.807218 ], [ -117.173335, 32.80585 ], [ -117.175257, 32.80495 ], [ -117.176565, 32.809003 ], [ -117.177752, 32.810736 ], [ -117.178263, 32.811663 ], [ -117.17854, 32.812706 ], [ -117.180829, 32.81726 ], [ -117.181889, 32.819327 ] ] ] } },
{ "type": "Feature", "properties": { "STATEFP": "06", "COUNTYFP": "073", "TRACTCE": "008901", "GEOIDFQ": "1400000US06073008901", "GEOID": "06073008901", "NAME": "89.01", "NAMELSAD": "Census Tract 89.01", "STUSPS": "CA", "NAMELSADCO": "San Diego County", "STATE_NAME": "California", "LSAD": "CT", "ALAND": 1299093, "AWATER": 0, "centroid_lon": -117.17286969739462, "centroid_lat": 32.772703097946156, "B03002_001E": 5604, "B03002_001M": 852, "B03002_012E": 1807, "B03002_012M": 635, "B19013_001E": 95441, "B19013_001M": 14431, "B01003_001E": 5604, "state": "06", "county": "073", "tract": "008901", "latino_share": 0.32244825124910775, "camera_count": 2, "arterial_road_m": 7340.4108738923887, "land_area_km2": 1.299093, "pop_density_per_km2": 4313.7789211395948, "arterial_km_per_km2": 5.6504121520879478, "log_income": 11.466263534503998, "city": "San Diego" }, "geometry": { "type": "Polygon", "coordinates": [ [ [ -117.18321, 32.767112 ], [ -117.181558, 32.767785 ], [ -117.180533, 32.772022 ], [ -117.178977, 32.771451 ], [ -117.173724, 32.77517 ], [ -117.172522, 32.781591 ], [ -117.171731, 32.783345 ], [ -117.169745, 32.782932 ], [ -117.169435, 32.780999 ], [ -117.169098, 32.779861 ], [ -117.168617, 32.774584 ], [ -117.167858, 32.773903 ], [ -117.164566, 32.773031 ], [ -117.162913, 32.770776 ], [ -117.163953, 32.770233 ], [ -117.16934, 32.769566 ], [ -117.1738, 32.767883 ], [ -117.179792, 32.766121 ], [ -117.183634, 32.766265 ], [ -117.18321, 32.767112 ] ] ] } },
{ "type": "Feature", "properties": { "STATEFP": "06", "COUNTYFP": "073", "TRACTCE": "008701", "GEOIDFQ": "1400000US06073008701", "GEOID": "06073008701", "NAME": "87.01", "NAMELSAD": "Census Tract 87.01", "STUSPS": "CA", "NAMELSADCO": "San Diego County", "STATE_NAME": "California", "LSAD": "CT", "ALAND": 1682952, "AWATER": 0, "centroid_lon": -117.16397935706098, "centroid_lat": 32.798002804375841, "B03002_001E": 3320, "B03002_001M": 440, "B03002_012E": 679, "B03002_012M": 179, "B19013_001E": 78516, "B19013_001M": 24755, "B01003_001E": 3320, "state": "06", "county": "073", "tract": "008701", "latino_share": 0.20451807228915664, "camera_count": 2, "arterial_road_m": 7784.0576564181456, "land_area_km2": 1.682952, "pop_density_per_km2": 1972.7241180972483, "arterial_km_per_km2": 4.625240444420367, "log_income": 11.271057704657739, "city": "San Diego" }, "geometry": { "type": "Polygon", "coordinates": [ [ [ -117.173876, 32.802127 ], [ -117.168898, 32.802276 ], [ -117.168064, 32.803018 ], [ -117.165742, 32.803544 ], [ -117.159625, 32.80143 ], [ -117.158125, 32.800809 ], [ -117.154114, 32.807709 ], [ -117.153919, 32.808357 ], [ -117.153721, 32.809919 ], [ -117.152868, 32.809107 ], [ -117.155548, 32.801805 ], [ -117.15918, 32.791636 ], [ -117.164764, 32.791276 ], [ -117.165849, 32.791563 ], [ -117.170346, 32.793751 ], [ -117.171187, 32.79481 ], [ -117.171708, 32.798015 ], [ -117.173876, 32.802127 ] ] ] } },
{ "type": "Feature", "properties": { "STATEFP": "06", "COUNTYFP": "073", "TRACTCE": "002301", "GEOIDFQ": "1400000US06073002301", "GEOID": "06073002301", "NAME": "23.01", "NAMELSAD": "Census Tract 23.01", "STUSPS": "CA", "NAMELSADCO": "San Diego County", "STATE_NAME": "California", "LSAD": "CT", "ALAND": 423325, "AWATER": 0, "centroid_lon": -117.0948029193334, "centroid_lat": 32.757332910131503, "B03002_001E": 3190, "B03002_001M": 567, "B03002_012E": 965, "B03002_012M": 292, "B19013_001E": 76884, "B19013_001M": 9128, "B01003_001E": 3190, "state": "06", "county": "073", "tract": "002301", "latino_share": 0.30250783699059564, "camera_count": 0, "arterial_road_m": 1877.8679404568304, "land_area_km2": 0.423325, "pop_density_per_km2": 7535.5814090828562, "arterial_km_per_km2": 4.4359958435169915, "log_income": 11.250053071427022, "city": "San Diego" }, "geometry": { "type": "Polygon", "coordinates": [ [ [ -117.100783, 32.757076 ], [ -117.100167, 32.758908 ], [ -117.094323, 32.759047 ], [ -117.093541, 32.758926 ], [ -117.09212, 32.758991 ], [ -117.092088, 32.759046 ], [ -117.087885, 32.758987 ], [ -117.087908, 32.756639 ], [ -117.08899, 32.7565 ], [ -117.092196, 32.756069 ], [ -117.095808, 32.755571 ], [ -117.099499, 32.755065 ], [ -117.100807, 32.755116 ], [ -117.100783, 32.757076 ] ] ] } },
{ "type": "Feature", "properties": { "STATEFP": "06", "COUNTYFP": "073", "TRACTCE": "002401", "GEOIDFQ": "1400000US06073002401", "GEOID": "06073002401", "NAME": "24.01", "NAMELSAD": "Census Tract 24.01", "STUSPS": "CA", "NAMELSADCO": "San Diego County", "STATE_NAME": "California", "LSAD": "CT", "ALAND": 654403, "AWATER": 0, "centroid_lon": -117.11521637736827, "centroid_lat": 32.747080576578945, "B03002_001E": 4314, "B03002_001M": 648, "B03002_012E": 2060, "B03002_012M": 635, "B19013_001E": 75813, "B19013_001M": 12888, "B01003_001E": 4314, "state": "06", "county": "073", "tract": "002401", "latino_share": 0.47751506722299492, "camera_count": 5, "arterial_road_m": 4629.5358907169602, "land_area_km2": 0.654403, "pop_density_per_km2": 6592.2680672307433, "arterial_km_per_km2": 7.0744417288994104, "log_income": 11.236025060883124, "city": "San Diego" }, "geometry": { "type": "Polygon", "coordinates": [ [ [ -117.120811, 32.74918 ], [ -117.119281, 32.749765 ], [ -117.116812, 32.749747 ], [ -117.11557, 32.749737 ], [ -117.113104, 32.749715 ], [ -117.109399, 32.749684 ], [ -117.109446, 32.746113 ], [ -117.110402, 32.744086 ], [ -117.113176, 32.744108 ], [ -117.115645, 32.744124 ], [ -117.118032, 32.744148 ], [ -117.118106, 32.744755 ], [ -117.119356, 32.744636 ], [ -117.120352, 32.745828 ], [ -117.122596, 32.748623 ], [ -117.120811, 32.74918 ] ] ] } },
{ "type": "Feature", "properties": { "STATEFP": "06", "COUNTYFP": "073", "TRACTCE": "002302", "GEOIDFQ": "1400000US06073002302", "GEOID": "06073002302", "NAME": "23.02", "NAMELSAD": "Census Tract 23.02", "STUSPS": "CA", "NAMELSADCO": "San Diego County", "STATE_NAME": "California", "LSAD": "CT", "ALAND": 528824, "AWATER": 0, "centroid_lon": -117.0963997076821, "centroid_lat": 32.752543614658066, "B03002_001E": 5882, "B03002_001M": 1675, "B03002_012E": 2443, "B03002_012M": 956, "B19013_001E": 46806, "B19013_001M": 28089, "B01003_001E": 5882, "state": "06", "county": "073", "tract": "002302", "latino_share": 0.41533492009520573, "camera_count": 1, "arterial_road_m": 2977.5740003599781, "land_area_km2": 0.528824, "pop_density_per_km2": 11122.793216646749, "arterial_km_per_km2": 5.6305576153124255, "log_income": 10.753766678816367, "city": "San Diego" }, "geometry": { "type": "Polygon", "coordinates": [ [ [ -117.100856, 32.751436 ], [ -117.100833, 32.753173 ], [ -117.100807, 32.755116 ], [ -117.099499, 32.755065 ], [ -117.095808, 32.755571 ], [ -117.092196, 32.756069 ], [ -117.092233, 32.753106 ], [ -117.092255, 32.751349 ], [ -117.092277, 32.74954 ], [ -117.09658, 32.749577 ], [ -117.100877, 32.749613 ], [ -117.100856, 32.751436 ] ] ] } },
{ "type": "Feature", "properties": { "STATEFP": "06", "COUNTYFP": "073", "TRACTCE": "004600", "GEOIDFQ": "1400000US06073004600", "GEOID": "06073004600", "NAME": "46", "NAMELSAD": "Census Tract 46", "STUSPS": "CA", "NAMELSADCO": "San Diego County", "STATE_NAME": "California", "LSAD": "CT", "ALAND": 386852, "AWATER": 0, "centroid_lon": -117.14489368207548, "centroid_lat": 32.715154171082254, "B03002_001E": 1996, "B03002_001M": 357, "B03002_012E": 776, "B03002_012M": 236, "B19013_001E": 72774, "B19013_001M": 9243, "B01003_001E": 1996, "state": "06", "county": "073", "tract": "004600", "latino_share": 0.38877755511022044, "camera_count": 4, "arterial_road_m": 7070.7057615567428, "land_area_km2": 0.386852, "pop_density_per_km2": 5159.5959178187013, "arterial_km_per_km2": 18.277547386485644, "log_income": 11.195114027536935, "city": "San Diego" }, "geometry": { "type": "Polygon", "coordinates": [ [ [ -117.147776, 32.71275 ], [ -117.147545, 32.712791 ], [ -117.147548, 32.713684 ], [ -117.147553, 32.715767 ], [ -117.14759, 32.717865 ], [ -117.145852, 32.717871 ], [ -117.144947, 32.71942 ], [ -117.142525, 32.719443 ], [ -117.142488, 32.715796 ], [ -117.142481, 32.714749 ], [ -117.142203, 32.713289 ], [ -117.142405, 32.71309 ], [ -117.142458, 32.711572 ], [ -117.14753, 32.711535 ], [ -117.147772, 32.711533 ], [ -117.147776, 32.71275 ] ] ] } },
{ "type": "Feature", "properties": { "STATEFP": "06", "COUNTYFP": "073", "TRACTCE": "007100", "GEOIDFQ": "1400000US06073007100", "GEOID": "06073007100", "NAME": "71", "NAMELSAD": "Census Tract 71", "STUSPS": "CA", "NAMELSADCO": "San Diego County", "STATE_NAME": "California", "LSAD": "CT", "ALAND": 2862858, "AWATER": 0, "centroid_lon": -117.2389199675162, "centroid_lat": 32.717266661979558, "B03002_001E": 4296, "B03002_001M": 502, "B03002_012E": 300, "B03002_012M": 181, "B19013_001E": 148464, "B19013_001M": 34809, "B01003_001E": 4296, "state": "06", "county": "073", "tract": "007100", "latino_share": 0.069832402234636867, "camera_count": 2, "arterial_road_m": 10181.609888651819, "land_area_km2": 2.862858, "pop_density_per_km2": 1500.5983531142654, "arterial_km_per_km2": 3.5564494951030818, "log_income": 11.908097783592961, "city": "San Diego" }, "geometry": { "type": "Polygon", "coordinates": [ [ [ -117.249415, 32.707777 ], [ -117.243624, 32.729551 ], [ -117.241448, 32.729458 ], [ -117.238504, 32.727277 ], [ -117.236289, 32.72449 ], [ -117.234707, 32.723433 ], [ -117.229847, 32.720281 ], [ -117.227819, 32.721609 ], [ -117.227745, 32.721199 ], [ -117.223235, 32.71849 ], [ -117.222234, 32.718358 ], [ -117.221018, 32.719678 ], [ -117.220226, 32.719179 ], [ -117.220373, 32.718182 ], [ -117.222675, 32.715718 ], [ -117.228144, 32.712087 ], [ -117.231258, 32.709029 ], [ -117.233924, 32.707917 ], [ -117.234706, 32.708983 ], [ -117.232572, 32.709485 ], [ -117.229764, 32.712175 ], [ -117.224529, 32.716119 ], [ -117.224797, 32.718396 ], [ -117.227627, 32.719896 ], [ -117.229311, 32.7178 ], [ -117.230944, 32.71885 ], [ -117.233417, 32.718012 ], [ -117.236146, 32.714416 ], [ -117.233453, 32.714752 ], [ -117.236549, 32.711797 ], [ -117.236991, 32.708056 ], [ -117.237771, 32.70786 ], [ -117.243221, 32.707815 ], [ -117.246255, 32.708022 ], [ -117.249415, 32.707777 ] ] ] } },
{ "type": "Feature", "properties": { "STATEFP": "06", "COUNTYFP": "073", "TRACTCE": "003111", "GEOIDFQ": "1400000US06073003111", "GEOID": "06073003111", "NAME": "31.11", "NAMELSAD": "Census Tract 31.11", "STUSPS": "CA", "NAMELSADCO": "San Diego County", "STATE_NAME": "California", "LSAD": "CT", "ALAND": 1437507, "AWATER": 0, "centroid_lon": -117.07619999834854, "centroid_lat": 32.701826143929935, "B03002_001E": 6211, "B03002_001M": 912, "B03002_012E": 3236, "B03002_012M": 758, "B19013_001E": 46528, "B19013_001M": 24311, "B01003_001E": 6211, "state": "06", "county": "073", "tract": "003111", "latino_share": 0.52101110932217032, "camera_count": 2, "arterial_road_m": 7218.7113088072883, "land_area_km2": 1.437507, "pop_density_per_km2": 4320.6746123671046, "arterial_km_per_km2": 5.0216877613864055, "log_income": 10.747809560893192, "city": "San Diego" }, "geometry": { "type": "Polygon", "coordinates": [ [ [ -117.085001, 32.704539 ], [ -117.084986, 32.709532 ], [ -117.071067, 32.709373 ], [ -117.071068, 32.709094 ], [ -117.073095, 32.708613 ], [ -117.072824, 32.707198 ], [ -117.071744, 32.704963 ], [ -117.069679, 32.702762 ], [ -117.069469, 32.701444 ], [ -117.069549, 32.700886 ], [ -117.070025, 32.699497 ], [ -117.070171, 32.693716 ], [ -117.074812, 32.69241 ], [ -117.076648, 32.691917 ], [ -117.076807, 32.691872 ], [ -117.077831, 32.69159 ], [ -117.078439, 32.69311 ], [ -117.079606, 32.692727 ], [ -117.080774, 32.693118 ], [ -117.080041, 32.694412 ], [ -117.074274, 32.699453 ], [ -117.073337, 32.699778 ], [ -117.073234, 32.701493 ], [ -117.073184, 32.703834 ], [ -117.073585, 32.703987 ], [ -117.085, 32.7041 ], [ -117.085001, 32.704539 ] ] ] } },
{ "type": "Feature", "properties": { "STATEFP": "06", "COUNTYFP": "073", "TRACTCE": "006802", "GEOIDFQ": "1400000US06073006802", "GEOID": "06073006802", "NAME": "68.02", "NAMELSAD": "Census Tract 68.02", "STUSPS": "CA", "NAMELSADCO": "San Diego County", "STATE_NAME": "California", "LSAD": "CT", "ALAND": 1026399, "AWATER": 0, "centroid_lon": -117.2185846857077, "centroid_lat": 32.750134475241872, "B03002_001E": 6017, "B03002_001M": 612, "B03002_012E": 1033, "B03002_012M": 259, "B19013_001E": 89634, "B19013_001M": 13142, "B01003_001E": 6017, "state": "06", "county": "073", "tract": "006802", "latino_share": 0.17168023932192122, "camera_count": 0, "arterial_road_m": 5564.8459259251649, "land_area_km2": 1.026399, "pop_density_per_km2": 5862.2426561210596, "arterial_km_per_km2": 5.421717992637527, "log_income": 11.403489991270373, "city": "San Diego" }, "geometry": { "type": "Polygon", "coordinates": [ [ [ -117.229399, 32.752544 ], [ -117.229315, 32.75255 ], [ -117.226231, 32.752844 ], [ -117.221957, 32.754326 ], [ -117.219464, 32.754799 ], [ -117.215174, 32.75215 ], [ -117.212212, 32.750461 ], [ -117.208282, 32.750376 ], [ -117.206134, 32.749659 ], [ -117.207543, 32.748215 ], [ -117.20922, 32.747156 ], [ -117.210741, 32.746121 ], [ -117.212538, 32.744252 ], [ -117.214529, 32.745463 ], [ -117.213765, 32.746485 ], [ -117.217763, 32.749489 ], [ -117.219684, 32.749336 ], [ -117.222298, 32.751622 ], [ -117.224662, 32.749833 ], [ -117.227117, 32.746891 ], [ -117.227133, 32.746229 ], [ -117.229116, 32.747438 ], [ -117.229379, 32.747522 ], [ -117.229414, 32.74924 ], [ -117.229399, 32.752544 ] ] ] } },
{ "type": "Feature", "properties": { "STATEFP": "06", "COUNTYFP": "073", "TRACTCE": "000500", "GEOIDFQ": "1400000US06073000500", "GEOID": "06073000500", "NAME": "5", "NAMELSAD": "Census Tract 5", "STUSPS": "CA", "NAMELSADCO": "San Diego County", "STATE_NAME": "California", "LSAD": "CT", "ALAND": 1108651, "AWATER": 0, "centroid_lon": -117.15192454541436, "centroid_lat": 32.760548300013859, "B03002_001E": 2828, "B03002_001M": 351, "B03002_012E": 607, "B03002_012M": 220, "B19013_001E": 101875, "B19013_001M": 11689, "B01003_001E": 2828, "state": "06", "county": "073", "tract": "000500", "latino_share": 0.21463932107496464, "camera_count": 0, "arterial_road_m": 2636.1426456625472, "land_area_km2": 1.108651, "pop_density_per_km2": 2550.8478321852413, "arterial_km_per_km2": 2.3777930526942628, "log_income": 11.531501850543163, "city": "San Diego" }, "geometry": { "type": "Polygon", "coordinates": [ [ [ -117.161561, 32.758795 ], [ -117.160343, 32.760839 ], [ -117.157767, 32.762503 ], [ -117.154452, 32.763361 ], [ -117.147368, 32.764927 ], [ -117.143415, 32.766131 ], [ -117.142638, 32.764939 ], [ -117.143804, 32.76247 ], [ -117.146276, 32.762471 ], [ -117.146254, 32.760971 ], [ -117.146261, 32.759093 ], [ -117.146252, 32.757216 ], [ -117.152243, 32.757205 ], [ -117.152167, 32.755537 ], [ -117.152296, 32.755095 ], [ -117.153197, 32.754538 ], [ -117.157215, 32.75745 ], [ -117.16068, 32.758289 ], [ -117.160946, 32.758263 ], [ -117.161561, 32.758795 ] ] ] } },
{ "type": "Feature", "properties": { "STATEFP": "06", "COUNTYFP": "073", "TRACTCE": "002902", "GEOIDFQ": "1400000US06073002902", "GEOID": "06073002902", "NAME": "29.02", "NAMELSAD": "Census Tract 29.02", "STUSPS": "CA", "NAMELSADCO": "San Diego County", "STATE_NAME": "California", "LSAD": "CT", "ALAND": 1570523, "AWATER": 0, "centroid_lon": -117.05900850275559, "centroid_lat": 32.76047644482157, "B03002_001E": 5979, "B03002_001M": 729, "B03002_012E": 1674, "B03002_012M": 424, "B19013_001E": 75729, "B19013_001M": 24525, "B01003_001E": 5979, "state": "06", "county": "073", "tract": "002902", "latino_share": 0.27997992975413949, "camera_count": 0, "arterial_road_m": 6139.8258062050563, "land_area_km2": 1.570523, "pop_density_per_km2": 3807.0120590402053, "arterial_km_per_km2": 3.9094147657850646, "log_income": 11.234916457214135, "city": "San Diego" }, "geometry": { "type": "Polygon", "coordinates": [ [ [ -117.067043, 32.761347 ], [ -117.061336, 32.764494 ], [ -117.060717, 32.764995 ], [ -117.05923, 32.766324 ], [ -117.056651, 32.767234 ], [ -117.054326, 32.768316 ], [ -117.053681, 32.768526 ], [ -117.053864, 32.767522 ], [ -117.051131, 32.767548 ], [ -117.051133, 32.766014 ], [ -117.05116, 32.763249 ], [ -117.053353, 32.763268 ], [ -117.053411, 32.761095 ], [ -117.053453, 32.760912 ], [ -117.053576, 32.760658 ], [ -117.05344, 32.759783 ], [ -117.053424, 32.759672 ], [ -117.053832, 32.758773 ], [ -117.053973, 32.755326 ], [ -117.05601, 32.755335 ], [ -117.058323, 32.754674 ], [ -117.06447, 32.752849 ], [ -117.066269, 32.75682 ], [ -117.066355, 32.757641 ], [ -117.066337, 32.758826 ], [ -117.066907, 32.760379 ], [ -117.067043, 32.761347 ] ] ] } },
{ "type": "Feature", "properties": { "STATEFP": "06", "COUNTYFP": "073", "TRACTCE": "005900", "GEOIDFQ": "1400000US06073005900", "GEOID": "06073005900", "NAME": "59", "NAMELSAD": "Census Tract 59", "STUSPS": "CA", "NAMELSADCO": "San Diego County", "STATE_NAME": "California", "LSAD": "CT", "ALAND": 419239, "AWATER": 0, "centroid_lon": -117.16426638761139, "centroid_lat": 32.729339443290044, "B03002_001E": 3187, "B03002_001M": 377, "B03002_012E": 765, "B03002_012M": 235, "B19013_001E": 87813, "B19013_001M": 24121, "B01003_001E": 3187, "state": "06", "county": "073", "tract": "005900", "latino_share": 0.24003765296517102, "camera_count": 0, "arterial_road_m": 5977.5480393564758, "land_area_km2": 0.419239, "pop_density_per_km2": 7601.8691009185695, "arterial_km_per_km2": 14.258091540520983, "log_income": 11.38296483244417, "city": "San Diego" }, "geometry": { "type": "Polygon", "coordinates": [ [ [ -117.169468, 32.73083 ], [ -117.167785, 32.731329 ], [ -117.16575, 32.731355 ], [ -117.163028, 32.731373 ], [ -117.159399, 32.731394 ], [ -117.159408, 32.727213 ], [ -117.162995, 32.727198 ], [ -117.165726, 32.727186 ], [ -117.167427, 32.727039 ], [ -117.170501, 32.730507 ], [ -117.169468, 32.73083 ] ] ] } },
{ "type": "Feature", "properties": { "STATEFP": "06", "COUNTYFP": "073", "TRACTCE": "003602", "GEOIDFQ": "1400000US06073003602", "GEOID": "06073003602", "NAME": "36.02", "NAMELSAD": "Census Tract 36.02", "STUSPS": "CA", "NAMELSADCO": "San Diego County", "STATE_NAME": "California", "LSAD": "CT", "ALAND": 657402, "AWATER": 0, "centroid_lon": -117.10740882117283, "centroid_lat": 32.692942929789915, "B03002_001E": 3719, "B03002_001M": 788, "B03002_012E": 2812, "B03002_012M": 795, "B19013_001E": 64444, "B19013_001M": 9065, "B01003_001E": 3719, "state": "06", "county": "073", "tract": "003602", "latino_share": 0.75611723581607959, "camera_count": 4, "arterial_road_m": 2939.3837769958068, "land_area_km2": 0.657402, "pop_density_per_km2": 5657.1169543141032, "arterial_km_per_km2": 4.4712121000480778, "log_income": 11.073551908610877, "city": "San Diego" }, "geometry": { "type": "Polygon", "coordinates": [ [ [ -117.112462, 32.696036 ], [ -117.108168, 32.696066 ], [ -117.106026, 32.696084 ], [ -117.10365, 32.696099 ], [ -117.102569, 32.696422 ], [ -117.102415, 32.695953 ], [ -117.102413, 32.691807 ], [ -117.102439, 32.689806 ], [ -117.1081, 32.689786 ], [ -117.112413, 32.689767 ], [ -117.112428, 32.692341 ], [ -117.112462, 32.696036 ] ] ] } },
{ "type": "Feature", "properties": { "STATEFP": "06", "COUNTYFP": "073", "TRACTCE": "010112", "GEOIDFQ": "1400000US06073010112", "GEOID": "06073010112", "NAME": "101.12", "NAMELSAD": "Census Tract 101.12", "STUSPS": "CA", "NAMELSADCO": "San Diego County", "STATE_NAME": "California", "LSAD": "CT", "ALAND": 802041, "AWATER": 0, "centroid_lon": -117.08041997926721, "centroid_lat": 32.568936067821603, "B03002_001E": 5241, "B03002_001M": 881, "B03002_012E": 4101, "B03002_012M": 881, "B19013_001E": 57083, "B19013_001M": 6714, "B01003_001E": 5241, "state": "06", "county": "073", "tract": "010112", "latino_share": 0.78248425872925009, "camera_count": 5, "arterial_road_m": 4915.483103849182, "land_area_km2": 0.802041, "pop_density_per_km2": 6534.5786562033609, "arterial_km_per_km2": 6.1287179880444791, "log_income": 10.952261628023255, "city": "San Diego" }, "geometry": { "type": "Polygon", "coordinates": [ [ [ -117.084121, 32.576477 ], [ -117.082627, 32.576484 ], [ -117.081681, 32.575495 ], [ -117.079579, 32.572739 ], [ -117.076533, 32.568681 ], [ -117.076342, 32.568784 ], [ -117.073869, 32.565731 ], [ -117.073561, 32.565486 ], [ -117.075979, 32.56419 ], [ -117.079122, 32.564414 ], [ -117.080765, 32.564538 ], [ -117.08407, 32.56387 ], [ -117.084068, 32.565477 ], [ -117.084103, 32.569163 ], [ -117.084096, 32.571033 ], [ -117.084121, 32.576477 ] ] ] } },
{ "type": "Feature", "properties": { "STATEFP": "06", "COUNTYFP": "073", "TRACTCE": "017047", "GEOIDFQ": "1400000US06073017047", "GEOID": "06073017047", "NAME": "170.47", "NAMELSAD": "Census Tract 170.47", "STUSPS": "CA", "NAMELSADCO": "San Diego County", "STATE_NAME": "California", "LSAD": "CT", "ALAND": 2128993, "AWATER": 0, "centroid_lon": -117.07668382401242, "centroid_lat": 32.914478721872612, "B03002_001E": 4500, "B03002_001M": 592, "B03002_012E": 331, "B03002_012M": 205, "B19013_001E": 180729, "B19013_001M": 20788, "B01003_001E": 4500, "state": "06", "county": "073", "tract": "017047", "latino_share": 0.073555555555555555, "camera_count": 0, "arterial_road_m": 6185.6848167923754, "land_area_km2": 2.128993, "pop_density_per_km2": 2113.6753385285911, "arterial_km_per_km2": 2.9054509887032864, "log_income": 12.104753950698679, "city": "San Diego" }, "geometry": { "type": "Polygon", "coordinates": [ [ [ -117.088148, 32.913143 ], [ -117.086779, 32.91314 ], [ -117.081598, 32.914853 ], [ -117.079713, 32.916154 ], [ -117.079144, 32.91623 ], [ -117.077766, 32.918657 ], [ -117.076489, 32.919408 ], [ -117.07695, 32.920987 ], [ -117.07621, 32.92313 ], [ -117.073411, 32.92268 ], [ -117.070639, 32.923258 ], [ -117.064647, 32.921728 ], [ -117.062713, 32.921767 ], [ -117.063226, 32.920079 ], [ -117.064053, 32.919223 ], [ -117.067191, 32.917797 ], [ -117.070603, 32.915448 ], [ -117.071105, 32.915042 ], [ -117.075081, 32.908896 ], [ -117.07649, 32.907738 ], [ -117.078804, 32.906446 ], [ -117.084731, 32.904995 ], [ -117.084877, 32.905997 ], [ -117.086067, 32.906513 ], [ -117.08756, 32.908928 ], [ -117.087988, 32.910725 ], [ -117.088888, 32.91217 ], [ -117.088148, 32.913143 ] ] ] } },
{ "type": "Feature", "properties": { "STATEFP": "06", "COUNTYFP": "073", "TRACTCE": "017044", "GEOIDFQ": "1400000US06073017044", "GEOID": "06073017044", "NAME": "170.44", "NAMELSAD": "Census Tract 170.44", "STUSPS": "CA", "NAMELSADCO": "San Diego County", "STATE_NAME": "California", "LSAD": "CT", "ALAND": 2414948, "AWATER": 0, "centroid_lon": -117.08227240871707, "centroid_lat": 32.928257036859513, "B03002_001E": 5584, "B03002_001M": 581, "B03002_012E": 594, "B03002_012M": 196, "B19013_001E": 197917, "B19013_001M": 35755, "B01003_001E": 5584, "state": "06", "county": "073", "tract": "017044", "latino_share": 0.10637535816618911, "camera_count": 0, "arterial_road_m": 6388.0799712656863, "land_area_km2": 2.414948, "pop_density_per_km2": 2312.2651088139373, "arterial_km_per_km2": 2.6452246471831633, "log_income": 12.195603029871986, "city": "San Diego" }, "geometry": { "type": "Polygon", "coordinates": [ [ [ -117.096286, 32.93665 ], [ -117.088952, 32.934878 ], [ -117.085666, 32.934188 ], [ -117.084463, 32.934172 ], [ -117.084081, 32.932816 ], [ -117.082132, 32.930957 ], [ -117.07816, 32.928718 ], [ -117.07583, 32.928043 ], [ -117.071315, 32.927603 ], [ -117.071227, 32.928684 ], [ -117.066655, 32.928557 ], [ -117.066039, 32.928241 ], [ -117.065836, 32.928118 ], [ -117.065602, 32.927914 ], [ -117.065487, 32.927777 ], [ -117.065441, 32.927723 ], [ -117.063795, 32.923528 ], [ -117.062713, 32.921767 ], [ -117.064647, 32.921728 ], [ -117.070639, 32.923258 ], [ -117.073411, 32.92268 ], [ -117.07621, 32.92313 ], [ -117.077141, 32.923356 ], [ -117.078295, 32.923634 ], [ -117.080015, 32.923902 ], [ -117.081668, 32.924083 ], [ -117.083608, 32.924069 ], [ -117.086131, 32.924927 ], [ -117.08927, 32.925185 ], [ -117.090858, 32.925258 ], [ -117.092859, 32.926062 ], [ -117.094041, 32.926686 ], [ -117.095237, 32.927892 ], [ -117.096538, 32.931735 ], [ -117.096286, 32.93665 ] ] ] } },
{ "type": "Feature", "properties": { "STATEFP": "06", "COUNTYFP": "073", "TRACTCE": "017033", "GEOIDFQ": "1400000US06073017033", "GEOID": "06073017033", "NAME": "170.33", "NAMELSAD": "Census Tract 170.33", "STUSPS": "CA", "NAMELSADCO": "San Diego County", "STATE_NAME": "California", "LSAD": "CT", "ALAND": 9222754, "AWATER": 0, "centroid_lon": -117.1152433289314, "centroid_lat": 32.980060479906633, "B03002_001E": 5723, "B03002_001M": 787, "B03002_012E": 822, "B03002_012M": 520, "B19013_001E": 170805, "B19013_001M": 10783, "B01003_001E": 5723, "state": "06", "county": "073", "tract": "017033", "latino_share": 0.14363096278175783, "camera_count": 0, "arterial_road_m": 9791.284726153006, "land_area_km2": 9.222754, "pop_density_per_km2": 620.53048362777542, "arterial_km_per_km2": 1.0616443554878516, "log_income": 12.048277833912815, "city": "San Diego" }, "geometry": { "type": "Polygon", "coordinates": [ [ [ -117.131418, 32.974612 ], [ -117.130969, 32.976374 ], [ -117.13094, 32.982491 ], [ -117.131805, 32.985099 ], [ -117.128993, 32.987088 ], [ -117.125177, 32.991355 ], [ -117.122212, 32.993156 ], [ -117.11989, 32.993786 ], [ -117.116794, 32.995451 ], [ -117.111464, 32.997186 ], [ -117.109337, 32.998793 ], [ -117.099623, 32.99799 ], [ -117.099523, 32.998319 ], [ -117.09735, 32.998306 ], [ -117.101805, 32.996934 ], [ -117.101474, 32.995217 ], [ -117.100163, 32.994667 ], [ -117.098613, 32.98562 ], [ -117.104492, 32.976408 ], [ -117.105078, 32.971353 ], [ -117.10668, 32.967948 ], [ -117.107211, 32.965246 ], [ -117.106972, 32.961535 ], [ -117.1086, 32.960867 ], [ -117.110775, 32.960773 ], [ -117.112586, 32.960851 ], [ -117.11352, 32.960748 ], [ -117.114555, 32.960334 ], [ -117.115493, 32.959429 ], [ -117.11724, 32.960674 ], [ -117.117904, 32.962323 ], [ -117.118751, 32.964559 ], [ -117.119843, 32.965508 ], [ -117.121769, 32.965913 ], [ -117.126652, 32.963281 ], [ -117.12828, 32.96525 ], [ -117.12916, 32.968319 ], [ -117.131852, 32.972622 ], [ -117.131418, 32.974612 ] ] ] } },
{ "type": "Feature", "properties": { "STATEFP": "06", "COUNTYFP": "073", "TRACTCE": "009804", "GEOIDFQ": "1400000US06073009804", "GEOID": "06073009804", "NAME": "98.04", "NAMELSAD": "Census Tract 98.04", "STUSPS": "CA", "NAMELSADCO": "San Diego County", "STATE_NAME": "California", "LSAD": "CT", "ALAND": 1893307, "AWATER": 0, "centroid_lon": -117.01318968736764, "centroid_lat": 32.808618693308496, "B03002_001E": 5792, "B03002_001M": 771, "B03002_012E": 805, "B03002_012M": 227, "B19013_001E": 148026, "B19013_001M": 22630, "B01003_001E": 5792, "state": "06", "county": "073", "tract": "009804", "latino_share": 0.13898480662983426, "camera_count": 0, "arterial_road_m": 9359.7892706259154, "land_area_km2": 1.893307, "pop_density_per_km2": 3059.1974782747857, "arterial_km_per_km2": 4.9436194291923679, "log_income": 11.905143212992764, "city": "San Diego" }, "geometry": { "type": "Polygon", "coordinates": [ [ [ -117.025004, 32.804498 ], [ -117.020715, 32.808862 ], [ -117.016412, 32.81325 ], [ -117.015168, 32.815069 ], [ -117.013644, 32.816229 ], [ -117.013638, 32.817974 ], [ -117.01263, 32.817339 ], [ -117.00997, 32.815625 ], [ -117.006351, 32.813284 ], [ -117.005948, 32.812943 ], [ -117.004075, 32.811771 ], [ -117.005418, 32.809008 ], [ -117.005705, 32.80261 ], [ -117.00601, 32.802671 ], [ -117.010198, 32.803018 ], [ -117.017719, 32.803414 ], [ -117.021266, 32.803551 ], [ -117.025371, 32.80319 ], [ -117.025004, 32.804498 ] ] ] } },
{ "type": "Feature", "properties": { "STATEFP": "06", "COUNTYFP": "073", "TRACTCE": "009705", "GEOIDFQ": "1400000US06073009705", "GEOID": "06073009705", "NAME": "97.05", "NAMELSAD": "Census Tract 97.05", "STUSPS": "CA", "NAMELSADCO": "San Diego County", "STATE_NAME": "California", "LSAD": "CT", "ALAND": 2414773, "AWATER": 0, "centroid_lon": -117.07338624859365, "centroid_lat": 32.78504082878181, "B03002_001E": 3700, "B03002_001M": 230, "B03002_012E": 650, "B03002_012M": 143, "B19013_001E": 136742, "B19013_001M": 23566, "B01003_001E": 3700, "state": "06", "county": "073", "tract": "009705", "latino_share": 0.17567567567567569, "camera_count": 0, "arterial_road_m": 12191.9033375982, "land_area_km2": 2.414773, "pop_density_per_km2": 1532.23512106521, "arterial_km_per_km2": 5.0488817531081391, "log_income": 11.825851217658906, "city": "San Diego" }, "geometry": { "type": "Polygon", "coordinates": [ [ [ -117.087078, 32.782563 ], [ -117.086869, 32.782903 ], [ -117.085611, 32.784701 ], [ -117.082305, 32.786176 ], [ -117.072978, 32.792439 ], [ -117.071679, 32.792961 ], [ -117.067763, 32.793684 ], [ -117.066753, 32.792498 ], [ -117.065992, 32.79126 ], [ -117.065178, 32.788697 ], [ -117.064844, 32.788025 ], [ -117.064023, 32.786928 ], [ -117.062842, 32.785474 ], [ -117.062802, 32.785422 ], [ -117.061961, 32.784 ], [ -117.062509, 32.782367 ], [ -117.06631, 32.779465 ], [ -117.066422, 32.779288 ], [ -117.073328, 32.779165 ], [ -117.076285, 32.779344 ], [ -117.08551, 32.780579 ], [ -117.087933, 32.780609 ], [ -117.087078, 32.782563 ] ] ] } },
{ "type": "Feature", "properties": { "STATEFP": "06", "COUNTYFP": "073", "TRACTCE": "009502", "GEOIDFQ": "1400000US06073009502", "GEOID": "06073009502", "NAME": "95.02", "NAMELSAD": "Census Tract 95.02", "STUSPS": "CA", "NAMELSADCO": "San Diego County", "STATE_NAME": "California", "LSAD": "CT", "ALAND": 3374831, "AWATER": 0, "centroid_lon": -117.11021487100284, "centroid_lat": 32.833479515080683, "B03002_001E": 4133, "B03002_001M": 529, "B03002_012E": 647, "B03002_012M": 217, "B19013_001E": 137218, "B19013_001M": 17482, "B01003_001E": 4133, "state": "06", "county": "073", "tract": "009502", "latino_share": 0.15654488265182676, "camera_count": 0, "arterial_road_m": 16580.863373420063, "land_area_km2": 3.374831, "pop_density_per_km2": 1224.6539160034977, "arterial_km_per_km2": 4.9130944255934779, "log_income": 11.829326181003843, "city": "San Diego" }, "geometry": { "type": "Polygon", "coordinates": [ [ [ -117.120926, 32.841647 ], [ -117.113805, 32.841774 ], [ -117.097253, 32.841137 ], [ -117.097461, 32.839957 ], [ -117.098037, 32.838706 ], [ -117.10114, 32.833686 ], [ -117.102682, 32.831226 ], [ -117.103392, 32.829283 ], [ -117.103859, 32.82751 ], [ -117.104093, 32.823323 ], [ -117.1122, 32.823209 ], [ -117.116752, 32.822878 ], [ -117.119004, 32.83294 ], [ -117.121163, 32.838908 ], [ -117.120926, 32.841647 ] ] ] } },
{ "type": "Feature", "properties": { "STATEFP": "06", "COUNTYFP": "073", "TRACTCE": "008356", "GEOIDFQ": "1400000US06073008356", "GEOID": "06073008356", "NAME": "83.56", "NAMELSAD": "Census Tract 83.56", "STUSPS": "CA", "NAMELSADCO": "San Diego County", "STATE_NAME": "California", "LSAD": "CT", "ALAND": 605825, "AWATER": 0, "centroid_lon": -117.13978963157119, "centroid_lat": 32.920958444337295, "B03002_001E": 3950, "B03002_001M": 617, "B03002_012E": 373, "B03002_012M": 298, "B19013_001E": 121548, "B19013_001M": 12435, "B01003_001E": 3950, "state": "06", "county": "073", "tract": "008356", "latino_share": 0.094430379746835449, "camera_count": 0, "arterial_road_m": 2677.7524009866293, "land_area_km2": 0.605825, "pop_density_per_km2": 6520.0346634754269, "arterial_km_per_km2": 4.4200097404145247, "log_income": 11.708064525474798, "city": "San Diego" }, "geometry": { "type": "Polygon", "coordinates": [ [ [ -117.144006, 32.925029 ], [ -117.142559, 32.92505 ], [ -117.141267, 32.924615 ], [ -117.140377, 32.924167 ], [ -117.135664, 32.924199 ], [ -117.135659, 32.921409 ], [ -117.13566, 32.920595 ], [ -117.135692, 32.918575 ], [ -117.135665, 32.9165 ], [ -117.140206, 32.917814 ], [ -117.143939, 32.917831 ], [ -117.143962, 32.920406 ], [ -117.144006, 32.925029 ] ] ] } },
{ "type": "Feature", "properties": { "STATEFP": "06", "COUNTYFP": "073", "TRACTCE": "008352", "GEOIDFQ": "1400000US06073008352", "GEOID": "06073008352", "NAME": "83.52", "NAMELSAD": "Census Tract 83.52", "STUSPS": "CA", "NAMELSADCO": "San Diego County", "STATE_NAME": "California", "LSAD": "CT", "ALAND": 696002, "AWATER": 0, "centroid_lon": -117.13813908904505, "centroid_lat": 32.927207458087807, "B03002_001E": 4119, "B03002_001M": 1259, "B03002_012E": 1040, "B03002_012M": 1167, "B19013_001E": 133869, "B19013_001M": 17270, "B01003_001E": 4119, "state": "06", "county": "073", "tract": "008352", "latino_share": 0.25248846807477543, "camera_count": 1, "arterial_road_m": 1976.7599835123608, "land_area_km2": 0.696002, "pop_density_per_km2": 5918.0864422803379, "arterial_km_per_km2": 2.8401642287125046, "log_income": 11.804616988818525, "city": "San Diego" }, "geometry": { "type": "Polygon", "coordinates": [ [ [ -117.144078, 32.930575 ], [ -117.142408, 32.930452 ], [ -117.140904, 32.930282 ], [ -117.138291, 32.929946 ], [ -117.135621, 32.929932 ], [ -117.133933, 32.92995 ], [ -117.131709, 32.92764 ], [ -117.131791, 32.92501 ], [ -117.1337, 32.924283 ], [ -117.135664, 32.924199 ], [ -117.140377, 32.924167 ], [ -117.141267, 32.924615 ], [ -117.142559, 32.92505 ], [ -117.144006, 32.925029 ], [ -117.144078, 32.930575 ] ] ] } },
{ "type": "Feature", "properties": { "STATEFP": "06", "COUNTYFP": "073", "TRACTCE": "008347", "GEOIDFQ": "1400000US06073008347", "GEOID": "06073008347", "NAME": "83.47", "NAMELSAD": "Census Tract 83.47", "STUSPS": "CA", "NAMELSADCO": "San Diego County", "STATE_NAME": "California", "LSAD": "CT", "ALAND": 2266987, "AWATER": 0, "centroid_lon": -117.15784966024044, "centroid_lat": 32.923464773101713, "B03002_001E": 6704, "B03002_001M": 728, "B03002_012E": 485, "B03002_012M": 231, "B19013_001E": 145714, "B19013_001M": 24569, "B01003_001E": 6704, "state": "06", "county": "073", "tract": "008347", "latino_share": 0.072344868735083528, "camera_count": 0, "arterial_road_m": 6111.2296095357106, "land_area_km2": 2.266987, "pop_density_per_km2": 2957.2291327652079, "arterial_km_per_km2": 2.6957497372220094, "log_income": 11.889401075418904, "city": "San Diego" }, "geometry": { "type": "Polygon", "coordinates": [ [ [ -117.178288, 32.91801 ], [ -117.177858, 32.918767 ], [ -117.174366, 32.918209 ], [ -117.172429, 32.918694 ], [ -117.168593, 32.921327 ], [ -117.167275, 32.923341 ], [ -117.166629, 32.924366 ], [ -117.162599, 32.927539 ], [ -117.160411, 32.928073 ], [ -117.158635, 32.928069 ], [ -117.155278, 32.927223 ], [ -117.153645, 32.927782 ], [ -117.149464, 32.931374 ], [ -117.145454, 32.93178 ], [ -117.144505, 32.932096 ], [ -117.144078, 32.930575 ], [ -117.144006, 32.925029 ], [ -117.146313, 32.924854 ], [ -117.147974, 32.924003 ], [ -117.147655, 32.919561 ], [ -117.149529, 32.919517 ], [ -117.149464, 32.917687 ], [ -117.149948, 32.917662 ], [ -117.152263, 32.917309 ], [ -117.152842, 32.918718 ], [ -117.154008, 32.922139 ], [ -117.155141, 32.922456 ], [ -117.159557, 32.92153 ], [ -117.161603, 32.920076 ], [ -117.164511, 32.919945 ], [ -117.167481, 32.918418 ], [ -117.170112, 32.917482 ], [ -117.171136, 32.915943 ], [ -117.174655, 32.914121 ], [ -117.177901, 32.915697 ], [ -117.178288, 32.91801 ] ] ] } },
{ "type": "Feature", "properties": { "STATEFP": "06", "COUNTYFP": "073", "TRACTCE": "008312", "GEOIDFQ": "1400000US06073008312", "GEOID": "06073008312", "NAME": "83.12", "NAMELSAD": "Census Tract 83.12", "STUSPS": "CA", "NAMELSADCO": "San Diego County", "STATE_NAME": "California", "LSAD": "CT", "ALAND": 8620727, "AWATER": 3182807, "centroid_lon": -117.25004219550638, "centroid_lat": 32.886982764657944, "B03002_001E": 3841, "B03002_001M": 620, "B03002_012E": 558, "B03002_012M": 336, "B19013_001E": 140463, "B19013_001M": 27123, "B01003_001E": 3841, "state": "06", "county": "073", "tract": "008312", "latino_share": 0.14527466805519396, "camera_count": 2, "arterial_road_m": 22286.722717202116, "land_area_km2": 8.620727, "pop_density_per_km2": 445.55406985976936, "arterial_km_per_km2": 2.5852486358983549, "log_income": 11.852699387878774, "city": "San Diego" }, "geometry": { "type": "Polygon", "coordinates": [ [ [ -117.266300783797007, 32.848631342883102 ], [ -117.264486, 32.848726 ], [ -117.26067, 32.852647 ], [ -117.25617, 32.859447 ], [ -117.254910340281995, 32.863617593364602 ], [ -117.25167, 32.874346 ], [ -117.251314, 32.87857 ], [ -117.252762, 32.884412 ], [ -117.253679, 32.903835 ], [ -117.25865, 32.916031 ], [ -117.259390881303005, 32.921593243849898 ], [ -117.260276503141, 32.928242142402503 ], [ -117.258189, 32.927273 ], [ -117.254656, 32.924586 ], [ -117.250331, 32.922144 ], [ -117.249189, 32.920444 ], [ -117.248325, 32.917519 ], [ -117.245081, 32.913055 ], [ -117.240843, 32.892979 ], [ -117.2403, 32.89185 ], [ -117.241986, 32.890636 ], [ -117.243654, 32.887696 ], [ -117.243889, 32.877961 ], [ -117.243651, 32.875608 ], [ -117.243576, 32.871563 ], [ -117.242268, 32.870202 ], [ -117.243151, 32.866267 ], [ -117.243332, 32.861127 ], [ -117.246401, 32.859691 ], [ -117.245341, 32.853073 ], [ -117.24586, 32.852027 ], [ -117.250811, 32.850503 ], [ -117.252764, 32.850421 ], [ -117.254357, 32.85048 ], [ -117.255751, 32.850183 ], [ -117.261556, 32.849501 ], [ -117.26553, 32.847992 ], [ -117.266300783797007, 32.848631342883102 ] ] ] } },
{ "type": "Feature", "properties": { "STATEFP": "06", "COUNTYFP": "073", "TRACTCE": "008305", "GEOIDFQ": "1400000US06073008305", "GEOID": "06073008305", "NAME": "83.05", "NAMELSAD": "Census Tract 83.05", "STUSPS": "CA", "NAMELSADCO": "San Diego County", "STATE_NAME": "California", "LSAD": "CT", "ALAND": 4457773, "AWATER": 0, "centroid_lon": -117.23178518326355, "centroid_lat": 32.879768351756894, "B03002_001E": 7705, "B03002_001M": 400, "B03002_012E": 2133, "B03002_012M": 316, "B19013_001E": 41776, "B19013_001M": 9023, "B01003_001E": 7705, "state": "06", "county": "073", "tract": "008305", "latino_share": 0.27683322517845554, "camera_count": 12, "arterial_road_m": 28136.464477935755, "land_area_km2": 4.457773, "pop_density_per_km2": 1728.4415334742257, "arterial_km_per_km2": 6.3117759648003053, "log_income": 10.64007729093891, "city": "San Diego" }, "geometry": { "type": "Polygon", "coordinates": [ [ [ -117.243654, 32.887696 ], [ -117.241986, 32.890636 ], [ -117.2403, 32.89185 ], [ -117.239042, 32.89099 ], [ -117.235498, 32.890173 ], [ -117.231837, 32.88835 ], [ -117.227926, 32.887123 ], [ -117.224438, 32.886519 ], [ -117.223206, 32.885801 ], [ -117.220179, 32.882061 ], [ -117.214939, 32.879247 ], [ -117.214032, 32.877577 ], [ -117.218363, 32.876867 ], [ -117.218268, 32.875057 ], [ -117.218313, 32.872605 ], [ -117.218323, 32.871469 ], [ -117.221158, 32.870321 ], [ -117.222664, 32.870485 ], [ -117.227123, 32.872307 ], [ -117.229043, 32.872135 ], [ -117.229345, 32.872071 ], [ -117.231331, 32.871713 ], [ -117.237889, 32.871801 ], [ -117.238895, 32.871493 ], [ -117.240887, 32.870221 ], [ -117.242268, 32.870202 ], [ -117.243576, 32.871563 ], [ -117.243651, 32.875608 ], [ -117.243889, 32.877961 ], [ -117.243654, 32.887696 ] ] ] } },
{ "type": "Feature", "properties": { "STATEFP": "06", "COUNTYFP": "073", "TRACTCE": "008102", "GEOIDFQ": "1400000US06073008102", "GEOID": "06073008102", "NAME": "81.02", "NAMELSAD": "Census Tract 81.02", "STUSPS": "CA", "NAMELSADCO": "San Diego County", "STATE_NAME": "California", "LSAD": "CT", "ALAND": 1373398, "AWATER": 530975, "centroid_lon": -117.27152303135271, "centroid_lat": 32.819106523303404, "B03002_001E": 3367, "B03002_001M": 545, "B03002_012E": 310, "B03002_012M": 144, "B19013_001E": 188545, "B19013_001M": 20128, "B01003_001E": 3367, "state": "06", "county": "073", "tract": "008102", "latino_share": 0.092070092070092063, "camera_count": 0, "arterial_road_m": 6798.4165776853552, "land_area_km2": 1.373398, "pop_density_per_km2": 2451.5835904814194, "arterial_km_per_km2": 4.9500702474339962, "log_income": 12.147091984169947, "city": "San Diego" }, "geometry": { "type": "Polygon", "coordinates": [ [ [ -117.279679, 32.825907 ], [ -117.279798034877004, 32.826281387370798 ], [ -117.276891, 32.82683 ], [ -117.273515, 32.827445 ], [ -117.273514, 32.825686 ], [ -117.271659, 32.822753 ], [ -117.269147, 32.822354 ], [ -117.268371, 32.821373 ], [ -117.265381, 32.816749 ], [ -117.263191, 32.815119 ], [ -117.260292, 32.812664 ], [ -117.260346, 32.812515 ], [ -117.266706, 32.811143 ], [ -117.268761, 32.812925 ], [ -117.26949, 32.813789 ], [ -117.271627231167997, 32.813339324614901 ], [ -117.271707145839002, 32.813428905389898 ], [ -117.272354, 32.814154 ], [ -117.27317, 32.814237 ], [ -117.273602, 32.815737 ], [ -117.272871, 32.816775 ], [ -117.273757, 32.818127 ], [ -117.274651, 32.818688 ], [ -117.276003, 32.818682 ], [ -117.280576, 32.821945 ], [ -117.279679, 32.825907 ] ] ] } },
{ "type": "Feature", "properties": { "STATEFP": "06", "COUNTYFP": "073", "TRACTCE": "002712", "GEOIDFQ": "1400000US06073002712", "GEOID": "06073002712", "NAME": "27.12", "NAMELSAD": "Census Tract 27.12", "STUSPS": "CA", "NAMELSADCO": "San Diego County", "STATE_NAME": "California", "LSAD": "CT", "ALAND": 2194507, "AWATER": 0, "centroid_lon": -117.07320843279103, "centroid_lat": 32.729782412471948, "B03002_001E": 5566, "B03002_001M": 892, "B03002_012E": 2674, "B03002_012M": 778, "B19013_001E": 54083, "B19013_001M": 15947, "B01003_001E": 5566, "state": "06", "county": "073", "tract": "002712", "latino_share": 0.48041681638519584, "camera_count": 5, "arterial_road_m": 10306.020129445289, "land_area_km2": 2.194507, "pop_density_per_km2": 2536.3327617546902, "arterial_km_per_km2": 4.6962803624892917, "log_income": 10.898275182551036, "city": "San Diego" }, "geometry": { "type": "Polygon", "coordinates": [ [ [ -117.084945, 32.723666 ], [ -117.08306, 32.725875 ], [ -117.080056, 32.729179 ], [ -117.079846, 32.729554 ], [ -117.079645, 32.735774 ], [ -117.077388, 32.735734 ], [ -117.076606, 32.735782 ], [ -117.075211, 32.736295 ], [ -117.072881, 32.736174 ], [ -117.069306, 32.735006 ], [ -117.062381, 32.735441 ], [ -117.060371, 32.736226 ], [ -117.058047, 32.738003 ], [ -117.057068, 32.737375 ], [ -117.056101, 32.737255 ], [ -117.054329, 32.738717 ], [ -117.058091, 32.734621 ], [ -117.058685, 32.734015 ], [ -117.06079, 32.732255 ], [ -117.063705, 32.730226 ], [ -117.065746, 32.729359 ], [ -117.070875, 32.72751 ], [ -117.071445, 32.727215 ], [ -117.07204, 32.726881 ], [ -117.074504, 32.725056 ], [ -117.076261, 32.723769 ], [ -117.082246, 32.719213 ], [ -117.08493, 32.718046 ], [ -117.084917, 32.721418 ], [ -117.084945, 32.723666 ] ] ] } },
{ "type": "Feature", "properties": { "STATEFP": "06", "COUNTYFP": "073", "TRACTCE": "007702", "GEOIDFQ": "1400000US06073007702", "GEOID": "06073007702", "NAME": "77.02", "NAMELSAD": "Census Tract 77.02", "STUSPS": "CA", "NAMELSADCO": "San Diego County", "STATE_NAME": "California", "LSAD": "CT", "ALAND": 618401, "AWATER": 0, "centroid_lon": -117.23508954392354, "centroid_lat": 32.789921085066631, "B03002_001E": 3188, "B03002_001M": 509, "B03002_012E": 244, "B03002_012M": 152, "B19013_001E": 109414, "B19013_001M": 57870, "B01003_001E": 3188, "state": "06", "county": "073", "tract": "007702", "latino_share": 0.076537013801756593, "camera_count": 0, "arterial_road_m": 2365.5151568523215, "land_area_km2": 0.618401, "pop_density_per_km2": 5155.230990894258, "arterial_km_per_km2": 3.8252123732858156, "log_income": 11.602894131532002, "city": "San Diego" }, "geometry": { "type": "Polygon", "coordinates": [ [ [ -117.239095, 32.793958 ], [ -117.237274, 32.794349 ], [ -117.237199, 32.794372 ], [ -117.235423, 32.794749 ], [ -117.234617, 32.795151 ], [ -117.230868, 32.795986 ], [ -117.23072, 32.793759 ], [ -117.23307, 32.790032 ], [ -117.233404, 32.789612 ], [ -117.234554, 32.78844 ], [ -117.233986, 32.784652 ], [ -117.234975, 32.780841 ], [ -117.236298, 32.779873 ], [ -117.236736, 32.782071 ], [ -117.236315, 32.784809 ], [ -117.237491, 32.788752 ], [ -117.238611, 32.792335 ], [ -117.239095, 32.793958 ] ] ] } },
{ "type": "Feature", "properties": { "STATEFP": "06", "COUNTYFP": "073", "TRACTCE": "009305", "GEOIDFQ": "1400000US06073009305", "GEOID": "06073009305", "NAME": "93.05", "NAMELSAD": "Census Tract 93.05", "STUSPS": "CA", "NAMELSADCO": "San Diego County", "STATE_NAME": "California", "LSAD": "CT", "ALAND": 1570752, "AWATER": 0, "centroid_lon": -117.12792480540942, "centroid_lat": 32.791000005955496, "B03002_001E": 5262, "B03002_001M": 768, "B03002_012E": 823, "B03002_012M": 250, "B19013_001E": 128674, "B19013_001M": 8738, "B01003_001E": 5262, "state": "06", "county": "073", "tract": "009305", "latino_share": 0.1564044089699734, "camera_count": 0, "arterial_road_m": 4208.3615509646916, "land_area_km2": 1.570752, "pop_density_per_km2": 3349.9877765554334, "arterial_km_per_km2": 2.679201777852068, "log_income": 11.765037352973367, "city": "San Diego" }, "geometry": { "type": "Polygon", "coordinates": [ [ [ -117.133497, 32.785797 ], [ -117.133037, 32.786092 ], [ -117.133115, 32.786621 ], [ -117.133225, 32.788078 ], [ -117.131869, 32.791146 ], [ -117.131969, 32.79808 ], [ -117.132329, 32.798819 ], [ -117.12894, 32.80185 ], [ -117.127935, 32.801269 ], [ -117.127264, 32.800163 ], [ -117.124225, 32.794707 ], [ -117.12275, 32.792601 ], [ -117.120734, 32.789472 ], [ -117.120202, 32.786721 ], [ -117.121374, 32.786381 ], [ -117.12473, 32.785877 ], [ -117.126544, 32.785009 ], [ -117.127845, 32.784089 ], [ -117.131526, 32.78123 ], [ -117.133163, 32.783097 ], [ -117.133497, 32.785797 ] ] ] } },
{ "type": "Feature", "properties": { "STATEFP": "06", "COUNTYFP": "073", "TRACTCE": "017052", "GEOIDFQ": "1400000US06073017052", "GEOID": "06073017052", "NAME": "170.52", "NAMELSAD": "Census Tract 170.52", "STUSPS": "CA", "NAMELSADCO": "San Diego County", "STATE_NAME": "California", "LSAD": "CT", "ALAND": 2197847, "AWATER": 0, "centroid_lon": -117.07500184339588, "centroid_lat": 33.00102443442703, "B03002_001E": 4921, "B03002_001M": 656, "B03002_012E": 491, "B03002_012M": 239, "B19013_001E": 126588, "B19013_001M": 28614, "B01003_001E": 4921, "state": "06", "county": "073", "tract": "017052", "latino_share": 0.099776468197520826, "camera_count": 1, "arterial_road_m": 15876.556992737142, "land_area_km2": 2.197847, "pop_density_per_km2": 2239.0093577942416, "arterial_km_per_km2": 7.2236861768526843, "log_income": 11.748692997469808, "city": "San Diego" }, "geometry": { "type": "Polygon", "coordinates": [ [ [ -117.080971, 33.005472 ], [ -117.080187, 33.012183 ], [ -117.077853, 33.013482 ], [ -117.076728, 33.015213 ], [ -117.075845, 33.014691 ], [ -117.075819, 33.012716 ], [ -117.077231, 33.010395 ], [ -117.075775, 33.007546 ], [ -117.067075, 33.003113 ], [ -117.065472, 33.001727 ], [ -117.06642, 33.00071 ], [ -117.066702, 32.999974 ], [ -117.068372, 32.993854 ], [ -117.068701, 32.993284 ], [ -117.069973, 32.992111 ], [ -117.072136, 32.990876 ], [ -117.083448, 32.997941 ], [ -117.080971, 33.005472 ] ] ] } },
{ "type": "Feature", "properties": { "STATEFP": "06", "COUNTYFP": "073", "TRACTCE": "020710", "GEOIDFQ": "1400000US06073020710", "GEOID": "06073020710", "NAME": "207.10", "NAMELSAD": "Census Tract 207.10", "STUSPS": "CA", "NAMELSADCO": "San Diego County", "STATE_NAME": "California", "LSAD": "CT", "ALAND": 24616986, "AWATER": 984556, "centroid_lon": -117.01369525818464, "centroid_lat": 33.074517599457188, "B03002_001E": 1763, "B03002_001M": 206, "B03002_012E": 402, "B03002_012M": 231, "B19013_001E": 152656, "B19013_001M": 12029, "B01003_001E": 1763, "state": "06", "county": "073", "tract": "020710", "latino_share": 0.2280204197390811, "camera_count": 2, "arterial_road_m": 30422.157453427219, "land_area_km2": 24.616986, "pop_density_per_km2": 71.617215852501189, "arterial_km_per_km2": 1.2358197487469513, "log_income": 11.935942302991627, "city": "San Diego" }, "geometry": { "type": "Polygon", "coordinates": [ [ [ -117.070846, 33.057425 ], [ -117.070151, 33.058914 ], [ -117.069961, 33.059494 ], [ -117.069203, 33.062164 ], [ -117.069031, 33.065418 ], [ -117.06955, 33.06928 ], [ -117.064106, 33.067874 ], [ -117.062155, 33.068197 ], [ -117.061145, 33.068832 ], [ -117.058776, 33.073995 ], [ -117.052265, 33.073256 ], [ -117.046051, 33.071508 ], [ -117.042905, 33.071987 ], [ -117.037816, 33.074218 ], [ -117.035924, 33.075639 ], [ -117.034676, 33.077265 ], [ -117.031672, 33.083492 ], [ -117.029576, 33.085465 ], [ -117.028238, 33.085633 ], [ -117.027004, 33.085641 ], [ -117.026667, 33.085726 ], [ -117.025667, 33.086292 ], [ -117.02527, 33.086413 ], [ -117.024517, 33.086445 ], [ -117.023866, 33.086613 ], [ -117.022794, 33.087422 ], [ -117.022112, 33.087987 ], [ -117.021603, 33.08854 ], [ -117.020634, 33.089848 ], [ -117.020446, 33.090365 ], [ -117.020592, 33.09237 ], [ -117.02103, 33.097521 ], [ -117.018279, 33.098833 ], [ -117.015458, 33.098865 ], [ -117.013602, 33.098062 ], [ -117.011871, 33.096382 ], [ -117.006101, 33.0955 ], [ -116.995145, 33.091735 ], [ -116.994049, 33.091213 ], [ -116.992552, 33.090087 ], [ -116.990983, 33.086483 ], [ -116.989623, 33.085856 ], [ -116.988231, 33.086052 ], [ -116.982523, 33.088374 ], [ -116.980487, 33.088702 ], [ -116.972247, 33.090993 ], [ -116.969127, 33.091561 ], [ -116.963799, 33.0933 ], [ -116.962213, 33.094309 ], [ -116.961579, 33.094588 ], [ -116.960385, 33.094783 ], [ -116.957689, 33.094657 ], [ -116.956702, 33.094349 ], [ -116.955953, 33.093704 ], [ -116.953656, 33.091248 ], [ -116.950681, 33.090579 ], [ -116.947984, 33.090594 ], [ -116.947982, 33.087774 ], [ -116.950636, 33.087754 ], [ -116.954931, 33.087625 ], [ -116.954895, 33.086097 ], [ -116.955895, 33.085371 ], [ -116.96037, 33.084792 ], [ -116.962838, 33.083896 ], [ -116.969919, 33.082259 ], [ -116.973548, 33.078522 ], [ -116.974294, 33.075882 ], [ -116.97473, 33.075156 ], [ -116.977721, 33.073694 ], [ -116.974084, 33.069565 ], [ -116.972627, 33.067227 ], [ -116.97239, 33.064961 ], [ -116.971619, 33.064378 ], [ -116.970963, 33.062738 ], [ -116.971175, 33.056733 ], [ -116.973467, 33.058744 ], [ -116.977538, 33.061408 ], [ -116.978484, 33.062312 ], [ -116.980186, 33.06264 ], [ -116.982208, 33.064018 ], [ -116.982365, 33.065395 ], [ -116.983948, 33.067035 ], [ -116.993293, 33.067195 ], [ -116.996933, 33.068214 ], [ -116.999659, 33.067318 ], [ -117.000452, 33.066232 ], [ -117.012147, 33.066353 ], [ -117.014054, 33.066375 ], [ -117.014708, 33.065559 ], [ -117.018623, 33.064703 ], [ -117.020947, 33.062847 ], [ -117.023167, 33.0626 ], [ -117.027159, 33.063352 ], [ -117.027461, 33.06241 ], [ -117.02999, 33.061892 ], [ -117.030099, 33.06061 ], [ -117.030742, 33.058077 ], [ -117.034239, 33.05663 ], [ -117.034574, 33.056586 ], [ -117.034761, 33.056538 ], [ -117.035065, 33.056408 ], [ -117.03525, 33.05626 ], [ -117.035531, 33.055902 ], [ -117.037722, 33.05388 ], [ -117.039741, 33.052592 ], [ -117.043036, 33.052308 ], [ -117.045626, 33.051226 ], [ -117.047855, 33.051576 ], [ -117.051454, 33.051445 ], [ -117.056607, 33.052744 ], [ -117.058068, 33.053415 ], [ -117.061129, 33.053909 ], [ -117.064077, 33.053859 ], [ -117.067129, 33.052909 ], [ -117.070683, 33.055631 ], [ -117.071694, 33.055927 ], [ -117.070846, 33.057425 ] ] ] } },
{ "type": "Feature", "properties": { "STATEFP": "06", "COUNTYFP": "073", "TRACTCE": "007601", "GEOIDFQ": "1400000US06073007601", "GEOID": "06073007601", "NAME": "76.01", "NAMELSAD": "Census Tract 76.01", "STUSPS": "CA", "NAMELSADCO": "San Diego County", "STATE_NAME": "California", "LSAD": "CT", "ALAND": 7619977, "AWATER": 10779131, "centroid_lon": -117.22844859357001, "centroid_lat": 32.776237731823223, "B03002_001E": 1750, "B03002_001M": 357, "B03002_012E": 46, "B03002_012M": 39, "B19013_001E": 93785, "B19013_001M": 17369, "B01003_001E": 1750, "state": "06", "county": "073", "tract": "007601", "latino_share": 0.026285714285714287, "camera_count": 7, "arterial_road_m": 43071.014163442873, "land_area_km2": 7.619977, "pop_density_per_km2": 229.65948584884183, "arterial_km_per_km2": 5.6523811244368423, "log_income": 11.448760207494441, "city": "San Diego" }, "geometry": { "type": "Polygon", "coordinates": [ [ [ -117.255448575702999, 32.790585154465099 ], [ -117.248245, 32.792156 ], [ -117.248083, 32.791339 ], [ -117.243235, 32.790695 ], [ -117.241717, 32.789551 ], [ -117.239694, 32.786148 ], [ -117.23949, 32.783829 ], [ -117.238753, 32.781368 ], [ -117.237677, 32.780142 ], [ -117.236298, 32.779873 ], [ -117.234975, 32.780841 ], [ -117.233986, 32.784652 ], [ -117.234554, 32.78844 ], [ -117.233404, 32.789612 ], [ -117.23307, 32.790032 ], [ -117.23072, 32.793759 ], [ -117.230868, 32.795986 ], [ -117.229956, 32.796197 ], [ -117.225006, 32.797341 ], [ -117.221295, 32.798064 ], [ -117.222226, 32.801811 ], [ -117.217686, 32.802369 ], [ -117.215642, 32.801904 ], [ -117.211147, 32.798332 ], [ -117.209418, 32.796386 ], [ -117.208047, 32.793756 ], [ -117.207216, 32.790612 ], [ -117.207123, 32.788536 ], [ -117.207622, 32.785189 ], [ -117.208375, 32.780916 ], [ -117.208721, 32.777876 ], [ -117.204788, 32.762111 ], [ -117.204222, 32.759931 ], [ -117.212055, 32.759349 ], [ -117.224222, 32.75771 ], [ -117.229152, 32.757114 ], [ -117.235062, 32.756404 ], [ -117.245484, 32.755148 ], [ -117.248554, 32.755009 ], [ -117.252412406152999, 32.754178202886301 ], [ -117.253014538895997, 32.759112828952297 ], [ -117.246678, 32.759866 ], [ -117.245273, 32.760955 ], [ -117.247427, 32.760553 ], [ -117.24912, 32.762146 ], [ -117.249779, 32.764984 ], [ -117.248788, 32.76789 ], [ -117.249327, 32.769565 ], [ -117.247661, 32.769923 ], [ -117.245753, 32.768351 ], [ -117.246747, 32.765821 ], [ -117.246544, 32.763715 ], [ -117.2456, 32.764018 ], [ -117.245393, 32.765591 ], [ -117.243398, 32.768676 ], [ -117.247817, 32.771694 ], [ -117.249638, 32.772046 ], [ -117.249647, 32.773167 ], [ -117.250912, 32.77522 ], [ -117.253108, 32.775139 ], [ -117.25257, 32.76764 ], [ -117.253277274108001, 32.767575444454998 ], [ -117.253303016722995, 32.771017127684999 ], [ -117.253375, 32.780641 ], [ -117.253627442937002, 32.781851629326901 ], [ -117.254140680556006, 32.7843129400731 ], [ -117.254550818978998, 32.786279822607497 ], [ -117.255448575702999, 32.790585154465099 ] ] ] } },
{ "type": "Feature", "properties": { "STATEFP": "06", "COUNTYFP": "073", "TRACTCE": "010018", "GEOIDFQ": "1400000US06073010018", "GEOID": "06073010018", "NAME": "100.18", "NAMELSAD": "Census Tract 100.18", "STUSPS": "CA", "NAMELSADCO": "San Diego County", "STATE_NAME": "California", "LSAD": "CT", "ALAND": 3418619, "AWATER": 0, "centroid_lon": -117.01401400542595, "centroid_lat": 32.577557786003439, "B03002_001E": 6695, "B03002_001M": 825, "B03002_012E": 3799, "B03002_012M": 763, "B19013_001E": 139643, "B19013_001M": 21213, "B01003_001E": 6695, "state": "06", "county": "073", "tract": "010018", "latino_share": 0.56743838685586256, "camera_count": 1, "arterial_road_m": 8253.7870900344751, "land_area_km2": 3.418619, "pop_density_per_km2": 1958.3931406219879, "arterial_km_per_km2": 2.4143629606090866, "log_income": 11.846844444803724, "city": "San Diego" }, "geometry": { "type": "Polygon", "coordinates": [ [ [ -117.032313, 32.583851 ], [ -117.032138, 32.586511 ], [ -117.031444, 32.587492 ], [ -117.030287, 32.588167 ], [ -117.024063, 32.589643 ], [ -117.020594, 32.589374 ], [ -117.019876, 32.5891 ], [ -117.019057, 32.588042 ], [ -117.018954, 32.587438 ], [ -117.018756, 32.586414 ], [ -117.017238, 32.583111 ], [ -117.012922, 32.579218 ], [ -117.010516, 32.577844 ], [ -117.01029, 32.577618 ], [ -117.008173, 32.577432 ], [ -117.005592, 32.576872 ], [ -117.003464, 32.576586 ], [ -117.004138, 32.580208 ], [ -117.000477, 32.579507 ], [ -116.999712, 32.577327 ], [ -116.998778, 32.575575 ], [ -116.998721, 32.572058 ], [ -116.996824, 32.571881 ], [ -116.996883, 32.568134 ], [ -117.014176, 32.568331 ], [ -117.014303, 32.570229 ], [ -117.015021, 32.571557 ], [ -117.016046, 32.572393 ], [ -117.019978, 32.573401 ], [ -117.021637, 32.574405 ], [ -117.022577, 32.576077 ], [ -117.023757, 32.580502 ], [ -117.025754, 32.582322 ], [ -117.029158, 32.583596 ], [ -117.032314, 32.583803 ], [ -117.032313, 32.583851 ] ] ] } },
{ "type": "Feature", "properties": { "STATEFP": "06", "COUNTYFP": "073", "TRACTCE": "005103", "GEOIDFQ": "1400000US06073005103", "GEOID": "06073005103", "NAME": "51.03", "NAMELSAD": "Census Tract 51.03", "STUSPS": "CA", "NAMELSADCO": "San Diego County", "STATE_NAME": "California", "LSAD": "CT", "ALAND": 1150010, "AWATER": 1487160, "centroid_lon": -117.15682394257585, "centroid_lat": 32.69868333592354, "B03002_001E": 3045, "B03002_001M": 653, "B03002_012E": 1643, "B03002_012M": 591, "B19013_001E": 24125, "B19013_001M": 21424, "B01003_001E": 3045, "state": "06", "county": "073", "tract": "005103", "latino_share": 0.53957307060755333, "camera_count": 5, "arterial_road_m": 8522.0923809366013, "land_area_km2": 1.15001, "pop_density_per_km2": 2647.8030625820647, "arterial_km_per_km2": 7.4104506751563921, "log_income": 10.091003926207186, "city": "San Diego" }, "geometry": { "type": "Polygon", "coordinates": [ [ [ -117.173394, 32.701359 ], [ -117.164871, 32.703155 ], [ -117.16271, 32.703615 ], [ -117.160977, 32.703983 ], [ -117.15807, 32.704746 ], [ -117.157152, 32.705464 ], [ -117.155946, 32.706497 ], [ -117.153522, 32.706275 ], [ -117.151868, 32.706281 ], [ -117.14773, 32.706273 ], [ -117.14757, 32.705235 ], [ -117.147008, 32.704245 ], [ -117.145431, 32.703008 ], [ -117.145966, 32.702633 ], [ -117.148882, 32.699616 ], [ -117.147208, 32.698471 ], [ -117.150228, 32.695595 ], [ -117.149418, 32.694244 ], [ -117.149021, 32.694491 ], [ -117.154828, 32.688285 ], [ -117.163166, 32.693052 ], [ -117.164866, 32.697151 ], [ -117.167066, 32.699151 ], [ -117.170638, 32.700696 ], [ -117.173394, 32.701359 ] ] ] } },
{ "type": "Feature", "properties": { "STATEFP": "06", "COUNTYFP": "073", "TRACTCE": "007401", "GEOIDFQ": "1400000US06073007401", "GEOID": "06073007401", "NAME": "74.01", "NAMELSAD": "Census Tract 74.01", "STUSPS": "CA", "NAMELSADCO": "San Diego County", "STATE_NAME": "California", "LSAD": "CT", "ALAND": 592692, "AWATER": 0, "centroid_lon": -117.23146872508613, "centroid_lat": 32.747373261756387, "B03002_001E": 2745, "B03002_001M": 500, "B03002_012E": 835, "B03002_012M": 300, "B19013_001E": 81477, "B19013_001M": 40444, "B01003_001E": 2745, "state": "06", "county": "073", "tract": "007401", "latino_share": 0.30418943533697634, "camera_count": 0, "arterial_road_m": 3291.4133445772845, "land_area_km2": 0.592692, "pop_density_per_km2": 4631.4105808750583, "arterial_km_per_km2": 5.5533284481269938, "log_income": 11.30807605081166, "city": "San Diego" }, "geometry": { "type": "Polygon", "coordinates": [ [ [ -117.235278, 32.75151 ], [ -117.234065, 32.752127 ], [ -117.233678, 32.752203 ], [ -117.229399, 32.752544 ], [ -117.229414, 32.74924 ], [ -117.229379, 32.747522 ], [ -117.229116, 32.747438 ], [ -117.227133, 32.746229 ], [ -117.227323, 32.745389 ], [ -117.230311, 32.740924 ], [ -117.232406, 32.742207 ], [ -117.233155, 32.744587 ], [ -117.233835, 32.746357 ], [ -117.236075, 32.751237 ], [ -117.235278, 32.75151 ] ] ] } },
{ "type": "Feature", "properties": { "STATEFP": "06", "COUNTYFP": "073", "TRACTCE": "005403", "GEOIDFQ": "1400000US06073005403", "GEOID": "06073005403", "NAME": "54.03", "NAMELSAD": "Census Tract 54.03", "STUSPS": "CA", "NAMELSADCO": "San Diego County", "STATE_NAME": "California", "LSAD": "CT", "ALAND": 516458, "AWATER": 0, "centroid_lon": -117.1638762292457, "centroid_lat": 32.708540522781767, "B03002_001E": 2407, "B03002_001M": 356, "B03002_012E": 504, "B03002_012M": 221, "B19013_001E": 140388, "B19013_001M": 22843, "B01003_001E": 2407, "state": "06", "county": "073", "tract": "005403", "latino_share": 0.20938928126298298, "camera_count": 4, "arterial_road_m": 7643.6096183553836, "land_area_km2": 0.516458, "pop_density_per_km2": 4660.5919552025534, "arterial_km_per_km2": 14.800060447036126, "log_income": 11.852165296835603, "city": "San Diego" }, "geometry": { "type": "Polygon", "coordinates": [ [ [ -117.169466, 32.708873 ], [ -117.169177, 32.711422 ], [ -117.169176, 32.71253 ], [ -117.166487, 32.712539 ], [ -117.166506, 32.711472 ], [ -117.163768, 32.711468 ], [ -117.161948, 32.711479 ], [ -117.161037, 32.711485 ], [ -117.161022, 32.709377 ], [ -117.16096, 32.707715 ], [ -117.157152, 32.705464 ], [ -117.15807, 32.704746 ], [ -117.160977, 32.703983 ], [ -117.167293, 32.708408 ], [ -117.169423, 32.708392 ], [ -117.169466, 32.708873 ] ] ] } },
{ "type": "Feature", "properties": { "STATEFP": "06", "COUNTYFP": "073", "TRACTCE": "005201", "GEOIDFQ": "1400000US06073005201", "GEOID": "06073005201", "NAME": "52.01", "NAMELSAD": "Census Tract 52.01", "STUSPS": "CA", "NAMELSADCO": "San Diego County", "STATE_NAME": "California", "LSAD": "CT", "ALAND": 505572, "AWATER": 0, "centroid_lon": -117.15070024496836, "centroid_lat": 32.715436651196967, "B03002_001E": 3207, "B03002_001M": 383, "B03002_012E": 666, "B03002_012M": 233, "B19013_001E": 105271, "B19013_001M": 13575, "B01003_001E": 3207, "state": "06", "county": "073", "tract": "005201", "latino_share": 0.20767072029934519, "camera_count": 7, "arterial_road_m": 10318.017973978669, "land_area_km2": 0.505572, "pop_density_per_km2": 6343.3101516697916, "arterial_km_per_km2": 20.408602481899056, "log_income": 11.564293256582792, "city": "San Diego" }, "geometry": { "type": "Polygon", "coordinates": [ [ [ -117.153781, 32.71938 ], [ -117.147766, 32.719269 ], [ -117.14759, 32.717865 ], [ -117.147553, 32.715767 ], [ -117.147548, 32.713684 ], [ -117.147545, 32.712791 ], [ -117.147776, 32.71275 ], [ -117.147772, 32.711533 ], [ -117.151922, 32.711541 ], [ -117.153744, 32.711524 ], [ -117.153763, 32.712611 ], [ -117.153771, 32.713652 ], [ -117.153781, 32.71938 ] ] ] } },
{ "type": "Feature", "properties": { "STATEFP": "06", "COUNTYFP": "073", "TRACTCE": "021402", "GEOIDFQ": "1400000US06073021402", "GEOID": "06073021402", "NAME": "214.02", "NAMELSAD": "Census Tract 214.02", "STUSPS": "CA", "NAMELSADCO": "San Diego County", "STATE_NAME": "California", "LSAD": "CT", "ALAND": 790041, "AWATER": 0, "centroid_lon": -117.22890975578177, "centroid_lat": 32.726954370367878, "B03002_001E": 3056, "B03002_001M": 1080, "B03002_012E": 975, "B03002_012M": 1040, "B19013_001E": 97470, "B19013_001M": 18194, "B01003_001E": 3056, "state": "06", "county": "073", "tract": "021402", "latino_share": 0.31904450261780104, "camera_count": 0, "arterial_road_m": 6659.1614452658023, "land_area_km2": 0.790041, "pop_density_per_km2": 3868.1536781002505, "arterial_km_per_km2": 8.4288808369006194, "log_income": 11.487299917331256, "city": "San Diego" }, "geometry": { "type": "Polygon", "coordinates": [ [ [ -117.23082, 32.727969 ], [ -117.228795, 32.730387 ], [ -117.229241, 32.73159 ], [ -117.233286, 32.734197 ], [ -117.230607, 32.737203 ], [ -117.228571, 32.733176 ], [ -117.227819, 32.72979 ], [ -117.225813, 32.728578 ], [ -117.221655, 32.72604 ], [ -117.221455, 32.725622 ], [ -117.223314, 32.724995 ], [ -117.220726, 32.72289 ], [ -117.22344, 32.724516 ], [ -117.227206, 32.724284 ], [ -117.227819, 32.721609 ], [ -117.229847, 32.720281 ], [ -117.234707, 32.723433 ], [ -117.23082, 32.727969 ] ] ] } },
{ "type": "Feature", "properties": { "STATEFP": "06", "COUNTYFP": "073", "TRACTCE": "009109", "GEOIDFQ": "1400000US06073009109", "GEOID": "06073009109", "NAME": "91.09", "NAMELSAD": "Census Tract 91.09", "STUSPS": "CA", "NAMELSADCO": "San Diego County", "STATE_NAME": "California", "LSAD": "CT", "ALAND": 853302, "AWATER": 0, "centroid_lon": -117.19080695831066, "centroid_lat": 32.772425370080761, "B03002_001E": 3378, "B03002_001M": 71, "B03002_012E": 781, "B03002_012M": 144, "B19013_001E": 177500, "B19013_001M": 17909, "B01003_001E": 3378, "state": "06", "county": "073", "tract": "009109", "latino_share": 0.23120189461219656, "camera_count": 0, "arterial_road_m": 5505.6848025861673, "land_area_km2": 0.853302, "pop_density_per_km2": 3958.7391099516935, "arterial_km_per_km2": 6.4522112951641581, "log_income": 12.086725887897607, "city": "San Diego" }, "geometry": { "type": "Polygon", "coordinates": [ [ [ -117.200726, 32.775238 ], [ -117.197596, 32.775811 ], [ -117.190478, 32.774665 ], [ -117.187359, 32.775897 ], [ -117.185949, 32.775735 ], [ -117.179917, 32.773423 ], [ -117.180533, 32.772022 ], [ -117.181868, 32.772597 ], [ -117.184196, 32.772074 ], [ -117.188199, 32.770306 ], [ -117.191013, 32.769062 ], [ -117.194444, 32.767986 ], [ -117.195146, 32.767428 ], [ -117.198213, 32.768963 ], [ -117.194553, 32.773502 ], [ -117.196887, 32.774682 ], [ -117.1998, 32.773723 ], [ -117.200903, 32.77481 ], [ -117.200726, 32.775238 ] ] ] } },
{ "type": "Feature", "properties": { "STATEFP": "06", "COUNTYFP": "073", "TRACTCE": "017065", "GEOIDFQ": "1400000US06073017065", "GEOID": "06073017065", "NAME": "170.65", "NAMELSAD": "Census Tract 170.65", "STUSPS": "CA", "NAMELSADCO": "San Diego County", "STATE_NAME": "California", "LSAD": "CT", "ALAND": 4676707, "AWATER": 0, "centroid_lon": -117.13399280079321, "centroid_lat": 33.012767461074219, "B03002_001E": 10060, "B03002_001M": 1840, "B03002_012E": 1100, "B03002_012M": 424, "B19013_001E": 192317, "B19013_001M": 35297, "B01003_001E": 10060, "state": "06", "county": "073", "tract": "017065", "latino_share": 0.10934393638170974, "camera_count": 3, "arterial_road_m": 16442.901229738764, "land_area_km2": 4.676707, "pop_density_per_km2": 2151.0862237039864, "arterial_km_per_km2": 3.5159143452302573, "log_income": 12.16690033120565, "city": "San Diego" }, "geometry": { "type": "Polygon", "coordinates": [ [ [ -117.148449, 33.017034 ], [ -117.14694, 33.019797 ], [ -117.144031, 33.021294 ], [ -117.1422, 33.021648 ], [ -117.128003, 33.021802 ], [ -117.124809, 33.021668 ], [ -117.123543, 33.021241 ], [ -117.121679, 33.019955 ], [ -117.120026, 33.019157 ], [ -117.120134, 33.01872 ], [ -117.120538, 33.017077 ], [ -117.120534, 33.016703 ], [ -117.120712, 33.016703 ], [ -117.121519, 33.013085 ], [ -117.121825, 33.012316 ], [ -117.12221, 33.011561 ], [ -117.122284, 33.011303 ], [ -117.122301, 33.011069 ], [ -117.122242, 33.00982 ], [ -117.123279, 33.006598 ], [ -117.123329, 33.005797 ], [ -117.122551, 33.002869 ], [ -117.121413, 33.002476 ], [ -117.123686, 33.002141 ], [ -117.124153, 33.002429 ], [ -117.127677, 33.002565 ], [ -117.132284, 33.00398 ], [ -117.136286, 33.00311 ], [ -117.143743, 33.003974 ], [ -117.145348, 33.005025 ], [ -117.145849, 33.0048 ], [ -117.145151, 33.005612 ], [ -117.14476, 33.006727 ], [ -117.144845, 33.008018 ], [ -117.147205, 33.013127 ], [ -117.148155, 33.015162 ], [ -117.148449, 33.017034 ] ] ] } },
{ "type": "Feature", "properties": { "STATEFP": "06", "COUNTYFP": "073", "TRACTCE": "017060", "GEOIDFQ": "1400000US06073017060", "GEOID": "06073017060", "NAME": "170.60", "NAMELSAD": "Census Tract 170.60", "STUSPS": "CA", "NAMELSADCO": "San Diego County", "STATE_NAME": "California", "LSAD": "CT", "ALAND": 4160554, "AWATER": 0, "centroid_lon": -117.04904207609546, "centroid_lat": 33.047569413904313, "B03002_001E": 3222, "B03002_001M": 717, "B03002_012E": 308, "B03002_012M": 334, "B19013_001E": 121205, "B19013_001M": 48224, "B01003_001E": 3222, "state": "06", "county": "073", "tract": "017060", "latino_share": 0.095592799503414025, "camera_count": 1, "arterial_road_m": 5584.1542655332414, "land_area_km2": 4.160554, "pop_density_per_km2": 774.41609939445561, "arterial_km_per_km2": 1.3421660349879465, "log_income": 11.705238605891836, "city": "San Diego" }, "geometry": { "type": "Polygon", "coordinates": [ [ [ -117.067129, 33.052909 ], [ -117.064077, 33.053859 ], [ -117.061129, 33.053909 ], [ -117.058068, 33.053415 ], [ -117.056607, 33.052744 ], [ -117.051454, 33.051445 ], [ -117.047855, 33.051576 ], [ -117.045626, 33.051226 ], [ -117.043036, 33.052308 ], [ -117.039741, 33.052592 ], [ -117.037722, 33.05388 ], [ -117.035531, 33.055902 ], [ -117.03525, 33.05626 ], [ -117.035065, 33.056408 ], [ -117.034761, 33.056538 ], [ -117.034574, 33.056586 ], [ -117.034239, 33.05663 ], [ -117.030742, 33.058077 ], [ -117.030099, 33.06061 ], [ -117.027714, 33.061296 ], [ -117.024233, 33.061262 ], [ -117.023156, 33.060592 ], [ -117.023151, 33.060078 ], [ -117.023153, 33.059845 ], [ -117.024444, 33.059893 ], [ -117.024183, 33.05873 ], [ -117.026616, 33.057174 ], [ -117.028422, 33.056648 ], [ -117.030123, 33.054784 ], [ -117.029678, 33.052788 ], [ -117.031196, 33.051867 ], [ -117.031876, 33.053161 ], [ -117.034126, 33.053972 ], [ -117.035356, 33.05338 ], [ -117.035276, 33.051692 ], [ -117.036847, 33.050091 ], [ -117.03826, 33.04963 ], [ -117.037578, 33.046999 ], [ -117.038419, 33.045003 ], [ -117.041326, 33.043467 ], [ -117.046229, 33.034678 ], [ -117.046596, 33.035385 ], [ -117.047768, 33.036655 ], [ -117.052843, 33.039887 ], [ -117.054048, 33.040072 ], [ -117.059288, 33.037718 ], [ -117.06057, 33.037836 ], [ -117.060684, 33.040454 ], [ -117.060984, 33.041343 ], [ -117.061899, 33.042321 ], [ -117.062947, 33.042919 ], [ -117.064667, 33.044004 ], [ -117.065077, 33.044512 ], [ -117.065404, 33.045315 ], [ -117.065308, 33.048312 ], [ -117.065832, 33.050589 ], [ -117.067129, 33.052909 ] ] ] } },
{ "type": "Feature", "properties": { "STATEFP": "06", "COUNTYFP": "073", "TRACTCE": "009805", "GEOIDFQ": "1400000US06073009805", "GEOID": "06073009805", "NAME": "98.05", "NAMELSAD": "Census Tract 98.05", "STUSPS": "CA", "NAMELSADCO": "San Diego County", "STATE_NAME": "California", "LSAD": "CT", "ALAND": 7475427, "AWATER": 0, "centroid_lon": -117.03437667255216, "centroid_lat": 32.815587310332347, "B03002_001E": 4559, "B03002_001M": 348, "B03002_012E": 709, "B03002_012M": 276, "B19013_001E": 101644, "B19013_001M": 12044, "B01003_001E": 4559, "state": "06", "county": "073", "tract": "009805", "latino_share": 0.1555165606492652, "camera_count": 1, "arterial_road_m": 12746.108047629921, "land_area_km2": 7.475427, "pop_density_per_km2": 609.86482778843265, "arterial_km_per_km2": 1.7050675563589774, "log_income": 11.529231791244538, "city": "San Diego" }, "geometry": { "type": "Polygon", "coordinates": [ [ [ -117.058994, 32.817201 ], [ -117.055867, 32.817658 ], [ -117.048967, 32.817263 ], [ -117.047115, 32.818033 ], [ -117.046144, 32.818938 ], [ -117.04129, 32.827575 ], [ -117.038173, 32.831446 ], [ -117.034982, 32.831449 ], [ -117.034503, 32.831462 ], [ -117.016544, 32.81971 ], [ -117.014906, 32.818546 ], [ -117.013638, 32.817974 ], [ -117.013644, 32.816229 ], [ -117.015168, 32.815069 ], [ -117.016412, 32.81325 ], [ -117.020715, 32.808862 ], [ -117.025004, 32.804498 ], [ -117.025371, 32.80319 ], [ -117.030123, 32.80275 ], [ -117.031751, 32.80291 ], [ -117.038037, 32.804209 ], [ -117.044356, 32.804527 ], [ -117.046004, 32.803872 ], [ -117.047777, 32.805374 ], [ -117.048449, 32.806443 ], [ -117.051306, 32.809546 ], [ -117.053271, 32.812657 ], [ -117.056091, 32.815605 ], [ -117.058005, 32.816143 ], [ -117.059553, 32.817054 ], [ -117.058994, 32.817201 ] ] ] } },
{ "type": "Feature", "properties": { "STATEFP": "06", "COUNTYFP": "073", "TRACTCE": "009706", "GEOIDFQ": "1400000US06073009706", "GEOID": "06073009706", "NAME": "97.06", "NAMELSAD": "Census Tract 97.06", "STUSPS": "CA", "NAMELSADCO": "San Diego County", "STATE_NAME": "California", "LSAD": "CT", "ALAND": 5762468, "AWATER": 650223, "centroid_lon": -117.05043258451865, "centroid_lat": 32.789965655061927, "B03002_001E": 7197, "B03002_001M": 780, "B03002_012E": 1413, "B03002_012M": 513, "B19013_001E": 138617, "B19013_001M": 30581, "B01003_001E": 7197, "state": "06", "county": "073", "tract": "009706", "latino_share": 0.19633180491871613, "camera_count": 2, "arterial_road_m": 22045.30341463408, "land_area_km2": 5.762468, "pop_density_per_km2": 1248.944028843197, "arterial_km_per_km2": 3.8256704270868109, "log_income": 11.839470013339071, "city": "San Diego" }, "geometry": { "type": "Polygon", "coordinates": [ [ [ -117.067763, 32.793684 ], [ -117.065634, 32.795193 ], [ -117.064355, 32.796348 ], [ -117.061626, 32.798841 ], [ -117.058839, 32.80017 ], [ -117.052535, 32.800604 ], [ -117.04994, 32.801865 ], [ -117.046004, 32.803872 ], [ -117.043851, 32.801884 ], [ -117.039869, 32.801284 ], [ -117.035503, 32.798137 ], [ -117.037639, 32.792314 ], [ -117.037399, 32.791476 ], [ -117.037488, 32.788787 ], [ -117.035786, 32.788728 ], [ -117.03132, 32.790754 ], [ -117.031923, 32.788787 ], [ -117.034912, 32.786593 ], [ -117.036318, 32.785867 ], [ -117.037522, 32.783096 ], [ -117.039826, 32.782112 ], [ -117.03995, 32.779444 ], [ -117.042161, 32.778932 ], [ -117.043684, 32.777216 ], [ -117.044286, 32.780058 ], [ -117.048666, 32.779525 ], [ -117.049738, 32.778798 ], [ -117.051377, 32.777936 ], [ -117.049593, 32.777229 ], [ -117.048757, 32.777323 ], [ -117.048814, 32.775739 ], [ -117.050685, 32.776474 ], [ -117.056028, 32.777617 ], [ -117.063707, 32.77945 ], [ -117.06631, 32.779465 ], [ -117.062509, 32.782367 ], [ -117.061961, 32.784 ], [ -117.062802, 32.785422 ], [ -117.062842, 32.785474 ], [ -117.064023, 32.786928 ], [ -117.064844, 32.788025 ], [ -117.065178, 32.788697 ], [ -117.065992, 32.79126 ], [ -117.066753, 32.792498 ], [ -117.067763, 32.793684 ] ] ] } },
{ "type": "Feature", "properties": { "STATEFP": "06", "COUNTYFP": "073", "TRACTCE": "009602", "GEOIDFQ": "1400000US06073009602", "GEOID": "06073009602", "NAME": "96.02", "NAMELSAD": "Census Tract 96.02", "STUSPS": "CA", "NAMELSADCO": "San Diego County", "STATE_NAME": "California", "LSAD": "CT", "ALAND": 1933438, "AWATER": 0, "centroid_lon": -117.08465301976682, "centroid_lat": 32.798649329836863, "B03002_001E": 4083, "B03002_001M": 550, "B03002_012E": 662, "B03002_012M": 176, "B19013_001E": 153575, "B19013_001M": 19728, "B01003_001E": 4083, "state": "06", "county": "073", "tract": "009602", "latino_share": 0.1621356845456772, "camera_count": 1, "arterial_road_m": 5943.5394323310738, "land_area_km2": 1.933438, "pop_density_per_km2": 2111.7822242037241, "arterial_km_per_km2": 3.0740781097356491, "log_income": 11.941944326032129, "city": "San Diego" }, "geometry": { "type": "Polygon", "coordinates": [ [ [ -117.096972, 32.794139 ], [ -117.09365, 32.79716 ], [ -117.090339, 32.801346 ], [ -117.079005, 32.806739 ], [ -117.076609, 32.807519 ], [ -117.074642, 32.8079 ], [ -117.0765, 32.804524 ], [ -117.076619, 32.801818 ], [ -117.078119, 32.801756 ], [ -117.077144, 32.798469 ], [ -117.076549, 32.797886 ], [ -117.075965, 32.797293 ], [ -117.076127, 32.797171 ], [ -117.080669, 32.792718 ], [ -117.081239, 32.792895 ], [ -117.083274, 32.792869 ], [ -117.088966, 32.792932 ], [ -117.0899, 32.792936 ], [ -117.097495, 32.792989 ], [ -117.096972, 32.794139 ] ] ] } },
{ "type": "Feature", "properties": { "STATEFP": "06", "COUNTYFP": "073", "TRACTCE": "009507", "GEOIDFQ": "1400000US06073009507", "GEOID": "06073009507", "NAME": "95.07", "NAMELSAD": "Census Tract 95.07", "STUSPS": "CA", "NAMELSADCO": "San Diego County", "STATE_NAME": "California", "LSAD": "CT", "ALAND": 4068786, "AWATER": 0, "centroid_lon": -117.07525154261275, "centroid_lat": 32.817516710564689, "B03002_001E": 3934, "B03002_001M": 612, "B03002_012E": 757, "B03002_012M": 305, "B19013_001E": 113875, "B19013_001M": 24714, "B01003_001E": 3934, "state": "06", "county": "073", "tract": "009507", "latino_share": 0.19242501270971021, "camera_count": 0, "arterial_road_m": 6389.2930010817836, "land_area_km2": 4.068786, "pop_density_per_km2": 966.87316560762838, "arterial_km_per_km2": 1.5703192551984262, "log_income": 11.642856634562259, "city": "San Diego" }, "geometry": { "type": "Polygon", "coordinates": [ [ [ -117.091851, 32.819982 ], [ -117.090161, 32.823072 ], [ -117.086674, 32.823544 ], [ -117.083007, 32.822168 ], [ -117.080246, 32.8237 ], [ -117.079337, 32.824617 ], [ -117.079055, 32.825516 ], [ -117.077414, 32.825332 ], [ -117.069711, 32.826029 ], [ -117.067345, 32.827327 ], [ -117.062761, 32.821798 ], [ -117.058994, 32.817201 ], [ -117.059553, 32.817054 ], [ -117.061696, 32.81628 ], [ -117.062703, 32.815675 ], [ -117.063796, 32.814735 ], [ -117.067946, 32.809558 ], [ -117.070345, 32.80839 ], [ -117.074642, 32.8079 ], [ -117.076609, 32.807519 ], [ -117.079005, 32.806739 ], [ -117.079387, 32.8076 ], [ -117.080406, 32.808989 ], [ -117.084913, 32.813686 ], [ -117.085825, 32.814617 ], [ -117.087519, 32.81599 ], [ -117.090079, 32.817551 ], [ -117.093825, 32.81775 ], [ -117.091851, 32.819982 ] ] ] } },
{ "type": "Feature", "properties": { "STATEFP": "06", "COUNTYFP": "073", "TRACTCE": "009504", "GEOIDFQ": "1400000US06073009504", "GEOID": "06073009504", "NAME": "95.04", "NAMELSAD": "Census Tract 95.04", "STUSPS": "CA", "NAMELSADCO": "San Diego County", "STATE_NAME": "California", "LSAD": "CT", "ALAND": 59066872, "AWATER": 6803, "centroid_lon": -117.03042383856544, "centroid_lat": 32.897961159207156, "B03002_001E": 6178, "B03002_001M": 680, "B03002_012E": 785, "B03002_012M": 302, "B19013_001E": 250001, "B19013_001M": -333333333, "B01003_001E": 6178, "state": "06", "county": "073", "tract": "009504", "latino_share": 0.12706377468436386, "camera_count": 2, "arterial_road_m": 24451.257213698274, "land_area_km2": 59.066872, "pop_density_per_km2": 104.59331586070785, "arterial_km_per_km2": 0.41395889753055276, "log_income": 12.429220196836383, "city": "San Diego" }, "geometry": { "type": "Polygon", "coordinates": [ [ [ -117.109773, 32.894277 ], [ -117.109201, 32.894435 ], [ -117.107468, 32.895788 ], [ -117.102651, 32.897671 ], [ -117.099999, 32.898646 ], [ -117.098744, 32.899281 ], [ -117.095203, 32.901279 ], [ -117.084731, 32.904995 ], [ -117.078804, 32.906446 ], [ -117.07649, 32.907738 ], [ -117.075081, 32.908896 ], [ -117.071105, 32.915042 ], [ -117.070603, 32.915448 ], [ -117.067191, 32.917797 ], [ -117.064053, 32.919223 ], [ -117.063226, 32.920079 ], [ -117.062713, 32.921767 ], [ -117.061078, 32.922132 ], [ -117.059078, 32.923025 ], [ -117.056176, 32.926036 ], [ -117.05592, 32.927192 ], [ -117.056123, 32.928359 ], [ -117.055541, 32.929001 ], [ -117.050184, 32.927593 ], [ -117.048208, 32.927801 ], [ -117.046507, 32.927158 ], [ -117.044165, 32.927654 ], [ -117.037457, 32.927253 ], [ -117.036521, 32.92792 ], [ -117.033954, 32.928021 ], [ -117.033041, 32.929098 ], [ -117.029852, 32.930448 ], [ -117.027903, 32.930803 ], [ -117.026128, 32.931928 ], [ -117.023855, 32.932547 ], [ -117.017687, 32.934525 ], [ -117.014952, 32.937133 ], [ -117.012979, 32.937319 ], [ -117.012532, 32.938822 ], [ -117.010529, 32.940451 ], [ -117.010478, 32.941355 ], [ -117.001152, 32.944381 ], [ -116.999278, 32.944197 ], [ -116.997806, 32.943083 ], [ -116.995924, 32.942311 ], [ -116.9903, 32.942376 ], [ -116.987072, 32.942832 ], [ -116.981981, 32.942626 ], [ -116.980807, 32.942085 ], [ -116.980382, 32.939906 ], [ -116.981734, 32.940062 ], [ -116.98452, 32.937919 ], [ -116.984543, 32.936093 ], [ -116.983729, 32.933978 ], [ -116.989546, 32.933901 ], [ -116.989339, 32.919571 ], [ -116.989277, 32.905005 ], [ -116.984293, 32.904901 ], [ -116.984325, 32.903017 ], [ -116.984292, 32.899271 ], [ -116.987744, 32.898692 ], [ -116.993058, 32.894852 ], [ -116.993347, 32.892625 ], [ -116.996838, 32.885659 ], [ -116.99979, 32.881233 ], [ -117.003194, 32.877255 ], [ -117.009339, 32.866442 ], [ -117.010752, 32.86701 ], [ -117.011728, 32.864978 ], [ -117.013199, 32.86473 ], [ -117.011706, 32.863448 ], [ -117.015222, 32.862884 ], [ -117.014227, 32.861341 ], [ -117.012991, 32.86166 ], [ -117.012699, 32.85914 ], [ -117.013813, 32.858008 ], [ -117.012727, 32.855586 ], [ -117.011134, 32.85559 ], [ -117.011851, 32.853124 ], [ -117.013501, 32.852574 ], [ -117.014018, 32.851116 ], [ -117.015628, 32.850272 ], [ -117.017102, 32.850596 ], [ -117.018927, 32.849824 ], [ -117.019009, 32.848836 ], [ -117.020425, 32.8483 ], [ -117.023576, 32.845352 ], [ -117.023455, 32.842184 ], [ -117.023457, 32.841423 ], [ -117.02374, 32.840197 ], [ -117.026463, 32.844936 ], [ -117.02871, 32.847693 ], [ -117.0307, 32.84912 ], [ -117.035028, 32.850769 ], [ -117.04759, 32.852615 ], [ -117.051642, 32.853195 ], [ -117.052903, 32.855171 ], [ -117.053269, 32.887266 ], [ -117.070343, 32.887545 ], [ -117.062911, 32.892949 ], [ -117.059708, 32.895028 ], [ -117.057369, 32.902077 ], [ -117.061956, 32.901992 ], [ -117.062541, 32.899942 ], [ -117.066796, 32.900336 ], [ -117.066772, 32.898523 ], [ -117.07534, 32.898427 ], [ -117.075359, 32.89657 ], [ -117.084197, 32.896527 ], [ -117.084274, 32.894692 ], [ -117.086348, 32.894512 ], [ -117.086409, 32.892913 ], [ -117.088547, 32.892651 ], [ -117.088605, 32.891102 ], [ -117.091797, 32.891081 ], [ -117.0916, 32.889257 ], [ -117.095906, 32.889269 ], [ -117.095763, 32.887442 ], [ -117.105426, 32.887448 ], [ -117.105617, 32.891101 ], [ -117.109867, 32.89109 ], [ -117.109773, 32.894277 ] ] ] } },
{ "type": "Feature", "properties": { "STATEFP": "06", "COUNTYFP": "073", "TRACTCE": "008360", "GEOIDFQ": "1400000US06073008360", "GEOID": "06073008360", "NAME": "83.60", "NAMELSAD": "Census Tract 83.60", "STUSPS": "CA", "NAMELSADCO": "San Diego County", "STATE_NAME": "California", "LSAD": "CT", "ALAND": 2785975, "AWATER": 0, "centroid_lon": -117.12952642185175, "centroid_lat": 32.899874211908774, "B03002_001E": 7071, "B03002_001M": 1810, "B03002_012E": 2108, "B03002_012M": 1548, "B19013_001E": 99122, "B19013_001M": 7842, "B01003_001E": 7071, "state": "06", "county": "073", "tract": "008360", "latino_share": 0.29811907792391457, "camera_count": 6, "arterial_road_m": 14363.922245095178, "land_area_km2": 2.785975, "pop_density_per_km2": 2538.0701549726755, "arterial_km_per_km2": 5.1557972505478968, "log_income": 11.50410669366201, "city": "San Diego" }, "geometry": { "type": "Polygon", "coordinates": [ [ [ -117.146129, 32.905332 ], [ -117.13553, 32.905735 ], [ -117.134907, 32.905597 ], [ -117.132987, 32.90552 ], [ -117.131259, 32.905472 ], [ -117.125959, 32.905344 ], [ -117.124113, 32.905355 ], [ -117.124032, 32.90275 ], [ -117.117962, 32.90343 ], [ -117.116652, 32.903434 ], [ -117.116516, 32.898205 ], [ -117.11642, 32.896572 ], [ -117.115473, 32.893163 ], [ -117.116745, 32.893305 ], [ -117.118536, 32.893774 ], [ -117.119936, 32.893816 ], [ -117.133702, 32.893671 ], [ -117.136058, 32.89665 ], [ -117.14313, 32.900049 ], [ -117.14412, 32.901935 ], [ -117.145015, 32.903138 ], [ -117.145764, 32.904105 ], [ -117.146129, 32.905332 ] ] ] } },
{ "type": "Feature", "properties": { "STATEFP": "06", "COUNTYFP": "073", "TRACTCE": "008357", "GEOIDFQ": "1400000US06073008357", "GEOID": "06073008357", "NAME": "83.57", "NAMELSAD": "Census Tract 83.57", "STUSPS": "CA", "NAMELSADCO": "San Diego County", "STATE_NAME": "California", "LSAD": "CT", "ALAND": 914006, "AWATER": 0, "centroid_lon": -117.13529836951373, "centroid_lat": 32.916494463308553, "B03002_001E": 4608, "B03002_001M": 497, "B03002_012E": 768, "B03002_012M": 248, "B19013_001E": 114583, "B19013_001M": 19948, "B01003_001E": 4608, "state": "06", "county": "073", "tract": "008357", "latino_share": 0.16666666666666666, "camera_count": 2, "arterial_road_m": 4494.8319496690774, "land_area_km2": 0.914006, "pop_density_per_km2": 5041.5423968770447, "arterial_km_per_km2": 4.9177269620430035, "log_income": 11.649054730199667, "city": "San Diego" }, "geometry": { "type": "Polygon", "coordinates": [ [ [ -117.143939, 32.917831 ], [ -117.140206, 32.917814 ], [ -117.135665, 32.9165 ], [ -117.135692, 32.918575 ], [ -117.13566, 32.920595 ], [ -117.131686, 32.920695 ], [ -117.129267, 32.920638 ], [ -117.129217, 32.91922 ], [ -117.125057, 32.919321 ], [ -117.124784, 32.917166 ], [ -117.12844, 32.916959 ], [ -117.129887, 32.916154 ], [ -117.132907, 32.913812 ], [ -117.134071, 32.9131 ], [ -117.135618, 32.912848 ], [ -117.14388, 32.912714 ], [ -117.143939, 32.917831 ] ] ] } },
{ "type": "Feature", "properties": { "STATEFP": "06", "COUNTYFP": "073", "TRACTCE": "008353", "GEOIDFQ": "1400000US06073008353", "GEOID": "06073008353", "NAME": "83.53", "NAMELSAD": "Census Tract 83.53", "STUSPS": "CA", "NAMELSADCO": "San Diego County", "STATE_NAME": "California", "LSAD": "CT", "ALAND": 1954797, "AWATER": 0, "centroid_lon": -117.13370323973056, "centroid_lat": 32.932796324920005, "B03002_001E": 4802, "B03002_001M": 599, "B03002_012E": 827, "B03002_012M": 380, "B19013_001E": 151857, "B19013_001M": 31416, "B01003_001E": 4802, "state": "06", "county": "073", "tract": "008353", "latino_share": 0.17221990837151188, "camera_count": 0, "arterial_road_m": 2620.0596463788138, "land_area_km2": 1.954797, "pop_density_per_km2": 2456.5210607546464, "arterial_km_per_km2": 1.3403231365603765, "log_income": 11.930694567534557, "city": "San Diego" }, "geometry": { "type": "Polygon", "coordinates": [ [ [ -117.145036, 32.938193 ], [ -117.139968, 32.937221 ], [ -117.138253, 32.936841 ], [ -117.13552, 32.938358 ], [ -117.131092, 32.938994 ], [ -117.128927, 32.940029 ], [ -117.128705, 32.939352 ], [ -117.128497, 32.938961 ], [ -117.125891, 32.935413 ], [ -117.125778, 32.934829 ], [ -117.125814, 32.933226 ], [ -117.125848, 32.931653 ], [ -117.124539, 32.924325 ], [ -117.127367, 32.924834 ], [ -117.130741, 32.924929 ], [ -117.131791, 32.92501 ], [ -117.131709, 32.92764 ], [ -117.133933, 32.92995 ], [ -117.135621, 32.929932 ], [ -117.138291, 32.929946 ], [ -117.140904, 32.930282 ], [ -117.142408, 32.930452 ], [ -117.144078, 32.930575 ], [ -117.144505, 32.932096 ], [ -117.144882, 32.935903 ], [ -117.145036, 32.938193 ] ] ] } },
{ "type": "Feature", "properties": { "STATEFP": "06", "COUNTYFP": "073", "TRACTCE": "008351", "GEOIDFQ": "1400000US06073008351", "GEOID": "06073008351", "NAME": "83.51", "NAMELSAD": "Census Tract 83.51", "STUSPS": "CA", "NAMELSADCO": "San Diego County", "STATE_NAME": "California", "LSAD": "CT", "ALAND": 1059679, "AWATER": 0, "centroid_lon": -117.15012406813415, "centroid_lat": 32.907174044362371, "B03002_001E": 4817, "B03002_001M": 834, "B03002_012E": 603, "B03002_012M": 165, "B19013_001E": 149196, "B19013_001M": 42676, "B01003_001E": 4817, "state": "06", "county": "073", "tract": "008351", "latino_share": 0.12518164832883538, "camera_count": 3, "arterial_road_m": 5467.6542295700719, "land_area_km2": 1.059679, "pop_density_per_km2": 4545.7162027368668, "arterial_km_per_km2": 5.1597268885861398, "log_income": 11.913016156740937, "city": "San Diego" }, "geometry": { "type": "Polygon", "coordinates": [ [ [ -117.157219, 32.902412 ], [ -117.154578, 32.906142 ], [ -117.154429, 32.906739 ], [ -117.154556, 32.908586 ], [ -117.155569, 32.910567 ], [ -117.153178, 32.911691 ], [ -117.149205, 32.912442 ], [ -117.1485, 32.912562 ], [ -117.14388, 32.912714 ], [ -117.143998, 32.911254 ], [ -117.145811, 32.906796 ], [ -117.146129, 32.905332 ], [ -117.145764, 32.904105 ], [ -117.145015, 32.903138 ], [ -117.147291, 32.902048 ], [ -117.150516, 32.902035 ], [ -117.156113, 32.901994 ], [ -117.157219, 32.902412 ] ] ] } },
{ "type": "Feature", "properties": { "STATEFP": "06", "COUNTYFP": "073", "TRACTCE": "008345", "GEOIDFQ": "1400000US06073008345", "GEOID": "06073008345", "NAME": "83.45", "NAMELSAD": "Census Tract 83.45", "STUSPS": "CA", "NAMELSADCO": "San Diego County", "STATE_NAME": "California", "LSAD": "CT", "ALAND": 1912291, "AWATER": 0, "centroid_lon": -117.19158004404163, "centroid_lat": 32.850214016456398, "B03002_001E": 4204, "B03002_001M": 591, "B03002_012E": 406, "B03002_012M": 161, "B19013_001E": 88095, "B19013_001M": 19599, "B01003_001E": 4204, "state": "06", "county": "073", "tract": "008345", "latino_share": 0.096574690770694582, "camera_count": 0, "arterial_road_m": 11913.123321036501, "land_area_km2": 1.912291, "pop_density_per_km2": 2198.4101792038973, "arterial_km_per_km2": 6.2297648846522318, "log_income": 11.386171056624729, "city": "San Diego" }, "geometry": { "type": "Polygon", "coordinates": [ [ [ -117.204588, 32.854601 ], [ -117.201118, 32.854409 ], [ -117.200072, 32.854073 ], [ -117.19929, 32.853741 ], [ -117.198383, 32.853272 ], [ -117.194799, 32.852189 ], [ -117.19106, 32.852638 ], [ -117.189109, 32.853294 ], [ -117.184503, 32.85774 ], [ -117.177878, 32.847347 ], [ -117.179379, 32.847337 ], [ -117.187572, 32.846335 ], [ -117.190992, 32.84588 ], [ -117.195578, 32.845524 ], [ -117.202069, 32.846623 ], [ -117.202569, 32.847045 ], [ -117.203814, 32.848382 ], [ -117.203841, 32.851644 ], [ -117.204588, 32.854601 ] ] ] } },
{ "type": "Feature", "properties": { "STATEFP": "06", "COUNTYFP": "073", "TRACTCE": "008336", "GEOIDFQ": "1400000US06073008336", "GEOID": "06073008336", "NAME": "83.36", "NAMELSAD": "Census Tract 83.36", "STUSPS": "CA", "NAMELSADCO": "San Diego County", "STATE_NAME": "California", "LSAD": "CT", "ALAND": 828562, "AWATER": 0, "centroid_lon": -117.13310535500622, "centroid_lat": 32.967866474521465, "B03002_001E": 2086, "B03002_001M": 196, "B03002_012E": 131, "B03002_012M": 61, "B19013_001E": 197841, "B19013_001M": 26371, "B01003_001E": 2086, "state": "06", "county": "073", "tract": "008336", "latino_share": 0.062799616490891663, "camera_count": 0, "arterial_road_m": 4350.5593850319601, "land_area_km2": 0.828562, "pop_density_per_km2": 2517.6148556173225, "arterial_km_per_km2": 5.2507348696077782, "log_income": 12.195218956772091, "city": "San Diego" }, "geometry": { "type": "Polygon", "coordinates": [ [ [ -117.137492, 32.971641 ], [ -117.13557, 32.971203 ], [ -117.134892, 32.971176 ], [ -117.134826, 32.972028 ], [ -117.134904, 32.974678 ], [ -117.131418, 32.974612 ], [ -117.131852, 32.972622 ], [ -117.12916, 32.968319 ], [ -117.12828, 32.96525 ], [ -117.126652, 32.963281 ], [ -117.128078, 32.963058 ], [ -117.133985, 32.963396 ], [ -117.135075, 32.963479 ], [ -117.136966, 32.963405 ], [ -117.137056, 32.964605 ], [ -117.137737, 32.966225 ], [ -117.137492, 32.971641 ] ] ] } },
{ "type": "Feature", "properties": { "STATEFP": "06", "COUNTYFP": "073", "TRACTCE": "008331", "GEOIDFQ": "1400000US06073008331", "GEOID": "06073008331", "NAME": "83.31", "NAMELSAD": "Census Tract 83.31", "STUSPS": "CA", "NAMELSADCO": "San Diego County", "STATE_NAME": "California", "LSAD": "CT", "ALAND": 954207, "AWATER": 0, "centroid_lon": -117.22411285845324, "centroid_lat": 32.94262094840348, "B03002_001E": 2766, "B03002_001M": 430, "B03002_012E": 204, "B03002_012M": 99, "B19013_001E": 217083, "B19013_001M": 55110, "B01003_001E": 2766, "state": "06", "county": "073", "tract": "008331", "latino_share": 0.073752711496746198, "camera_count": 0, "arterial_road_m": 7315.6423850004931, "land_area_km2": 0.954207, "pop_density_per_km2": 2898.7420968406227, "arterial_km_per_km2": 7.6667247096285118, "log_income": 12.288035047871787, "city": "San Diego" }, "geometry": { "type": "Polygon", "coordinates": [ [ [ -117.23062, 32.94286 ], [ -117.229549, 32.944761 ], [ -117.228201, 32.945977 ], [ -117.226803, 32.947144 ], [ -117.224421, 32.946023 ], [ -117.221959, 32.946003 ], [ -117.219503, 32.945989 ], [ -117.217061, 32.945252 ], [ -117.214978, 32.944408 ], [ -117.214296, 32.943933 ], [ -117.216459, 32.942331 ], [ -117.220829, 32.940678 ], [ -117.221742, 32.940194 ], [ -117.223904, 32.938947 ], [ -117.229146, 32.937353 ], [ -117.230597, 32.940057 ], [ -117.230795, 32.940992 ], [ -117.23062, 32.94286 ] ] ] } },
{ "type": "Feature", "properties": { "STATEFP": "06", "COUNTYFP": "073", "TRACTCE": "008328", "GEOIDFQ": "1400000US06073008328", "GEOID": "06073008328", "NAME": "83.28", "NAMELSAD": "Census Tract 83.28", "STUSPS": "CA", "NAMELSADCO": "San Diego County", "STATE_NAME": "California", "LSAD": "CT", "ALAND": 7130933, "AWATER": 0, "centroid_lon": -117.20609148157357, "centroid_lat": 32.96822252039923, "B03002_001E": 7766, "B03002_001M": 762, "B03002_012E": 644, "B03002_012M": 286, "B19013_001E": 250001, "B19013_001M": -333333333, "B01003_001E": 7766, "state": "06", "county": "073", "tract": "008328", "latino_share": 0.082925573010558848, "camera_count": 0, "arterial_road_m": 13619.123720636529, "land_area_km2": 7.130933, "pop_density_per_km2": 1089.0580517303977, "arterial_km_per_km2": 1.9098656123450508, "log_income": 12.429220196836383, "city": "San Diego" }, "geometry": { "type": "Polygon", "coordinates": [ [ [ -117.231447, 32.973881 ], [ -117.230226, 32.975225 ], [ -117.227253, 32.975061 ], [ -117.225238, 32.975543 ], [ -117.220875, 32.975313 ], [ -117.218125, 32.974459 ], [ -117.215504, 32.974667 ], [ -117.210839, 32.976487 ], [ -117.206798, 32.979119 ], [ -117.205647, 32.980767 ], [ -117.204115, 32.980565 ], [ -117.202852, 32.980092 ], [ -117.20448, 32.97881 ], [ -117.203214, 32.977579 ], [ -117.200256, 32.977596 ], [ -117.20016, 32.973989 ], [ -117.178515, 32.973925 ], [ -117.178513, 32.970899 ], [ -117.17851, 32.970295 ], [ -117.178502, 32.968671 ], [ -117.178349, 32.968082 ], [ -117.180037, 32.967598 ], [ -117.182872, 32.966288 ], [ -117.183225, 32.966044 ], [ -117.183871, 32.965713 ], [ -117.184997, 32.965315 ], [ -117.186309, 32.964963 ], [ -117.190543, 32.962967 ], [ -117.191983, 32.960738 ], [ -117.196585, 32.961369 ], [ -117.197625, 32.961178 ], [ -117.199343, 32.961058 ], [ -117.20446, 32.962024 ], [ -117.206085, 32.961789 ], [ -117.20851, 32.960212 ], [ -117.211723, 32.956436 ], [ -117.213697, 32.955702 ], [ -117.218415, 32.955707 ], [ -117.221559, 32.956189 ], [ -117.221644, 32.963482 ], [ -117.231881, 32.972595 ], [ -117.231447, 32.973881 ] ] ] } },
{ "type": "Feature", "properties": { "STATEFP": "06", "COUNTYFP": "073", "TRACTCE": "008310", "GEOIDFQ": "1400000US06073008310", "GEOID": "06073008310", "NAME": "83.10", "NAMELSAD": "Census Tract 83.10", "STUSPS": "CA", "NAMELSADCO": "San Diego County", "STATE_NAME": "California", "LSAD": "CT", "ALAND": 5166663, "AWATER": 0, "centroid_lon": -117.24581044093351, "centroid_lat": 32.825325491602548, "B03002_001E": 6250, "B03002_001M": 791, "B03002_012E": 958, "B03002_012M": 403, "B19013_001E": 153897, "B19013_001M": 31629, "B01003_001E": 6250, "state": "06", "county": "073", "tract": "008310", "latino_share": 0.15328, "camera_count": 0, "arterial_road_m": 10164.228999022842, "land_area_km2": 5.166663, "pop_density_per_km2": 1209.6782778361971, "arterial_km_per_km2": 1.96727152497131, "log_income": 11.944038826459588, "city": "San Diego" }, "geometry": { "type": "Polygon", "coordinates": [ [ [ -117.260292, 32.812664 ], [ -117.259186, 32.815653 ], [ -117.260184, 32.817752 ], [ -117.258624, 32.819551 ], [ -117.25746, 32.823747 ], [ -117.255556, 32.824196 ], [ -117.253639, 32.826617 ], [ -117.253961, 32.829776 ], [ -117.250159, 32.832951 ], [ -117.249293, 32.833788 ], [ -117.248836, 32.835086 ], [ -117.249197, 32.83782 ], [ -117.248399, 32.838488 ], [ -117.241866, 32.83927 ], [ -117.239709, 32.840236 ], [ -117.240671, 32.843187 ], [ -117.236315, 32.839193 ], [ -117.235218, 32.838635 ], [ -117.233119, 32.833082 ], [ -117.233064, 32.828455 ], [ -117.232519, 32.825942 ], [ -117.230583, 32.823119 ], [ -117.232569, 32.822548 ], [ -117.233097, 32.82161 ], [ -117.233946, 32.821301 ], [ -117.23703, 32.824981 ], [ -117.240885, 32.826698 ], [ -117.241255, 32.826015 ], [ -117.240746, 32.819961 ], [ -117.241389, 32.818256 ], [ -117.241905, 32.816633 ], [ -117.241186, 32.814671 ], [ -117.247727, 32.811397 ], [ -117.247775, 32.810751 ], [ -117.248078, 32.809935 ], [ -117.250032, 32.810584 ], [ -117.250581, 32.812517 ], [ -117.256091, 32.811321 ], [ -117.256362, 32.812223 ], [ -117.260115, 32.811406 ], [ -117.260346, 32.812515 ], [ -117.260292, 32.812664 ] ] ] } },
{ "type": "Feature", "properties": { "STATEFP": "06", "COUNTYFP": "073", "TRACTCE": "008301", "GEOIDFQ": "1400000US06073008301", "GEOID": "06073008301", "NAME": "83.01", "NAMELSAD": "Census Tract 83.01", "STUSPS": "CA", "NAMELSADCO": "San Diego County", "STATE_NAME": "California", "LSAD": "CT", "ALAND": 2354725, "AWATER": 0, "centroid_lon": -117.23250486636194, "centroid_lat": 32.816204772396645, "B03002_001E": 3461, "B03002_001M": 494, "B03002_012E": 488, "B03002_012M": 314, "B19013_001E": 230962, "B19013_001M": 27043, "B01003_001E": 3461, "state": "06", "county": "073", "tract": "008301", "latino_share": 0.14099971106616585, "camera_count": 0, "arterial_road_m": 6358.5358205837774, "land_area_km2": 2.354725, "pop_density_per_km2": 1469.8106997632419, "arterial_km_per_km2": 2.7003305356607576, "log_income": 12.350008473807463, "city": "San Diego" }, "geometry": { "type": "Polygon", "coordinates": [ [ [ -117.241389, 32.818256 ], [ -117.240746, 32.819961 ], [ -117.241255, 32.826015 ], [ -117.240885, 32.826698 ], [ -117.23703, 32.824981 ], [ -117.233946, 32.821301 ], [ -117.233097, 32.82161 ], [ -117.232569, 32.822548 ], [ -117.230583, 32.823119 ], [ -117.222542, 32.815078 ], [ -117.220058, 32.811741 ], [ -117.219666, 32.809518 ], [ -117.222225, 32.808998 ], [ -117.223668, 32.80762 ], [ -117.225834, 32.808079 ], [ -117.224927, 32.809268 ], [ -117.225492, 32.811855 ], [ -117.230651, 32.810965 ], [ -117.231346, 32.810814 ], [ -117.234169, 32.810248 ], [ -117.237934, 32.809373 ], [ -117.239974, 32.81105 ], [ -117.24104, 32.814386 ], [ -117.241186, 32.814671 ], [ -117.241905, 32.816633 ], [ -117.241389, 32.818256 ] ] ] } },
{ "type": "Feature", "properties": { "STATEFP": "06", "COUNTYFP": "073", "TRACTCE": "008002", "GEOIDFQ": "1400000US06073008002", "GEOID": "06073008002", "NAME": "80.02", "NAMELSAD": "Census Tract 80.02", "STUSPS": "CA", "NAMELSADCO": "San Diego County", "STATE_NAME": "California", "LSAD": "CT", "ALAND": 1091590, "AWATER": 0, "centroid_lon": -117.24220611537608, "centroid_lat": 32.808325034117374, "B03002_001E": 2680, "B03002_001M": 351, "B03002_012E": 254, "B03002_012M": 190, "B19013_001E": 184653, "B19013_001M": 44363, "B01003_001E": 2680, "state": "06", "county": "073", "tract": "008002", "latino_share": 0.094776119402985068, "camera_count": 0, "arterial_road_m": 3822.3195152525332, "land_area_km2": 1.09159, "pop_density_per_km2": 2455.1342537033133, "arterial_km_per_km2": 3.5016073024235594, "log_income": 12.126233667102426, "city": "San Diego" }, "geometry": { "type": "Polygon", "coordinates": [ [ [ -117.250032, 32.810584 ], [ -117.248078, 32.809935 ], [ -117.247775, 32.810751 ], [ -117.247727, 32.811397 ], [ -117.241186, 32.814671 ], [ -117.24104, 32.814386 ], [ -117.239974, 32.81105 ], [ -117.237934, 32.809373 ], [ -117.234169, 32.810248 ], [ -117.232574, 32.808556 ], [ -117.23313, 32.806465 ], [ -117.236756, 32.805658 ], [ -117.23859, 32.805259 ], [ -117.242304, 32.804435 ], [ -117.247794, 32.803231 ], [ -117.249505, 32.80886 ], [ -117.250032, 32.810584 ] ] ] } },
{ "type": "Feature", "properties": { "STATEFP": "06", "COUNTYFP": "073", "TRACTCE": "017050", "GEOIDFQ": "1400000US06073017050", "GEOID": "06073017050", "NAME": "170.50", "NAMELSAD": "Census Tract 170.50", "STUSPS": "CA", "NAMELSADCO": "San Diego County", "STATE_NAME": "California", "LSAD": "CT", "ALAND": 4973504, "AWATER": 0, "centroid_lon": -117.06996728616393, "centroid_lat": 32.966018131930639, "B03002_001E": 2958, "B03002_001M": 456, "B03002_012E": 742, "B03002_012M": 320, "B19013_001E": 108424, "B19013_001M": 16091, "B01003_001E": 2958, "state": "06", "county": "073", "tract": "017050", "latino_share": 0.25084516565246789, "camera_count": 3, "arterial_road_m": 8546.9923320865328, "land_area_km2": 4.973504, "pop_density_per_km2": 594.75170825237092, "arterial_km_per_km2": 1.7185051690089184, "log_income": 11.593804745695852, "city": "San Diego" }, "geometry": { "type": "Polygon", "coordinates": [ [ [ -117.084295, 32.964573 ], [ -117.066876, 32.96436 ], [ -117.066812, 32.971235 ], [ -117.066704, 32.97529 ], [ -117.066422, 32.987276 ], [ -117.066341, 32.993252 ], [ -117.062094, 32.993199 ], [ -117.062066, 32.99489 ], [ -117.060101, 32.994709 ], [ -117.058317, 33.001499 ], [ -117.058212, 33.001884 ], [ -117.057885, 32.9989 ], [ -117.058005, 32.99344 ], [ -117.058409, 32.988224 ], [ -117.059321, 32.986258 ], [ -117.061872, 32.983493 ], [ -117.062295, 32.982183 ], [ -117.062465, 32.969977 ], [ -117.062462, 32.956907 ], [ -117.062522, 32.951804 ], [ -117.064251, 32.951772 ], [ -117.075398, 32.948529 ], [ -117.075399, 32.949576 ], [ -117.08389, 32.949628 ], [ -117.084295, 32.964573 ] ] ] } },
{ "type": "Feature", "properties": { "STATEFP": "06", "COUNTYFP": "073", "TRACTCE": "017035", "GEOIDFQ": "1400000US06073017035", "GEOID": "06073017035", "NAME": "170.35", "NAMELSAD": "Census Tract 170.35", "STUSPS": "CA", "NAMELSADCO": "San Diego County", "STATE_NAME": "California", "LSAD": "CT", "ALAND": 2335760, "AWATER": 0, "centroid_lon": -117.0988906863878, "centroid_lat": 32.974902280005566, "B03002_001E": 3406, "B03002_001M": 415, "B03002_012E": 376, "B03002_012M": 165, "B19013_001E": 129861, "B19013_001M": 16032, "B01003_001E": 3406, "state": "06", "county": "073", "tract": "017035", "latino_share": 0.1103934233705226, "camera_count": 0, "arterial_road_m": 6325.991922438483, "land_area_km2": 2.33576, "pop_density_per_km2": 1458.1977600438402, "arterial_km_per_km2": 2.7083227396815097, "log_income": 11.774219926633474, "city": "San Diego" }, "geometry": { "type": "Polygon", "coordinates": [ [ [ -117.107211, 32.965246 ], [ -117.10668, 32.967948 ], [ -117.105078, 32.971353 ], [ -117.104492, 32.976408 ], [ -117.098613, 32.98562 ], [ -117.09497, 32.985732 ], [ -117.091853, 32.988432 ], [ -117.090964, 32.986814 ], [ -117.091791, 32.984274 ], [ -117.09328, 32.981227 ], [ -117.09327, 32.980446 ], [ -117.092772, 32.979332 ], [ -117.090253, 32.977538 ], [ -117.090903, 32.976755 ], [ -117.092758, 32.97324 ], [ -117.093832, 32.971304 ], [ -117.095431, 32.969822 ], [ -117.102327, 32.963887 ], [ -117.106972, 32.961535 ], [ -117.107211, 32.965246 ] ] ] } },
{ "type": "Feature", "properties": { "STATEFP": "06", "COUNTYFP": "073", "TRACTCE": "017034", "GEOIDFQ": "1400000US06073017034", "GEOID": "06073017034", "NAME": "170.34", "NAMELSAD": "Census Tract 170.34", "STUSPS": "CA", "NAMELSADCO": "San Diego County", "STATE_NAME": "California", "LSAD": "CT", "ALAND": 2668903, "AWATER": 0, "centroid_lon": -117.09093522984571, "centroid_lat": 32.990184621148856, "B03002_001E": 5775, "B03002_001M": 887, "B03002_012E": 809, "B03002_012M": 258, "B19013_001E": 117382, "B19013_001M": 22519, "B01003_001E": 5775, "state": "06", "county": "073", "tract": "017034", "latino_share": 0.14008658008658009, "camera_count": 5, "arterial_road_m": 12386.475469649613, "land_area_km2": 2.668903, "pop_density_per_km2": 2163.8103745246644, "arterial_km_per_km2": 4.6410362121252113, "log_income": 11.673188852644968, "city": "San Diego" }, "geometry": { "type": "Polygon", "coordinates": [ [ [ -117.101805, 32.996934 ], [ -117.09735, 32.998306 ], [ -117.09747, 32.998848 ], [ -117.09379, 32.998885 ], [ -117.091558, 32.997821 ], [ -117.088347, 32.998006 ], [ -117.087426, 32.998526 ], [ -117.086763, 33.000172 ], [ -117.083448, 32.997941 ], [ -117.083961, 32.994987 ], [ -117.082921, 32.987807 ], [ -117.083071, 32.985807 ], [ -117.084188, 32.982786 ], [ -117.086665, 32.978836 ], [ -117.088516, 32.978708 ], [ -117.090253, 32.977538 ], [ -117.092772, 32.979332 ], [ -117.09327, 32.980446 ], [ -117.09328, 32.981227 ], [ -117.091791, 32.984274 ], [ -117.090964, 32.986814 ], [ -117.091853, 32.988432 ], [ -117.09497, 32.985732 ], [ -117.098613, 32.98562 ], [ -117.100163, 32.994667 ], [ -117.101474, 32.995217 ], [ -117.101805, 32.996934 ] ] ] } },
{ "type": "Feature", "properties": { "STATEFP": "06", "COUNTYFP": "073", "TRACTCE": "017014", "GEOIDFQ": "1400000US06073017014", "GEOID": "06073017014", "NAME": "170.14", "NAMELSAD": "Census Tract 170.14", "STUSPS": "CA", "NAMELSADCO": "San Diego County", "STATE_NAME": "California", "LSAD": "CT", "ALAND": 2006792, "AWATER": 0, "centroid_lon": -117.06828846327578, "centroid_lat": 33.016027935280455, "B03002_001E": 2612, "B03002_001M": 372, "B03002_012E": 159, "B03002_012M": 104, "B19013_001E": 82549, "B19013_001M": 14643, "B01003_001E": 2612, "state": "06", "county": "073", "tract": "017014", "latino_share": 0.060872894333843797, "camera_count": 1, "arterial_road_m": 17539.455084535599, "land_area_km2": 2.006792, "pop_density_per_km2": 1301.579834880745, "arterial_km_per_km2": 8.7400463448805858, "log_income": 11.321147335404518, "city": "San Diego" }, "geometry": { "type": "Polygon", "coordinates": [ [ [ -117.07909, 33.023168 ], [ -117.077533, 33.022874 ], [ -117.074366, 33.022853 ], [ -117.070578, 33.022771 ], [ -117.065227, 33.019267 ], [ -117.063211, 33.018671 ], [ -117.060929, 33.018701 ], [ -117.060596, 33.017119 ], [ -117.059379, 33.01557 ], [ -117.05637, 33.011448 ], [ -117.055615, 33.011367 ], [ -117.056674, 33.007432 ], [ -117.058572, 33.008619 ], [ -117.06177, 33.009117 ], [ -117.063554, 33.009546 ], [ -117.069994, 33.012342 ], [ -117.071163, 33.013829 ], [ -117.072055, 33.015093 ], [ -117.073148, 33.015822 ], [ -117.076011, 33.017013 ], [ -117.076728, 33.015213 ], [ -117.077853, 33.013482 ], [ -117.080187, 33.012183 ], [ -117.07909, 33.023168 ] ] ] } },
{ "type": "Feature", "properties": { "STATEFP": "06", "COUNTYFP": "073", "TRACTCE": "002001", "GEOIDFQ": "1400000US06073002001", "GEOID": "06073002001", "NAME": "20.01", "NAMELSAD": "Census Tract 20.01", "STUSPS": "CA", "NAMELSADCO": "San Diego County", "STATE_NAME": "California", "LSAD": "CT", "ALAND": 2464898, "AWATER": 0, "centroid_lon": -117.10430981437521, "centroid_lat": 32.769974630496705, "B03002_001E": 3566, "B03002_001M": 463, "B03002_012E": 492, "B03002_012M": 198, "B19013_001E": 188306, "B19013_001M": 21061, "B01003_001E": 3566, "state": "06", "county": "073", "tract": "002001", "latino_share": 0.13796971396522714, "camera_count": 0, "arterial_road_m": 16613.445557674833, "land_area_km2": 2.464898, "pop_density_per_km2": 1446.7130080027653, "arterial_km_per_km2": 6.740013403262461, "log_income": 12.145823578184329, "city": "San Diego" }, "geometry": { "type": "Polygon", "coordinates": [ [ [ -117.11288, 32.771287 ], [ -117.111908, 32.776218 ], [ -117.112, 32.777023 ], [ -117.112508, 32.778519 ], [ -117.104432, 32.778695 ], [ -117.101038, 32.779036 ], [ -117.098134, 32.774976 ], [ -117.096931, 32.772377 ], [ -117.097245, 32.763637 ], [ -117.097714, 32.763298 ], [ -117.097442, 32.762706 ], [ -117.100796, 32.759388 ], [ -117.101243, 32.75825 ], [ -117.100783, 32.757076 ], [ -117.102901, 32.757073 ], [ -117.102451, 32.758501 ], [ -117.104792, 32.758846 ], [ -117.104746, 32.763225 ], [ -117.104724, 32.764918 ], [ -117.10731, 32.76495 ], [ -117.108332, 32.764959 ], [ -117.10942, 32.763267 ], [ -117.109633, 32.764392 ], [ -117.112371, 32.769342 ], [ -117.11288, 32.771287 ] ] ] } },
{ "type": "Feature", "properties": { "STATEFP": "06", "COUNTYFP": "073", "TRACTCE": "002702", "GEOIDFQ": "1400000US06073002702", "GEOID": "06073002702", "NAME": "27.02", "NAMELSAD": "Census Tract 27.02", "STUSPS": "CA", "NAMELSADCO": "San Diego County", "STATE_NAME": "California", "LSAD": "CT", "ALAND": 1359573, "AWATER": 0, "centroid_lon": -117.07275577187258, "centroid_lat": 32.754231369650128, "B03002_001E": 5559, "B03002_001M": 529, "B03002_012E": 1609, "B03002_012M": 438, "B19013_001E": 80090, "B19013_001M": 11113, "B01003_001E": 5559, "state": "06", "county": "073", "tract": "002702", "latino_share": 0.28944054686094622, "camera_count": 1, "arterial_road_m": 8968.3990517821821, "land_area_km2": 1.359573, "pop_density_per_km2": 4088.7837578416165, "arterial_km_per_km2": 6.5964821688737434, "log_income": 11.290906281317728, "city": "San Diego" }, "geometry": { "type": "Polygon", "coordinates": [ [ [ -117.079434, 32.753143 ], [ -117.079355, 32.757827 ], [ -117.072848, 32.758755 ], [ -117.072304, 32.758853 ], [ -117.069527, 32.760165 ], [ -117.067043, 32.761347 ], [ -117.066907, 32.760379 ], [ -117.066337, 32.758826 ], [ -117.066355, 32.757641 ], [ -117.066269, 32.75682 ], [ -117.06447, 32.752849 ], [ -117.067391, 32.751909 ], [ -117.072639, 32.748931 ], [ -117.0755, 32.747776 ], [ -117.079436, 32.748786 ], [ -117.079434, 32.753143 ] ] ] } },
{ "type": "Feature", "properties": { "STATEFP": "06", "COUNTYFP": "073", "TRACTCE": "009107", "GEOIDFQ": "1400000US06073009107", "GEOID": "06073009107", "NAME": "91.07", "NAMELSAD": "Census Tract 91.07", "STUSPS": "CA", "NAMELSADCO": "San Diego County", "STATE_NAME": "California", "LSAD": "CT", "ALAND": 806733, "AWATER": 0, "centroid_lon": -117.18864494928597, "centroid_lat": 32.767667239912527, "B03002_001E": 5066, "B03002_001M": 706, "B03002_012E": 943, "B03002_012M": 388, "B19013_001E": 75733, "B19013_001M": 21787, "B01003_001E": 5066, "state": "06", "county": "073", "tract": "009107", "latino_share": 0.18614291354125542, "camera_count": 1, "arterial_road_m": 4414.7950006922592, "land_area_km2": 0.806733, "pop_density_per_km2": 6279.6489049041002, "arterial_km_per_km2": 5.4724363583642406, "log_income": 11.234969275742886, "city": "San Diego" }, "geometry": { "type": "Polygon", "coordinates": [ [ [ -117.197928, 32.764149 ], [ -117.195146, 32.767428 ], [ -117.194444, 32.767986 ], [ -117.191013, 32.769062 ], [ -117.188199, 32.770306 ], [ -117.184196, 32.772074 ], [ -117.181868, 32.772597 ], [ -117.180533, 32.772022 ], [ -117.181558, 32.767785 ], [ -117.18321, 32.767112 ], [ -117.183634, 32.766265 ], [ -117.185312, 32.766263 ], [ -117.18681, 32.765793 ], [ -117.189676, 32.764831 ], [ -117.196975, 32.762987 ], [ -117.197917, 32.762849 ], [ -117.197928, 32.764149 ] ] ] } },
{ "type": "Feature", "properties": { "STATEFP": "06", "COUNTYFP": "073", "TRACTCE": "003901", "GEOIDFQ": "1400000US06073003901", "GEOID": "06073003901", "NAME": "39.01", "NAMELSAD": "Census Tract 39.01", "STUSPS": "CA", "NAMELSADCO": "San Diego County", "STATE_NAME": "California", "LSAD": "CT", "ALAND": 641542, "AWATER": 0, "centroid_lon": -117.12675364738837, "centroid_lat": 32.703554836057229, "B03002_001E": 4381, "B03002_001M": 698, "B03002_012E": 4029, "B03002_012M": 706, "B19013_001E": 67459, "B19013_001M": 9633, "B01003_001E": 4381, "state": "06", "county": "073", "tract": "003901", "latino_share": 0.91965304724948638, "camera_count": 1, "arterial_road_m": 6055.8152886915268, "land_area_km2": 0.641542, "pop_density_per_km2": 6828.8592173232628, "arterial_km_per_km2": 9.4394681699585181, "log_income": 11.119275284906601, "city": "San Diego" }, "geometry": { "type": "Polygon", "coordinates": [ [ [ -117.133881, 32.705342 ], [ -117.129522, 32.705368 ], [ -117.125221, 32.705371 ], [ -117.125222, 32.706434 ], [ -117.123856, 32.706735 ], [ -117.120525, 32.706639 ], [ -117.120347, 32.706545 ], [ -117.120621, 32.70121 ], [ -117.120886, 32.701208 ], [ -117.123886, 32.701205 ], [ -117.124036, 32.701199 ], [ -117.133839, 32.701148 ], [ -117.133857, 32.70324 ], [ -117.133881, 32.705342 ] ] ] } },
{ "type": "Feature", "properties": { "STATEFP": "06", "COUNTYFP": "073", "TRACTCE": "003501", "GEOIDFQ": "1400000US06073003501", "GEOID": "06073003501", "NAME": "35.01", "NAMELSAD": "Census Tract 35.01", "STUSPS": "CA", "NAMELSADCO": "San Diego County", "STATE_NAME": "California", "LSAD": "CT", "ALAND": 1188116, "AWATER": 0, "centroid_lon": -117.11452171503771, "centroid_lat": 32.706051696005659, "B03002_001E": 3591, "B03002_001M": 547, "B03002_012E": 2972, "B03002_012M": 555, "B19013_001E": 59974, "B19013_001M": 35259, "B01003_001E": 3591, "state": "06", "county": "073", "tract": "003501", "latino_share": 0.82762461709830126, "camera_count": 3, "arterial_road_m": 6237.0123399469894, "land_area_km2": 1.188116, "pop_density_per_km2": 3022.432153089429, "arterial_km_per_km2": 5.2494978099335334, "log_income": 11.001666413954883, "city": "San Diego" }, "geometry": { "type": "Polygon", "coordinates": [ [ [ -117.120347, 32.706545 ], [ -117.12031, 32.706778 ], [ -117.118839, 32.711621 ], [ -117.110689, 32.711489 ], [ -117.110496, 32.711499 ], [ -117.10978, 32.708964 ], [ -117.108088, 32.70428 ], [ -117.10806, 32.701289 ], [ -117.11251, 32.701274 ], [ -117.11679, 32.701242 ], [ -117.120621, 32.70121 ], [ -117.120347, 32.706545 ] ] ] } },
{ "type": "Feature", "properties": { "STATEFP": "06", "COUNTYFP": "073", "TRACTCE": "010103", "GEOIDFQ": "1400000US06073010103", "GEOID": "06073010103", "NAME": "101.03", "NAMELSAD": "Census Tract 101.03", "STUSPS": "CA", "NAMELSADCO": "San Diego County", "STATE_NAME": "California", "LSAD": "CT", "ALAND": 3340456, "AWATER": 3447455, "centroid_lon": -117.10182025815912, "centroid_lat": 32.594287886484764, "B03002_001E": 6592, "B03002_001M": 972, "B03002_012E": 5045, "B03002_012M": 869, "B19013_001E": 57500, "B19013_001M": 13303, "B01003_001E": 6592, "state": "06", "county": "073", "tract": "010103", "latino_share": 0.76532160194174759, "camera_count": 7, "arterial_road_m": 11234.926701359238, "land_area_km2": 3.340456, "pop_density_per_km2": 1973.3832746187945, "arterial_km_per_km2": 3.3632913294949067, "log_income": 10.959540226785442, "city": "San Diego" }, "geometry": { "type": "Polygon", "coordinates": [ [ [ -117.120062, 32.606893 ], [ -117.118733, 32.607349 ], [ -117.117681, 32.607534 ], [ -117.101562, 32.61207 ], [ -117.103462, 32.608354 ], [ -117.106662, 32.604954 ], [ -117.108462, 32.603854 ], [ -117.10445, 32.603094 ], [ -117.101992, 32.604291 ], [ -117.09989, 32.604529 ], [ -117.098188, 32.60515 ], [ -117.097823, 32.605067 ], [ -117.092565, 32.604602 ], [ -117.090122, 32.604378 ], [ -117.088931, 32.594937 ], [ -117.088328, 32.591194 ], [ -117.088059, 32.589501 ], [ -117.08755, 32.583798 ], [ -117.092685, 32.583778 ], [ -117.092755, 32.576509 ], [ -117.097073, 32.576509 ], [ -117.101242, 32.576503 ], [ -117.103841, 32.576517 ], [ -117.103839, 32.58227 ], [ -117.103848, 32.583787 ], [ -117.105547, 32.583803 ], [ -117.105568, 32.587552 ], [ -117.106919, 32.587737 ], [ -117.107062, 32.587755 ], [ -117.108197, 32.588017 ], [ -117.109298, 32.588603 ], [ -117.11187, 32.589327 ], [ -117.113292, 32.589662 ], [ -117.113422, 32.589686 ], [ -117.114423, 32.58999 ], [ -117.114654, 32.590432 ], [ -117.116999, 32.591339 ], [ -117.116992, 32.591415 ], [ -117.114461, 32.593255 ], [ -117.114611, 32.594135 ], [ -117.115529, 32.599707 ], [ -117.116823, 32.605284 ], [ -117.119763, 32.605254 ], [ -117.120062, 32.606893 ] ] ] } },
{ "type": "Feature", "properties": { "STATEFP": "06", "COUNTYFP": "073", "TRACTCE": "002905", "GEOIDFQ": "1400000US06073002905", "GEOID": "06073002905", "NAME": "29.05", "NAMELSAD": "Census Tract 29.05", "STUSPS": "CA", "NAMELSADCO": "San Diego County", "STATE_NAME": "California", "LSAD": "CT", "ALAND": 1146262, "AWATER": 0, "centroid_lon": -117.04960722097005, "centroid_lat": 32.771078323503296, "B03002_001E": 5310, "B03002_001M": 695, "B03002_012E": 1652, "B03002_012M": 611, "B19013_001E": 74500, "B19013_001M": 16280, "B01003_001E": 5310, "state": "06", "county": "073", "tract": "002905", "latino_share": 0.31111111111111112, "camera_count": 2, "arterial_road_m": 8489.2177822742196, "land_area_km2": 1.146262, "pop_density_per_km2": 4632.4487769811794, "arterial_km_per_km2": 7.4060012303244998, "log_income": 11.218554404367652, "city": "San Diego" }, "geometry": { "type": "Polygon", "coordinates": [ [ [ -117.056028, 32.777617 ], [ -117.050685, 32.776474 ], [ -117.048814, 32.775739 ], [ -117.048719, 32.775206 ], [ -117.048626, 32.77475 ], [ -117.048606, 32.774355 ], [ -117.048602, 32.774257 ], [ -117.047579, 32.773845 ], [ -117.047071, 32.773679 ], [ -117.046485, 32.773488 ], [ -117.047023, 32.770842 ], [ -117.040374, 32.771006 ], [ -117.040257, 32.771375 ], [ -117.039901, 32.770903 ], [ -117.038992, 32.770355 ], [ -117.038953, 32.768849 ], [ -117.040424, 32.768826 ], [ -117.040398, 32.767743 ], [ -117.04433, 32.767671 ], [ -117.045584, 32.766006 ], [ -117.051133, 32.766014 ], [ -117.051131, 32.767548 ], [ -117.053864, 32.767522 ], [ -117.053681, 32.768526 ], [ -117.054326, 32.768316 ], [ -117.056532, 32.769013 ], [ -117.055581, 32.772746 ], [ -117.056641, 32.77479 ], [ -117.056028, 32.777617 ] ] ] } },
{ "type": "Feature", "properties": { "STATEFP": "06", "COUNTYFP": "073", "TRACTCE": "008501", "GEOIDFQ": "1400000US06073008501", "GEOID": "06073008501", "NAME": "85.01", "NAMELSAD": "Census Tract 85.01", "STUSPS": "CA", "NAMELSADCO": "San Diego County", "STATE_NAME": "California", "LSAD": "CT", "ALAND": 3039525, "AWATER": 0, "centroid_lon": -117.22381628489649, "centroid_lat": 32.83187145599905, "B03002_001E": 5800, "B03002_001M": 994, "B03002_012E": 1197, "B03002_012M": 953, "B19013_001E": 131944, "B19013_001M": 25533, "B01003_001E": 5800, "state": "06", "county": "073", "tract": "008501", "latino_share": 0.20637931034482759, "camera_count": 0, "arterial_road_m": 16058.423214977342, "land_area_km2": 3.039525, "pop_density_per_km2": 1908.1928919814775, "arterial_km_per_km2": 5.2832015578017426, "log_income": 11.790132869127989, "city": "San Diego" }, "geometry": { "type": "Polygon", "coordinates": [ [ [ -117.234894, 32.838519 ], [ -117.233991, 32.838297 ], [ -117.233339, 32.838276 ], [ -117.222032, 32.840373 ], [ -117.217821, 32.8421 ], [ -117.215554, 32.83941 ], [ -117.216023, 32.836534 ], [ -117.216223, 32.835068 ], [ -117.215843, 32.831237 ], [ -117.21572, 32.83072 ], [ -117.213223, 32.828641 ], [ -117.214225, 32.827363 ], [ -117.214927, 32.825621 ], [ -117.214197, 32.823952 ], [ -117.215493, 32.823063 ], [ -117.217424, 32.822294 ], [ -117.219353, 32.822466 ], [ -117.220911, 32.824106 ], [ -117.22297, 32.824039 ], [ -117.224674, 32.825005 ], [ -117.226853, 32.825051 ], [ -117.228599, 32.823756 ], [ -117.230179, 32.823299 ], [ -117.230583, 32.823119 ], [ -117.232519, 32.825942 ], [ -117.233064, 32.828455 ], [ -117.233119, 32.833082 ], [ -117.235218, 32.838635 ], [ -117.234894, 32.838519 ] ] ] } },
{ "type": "Feature", "properties": { "STATEFP": "06", "COUNTYFP": "073", "TRACTCE": "008504", "GEOIDFQ": "1400000US06073008504", "GEOID": "06073008504", "NAME": "85.04", "NAMELSAD": "Census Tract 85.04", "STUSPS": "CA", "NAMELSADCO": "San Diego County", "STATE_NAME": "California", "LSAD": "CT", "ALAND": 3017640, "AWATER": 0, "centroid_lon": -117.19573784235752, "centroid_lat": 32.822619063007139, "B03002_001E": 5896, "B03002_001M": 896, "B03002_012E": 745, "B03002_012M": 470, "B19013_001E": 131429, "B19013_001M": 27167, "B01003_001E": 5896, "state": "06", "county": "073", "tract": "008504", "latino_share": 0.12635685210312075, "camera_count": 2, "arterial_road_m": 10414.783803293709, "land_area_km2": 3.01764, "pop_density_per_km2": 1953.8447263424398, "arterial_km_per_km2": 3.4513009515030646, "log_income": 11.786222060834158, "city": "San Diego" }, "geometry": { "type": "Polygon", "coordinates": [ [ [ -117.206116, 32.82769 ], [ -117.205025, 32.827684 ], [ -117.20269, 32.828122 ], [ -117.200808, 32.83292 ], [ -117.198618, 32.83425 ], [ -117.194798, 32.834478 ], [ -117.194807, 32.832914 ], [ -117.19474, 32.831089 ], [ -117.193274, 32.828624 ], [ -117.192946, 32.828125 ], [ -117.192277, 32.827413 ], [ -117.187761, 32.825118 ], [ -117.185173, 32.823864 ], [ -117.18402, 32.822906 ], [ -117.183361, 32.822099 ], [ -117.181889, 32.819327 ], [ -117.185423, 32.818031 ], [ -117.188367, 32.816953 ], [ -117.192683, 32.815447 ], [ -117.196139, 32.812655 ], [ -117.19809, 32.811911 ], [ -117.200973, 32.81173 ], [ -117.201222, 32.816109 ], [ -117.202724, 32.818387 ], [ -117.205771, 32.823426 ], [ -117.206116, 32.82769 ] ] ] } },
{ "type": "Feature", "properties": { "STATEFP": "06", "COUNTYFP": "073", "TRACTCE": "009103", "GEOIDFQ": "1400000US06073009103", "GEOID": "06073009103", "NAME": "91.03", "NAMELSAD": "Census Tract 91.03", "STUSPS": "CA", "NAMELSADCO": "San Diego County", "STATE_NAME": "California", "LSAD": "CT", "ALAND": 1807389, "AWATER": 0, "centroid_lon": -117.19578223622422, "centroid_lat": 32.787842939663115, "B03002_001E": 4138, "B03002_001M": 457, "B03002_012E": 442, "B03002_012M": 135, "B19013_001E": 153807, "B19013_001M": 31255, "B01003_001E": 4138, "state": "06", "county": "073", "tract": "009103", "latino_share": 0.10681488641855968, "camera_count": 2, "arterial_road_m": 7696.9852200833511, "land_area_km2": 1.807389, "pop_density_per_km2": 2289.4905302621628, "arterial_km_per_km2": 4.2586212597749302, "log_income": 11.943453848672062, "city": "San Diego" }, "geometry": { "type": "Polygon", "coordinates": [ [ [ -117.207622, 32.785189 ], [ -117.207123, 32.788536 ], [ -117.207216, 32.790612 ], [ -117.206963, 32.79065 ], [ -117.20604, 32.790709 ], [ -117.201264, 32.79018 ], [ -117.198763, 32.79096 ], [ -117.197161, 32.791753 ], [ -117.196692, 32.792282 ], [ -117.196116, 32.79328 ], [ -117.194222, 32.794406 ], [ -117.193606, 32.793416 ], [ -117.191663, 32.793431 ], [ -117.190388, 32.793878 ], [ -117.189612, 32.798033 ], [ -117.188945, 32.795343 ], [ -117.188945, 32.792824 ], [ -117.188099, 32.789536 ], [ -117.187018, 32.789112 ], [ -117.187168, 32.787501 ], [ -117.184878, 32.783673 ], [ -117.189504, 32.783761 ], [ -117.189651, 32.783005 ], [ -117.191209, 32.782302 ], [ -117.195426, 32.782411 ], [ -117.198696, 32.783842 ], [ -117.19985, 32.783987 ], [ -117.20663, 32.784839 ], [ -117.207332, 32.785118 ], [ -117.207622, 32.785189 ] ] ] } },
{ "type": "Feature", "properties": { "STATEFP": "06", "COUNTYFP": "073", "TRACTCE": "002100", "GEOIDFQ": "1400000US06073002100", "GEOID": "06073002100", "NAME": "21", "NAMELSAD": "Census Tract 21", "STUSPS": "CA", "NAMELSADCO": "San Diego County", "STATE_NAME": "California", "LSAD": "CT", "ALAND": 891317, "AWATER": 0, "centroid_lon": -117.10849228191226, "centroid_lat": 32.758758850107604, "B03002_001E": 5795, "B03002_001M": 734, "B03002_012E": 2431, "B03002_012M": 524, "B19013_001E": 76648, "B19013_001M": 16950, "B01003_001E": 5795, "state": "06", "county": "073", "tract": "002100", "latino_share": 0.4194995685936152, "camera_count": 2, "arterial_road_m": 10090.011858516544, "land_area_km2": 0.891317, "pop_density_per_km2": 6501.6150258549987, "arterial_km_per_km2": 11.320340415942413, "log_income": 11.24697879133071, "city": "San Diego" }, "geometry": { "type": "Polygon", "coordinates": [ [ [ -117.115743, 32.757165 ], [ -117.115233, 32.757163 ], [ -117.115179, 32.760953 ], [ -117.114099, 32.760947 ], [ -117.113803, 32.760548 ], [ -117.112033, 32.759953 ], [ -117.111196, 32.75997 ], [ -117.10956, 32.760795 ], [ -117.10942, 32.763267 ], [ -117.108332, 32.764959 ], [ -117.10731, 32.76495 ], [ -117.104724, 32.764918 ], [ -117.104746, 32.763225 ], [ -117.104792, 32.758846 ], [ -117.102451, 32.758501 ], [ -117.102901, 32.757073 ], [ -117.100783, 32.757076 ], [ -117.100807, 32.755116 ], [ -117.102928, 32.755132 ], [ -117.106122, 32.755154 ], [ -117.109329, 32.755176 ], [ -117.112546, 32.7552 ], [ -117.11362, 32.755206 ], [ -117.115767, 32.755221 ], [ -117.115743, 32.757165 ] ] ] } },
{ "type": "Feature", "properties": { "STATEFP": "06", "COUNTYFP": "073", "TRACTCE": "002903", "GEOIDFQ": "1400000US06073002903", "GEOID": "06073002903", "NAME": "29.03", "NAMELSAD": "Census Tract 29.03", "STUSPS": "CA", "NAMELSADCO": "San Diego County", "STATE_NAME": "California", "LSAD": "CT", "ALAND": 1407467, "AWATER": 0, "centroid_lon": -117.05529343291258, "centroid_lat": 32.74986365958916, "B03002_001E": 4606, "B03002_001M": 767, "B03002_012E": 1721, "B03002_012M": 434, "B19013_001E": 93344, "B19013_001M": 7103, "B01003_001E": 4606, "state": "06", "county": "073", "tract": "002903", "latino_share": 0.37364307425097698, "camera_count": 0, "arterial_road_m": 5492.2129136030035, "land_area_km2": 1.407467, "pop_density_per_km2": 3272.5456440541766, "arterial_km_per_km2": 3.9021965798153726, "log_income": 11.444046872667448, "city": "San Diego" }, "geometry": { "type": "Polygon", "coordinates": [ [ [ -117.06447, 32.752849 ], [ -117.058323, 32.754674 ], [ -117.05601, 32.755335 ], [ -117.053973, 32.755326 ], [ -117.050365, 32.75513 ], [ -117.049132, 32.755187 ], [ -117.049198, 32.750253 ], [ -117.049273, 32.74396 ], [ -117.049593, 32.743406 ], [ -117.05127, 32.742462 ], [ -117.052484, 32.743657 ], [ -117.053077, 32.744066 ], [ -117.053643, 32.744352 ], [ -117.054353, 32.74458 ], [ -117.057522, 32.745386 ], [ -117.058722, 32.745683 ], [ -117.060354, 32.746144 ], [ -117.061192, 32.746629 ], [ -117.062717, 32.750404 ], [ -117.06447, 32.752849 ] ] ] } },
{ "type": "Feature", "properties": { "STATEFP": "06", "COUNTYFP": "073", "TRACTCE": "003209", "GEOIDFQ": "1400000US06073003209", "GEOID": "06073003209", "NAME": "32.09", "NAMELSAD": "Census Tract 32.09", "STUSPS": "CA", "NAMELSADCO": "San Diego County", "STATE_NAME": "California", "LSAD": "CT", "ALAND": 1316743, "AWATER": 0, "centroid_lon": -117.038759910564, "centroid_lat": 32.683583468974767, "B03002_001E": 5277, "B03002_001M": 769, "B03002_012E": 1617, "B03002_012M": 371, "B19013_001E": 80436, "B19013_001M": 24081, "B01003_001E": 5277, "state": "06", "county": "073", "tract": "003209", "latino_share": 0.30642410460488917, "camera_count": 1, "arterial_road_m": 10127.398418183308, "land_area_km2": 1.316743, "pop_density_per_km2": 4007.615761010311, "arterial_km_per_km2": 7.6912491034190484, "log_income": 11.295217116145958, "city": "San Diego" }, "geometry": { "type": "Polygon", "coordinates": [ [ [ -117.046481, 32.688957 ], [ -117.043069, 32.690486 ], [ -117.036784, 32.691741 ], [ -117.037539, 32.687983 ], [ -117.037388, 32.686831 ], [ -117.036593, 32.685757 ], [ -117.035409, 32.685095 ], [ -117.033538, 32.684156 ], [ -117.031837, 32.682842 ], [ -117.030187, 32.681634 ], [ -117.03101, 32.681009 ], [ -117.036323, 32.676862 ], [ -117.039355, 32.673356 ], [ -117.039425, 32.673452 ], [ -117.039884, 32.674093 ], [ -117.040279, 32.675857 ], [ -117.040033, 32.678261 ], [ -117.040228, 32.679191 ], [ -117.040809, 32.680218 ], [ -117.042043, 32.681499 ], [ -117.043219, 32.682965 ], [ -117.043866, 32.685129 ], [ -117.045398, 32.687073 ], [ -117.045973, 32.687767 ], [ -117.046481, 32.688957 ] ] ] } },
{ "type": "Feature", "properties": { "STATEFP": "06", "COUNTYFP": "073", "TRACTCE": "006100", "GEOIDFQ": "1400000US06073006100", "GEOID": "06073006100", "NAME": "61", "NAMELSAD": "Census Tract 61", "STUSPS": "CA", "NAMELSADCO": "San Diego County", "STATE_NAME": "California", "LSAD": "CT", "ALAND": 892124, "AWATER": 0, "centroid_lon": -117.1737843711537, "centroid_lat": 32.736377263253452, "B03002_001E": 2225, "B03002_001M": 350, "B03002_012E": 556, "B03002_012M": 316, "B19013_001E": 95655, "B19013_001M": 16694, "B01003_001E": 2225, "state": "06", "county": "073", "tract": "006100", "latino_share": 0.2498876404494382, "camera_count": 0, "arterial_road_m": 13552.971947302096, "land_area_km2": 0.892124, "pop_density_per_km2": 2494.0479126220121, "arterial_km_per_km2": 15.191802874154373, "log_income": 11.468503247417482, "city": "San Diego" }, "geometry": { "type": "Polygon", "coordinates": [ [ [ -117.178514, 32.739662 ], [ -117.176102, 32.74115 ], [ -117.174637, 32.740752 ], [ -117.17492, 32.7431 ], [ -117.174025, 32.742112 ], [ -117.172213, 32.742095 ], [ -117.172212, 32.740732 ], [ -117.169025, 32.740775 ], [ -117.169015, 32.740717 ], [ -117.169907, 32.738547 ], [ -117.169568, 32.733281 ], [ -117.169948, 32.732022 ], [ -117.169468, 32.73083 ], [ -117.170501, 32.730507 ], [ -117.171114, 32.730315 ], [ -117.172816, 32.729777 ], [ -117.173697, 32.729501 ], [ -117.175226, 32.732522 ], [ -117.180596, 32.738309 ], [ -117.178514, 32.739662 ] ] ] } },
{ "type": "Feature", "properties": { "STATEFP": "06", "COUNTYFP": "073", "TRACTCE": "006500", "GEOIDFQ": "1400000US06073006500", "GEOID": "06073006500", "NAME": "65", "NAMELSAD": "Census Tract 65", "STUSPS": "CA", "NAMELSADCO": "San Diego County", "STATE_NAME": "California", "LSAD": "CT", "ALAND": 3723097, "AWATER": 0, "centroid_lon": -117.20081960245273, "centroid_lat": 32.752213572065685, "B03002_001E": 3554, "B03002_001M": 416, "B03002_012E": 623, "B03002_012M": 266, "B19013_001E": 69057, "B19013_001M": 12622, "B01003_001E": 3554, "state": "06", "county": "073", "tract": "006500", "latino_share": 0.17529544175576814, "camera_count": 17, "arterial_road_m": 53638.548682006614, "land_area_km2": 3.723097, "pop_density_per_km2": 954.58162921890028, "arterial_km_per_km2": 14.406970509231055, "log_income": 11.142687529513884, "city": "San Diego" }, "geometry": { "type": "Polygon", "coordinates": [ [ [ -117.224222, 32.75771 ], [ -117.212055, 32.759349 ], [ -117.204222, 32.759931 ], [ -117.204153, 32.759674 ], [ -117.204107, 32.759503 ], [ -117.203788, 32.759396 ], [ -117.202878, 32.759304 ], [ -117.196597, 32.760299 ], [ -117.194016, 32.760312 ], [ -117.189285, 32.75929 ], [ -117.189621, 32.758889 ], [ -117.189892, 32.758541 ], [ -117.190623, 32.756651 ], [ -117.191848, 32.757353 ], [ -117.194848, 32.754465 ], [ -117.194904, 32.75278 ], [ -117.189442, 32.74927 ], [ -117.190569, 32.747959 ], [ -117.187399, 32.746488 ], [ -117.185361, 32.746344 ], [ -117.184116, 32.745587 ], [ -117.181675, 32.74408 ], [ -117.181565, 32.743007 ], [ -117.182409, 32.742553 ], [ -117.180216, 32.741413 ], [ -117.178514, 32.739662 ], [ -117.180596, 32.738309 ], [ -117.181528, 32.739013 ], [ -117.184177, 32.740438 ], [ -117.191209, 32.743487 ], [ -117.195567, 32.7457 ], [ -117.197194, 32.745465 ], [ -117.198725, 32.745071 ], [ -117.206134, 32.749659 ], [ -117.208282, 32.750376 ], [ -117.212212, 32.750461 ], [ -117.215174, 32.75215 ], [ -117.219464, 32.754799 ], [ -117.224222, 32.75771 ] ] ] } },
{ "type": "Feature", "properties": { "STATEFP": "06", "COUNTYFP": "073", "TRACTCE": "000600", "GEOIDFQ": "1400000US06073000600", "GEOID": "06073000600", "NAME": "6", "NAMELSAD": "Census Tract 6", "STUSPS": "CA", "NAMELSADCO": "San Diego County", "STATE_NAME": "California", "LSAD": "CT", "ALAND": 932839, "AWATER": 0, "centroid_lon": -117.15195707699748, "centroid_lat": 32.753017744213494, "B03002_001E": 3111, "B03002_001M": 350, "B03002_012E": 535, "B03002_012M": 223, "B19013_001E": 99161, "B19013_001M": 8869, "B01003_001E": 3111, "state": "06", "county": "073", "tract": "000600", "latino_share": 0.17197042751526839, "camera_count": 1, "arterial_road_m": 12550.667076142528, "land_area_km2": 0.932839, "pop_density_per_km2": 3334.9806343859982, "arterial_km_per_km2": 13.454269253475173, "log_income": 11.504500070809854, "city": "San Diego" }, "geometry": { "type": "Polygon", "coordinates": [ [ [ -117.16068, 32.758289 ], [ -117.157215, 32.75745 ], [ -117.153197, 32.754538 ], [ -117.152296, 32.755095 ], [ -117.152167, 32.755537 ], [ -117.152243, 32.757205 ], [ -117.146252, 32.757216 ], [ -117.146371, 32.755245 ], [ -117.14634, 32.752144 ], [ -117.146331, 32.750289 ], [ -117.146322, 32.748423 ], [ -117.14954, 32.748413 ], [ -117.151221, 32.748506 ], [ -117.156008, 32.748393 ], [ -117.155388, 32.750379 ], [ -117.155694, 32.751313 ], [ -117.157778, 32.753075 ], [ -117.159814, 32.757135 ], [ -117.160946, 32.758263 ], [ -117.16068, 32.758289 ] ] ] } },
{ "type": "Feature", "properties": { "STATEFP": "06", "COUNTYFP": "073", "TRACTCE": "006900", "GEOIDFQ": "1400000US06073006900", "GEOID": "06073006900", "NAME": "69", "NAMELSAD": "Census Tract 69", "STUSPS": "CA", "NAMELSADCO": "San Diego County", "STATE_NAME": "California", "LSAD": "CT", "ALAND": 1820435, "AWATER": 0, "centroid_lon": -117.22197765919481, "centroid_lat": 32.743041741332689, "B03002_001E": 5878, "B03002_001M": 1001, "B03002_012E": 518, "B03002_012M": 247, "B19013_001E": 140768, "B19013_001M": 7025, "B01003_001E": 5878, "state": "06", "county": "073", "tract": "006900", "latino_share": 0.088125212657366447, "camera_count": 0, "arterial_road_m": 4055.4784678081337, "land_area_km2": 1.820435, "pop_density_per_km2": 3228.8985874255327, "arterial_km_per_km2": 2.2277524151140433, "log_income": 11.854868424148446, "city": "San Diego" }, "geometry": { "type": "Polygon", "coordinates": [ [ [ -117.230311, 32.740924 ], [ -117.227323, 32.745389 ], [ -117.227133, 32.746229 ], [ -117.227117, 32.746891 ], [ -117.224662, 32.749833 ], [ -117.222298, 32.751622 ], [ -117.219684, 32.749336 ], [ -117.217763, 32.749489 ], [ -117.213765, 32.746485 ], [ -117.214529, 32.745463 ], [ -117.212538, 32.744252 ], [ -117.219678, 32.735811 ], [ -117.222632, 32.737632 ], [ -117.224686, 32.735221 ], [ -117.229702, 32.738263 ], [ -117.23164, 32.739446 ], [ -117.230311, 32.740924 ] ] ] } },
{ "type": "Feature", "properties": { "STATEFP": "06", "COUNTYFP": "073", "TRACTCE": "001600", "GEOIDFQ": "1400000US06073001600", "GEOID": "06073001600", "NAME": "16", "NAMELSAD": "Census Tract 16", "STUSPS": "CA", "NAMELSADCO": "San Diego County", "STATE_NAME": "California", "LSAD": "CT", "ALAND": 688177, "AWATER": 0, "centroid_lon": -117.12129530784182, "centroid_lat": 32.7521629718591, "B03002_001E": 5065, "B03002_001M": 889, "B03002_012E": 2768, "B03002_012M": 1003, "B19013_001E": 63003, "B19013_001M": 13122, "B01003_001E": 5065, "state": "06", "county": "073", "tract": "001600", "latino_share": 0.54649555774925962, "camera_count": 2, "arterial_road_m": 7546.4889172402163, "land_area_km2": 0.688177, "pop_density_per_km2": 7360.0251098191302, "arterial_km_per_km2": 10.965912719024635, "log_income": 11.050937623287538, "city": "San Diego" }, "geometry": { "type": "Polygon", "coordinates": [ [ [ -117.126456, 32.755297 ], [ -117.125037, 32.755288 ], [ -117.122207, 32.755267 ], [ -117.121124, 32.75526 ], [ -117.118997, 32.755245 ], [ -117.117917, 32.755236 ], [ -117.115767, 32.755221 ], [ -117.115523, 32.75328 ], [ -117.11557, 32.749737 ], [ -117.116812, 32.749747 ], [ -117.119281, 32.749765 ], [ -117.120811, 32.74918 ], [ -117.122596, 32.748623 ], [ -117.123139, 32.748496 ], [ -117.125028, 32.74848 ], [ -117.126092, 32.748472 ], [ -117.12644, 32.74847 ], [ -117.126448, 32.752216 ], [ -117.126456, 32.755297 ] ] ] } },
{ "type": "Feature", "properties": { "STATEFP": "06", "COUNTYFP": "073", "TRACTCE": "008513", "GEOIDFQ": "1400000US06073008513", "GEOID": "06073008513", "NAME": "85.13", "NAMELSAD": "Census Tract 85.13", "STUSPS": "CA", "NAMELSADCO": "San Diego County", "STATE_NAME": "California", "LSAD": "CT", "ALAND": 1496047, "AWATER": 0, "centroid_lon": -117.18104676270089, "centroid_lat": 32.803446893077336, "B03002_001E": 2909, "B03002_001M": 328, "B03002_012E": 499, "B03002_012M": 168, "B19013_001E": 132500, "B19013_001M": 18926, "B01003_001E": 2909, "state": "06", "county": "073", "tract": "008513", "latino_share": 0.17153661051907873, "camera_count": 1, "arterial_road_m": 4503.7834141459243, "land_area_km2": 1.496047, "pop_density_per_km2": 1944.4576273339007, "arterial_km_per_km2": 3.0104558306964448, "log_income": 11.794337924408413, "city": "San Diego" }, "geometry": { "type": "Polygon", "coordinates": [ [ [ -117.189612, 32.798033 ], [ -117.185333, 32.800558 ], [ -117.185056, 32.801531 ], [ -117.183874, 32.804902 ], [ -117.18136, 32.80831 ], [ -117.181174, 32.810565 ], [ -117.181227, 32.811278 ], [ -117.181869, 32.81375 ], [ -117.182797, 32.816533 ], [ -117.180829, 32.81726 ], [ -117.17854, 32.812706 ], [ -117.178263, 32.811663 ], [ -117.177752, 32.810736 ], [ -117.176565, 32.809003 ], [ -117.175257, 32.80495 ], [ -117.174244, 32.803274 ], [ -117.173876, 32.802127 ], [ -117.174491, 32.800352 ], [ -117.178619, 32.797938 ], [ -117.181933, 32.797872 ], [ -117.184394, 32.796371 ], [ -117.18567, 32.794391 ], [ -117.188945, 32.792824 ], [ -117.188945, 32.795343 ], [ -117.189612, 32.798033 ] ] ] } },
{ "type": "Feature", "properties": { "STATEFP": "06", "COUNTYFP": "073", "TRACTCE": "002801", "GEOIDFQ": "1400000US06073002801", "GEOID": "06073002801", "NAME": "28.01", "NAMELSAD": "Census Tract 28.01", "STUSPS": "CA", "NAMELSADCO": "San Diego County", "STATE_NAME": "California", "LSAD": "CT", "ALAND": 2866252, "AWATER": 0, "centroid_lon": -117.08370055076803, "centroid_lat": 32.7755007772775, "B03002_001E": 4477, "B03002_001M": 384, "B03002_012E": 786, "B03002_012M": 228, "B19013_001E": 73795, "B19013_001M": 51570, "B01003_001E": 4477, "state": "06", "county": "073", "tract": "002801", "latino_share": 0.17556399374581194, "camera_count": 5, "arterial_road_m": 13170.454541770454, "land_area_km2": 2.866252, "pop_density_per_km2": 1561.9701268416038, "arterial_km_per_km2": 4.5950092810298795, "log_income": 11.209046257615876, "city": "San Diego" }, "geometry": { "type": "Polygon", "coordinates": [ [ [ -117.101038, 32.779036 ], [ -117.093455, 32.780286 ], [ -117.087933, 32.780609 ], [ -117.08551, 32.780579 ], [ -117.076285, 32.779344 ], [ -117.073328, 32.779165 ], [ -117.066422, 32.779288 ], [ -117.067561, 32.777519 ], [ -117.06785, 32.776821 ], [ -117.06777, 32.774911 ], [ -117.069944, 32.772492 ], [ -117.06983, 32.77072 ], [ -117.077405, 32.770718 ], [ -117.079114, 32.771005 ], [ -117.079496, 32.771109 ], [ -117.082115, 32.771509 ], [ -117.085986, 32.770054 ], [ -117.087133, 32.769721 ], [ -117.089632, 32.769631 ], [ -117.090479, 32.769783 ], [ -117.094785, 32.771855 ], [ -117.096931, 32.772377 ], [ -117.098134, 32.774976 ], [ -117.101038, 32.779036 ] ] ] } },
{ "type": "Feature", "properties": { "STATEFP": "06", "COUNTYFP": "073", "TRACTCE": "003115", "GEOIDFQ": "1400000US06073003115", "GEOID": "06073003115", "NAME": "31.15", "NAMELSAD": "Census Tract 31.15", "STUSPS": "CA", "NAMELSADCO": "San Diego County", "STATE_NAME": "California", "LSAD": "CT", "ALAND": 1532911, "AWATER": 0, "centroid_lon": -117.03793563536065, "centroid_lat": 32.695630063010867, "B03002_001E": 5613, "B03002_001M": 522, "B03002_012E": 1708, "B03002_012M": 407, "B19013_001E": 85156, "B19013_001M": 24370, "B01003_001E": 5613, "state": "06", "county": "073", "tract": "003115", "latino_share": 0.30429360413326206, "camera_count": 2, "arterial_road_m": 8505.9123149330117, "land_area_km2": 1.532911, "pop_density_per_km2": 3661.6607226381702, "arterial_km_per_km2": 5.5488624681622172, "log_income": 11.352240147495628, "city": "San Diego" }, "geometry": { "type": "Polygon", "coordinates": [ [ [ -117.049613, 32.695283 ], [ -117.042723, 32.697274 ], [ -117.04179, 32.697197 ], [ -117.03853, 32.697199 ], [ -117.034947, 32.698959 ], [ -117.035931, 32.700669 ], [ -117.037686, 32.701385 ], [ -117.036903, 32.702882 ], [ -117.034507, 32.702181 ], [ -117.030715, 32.702575 ], [ -117.030487, 32.701153 ], [ -117.030064, 32.700203 ], [ -117.027555, 32.69927 ], [ -117.025827, 32.697521 ], [ -117.029332, 32.695416 ], [ -117.033056, 32.693174 ], [ -117.035061, 32.692156 ], [ -117.036784, 32.691741 ], [ -117.043069, 32.690486 ], [ -117.046481, 32.688957 ], [ -117.049057, 32.692761 ], [ -117.049613, 32.695283 ] ] ] } },
{ "type": "Feature", "properties": { "STATEFP": "06", "COUNTYFP": "073", "TRACTCE": "003103", "GEOIDFQ": "1400000US06073003103", "GEOID": "06073003103", "NAME": "31.03", "NAMELSAD": "Census Tract 31.03", "STUSPS": "CA", "NAMELSADCO": "San Diego County", "STATE_NAME": "California", "LSAD": "CT", "ALAND": 2039646, "AWATER": 0, "centroid_lon": -117.04418865634663, "centroid_lat": 32.707024892135358, "B03002_001E": 6462, "B03002_001M": 811, "B03002_012E": 3480, "B03002_012M": 565, "B19013_001E": 99919, "B19013_001M": 22260, "B01003_001E": 6462, "state": "06", "county": "073", "tract": "003103", "latino_share": 0.53853296193129063, "camera_count": 1, "arterial_road_m": 7807.1025235930301, "land_area_km2": 2.039646, "pop_density_per_km2": 3168.1968341565157, "arterial_km_per_km2": 3.8276752552124389, "log_income": 11.512115136742974, "city": "San Diego" }, "geometry": { "type": "Polygon", "coordinates": [ [ [ -117.055301, 32.705295 ], [ -117.054521, 32.709302 ], [ -117.055073, 32.711068 ], [ -117.050228, 32.711815 ], [ -117.049293, 32.71229 ], [ -117.049294, 32.712092 ], [ -117.048494, 32.712023 ], [ -117.040679, 32.712093 ], [ -117.038203, 32.712127 ], [ -117.037418, 32.712408 ], [ -117.035331, 32.708488 ], [ -117.032211, 32.707046 ], [ -117.030996, 32.704167 ], [ -117.030715, 32.702575 ], [ -117.034507, 32.702181 ], [ -117.036903, 32.702882 ], [ -117.039433, 32.703752 ], [ -117.040336, 32.703918 ], [ -117.041219, 32.703881 ], [ -117.042879, 32.703317 ], [ -117.050785, 32.702414 ], [ -117.054683, 32.701289 ], [ -117.055301, 32.705295 ] ] ] } },
{ "type": "Feature", "properties": { "STATEFP": "06", "COUNTYFP": "073", "TRACTCE": "007002", "GEOIDFQ": "1400000US06073007002", "GEOID": "06073007002", "NAME": "70.02", "NAMELSAD": "Census Tract 70.02", "STUSPS": "CA", "NAMELSADCO": "San Diego County", "STATE_NAME": "California", "LSAD": "CT", "ALAND": 1443429, "AWATER": 0, "centroid_lon": -117.23559267203727, "centroid_lat": 32.732350913351524, "B03002_001E": 3170, "B03002_001M": 296, "B03002_012E": 181, "B03002_012M": 115, "B19013_001E": 179239, "B19013_001M": 43673, "B01003_001E": 3170, "state": "06", "county": "073", "tract": "007002", "latino_share": 0.057097791798107256, "camera_count": 0, "arterial_road_m": 4583.5705123317239, "land_area_km2": 1.443429, "pop_density_per_km2": 2196.1592845924529, "arterial_km_per_km2": 3.1754734817796533, "log_income": 12.09647538977271, "city": "San Diego" }, "geometry": { "type": "Polygon", "coordinates": [ [ [ -117.242359, 32.732497 ], [ -117.240918, 32.734147 ], [ -117.240186, 32.735007 ], [ -117.239589, 32.736021 ], [ -117.23796, 32.737488 ], [ -117.236967, 32.738399 ], [ -117.236242, 32.74092 ], [ -117.236121, 32.741991 ], [ -117.23164, 32.739446 ], [ -117.229702, 32.738263 ], [ -117.230607, 32.737203 ], [ -117.233286, 32.734197 ], [ -117.229241, 32.73159 ], [ -117.228795, 32.730387 ], [ -117.23082, 32.727969 ], [ -117.234707, 32.723433 ], [ -117.236289, 32.72449 ], [ -117.238504, 32.727277 ], [ -117.241448, 32.729458 ], [ -117.243624, 32.729551 ], [ -117.242359, 32.732497 ] ] ] } },
{ "type": "Feature", "properties": { "STATEFP": "06", "COUNTYFP": "073", "TRACTCE": "000100", "GEOIDFQ": "1400000US06073000100", "GEOID": "06073000100", "NAME": "1", "NAMELSAD": "Census Tract 1", "STUSPS": "CA", "NAMELSADCO": "San Diego County", "STATE_NAME": "California", "LSAD": "CT", "ALAND": 1536251, "AWATER": 0, "centroid_lon": -117.18596990586694, "centroid_lat": 32.753033139174171, "B03002_001E": 2746, "B03002_001M": 344, "B03002_012E": 300, "B03002_012M": 124, "B19013_001E": 211023, "B19013_001M": 92509, "B01003_001E": 2746, "state": "06", "county": "073", "tract": "000100", "latino_share": 0.10924981791697014, "camera_count": 0, "arterial_road_m": 4748.760232402261, "land_area_km2": 1.536251, "pop_density_per_km2": 1787.4683238611399, "arterial_km_per_km2": 3.0911356493191939, "log_income": 12.259722411256956, "city": "San Diego" }, "geometry": { "type": "Polygon", "coordinates": [ [ [ -117.194848, 32.754465 ], [ -117.191848, 32.757353 ], [ -117.190623, 32.756651 ], [ -117.189892, 32.758541 ], [ -117.189621, 32.758889 ], [ -117.185506, 32.758755 ], [ -117.178867, 32.75765 ], [ -117.178477, 32.750412 ], [ -117.179828, 32.750055 ], [ -117.181316, 32.748684 ], [ -117.183505, 32.746641 ], [ -117.184116, 32.745587 ], [ -117.185361, 32.746344 ], [ -117.187399, 32.746488 ], [ -117.190569, 32.747959 ], [ -117.189442, 32.74927 ], [ -117.194904, 32.75278 ], [ -117.194848, 32.754465 ] ] ] } },
{ "type": "Feature", "properties": { "STATEFP": "06", "COUNTYFP": "073", "TRACTCE": "010011", "GEOIDFQ": "1400000US06073010011", "GEOID": "06073010011", "NAME": "100.11", "NAMELSAD": "Census Tract 100.11", "STUSPS": "CA", "NAMELSADCO": "San Diego County", "STATE_NAME": "California", "LSAD": "CT", "ALAND": 885029, "AWATER": 0, "centroid_lon": -117.05478822190757, "centroid_lat": 32.579511130107697, "B03002_001E": 4472, "B03002_001M": 954, "B03002_012E": 3388, "B03002_012M": 934, "B19013_001E": 111429, "B19013_001M": 31027, "B01003_001E": 4472, "state": "06", "county": "073", "tract": "010011", "latino_share": 0.75760286225402507, "camera_count": 0, "arterial_road_m": 3747.9578409075248, "land_area_km2": 0.885029, "pop_density_per_km2": 5052.9417680098622, "arterial_km_per_km2": 4.2348418423662109, "log_income": 11.621142895756911, "city": "San Diego" }, "geometry": { "type": "Polygon", "coordinates": [ [ [ -117.062007, 32.583771 ], [ -117.058929, 32.583747 ], [ -117.058124, 32.58376 ], [ -117.054024, 32.583738 ], [ -117.050472, 32.583678 ], [ -117.050238, 32.582248 ], [ -117.050236, 32.578768 ], [ -117.050243, 32.576402 ], [ -117.049862, 32.573634 ], [ -117.052286, 32.573591 ], [ -117.053997, 32.573318 ], [ -117.054871, 32.575226 ], [ -117.057271, 32.576716 ], [ -117.058068, 32.57759 ], [ -117.058817, 32.57855 ], [ -117.061431, 32.581883 ], [ -117.061979, 32.583037 ], [ -117.062007, 32.583771 ] ] ] } },
{ "type": "Feature", "properties": { "STATEFP": "06", "COUNTYFP": "073", "TRACTCE": "007200", "GEOIDFQ": "1400000US06073007200", "GEOID": "06073007200", "NAME": "72", "NAMELSAD": "Census Tract 72", "STUSPS": "CA", "NAMELSADCO": "San Diego County", "STATE_NAME": "California", "LSAD": "CT", "ALAND": 2805781, "AWATER": 709604, "centroid_lon": -117.25142325697692, "centroid_lat": 32.722080730165501, "B03002_001E": 5809, "B03002_001M": 381, "B03002_012E": 699, "B03002_012M": 281, "B19013_001E": 177039, "B19013_001M": 28808, "B01003_001E": 5809, "state": "06", "county": "073", "tract": "007200", "latino_share": 0.12033052160440695, "camera_count": 0, "arterial_road_m": 10761.87561307388, "land_area_km2": 2.805781, "pop_density_per_km2": 2070.36828604941, "arterial_km_per_km2": 3.8356078443306441, "log_income": 12.084125326267948, "city": "San Diego" }, "geometry": { "type": "Polygon", "coordinates": [ [ [ -117.257487, 32.725254 ], [ -117.256841305872996, 32.725904355057096 ], [ -117.255409, 32.727347 ], [ -117.256628, 32.731721 ], [ -117.255881, 32.735578 ], [ -117.255504346026001, 32.736726350750999 ], [ -117.251361, 32.734233 ], [ -117.245545, 32.730649 ], [ -117.243624, 32.729551 ], [ -117.249415, 32.707777 ], [ -117.255434714600995, 32.707559506977603 ], [ -117.256091572208007, 32.713245 ], [ -117.256306, 32.715101 ], [ -117.255444, 32.715829 ], [ -117.256844, 32.71967 ], [ -117.257487, 32.725254 ] ] ] } },
{ "type": "Feature", "properties": { "STATEFP": "06", "COUNTYFP": "073", "TRACTCE": "006600", "GEOIDFQ": "1400000US06073006600", "GEOID": "06073006600", "NAME": "66", "NAMELSAD": "Census Tract 66", "STUSPS": "CA", "NAMELSADCO": "San Diego County", "STATE_NAME": "California", "LSAD": "CT", "ALAND": 509276, "AWATER": 0, "centroid_lon": -117.20615981249505, "centroid_lat": 32.745629188486895, "B03002_001E": 2001, "B03002_001M": 266, "B03002_012E": 609, "B03002_012M": 186, "B19013_001E": 101250, "B19013_001M": 29396, "B01003_001E": 2001, "state": "06", "county": "073", "tract": "006600", "latino_share": 0.30434782608695654, "camera_count": 0, "arterial_road_m": 3314.3689168498404, "land_area_km2": 0.509276, "pop_density_per_km2": 3929.1072031668491, "arterial_km_per_km2": 6.5080013918775688, "log_income": 11.525347984968786, "city": "San Diego" }, "geometry": { "type": "Polygon", "coordinates": [ [ [ -117.210741, 32.746121 ], [ -117.20922, 32.747156 ], [ -117.207543, 32.748215 ], [ -117.206134, 32.749659 ], [ -117.198725, 32.745071 ], [ -117.2059, 32.743298 ], [ -117.208963, 32.742537 ], [ -117.209555, 32.742539 ], [ -117.212538, 32.744252 ], [ -117.210741, 32.746121 ] ] ] } },
{ "type": "Feature", "properties": { "STATEFP": "06", "COUNTYFP": "073", "TRACTCE": "000400", "GEOIDFQ": "1400000US06073000400", "GEOID": "06073000400", "NAME": "4", "NAMELSAD": "Census Tract 4", "STUSPS": "CA", "NAMELSADCO": "San Diego County", "STATE_NAME": "California", "LSAD": "CT", "ALAND": 1177454, "AWATER": 0, "centroid_lon": -117.16306941592224, "centroid_lat": 32.753343896854723, "B03002_001E": 4079, "B03002_001M": 537, "B03002_012E": 1346, "B03002_012M": 394, "B19013_001E": 89565, "B19013_001M": 2746, "B01003_001E": 4079, "state": "06", "county": "073", "tract": "000400", "latino_share": 0.32998283893111058, "camera_count": 15, "arterial_road_m": 10765.977661325887, "land_area_km2": 1.177454, "pop_density_per_km2": 3464.2542298892354, "arterial_km_per_km2": 9.1434380122925294, "log_income": 11.402719897649202, "city": "San Diego" }, "geometry": { "type": "Polygon", "coordinates": [ [ [ -117.170867, 32.75865 ], [ -117.168156, 32.75916 ], [ -117.167457, 32.759166 ], [ -117.165379, 32.759316 ], [ -117.161561, 32.758795 ], [ -117.160946, 32.758263 ], [ -117.159814, 32.757135 ], [ -117.157778, 32.753075 ], [ -117.155694, 32.751313 ], [ -117.155388, 32.750379 ], [ -117.156008, 32.748393 ], [ -117.161606, 32.748259 ], [ -117.163892, 32.748236 ], [ -117.166015, 32.748916 ], [ -117.168645, 32.748968 ], [ -117.168661, 32.749864 ], [ -117.168187, 32.750876 ], [ -117.168312, 32.755687 ], [ -117.168416, 32.757038 ], [ -117.170867, 32.75865 ] ] ] } },
{ "type": "Feature", "properties": { "STATEFP": "06", "COUNTYFP": "073", "TRACTCE": "002602", "GEOIDFQ": "1400000US06073002602", "GEOID": "06073002602", "NAME": "26.02", "NAMELSAD": "Census Tract 26.02", "STUSPS": "CA", "NAMELSADCO": "San Diego County", "STATE_NAME": "California", "LSAD": "CT", "ALAND": 767313, "AWATER": 0, "centroid_lon": -117.09727656338312, "centroid_lat": 32.73579895532469, "B03002_001E": 4655, "B03002_001M": 767, "B03002_012E": 2722, "B03002_012M": 454, "B19013_001E": 58417, "B19013_001M": 27970, "B01003_001E": 4655, "state": "06", "county": "073", "tract": "002602", "latino_share": 0.58474758324382381, "camera_count": 1, "arterial_road_m": 1640.9903299475382, "land_area_km2": 0.767313, "pop_density_per_km2": 6066.6247020446672, "arterial_km_per_km2": 2.1386192205104542, "log_income": 10.975362222346542, "city": "San Diego" }, "geometry": { "type": "Polygon", "coordinates": [ [ [ -117.101037, 32.735163 ], [ -117.100981, 32.738506 ], [ -117.100962, 32.740265 ], [ -117.096588, 32.740274 ], [ -117.096588, 32.740248 ], [ -117.092279, 32.740275 ], [ -117.09223, 32.737109 ], [ -117.092463, 32.735897 ], [ -117.096074, 32.732133 ], [ -117.097652, 32.73053 ], [ -117.09975, 32.72884 ], [ -117.100992, 32.730505 ], [ -117.101037, 32.735163 ] ] ] } },
{ "type": "Feature", "properties": { "STATEFP": "06", "COUNTYFP": "073", "TRACTCE": "003404", "GEOIDFQ": "1400000US06073003404", "GEOID": "06073003404", "NAME": "34.04", "NAMELSAD": "Census Tract 34.04", "STUSPS": "CA", "NAMELSADCO": "San Diego County", "STATE_NAME": "California", "LSAD": "CT", "ALAND": 1670668, "AWATER": 0, "centroid_lon": -117.09389859568279, "centroid_lat": 32.713990376981833, "B03002_001E": 4595, "B03002_001M": 864, "B03002_012E": 2917, "B03002_012M": 638, "B19013_001E": 75843, "B19013_001M": 8514, "B01003_001E": 4595, "state": "06", "county": "073", "tract": "003404", "latino_share": 0.63482045701849832, "camera_count": 8, "arterial_road_m": 15861.916526229272, "land_area_km2": 1.670668, "pop_density_per_km2": 2750.3968472491242, "arterial_km_per_km2": 9.4943558661740521, "log_income": 11.236420693108572, "city": "San Diego" }, "geometry": { "type": "Polygon", "coordinates": [ [ [ -117.102928, 32.719121 ], [ -117.102683, 32.719132 ], [ -117.0962, 32.719173 ], [ -117.093567, 32.718466 ], [ -117.091804, 32.717958 ], [ -117.08493, 32.718046 ], [ -117.084995, 32.71044 ], [ -117.084986, 32.709532 ], [ -117.091104, 32.709487 ], [ -117.093666, 32.708796 ], [ -117.097324, 32.707659 ], [ -117.100908, 32.711459 ], [ -117.102115, 32.713049 ], [ -117.102902, 32.715097 ], [ -117.103046, 32.716174 ], [ -117.102928, 32.719121 ] ] ] } },
{ "type": "Feature", "properties": { "STATEFP": "06", "COUNTYFP": "073", "TRACTCE": "003601", "GEOIDFQ": "1400000US06073003601", "GEOID": "06073003601", "NAME": "36.01", "NAMELSAD": "Census Tract 36.01", "STUSPS": "CA", "NAMELSADCO": "San Diego County", "STATE_NAME": "California", "LSAD": "CT", "ALAND": 898925, "AWATER": 0, "centroid_lon": -117.11658865694908, "centroid_lat": 32.691038979794833, "B03002_001E": 3460, "B03002_001M": 918, "B03002_012E": 3179, "B03002_012M": 920, "B19013_001E": 83233, "B19013_001M": 14855, "B01003_001E": 3460, "state": "06", "county": "073", "tract": "003601", "latino_share": 0.91878612716763008, "camera_count": 3, "arterial_road_m": 10120.794162725486, "land_area_km2": 0.898925, "pop_density_per_km2": 3849.0419111716774, "arterial_km_per_km2": 11.258774828517938, "log_income": 11.329399182785968, "city": "San Diego" }, "geometry": { "type": "Polygon", "coordinates": [ [ [ -117.121731, 32.692818 ], [ -117.121621, 32.692993 ], [ -117.120676, 32.694686 ], [ -117.120747, 32.695987 ], [ -117.116749, 32.696003 ], [ -117.112462, 32.696036 ], [ -117.112428, 32.692341 ], [ -117.112413, 32.689767 ], [ -117.113648, 32.687268 ], [ -117.111775, 32.684366 ], [ -117.111053, 32.682513 ], [ -117.111452, 32.682784 ], [ -117.123222, 32.690933 ], [ -117.121731, 32.692818 ] ] ] } },
{ "type": "Feature", "properties": { "STATEFP": "06", "COUNTYFP": "073", "TRACTCE": "002904", "GEOIDFQ": "1400000US06073002904", "GEOID": "06073002904", "NAME": "29.04", "NAMELSAD": "Census Tract 29.04", "STUSPS": "CA", "NAMELSADCO": "San Diego County", "STATE_NAME": "California", "LSAD": "CT", "ALAND": 1802461, "AWATER": 0, "centroid_lon": -117.06268699565901, "centroid_lat": 32.771540882518636, "B03002_001E": 9812, "B03002_001M": 1336, "B03002_012E": 1413, "B03002_012M": 342, "B19013_001E": 45746, "B19013_001M": 13495, "B01003_001E": 9812, "state": "06", "county": "073", "tract": "002904", "latino_share": 0.1440073379535263, "camera_count": 7, "arterial_road_m": 11466.706939583428, "land_area_km2": 1.802461, "pop_density_per_km2": 5443.6684066950684, "arterial_km_per_km2": 6.3616948935835103, "log_income": 10.730859635187304, "city": "San Diego" }, "geometry": { "type": "Polygon", "coordinates": [ [ [ -117.069944, 32.772492 ], [ -117.06777, 32.774911 ], [ -117.06785, 32.776821 ], [ -117.067561, 32.777519 ], [ -117.066422, 32.779288 ], [ -117.06631, 32.779465 ], [ -117.063707, 32.77945 ], [ -117.056028, 32.777617 ], [ -117.056641, 32.77479 ], [ -117.055581, 32.772746 ], [ -117.056532, 32.769013 ], [ -117.054326, 32.768316 ], [ -117.056651, 32.767234 ], [ -117.05923, 32.766324 ], [ -117.060717, 32.764995 ], [ -117.061336, 32.764494 ], [ -117.067043, 32.761347 ], [ -117.066917, 32.765743 ], [ -117.067249, 32.766494 ], [ -117.067346, 32.766672 ], [ -117.069675, 32.770333 ], [ -117.06983, 32.77072 ], [ -117.069944, 32.772492 ] ] ] } },
{ "type": "Feature", "properties": { "STATEFP": "06", "COUNTYFP": "073", "TRACTCE": "010109", "GEOIDFQ": "1400000US06073010109", "GEOID": "06073010109", "NAME": "101.09", "NAMELSAD": "Census Tract 101.09", "STUSPS": "CA", "NAMELSADCO": "San Diego County", "STATE_NAME": "California", "LSAD": "CT", "ALAND": 12019277, "AWATER": 904239, "centroid_lon": -117.0913988899093, "centroid_lat": 32.549053857812829, "B03002_001E": 4824, "B03002_001M": 848, "B03002_012E": 3799, "B03002_012M": 857, "B19013_001E": 104630, "B19013_001M": 10198, "B01003_001E": 4824, "state": "06", "county": "073", "tract": "010109", "latino_share": 0.78752072968490883, "camera_count": 4, "arterial_road_m": 12122.146442941968, "land_area_km2": 12.019277, "pop_density_per_km2": 401.35525622714243, "arterial_km_per_km2": 1.0085587047325699, "log_income": 11.558185596375093, "city": "San Diego" }, "geometry": { "type": "Polygon", "coordinates": [ [ [ -117.118752, 32.558216 ], [ -117.101435, 32.558265 ], [ -117.092772, 32.55822 ], [ -117.084081, 32.558202 ], [ -117.08407, 32.56387 ], [ -117.080765, 32.564538 ], [ -117.079122, 32.564414 ], [ -117.075979, 32.56419 ], [ -117.073561, 32.565486 ], [ -117.06426, 32.559552 ], [ -117.062408, 32.558706 ], [ -117.062407, 32.558186 ], [ -117.06242, 32.556712 ], [ -117.062413, 32.554517 ], [ -117.062393, 32.551927 ], [ -117.062906, 32.550392 ], [ -117.066915, 32.54564 ], [ -117.068007, 32.545136 ], [ -117.071069, 32.544639 ], [ -117.07111, 32.543107 ], [ -117.070707, 32.542431 ], [ -117.06794, 32.541017 ], [ -117.066729, 32.540672 ], [ -117.063974, 32.540008 ], [ -117.062632361813002, 32.539866045336197 ], [ -117.062759, 32.539857 ], [ -117.066734017444006, 32.539503151725 ], [ -117.118880269830001, 32.534861194371601 ], [ -117.118752, 32.558216 ] ] ] } },
{ "type": "Feature", "properties": { "STATEFP": "06", "COUNTYFP": "073", "TRACTCE": "010001", "GEOIDFQ": "1400000US06073010001", "GEOID": "06073010001", "NAME": "100.01", "NAMELSAD": "Census Tract 100.01", "STUSPS": "CA", "NAMELSADCO": "San Diego County", "STATE_NAME": "California", "LSAD": "CT", "ALAND": 2103617, "AWATER": 0, "centroid_lon": -117.05548443266136, "centroid_lat": 32.586820147848826, "B03002_001E": 3948, "B03002_001M": 749, "B03002_012E": 2691, "B03002_012M": 721, "B19013_001E": 101591, "B19013_001M": 31452, "B01003_001E": 3948, "state": "06", "county": "073", "tract": "010001", "latino_share": 0.68161094224924013, "camera_count": 1, "arterial_road_m": 7014.4807175364404, "land_area_km2": 2.103617, "pop_density_per_km2": 1876.7674914207294, "arterial_km_per_km2": 3.3344856585283544, "log_income": 11.528710227525677, "city": "San Diego" }, "geometry": { "type": "Polygon", "coordinates": [ [ [ -117.073087, 32.591099 ], [ -117.071188, 32.590736 ], [ -117.065747, 32.590651 ], [ -117.064002, 32.590379 ], [ -117.06248, 32.590496 ], [ -117.062422, 32.591068 ], [ -117.062086, 32.591431 ], [ -117.062568, 32.591858 ], [ -117.061998, 32.59205 ], [ -117.060817, 32.591867 ], [ -117.059344, 32.591036 ], [ -117.058125, 32.590372 ], [ -117.05736, 32.589955 ], [ -117.05446, 32.588055 ], [ -117.053804, 32.587946 ], [ -117.05326, 32.587855 ], [ -117.05206, 32.587855 ], [ -117.050259, 32.587555 ], [ -117.049254, 32.587555 ], [ -117.046977, 32.5874 ], [ -117.046094, 32.587412 ], [ -117.044929, 32.587924 ], [ -117.036659, 32.590455 ], [ -117.036138, 32.590902 ], [ -117.03626, 32.586979 ], [ -117.036845, 32.583744 ], [ -117.041704, 32.58371 ], [ -117.045388, 32.583689 ], [ -117.050472, 32.583678 ], [ -117.054024, 32.583738 ], [ -117.058124, 32.58376 ], [ -117.058929, 32.583747 ], [ -117.062007, 32.583771 ], [ -117.063233, 32.583807 ], [ -117.071162, 32.583801 ], [ -117.071673, 32.587844 ], [ -117.073212, 32.591123 ], [ -117.073087, 32.591099 ] ] ] } },
{ "type": "Feature", "properties": { "STATEFP": "06", "COUNTYFP": "073", "TRACTCE": "003105", "GEOIDFQ": "1400000US06073003105", "GEOID": "06073003105", "NAME": "31.05", "NAMELSAD": "Census Tract 31.05", "STUSPS": "CA", "NAMELSADCO": "San Diego County", "STATE_NAME": "California", "LSAD": "CT", "ALAND": 1210504, "AWATER": 0, "centroid_lon": -117.02962012436305, "centroid_lat": 32.710713731281942, "B03002_001E": 4343, "B03002_001M": 971, "B03002_012E": 2709, "B03002_012M": 781, "B19013_001E": 108068, "B19013_001M": 28865, "B01003_001E": 4343, "state": "06", "county": "073", "tract": "003105", "latino_share": 0.62376237623762376, "camera_count": 0, "arterial_road_m": 5071.5594009410506, "land_area_km2": 1.210504, "pop_density_per_km2": 3587.7617917825964, "arterial_km_per_km2": 4.1896263051927551, "log_income": 11.590515937602413, "city": "San Diego" }, "geometry": { "type": "Polygon", "coordinates": [ [ [ -117.037418, 32.712408 ], [ -117.0333, 32.715119 ], [ -117.032619, 32.715302 ], [ -117.031941, 32.71548 ], [ -117.027402, 32.716916 ], [ -117.025868, 32.717786 ], [ -117.024406, 32.712331 ], [ -117.023106, 32.7071 ], [ -117.023302, 32.706885 ], [ -117.028526, 32.705248 ], [ -117.02917, 32.704028 ], [ -117.030057, 32.702686 ], [ -117.030715, 32.702575 ], [ -117.030996, 32.704167 ], [ -117.032211, 32.707046 ], [ -117.035331, 32.708488 ], [ -117.037418, 32.712408 ] ] ] } },
{ "type": "Feature", "properties": { "STATEFP": "06", "COUNTYFP": "073", "TRACTCE": "002711", "GEOIDFQ": "1400000US06073002711", "GEOID": "06073002711", "NAME": "27.11", "NAMELSAD": "Census Tract 27.11", "STUSPS": "CA", "NAMELSADCO": "San Diego County", "STATE_NAME": "California", "LSAD": "CT", "ALAND": 1398125, "AWATER": 54358, "centroid_lon": -117.06932783653474, "centroid_lat": 32.739024422211244, "B03002_001E": 3772, "B03002_001M": 527, "B03002_012E": 1180, "B03002_012M": 380, "B19013_001E": 87011, "B19013_001M": 16250, "B01003_001E": 3772, "state": "06", "county": "073", "tract": "002711", "latino_share": 0.31283138918345704, "camera_count": 0, "arterial_road_m": 6323.3410510290523, "land_area_km2": 1.398125, "pop_density_per_km2": 2697.8989718372818, "arterial_km_per_km2": 4.5227294061897556, "log_income": 11.373789826425874, "city": "San Diego" }, "geometry": { "type": "Polygon", "coordinates": [ [ [ -117.079639, 32.735878 ], [ -117.079523, 32.743168 ], [ -117.074518, 32.742522 ], [ -117.071612, 32.743358 ], [ -117.070583, 32.742707 ], [ -117.069945, 32.74147 ], [ -117.067122, 32.74214 ], [ -117.066721, 32.74101 ], [ -117.066715, 32.741789 ], [ -117.058016, 32.74192 ], [ -117.05804, 32.738622 ], [ -117.058047, 32.738003 ], [ -117.060371, 32.736226 ], [ -117.062381, 32.735441 ], [ -117.069306, 32.735006 ], [ -117.072881, 32.736174 ], [ -117.075211, 32.736295 ], [ -117.076606, 32.735782 ], [ -117.077388, 32.735734 ], [ -117.079645, 32.735774 ], [ -117.079639, 32.735878 ] ] ] } },
{ "type": "Feature", "properties": { "STATEFP": "06", "COUNTYFP": "073", "TRACTCE": "007908", "GEOIDFQ": "1400000US06073007908", "GEOID": "06073007908", "NAME": "79.08", "NAMELSAD": "Census Tract 79.08", "STUSPS": "CA", "NAMELSADCO": "San Diego County", "STATE_NAME": "California", "LSAD": "CT", "ALAND": 459184, "AWATER": 0, "centroid_lon": -117.23449462006511, "centroid_lat": 32.798150929786587, "B03002_001E": 3285, "B03002_001M": 509, "B03002_012E": 425, "B03002_012M": 177, "B19013_001E": 89936, "B19013_001M": 25549, "B01003_001E": 3285, "state": "06", "county": "073", "tract": "007908", "latino_share": 0.12937595129375951, "camera_count": 0, "arterial_road_m": 4297.2251394122113, "land_area_km2": 0.459184, "pop_density_per_km2": 7153.9949127147293, "arterial_km_per_km2": 9.3583947598614312, "log_income": 11.406853585241857, "city": "San Diego" }, "geometry": { "type": "Polygon", "coordinates": [ [ [ -117.238989, 32.800201 ], [ -117.237249, 32.800583 ], [ -117.231688, 32.801807 ], [ -117.231326, 32.800609 ], [ -117.231107, 32.799879 ], [ -117.230506, 32.79796 ], [ -117.229956, 32.796197 ], [ -117.230868, 32.795986 ], [ -117.234617, 32.795151 ], [ -117.235423, 32.794749 ], [ -117.237199, 32.794372 ], [ -117.237807, 32.796346 ], [ -117.238398, 32.798279 ], [ -117.238989, 32.800201 ] ] ] } },
{ "type": "Feature", "properties": { "STATEFP": "06", "COUNTYFP": "073", "TRACTCE": "008361", "GEOIDFQ": "1400000US06073008361", "GEOID": "06073008361", "NAME": "83.61", "NAMELSAD": "Census Tract 83.61", "STUSPS": "CA", "NAMELSADCO": "San Diego County", "STATE_NAME": "California", "LSAD": "CT", "ALAND": 564627, "AWATER": 0, "centroid_lon": -117.23414011125911, "centroid_lat": 32.868101435133667, "B03002_001E": 2720, "B03002_001M": 432, "B03002_012E": 226, "B03002_012M": 117, "B19013_001E": 97772, "B19013_001M": 23700, "B01003_001E": 2720, "state": "06", "county": "073", "tract": "008361", "latino_share": 0.083088235294117643, "camera_count": 0, "arterial_road_m": 4785.2766797325958, "land_area_km2": 0.564627, "pop_density_per_km2": 4817.3395887904762, "arterial_km_per_km2": 8.4751113208057642, "log_income": 11.490393516463142, "city": "San Diego" }, "geometry": { "type": "Polygon", "coordinates": [ [ [ -117.237889, 32.871801 ], [ -117.231331, 32.871713 ], [ -117.229345, 32.872071 ], [ -117.229043, 32.872135 ], [ -117.229473, 32.86825 ], [ -117.233363, 32.867533 ], [ -117.234197, 32.865017 ], [ -117.233158, 32.863543 ], [ -117.23353, 32.86096 ], [ -117.235677, 32.862095 ], [ -117.236264, 32.862241 ], [ -117.23613, 32.862951 ], [ -117.236227, 32.864173 ], [ -117.238144, 32.86949 ], [ -117.237889, 32.871801 ] ] ] } },
{ "type": "Feature", "properties": { "STATEFP": "06", "COUNTYFP": "073", "TRACTCE": "008346", "GEOIDFQ": "1400000US06073008346", "GEOID": "06073008346", "NAME": "83.46", "NAMELSAD": "Census Tract 83.46", "STUSPS": "CA", "NAMELSADCO": "San Diego County", "STATE_NAME": "California", "LSAD": "CT", "ALAND": 11742272, "AWATER": 0, "centroid_lon": -117.18771534245445, "centroid_lat": 32.912582178321522, "B03002_001E": 4255, "B03002_001M": 479, "B03002_012E": 436, "B03002_012M": 196, "B19013_001E": 177386, "B19013_001M": 18781, "B01003_001E": 4255, "state": "06", "county": "073", "tract": "008346", "latino_share": 0.10246768507638072, "camera_count": 2, "arterial_road_m": 43175.126066382509, "land_area_km2": 11.742272, "pop_density_per_km2": 362.3659884560671, "arterial_km_per_km2": 3.676897117217393, "log_income": 12.086083428043338, "city": "San Diego" }, "geometry": { "type": "Polygon", "coordinates": [ [ [ -117.223372, 32.904789 ], [ -117.22285, 32.904578 ], [ -117.22186, 32.905233 ], [ -117.214631, 32.905839 ], [ -117.213495, 32.906533 ], [ -117.212207, 32.907463 ], [ -117.211535, 32.907957 ], [ -117.210062, 32.908579 ], [ -117.206784, 32.910938 ], [ -117.205595, 32.913015 ], [ -117.205852, 32.914067 ], [ -117.205696, 32.914766 ], [ -117.205187, 32.915112 ], [ -117.20398, 32.915128 ], [ -117.202801, 32.914898 ], [ -117.202103, 32.91497 ], [ -117.201522, 32.915307 ], [ -117.200201, 32.916791 ], [ -117.20007, 32.917576 ], [ -117.199594, 32.918126 ], [ -117.199392, 32.918676 ], [ -117.198942, 32.91905 ], [ -117.197605, 32.919342 ], [ -117.196264, 32.919185 ], [ -117.194844, 32.918869 ], [ -117.1937, 32.917956 ], [ -117.191633, 32.918341 ], [ -117.189599, 32.919848 ], [ -117.1872, 32.920442 ], [ -117.186476, 32.922603 ], [ -117.183157, 32.925814 ], [ -117.179089, 32.925688 ], [ -117.17815, 32.92665 ], [ -117.17354, 32.927777 ], [ -117.166861, 32.93243 ], [ -117.165387, 32.933835 ], [ -117.164651, 32.934418 ], [ -117.162447, 32.934951 ], [ -117.161351, 32.935429 ], [ -117.158201, 32.936286 ], [ -117.157477, 32.936869 ], [ -117.155879, 32.937298 ], [ -117.154177, 32.93733 ], [ -117.152593, 32.936805 ], [ -117.15117, 32.936718 ], [ -117.14943, 32.938022 ], [ -117.145036, 32.938193 ], [ -117.144882, 32.935903 ], [ -117.144505, 32.932096 ], [ -117.145454, 32.93178 ], [ -117.149464, 32.931374 ], [ -117.153645, 32.927782 ], [ -117.155278, 32.927223 ], [ -117.158635, 32.928069 ], [ -117.160411, 32.928073 ], [ -117.162599, 32.927539 ], [ -117.166629, 32.924366 ], [ -117.167275, 32.923341 ], [ -117.168593, 32.921327 ], [ -117.172429, 32.918694 ], [ -117.174366, 32.918209 ], [ -117.177858, 32.918767 ], [ -117.178288, 32.91801 ], [ -117.177901, 32.915697 ], [ -117.174655, 32.914121 ], [ -117.173399, 32.913217 ], [ -117.17195, 32.910486 ], [ -117.171302, 32.907565 ], [ -117.180133, 32.905891 ], [ -117.189442, 32.899999 ], [ -117.191152, 32.898591 ], [ -117.195736, 32.893541 ], [ -117.200189, 32.892661 ], [ -117.2014, 32.891339 ], [ -117.204354, 32.891832 ], [ -117.206068, 32.890622 ], [ -117.208031, 32.891786 ], [ -117.212443, 32.893708 ], [ -117.214651, 32.895113 ], [ -117.221716, 32.902239 ], [ -117.223206, 32.903836 ], [ -117.223372, 32.904789 ] ] ] } },
{ "type": "Feature", "properties": { "STATEFP": "06", "COUNTYFP": "073", "TRACTCE": "009306", "GEOIDFQ": "1400000US06073009306", "GEOID": "06073009306", "NAME": "93.06", "NAMELSAD": "Census Tract 93.06", "STUSPS": "CA", "NAMELSADCO": "San Diego County", "STATE_NAME": "California", "LSAD": "CT", "ALAND": 2846150, "AWATER": 0, "centroid_lon": -117.11975667384149, "centroid_lat": 32.799765071581369, "B03002_001E": 5746, "B03002_001M": 698, "B03002_012E": 913, "B03002_012M": 290, "B19013_001E": 136375, "B19013_001M": 30248, "B01003_001E": 5746, "state": "06", "county": "073", "tract": "009306", "latino_share": 0.15889314305603899, "camera_count": 0, "arterial_road_m": 14716.923900649103, "land_area_km2": 2.84615, "pop_density_per_km2": 2018.8675930643149, "arterial_km_per_km2": 5.1708180878200736, "log_income": 11.823163723135371, "city": "San Diego" }, "geometry": { "type": "Polygon", "coordinates": [ [ [ -117.129749, 32.809867 ], [ -117.127709, 32.809853 ], [ -117.121437, 32.808287 ], [ -117.119043, 32.808712 ], [ -117.114882, 32.810198 ], [ -117.11425, 32.810371 ], [ -117.112624, 32.799338 ], [ -117.112198, 32.794801 ], [ -117.112537, 32.792414 ], [ -117.114061, 32.788259 ], [ -117.116837, 32.787659 ], [ -117.120202, 32.786721 ], [ -117.120734, 32.789472 ], [ -117.12275, 32.792601 ], [ -117.124225, 32.794707 ], [ -117.127264, 32.800163 ], [ -117.127935, 32.801269 ], [ -117.12894, 32.80185 ], [ -117.128743, 32.80227 ], [ -117.128779, 32.804954 ], [ -117.128784, 32.807101 ], [ -117.128875, 32.807756 ], [ -117.129749, 32.809867 ] ] ] } },
{ "type": "Feature", "properties": { "STATEFP": "06", "COUNTYFP": "073", "TRACTCE": "006200", "GEOIDFQ": "1400000US06073006200", "GEOID": "06073006200", "NAME": "62", "NAMELSAD": "Census Tract 62", "STUSPS": "CA", "NAMELSADCO": "San Diego County", "STATE_NAME": "California", "LSAD": "CT", "ALAND": 3629159, "AWATER": 0, "centroid_lon": -117.19208607789228, "centroid_lat": 32.731791410680977, "B03002_001E": 31, "B03002_001M": 4, "B03002_012E": 0, "B03002_012M": 14, "B19013_001E": -666666666, "B19013_001M": -222222222, "B01003_001E": 31, "state": "06", "county": "073", "tract": "006200", "latino_share": 0.0, "camera_count": 1, "arterial_road_m": 30186.50326798037, "land_area_km2": 3.629159, "pop_density_per_km2": 8.5419239002755187, "arterial_km_per_km2": 8.3177681848550513, "log_income": null, "city": "San Diego" }, "geometry": { "type": "Polygon", "coordinates": [ [ [ -117.213551, 32.724871 ], [ -117.205588, 32.725901 ], [ -117.198881, 32.726187 ], [ -117.198751, 32.727975 ], [ -117.199734, 32.728676 ], [ -117.204607, 32.72873 ], [ -117.20961, 32.72839 ], [ -117.208904, 32.729009 ], [ -117.207924, 32.73497 ], [ -117.206258, 32.736549 ], [ -117.205871, 32.738241 ], [ -117.201536, 32.737637 ], [ -117.196293, 32.736069 ], [ -117.191468, 32.734904 ], [ -117.189751, 32.737466 ], [ -117.187901, 32.739247 ], [ -117.185795, 32.739115 ], [ -117.184177, 32.740438 ], [ -117.181528, 32.739013 ], [ -117.180596, 32.738309 ], [ -117.175226, 32.732522 ], [ -117.173697, 32.729501 ], [ -117.177055, 32.728445 ], [ -117.178366, 32.727363 ], [ -117.179891, 32.727106 ], [ -117.180834, 32.725528 ], [ -117.184894, 32.726886 ], [ -117.184477, 32.728047 ], [ -117.186065, 32.728432 ], [ -117.188823, 32.727134 ], [ -117.195511, 32.727222 ], [ -117.194587, 32.725737 ], [ -117.188003, 32.724857 ], [ -117.188335, 32.723928 ], [ -117.197202, 32.724879 ], [ -117.20659, 32.724718 ], [ -117.213037, 32.723881 ], [ -117.213896, 32.724057 ], [ -117.213551, 32.724871 ] ] ] } },
{ "type": "Feature", "properties": { "STATEFP": "06", "COUNTYFP": "073", "TRACTCE": "017043", "GEOIDFQ": "1400000US06073017043", "GEOID": "06073017043", "NAME": "170.43", "NAMELSAD": "Census Tract 170.43", "STUSPS": "CA", "NAMELSADCO": "San Diego County", "STATE_NAME": "California", "LSAD": "CT", "ALAND": 3035943, "AWATER": 0, "centroid_lon": -117.10580435199994, "centroid_lat": 32.928180911273422, "B03002_001E": 5963, "B03002_001M": 839, "B03002_012E": 1077, "B03002_012M": 494, "B19013_001E": 192895, "B19013_001M": 18646, "B01003_001E": 5963, "state": "06", "county": "073", "tract": "017043", "latino_share": 0.18061378500754655, "camera_count": 6, "arterial_road_m": 19230.44147068878, "land_area_km2": 3.035943, "pop_density_per_km2": 1964.1343727467874, "arterial_km_per_km2": 6.3342564306012266, "log_income": 12.169901278391999, "city": "San Diego" }, "geometry": { "type": "Polygon", "coordinates": [ [ [ -117.11562, 32.92197 ], [ -117.115158, 32.924297 ], [ -117.114762, 32.92606 ], [ -117.111599, 32.936804 ], [ -117.108867, 32.936323 ], [ -117.107632, 32.936447 ], [ -117.105441, 32.937248 ], [ -117.103992, 32.93747 ], [ -117.098265, 32.937125 ], [ -117.096286, 32.93665 ], [ -117.096538, 32.931735 ], [ -117.095237, 32.927892 ], [ -117.094041, 32.926686 ], [ -117.092859, 32.926062 ], [ -117.094046, 32.925297 ], [ -117.097608, 32.924953 ], [ -117.099924, 32.924059 ], [ -117.103062, 32.920738 ], [ -117.104295, 32.920087 ], [ -117.110316, 32.920546 ], [ -117.111847, 32.91891 ], [ -117.111289, 32.916807 ], [ -117.112122, 32.916713 ], [ -117.116373, 32.917111 ], [ -117.11562, 32.92197 ] ] ] } },
{ "type": "Feature", "properties": { "STATEFP": "06", "COUNTYFP": "073", "TRACTCE": "017051", "GEOIDFQ": "1400000US06073017051", "GEOID": "06073017051", "NAME": "170.51", "NAMELSAD": "Census Tract 170.51", "STUSPS": "CA", "NAMELSADCO": "San Diego County", "STATE_NAME": "California", "LSAD": "CT", "ALAND": 2484502, "AWATER": 0, "centroid_lon": -117.06643735816628, "centroid_lat": 33.003719160919673, "B03002_001E": 4813, "B03002_001M": 671, "B03002_012E": 408, "B03002_012M": 153, "B19013_001E": 129468, "B19013_001M": 12873, "B01003_001E": 4813, "state": "06", "county": "073", "tract": "017051", "latino_share": 0.084770413463536254, "camera_count": 0, "arterial_road_m": 10034.510542526792, "land_area_km2": 2.484502, "pop_density_per_km2": 1937.2091469437337, "arterial_km_per_km2": 4.0388418051290733, "log_income": 11.771189025339341, "city": "San Diego" }, "geometry": { "type": "Polygon", "coordinates": [ [ [ -117.075819, 33.012716 ], [ -117.075845, 33.014691 ], [ -117.076728, 33.015213 ], [ -117.076011, 33.017013 ], [ -117.073148, 33.015822 ], [ -117.072055, 33.015093 ], [ -117.071163, 33.013829 ], [ -117.069994, 33.012342 ], [ -117.063554, 33.009546 ], [ -117.06177, 33.009117 ], [ -117.058572, 33.008619 ], [ -117.056674, 33.007432 ], [ -117.057607, 33.004101 ], [ -117.058212, 33.001884 ], [ -117.058317, 33.001499 ], [ -117.060101, 32.994709 ], [ -117.062066, 32.99489 ], [ -117.062094, 32.993199 ], [ -117.066341, 32.993252 ], [ -117.066422, 32.987276 ], [ -117.072136, 32.990876 ], [ -117.069973, 32.992111 ], [ -117.068701, 32.993284 ], [ -117.068372, 32.993854 ], [ -117.066702, 32.999974 ], [ -117.06642, 33.00071 ], [ -117.065472, 33.001727 ], [ -117.067075, 33.003113 ], [ -117.075775, 33.007546 ], [ -117.077231, 33.010395 ], [ -117.075819, 33.012716 ] ] ] } },
{ "type": "Feature", "properties": { "STATEFP": "06", "COUNTYFP": "073", "TRACTCE": "008369", "GEOIDFQ": "1400000US06073008369", "GEOID": "06073008369", "NAME": "83.69", "NAMELSAD": "Census Tract 83.69", "STUSPS": "CA", "NAMELSADCO": "San Diego County", "STATE_NAME": "California", "LSAD": "CT", "ALAND": 1494829, "AWATER": 0, "centroid_lon": -117.23629866411595, "centroid_lat": 32.946697410713448, "B03002_001E": 4599, "B03002_001M": 1276, "B03002_012E": 469, "B03002_012M": 214, "B19013_001E": 168393, "B19013_001M": 45156, "B01003_001E": 4599, "state": "06", "county": "073", "tract": "008369", "latino_share": 0.1019786910197869, "camera_count": 4, "arterial_road_m": 15808.724198746851, "land_area_km2": 1.494829, "pop_density_per_km2": 3076.6060867162732, "arterial_km_per_km2": 10.575607108737422, "log_income": 12.034055812230442, "city": "San Diego" }, "geometry": { "type": "Polygon", "coordinates": [ [ [ -117.243705, 32.949952 ], [ -117.239327, 32.951708 ], [ -117.234066, 32.953811 ], [ -117.229712, 32.955551 ], [ -117.229031, 32.954092 ], [ -117.228663, 32.949174 ], [ -117.228238, 32.9485 ], [ -117.226803, 32.947144 ], [ -117.228201, 32.945977 ], [ -117.229549, 32.944761 ], [ -117.23439, 32.945374 ], [ -117.234377, 32.946707 ], [ -117.237427, 32.947367 ], [ -117.23941, 32.943909 ], [ -117.239852, 32.943132 ], [ -117.240199, 32.941964 ], [ -117.239713, 32.937848 ], [ -117.236863, 32.934404 ], [ -117.24007, 32.932638 ], [ -117.240973, 32.931664 ], [ -117.241173, 32.931348 ], [ -117.241325, 32.932349 ], [ -117.24177, 32.938363 ], [ -117.243814, 32.949905 ], [ -117.243705, 32.949952 ] ] ] } },
{ "type": "Feature", "properties": { "STATEFP": "06", "COUNTYFP": "073", "TRACTCE": "010017", "GEOIDFQ": "1400000US06073010017", "GEOID": "06073010017", "NAME": "100.17", "NAMELSAD": "Census Tract 100.17", "STUSPS": "CA", "NAMELSADCO": "San Diego County", "STATE_NAME": "California", "LSAD": "CT", "ALAND": 2887227, "AWATER": 0, "centroid_lon": -117.0294121810151, "centroid_lat": 32.574670755321236, "B03002_001E": 6581, "B03002_001M": 1273, "B03002_012E": 3799, "B03002_012M": 862, "B19013_001E": 108042, "B19013_001M": 11729, "B01003_001E": 6581, "state": "06", "county": "073", "tract": "010017", "latino_share": 0.57726789241756571, "camera_count": 2, "arterial_road_m": 17455.475480483954, "land_area_km2": 2.887227, "pop_density_per_km2": 2279.3497012877751, "arterial_km_per_km2": 6.045757912517427, "log_income": 11.590275319397561, "city": "San Diego" }, "geometry": { "type": "Polygon", "coordinates": [ [ [ -117.040427, 32.568258 ], [ -117.039312, 32.573556 ], [ -117.037716, 32.579997 ], [ -117.036845, 32.583744 ], [ -117.032314, 32.583803 ], [ -117.029158, 32.583596 ], [ -117.025754, 32.582322 ], [ -117.023757, 32.580502 ], [ -117.022577, 32.576077 ], [ -117.021637, 32.574405 ], [ -117.019978, 32.573401 ], [ -117.016046, 32.572393 ], [ -117.015021, 32.571557 ], [ -117.014303, 32.570229 ], [ -117.014176, 32.568331 ], [ -117.023464, 32.568563 ], [ -117.031368, 32.567967 ], [ -117.040482, 32.568013 ], [ -117.040427, 32.568258 ] ] ] } },
{ "type": "Feature", "properties": { "STATEFP": "06", "COUNTYFP": "073", "TRACTCE": "005602", "GEOIDFQ": "1400000US06073005602", "GEOID": "06073005602", "NAME": "56.02", "NAMELSAD": "Census Tract 56.02", "STUSPS": "CA", "NAMELSADCO": "San Diego County", "STATE_NAME": "California", "LSAD": "CT", "ALAND": 5339988, "AWATER": 0, "centroid_lon": -117.14655190501041, "centroid_lat": 32.730731437334946, "B03002_001E": 2117, "B03002_001M": 289, "B03002_012E": 409, "B03002_012M": 188, "B19013_001E": 100397, "B19013_001M": 12457, "B01003_001E": 2117, "state": "06", "county": "073", "tract": "005602", "latino_share": 0.19319792158715163, "camera_count": 7, "arterial_road_m": 45170.683386201286, "land_area_km2": 5.339988, "pop_density_per_km2": 396.44283844832609, "arterial_km_per_km2": 8.458948481944395, "log_income": 11.516887605315247, "city": "San Diego" }, "geometry": { "type": "Polygon", "coordinates": [ [ [ -117.159448, 32.74081 ], [ -117.15661, 32.741067 ], [ -117.153369, 32.741124 ], [ -117.146137, 32.741182 ], [ -117.142739, 32.741199 ], [ -117.137914, 32.740989 ], [ -117.133634, 32.740997 ], [ -117.133624, 32.737438 ], [ -117.133894, 32.72965 ], [ -117.133884, 32.72343 ], [ -117.133899, 32.719447 ], [ -117.138198, 32.719463 ], [ -117.140308, 32.719456 ], [ -117.142525, 32.719443 ], [ -117.144947, 32.71942 ], [ -117.145852, 32.717871 ], [ -117.14759, 32.717865 ], [ -117.147766, 32.719269 ], [ -117.153781, 32.71938 ], [ -117.15473, 32.719368 ], [ -117.155652, 32.719911 ], [ -117.156559, 32.719901 ], [ -117.159297, 32.719895 ], [ -117.159302, 32.721986 ], [ -117.159342, 32.723136 ], [ -117.159447, 32.72406 ], [ -117.159408, 32.727213 ], [ -117.159399, 32.731394 ], [ -117.159404, 32.73243 ], [ -117.159414, 32.736632 ], [ -117.159448, 32.74081 ] ], [ [ -117.150529, 32.723801 ], [ -117.149642, 32.723105 ], [ -117.148833, 32.721989 ], [ -117.148581, 32.721526 ], [ -117.147839, 32.720393 ], [ -117.14623, 32.719994 ], [ -117.142597, 32.722716 ], [ -117.144483, 32.724948 ], [ -117.144133, 32.728023 ], [ -117.146952, 32.728086 ], [ -117.149409, 32.7268 ], [ -117.151231, 32.724144 ], [ -117.150529, 32.723801 ] ] ] } },
{ "type": "Feature", "properties": { "STATEFP": "06", "COUNTYFP": "073", "TRACTCE": "008380", "GEOIDFQ": "1400000US06073008380", "GEOID": "06073008380", "NAME": "83.80", "NAMELSAD": "Census Tract 83.80", "STUSPS": "CA", "NAMELSADCO": "San Diego County", "STATE_NAME": "California", "LSAD": "CT", "ALAND": 2437069, "AWATER": 0, "centroid_lon": -117.11806164688672, "centroid_lat": 32.934135936053124, "B03002_001E": 6512, "B03002_001M": 944, "B03002_012E": 750, "B03002_012M": 392, "B19013_001E": 92583, "B19013_001M": 15252, "B01003_001E": 6512, "state": "06", "county": "073", "tract": "008380", "latino_share": 0.11517199017199017, "camera_count": 6, "arterial_road_m": 11981.983902276012, "land_area_km2": 2.437069, "pop_density_per_km2": 2672.0622190015956, "arterial_km_per_km2": 4.9165550512833285, "log_income": 11.435860818467249, "city": "San Diego" }, "geometry": { "type": "Polygon", "coordinates": [ [ [ -117.128927, 32.940029 ], [ -117.1256, 32.940305 ], [ -117.122256, 32.942104 ], [ -117.119915, 32.942831 ], [ -117.118377, 32.94424 ], [ -117.115265, 32.943053 ], [ -117.113263, 32.942966 ], [ -117.113081, 32.942906 ], [ -117.112728, 32.9429 ], [ -117.112513, 32.942994 ], [ -117.11235, 32.943192 ], [ -117.112298, 32.943456 ], [ -117.112313, 32.943632 ], [ -117.111585, 32.944428 ], [ -117.109501, 32.944476 ], [ -117.108788, 32.944374 ], [ -117.109222, 32.943581 ], [ -117.110902, 32.93901 ], [ -117.111599, 32.936804 ], [ -117.114762, 32.92606 ], [ -117.115158, 32.924297 ], [ -117.11562, 32.92197 ], [ -117.116373, 32.917111 ], [ -117.117287, 32.917209 ], [ -117.120548, 32.917212 ], [ -117.120521, 32.918958 ], [ -117.118999, 32.921993 ], [ -117.118989, 32.922616 ], [ -117.119175, 32.924335 ], [ -117.119527, 32.927254 ], [ -117.119918, 32.928063 ], [ -117.119419, 32.9285 ], [ -117.119395, 32.929219 ], [ -117.120618, 32.931114 ], [ -117.121051, 32.932386 ], [ -117.122689, 32.931632 ], [ -117.124329, 32.932942 ], [ -117.125814, 32.933226 ], [ -117.125778, 32.934829 ], [ -117.125891, 32.935413 ], [ -117.128497, 32.938961 ], [ -117.128705, 32.939352 ], [ -117.128927, 32.940029 ] ] ] } },
{ "type": "Feature", "properties": { "STATEFP": "06", "COUNTYFP": "073", "TRACTCE": "009204", "GEOIDFQ": "1400000US06073009204", "GEOID": "06073009204", "NAME": "92.04", "NAMELSAD": "Census Tract 92.04", "STUSPS": "CA", "NAMELSADCO": "San Diego County", "STATE_NAME": "California", "LSAD": "CT", "ALAND": 2055282, "AWATER": 0, "centroid_lon": -117.13950614792658, "centroid_lat": 32.789712031494723, "B03002_001E": 4133, "B03002_001M": 1290, "B03002_012E": 643, "B03002_012M": 226, "B19013_001E": 163877, "B19013_001M": 46478, "B01003_001E": 4133, "state": "06", "county": "073", "tract": "009204", "latino_share": 0.15557706266634405, "camera_count": 0, "arterial_road_m": 8786.1396495025438, "land_area_km2": 2.055282, "pop_density_per_km2": 2010.9162635589666, "arterial_km_per_km2": 4.2749071171267712, "log_income": 12.006871425415632, "city": "San Diego" }, "geometry": { "type": "Polygon", "coordinates": [ [ [ -117.148787, 32.789217 ], [ -117.145262, 32.789683 ], [ -117.144839, 32.789752 ], [ -117.144559, 32.793624 ], [ -117.142223, 32.799154 ], [ -117.142246, 32.800441 ], [ -117.141262, 32.803304 ], [ -117.140001, 32.804371 ], [ -117.138768, 32.80278 ], [ -117.137554, 32.801453 ], [ -117.136879, 32.79602 ], [ -117.1359, 32.794822 ], [ -117.136687, 32.78991 ], [ -117.133225, 32.788078 ], [ -117.133115, 32.786621 ], [ -117.133037, 32.786092 ], [ -117.133497, 32.785797 ], [ -117.133163, 32.783097 ], [ -117.131526, 32.78123 ], [ -117.13523, 32.778489 ], [ -117.13668, 32.777892 ], [ -117.13976, 32.781684 ], [ -117.145457, 32.785343 ], [ -117.14747, 32.78726 ], [ -117.148787, 32.789217 ] ] ] } },
{ "type": "Feature", "properties": { "STATEFP": "06", "COUNTYFP": "073", "TRACTCE": "009308", "GEOIDFQ": "1400000US06073009308", "GEOID": "06073009308", "NAME": "93.08", "NAMELSAD": "Census Tract 93.08", "STUSPS": "CA", "NAMELSADCO": "San Diego County", "STATE_NAME": "California", "LSAD": "CT", "ALAND": 883787, "AWATER": 45205, "centroid_lon": -117.15160715662537, "centroid_lat": 32.77248524157374, "B03002_001E": 4224, "B03002_001M": 703, "B03002_012E": 1340, "B03002_012M": 547, "B19013_001E": 87995, "B19013_001M": 12431, "B01003_001E": 4224, "state": "06", "county": "073", "tract": "009308", "latino_share": 0.31723484848484851, "camera_count": 0, "arterial_road_m": 10697.854441095453, "land_area_km2": 0.883787, "pop_density_per_km2": 4779.4321482438645, "arterial_km_per_km2": 12.104561892283382, "log_income": 11.385035273664311, "city": "San Diego" }, "geometry": { "type": "Polygon", "coordinates": [ [ [ -117.162461, 32.767658 ], [ -117.161457, 32.771526 ], [ -117.158185, 32.772166 ], [ -117.155778, 32.77425 ], [ -117.15385, 32.774677 ], [ -117.150799, 32.77461 ], [ -117.149794, 32.774813 ], [ -117.147083, 32.77545 ], [ -117.143091, 32.77768 ], [ -117.141889, 32.777996 ], [ -117.140552, 32.773851 ], [ -117.143548, 32.772994 ], [ -117.144605, 32.772202 ], [ -117.145583, 32.771734 ], [ -117.148482, 32.771275 ], [ -117.153629, 32.769906 ], [ -117.154571, 32.770004 ], [ -117.161312, 32.767051 ], [ -117.162742, 32.766626 ], [ -117.162461, 32.767658 ] ] ] } },
{ "type": "Feature", "properties": { "STATEFP": "06", "COUNTYFP": "073", "TRACTCE": "021501", "GEOIDFQ": "1400000US06073021501", "GEOID": "06073021501", "NAME": "215.01", "NAMELSAD": "Census Tract 215.01", "STUSPS": "CA", "NAMELSADCO": "San Diego County", "STATE_NAME": "California", "LSAD": "CT", "ALAND": 1845087, "AWATER": 0, "centroid_lon": -117.20696933225602, "centroid_lat": 32.953654320838915, "B03002_001E": 3892, "B03002_001M": 891, "B03002_012E": 440, "B03002_012M": 261, "B19013_001E": 250001, "B19013_001M": -333333333, "B01003_001E": 3892, "state": "06", "county": "073", "tract": "021501", "latino_share": 0.11305241521068859, "camera_count": 0, "arterial_road_m": 8632.1951510172839, "land_area_km2": 1.845087, "pop_density_per_km2": 2109.3856278863818, "arterial_km_per_km2": 4.6784759477560049, "log_income": 12.429220196836383, "city": "San Diego" }, "geometry": { "type": "Polygon", "coordinates": [ [ [ -117.217061, 32.945252 ], [ -117.214056, 32.948028 ], [ -117.213269, 32.949664 ], [ -117.212765, 32.951231 ], [ -117.213697, 32.955702 ], [ -117.211723, 32.956436 ], [ -117.20851, 32.960212 ], [ -117.206085, 32.961789 ], [ -117.20446, 32.962024 ], [ -117.199343, 32.961058 ], [ -117.197625, 32.961178 ], [ -117.1996, 32.957537 ], [ -117.200316, 32.953391 ], [ -117.202784, 32.949326 ], [ -117.206221, 32.947392 ], [ -117.212261, 32.945068 ], [ -117.214296, 32.943933 ], [ -117.214978, 32.944408 ], [ -117.217061, 32.945252 ] ] ] } },
{ "type": "Feature", "properties": { "STATEFP": "06", "COUNTYFP": "073", "TRACTCE": "005402", "GEOIDFQ": "1400000US06073005402", "GEOID": "06073005402", "NAME": "54.02", "NAMELSAD": "Census Tract 54.02", "STUSPS": "CA", "NAMELSADCO": "San Diego County", "STATE_NAME": "California", "LSAD": "CT", "ALAND": 792271, "AWATER": 0, "centroid_lon": -117.17095219702537, "centroid_lat": 32.71496255900653, "B03002_001E": 4506, "B03002_001M": 996, "B03002_012E": 393, "B03002_012M": 241, "B19013_001E": 131332, "B19013_001M": 45688, "B01003_001E": 4506, "state": "06", "county": "073", "tract": "005402", "latino_share": 0.087217043941411457, "camera_count": 2, "arterial_road_m": 11106.974228765261, "land_area_km2": 0.792271, "pop_density_per_km2": 5687.4478555948663, "arterial_km_per_km2": 14.019160399364941, "log_income": 11.785483747276162, "city": "San Diego" }, "geometry": { "type": "Polygon", "coordinates": [ [ [ -117.176665, 32.715921 ], [ -117.173445, 32.715899 ], [ -117.173452, 32.716762 ], [ -117.176659, 32.71679 ], [ -117.176665, 32.717945 ], [ -117.173458, 32.717988 ], [ -117.173475, 32.719912 ], [ -117.171021, 32.719874 ], [ -117.169165, 32.719877 ], [ -117.168274, 32.71988 ], [ -117.166489, 32.719883 ], [ -117.166488, 32.713569 ], [ -117.166487, 32.712539 ], [ -117.169176, 32.71253 ], [ -117.169177, 32.711422 ], [ -117.169466, 32.708873 ], [ -117.169423, 32.708392 ], [ -117.170609, 32.708027 ], [ -117.172067, 32.709453 ], [ -117.173361, 32.712374 ], [ -117.174461, 32.709883 ], [ -117.175722, 32.711192 ], [ -117.175852, 32.712803 ], [ -117.173576, 32.712648 ], [ -117.173823, 32.71399 ], [ -117.176639, 32.714024 ], [ -117.176646, 32.714838 ], [ -117.173445, 32.715453 ], [ -117.176665, 32.715921 ] ] ] } },
{ "type": "Feature", "properties": { "STATEFP": "06", "COUNTYFP": "073", "TRACTCE": "004101", "GEOIDFQ": "1400000US06073004101", "GEOID": "06073004101", "NAME": "41.01", "NAMELSAD": "Census Tract 41.01", "STUSPS": "CA", "NAMELSADCO": "San Diego County", "STATE_NAME": "California", "LSAD": "CT", "ALAND": 1134723, "AWATER": 0, "centroid_lon": -117.12632459535331, "centroid_lat": 32.715208062306722, "B03002_001E": 4163, "B03002_001M": 558, "B03002_012E": 1230, "B03002_012M": 430, "B19013_001E": 56931, "B19013_001M": 29915, "B01003_001E": 4163, "state": "06", "county": "073", "tract": "004101", "latino_share": 0.29546000480422774, "camera_count": 3, "arterial_road_m": 12690.484085547596, "land_area_km2": 1.134723, "pop_density_per_km2": 3668.7367754068619, "arterial_km_per_km2": 11.183772678924809, "log_income": 10.949595287222088, "city": "San Diego" }, "geometry": { "type": "Polygon", "coordinates": [ [ [ -117.133862, 32.718978 ], [ -117.131156, 32.71899 ], [ -117.129463, 32.718998 ], [ -117.125311, 32.719014 ], [ -117.122655, 32.719027 ], [ -117.12101, 32.719022 ], [ -117.121285, 32.716336 ], [ -117.117986, 32.717181 ], [ -117.117821, 32.717199 ], [ -117.117745, 32.714623 ], [ -117.118839, 32.711621 ], [ -117.119003, 32.711632 ], [ -117.122255, 32.711779 ], [ -117.125271, 32.711673 ], [ -117.13385, 32.711631 ], [ -117.133738, 32.713097 ], [ -117.133747, 32.713319 ], [ -117.133775, 32.715839 ], [ -117.133796, 32.716884 ], [ -117.133862, 32.718978 ] ] ] } },
{ "type": "Feature", "properties": { "STATEFP": "06", "COUNTYFP": "073", "TRACTCE": "001202", "GEOIDFQ": "1400000US06073001202", "GEOID": "06073001202", "NAME": "12.02", "NAMELSAD": "Census Tract 12.02", "STUSPS": "CA", "NAMELSADCO": "San Diego County", "STATE_NAME": "California", "LSAD": "CT", "ALAND": 367322, "AWATER": 0, "centroid_lon": -117.13451347807768, "centroid_lat": 32.758152492456134, "B03002_001E": 2966, "B03002_001M": 432, "B03002_012E": 615, "B03002_012M": 236, "B19013_001E": 102857, "B19013_001M": 19094, "B01003_001E": 2966, "state": "06", "county": "073", "tract": "001202", "latino_share": 0.20734996628455832, "camera_count": 0, "arterial_road_m": 4482.8760529545434, "land_area_km2": 0.367322, "pop_density_per_km2": 8074.6592907585173, "arterial_km_per_km2": 12.204213341304206, "log_income": 11.541094953047072, "city": "San Diego" }, "geometry": { "type": "Polygon", "coordinates": [ [ [ -117.137621, 32.760989 ], [ -117.133913, 32.761007 ], [ -117.131428, 32.76102 ], [ -117.131403, 32.755317 ], [ -117.133862, 32.755302 ], [ -117.13759, 32.755283 ], [ -117.137606, 32.757251 ], [ -117.137622, 32.75912 ], [ -117.137621, 32.760989 ] ] ] } },
{ "type": "Feature", "properties": { "STATEFP": "06", "COUNTYFP": "073", "TRACTCE": "017059", "GEOIDFQ": "1400000US06073017059", "GEOID": "06073017059", "NAME": "170.59", "NAMELSAD": "Census Tract 170.59", "STUSPS": "CA", "NAMELSADCO": "San Diego County", "STATE_NAME": "California", "LSAD": "CT", "ALAND": 2141258, "AWATER": 0, "centroid_lon": -117.05486122105924, "centroid_lat": 33.029770582063222, "B03002_001E": 3498, "B03002_001M": 492, "B03002_012E": 205, "B03002_012M": 150, "B19013_001E": 89516, "B19013_001M": 18805, "B01003_001E": 3498, "state": "06", "county": "073", "tract": "017059", "latino_share": 0.058604917095483135, "camera_count": 0, "arterial_road_m": 6038.6241683531744, "land_area_km2": 2.141258, "pop_density_per_km2": 1633.6191154919211, "arterial_km_per_km2": 2.8201291803011008, "log_income": 11.402172659235045, "city": "San Diego" }, "geometry": { "type": "Polygon", "coordinates": [ [ [ -117.061067, 33.021223 ], [ -117.059478, 33.028748 ], [ -117.059202, 33.029988 ], [ -117.060264, 33.034053 ], [ -117.06057, 33.037836 ], [ -117.059288, 33.037718 ], [ -117.054048, 33.040072 ], [ -117.052843, 33.039887 ], [ -117.047768, 33.036655 ], [ -117.046596, 33.035385 ], [ -117.046229, 33.034678 ], [ -117.047755, 33.032287 ], [ -117.052363, 33.023864 ], [ -117.05377, 33.018734 ], [ -117.057297, 33.018166 ], [ -117.060929, 33.018701 ], [ -117.061067, 33.021223 ] ] ] } },
{ "type": "Feature", "properties": { "STATEFP": "06", "COUNTYFP": "073", "TRACTCE": "001302", "GEOIDFQ": "1400000US06073001302", "GEOID": "06073001302", "NAME": "13.02", "NAMELSAD": "Census Tract 13.02", "STUSPS": "CA", "NAMELSADCO": "San Diego County", "STATE_NAME": "California", "LSAD": "CT", "ALAND": 439762, "AWATER": 0, "centroid_lon": -117.13448142586368, "centroid_lat": 32.751875604331261, "B03002_001E": 3245, "B03002_001M": 285, "B03002_012E": 983, "B03002_012M": 239, "B19013_001E": 83659, "B19013_001M": 17693, "B01003_001E": 3245, "state": "06", "county": "073", "tract": "001302", "latino_share": 0.3029275808936826, "camera_count": 0, "arterial_road_m": 4357.6012591821282, "land_area_km2": 0.439762, "pop_density_per_km2": 7378.991363510263, "arterial_km_per_km2": 9.9089990931051979, "log_income": 11.334504291781073, "city": "San Diego" }, "geometry": { "type": "Polygon", "coordinates": [ [ [ -117.13759, 32.755283 ], [ -117.133862, 32.755302 ], [ -117.131403, 32.755317 ], [ -117.131395, 32.752205 ], [ -117.131386, 32.750339 ], [ -117.13138, 32.748451 ], [ -117.132792, 32.748455 ], [ -117.137569, 32.748451 ], [ -117.137572, 32.750317 ], [ -117.137571, 32.752189 ], [ -117.13759, 32.755283 ] ] ] } },
{ "type": "Feature", "properties": { "STATEFP": "06", "COUNTYFP": "073", "TRACTCE": "008202", "GEOIDFQ": "1400000US06073008202", "GEOID": "06073008202", "NAME": "82.02", "NAMELSAD": "Census Tract 82.02", "STUSPS": "CA", "NAMELSADCO": "San Diego County", "STATE_NAME": "California", "LSAD": "CT", "ALAND": 463734, "AWATER": 668924, "centroid_lon": -117.27624947494843, "centroid_lat": 32.845086455402068, "B03002_001E": 1196, "B03002_001M": 217, "B03002_012E": 105, "B03002_012M": 70, "B19013_001E": 105094, "B19013_001M": 52290, "B01003_001E": 1196, "state": "06", "county": "073", "tract": "008202", "latino_share": 0.087792642140468224, "camera_count": 0, "arterial_road_m": 4077.1908194152888, "land_area_km2": 0.463734, "pop_density_per_km2": 2579.0647224486452, "arterial_km_per_km2": 8.792089472446035, "log_income": 11.562610466748279, "city": "San Diego" }, "geometry": { "type": "Polygon", "coordinates": [ [ [ -117.28217, 32.839547 ], [ -117.28117, 32.843047 ], [ -117.27909, 32.844399 ], [ -117.278752218969004, 32.845148610156301 ], [ -117.278091, 32.846616 ], [ -117.27494, 32.850215 ], [ -117.272864, 32.850555 ], [ -117.267381, 32.848575 ], [ -117.266300783797007, 32.848631342883102 ], [ -117.26553, 32.847992 ], [ -117.26737, 32.847177 ], [ -117.271591, 32.84916 ], [ -117.274729, 32.847465 ], [ -117.27767, 32.844439 ], [ -117.278497, 32.843077 ], [ -117.280399, 32.839942 ], [ -117.279678, 32.838843 ], [ -117.279171, 32.837245 ], [ -117.281217, 32.836757 ], [ -117.281761574472995, 32.838351294626698 ], [ -117.28217, 32.839547 ] ] ] } },
{ "type": "Feature", "properties": { "STATEFP": "06", "COUNTYFP": "073", "TRACTCE": "017061", "GEOIDFQ": "1400000US06073017061", "GEOID": "06073017061", "NAME": "170.61", "NAMELSAD": "Census Tract 170.61", "STUSPS": "CA", "NAMELSADCO": "San Diego County", "STATE_NAME": "California", "LSAD": "CT", "ALAND": 18000059, "AWATER": 0, "centroid_lon": -117.16983078269426, "centroid_lat": 32.993816204134966, "B03002_001E": 3335, "B03002_001M": 844, "B03002_012E": 71, "B03002_012M": 61, "B19013_001E": 160126, "B19013_001M": 36165, "B01003_001E": 3335, "state": "06", "county": "073", "tract": "017061", "latino_share": 0.021289355322338832, "camera_count": 6, "arterial_road_m": 25959.110852886406, "land_area_km2": 18.000059, "pop_density_per_km2": 185.27717048038565, "arterial_km_per_km2": 1.4421680980538123, "log_income": 11.983716284300534, "city": "San Diego" }, "geometry": { "type": "Polygon", "coordinates": [ [ [ -117.230418, 32.977084 ], [ -117.230514, 32.982696 ], [ -117.226752, 32.983185 ], [ -117.223957, 32.983486 ], [ -117.222873, 32.983558 ], [ -117.222384, 32.983614 ], [ -117.221512, 32.983759 ], [ -117.217917, 32.984391 ], [ -117.217129, 32.985525 ], [ -117.217101, 32.986519 ], [ -117.217187, 32.988459 ], [ -117.216866, 32.989934 ], [ -117.216475, 32.990666 ], [ -117.21587, 32.991446 ], [ -117.213677, 32.993488 ], [ -117.212977, 32.993959 ], [ -117.211351, 32.99466 ], [ -117.20697, 32.997994 ], [ -117.206585, 32.999351 ], [ -117.205494, 32.999358 ], [ -117.204134, 33.002408 ], [ -117.201876, 33.003359 ], [ -117.199184, 33.003858 ], [ -117.194241, 33.00645 ], [ -117.192251, 33.00821 ], [ -117.191735, 33.009337 ], [ -117.191598, 33.010591 ], [ -117.191396, 33.011042 ], [ -117.189745, 33.012653 ], [ -117.189014, 33.012631 ], [ -117.187395, 33.012857 ], [ -117.186771, 33.013101 ], [ -117.186416, 33.01328 ], [ -117.185313, 33.013153 ], [ -117.184902, 33.013192 ], [ -117.18438, 33.013093 ], [ -117.183728, 33.012741 ], [ -117.182632, 33.012356 ], [ -117.178741, 33.011256 ], [ -117.176516, 33.011019 ], [ -117.174943, 33.010415 ], [ -117.174251, 33.010447 ], [ -117.174068, 33.011195 ], [ -117.174101, 33.011538 ], [ -117.172789, 33.012366 ], [ -117.169572, 33.011558 ], [ -117.167369, 33.009985 ], [ -117.165017, 33.008104 ], [ -117.16118, 33.007993 ], [ -117.160856, 33.007299 ], [ -117.155796, 33.006221 ], [ -117.152169, 33.003394 ], [ -117.151992, 33.004653 ], [ -117.152351, 33.004812 ], [ -117.145849, 33.0048 ], [ -117.145348, 33.005025 ], [ -117.143743, 33.003974 ], [ -117.136286, 33.00311 ], [ -117.132284, 33.00398 ], [ -117.127677, 33.002565 ], [ -117.124153, 33.002429 ], [ -117.123686, 33.002141 ], [ -117.121413, 33.002476 ], [ -117.118041, 33.001266 ], [ -117.118294, 32.99952 ], [ -117.109337, 32.998793 ], [ -117.111464, 32.997186 ], [ -117.116794, 32.995451 ], [ -117.11989, 32.993786 ], [ -117.122212, 32.993156 ], [ -117.125177, 32.991355 ], [ -117.128993, 32.987088 ], [ -117.131805, 32.985099 ], [ -117.13094, 32.982491 ], [ -117.13494, 32.982433 ], [ -117.138825, 32.979474 ], [ -117.14453, 32.977305 ], [ -117.14618, 32.976155 ], [ -117.149441, 32.978868 ], [ -117.15129, 32.979595 ], [ -117.156675, 32.980255 ], [ -117.159311, 32.981942 ], [ -117.160672, 32.984505 ], [ -117.160672, 32.985975 ], [ -117.157286, 32.996241 ], [ -117.156448, 32.997321 ], [ -117.157824, 32.998288 ], [ -117.160224, 33.002352 ], [ -117.162694, 33.003957 ], [ -117.165568, 33.00455 ], [ -117.167559, 33.004542 ], [ -117.169872, 33.00444 ], [ -117.174667, 33.004156 ], [ -117.177586, 33.002445 ], [ -117.180132, 32.998403 ], [ -117.182936, 32.996416 ], [ -117.186111, 32.996335 ], [ -117.189997, 32.997026 ], [ -117.194763, 32.994975 ], [ -117.197083, 32.992651 ], [ -117.197446, 32.991552 ], [ -117.19658, 32.98961 ], [ -117.195645, 32.987428 ], [ -117.196881, 32.984958 ], [ -117.198674, 32.983916 ], [ -117.202923, 32.984475 ], [ -117.204634, 32.983796 ], [ -117.205647, 32.980767 ], [ -117.206798, 32.979119 ], [ -117.210839, 32.976487 ], [ -117.215504, 32.974667 ], [ -117.218125, 32.974459 ], [ -117.220875, 32.975313 ], [ -117.225238, 32.975543 ], [ -117.227253, 32.975061 ], [ -117.230226, 32.975225 ], [ -117.231106, 32.975704 ], [ -117.230418, 32.977084 ] ] ] } },
{ "type": "Feature", "properties": { "STATEFP": "06", "COUNTYFP": "073", "TRACTCE": "008375", "GEOIDFQ": "1400000US06073008375", "GEOID": "06073008375", "NAME": "83.75", "NAMELSAD": "Census Tract 83.75", "STUSPS": "CA", "NAMELSADCO": "San Diego County", "STATE_NAME": "California", "LSAD": "CT", "ALAND": 1034012, "AWATER": 0, "centroid_lon": -117.2010816181287, "centroid_lat": 32.865861542982934, "B03002_001E": 4306, "B03002_001M": 527, "B03002_012E": 491, "B03002_012M": 245, "B19013_001E": 121607, "B19013_001M": 47140, "B01003_001E": 4306, "state": "06", "county": "073", "tract": "008375", "latino_share": 0.11402693915466791, "camera_count": 5, "arterial_road_m": 7497.7541888846945, "land_area_km2": 1.034012, "pop_density_per_km2": 4164.3617288774212, "arterial_km_per_km2": 7.2511287962660926, "log_income": 11.708549812646831, "city": "San Diego" }, "geometry": { "type": "Polygon", "coordinates": [ [ [ -117.213556, 32.866826 ], [ -117.211066, 32.867014 ], [ -117.208536, 32.865491 ], [ -117.20698, 32.864302 ], [ -117.20454, 32.863888 ], [ -117.200732, 32.864567 ], [ -117.201248, 32.865409 ], [ -117.203535, 32.866849 ], [ -117.203295, 32.867975 ], [ -117.203935, 32.868874 ], [ -117.205441, 32.870814 ], [ -117.203908, 32.872027 ], [ -117.201113, 32.870738 ], [ -117.200358, 32.870316 ], [ -117.197147, 32.867415 ], [ -117.194971, 32.869627 ], [ -117.189961, 32.864391 ], [ -117.196194, 32.862561 ], [ -117.198436, 32.862411 ], [ -117.206514, 32.863126 ], [ -117.210652, 32.861768 ], [ -117.211847, 32.862876 ], [ -117.212635, 32.86417 ], [ -117.213556, 32.866826 ] ] ] } },
{ "type": "Feature", "properties": { "STATEFP": "06", "COUNTYFP": "073", "TRACTCE": "007911", "GEOIDFQ": "1400000US06073007911", "GEOID": "06073007911", "NAME": "79.11", "NAMELSAD": "Census Tract 79.11", "STUSPS": "CA", "NAMELSADCO": "San Diego County", "STATE_NAME": "California", "LSAD": "CT", "ALAND": 359337, "AWATER": 0, "centroid_lon": -117.23627120606676, "centroid_lat": 32.802808566833896, "B03002_001E": 2347, "B03002_001M": 273, "B03002_012E": 387, "B03002_012M": 180, "B19013_001E": 115134, "B19013_001M": 19621, "B01003_001E": 2347, "state": "06", "county": "073", "tract": "007911", "latino_share": 0.16489135066041755, "camera_count": 0, "arterial_road_m": 838.58481633697397, "land_area_km2": 0.359337, "pop_density_per_km2": 6531.4732409966127, "arterial_km_per_km2": 2.3337001654073308, "log_income": 11.653851946397797, "city": "San Diego" }, "geometry": { "type": "Polygon", "coordinates": [ [ [ -117.241733, 32.802568 ], [ -117.239857, 32.802981 ], [ -117.236201, 32.803788 ], [ -117.236756, 32.805658 ], [ -117.23313, 32.806465 ], [ -117.232252, 32.803669 ], [ -117.231688, 32.801807 ], [ -117.237249, 32.800583 ], [ -117.238989, 32.800201 ], [ -117.240856, 32.799793 ], [ -117.241733, 32.802568 ] ] ] } },
{ "type": "Feature", "properties": { "STATEFP": "06", "COUNTYFP": "073", "TRACTCE": "008201", "GEOIDFQ": "1400000US06073008201", "GEOID": "06073008201", "NAME": "82.01", "NAMELSAD": "Census Tract 82.01", "STUSPS": "CA", "NAMELSADCO": "San Diego County", "STATE_NAME": "California", "LSAD": "CT", "ALAND": 838136, "AWATER": 0, "centroid_lon": -117.27314430804809, "centroid_lat": 32.843980007226463, "B03002_001E": 1763, "B03002_001M": 559, "B03002_012E": 215, "B03002_012M": 99, "B19013_001E": 129688, "B19013_001M": 52821, "B01003_001E": 1763, "state": "06", "county": "073", "tract": "008201", "latino_share": 0.12195121951219512, "camera_count": 0, "arterial_road_m": 6276.116506539367, "land_area_km2": 0.838136, "pop_density_per_km2": 2103.4772399706017, "arterial_km_per_km2": 7.4881839063581177, "log_income": 11.772886844821409, "city": "San Diego" }, "geometry": { "type": "Polygon", "coordinates": [ [ [ -117.280399, 32.839942 ], [ -117.278497, 32.843077 ], [ -117.27767, 32.844439 ], [ -117.274729, 32.847465 ], [ -117.271591, 32.84916 ], [ -117.26737, 32.847177 ], [ -117.26553, 32.847992 ], [ -117.264985, 32.847609 ], [ -117.267292, 32.844968 ], [ -117.269694, 32.8427 ], [ -117.269287, 32.841246 ], [ -117.272496, 32.840508 ], [ -117.27849, 32.839117 ], [ -117.279678, 32.838843 ], [ -117.280399, 32.839942 ] ] ] } },
{ "type": "Feature", "properties": { "STATEFP": "06", "COUNTYFP": "073", "TRACTCE": "000202", "GEOIDFQ": "1400000US06073000202", "GEOID": "06073000202", "NAME": "2.02", "NAMELSAD": "Census Tract 2.02", "STUSPS": "CA", "NAMELSADCO": "San Diego County", "STATE_NAME": "California", "LSAD": "CT", "ALAND": 1305997, "AWATER": 0, "centroid_lon": -117.17513215399225, "centroid_lat": 32.745386248946737, "B03002_001E": 4019, "B03002_001M": 399, "B03002_012E": 769, "B03002_012M": 276, "B19013_001E": 121264, "B19013_001M": 17112, "B01003_001E": 4019, "state": "06", "county": "073", "tract": "000202", "latino_share": 0.19134112963423738, "camera_count": 3, "arterial_road_m": 9341.1898450254666, "land_area_km2": 1.305997, "pop_density_per_km2": 3077.3424441250627, "arterial_km_per_km2": 7.1525354537762844, "log_income": 11.705725266051811, "city": "San Diego" }, "geometry": { "type": "Polygon", "coordinates": [ [ [ -117.183505, 32.746641 ], [ -117.181316, 32.748684 ], [ -117.179828, 32.750055 ], [ -117.178477, 32.750412 ], [ -117.176812, 32.749872 ], [ -117.174126, 32.749878 ], [ -117.173199, 32.74988 ], [ -117.171377, 32.749844 ], [ -117.168661, 32.749864 ], [ -117.168645, 32.748968 ], [ -117.16807, 32.745338 ], [ -117.167522, 32.745678 ], [ -117.167309, 32.742098 ], [ -117.168524, 32.740726 ], [ -117.169015, 32.740717 ], [ -117.169025, 32.740775 ], [ -117.172212, 32.740732 ], [ -117.172213, 32.742095 ], [ -117.174025, 32.742112 ], [ -117.17492, 32.7431 ], [ -117.174637, 32.740752 ], [ -117.176102, 32.74115 ], [ -117.178514, 32.739662 ], [ -117.180216, 32.741413 ], [ -117.182409, 32.742553 ], [ -117.181565, 32.743007 ], [ -117.181675, 32.74408 ], [ -117.184116, 32.745587 ], [ -117.183505, 32.746641 ] ] ] } },
{ "type": "Feature", "properties": { "STATEFP": "06", "COUNTYFP": "073", "TRACTCE": "006300", "GEOIDFQ": "1400000US06073006300", "GEOID": "06073006300", "NAME": "63", "NAMELSAD": "Census Tract 63", "STUSPS": "CA", "NAMELSADCO": "San Diego County", "STATE_NAME": "California", "LSAD": "CT", "ALAND": 1590102, "AWATER": 0, "centroid_lon": -117.19718519458885, "centroid_lat": 32.740474214200916, "B03002_001E": 2490, "B03002_001M": 222, "B03002_012E": 880, "B03002_012M": 241, "B19013_001E": -666666666, "B19013_001M": -222222222, "B01003_001E": 2490, "state": "06", "county": "073", "tract": "006300", "latino_share": 0.3534136546184739, "camera_count": 0, "arterial_road_m": 9044.1451610082477, "land_area_km2": 1.590102, "pop_density_per_km2": 1565.9372794952778, "arterial_km_per_km2": 5.6877767344536689, "log_income": null, "city": "San Diego" }, "geometry": { "type": "Polygon", "coordinates": [ [ [ -117.208963, 32.742537 ], [ -117.2059, 32.743298 ], [ -117.198725, 32.745071 ], [ -117.197194, 32.745465 ], [ -117.195567, 32.7457 ], [ -117.191209, 32.743487 ], [ -117.184177, 32.740438 ], [ -117.185795, 32.739115 ], [ -117.187901, 32.739247 ], [ -117.189751, 32.737466 ], [ -117.191468, 32.734904 ], [ -117.196293, 32.736069 ], [ -117.201536, 32.737637 ], [ -117.205871, 32.738241 ], [ -117.206258, 32.736549 ], [ -117.207924, 32.73497 ], [ -117.207852, 32.735638 ], [ -117.208366, 32.7357 ], [ -117.206808, 32.737503 ], [ -117.207361, 32.74006 ], [ -117.209555, 32.742539 ], [ -117.208963, 32.742537 ] ] ] } },
{ "type": "Feature", "properties": { "STATEFP": "06", "COUNTYFP": "073", "TRACTCE": "002803", "GEOIDFQ": "1400000US06073002803", "GEOID": "06073002803", "NAME": "28.03", "NAMELSAD": "Census Tract 28.03", "STUSPS": "CA", "NAMELSADCO": "San Diego County", "STATE_NAME": "California", "LSAD": "CT", "ALAND": 1108806, "AWATER": 0, "centroid_lon": -117.08363818250955, "centroid_lat": 32.763825811978926, "B03002_001E": 5207, "B03002_001M": 625, "B03002_012E": 1534, "B03002_012M": 422, "B19013_001E": 80991, "B19013_001M": 15057, "B01003_001E": 5207, "state": "06", "county": "073", "tract": "002803", "latino_share": 0.29460341847512961, "camera_count": 1, "arterial_road_m": 3716.1125895667933, "land_area_km2": 1.108806, "pop_density_per_km2": 4696.0424095829212, "arterial_km_per_km2": 3.351454257612958, "log_income": 11.302093316370168, "city": "San Diego" }, "geometry": { "type": "Polygon", "coordinates": [ [ [ -117.089632, 32.769631 ], [ -117.087133, 32.769721 ], [ -117.085986, 32.770054 ], [ -117.082115, 32.771509 ], [ -117.079496, 32.771109 ], [ -117.0804, 32.767937 ], [ -117.07981, 32.767798 ], [ -117.080067, 32.767146 ], [ -117.079387, 32.76265 ], [ -117.07963, 32.759045 ], [ -117.079355, 32.757827 ], [ -117.082532, 32.757377 ], [ -117.085741, 32.756929 ], [ -117.086826, 32.756781 ], [ -117.087908, 32.756639 ], [ -117.087885, 32.758987 ], [ -117.087809, 32.765056 ], [ -117.085454, 32.765047 ], [ -117.084963, 32.76525 ], [ -117.086164, 32.767465 ], [ -117.089523, 32.769046 ], [ -117.089632, 32.769631 ] ] ] } },
{ "type": "Feature", "properties": { "STATEFP": "06", "COUNTYFP": "073", "TRACTCE": "008502", "GEOIDFQ": "1400000US06073008502", "GEOID": "06073008502", "NAME": "85.02", "NAMELSAD": "Census Tract 85.02", "STUSPS": "CA", "NAMELSADCO": "San Diego County", "STATE_NAME": "California", "LSAD": "CT", "ALAND": 3180413, "AWATER": 0, "centroid_lon": -117.2068167990613, "centroid_lat": 32.837341129829611, "B03002_001E": 6776, "B03002_001M": 1298, "B03002_012E": 1975, "B03002_012M": 433, "B19013_001E": 100387, "B19013_001M": 22802, "B01003_001E": 6776, "state": "06", "county": "073", "tract": "008502", "latino_share": 0.291469893742621, "camera_count": 1, "arterial_road_m": 11718.806340442698, "land_area_km2": 3.180413, "pop_density_per_km2": 2130.5409077374543, "arterial_km_per_km2": 3.6846806815475528, "log_income": 11.516787995784526, "city": "San Diego" }, "geometry": { "type": "Polygon", "coordinates": [ [ [ -117.217821, 32.8421 ], [ -117.20896, 32.846113 ], [ -117.205554, 32.847042 ], [ -117.202569, 32.847045 ], [ -117.202069, 32.846623 ], [ -117.197906, 32.842702 ], [ -117.195969, 32.837709 ], [ -117.195681, 32.836924 ], [ -117.194853, 32.835351 ], [ -117.194798, 32.834478 ], [ -117.198618, 32.83425 ], [ -117.200808, 32.83292 ], [ -117.20269, 32.828122 ], [ -117.205025, 32.827684 ], [ -117.206116, 32.82769 ], [ -117.211121, 32.827856 ], [ -117.213223, 32.828641 ], [ -117.21572, 32.83072 ], [ -117.215843, 32.831237 ], [ -117.216223, 32.835068 ], [ -117.216023, 32.836534 ], [ -117.215554, 32.83941 ], [ -117.217821, 32.8421 ] ] ] } },
{ "type": "Feature", "properties": { "STATEFP": "06", "COUNTYFP": "073", "TRACTCE": "008507", "GEOIDFQ": "1400000US06073008507", "GEOID": "06073008507", "NAME": "85.07", "NAMELSAD": "Census Tract 85.07", "STUSPS": "CA", "NAMELSADCO": "San Diego County", "STATE_NAME": "California", "LSAD": "CT", "ALAND": 2237199, "AWATER": 0, "centroid_lon": -117.17384977750963, "centroid_lat": 32.826240310287957, "B03002_001E": 7252, "B03002_001M": 922, "B03002_012E": 2367, "B03002_012M": 779, "B19013_001E": 87269, "B19013_001M": 13030, "B01003_001E": 7252, "state": "06", "county": "073", "tract": "008507", "latino_share": 0.32639271924986213, "camera_count": 8, "arterial_road_m": 15912.696504607102, "land_area_km2": 2.237199, "pop_density_per_km2": 3241.5533888581213, "arterial_km_per_km2": 7.112776514117475, "log_income": 11.376750581400287, "city": "San Diego" }, "geometry": { "type": "Polygon", "coordinates": [ [ [ -117.18402, 32.822906 ], [ -117.182973, 32.823989 ], [ -117.183033, 32.825283 ], [ -117.182098, 32.829525 ], [ -117.178874, 32.829437 ], [ -117.178773, 32.83284 ], [ -117.178744, 32.834402 ], [ -117.175595, 32.834362 ], [ -117.174076, 32.834258 ], [ -117.169396, 32.833402 ], [ -117.162292, 32.8217 ], [ -117.164244, 32.821481 ], [ -117.167084, 32.820515 ], [ -117.16841, 32.820311 ], [ -117.171512, 32.82029 ], [ -117.176121, 32.820294 ], [ -117.179073, 32.820144 ], [ -117.181889, 32.819327 ], [ -117.183361, 32.822099 ], [ -117.18402, 32.822906 ] ] ] } },
{ "type": "Feature", "properties": { "STATEFP": "06", "COUNTYFP": "073", "TRACTCE": "008702", "GEOIDFQ": "1400000US06073008702", "GEOID": "06073008702", "NAME": "87.02", "NAMELSAD": "Census Tract 87.02", "STUSPS": "CA", "NAMELSADCO": "San Diego County", "STATE_NAME": "California", "LSAD": "CT", "ALAND": 2695594, "AWATER": 0, "centroid_lon": -117.15584737220554, "centroid_lat": 32.788386097665125, "B03002_001E": 5220, "B03002_001M": 568, "B03002_012E": 1187, "B03002_012M": 276, "B19013_001E": 111025, "B19013_001M": 10502, "B01003_001E": 5220, "state": "06", "county": "073", "tract": "008702", "latino_share": 0.22739463601532567, "camera_count": 1, "arterial_road_m": 24199.995059044664, "land_area_km2": 2.695594, "pop_density_per_km2": 1936.4934036802279, "arterial_km_per_km2": 8.9776112645467627, "log_income": 11.617510680160303, "city": "San Diego" }, "geometry": { "type": "Polygon", "coordinates": [ [ [ -117.163087, 32.779895 ], [ -117.160833, 32.787155 ], [ -117.15918, 32.791636 ], [ -117.155548, 32.801805 ], [ -117.152868, 32.809107 ], [ -117.1514, 32.80627 ], [ -117.150697, 32.80384 ], [ -117.150919, 32.803632 ], [ -117.150033, 32.80041 ], [ -117.149668, 32.798708 ], [ -117.149765, 32.792353 ], [ -117.148787, 32.789217 ], [ -117.151664, 32.789362 ], [ -117.152392, 32.788576 ], [ -117.152964, 32.783781 ], [ -117.153584, 32.780523 ], [ -117.154758, 32.777834 ], [ -117.153891, 32.775398 ], [ -117.15385, 32.774677 ], [ -117.155778, 32.77425 ], [ -117.158185, 32.772166 ], [ -117.161457, 32.771526 ], [ -117.161263, 32.774061 ], [ -117.162871, 32.778015 ], [ -117.163087, 32.779895 ] ] ] } },
{ "type": "Feature", "properties": { "STATEFP": "06", "COUNTYFP": "073", "TRACTCE": "001700", "GEOIDFQ": "1400000US06073001700", "GEOID": "06073001700", "NAME": "17", "NAMELSAD": "Census Tract 17", "STUSPS": "CA", "NAMELSADCO": "San Diego County", "STATE_NAME": "California", "LSAD": "CT", "ALAND": 634347, "AWATER": 0, "centroid_lon": -117.12072235200512, "centroid_lat": 32.758243800953416, "B03002_001E": 4846, "B03002_001M": 675, "B03002_012E": 1786, "B03002_012M": 553, "B19013_001E": 90404, "B19013_001M": 16680, "B01003_001E": 4846, "state": "06", "county": "073", "tract": "001700", "latino_share": 0.36855138258357406, "camera_count": 1, "arterial_road_m": 4471.842867815014, "land_area_km2": 0.634347, "pop_density_per_km2": 7639.351963515237, "arterial_km_per_km2": 7.0495215833211384, "log_income": 11.412043793188975, "city": "San Diego" }, "geometry": { "type": "Polygon", "coordinates": [ [ [ -117.127004, 32.761031 ], [ -117.123943, 32.761004 ], [ -117.122876, 32.760998 ], [ -117.120654, 32.760986 ], [ -117.118178, 32.760971 ], [ -117.115179, 32.760953 ], [ -117.115233, 32.757163 ], [ -117.115743, 32.757165 ], [ -117.115767, 32.755221 ], [ -117.117917, 32.755236 ], [ -117.118997, 32.755245 ], [ -117.121124, 32.75526 ], [ -117.122207, 32.755267 ], [ -117.125037, 32.755288 ], [ -117.125729, 32.757237 ], [ -117.127004, 32.761031 ] ] ] } },
{ "type": "Feature", "properties": { "STATEFP": "06", "COUNTYFP": "073", "TRACTCE": "003211", "GEOIDFQ": "1400000US06073003211", "GEOID": "06073003211", "NAME": "32.11", "NAMELSAD": "Census Tract 32.11", "STUSPS": "CA", "NAMELSADCO": "San Diego County", "STATE_NAME": "California", "LSAD": "CT", "ALAND": 857738, "AWATER": 0, "centroid_lon": -117.05470307293515, "centroid_lat": 32.677646777898836, "B03002_001E": 3077, "B03002_001M": 365, "B03002_012E": 1565, "B03002_012M": 297, "B19013_001E": 96563, "B19013_001M": 13225, "B01003_001E": 3077, "state": "06", "county": "073", "tract": "003211", "latino_share": 0.50861228469288267, "camera_count": 0, "arterial_road_m": 2522.8441270701742, "land_area_km2": 0.857738, "pop_density_per_km2": 3587.342521842334, "arterial_km_per_km2": 2.9412759223331295, "log_income": 11.477950924054323, "city": "San Diego" }, "geometry": { "type": "Polygon", "coordinates": [ [ [ -117.063002, 32.673782 ], [ -117.05847, 32.675052 ], [ -117.059332, 32.677248 ], [ -117.059017, 32.67838 ], [ -117.059302, 32.679672 ], [ -117.056501, 32.679393 ], [ -117.055505, 32.680901 ], [ -117.053256, 32.68363 ], [ -117.051272, 32.68463 ], [ -117.049971, 32.683487 ], [ -117.049444, 32.683056 ], [ -117.050376, 32.681349 ], [ -117.048706, 32.677663 ], [ -117.049492, 32.677232 ], [ -117.049654, 32.675794 ], [ -117.053325, 32.675486 ], [ -117.05461, 32.674401 ], [ -117.054881, 32.672363 ], [ -117.057102, 32.671774 ], [ -117.059695, 32.672818 ], [ -117.0616, 32.672291 ], [ -117.063002, 32.673782 ] ] ] } },
{ "type": "Feature", "properties": { "STATEFP": "06", "COUNTYFP": "073", "TRACTCE": "006801", "GEOIDFQ": "1400000US06073006801", "GEOID": "06073006801", "NAME": "68.01", "NAMELSAD": "Census Tract 68.01", "STUSPS": "CA", "NAMELSADCO": "San Diego County", "STATE_NAME": "California", "LSAD": "CT", "ALAND": 672628, "AWATER": 0, "centroid_lon": -117.229271790659, "centroid_lat": 32.754759239271927, "B03002_001E": 3299, "B03002_001M": 527, "B03002_012E": 845, "B03002_012M": 338, "B19013_001E": 90531, "B19013_001M": 15262, "B01003_001E": 3299, "state": "06", "county": "073", "tract": "006801", "latino_share": 0.25613822370415279, "camera_count": 1, "arterial_road_m": 6567.3900961840309, "land_area_km2": 0.672628, "pop_density_per_km2": 4904.6426851097485, "arterial_km_per_km2": 9.7637774463507778, "log_income": 11.413447612470558, "city": "San Diego" }, "geometry": { "type": "Polygon", "coordinates": [ [ [ -117.237303, 32.754045 ], [ -117.236408, 32.754527 ], [ -117.235062, 32.756404 ], [ -117.229152, 32.757114 ], [ -117.224222, 32.75771 ], [ -117.219464, 32.754799 ], [ -117.221957, 32.754326 ], [ -117.226231, 32.752844 ], [ -117.229315, 32.75255 ], [ -117.229399, 32.752544 ], [ -117.233678, 32.752203 ], [ -117.234065, 32.752127 ], [ -117.235278, 32.75151 ], [ -117.236075, 32.751237 ], [ -117.237287, 32.753704 ], [ -117.237303, 32.754045 ] ] ] } },
{ "type": "Feature", "properties": { "STATEFP": "06", "COUNTYFP": "073", "TRACTCE": "009509", "GEOIDFQ": "1400000US06073009509", "GEOID": "06073009509", "NAME": "95.09", "NAMELSAD": "Census Tract 95.09", "STUSPS": "CA", "NAMELSADCO": "San Diego County", "STATE_NAME": "California", "LSAD": "CT", "ALAND": 5100595, "AWATER": 0, "centroid_lon": -117.09647821906367, "centroid_lat": 32.80566685144278, "B03002_001E": 5744, "B03002_001M": 780, "B03002_012E": 1214, "B03002_012M": 228, "B19013_001E": 105272, "B19013_001M": 27101, "B01003_001E": 5744, "state": "06", "county": "073", "tract": "009509", "latino_share": 0.21135097493036212, "camera_count": 0, "arterial_road_m": 11343.138698739955, "land_area_km2": 5.100595, "pop_density_per_km2": 1126.1431264391704, "arterial_km_per_km2": 2.2238853895947344, "log_income": 11.564302755829976, "city": "San Diego" }, "geometry": { "type": "Polygon", "coordinates": [ [ [ -117.112537, 32.792414 ], [ -117.112198, 32.794801 ], [ -117.110704, 32.795287 ], [ -117.105826, 32.795233 ], [ -117.104576, 32.795349 ], [ -117.104586, 32.79838 ], [ -117.102544, 32.801733 ], [ -117.103091, 32.802473 ], [ -117.104358, 32.805427 ], [ -117.102731, 32.805414 ], [ -117.102693, 32.808753 ], [ -117.103685, 32.810742 ], [ -117.10238, 32.811012 ], [ -117.102964, 32.814601 ], [ -117.104031, 32.81784 ], [ -117.103958, 32.818176 ], [ -117.102567, 32.818178 ], [ -117.102915, 32.823339 ], [ -117.099815, 32.822688 ], [ -117.097814, 32.821324 ], [ -117.095554, 32.818391 ], [ -117.093825, 32.81775 ], [ -117.090079, 32.817551 ], [ -117.087519, 32.81599 ], [ -117.085825, 32.814617 ], [ -117.084913, 32.813686 ], [ -117.080406, 32.808989 ], [ -117.079387, 32.8076 ], [ -117.079005, 32.806739 ], [ -117.090339, 32.801346 ], [ -117.09365, 32.79716 ], [ -117.096972, 32.794139 ], [ -117.097495, 32.792989 ], [ -117.098167, 32.791437 ], [ -117.099609, 32.790512 ], [ -117.103088, 32.790402 ], [ -117.105113, 32.790329 ], [ -117.108768, 32.789374 ], [ -117.114061, 32.788259 ], [ -117.112537, 32.792414 ] ] ] } },
{ "type": "Feature", "properties": { "STATEFP": "06", "COUNTYFP": "073", "TRACTCE": "009101", "GEOIDFQ": "1400000US06073009101", "GEOID": "06073009101", "NAME": "91.01", "NAMELSAD": "Census Tract 91.01", "STUSPS": "CA", "NAMELSADCO": "San Diego County", "STATE_NAME": "California", "LSAD": "CT", "ALAND": 2780258, "AWATER": 0, "centroid_lon": -117.20399990404368, "centroid_lat": 32.800265402178155, "B03002_001E": 5334, "B03002_001M": 685, "B03002_012E": 809, "B03002_012M": 405, "B19013_001E": 108873, "B19013_001M": 27368, "B01003_001E": 5334, "state": "06", "county": "073", "tract": "009101", "latino_share": 0.15166854143232095, "camera_count": 0, "arterial_road_m": 18081.66856050802, "land_area_km2": 2.780258, "pop_density_per_km2": 1918.5269856250752, "arterial_km_per_km2": 6.5035937529927157, "log_income": 11.597937344296067, "city": "San Diego" }, "geometry": { "type": "Polygon", "coordinates": [ [ [ -117.215697, 32.806782 ], [ -117.214062, 32.80714 ], [ -117.210604, 32.807896 ], [ -117.208074, 32.808724 ], [ -117.203408, 32.811606 ], [ -117.200973, 32.81173 ], [ -117.201008, 32.809309 ], [ -117.201014, 32.806274 ], [ -117.200823, 32.805693 ], [ -117.200469, 32.805137 ], [ -117.195314, 32.799763 ], [ -117.193167, 32.796681 ], [ -117.194222, 32.794406 ], [ -117.196116, 32.79328 ], [ -117.196692, 32.792282 ], [ -117.197161, 32.791753 ], [ -117.198763, 32.79096 ], [ -117.201264, 32.79018 ], [ -117.20604, 32.790709 ], [ -117.206963, 32.79065 ], [ -117.207216, 32.790612 ], [ -117.208047, 32.793756 ], [ -117.209418, 32.796386 ], [ -117.2131, 32.80288 ], [ -117.216003, 32.806717 ], [ -117.215697, 32.806782 ] ] ] } },
{ "type": "Feature", "properties": { "STATEFP": "06", "COUNTYFP": "073", "TRACTCE": "008307", "GEOIDFQ": "1400000US06073008307", "GEOID": "06073008307", "NAME": "83.07", "NAMELSAD": "Census Tract 83.07", "STUSPS": "CA", "NAMELSADCO": "San Diego County", "STATE_NAME": "California", "LSAD": "CT", "ALAND": 2174523, "AWATER": 0, "centroid_lon": -117.21179972405596, "centroid_lat": 32.852188053866755, "B03002_001E": 4348, "B03002_001M": 753, "B03002_012E": 862, "B03002_012M": 469, "B19013_001E": 122083, "B19013_001M": 62726, "B01003_001E": 4348, "state": "06", "county": "073", "tract": "008307", "latino_share": 0.19825206991720332, "camera_count": 0, "arterial_road_m": 8312.3758708896257, "land_area_km2": 2.174523, "pop_density_per_km2": 1999.518974966004, "arterial_km_per_km2": 3.8226203497914835, "log_income": 11.71245642026615, "city": "San Diego" }, "geometry": { "type": "Polygon", "coordinates": [ [ [ -117.220528, 32.857599 ], [ -117.210652, 32.861768 ], [ -117.206014, 32.858605 ], [ -117.204588, 32.854601 ], [ -117.203841, 32.851644 ], [ -117.203814, 32.848382 ], [ -117.202569, 32.847045 ], [ -117.205554, 32.847042 ], [ -117.20896, 32.846113 ], [ -117.217821, 32.8421 ], [ -117.219426, 32.845631 ], [ -117.219563, 32.846239 ], [ -117.219289, 32.847607 ], [ -117.216804, 32.851491 ], [ -117.216271, 32.852835 ], [ -117.216385, 32.853674 ], [ -117.216788, 32.854376 ], [ -117.220528, 32.857599 ] ] ] } },
{ "type": "Feature", "properties": { "STATEFP": "06", "COUNTYFP": "073", "TRACTCE": "008902", "GEOIDFQ": "1400000US06073008902", "GEOID": "06073008902", "NAME": "89.02", "NAMELSAD": "Census Tract 89.02", "STUSPS": "CA", "NAMELSADCO": "San Diego County", "STATE_NAME": "California", "LSAD": "CT", "ALAND": 2858771, "AWATER": 216448, "centroid_lon": -117.17850585609162, "centroid_lat": 32.763004973270931, "B03002_001E": 3485, "B03002_001M": 599, "B03002_012E": 923, "B03002_012M": 367, "B19013_001E": 104558, "B19013_001M": 13222, "B01003_001E": 3485, "state": "06", "county": "073", "tract": "008902", "latino_share": 0.26484935437589668, "camera_count": 19, "arterial_road_m": 28873.886670014886, "land_area_km2": 2.858771, "pop_density_per_km2": 1219.0553213251428, "arterial_km_per_km2": 10.100104789790748, "log_income": 11.557497220341638, "city": "San Diego" }, "geometry": { "type": "Polygon", "coordinates": [ [ [ -117.204474, 32.762154 ], [ -117.197917, 32.762849 ], [ -117.196975, 32.762987 ], [ -117.189676, 32.764831 ], [ -117.18681, 32.765793 ], [ -117.185312, 32.766263 ], [ -117.183634, 32.766265 ], [ -117.179792, 32.766121 ], [ -117.1738, 32.767883 ], [ -117.16934, 32.769566 ], [ -117.163953, 32.770233 ], [ -117.162913, 32.770776 ], [ -117.161457, 32.771526 ], [ -117.162461, 32.767658 ], [ -117.162742, 32.766626 ], [ -117.163449, 32.76395 ], [ -117.163523, 32.762634 ], [ -117.163514, 32.762454 ], [ -117.163052, 32.760557 ], [ -117.161561, 32.758795 ], [ -117.165379, 32.759316 ], [ -117.167457, 32.759166 ], [ -117.168156, 32.75916 ], [ -117.170867, 32.75865 ], [ -117.177058, 32.757652 ], [ -117.178867, 32.75765 ], [ -117.185506, 32.758755 ], [ -117.189621, 32.758889 ], [ -117.189285, 32.75929 ], [ -117.194016, 32.760312 ], [ -117.196597, 32.760299 ], [ -117.202878, 32.759304 ], [ -117.203788, 32.759396 ], [ -117.204107, 32.759503 ], [ -117.204153, 32.759674 ], [ -117.204222, 32.759931 ], [ -117.204788, 32.762111 ], [ -117.204474, 32.762154 ] ] ] } },
{ "type": "Feature", "properties": { "STATEFP": "06", "COUNTYFP": "073", "TRACTCE": "006000", "GEOIDFQ": "1400000US06073006000", "GEOID": "06073006000", "NAME": "60", "NAMELSAD": "Census Tract 60", "STUSPS": "CA", "NAMELSADCO": "San Diego County", "STATE_NAME": "California", "LSAD": "CT", "ALAND": 1009025, "AWATER": 0, "centroid_lon": -117.16457189288843, "centroid_lat": 32.736015623948752, "B03002_001E": 4431, "B03002_001M": 484, "B03002_012E": 763, "B03002_012M": 300, "B19013_001E": 99044, "B19013_001M": 16657, "B01003_001E": 4431, "state": "06", "county": "073", "tract": "006000", "latino_share": 0.17219589257503951, "camera_count": 1, "arterial_road_m": 7683.091704853955, "land_area_km2": 1.009025, "pop_density_per_km2": 4391.3679046604393, "arterial_km_per_km2": 7.6143719975758328, "log_income": 11.503319474824993, "city": "San Diego" }, "geometry": { "type": "Polygon", "coordinates": [ [ [ -117.169568, 32.733281 ], [ -117.169907, 32.738547 ], [ -117.169015, 32.740717 ], [ -117.168524, 32.740726 ], [ -117.165831, 32.740774 ], [ -117.164007, 32.740773 ], [ -117.162183, 32.740784 ], [ -117.159448, 32.74081 ], [ -117.159414, 32.736632 ], [ -117.159404, 32.73243 ], [ -117.159399, 32.731394 ], [ -117.163028, 32.731373 ], [ -117.16575, 32.731355 ], [ -117.167785, 32.731329 ], [ -117.169468, 32.73083 ], [ -117.169948, 32.732022 ], [ -117.169568, 32.733281 ] ] ] } },
{ "type": "Feature", "properties": { "STATEFP": "06", "COUNTYFP": "073", "TRACTCE": "004000", "GEOIDFQ": "1400000US06073004000", "GEOID": "06073004000", "NAME": "40", "NAMELSAD": "Census Tract 40", "STUSPS": "CA", "NAMELSADCO": "San Diego County", "STATE_NAME": "California", "LSAD": "CT", "ALAND": 856140, "AWATER": 0, "centroid_lon": -117.12707416346124, "centroid_lat": 32.708778352133955, "B03002_001E": 4151, "B03002_001M": 784, "B03002_012E": 3501, "B03002_012M": 776, "B19013_001E": 53643, "B19013_001M": 21162, "B01003_001E": 4151, "state": "06", "county": "073", "tract": "004000", "latino_share": 0.84341122621055165, "camera_count": 4, "arterial_road_m": 6422.214373554978, "land_area_km2": 0.85614, "pop_density_per_km2": 4848.506085453314, "arterial_km_per_km2": 7.5013600270457852, "log_income": 10.890106264243313, "city": "San Diego" }, "geometry": { "type": "Polygon", "coordinates": [ [ [ -117.133841, 32.708473 ], [ -117.133836, 32.710562 ], [ -117.13385, 32.711631 ], [ -117.125271, 32.711673 ], [ -117.122255, 32.711779 ], [ -117.119003, 32.711632 ], [ -117.118839, 32.711621 ], [ -117.12031, 32.706778 ], [ -117.120347, 32.706545 ], [ -117.120525, 32.706639 ], [ -117.123856, 32.706735 ], [ -117.125222, 32.706434 ], [ -117.125221, 32.705371 ], [ -117.129522, 32.705368 ], [ -117.133881, 32.705342 ], [ -117.133841, 32.708473 ] ] ] } },
{ "type": "Feature", "properties": { "STATEFP": "06", "COUNTYFP": "073", "TRACTCE": "010010", "GEOIDFQ": "1400000US06073010010", "GEOID": "06073010010", "NAME": "100.10", "NAMELSAD": "Census Tract 100.10", "STUSPS": "CA", "NAMELSADCO": "San Diego County", "STATE_NAME": "California", "LSAD": "CT", "ALAND": 1169863, "AWATER": 0, "centroid_lon": -117.06372046738981, "centroid_lat": 32.578391609353368, "B03002_001E": 4807, "B03002_001M": 526, "B03002_012E": 3641, "B03002_012M": 499, "B19013_001E": 65000, "B19013_001M": 11665, "B01003_001E": 4807, "state": "06", "county": "073", "tract": "010010", "latino_share": 0.75743707093821511, "camera_count": 1, "arterial_road_m": 5415.6514370644518, "land_area_km2": 1.169863, "pop_density_per_km2": 4109.0281511595795, "arterial_km_per_km2": 4.6293039758197763, "log_income": 11.082142548877775, "city": "San Diego" }, "geometry": { "type": "Polygon", "coordinates": [ [ [ -117.071162, 32.583801 ], [ -117.063233, 32.583807 ], [ -117.062007, 32.583771 ], [ -117.061979, 32.583037 ], [ -117.061431, 32.581883 ], [ -117.058817, 32.57855 ], [ -117.058068, 32.57759 ], [ -117.057271, 32.576716 ], [ -117.054871, 32.575226 ], [ -117.053997, 32.573318 ], [ -117.054504, 32.573242 ], [ -117.05806, 32.573223 ], [ -117.058885, 32.573234 ], [ -117.062688, 32.573773 ], [ -117.064399, 32.574251 ], [ -117.065302, 32.574308 ], [ -117.066565, 32.573994 ], [ -117.068842, 32.576862 ], [ -117.06972, 32.578018 ], [ -117.070449, 32.579347 ], [ -117.070881, 32.580714 ], [ -117.071162, 32.583801 ] ] ] } },
{ "type": "Feature", "properties": { "STATEFP": "06", "COUNTYFP": "073", "TRACTCE": "010003", "GEOIDFQ": "1400000US06073010003", "GEOID": "06073010003", "NAME": "100.03", "NAMELSAD": "Census Tract 100.03", "STUSPS": "CA", "NAMELSADCO": "San Diego County", "STATE_NAME": "California", "LSAD": "CT", "ALAND": 1278418, "AWATER": 0, "centroid_lon": -117.0440971744603, "centroid_lat": 32.578845292186408, "B03002_001E": 4972, "B03002_001M": 932, "B03002_012E": 3095, "B03002_012M": 744, "B19013_001E": 98913, "B19013_001M": 13340, "B01003_001E": 4972, "state": "06", "county": "073", "tract": "010003", "latino_share": 0.62248592115848755, "camera_count": 0, "arterial_road_m": 4892.7206942603825, "land_area_km2": 1.278418, "pop_density_per_km2": 3889.1817856131561, "arterial_km_per_km2": 3.8271681830671831, "log_income": 11.501995954877502, "city": "San Diego" }, "geometry": { "type": "Polygon", "coordinates": [ [ [ -117.050472, 32.583678 ], [ -117.045388, 32.583689 ], [ -117.041704, 32.58371 ], [ -117.036845, 32.583744 ], [ -117.037716, 32.579997 ], [ -117.039312, 32.573556 ], [ -117.043532, 32.573595 ], [ -117.045418, 32.573605 ], [ -117.049862, 32.573634 ], [ -117.050243, 32.576402 ], [ -117.050236, 32.578768 ], [ -117.050238, 32.582248 ], [ -117.050472, 32.583678 ] ] ] } },
{ "type": "Feature", "properties": { "STATEFP": "06", "COUNTYFP": "073", "TRACTCE": "003003", "GEOIDFQ": "1400000US06073003003", "GEOID": "06073003003", "NAME": "30.03", "NAMELSAD": "Census Tract 30.03", "STUSPS": "CA", "NAMELSADCO": "San Diego County", "STATE_NAME": "California", "LSAD": "CT", "ALAND": 3273236, "AWATER": 0, "centroid_lon": -117.0575517948654, "centroid_lat": 32.725094306082518, "B03002_001E": 4926, "B03002_001M": 609, "B03002_012E": 2581, "B03002_012M": 540, "B19013_001E": 84622, "B19013_001M": 16361, "B01003_001E": 4926, "state": "06", "county": "073", "tract": "003003", "latino_share": 0.52395452699959399, "camera_count": 1, "arterial_road_m": 11906.971691255729, "land_area_km2": 3.273236, "pop_density_per_km2": 1504.9327332340229, "arterial_km_per_km2": 3.6376758935975682, "log_income": 11.345949559069204, "city": "San Diego" }, "geometry": { "type": "Polygon", "coordinates": [ [ [ -117.070875, 32.72751 ], [ -117.065746, 32.729359 ], [ -117.063705, 32.730226 ], [ -117.06079, 32.732255 ], [ -117.058685, 32.734015 ], [ -117.058091, 32.734621 ], [ -117.054329, 32.738717 ], [ -117.052093, 32.741038 ], [ -117.050837, 32.742041 ], [ -117.049735, 32.740938 ], [ -117.054187, 32.736679 ], [ -117.05642, 32.734389 ], [ -117.05194, 32.733829 ], [ -117.051607, 32.733953 ], [ -117.050391, 32.734875 ], [ -117.049357, 32.735144 ], [ -117.04937, 32.731966 ], [ -117.049376, 32.731459 ], [ -117.049392, 32.729663 ], [ -117.049286, 32.726602 ], [ -117.049332, 32.726266 ], [ -117.049307, 32.719961 ], [ -117.049306, 32.715861 ], [ -117.062369, 32.715882 ], [ -117.062525, 32.715881 ], [ -117.067963, 32.715348 ], [ -117.067978, 32.716642 ], [ -117.067988, 32.717401 ], [ -117.066399, 32.718569 ], [ -117.066096, 32.721832 ], [ -117.066751, 32.724242 ], [ -117.065943, 32.725988 ], [ -117.068064, 32.726556 ], [ -117.06807, 32.727259 ], [ -117.071445, 32.727215 ], [ -117.070875, 32.72751 ] ] ] } },
{ "type": "Feature", "properties": { "STATEFP": "06", "COUNTYFP": "073", "TRACTCE": "003403", "GEOIDFQ": "1400000US06073003403", "GEOID": "06073003403", "NAME": "34.03", "NAMELSAD": "Census Tract 34.03", "STUSPS": "CA", "NAMELSADCO": "San Diego County", "STATE_NAME": "California", "LSAD": "CT", "ALAND": 1383836, "AWATER": 0, "centroid_lon": -117.10859428995273, "centroid_lat": 32.713656864855594, "B03002_001E": 3681, "B03002_001M": 455, "B03002_012E": 2881, "B03002_012M": 439, "B19013_001E": 66711, "B19013_001M": 17951, "B01003_001E": 3681, "state": "06", "county": "073", "tract": "003403", "latino_share": 0.78266775332790006, "camera_count": 3, "arterial_road_m": 12588.021918028408, "land_area_km2": 1.383836, "pop_density_per_km2": 2659.9972829150274, "arterial_km_per_km2": 9.0964694646102622, "log_income": 11.108125135847542, "city": "San Diego" }, "geometry": { "type": "Polygon", "coordinates": [ [ [ -117.117745, 32.714623 ], [ -117.117821, 32.717199 ], [ -117.110507, 32.718311 ], [ -117.107029, 32.718363 ], [ -117.102928, 32.719121 ], [ -117.103046, 32.716174 ], [ -117.102902, 32.715097 ], [ -117.102115, 32.713049 ], [ -117.100908, 32.711459 ], [ -117.097324, 32.707659 ], [ -117.099973, 32.707656 ], [ -117.104781, 32.709313 ], [ -117.10978, 32.708964 ], [ -117.110496, 32.711499 ], [ -117.110689, 32.711489 ], [ -117.118839, 32.711621 ], [ -117.117745, 32.714623 ] ] ] } },
{ "type": "Feature", "properties": { "STATEFP": "06", "COUNTYFP": "073", "TRACTCE": "010009", "GEOIDFQ": "1400000US06073010009", "GEOID": "06073010009", "NAME": "100.09", "NAMELSAD": "Census Tract 100.09", "STUSPS": "CA", "NAMELSADCO": "San Diego County", "STATE_NAME": "California", "LSAD": "CT", "ALAND": 4035019, "AWATER": 302, "centroid_lon": -117.05286232749792, "centroid_lat": 32.546794668621331, "B03002_001E": 5436, "B03002_001M": 764, "B03002_012E": 4939, "B03002_012M": 756, "B19013_001E": 74063, "B19013_001M": 8577, "B01003_001E": 5436, "state": "06", "county": "073", "tract": "010009", "latino_share": 0.9085724797645327, "camera_count": 26, "arterial_road_m": 19207.986507083406, "land_area_km2": 4.035019, "pop_density_per_km2": 1347.2055521919474, "arterial_km_per_km2": 4.7603212047039687, "log_income": 11.212671361343652, "city": "San Diego" }, "geometry": { "type": "Polygon", "coordinates": [ [ [ -117.071069, 32.544639 ], [ -117.068007, 32.545136 ], [ -117.066915, 32.54564 ], [ -117.062906, 32.550392 ], [ -117.062393, 32.551927 ], [ -117.062413, 32.554517 ], [ -117.06242, 32.556712 ], [ -117.062407, 32.558186 ], [ -117.062408, 32.558706 ], [ -117.061198, 32.558188 ], [ -117.054304, 32.555263 ], [ -117.045526, 32.551515 ], [ -117.045626, 32.551352 ], [ -117.042507, 32.550173 ], [ -117.040948, 32.549586 ], [ -117.039847, 32.549 ], [ -117.029886143029998, 32.542204996706701 ], [ -117.039983413192999, 32.541483782937199 ], [ -117.062632361813002, 32.539866045336197 ], [ -117.063974, 32.540008 ], [ -117.066729, 32.540672 ], [ -117.06794, 32.541017 ], [ -117.070707, 32.542431 ], [ -117.07111, 32.543107 ], [ -117.071069, 32.544639 ] ] ] } },
{ "type": "Feature", "properties": { "STATEFP": "06", "COUNTYFP": "073", "TRACTCE": "017036", "GEOIDFQ": "1400000US06073017036", "GEOID": "06073017036", "NAME": "170.36", "NAMELSAD": "Census Tract 170.36", "STUSPS": "CA", "NAMELSADCO": "San Diego County", "STATE_NAME": "California", "LSAD": "CT", "ALAND": 990808, "AWATER": 0, "centroid_lon": -117.12251270344463, "centroid_lat": 32.959775648401845, "B03002_001E": 2993, "B03002_001M": 376, "B03002_012E": 300, "B03002_012M": 165, "B19013_001E": 129979, "B19013_001M": 10882, "B01003_001E": 2993, "state": "06", "county": "073", "tract": "017036", "latino_share": 0.10023387905111927, "camera_count": 0, "arterial_road_m": 7672.0390897040588, "land_area_km2": 0.990808, "pop_density_per_km2": 3020.7668892459487, "arterial_km_per_km2": 7.7432147194048282, "log_income": 11.775128177927439, "city": "San Diego" }, "geometry": { "type": "Polygon", "coordinates": [ [ [ -117.129494, 32.95642 ], [ -117.128516, 32.957331 ], [ -117.127079, 32.958419 ], [ -117.126373, 32.959498 ], [ -117.126454, 32.962685 ], [ -117.126652, 32.963281 ], [ -117.121769, 32.965913 ], [ -117.119843, 32.965508 ], [ -117.118751, 32.964559 ], [ -117.117904, 32.962323 ], [ -117.11724, 32.960674 ], [ -117.115493, 32.959429 ], [ -117.11387, 32.958588 ], [ -117.121208, 32.95621 ], [ -117.126286, 32.954656 ], [ -117.130057, 32.954005 ], [ -117.129494, 32.95642 ] ] ] } },
{ "type": "Feature", "properties": { "STATEFP": "06", "COUNTYFP": "073", "TRACTCE": "009703", "GEOIDFQ": "1400000US06073009703", "GEOID": "06073009703", "NAME": "97.03", "NAMELSAD": "Census Tract 97.03", "STUSPS": "CA", "NAMELSADCO": "San Diego County", "STATE_NAME": "California", "LSAD": "CT", "ALAND": 1655643, "AWATER": 0, "centroid_lon": -117.07368695165488, "centroid_lat": 32.79562456536474, "B03002_001E": 3595, "B03002_001M": 302, "B03002_012E": 782, "B03002_012M": 156, "B19013_001E": 132094, "B19013_001M": 23875, "B01003_001E": 3595, "state": "06", "county": "073", "tract": "009703", "latino_share": 0.21752433936022253, "camera_count": 0, "arterial_road_m": 4985.0779786010662, "land_area_km2": 1.655643, "pop_density_per_km2": 2171.3618213588315, "arterial_km_per_km2": 3.0109618913020904, "log_income": 11.791269069342631, "city": "San Diego" }, "geometry": { "type": "Polygon", "coordinates": [ [ [ -117.08449, 32.78632 ], [ -117.084535, 32.788601 ], [ -117.0827, 32.790715 ], [ -117.080669, 32.792718 ], [ -117.076127, 32.797171 ], [ -117.075965, 32.797293 ], [ -117.076549, 32.797886 ], [ -117.077144, 32.798469 ], [ -117.078119, 32.801756 ], [ -117.076619, 32.801818 ], [ -117.073821, 32.803049 ], [ -117.068524, 32.801674 ], [ -117.066722, 32.80178 ], [ -117.065607, 32.800959 ], [ -117.062461, 32.800509 ], [ -117.063574, 32.799387 ], [ -117.064355, 32.796348 ], [ -117.065634, 32.795193 ], [ -117.067763, 32.793684 ], [ -117.071679, 32.792961 ], [ -117.072978, 32.792439 ], [ -117.082305, 32.786176 ], [ -117.085611, 32.784701 ], [ -117.08449, 32.78632 ] ] ] } },
{ "type": "Feature", "properties": { "STATEFP": "06", "COUNTYFP": "073", "TRACTCE": "008343", "GEOIDFQ": "1400000US06073008343", "GEOID": "06073008343", "NAME": "83.43", "NAMELSAD": "Census Tract 83.43", "STUSPS": "CA", "NAMELSADCO": "San Diego County", "STATE_NAME": "California", "LSAD": "CT", "ALAND": 766103, "AWATER": 0, "centroid_lon": -117.21754761720641, "centroid_lat": 32.862678868568182, "B03002_001E": 4165, "B03002_001M": 501, "B03002_012E": 570, "B03002_012M": 264, "B19013_001E": 82325, "B19013_001M": 15574, "B01003_001E": 4165, "state": "06", "county": "073", "tract": "008343", "latino_share": 0.1368547418967587, "camera_count": 1, "arterial_road_m": 3652.5913958982464, "land_area_km2": 0.766103, "pop_density_per_km2": 5436.6057827733348, "arterial_km_per_km2": 4.76775498320493, "log_income": 11.318430107244565, "city": "San Diego" }, "geometry": { "type": "Polygon", "coordinates": [ [ [ -117.222817, 32.861322 ], [ -117.222493, 32.863339 ], [ -117.222094, 32.864186 ], [ -117.221245, 32.865278 ], [ -117.220369, 32.866108 ], [ -117.219117, 32.867536 ], [ -117.217, 32.866619 ], [ -117.216487, 32.866482 ], [ -117.215646, 32.866429 ], [ -117.213556, 32.866826 ], [ -117.212635, 32.86417 ], [ -117.211847, 32.862876 ], [ -117.210652, 32.861768 ], [ -117.220528, 32.857599 ], [ -117.222105, 32.859257 ], [ -117.222852, 32.861322 ], [ -117.222817, 32.861322 ] ] ] } },
{ "type": "Feature", "properties": { "STATEFP": "06", "COUNTYFP": "073", "TRACTCE": "007800", "GEOIDFQ": "1400000US06073007800", "GEOID": "06073007800", "NAME": "78", "NAMELSAD": "Census Tract 78", "STUSPS": "CA", "NAMELSADCO": "San Diego County", "STATE_NAME": "California", "LSAD": "CT", "ALAND": 1988033, "AWATER": 9684, "centroid_lon": -117.22444931797394, "centroid_lat": 32.804279909834477, "B03002_001E": 5939, "B03002_001M": 960, "B03002_012E": 1430, "B03002_012M": 414, "B19013_001E": 105938, "B19013_001M": 19031, "B01003_001E": 5939, "state": "06", "county": "073", "tract": "007800", "latino_share": 0.24078127630914295, "camera_count": 5, "arterial_road_m": 15592.482799950525, "land_area_km2": 1.988033, "pop_density_per_km2": 2987.3749580615613, "arterial_km_per_km2": 7.8431710137359518, "log_income": 11.57060929630978, "city": "San Diego" }, "geometry": { "type": "Polygon", "coordinates": [ [ [ -117.234169, 32.810248 ], [ -117.231346, 32.810814 ], [ -117.230651, 32.810965 ], [ -117.225492, 32.811855 ], [ -117.224927, 32.809268 ], [ -117.225834, 32.808079 ], [ -117.223668, 32.80762 ], [ -117.222225, 32.808998 ], [ -117.219666, 32.809518 ], [ -117.220058, 32.811741 ], [ -117.218022, 32.809187 ], [ -117.216003, 32.806717 ], [ -117.2131, 32.80288 ], [ -117.209418, 32.796386 ], [ -117.211147, 32.798332 ], [ -117.215642, 32.801904 ], [ -117.217686, 32.802369 ], [ -117.222226, 32.801811 ], [ -117.221295, 32.798064 ], [ -117.225006, 32.797341 ], [ -117.229956, 32.796197 ], [ -117.230506, 32.79796 ], [ -117.231107, 32.799879 ], [ -117.231326, 32.800609 ], [ -117.231688, 32.801807 ], [ -117.232252, 32.803669 ], [ -117.23313, 32.806465 ], [ -117.232574, 32.808556 ], [ -117.234169, 32.810248 ] ] ] } },
{ "type": "Feature", "properties": { "STATEFP": "06", "COUNTYFP": "073", "TRACTCE": "008364", "GEOIDFQ": "1400000US06073008364", "GEOID": "06073008364", "NAME": "83.64", "NAMELSAD": "Census Tract 83.64", "STUSPS": "CA", "NAMELSADCO": "San Diego County", "STATE_NAME": "California", "LSAD": "CT", "ALAND": 989248, "AWATER": 0, "centroid_lon": -117.22745383591378, "centroid_lat": 32.859858162084883, "B03002_001E": 4596, "B03002_001M": 558, "B03002_012E": 463, "B03002_012M": 200, "B19013_001E": 97066, "B19013_001M": 32554, "B01003_001E": 4596, "state": "06", "county": "073", "tract": "008364", "latino_share": 0.10073977371627502, "camera_count": 4, "arterial_road_m": 6624.3133642163675, "land_area_km2": 0.989248, "pop_density_per_km2": 4645.9532897716244, "arterial_km_per_km2": 6.6963121120450761, "log_income": 11.483146438481105, "city": "San Diego" }, "geometry": { "type": "Polygon", "coordinates": [ [ [ -117.235069, 32.849494 ], [ -117.231745, 32.854284 ], [ -117.230757, 32.856339 ], [ -117.229473, 32.86825 ], [ -117.224731, 32.868352 ], [ -117.224712, 32.866367 ], [ -117.224782, 32.865998 ], [ -117.225419, 32.864956 ], [ -117.225095, 32.864636 ], [ -117.224825, 32.863343 ], [ -117.225349, 32.861794 ], [ -117.223359, 32.861356 ], [ -117.222852, 32.861322 ], [ -117.222105, 32.859257 ], [ -117.220528, 32.857599 ], [ -117.229761, 32.853689 ], [ -117.231254, 32.852653 ], [ -117.234378, 32.848451 ], [ -117.234484, 32.84901 ], [ -117.235069, 32.849494 ] ] ] } },
{ "type": "Feature", "properties": { "STATEFP": "06", "COUNTYFP": "073", "TRACTCE": "008339", "GEOIDFQ": "1400000US06073008339", "GEOID": "06073008339", "NAME": "83.39", "NAMELSAD": "Census Tract 83.39", "STUSPS": "CA", "NAMELSADCO": "San Diego County", "STATE_NAME": "California", "LSAD": "CT", "ALAND": 11796998, "AWATER": 61317, "centroid_lon": -117.23039496404573, "centroid_lat": 32.902659771752454, "B03002_001E": 1882, "B03002_001M": 268, "B03002_012E": 285, "B03002_012M": 102, "B19013_001E": 80417, "B19013_001M": 18793, "B01003_001E": 1882, "state": "06", "county": "073", "tract": "008339", "latino_share": 0.15143464399574921, "camera_count": 13, "arterial_road_m": 68707.207462687511, "land_area_km2": 11.796998, "pop_density_per_km2": 159.53211147446154, "arterial_km_per_km2": 5.8241263974688735, "log_income": 11.294980875602253, "city": "San Diego" }, "geometry": { "type": "Polygon", "coordinates": [ [ [ -117.261748606121003, 32.939294109450898 ], [ -117.261181, 32.938828 ], [ -117.261126, 32.940296 ], [ -117.258127, 32.939019 ], [ -117.257783, 32.938583 ], [ -117.257376, 32.936047 ], [ -117.256154, 32.934818 ], [ -117.255354, 32.93417 ], [ -117.250876, 32.932066 ], [ -117.247275, 32.930913 ], [ -117.2449, 32.930524 ], [ -117.241325, 32.932349 ], [ -117.241173, 32.931348 ], [ -117.240574, 32.928358 ], [ -117.238309, 32.922151 ], [ -117.237016, 32.920218 ], [ -117.235589, 32.91872 ], [ -117.234714, 32.917819 ], [ -117.234485, 32.917958 ], [ -117.231139, 32.915326 ], [ -117.22998, 32.914012 ], [ -117.227839, 32.91089 ], [ -117.224721, 32.906901 ], [ -117.223372, 32.904789 ], [ -117.223206, 32.903836 ], [ -117.221716, 32.902239 ], [ -117.214651, 32.895113 ], [ -117.212443, 32.893708 ], [ -117.208031, 32.891786 ], [ -117.206068, 32.890622 ], [ -117.206025, 32.890255 ], [ -117.204843, 32.889182 ], [ -117.203533, 32.887325 ], [ -117.199461, 32.875168 ], [ -117.20539, 32.874309 ], [ -117.207411, 32.874014 ], [ -117.209671, 32.873728 ], [ -117.214056, 32.872564 ], [ -117.214032, 32.877577 ], [ -117.214939, 32.879247 ], [ -117.220179, 32.882061 ], [ -117.223206, 32.885801 ], [ -117.224438, 32.886519 ], [ -117.227926, 32.887123 ], [ -117.231837, 32.88835 ], [ -117.235498, 32.890173 ], [ -117.239042, 32.89099 ], [ -117.2403, 32.89185 ], [ -117.240843, 32.892979 ], [ -117.245081, 32.913055 ], [ -117.248325, 32.917519 ], [ -117.249189, 32.920444 ], [ -117.250331, 32.922144 ], [ -117.254656, 32.924586 ], [ -117.258189, 32.927273 ], [ -117.260276503141, 32.928242142402503 ], [ -117.261153897789995, 32.934829274470701 ], [ -117.261713898943, 32.939033541683798 ], [ -117.261748606121003, 32.939294109450898 ] ] ] } },
{ "type": "Feature", "properties": { "STATEFP": "06", "COUNTYFP": "073", "TRACTCE": "008313", "GEOIDFQ": "1400000US06073008313", "GEOID": "06073008313", "NAME": "83.13", "NAMELSAD": "Census Tract 83.13", "STUSPS": "CA", "NAMELSADCO": "San Diego County", "STATE_NAME": "California", "LSAD": "CT", "ALAND": 2375852, "AWATER": 0, "centroid_lon": -117.24094335293948, "centroid_lat": 32.855149754780619, "B03002_001E": 2214, "B03002_001M": 275, "B03002_012E": 174, "B03002_012M": 74, "B19013_001E": 242083, "B19013_001M": 23668, "B01003_001E": 2214, "state": "06", "county": "073", "tract": "008313", "latino_share": 0.078590785907859076, "camera_count": 0, "arterial_road_m": 20790.66508020019, "land_area_km2": 2.375852, "pop_density_per_km2": 931.87622798053076, "arterial_km_per_km2": 8.7508250009681525, "log_income": 12.397035921542884, "city": "San Diego" }, "geometry": { "type": "Polygon", "coordinates": [ [ [ -117.252764, 32.850421 ], [ -117.250811, 32.850503 ], [ -117.24586, 32.852027 ], [ -117.245341, 32.853073 ], [ -117.246401, 32.859691 ], [ -117.243332, 32.861127 ], [ -117.243151, 32.866267 ], [ -117.242268, 32.870202 ], [ -117.240887, 32.870221 ], [ -117.238895, 32.871493 ], [ -117.237889, 32.871801 ], [ -117.238144, 32.86949 ], [ -117.236227, 32.864173 ], [ -117.23613, 32.862951 ], [ -117.236264, 32.862241 ], [ -117.23717, 32.859921 ], [ -117.237205, 32.855301 ], [ -117.236588, 32.851389 ], [ -117.236339, 32.850852 ], [ -117.235069, 32.849494 ], [ -117.236211, 32.84677 ], [ -117.236655, 32.843466 ], [ -117.236465, 32.841598 ], [ -117.235218, 32.838635 ], [ -117.236315, 32.839193 ], [ -117.240671, 32.843187 ], [ -117.243218, 32.846177 ], [ -117.247481, 32.848304 ], [ -117.251798, 32.850181 ], [ -117.252764, 32.850421 ] ] ] } },
{ "type": "Feature", "properties": { "STATEFP": "06", "COUNTYFP": "073", "TRACTCE": "007502", "GEOIDFQ": "1400000US06073007502", "GEOID": "06073007502", "NAME": "75.02", "NAMELSAD": "Census Tract 75.02", "STUSPS": "CA", "NAMELSADCO": "San Diego County", "STATE_NAME": "California", "LSAD": "CT", "ALAND": 672609, "AWATER": 186646, "centroid_lon": -117.24782193765608, "centroid_lat": 32.746887709028044, "B03002_001E": 3010, "B03002_001M": 361, "B03002_012E": 470, "B03002_012M": 158, "B19013_001E": 84550, "B19013_001M": 15902, "B01003_001E": 3010, "state": "06", "county": "073", "tract": "007502", "latino_share": 0.15614617940199335, "camera_count": 2, "arterial_road_m": 2210.3942372806146, "land_area_km2": 0.672609, "pop_density_per_km2": 4475.1110972347979, "arterial_km_per_km2": 3.286298930404759, "log_income": 11.345098354326726, "city": "San Diego" }, "geometry": { "type": "Polygon", "coordinates": [ [ [ -117.253537906014998, 32.747466686563399 ], [ -117.253259, 32.747651 ], [ -117.252049, 32.7512 ], [ -117.252236975344005, 32.752740504220199 ], [ -117.251622, 32.752352 ], [ -117.248173, 32.750214 ], [ -117.244714, 32.748073 ], [ -117.241252, 32.74593 ], [ -117.244857, 32.74175 ], [ -117.250051, 32.744941 ], [ -117.251791, 32.746012 ], [ -117.253474, 32.747021 ], [ -117.254233698378997, 32.747006876180897 ], [ -117.253537906014998, 32.747466686563399 ] ] ] } },
{ "type": "Feature", "properties": { "STATEFP": "06", "COUNTYFP": "073", "TRACTCE": "021502", "GEOIDFQ": "1400000US06073021502", "GEOID": "06073021502", "NAME": "215.02", "NAMELSAD": "Census Tract 215.02", "STUSPS": "CA", "NAMELSADCO": "San Diego County", "STATE_NAME": "California", "LSAD": "CT", "ALAND": 10700455, "AWATER": 0, "centroid_lon": -117.18574316721255, "centroid_lat": 32.950702868104315, "B03002_001E": 9042, "B03002_001M": 911, "B03002_012E": 653, "B03002_012M": 323, "B19013_001E": 176076, "B19013_001M": 27638, "B01003_001E": 9042, "state": "06", "county": "073", "tract": "021502", "latino_share": 0.072218535722185354, "camera_count": 0, "arterial_road_m": 27315.785283333375, "land_area_km2": 10.700455, "pop_density_per_km2": 845.01079626987826, "arterial_km_per_km2": 2.552768576974846, "log_income": 12.078670998995467, "city": "San Diego" }, "geometry": { "type": "Polygon", "coordinates": [ [ [ -117.214296, 32.943933 ], [ -117.212261, 32.945068 ], [ -117.206221, 32.947392 ], [ -117.202784, 32.949326 ], [ -117.200316, 32.953391 ], [ -117.1996, 32.957537 ], [ -117.197625, 32.961178 ], [ -117.196585, 32.961369 ], [ -117.191983, 32.960738 ], [ -117.190543, 32.962967 ], [ -117.186309, 32.964963 ], [ -117.184997, 32.965315 ], [ -117.183871, 32.965713 ], [ -117.183225, 32.966044 ], [ -117.182872, 32.966288 ], [ -117.180037, 32.967598 ], [ -117.178349, 32.968082 ], [ -117.178502, 32.968671 ], [ -117.17851, 32.970295 ], [ -117.174955, 32.970286 ], [ -117.174374, 32.969974 ], [ -117.172953, 32.970212 ], [ -117.169866, 32.970231 ], [ -117.168416, 32.970126 ], [ -117.16744, 32.969967 ], [ -117.16755, 32.969502 ], [ -117.167584, 32.966377 ], [ -117.16766, 32.963103 ], [ -117.169447, 32.961523 ], [ -117.169056, 32.958427 ], [ -117.167771, 32.958359 ], [ -117.16833, 32.944162 ], [ -117.168608, 32.938804 ], [ -117.168806, 32.93729 ], [ -117.169177, 32.937144 ], [ -117.176975, 32.933936 ], [ -117.177407, 32.936394 ], [ -117.179539, 32.936549 ], [ -117.179793, 32.939345 ], [ -117.182652, 32.94134 ], [ -117.18263, 32.939454 ], [ -117.184448, 32.93954 ], [ -117.186405, 32.938715 ], [ -117.190506, 32.938786 ], [ -117.192423, 32.939435 ], [ -117.194585, 32.937552 ], [ -117.19959, 32.936823 ], [ -117.201064, 32.937631 ], [ -117.203822, 32.937015 ], [ -117.205615, 32.937157 ], [ -117.210564, 32.936446 ], [ -117.212764, 32.939959 ], [ -117.213493, 32.943071 ], [ -117.214296, 32.943933 ] ] ] } },
{ "type": "Feature", "properties": { "STATEFP": "06", "COUNTYFP": "073", "TRACTCE": "000301", "GEOIDFQ": "1400000US06073000301", "GEOID": "06073000301", "NAME": "3.01", "NAMELSAD": "Census Tract 3.01", "STUSPS": "CA", "NAMELSADCO": "San Diego County", "STATE_NAME": "California", "LSAD": "CT", "ALAND": 401792, "AWATER": 0, "centroid_lon": -117.16537328377269, "centroid_lat": 32.745284445261376, "B03002_001E": 2487, "B03002_001M": 427, "B03002_012E": 531, "B03002_012M": 288, "B19013_001E": 79605, "B19013_001M": 23452, "B01003_001E": 2487, "state": "06", "county": "073", "tract": "000301", "latino_share": 0.21351025331724971, "camera_count": 0, "arterial_road_m": 2406.2294410354916, "land_area_km2": 0.401792, "pop_density_per_km2": 6189.7698311564191, "arterial_km_per_km2": 5.9887440293372975, "log_income": 11.284832183930105, "city": "San Diego" }, "geometry": { "type": "Polygon", "coordinates": [ [ [ -117.168645, 32.748968 ], [ -117.166015, 32.748916 ], [ -117.163892, 32.748236 ], [ -117.161606, 32.748259 ], [ -117.161577, 32.745131 ], [ -117.16387, 32.745117 ], [ -117.164007, 32.740773 ], [ -117.165831, 32.740774 ], [ -117.168524, 32.740726 ], [ -117.167309, 32.742098 ], [ -117.167522, 32.745678 ], [ -117.16807, 32.745338 ], [ -117.168645, 32.748968 ] ] ] } },
{ "type": "Feature", "properties": { "STATEFP": "06", "COUNTYFP": "073", "TRACTCE": "009307", "GEOIDFQ": "1400000US06073009307", "GEOID": "06073009307", "NAME": "93.07", "NAMELSAD": "Census Tract 93.07", "STUSPS": "CA", "NAMELSADCO": "San Diego County", "STATE_NAME": "California", "LSAD": "CT", "ALAND": 4627278, "AWATER": 0, "centroid_lon": -117.13507013694841, "centroid_lat": 32.774413704920526, "B03002_001E": 4328, "B03002_001M": 545, "B03002_012E": 918, "B03002_012M": 365, "B19013_001E": 114604, "B19013_001M": 15534, "B01003_001E": 4328, "state": "06", "county": "073", "tract": "009307", "latino_share": 0.2121072088724584, "camera_count": 6, "arterial_road_m": 67716.565726077431, "land_area_km2": 4.627278, "pop_density_per_km2": 935.32309923890466, "arterial_km_per_km2": 14.634211673920918, "log_income": 11.649237986667607, "city": "San Diego" }, "geometry": { "type": "Polygon", "coordinates": [ [ [ -117.163523, 32.762634 ], [ -117.163449, 32.76395 ], [ -117.162742, 32.766626 ], [ -117.161312, 32.767051 ], [ -117.154571, 32.770004 ], [ -117.153629, 32.769906 ], [ -117.148482, 32.771275 ], [ -117.145583, 32.771734 ], [ -117.144605, 32.772202 ], [ -117.143548, 32.772994 ], [ -117.140552, 32.773851 ], [ -117.141889, 32.777996 ], [ -117.137894, 32.777731 ], [ -117.13668, 32.777892 ], [ -117.13523, 32.778489 ], [ -117.131526, 32.78123 ], [ -117.127845, 32.784089 ], [ -117.126544, 32.785009 ], [ -117.12473, 32.785877 ], [ -117.121374, 32.786381 ], [ -117.120202, 32.786721 ], [ -117.116837, 32.787659 ], [ -117.114061, 32.788259 ], [ -117.114555, 32.786213 ], [ -117.114474, 32.784647 ], [ -117.113508, 32.78161 ], [ -117.112508, 32.778519 ], [ -117.112, 32.777023 ], [ -117.111908, 32.776218 ], [ -117.112066, 32.776776 ], [ -117.117267, 32.776386 ], [ -117.119359, 32.775717 ], [ -117.122297, 32.774172 ], [ -117.126906, 32.772739 ], [ -117.129472, 32.77137 ], [ -117.131458, 32.770824 ], [ -117.137711, 32.769295 ], [ -117.139353, 32.767702 ], [ -117.142972, 32.766574 ], [ -117.143415, 32.766131 ], [ -117.147368, 32.764927 ], [ -117.154452, 32.763361 ], [ -117.157767, 32.762503 ], [ -117.160343, 32.760839 ], [ -117.161561, 32.758795 ], [ -117.163052, 32.760557 ], [ -117.163514, 32.762454 ], [ -117.163523, 32.762634 ] ] ] } },
{ "type": "Feature", "properties": { "STATEFP": "06", "COUNTYFP": "073", "TRACTCE": "005302", "GEOIDFQ": "1400000US06073005302", "GEOID": "06073005302", "NAME": "53.02", "NAMELSAD": "Census Tract 53.02", "STUSPS": "CA", "NAMELSADCO": "San Diego County", "STATE_NAME": "California", "LSAD": "CT", "ALAND": 473204, "AWATER": 0, "centroid_lon": -117.16378544753053, "centroid_lat": 32.715673157183708, "B03002_001E": 4116, "B03002_001M": 383, "B03002_012E": 1555, "B03002_012M": 236, "B19013_001E": 86250, "B19013_001M": 16712, "B01003_001E": 4116, "state": "06", "county": "073", "tract": "005302", "latino_share": 0.37779397473275023, "camera_count": 3, "arterial_road_m": 9245.0731189256385, "land_area_km2": 0.473204, "pop_density_per_km2": 8698.1513258552332, "arterial_km_per_km2": 19.537182946309919, "log_income": 11.365005334893606, "city": "San Diego" }, "geometry": { "type": "Polygon", "coordinates": [ [ [ -117.166487, 32.712539 ], [ -117.166488, 32.713569 ], [ -117.166489, 32.719883 ], [ -117.161118, 32.719903 ], [ -117.161081, 32.715696 ], [ -117.161072, 32.713621 ], [ -117.161037, 32.711485 ], [ -117.161948, 32.711479 ], [ -117.163768, 32.711468 ], [ -117.166506, 32.711472 ], [ -117.166487, 32.712539 ] ] ] } },
{ "type": "Feature", "properties": { "STATEFP": "06", "COUNTYFP": "073", "TRACTCE": "000800", "GEOIDFQ": "1400000US06073000800", "GEOID": "06073000800", "NAME": "8", "NAMELSAD": "Census Tract 8", "STUSPS": "CA", "NAMELSADCO": "San Diego County", "STATE_NAME": "California", "LSAD": "CT", "ALAND": 633882, "AWATER": 0, "centroid_lon": -117.14203958762627, "centroid_lat": 32.744806634780808, "B03002_001E": 5105, "B03002_001M": 612, "B03002_012E": 1316, "B03002_012M": 343, "B19013_001E": 92348, "B19013_001M": 23374, "B01003_001E": 5105, "state": "06", "county": "073", "tract": "000800", "latino_share": 0.25778648383937314, "camera_count": 1, "arterial_road_m": 3884.4261500447847, "land_area_km2": 0.633882, "pop_density_per_km2": 8053.5493987840018, "arterial_km_per_km2": 6.1279956680340897, "log_income": 11.433319328652216, "city": "San Diego" }, "geometry": { "type": "Polygon", "coordinates": [ [ [ -117.146322, 32.748423 ], [ -117.1425, 32.748443 ], [ -117.142172, 32.748445 ], [ -117.140038, 32.748447 ], [ -117.137895, 32.748448 ], [ -117.137902, 32.745606 ], [ -117.137909, 32.742127 ], [ -117.137911, 32.74197 ], [ -117.137914, 32.740989 ], [ -117.142739, 32.741199 ], [ -117.146137, 32.741182 ], [ -117.146173, 32.744351 ], [ -117.146194, 32.746431 ], [ -117.146392, 32.74643 ], [ -117.146322, 32.748423 ] ] ] } },
{ "type": "Feature", "properties": { "STATEFP": "06", "COUNTYFP": "073", "TRACTCE": "002502", "GEOIDFQ": "1400000US06073002502", "GEOID": "06073002502", "NAME": "25.02", "NAMELSAD": "Census Tract 25.02", "STUSPS": "CA", "NAMELSADCO": "San Diego County", "STATE_NAME": "California", "LSAD": "CT", "ALAND": 1893276, "AWATER": 0, "centroid_lon": -117.10803133179414, "centroid_lat": 32.728176782328688, "B03002_001E": 6932, "B03002_001M": 869, "B03002_012E": 3114, "B03002_012M": 929, "B19013_001E": 94092, "B19013_001M": 12147, "B01003_001E": 6932, "state": "06", "county": "073", "tract": "002502", "latino_share": 0.44922100403923831, "camera_count": 4, "arterial_road_m": 13147.247707836979, "land_area_km2": 1.893276, "pop_density_per_km2": 3661.3784783623732, "arterial_km_per_km2": 6.9441791412540903, "log_income": 11.452028306018923, "city": "San Diego" }, "geometry": { "type": "Polygon", "coordinates": [ [ [ -117.117488, 32.719708 ], [ -117.116835, 32.721168 ], [ -117.112663, 32.727112 ], [ -117.111485, 32.731853 ], [ -117.111511, 32.732125 ], [ -117.110898, 32.733614 ], [ -117.107518, 32.736208 ], [ -117.105644, 32.736783 ], [ -117.101686, 32.740641 ], [ -117.100962, 32.740265 ], [ -117.100981, 32.738506 ], [ -117.101037, 32.735163 ], [ -117.100992, 32.730505 ], [ -117.09975, 32.72884 ], [ -117.101219, 32.727657 ], [ -117.102582, 32.726481 ], [ -117.103153, 32.725733 ], [ -117.103412, 32.725501 ], [ -117.108345, 32.722593 ], [ -117.109975, 32.72038 ], [ -117.110507, 32.718311 ], [ -117.117821, 32.717199 ], [ -117.117488, 32.719708 ] ] ] } },
{ "type": "Feature", "properties": { "STATEFP": "06", "COUNTYFP": "073", "TRACTCE": "008374", "GEOIDFQ": "1400000US06073008374", "GEOID": "06073008374", "NAME": "83.74", "NAMELSAD": "Census Tract 83.74", "STUSPS": "CA", "NAMELSADCO": "San Diego County", "STATE_NAME": "California", "LSAD": "CT", "ALAND": 3166015, "AWATER": 0, "centroid_lon": -117.21318902084172, "centroid_lat": 32.931071808145447, "B03002_001E": 4170, "B03002_001M": 526, "B03002_012E": 474, "B03002_012M": 234, "B19013_001E": 250001, "B19013_001M": -333333333, "B01003_001E": 4170, "state": "06", "county": "073", "tract": "008374", "latino_share": 0.11366906474820145, "camera_count": 0, "arterial_road_m": 7992.5881605436089, "land_area_km2": 3.166015, "pop_density_per_km2": 1317.1131532857553, "arterial_km_per_km2": 2.5244947230330905, "log_income": 12.429220196836383, "city": "San Diego" }, "geometry": { "type": "Polygon", "coordinates": [ [ [ -117.221742, 32.940194 ], [ -117.220829, 32.940678 ], [ -117.216459, 32.942331 ], [ -117.214296, 32.943933 ], [ -117.213493, 32.943071 ], [ -117.212764, 32.939959 ], [ -117.210564, 32.936446 ], [ -117.209554, 32.934932 ], [ -117.204203, 32.934302 ], [ -117.20224, 32.932778 ], [ -117.197836, 32.930291 ], [ -117.196843, 32.928883 ], [ -117.200187, 32.927283 ], [ -117.205475, 32.927251 ], [ -117.207044, 32.926901 ], [ -117.208511, 32.92568 ], [ -117.210586, 32.922762 ], [ -117.21193, 32.922081 ], [ -117.216105, 32.921367 ], [ -117.218129, 32.921015 ], [ -117.221393, 32.920176 ], [ -117.22148, 32.930951 ], [ -117.221742, 32.940194 ] ] ] } },
{ "type": "Feature", "properties": { "STATEFP": "06", "COUNTYFP": "073", "TRACTCE": "010110", "GEOIDFQ": "1400000US06073010110", "GEOID": "06073010110", "NAME": "101.10", "NAMELSAD": "Census Tract 101.10", "STUSPS": "CA", "NAMELSADCO": "San Diego County", "STATE_NAME": "California", "LSAD": "CT", "ALAND": 2185931, "AWATER": 0, "centroid_lon": -117.08856929073599, "centroid_lat": 32.570394947450417, "B03002_001E": 7368, "B03002_001M": 872, "B03002_012E": 5379, "B03002_012M": 910, "B19013_001E": 68333, "B19013_001M": 15517, "B01003_001E": 7368, "state": "06", "county": "073", "tract": "010110", "latino_share": 0.73004885993485347, "camera_count": 6, "arterial_road_m": 8093.5492267107147, "land_area_km2": 2.185931, "pop_density_per_km2": 3370.6461914854585, "arterial_km_per_km2": 3.7025639083350366, "log_income": 11.132148091391757, "city": "San Diego" }, "geometry": { "type": "Polygon", "coordinates": [ [ [ -117.092775, 32.570041 ], [ -117.092755, 32.576509 ], [ -117.092685, 32.583778 ], [ -117.08755, 32.583798 ], [ -117.086291, 32.580441 ], [ -117.082627, 32.576484 ], [ -117.084121, 32.576477 ], [ -117.084096, 32.571033 ], [ -117.084103, 32.569163 ], [ -117.084068, 32.565477 ], [ -117.08407, 32.56387 ], [ -117.084081, 32.558202 ], [ -117.092772, 32.55822 ], [ -117.092768, 32.568285 ], [ -117.092763, 32.569159 ], [ -117.092775, 32.570041 ] ] ] } },
{ "type": "Feature", "properties": { "STATEFP": "06", "COUNTYFP": "073", "TRACTCE": "008511", "GEOIDFQ": "1400000US06073008511", "GEOID": "06073008511", "NAME": "85.11", "NAMELSAD": "Census Tract 85.11", "STUSPS": "CA", "NAMELSADCO": "San Diego County", "STATE_NAME": "California", "LSAD": "CT", "ALAND": 15213058, "AWATER": 0, "centroid_lon": -117.14161642806157, "centroid_lat": 32.826016755362652, "B03002_001E": 5362, "B03002_001M": 969, "B03002_012E": 1218, "B03002_012M": 487, "B19013_001E": 132786, "B19013_001M": 25309, "B01003_001E": 5362, "state": "06", "county": "073", "tract": "008511", "latino_share": 0.22715404699738903, "camera_count": 9, "arterial_road_m": 108869.28520386302, "land_area_km2": 15.213058, "pop_density_per_km2": 352.460366613997, "arterial_km_per_km2": 7.1563051428491908, "log_income": 11.796494088780467, "city": "San Diego" }, "geometry": { "type": "Polygon", "coordinates": [ [ [ -117.173382, 32.846791 ], [ -117.170677, 32.845956 ], [ -117.167949, 32.844187 ], [ -117.161245, 32.839087 ], [ -117.159455, 32.838055 ], [ -117.156532, 32.837296 ], [ -117.152141, 32.837485 ], [ -117.138944, 32.8402 ], [ -117.13383, 32.840967 ], [ -117.128819, 32.841505 ], [ -117.120926, 32.841647 ], [ -117.121163, 32.838908 ], [ -117.119004, 32.83294 ], [ -117.116752, 32.822878 ], [ -117.11425, 32.810371 ], [ -117.114882, 32.810198 ], [ -117.119043, 32.808712 ], [ -117.121437, 32.808287 ], [ -117.127709, 32.809853 ], [ -117.129749, 32.809867 ], [ -117.140124, 32.80971 ], [ -117.149452, 32.809602 ], [ -117.152311, 32.810658 ], [ -117.152868, 32.809107 ], [ -117.153721, 32.809919 ], [ -117.158192, 32.814809 ], [ -117.160368, 32.818347 ], [ -117.162292, 32.8217 ], [ -117.169396, 32.833402 ], [ -117.177878, 32.847347 ], [ -117.173382, 32.846791 ] ] ] } },
{ "type": "Feature", "properties": { "STATEFP": "06", "COUNTYFP": "073", "TRACTCE": "002402", "GEOIDFQ": "1400000US06073002402", "GEOID": "06073002402", "NAME": "24.02", "NAMELSAD": "Census Tract 24.02", "STUSPS": "CA", "NAMELSADCO": "San Diego County", "STATE_NAME": "California", "LSAD": "CT", "ALAND": 501905, "AWATER": 0, "centroid_lon": -117.10526436628675, "centroid_lat": 32.74680472479767, "B03002_001E": 4951, "B03002_001M": 723, "B03002_012E": 3290, "B03002_012M": 832, "B19013_001E": 54944, "B19013_001M": 6724, "B01003_001E": 4951, "state": "06", "county": "073", "tract": "002402", "latino_share": 0.6645122197535851, "camera_count": 1, "arterial_road_m": 5977.2489236593256, "land_area_km2": 0.501905, "pop_density_per_km2": 9864.4165728574117, "arterial_km_per_km2": 11.90912408455649, "log_income": 10.914069763697203, "city": "San Diego" }, "geometry": { "type": "Polygon", "coordinates": [ [ [ -117.109446, 32.746113 ], [ -117.109399, 32.749684 ], [ -117.105691, 32.749652 ], [ -117.104455, 32.749644 ], [ -117.103232, 32.749633 ], [ -117.102614, 32.749626 ], [ -117.100877, 32.749613 ], [ -117.100925, 32.745867 ], [ -117.10095, 32.744009 ], [ -117.10267, 32.744024 ], [ -117.104531, 32.744036 ], [ -117.10698, 32.744055 ], [ -117.110402, 32.744086 ], [ -117.109446, 32.746113 ] ] ] } },
{ "type": "Feature", "properties": { "STATEFP": "06", "COUNTYFP": "073", "TRACTCE": "017056", "GEOIDFQ": "1400000US06073017056", "GEOID": "06073017056", "NAME": "170.56", "NAMELSAD": "Census Tract 170.56", "STUSPS": "CA", "NAMELSADCO": "San Diego County", "STATE_NAME": "California", "LSAD": "CT", "ALAND": 2783400, "AWATER": 0, "centroid_lon": -117.08297424347744, "centroid_lat": 32.980052860704191, "B03002_001E": 4321, "B03002_001M": 471, "B03002_012E": 701, "B03002_012M": 353, "B19013_001E": 111167, "B19013_001M": 26266, "B01003_001E": 4321, "state": "06", "county": "073", "tract": "017056", "latino_share": 0.16223096505438556, "camera_count": 10, "arterial_road_m": 30774.307550331148, "land_area_km2": 2.7834, "pop_density_per_km2": 1552.4179061579364, "arterial_km_per_km2": 11.056372619936463, "log_income": 11.61878885416596, "city": "San Diego" }, "geometry": { "type": "Polygon", "coordinates": [ [ [ -117.095526, 32.964735 ], [ -117.086665, 32.978836 ], [ -117.084188, 32.982786 ], [ -117.083071, 32.985807 ], [ -117.082921, 32.987807 ], [ -117.083961, 32.994987 ], [ -117.083448, 32.997941 ], [ -117.072136, 32.990876 ], [ -117.074771, 32.989105 ], [ -117.075325, 32.988159 ], [ -117.07562, 32.984336 ], [ -117.076126, 32.98309 ], [ -117.078171, 32.980386 ], [ -117.076187, 32.978468 ], [ -117.078765, 32.977117 ], [ -117.081361, 32.974909 ], [ -117.081526, 32.972768 ], [ -117.082967, 32.970566 ], [ -117.081308, 32.969629 ], [ -117.082873, 32.968289 ], [ -117.084627, 32.967032 ], [ -117.086986, 32.965602 ], [ -117.088437, 32.965124 ], [ -117.09022, 32.964984 ], [ -117.093432, 32.964966 ], [ -117.095526, 32.964735 ] ] ] } },
{ "type": "Feature", "properties": { "STATEFP": "06", "COUNTYFP": "073", "TRACTCE": "017046", "GEOIDFQ": "1400000US06073017046", "GEOID": "06073017046", "NAME": "170.46", "NAMELSAD": "Census Tract 170.46", "STUSPS": "CA", "NAMELSADCO": "San Diego County", "STATE_NAME": "California", "LSAD": "CT", "ALAND": 3282488, "AWATER": 493481, "centroid_lon": -117.09396379805004, "centroid_lat": 32.918210799215757, "B03002_001E": 3858, "B03002_001M": 481, "B03002_012E": 271, "B03002_012M": 107, "B19013_001E": 174526, "B19013_001M": 27953, "B01003_001E": 3858, "state": "06", "county": "073", "tract": "017046", "latino_share": 0.070243649559357177, "camera_count": 0, "arterial_road_m": 7753.3861336240598, "land_area_km2": 3.282488, "pop_density_per_km2": 1175.3279829202727, "arterial_km_per_km2": 2.3620455379041934, "log_income": 12.069829006660319, "city": "San Diego" }, "geometry": { "type": "Polygon", "coordinates": [ [ [ -117.111847, 32.91891 ], [ -117.110316, 32.920546 ], [ -117.104295, 32.920087 ], [ -117.103062, 32.920738 ], [ -117.099924, 32.924059 ], [ -117.097608, 32.924953 ], [ -117.094046, 32.925297 ], [ -117.092859, 32.926062 ], [ -117.090858, 32.925258 ], [ -117.08927, 32.925185 ], [ -117.086131, 32.924927 ], [ -117.083608, 32.924069 ], [ -117.081668, 32.924083 ], [ -117.080015, 32.923902 ], [ -117.078295, 32.923634 ], [ -117.077141, 32.923356 ], [ -117.07621, 32.92313 ], [ -117.07695, 32.920987 ], [ -117.076489, 32.919408 ], [ -117.077766, 32.918657 ], [ -117.079144, 32.91623 ], [ -117.079713, 32.916154 ], [ -117.081598, 32.914853 ], [ -117.086779, 32.91314 ], [ -117.088148, 32.913143 ], [ -117.088888, 32.91217 ], [ -117.093289, 32.911369 ], [ -117.099107, 32.91157 ], [ -117.103575, 32.911908 ], [ -117.10989, 32.911628 ], [ -117.110143, 32.914686 ], [ -117.111289, 32.916807 ], [ -117.111847, 32.91891 ] ] ] } },
{ "type": "Feature", "properties": { "STATEFP": "06", "COUNTYFP": "073", "TRACTCE": "017037", "GEOIDFQ": "1400000US06073017037", "GEOID": "06073017037", "NAME": "170.37", "NAMELSAD": "Census Tract 170.37", "STUSPS": "CA", "NAMELSADCO": "San Diego County", "STATE_NAME": "California", "LSAD": "CT", "ALAND": 3179955, "AWATER": 0, "centroid_lon": -117.11904534622506, "centroid_lat": 32.949383991592249, "B03002_001E": 5400, "B03002_001M": 549, "B03002_012E": 864, "B03002_012M": 289, "B19013_001E": 125909, "B19013_001M": 17871, "B01003_001E": 5400, "state": "06", "county": "073", "tract": "017037", "latino_share": 0.16, "camera_count": 2, "arterial_road_m": 12866.464347641511, "land_area_km2": 3.179955, "pop_density_per_km2": 1698.1372377911007, "arterial_km_per_km2": 4.0461152273040062, "log_income": 11.743314702783284, "city": "San Diego" }, "geometry": { "type": "Polygon", "coordinates": [ [ [ -117.130057, 32.954005 ], [ -117.126286, 32.954656 ], [ -117.121208, 32.95621 ], [ -117.11387, 32.958588 ], [ -117.11068, 32.95691 ], [ -117.109962, 32.95634 ], [ -117.109233, 32.955471 ], [ -117.107756, 32.951693 ], [ -117.106857, 32.949299 ], [ -117.105988, 32.948169 ], [ -117.108788, 32.944374 ], [ -117.109501, 32.944476 ], [ -117.111585, 32.944428 ], [ -117.112313, 32.943632 ], [ -117.112298, 32.943456 ], [ -117.11235, 32.943192 ], [ -117.112513, 32.942994 ], [ -117.112728, 32.9429 ], [ -117.113081, 32.942906 ], [ -117.113263, 32.942966 ], [ -117.115265, 32.943053 ], [ -117.118377, 32.94424 ], [ -117.119915, 32.942831 ], [ -117.122256, 32.942104 ], [ -117.1256, 32.940305 ], [ -117.128927, 32.940029 ], [ -117.130098, 32.943786 ], [ -117.129927, 32.946879 ], [ -117.130321, 32.951653 ], [ -117.130057, 32.954005 ] ] ] } },
{ "type": "Feature", "properties": { "STATEFP": "06", "COUNTYFP": "073", "TRACTCE": "008379", "GEOIDFQ": "1400000US06073008379", "GEOID": "06073008379", "NAME": "83.79", "NAMELSAD": "Census Tract 83.79", "STUSPS": "CA", "NAMELSADCO": "San Diego County", "STATE_NAME": "California", "LSAD": "CT", "ALAND": 252891, "AWATER": 0, "centroid_lon": -117.21612976942731, "centroid_lat": 32.869291577192499, "B03002_001E": 4035, "B03002_001M": 635, "B03002_012E": 271, "B03002_012M": 187, "B19013_001E": 65625, "B19013_001M": 22326, "B01003_001E": 4035, "state": "06", "county": "073", "tract": "008379", "latino_share": 0.067162329615861216, "camera_count": 4, "arterial_road_m": 3234.1036043510949, "land_area_km2": 0.252891, "pop_density_per_km2": 15955.49070548181, "arterial_km_per_km2": 12.788527880988628, "log_income": 11.091711999893924, "city": "San Diego" }, "geometry": { "type": "Polygon", "coordinates": [ [ [ -117.218687, 32.86825 ], [ -117.218335, 32.869609 ], [ -117.218323, 32.871469 ], [ -117.217485, 32.871797 ], [ -117.216155, 32.872108 ], [ -117.214056, 32.872564 ], [ -117.214023, 32.868402 ], [ -117.213556, 32.866826 ], [ -117.215646, 32.866429 ], [ -117.216487, 32.866482 ], [ -117.217, 32.866619 ], [ -117.219117, 32.867536 ], [ -117.218687, 32.86825 ] ] ] } },
{ "type": "Feature", "properties": { "STATEFP": "06", "COUNTYFP": "073", "TRACTCE": "017058", "GEOIDFQ": "1400000US06073017058", "GEOID": "06073017058", "NAME": "170.58", "NAMELSAD": "Census Tract 170.58", "STUSPS": "CA", "NAMELSADCO": "San Diego County", "STATE_NAME": "California", "LSAD": "CT", "ALAND": 1781234, "AWATER": 0, "centroid_lon": -117.07262271268732, "centroid_lat": 33.039464872390823, "B03002_001E": 4284, "B03002_001M": 825, "B03002_012E": 968, "B03002_012M": 414, "B19013_001E": 139076, "B19013_001M": 35504, "B01003_001E": 4284, "state": "06", "county": "073", "tract": "017058", "latino_share": 0.22595704948646125, "camera_count": 0, "arterial_road_m": 21572.420598812743, "land_area_km2": 1.781234, "pop_density_per_km2": 2405.074235052778, "arterial_km_per_km2": 12.1109414028773, "log_income": 11.842775825282555, "city": "San Diego" }, "geometry": { "type": "Polygon", "coordinates": [ [ [ -117.078879, 33.030496 ], [ -117.078175, 33.033006 ], [ -117.073112, 33.045203 ], [ -117.073226, 33.049947 ], [ -117.072717, 33.053386 ], [ -117.071694, 33.055927 ], [ -117.070683, 33.055631 ], [ -117.067129, 33.052909 ], [ -117.065832, 33.050589 ], [ -117.065308, 33.048312 ], [ -117.065404, 33.045315 ], [ -117.065077, 33.044512 ], [ -117.067897, 33.043024 ], [ -117.071917, 33.042521 ], [ -117.073784, 33.040845 ], [ -117.07486, 33.037887 ], [ -117.074327, 33.035689 ], [ -117.072439, 33.035534 ], [ -117.073106, 33.032542 ], [ -117.072687, 33.029167 ], [ -117.071363, 33.02558 ], [ -117.074445, 33.025335 ], [ -117.074366, 33.022853 ], [ -117.077533, 33.022874 ], [ -117.07909, 33.023168 ], [ -117.078879, 33.030496 ] ] ] } },
{ "type": "Feature", "properties": { "STATEFP": "06", "COUNTYFP": "073", "TRACTCE": "009104", "GEOIDFQ": "1400000US06073009104", "GEOID": "06073009104", "NAME": "91.04", "NAMELSAD": "Census Tract 91.04", "STUSPS": "CA", "NAMELSADCO": "San Diego County", "STATE_NAME": "California", "LSAD": "CT", "ALAND": 1710839, "AWATER": 0, "centroid_lon": -117.19595812015631, "centroid_lat": 32.779931698653847, "B03002_001E": 2838, "B03002_001M": 385, "B03002_012E": 322, "B03002_012M": 202, "B19013_001E": 147586, "B19013_001M": 28179, "B01003_001E": 2838, "state": "06", "county": "073", "tract": "009104", "latino_share": 0.11346018322762509, "camera_count": 0, "arterial_road_m": 4061.9289089605472, "land_area_km2": 1.710839, "pop_density_per_km2": 1658.8352264590649, "arterial_km_per_km2": 2.3742321217604618, "log_income": 11.902166335701365, "city": "San Diego" }, "geometry": { "type": "Polygon", "coordinates": [ [ [ -117.208375, 32.780916 ], [ -117.207622, 32.785189 ], [ -117.207332, 32.785118 ], [ -117.20663, 32.784839 ], [ -117.19985, 32.783987 ], [ -117.198696, 32.783842 ], [ -117.195426, 32.782411 ], [ -117.191209, 32.782302 ], [ -117.189651, 32.783005 ], [ -117.189504, 32.783761 ], [ -117.184878, 32.783673 ], [ -117.184493, 32.782436 ], [ -117.184544, 32.779722 ], [ -117.187186, 32.77643 ], [ -117.185949, 32.775735 ], [ -117.187359, 32.775897 ], [ -117.190478, 32.774665 ], [ -117.197596, 32.775811 ], [ -117.200726, 32.775238 ], [ -117.201048, 32.776521 ], [ -117.208116, 32.780748 ], [ -117.208375, 32.780916 ] ] ] } },
{ "type": "Feature", "properties": { "STATEFP": "06", "COUNTYFP": "073", "TRACTCE": "010015", "GEOIDFQ": "1400000US06073010015", "GEOID": "06073010015", "NAME": "100.15", "NAMELSAD": "Census Tract 100.15", "STUSPS": "CA", "NAMELSADCO": "San Diego County", "STATE_NAME": "California", "LSAD": "CT", "ALAND": 40492388, "AWATER": 0, "centroid_lon": -116.95322526191377, "centroid_lat": 32.560177797917916, "B03002_001E": 4646, "B03002_001M": 1062, "B03002_012E": 3545, "B03002_012M": 975, "B19013_001E": 129107, "B19013_001M": 23504, "B01003_001E": 4646, "state": "06", "county": "073", "tract": "010015", "latino_share": 0.76302195436934994, "camera_count": 12, "arterial_road_m": 140152.81593921222, "land_area_km2": 40.492388, "pop_density_per_km2": 114.73761438816599, "arterial_km_per_km2": 3.4612138938116521, "log_income": 11.768396796898495, "city": "San Diego" }, "geometry": { "type": "Polygon", "coordinates": [ [ [ -117.042196, 32.560258 ], [ -117.040482, 32.568013 ], [ -117.031368, 32.567967 ], [ -117.023464, 32.568563 ], [ -117.014176, 32.568331 ], [ -116.996883, 32.568134 ], [ -116.953701, 32.567605 ], [ -116.949946, 32.567529 ], [ -116.947753, 32.567642 ], [ -116.936444, 32.567458 ], [ -116.919225, 32.567273 ], [ -116.919002, 32.581334 ], [ -116.919199, 32.582104 ], [ -116.910405, 32.582257 ], [ -116.910521, 32.581057 ], [ -116.908883, 32.580309 ], [ -116.90956, 32.57932 ], [ -116.908526, 32.578666 ], [ -116.907696, 32.5799 ], [ -116.907725, 32.581861 ], [ -116.902645, 32.580521 ], [ -116.897207, 32.579457 ], [ -116.894156, 32.57838 ], [ -116.894121, 32.576162 ], [ -116.892874, 32.574704 ], [ -116.891561, 32.574393 ], [ -116.889356, 32.575138 ], [ -116.885866, 32.57457 ], [ -116.879097, 32.57589 ], [ -116.877347, 32.574668 ], [ -116.877533, 32.573493 ], [ -116.876446, 32.572664 ], [ -116.877526, 32.572011 ], [ -116.876629, 32.570985 ], [ -116.874284, 32.569817 ], [ -116.872578, 32.570474 ], [ -116.871508, 32.569391 ], [ -116.870953, 32.571111 ], [ -116.869965, 32.572045 ], [ -116.867135, 32.571835 ], [ -116.866485, 32.571259 ], [ -116.865192, 32.572214 ], [ -116.861296, 32.571706 ], [ -116.85956, 32.568 ], [ -116.859357, 32.565141 ], [ -116.856895, 32.563712 ], [ -116.856154, 32.562315 ], [ -116.854432, 32.56077 ], [ -116.854139, 32.558994 ], [ -116.853156612096996, 32.557785630077497 ], [ -116.857154, 32.557459 ], [ -116.892822468386996, 32.554087899357398 ], [ -116.927966639930005, 32.550766351092797 ], [ -116.928055, 32.550758 ], [ -116.945956, 32.550058 ], [ -117.026358, 32.542457 ], [ -117.029886143029998, 32.542204996706701 ], [ -117.039847, 32.549 ], [ -117.040421, 32.550032 ], [ -117.042298, 32.558267 ], [ -117.042196, 32.560258 ] ] ] } },
{ "type": "Feature", "properties": { "STATEFP": "06", "COUNTYFP": "073", "TRACTCE": "009511", "GEOIDFQ": "1400000US06073009511", "GEOID": "06073009511", "NAME": "95.11", "NAMELSAD": "Census Tract 95.11", "STUSPS": "CA", "NAMELSADCO": "San Diego County", "STATE_NAME": "California", "LSAD": "CT", "ALAND": 1536193, "AWATER": 0, "centroid_lon": -117.10835294367845, "centroid_lat": 32.803462825951591, "B03002_001E": 4283, "B03002_001M": 1014, "B03002_012E": 1214, "B03002_012M": 336, "B19013_001E": 69087, "B19013_001M": 14070, "B01003_001E": 4283, "state": "06", "county": "073", "tract": "009511", "latino_share": 0.28344618258230214, "camera_count": 2, "arterial_road_m": 7340.524551204021, "land_area_km2": 1.536193, "pop_density_per_km2": 2788.0611355474216, "arterial_km_per_km2": 4.7783869287283709, "log_income": 11.143121858916126, "city": "San Diego" }, "geometry": { "type": "Polygon", "coordinates": [ [ [ -117.11425, 32.810371 ], [ -117.109633, 32.811053 ], [ -117.106568, 32.809731 ], [ -117.106377, 32.809697 ], [ -117.106167, 32.809674 ], [ -117.105939, 32.809667 ], [ -117.105728, 32.809676 ], [ -117.105308, 32.809723 ], [ -117.106001, 32.812659 ], [ -117.105153, 32.811447 ], [ -117.103685, 32.810742 ], [ -117.102693, 32.808753 ], [ -117.102731, 32.805414 ], [ -117.104358, 32.805427 ], [ -117.103091, 32.802473 ], [ -117.102544, 32.801733 ], [ -117.104586, 32.79838 ], [ -117.104576, 32.795349 ], [ -117.105826, 32.795233 ], [ -117.110704, 32.795287 ], [ -117.112198, 32.794801 ], [ -117.112624, 32.799338 ], [ -117.11425, 32.810371 ] ] ] } },
{ "type": "Feature", "properties": { "STATEFP": "06", "COUNTYFP": "073", "TRACTCE": "008349", "GEOIDFQ": "1400000US06073008349", "GEOID": "06073008349", "NAME": "83.49", "NAMELSAD": "Census Tract 83.49", "STUSPS": "CA", "NAMELSADCO": "San Diego County", "STATE_NAME": "California", "LSAD": "CT", "ALAND": 959831, "AWATER": 0, "centroid_lon": -117.1488127416806, "centroid_lat": 32.916690265336108, "B03002_001E": 3822, "B03002_001M": 499, "B03002_012E": 467, "B03002_012M": 206, "B19013_001E": 129038, "B19013_001M": 29108, "B01003_001E": 3822, "state": "06", "county": "073", "tract": "008349", "latino_share": 0.12218733647305076, "camera_count": 2, "arterial_road_m": 5211.7425831391411, "land_area_km2": 0.959831, "pop_density_per_km2": 3981.9509892887395, "arterial_km_per_km2": 5.4298544047224366, "log_income": 11.767862213608923, "city": "San Diego" }, "geometry": { "type": "Polygon", "coordinates": [ [ [ -117.15655, 32.916192 ], [ -117.153916, 32.916181 ], [ -117.152241, 32.916177 ], [ -117.152263, 32.917309 ], [ -117.149948, 32.917662 ], [ -117.149464, 32.917687 ], [ -117.149529, 32.919517 ], [ -117.147655, 32.919561 ], [ -117.147974, 32.924003 ], [ -117.146313, 32.924854 ], [ -117.144006, 32.925029 ], [ -117.143962, 32.920406 ], [ -117.143939, 32.917831 ], [ -117.14388, 32.912714 ], [ -117.1485, 32.912562 ], [ -117.149205, 32.912442 ], [ -117.153178, 32.911691 ], [ -117.155569, 32.910567 ], [ -117.155974, 32.91113 ], [ -117.15655, 32.916192 ] ] ] } },
{ "type": "Feature", "properties": { "STATEFP": "06", "COUNTYFP": "073", "TRACTCE": "008327", "GEOIDFQ": "1400000US06073008327", "GEOID": "06073008327", "NAME": "83.27", "NAMELSAD": "Census Tract 83.27", "STUSPS": "CA", "NAMELSADCO": "San Diego County", "STATE_NAME": "California", "LSAD": "CT", "ALAND": 6322438, "AWATER": 1739, "centroid_lon": -117.23761833974483, "centroid_lat": 32.967047930609375, "B03002_001E": 6038, "B03002_001M": 719, "B03002_012E": 668, "B03002_012M": 403, "B19013_001E": 174659, "B19013_001M": 37121, "B01003_001E": 6038, "state": "06", "county": "073", "tract": "008327", "latino_share": 0.11063265982113282, "camera_count": 3, "arterial_road_m": 23846.999577529376, "land_area_km2": 6.322438, "pop_density_per_km2": 955.01134214364777, "arterial_km_per_km2": 3.7718044174619623, "log_income": 12.070590780541966, "city": "San Diego" }, "geometry": { "type": "Polygon", "coordinates": [ [ [ -117.253222, 32.979959 ], [ -117.246603, 32.981272 ], [ -117.238743, 32.980843 ], [ -117.234964, 32.981183 ], [ -117.233097, 32.981869 ], [ -117.232156, 32.982381 ], [ -117.230514, 32.982696 ], [ -117.230418, 32.977084 ], [ -117.231106, 32.975704 ], [ -117.230226, 32.975225 ], [ -117.231447, 32.973881 ], [ -117.231881, 32.972595 ], [ -117.221644, 32.963482 ], [ -117.221559, 32.956189 ], [ -117.22773, 32.956186 ], [ -117.229712, 32.955551 ], [ -117.234066, 32.953811 ], [ -117.239327, 32.951708 ], [ -117.243705, 32.949952 ], [ -117.243814, 32.949905 ], [ -117.245742, 32.95976 ], [ -117.246216, 32.961304 ], [ -117.25267, 32.978406 ], [ -117.253222, 32.979959 ] ] ] } },
{ "type": "Feature", "properties": { "STATEFP": "06", "COUNTYFP": "073", "TRACTCE": "002202", "GEOIDFQ": "1400000US06073002202", "GEOID": "06073002202", "NAME": "22.02", "NAMELSAD": "Census Tract 22.02", "STUSPS": "CA", "NAMELSADCO": "San Diego County", "STATE_NAME": "California", "LSAD": "CT", "ALAND": 486880, "AWATER": 0, "centroid_lon": -117.10510208680294, "centroid_lat": 32.75239739707397, "B03002_001E": 4825, "B03002_001M": 586, "B03002_012E": 2289, "B03002_012M": 728, "B19013_001E": 53537, "B19013_001M": 8570, "B01003_001E": 4825, "state": "06", "county": "073", "tract": "002202", "latino_share": 0.47440414507772022, "camera_count": 3, "arterial_road_m": 6836.0484347275669, "land_area_km2": 0.48688, "pop_density_per_km2": 9910.0394347683214, "arterial_km_per_km2": 14.040520117333978, "log_income": 10.888128282631826, "city": "San Diego" }, "geometry": { "type": "Polygon", "coordinates": [ [ [ -117.109329, 32.755176 ], [ -117.106122, 32.755154 ], [ -117.102928, 32.755132 ], [ -117.100807, 32.755116 ], [ -117.100833, 32.753173 ], [ -117.100856, 32.751436 ], [ -117.100877, 32.749613 ], [ -117.102614, 32.749626 ], [ -117.103232, 32.749633 ], [ -117.104455, 32.749644 ], [ -117.105691, 32.749652 ], [ -117.109399, 32.749684 ], [ -117.109329, 32.755176 ] ] ] } },
{ "type": "Feature", "properties": { "STATEFP": "06", "COUNTYFP": "073", "TRACTCE": "010005", "GEOIDFQ": "1400000US06073010005", "GEOID": "06073010005", "NAME": "100.05", "NAMELSAD": "Census Tract 100.05", "STUSPS": "CA", "NAMELSADCO": "San Diego County", "STATE_NAME": "California", "LSAD": "CT", "ALAND": 1505319, "AWATER": 0, "centroid_lon": -117.04959771829975, "centroid_lat": 32.564184154650668, "B03002_001E": 6443, "B03002_001M": 793, "B03002_012E": 5768, "B03002_012M": 792, "B19013_001E": 35503, "B19013_001M": 17313, "B01003_001E": 6443, "state": "06", "county": "073", "tract": "010005", "latino_share": 0.89523513891044548, "camera_count": 6, "arterial_road_m": 8625.1023782664379, "land_area_km2": 1.505319, "pop_density_per_km2": 4280.1559005101244, "arterial_km_per_km2": 5.7297505567035545, "log_income": 10.477372478935242, "city": "San Diego" }, "geometry": { "type": "Polygon", "coordinates": [ [ [ -117.063252, 32.568171 ], [ -117.05804, 32.568134 ], [ -117.05328, 32.568121 ], [ -117.040482, 32.568013 ], [ -117.042196, 32.560258 ], [ -117.042298, 32.558267 ], [ -117.044523, 32.558283 ], [ -117.047185, 32.558251 ], [ -117.048014, 32.558433 ], [ -117.049452, 32.559182 ], [ -117.050208, 32.559567 ], [ -117.054488, 32.561975 ], [ -117.055996, 32.562944 ], [ -117.058066, 32.564236 ], [ -117.062346, 32.567 ], [ -117.063252, 32.568171 ] ] ] } },
{ "type": "Feature", "properties": { "STATEFP": "06", "COUNTYFP": "073", "TRACTCE": "002201", "GEOIDFQ": "1400000US06073002201", "GEOID": "06073002201", "NAME": "22.01", "NAMELSAD": "Census Tract 22.01", "STUSPS": "CA", "NAMELSADCO": "San Diego County", "STATE_NAME": "California", "LSAD": "CT", "ALAND": 357367, "AWATER": 0, "centroid_lon": -117.11247198327737, "centroid_lat": 32.752470108289515, "B03002_001E": 3145, "B03002_001M": 699, "B03002_012E": 1146, "B03002_012M": 572, "B19013_001E": 40647, "B19013_001M": 27369, "B01003_001E": 3145, "state": "06", "county": "073", "tract": "002201", "latino_share": 0.36438791732909381, "camera_count": 5, "arterial_road_m": 1888.5960852089411, "land_area_km2": 0.357367, "pop_density_per_km2": 8800.4768207472989, "arterial_km_per_km2": 5.2847523280239672, "log_income": 10.612680311514541, "city": "San Diego" }, "geometry": { "type": "Polygon", "coordinates": [ [ [ -117.115767, 32.755221 ], [ -117.11362, 32.755206 ], [ -117.112546, 32.7552 ], [ -117.109329, 32.755176 ], [ -117.109399, 32.749684 ], [ -117.113104, 32.749715 ], [ -117.11557, 32.749737 ], [ -117.115523, 32.75328 ], [ -117.115767, 32.755221 ] ] ] } },
{ "type": "Feature", "properties": { "STATEFP": "06", "COUNTYFP": "073", "TRACTCE": "005101", "GEOIDFQ": "1400000US06073005101", "GEOID": "06073005101", "NAME": "51.01", "NAMELSAD": "Census Tract 51.01", "STUSPS": "CA", "NAMELSADCO": "San Diego County", "STATE_NAME": "California", "LSAD": "CT", "ALAND": 226614, "AWATER": 0, "centroid_lon": -117.14982164796773, "centroid_lat": 32.708908240151139, "B03002_001E": 3618, "B03002_001M": 891, "B03002_012E": 1582, "B03002_012M": 848, "B19013_001E": 64155, "B19013_001M": 40722, "B01003_001E": 3618, "state": "06", "county": "073", "tract": "005101", "latino_share": 0.43725815367606413, "camera_count": 3, "arterial_road_m": 4285.5114312213555, "land_area_km2": 0.226614, "pop_density_per_km2": 15965.474330800391, "arterial_km_per_km2": 18.911062119822056, "log_income": 11.06905730932912, "city": "San Diego" }, "geometry": { "type": "Polygon", "coordinates": [ [ [ -117.151922, 32.711541 ], [ -117.147772, 32.711533 ], [ -117.147753, 32.709425 ], [ -117.14773, 32.706273 ], [ -117.151868, 32.706281 ], [ -117.151897, 32.709425 ], [ -117.151922, 32.711541 ] ] ] } },
{ "type": "Feature", "properties": { "STATEFP": "06", "COUNTYFP": "073", "TRACTCE": "005802", "GEOIDFQ": "1400000US06073005802", "GEOID": "06073005802", "NAME": "58.02", "NAMELSAD": "Census Tract 58.02", "STUSPS": "CA", "NAMELSADCO": "San Diego County", "STATE_NAME": "California", "LSAD": "CT", "ALAND": 477832, "AWATER": 0, "centroid_lon": -117.17185544727226, "centroid_lat": 32.724089834622639, "B03002_001E": 2830, "B03002_001M": 458, "B03002_012E": 459, "B03002_012M": 195, "B19013_001E": 143182, "B19013_001M": 17973, "B01003_001E": 2830, "state": "06", "county": "073", "tract": "005802", "latino_share": 0.16219081272084807, "camera_count": 2, "arterial_road_m": 8152.6131626284368, "land_area_km2": 0.477832, "pop_density_per_km2": 5922.5836695742437, "arterial_km_per_km2": 17.06167264358276, "log_income": 11.871871827283963, "city": "San Diego" }, "geometry": { "type": "Polygon", "coordinates": [ [ [ -117.177055, 32.728445 ], [ -117.173697, 32.729501 ], [ -117.172816, 32.729777 ], [ -117.170069, 32.722991 ], [ -117.168293, 32.722994 ], [ -117.166496, 32.722993 ], [ -117.166487, 32.720911 ], [ -117.166489, 32.719883 ], [ -117.168274, 32.71988 ], [ -117.169165, 32.719877 ], [ -117.171021, 32.719874 ], [ -117.173475, 32.719912 ], [ -117.173522, 32.724224 ], [ -117.174179, 32.725621 ], [ -117.175558, 32.726803 ], [ -117.178366, 32.727363 ], [ -117.177055, 32.728445 ] ] ] } },
{ "type": "Feature", "properties": { "STATEFP": "06", "COUNTYFP": "073", "TRACTCE": "008371", "GEOIDFQ": "1400000US06073008371", "GEOID": "06073008371", "NAME": "83.71", "NAMELSAD": "Census Tract 83.71", "STUSPS": "CA", "NAMELSADCO": "San Diego County", "STATE_NAME": "California", "LSAD": "CT", "ALAND": 2095113, "AWATER": 0, "centroid_lon": -117.22306768238511, "centroid_lat": 32.913872353568962, "B03002_001E": 4005, "B03002_001M": 745, "B03002_012E": 185, "B03002_012M": 161, "B19013_001E": 159405, "B19013_001M": 49619, "B01003_001E": 4005, "state": "06", "county": "073", "tract": "008371", "latino_share": 0.046192259675405745, "camera_count": 0, "arterial_road_m": 13936.011473531045, "land_area_km2": 2.095113, "pop_density_per_km2": 1911.5914034231089, "arterial_km_per_km2": 6.6516753385287792, "log_income": 11.979203412474906, "city": "San Diego" }, "geometry": { "type": "Polygon", "coordinates": [ [ [ -117.232297, 32.919317 ], [ -117.230876, 32.920662 ], [ -117.228477, 32.922248 ], [ -117.224876, 32.920204 ], [ -117.221393, 32.920176 ], [ -117.218129, 32.921015 ], [ -117.216105, 32.921367 ], [ -117.216046, 32.91976 ], [ -117.217406, 32.91516 ], [ -117.217283, 32.9138 ], [ -117.217612, 32.913217 ], [ -117.213495, 32.906533 ], [ -117.214631, 32.905839 ], [ -117.22186, 32.905233 ], [ -117.22285, 32.904578 ], [ -117.223372, 32.904789 ], [ -117.224721, 32.906901 ], [ -117.227839, 32.91089 ], [ -117.22998, 32.914012 ], [ -117.231139, 32.915326 ], [ -117.234485, 32.917958 ], [ -117.232297, 32.919317 ] ] ] } },
{ "type": "Feature", "properties": { "STATEFP": "06", "COUNTYFP": "073", "TRACTCE": "001802", "GEOIDFQ": "1400000US06073001802", "GEOID": "06073001802", "NAME": "18.02", "NAMELSAD": "Census Tract 18.02", "STUSPS": "CA", "NAMELSADCO": "San Diego County", "STATE_NAME": "California", "LSAD": "CT", "ALAND": 436250, "AWATER": 0, "centroid_lon": -117.12213279998716, "centroid_lat": 32.763199222945119, "B03002_001E": 3248, "B03002_001M": 554, "B03002_012E": 1186, "B03002_012M": 488, "B19013_001E": 82013, "B19013_001M": 10343, "B01003_001E": 3248, "state": "06", "county": "073", "tract": "001802", "latino_share": 0.36514778325123154, "camera_count": 1, "arterial_road_m": 2238.2740255513158, "land_area_km2": 0.43625, "pop_density_per_km2": 7445.2722063037245, "arterial_km_per_km2": 5.1307140986849644, "log_income": 11.31463305026616, "city": "San Diego" }, "geometry": { "type": "Polygon", "coordinates": [ [ [ -117.127571, 32.763084 ], [ -117.126578, 32.763335 ], [ -117.126407, 32.763852 ], [ -117.12617, 32.765482 ], [ -117.12172, 32.765456 ], [ -117.117259, 32.765427 ], [ -117.117281, 32.763321 ], [ -117.117473, 32.761999 ], [ -117.118178, 32.760971 ], [ -117.120654, 32.760986 ], [ -117.122876, 32.760998 ], [ -117.123943, 32.761004 ], [ -117.127004, 32.761031 ], [ -117.127571, 32.763084 ] ] ] } },
{ "type": "Feature", "properties": { "STATEFP": "06", "COUNTYFP": "073", "TRACTCE": "010016", "GEOIDFQ": "1400000US06073010016", "GEOID": "06073010016", "NAME": "100.16", "NAMELSAD": "Census Tract 100.16", "STUSPS": "CA", "NAMELSADCO": "San Diego County", "STATE_NAME": "California", "LSAD": "CT", "ALAND": 19164041, "AWATER": 0, "centroid_lon": -116.95884239783268, "centroid_lat": 32.579700816920457, "B03002_001E": 3217, "B03002_001M": 142, "B03002_012E": 1417, "B03002_012M": 225, "B19013_001E": -666666666, "B19013_001M": -222222222, "B01003_001E": 3217, "state": "06", "county": "073", "tract": "010016", "latino_share": 0.44047248989741994, "camera_count": 4, "arterial_road_m": 23353.836242981655, "land_area_km2": 19.164041, "pop_density_per_km2": 167.86647450816869, "arterial_km_per_km2": 1.2186279628070955, "log_income": null, "city": "San Diego" }, "geometry": { "type": "Polygon", "coordinates": [ [ [ -117.004578, 32.590924 ], [ -117.000988, 32.59063 ], [ -116.994622, 32.588132 ], [ -116.988152, 32.587618 ], [ -116.983079, 32.587653 ], [ -116.980588, 32.586742 ], [ -116.974284, 32.587117 ], [ -116.972082, 32.588311 ], [ -116.969679, 32.588097 ], [ -116.967256, 32.588845 ], [ -116.966156, 32.589925 ], [ -116.962723, 32.592624 ], [ -116.961223, 32.593213 ], [ -116.954279, 32.594633 ], [ -116.946951, 32.596152 ], [ -116.944846, 32.598054 ], [ -116.940507, 32.599105 ], [ -116.935953, 32.599246 ], [ -116.938336, 32.597789 ], [ -116.936419, 32.596358 ], [ -116.936057, 32.594496 ], [ -116.932594, 32.590317 ], [ -116.928849, 32.586422 ], [ -116.923861, 32.582124 ], [ -116.922512, 32.581862 ], [ -116.919199, 32.582104 ], [ -116.919002, 32.581334 ], [ -116.919225, 32.567273 ], [ -116.936444, 32.567458 ], [ -116.947753, 32.567642 ], [ -116.949946, 32.567529 ], [ -116.953701, 32.567605 ], [ -116.996883, 32.568134 ], [ -116.996824, 32.571881 ], [ -116.998721, 32.572058 ], [ -116.998778, 32.575575 ], [ -116.999712, 32.577327 ], [ -117.000477, 32.579507 ], [ -117.001047, 32.581824 ], [ -117.001149, 32.583845 ], [ -117.002895, 32.58659 ], [ -117.005248, 32.592388 ], [ -117.004578, 32.590924 ] ] ] } },
{ "type": "Feature", "properties": { "STATEFP": "06", "COUNTYFP": "073", "TRACTCE": "003004", "GEOIDFQ": "1400000US06073003004", "GEOID": "06073003004", "NAME": "30.04", "NAMELSAD": "Census Tract 30.04", "STUSPS": "CA", "NAMELSADCO": "San Diego County", "STATE_NAME": "California", "LSAD": "CT", "ALAND": 1226143, "AWATER": 0, "centroid_lon": -117.06087456415602, "centroid_lat": 32.713066795747871, "B03002_001E": 5260, "B03002_001M": 682, "B03002_012E": 3730, "B03002_012M": 667, "B19013_001E": 64815, "B19013_001M": 14589, "B01003_001E": 5260, "state": "06", "county": "073", "tract": "003004", "latino_share": 0.70912547528517111, "camera_count": 0, "arterial_road_m": 5821.8819031524581, "land_area_km2": 1.226143, "pop_density_per_km2": 4289.8748351538115, "arterial_km_per_km2": 4.7481263630363326, "log_income": 11.079292337034143, "city": "San Diego" }, "geometry": { "type": "Polygon", "coordinates": [ [ [ -117.070934, 32.714113 ], [ -117.067978, 32.716642 ], [ -117.067963, 32.715348 ], [ -117.062525, 32.715881 ], [ -117.062369, 32.715882 ], [ -117.049306, 32.715861 ], [ -117.049312, 32.715151 ], [ -117.049293, 32.71229 ], [ -117.050228, 32.711815 ], [ -117.055073, 32.711068 ], [ -117.062502, 32.710179 ], [ -117.066695, 32.709648 ], [ -117.069505, 32.709378 ], [ -117.071067, 32.709373 ], [ -117.070934, 32.714113 ] ] ] } },
{ "type": "Feature", "properties": { "STATEFP": "06", "COUNTYFP": "073", "TRACTCE": "010004", "GEOIDFQ": "1400000US06073010004", "GEOID": "06073010004", "NAME": "100.04", "NAMELSAD": "Census Tract 100.04", "STUSPS": "CA", "NAMELSADCO": "San Diego County", "STATE_NAME": "California", "LSAD": "CT", "ALAND": 1411205, "AWATER": 0, "centroid_lon": -117.05231686767519, "centroid_lat": 32.570924208071773, "B03002_001E": 5229, "B03002_001M": 1204, "B03002_012E": 4267, "B03002_012M": 1261, "B19013_001E": 105074, "B19013_001M": 21849, "B01003_001E": 5229, "state": "06", "county": "073", "tract": "010004", "latino_share": 0.81602600879709308, "camera_count": 3, "arterial_road_m": 11428.144782824533, "land_area_km2": 1.411205, "pop_density_per_km2": 3705.34401451242, "arterial_km_per_km2": 8.0981464654848381, "log_income": 11.562420142816372, "city": "San Diego" }, "geometry": { "type": "Polygon", "coordinates": [ [ [ -117.065302, 32.574308 ], [ -117.064399, 32.574251 ], [ -117.062688, 32.573773 ], [ -117.058885, 32.573234 ], [ -117.05806, 32.573223 ], [ -117.054504, 32.573242 ], [ -117.053997, 32.573318 ], [ -117.052286, 32.573591 ], [ -117.049862, 32.573634 ], [ -117.045418, 32.573605 ], [ -117.043532, 32.573595 ], [ -117.039312, 32.573556 ], [ -117.040427, 32.568258 ], [ -117.040482, 32.568013 ], [ -117.05328, 32.568121 ], [ -117.05804, 32.568134 ], [ -117.063252, 32.568171 ], [ -117.063733, 32.569184 ], [ -117.065287, 32.572305 ], [ -117.066565, 32.573994 ], [ -117.065302, 32.574308 ] ] ] } },
{ "type": "Feature", "properties": { "STATEFP": "06", "COUNTYFP": "073", "TRACTCE": "003603", "GEOIDFQ": "1400000US06073003603", "GEOID": "06073003603", "NAME": "36.03", "NAMELSAD": "Census Tract 36.03", "STUSPS": "CA", "NAMELSADCO": "San Diego County", "STATE_NAME": "California", "LSAD": "CT", "ALAND": 677687, "AWATER": 0, "centroid_lon": -117.10766969205442, "centroid_lat": 32.686666366132577, "B03002_001E": 3176, "B03002_001M": 467, "B03002_012E": 2462, "B03002_012M": 523, "B19013_001E": 63664, "B19013_001M": 18766, "B01003_001E": 3176, "state": "06", "county": "073", "tract": "003603", "latino_share": 0.77518891687657432, "camera_count": 0, "arterial_road_m": 4473.3523227947935, "land_area_km2": 0.677687, "pop_density_per_km2": 4686.5293269606764, "arterial_km_per_km2": 6.6009121066138103, "log_income": 11.06137453266671, "city": "San Diego" }, "geometry": { "type": "Polygon", "coordinates": [ [ [ -117.112413, 32.689767 ], [ -117.1081, 32.689786 ], [ -117.102439, 32.689806 ], [ -117.102443, 32.688962 ], [ -117.102351, 32.687787 ], [ -117.102015, 32.686781 ], [ -117.101986, 32.686693 ], [ -117.101407, 32.685017 ], [ -117.109601, 32.68272 ], [ -117.110843, 32.682374 ], [ -117.111053, 32.682513 ], [ -117.111775, 32.684366 ], [ -117.113648, 32.687268 ], [ -117.112413, 32.689767 ] ] ] } },
{ "type": "Feature", "properties": { "STATEFP": "06", "COUNTYFP": "073", "TRACTCE": "009301", "GEOIDFQ": "1400000US06073009301", "GEOID": "06073009301", "NAME": "93.01", "NAMELSAD": "Census Tract 93.01", "STUSPS": "CA", "NAMELSADCO": "San Diego County", "STATE_NAME": "California", "LSAD": "CT", "ALAND": 1579690, "AWATER": 0, "centroid_lon": -117.13426144398932, "centroid_lat": 32.801650769056955, "B03002_001E": 5304, "B03002_001M": 1161, "B03002_012E": 2054, "B03002_012M": 915, "B19013_001E": 106974, "B19013_001M": 26704, "B01003_001E": 5304, "state": "06", "county": "073", "tract": "009301", "latino_share": 0.38725490196078433, "camera_count": 1, "arterial_road_m": 4263.4691524886484, "land_area_km2": 1.57969, "pop_density_per_km2": 3357.6207990175285, "arterial_km_per_km2": 2.6989277342318099, "log_income": 11.580341093262826, "city": "San Diego" }, "geometry": { "type": "Polygon", "coordinates": [ [ [ -117.140124, 32.80971 ], [ -117.129749, 32.809867 ], [ -117.128875, 32.807756 ], [ -117.128784, 32.807101 ], [ -117.128779, 32.804954 ], [ -117.128743, 32.80227 ], [ -117.12894, 32.80185 ], [ -117.132329, 32.798819 ], [ -117.131969, 32.79808 ], [ -117.131869, 32.791146 ], [ -117.133225, 32.788078 ], [ -117.136687, 32.78991 ], [ -117.1359, 32.794822 ], [ -117.136879, 32.79602 ], [ -117.137554, 32.801453 ], [ -117.138768, 32.80278 ], [ -117.140001, 32.804371 ], [ -117.140108, 32.804909 ], [ -117.140118, 32.807905 ], [ -117.140124, 32.80971 ] ] ] } },
{ "type": "Feature", "properties": { "STATEFP": "06", "COUNTYFP": "073", "TRACTCE": "003502", "GEOIDFQ": "1400000US06073003502", "GEOID": "06073003502", "NAME": "35.02", "NAMELSAD": "Census Tract 35.02", "STUSPS": "CA", "NAMELSADCO": "San Diego County", "STATE_NAME": "California", "LSAD": "CT", "ALAND": 780126, "AWATER": 0, "centroid_lon": -117.11352498174747, "centroid_lat": 32.698598062513625, "B03002_001E": 4655, "B03002_001M": 1096, "B03002_012E": 4166, "B03002_012M": 1113, "B19013_001E": 43807, "B19013_001M": 24120, "B01003_001E": 4655, "state": "06", "county": "073", "tract": "003502", "latino_share": 0.89495166487647693, "camera_count": 4, "arterial_road_m": 3854.0349920356907, "land_area_km2": 0.780126, "pop_density_per_km2": 5966.9848204008067, "arterial_km_per_km2": 4.9402724585973177, "log_income": 10.687548900946704, "city": "San Diego" }, "geometry": { "type": "Polygon", "coordinates": [ [ [ -117.120621, 32.70121 ], [ -117.11679, 32.701242 ], [ -117.11251, 32.701274 ], [ -117.10806, 32.701289 ], [ -117.106736, 32.700529 ], [ -117.106056, 32.69851 ], [ -117.106026, 32.696084 ], [ -117.108168, 32.696066 ], [ -117.112462, 32.696036 ], [ -117.116749, 32.696003 ], [ -117.120747, 32.695987 ], [ -117.120621, 32.70121 ] ] ] } },
{ "type": "Feature", "properties": { "STATEFP": "06", "COUNTYFP": "073", "TRACTCE": "008006", "GEOIDFQ": "1400000US06073008006", "GEOID": "06073008006", "NAME": "80.06", "NAMELSAD": "Census Tract 80.06", "STUSPS": "CA", "NAMELSADCO": "San Diego County", "STATE_NAME": "California", "LSAD": "CT", "ALAND": 952729, "AWATER": 536849, "centroid_lon": -117.26021433524195, "centroid_lat": 32.809703577902233, "B03002_001E": 4039, "B03002_001M": 452, "B03002_012E": 251, "B03002_012M": 135, "B19013_001E": 131125, "B19013_001M": 31809, "B01003_001E": 4039, "state": "06", "county": "073", "tract": "008006", "latino_share": 0.062144095073037878, "camera_count": 0, "arterial_road_m": 5736.6737531248782, "land_area_km2": 0.952729, "pop_density_per_km2": 4239.4007110101611, "arterial_km_per_km2": 6.0213069541547259, "log_income": 11.783906345698599, "city": "San Diego" }, "geometry": { "type": "Polygon", "coordinates": [ [ [ -117.271627231167997, 32.813339324614901 ], [ -117.26949, 32.813789 ], [ -117.268761, 32.812925 ], [ -117.266706, 32.811143 ], [ -117.260346, 32.812515 ], [ -117.260115, 32.811406 ], [ -117.256362, 32.812223 ], [ -117.256091, 32.811321 ], [ -117.250581, 32.812517 ], [ -117.250032, 32.810584 ], [ -117.249505, 32.80886 ], [ -117.254992, 32.80768 ], [ -117.259998, 32.806617 ], [ -117.260804, 32.805956 ], [ -117.262227743205997, 32.805094942431403 ], [ -117.263997, 32.807159 ], [ -117.265307, 32.808002 ], [ -117.267211, 32.80769 ], [ -117.268868, 32.809 ], [ -117.269758, 32.811244 ], [ -117.271627231167997, 32.813339324614901 ] ] ] } },
{ "type": "Feature", "properties": { "STATEFP": "06", "COUNTYFP": "073", "TRACTCE": "009901", "GEOIDFQ": "1400000US06073009901", "GEOID": "06073009901", "NAME": "99.01", "NAMELSAD": "Census Tract 99.01", "STUSPS": "CA", "NAMELSADCO": "San Diego County", "STATE_NAME": "California", "LSAD": "CT", "ALAND": 5639924, "AWATER": 1665633, "centroid_lon": -117.24440655746234, "centroid_lat": 32.6900211959437, "B03002_001E": 1462, "B03002_001M": 64, "B03002_012E": 406, "B03002_012M": 111, "B19013_001E": -666666666, "B19013_001M": -222222222, "B01003_001E": 1462, "state": "06", "county": "073", "tract": "009901", "latino_share": 0.27770177838577292, "camera_count": 0, "arterial_road_m": 11112.440478342802, "land_area_km2": 5.639924, "pop_density_per_km2": 259.22335123664789, "arterial_km_per_km2": 1.9703174153309162, "log_income": null, "city": "San Diego" }, "geometry": { "type": "Polygon", "coordinates": [ [ [ -117.255434714600995, 32.707559506977603 ], [ -117.249415, 32.707777 ], [ -117.246255, 32.708022 ], [ -117.243221, 32.707815 ], [ -117.237771, 32.70786 ], [ -117.236991, 32.708056 ], [ -117.236459, 32.703918 ], [ -117.235022, 32.704056 ], [ -117.234735, 32.702868 ], [ -117.2351, 32.703913 ], [ -117.236381, 32.703693 ], [ -117.239208, 32.699314 ], [ -117.239875, 32.695926 ], [ -117.239379, 32.690035 ], [ -117.237634, 32.687208 ], [ -117.235353, 32.685454 ], [ -117.233443, 32.686529 ], [ -117.233692, 32.685508 ], [ -117.237442, 32.68295 ], [ -117.238404, 32.681228 ], [ -117.23779, 32.67734 ], [ -117.236871, 32.675137 ], [ -117.236239, 32.671353 ], [ -117.237294, 32.667489 ], [ -117.243128, 32.66454 ], [ -117.246319, 32.674323 ], [ -117.25459, 32.700248 ], [ -117.255434714600995, 32.707559506977603 ] ] ] } },
{ "type": "Feature", "properties": { "STATEFP": "06", "COUNTYFP": "073", "TRACTCE": "009801", "GEOIDFQ": "1400000US06073009801", "GEOID": "06073009801", "NAME": "98.01", "NAMELSAD": "Census Tract 98.01", "STUSPS": "CA", "NAMELSADCO": "San Diego County", "STATE_NAME": "California", "LSAD": "CT", "ALAND": 2091796, "AWATER": 0, "centroid_lon": -117.03066924204941, "centroid_lat": 32.798422616187871, "B03002_001E": 5070, "B03002_001M": 861, "B03002_012E": 852, "B03002_012M": 264, "B19013_001E": 130543, "B19013_001M": 22470, "B01003_001E": 5070, "state": "06", "county": "073", "tract": "009801", "latino_share": 0.1680473372781065, "camera_count": 0, "arterial_road_m": 12239.172055811099, "land_area_km2": 2.091796, "pop_density_per_km2": 2423.7545152586581, "arterial_km_per_km2": 5.851035213668589, "log_income": 11.77945795338676, "city": "San Diego" }, "geometry": { "type": "Polygon", "coordinates": [ [ [ -117.044356, 32.804527 ], [ -117.038037, 32.804209 ], [ -117.031751, 32.80291 ], [ -117.030123, 32.80275 ], [ -117.025371, 32.80319 ], [ -117.021266, 32.803551 ], [ -117.017719, 32.803414 ], [ -117.017924, 32.800845 ], [ -117.021935, 32.801059 ], [ -117.022455, 32.796613 ], [ -117.024019, 32.794095 ], [ -117.02424, 32.793305 ], [ -117.024503, 32.791386 ], [ -117.029838, 32.791426 ], [ -117.037399, 32.791476 ], [ -117.037639, 32.792314 ], [ -117.035503, 32.798137 ], [ -117.039869, 32.801284 ], [ -117.043851, 32.801884 ], [ -117.046004, 32.803872 ], [ -117.044356, 32.804527 ] ] ] } },
{ "type": "Feature", "properties": { "STATEFP": "06", "COUNTYFP": "073", "TRACTCE": "009400", "GEOIDFQ": "1400000US06073009400", "GEOID": "06073009400", "NAME": "94", "NAMELSAD": "Census Tract 94", "STUSPS": "CA", "NAMELSADCO": "San Diego County", "STATE_NAME": "California", "LSAD": "CT", "ALAND": 62417338, "AWATER": 11500, "centroid_lon": -117.11784846422751, "centroid_lat": 32.866891330405728, "B03002_001E": 4529, "B03002_001M": 383, "B03002_012E": 1402, "B03002_012M": 231, "B19013_001E": 86774, "B19013_001M": 15118, "B01003_001E": 4529, "state": "06", "county": "073", "tract": "009400", "latino_share": 0.3095606094060499, "camera_count": 10, "arterial_road_m": 120678.743814631, "land_area_km2": 62.417338, "pop_density_per_km2": 72.559967232181549, "arterial_km_per_km2": 1.9334170229212755, "log_income": 11.371062316607116, "city": "San Diego" }, "geometry": { "type": "Polygon", "coordinates": [ [ [ -117.199461, 32.875168 ], [ -117.188427, 32.876803 ], [ -117.183867, 32.876865 ], [ -117.175379, 32.878099 ], [ -117.17433, 32.878035 ], [ -117.173588, 32.875739 ], [ -117.161667, 32.875737 ], [ -117.161652, 32.879008 ], [ -117.159788, 32.87991 ], [ -117.137252, 32.892975 ], [ -117.133702, 32.893671 ], [ -117.119936, 32.893816 ], [ -117.118536, 32.893774 ], [ -117.116745, 32.893305 ], [ -117.115473, 32.893163 ], [ -117.114896, 32.893189 ], [ -117.109773, 32.894277 ], [ -117.109867, 32.89109 ], [ -117.105617, 32.891101 ], [ -117.105426, 32.887448 ], [ -117.095763, 32.887442 ], [ -117.095906, 32.889269 ], [ -117.0916, 32.889257 ], [ -117.091797, 32.891081 ], [ -117.088605, 32.891102 ], [ -117.088547, 32.892651 ], [ -117.086409, 32.892913 ], [ -117.086348, 32.894512 ], [ -117.084274, 32.894692 ], [ -117.084197, 32.896527 ], [ -117.075359, 32.89657 ], [ -117.07534, 32.898427 ], [ -117.066772, 32.898523 ], [ -117.066796, 32.900336 ], [ -117.062541, 32.899942 ], [ -117.061956, 32.901992 ], [ -117.057369, 32.902077 ], [ -117.059708, 32.895028 ], [ -117.062911, 32.892949 ], [ -117.070343, 32.887545 ], [ -117.053269, 32.887266 ], [ -117.052903, 32.855171 ], [ -117.051642, 32.853195 ], [ -117.059503, 32.85438 ], [ -117.062773, 32.854554 ], [ -117.065517, 32.854212 ], [ -117.070111, 32.852494 ], [ -117.071848, 32.851336 ], [ -117.078155, 32.84643 ], [ -117.081971, 32.844283 ], [ -117.08405, 32.843584 ], [ -117.094669, 32.841239 ], [ -117.097253, 32.841137 ], [ -117.113805, 32.841774 ], [ -117.120926, 32.841647 ], [ -117.128819, 32.841505 ], [ -117.13383, 32.840967 ], [ -117.138944, 32.8402 ], [ -117.152141, 32.837485 ], [ -117.156532, 32.837296 ], [ -117.159455, 32.838055 ], [ -117.161245, 32.839087 ], [ -117.167949, 32.844187 ], [ -117.170677, 32.845956 ], [ -117.173382, 32.846791 ], [ -117.177878, 32.847347 ], [ -117.184503, 32.85774 ], [ -117.186206, 32.860349 ], [ -117.189961, 32.864391 ], [ -117.194971, 32.869627 ], [ -117.197838, 32.872673 ], [ -117.199461, 32.875168 ] ] ] } },
{ "type": "Feature", "properties": { "STATEFP": "06", "COUNTYFP": "073", "TRACTCE": "008306", "GEOIDFQ": "1400000US06073008306", "GEOID": "06073008306", "NAME": "83.06", "NAMELSAD": "Census Tract 83.06", "STUSPS": "CA", "NAMELSADCO": "San Diego County", "STATE_NAME": "California", "LSAD": "CT", "ALAND": 2729540, "AWATER": 0, "centroid_lon": -117.22647853914867, "centroid_lat": 32.847209362666241, "B03002_001E": 2688, "B03002_001M": 335, "B03002_012E": 233, "B03002_012M": 115, "B19013_001E": 232614, "B19013_001M": 52700, "B01003_001E": 2688, "state": "06", "county": "073", "tract": "008306", "latino_share": 0.086681547619047616, "camera_count": 0, "arterial_road_m": 7551.2574885851291, "land_area_km2": 2.72954, "pop_density_per_km2": 984.78131846391693, "arterial_km_per_km2": 2.7664945333591482, "log_income": 12.357135706421357, "city": "San Diego" }, "geometry": { "type": "Polygon", "coordinates": [ [ [ -117.236655, 32.843466 ], [ -117.236211, 32.84677 ], [ -117.235069, 32.849494 ], [ -117.234484, 32.84901 ], [ -117.234378, 32.848451 ], [ -117.231254, 32.852653 ], [ -117.229761, 32.853689 ], [ -117.220528, 32.857599 ], [ -117.216788, 32.854376 ], [ -117.216385, 32.853674 ], [ -117.216271, 32.852835 ], [ -117.216804, 32.851491 ], [ -117.219289, 32.847607 ], [ -117.219563, 32.846239 ], [ -117.219426, 32.845631 ], [ -117.217821, 32.8421 ], [ -117.222032, 32.840373 ], [ -117.233339, 32.838276 ], [ -117.233991, 32.838297 ], [ -117.234894, 32.838519 ], [ -117.235218, 32.838635 ], [ -117.236465, 32.841598 ], [ -117.236655, 32.843466 ] ] ] } },
{ "type": "Feature", "properties": { "STATEFP": "06", "COUNTYFP": "073", "TRACTCE": "008600", "GEOIDFQ": "1400000US06073008600", "GEOID": "06073008600", "NAME": "86", "NAMELSAD": "Census Tract 86", "STUSPS": "CA", "NAMELSADCO": "San Diego County", "STATE_NAME": "California", "LSAD": "CT", "ALAND": 2670768, "AWATER": 0, "centroid_lon": -117.17797067863368, "centroid_lat": 32.790814044165458, "B03002_001E": 6473, "B03002_001M": 1060, "B03002_012E": 2755, "B03002_012M": 806, "B19013_001E": 63924, "B19013_001M": 8096, "B01003_001E": 6473, "state": "06", "county": "073", "tract": "008600", "latino_share": 0.42561408929399042, "camera_count": 4, "arterial_road_m": 4734.9870396473434, "land_area_km2": 2.670768, "pop_density_per_km2": 2423.647430252272, "arterial_km_per_km2": 1.7728934297727634, "log_income": 11.065450156704999, "city": "San Diego" }, "geometry": { "type": "Polygon", "coordinates": [ [ [ -117.188945, 32.792824 ], [ -117.18567, 32.794391 ], [ -117.184394, 32.796371 ], [ -117.181933, 32.797872 ], [ -117.178619, 32.797938 ], [ -117.174491, 32.800352 ], [ -117.173876, 32.802127 ], [ -117.171708, 32.798015 ], [ -117.171187, 32.79481 ], [ -117.170346, 32.793751 ], [ -117.165849, 32.791563 ], [ -117.166667, 32.790741 ], [ -117.16963, 32.78766 ], [ -117.170293, 32.786481 ], [ -117.171731, 32.783345 ], [ -117.172109, 32.783461 ], [ -117.173966, 32.783961 ], [ -117.17573, 32.783151 ], [ -117.179174, 32.783662 ], [ -117.18418, 32.781887 ], [ -117.184493, 32.782436 ], [ -117.184878, 32.783673 ], [ -117.187168, 32.787501 ], [ -117.187018, 32.789112 ], [ -117.188099, 32.789536 ], [ -117.188945, 32.792824 ] ] ] } },
{ "type": "Feature", "properties": { "STATEFP": "06", "COUNTYFP": "073", "TRACTCE": "017039", "GEOIDFQ": "1400000US06073017039", "GEOID": "06073017039", "NAME": "170.39", "NAMELSAD": "Census Tract 170.39", "STUSPS": "CA", "NAMELSADCO": "San Diego County", "STATE_NAME": "California", "LSAD": "CT", "ALAND": 4787636, "AWATER": 5258, "centroid_lon": -117.08744012810544, "centroid_lat": 32.95775285907056, "B03002_001E": 6693, "B03002_001M": 868, "B03002_012E": 430, "B03002_012M": 161, "B19013_001E": 123836, "B19013_001M": 18007, "B01003_001E": 6693, "state": "06", "county": "073", "tract": "017039", "latino_share": 0.064246227401763042, "camera_count": 9, "arterial_road_m": 24178.548893409465, "land_area_km2": 4.787636, "pop_density_per_km2": 1397.9759530590879, "arterial_km_per_km2": 5.0502061755341181, "log_income": 11.726713388560304, "city": "San Diego" }, "geometry": { "type": "Polygon", "coordinates": [ [ [ -117.105988, 32.948169 ], [ -117.100853, 32.956095 ], [ -117.100259, 32.958001 ], [ -117.095526, 32.964735 ], [ -117.093432, 32.964966 ], [ -117.09022, 32.964984 ], [ -117.088437, 32.965124 ], [ -117.086986, 32.965602 ], [ -117.084627, 32.967032 ], [ -117.082873, 32.968289 ], [ -117.081308, 32.969629 ], [ -117.079626, 32.970841 ], [ -117.077555, 32.971337 ], [ -117.072546, 32.971145 ], [ -117.071331, 32.971436 ], [ -117.070842, 32.971625 ], [ -117.070132, 32.972013 ], [ -117.069692, 32.97234 ], [ -117.068127, 32.973711 ], [ -117.067054, 32.974773 ], [ -117.066704, 32.97529 ], [ -117.066812, 32.971235 ], [ -117.066876, 32.96436 ], [ -117.084295, 32.964573 ], [ -117.08389, 32.949628 ], [ -117.075399, 32.949576 ], [ -117.075398, 32.948529 ], [ -117.078195, 32.946898 ], [ -117.080781, 32.945818 ], [ -117.084008, 32.945647 ], [ -117.090218, 32.946336 ], [ -117.095863, 32.946966 ], [ -117.099443, 32.946841 ], [ -117.102582, 32.94608 ], [ -117.104025, 32.946399 ], [ -117.105988, 32.948169 ] ] ] } },
{ "type": "Feature", "properties": { "STATEFP": "06", "COUNTYFP": "073", "TRACTCE": "008365", "GEOIDFQ": "1400000US06073008365", "GEOID": "06073008365", "NAME": "83.65", "NAMELSAD": "Census Tract 83.65", "STUSPS": "CA", "NAMELSADCO": "San Diego County", "STATE_NAME": "California", "LSAD": "CT", "ALAND": 2300052, "AWATER": 0, "centroid_lon": -117.14427502782276, "centroid_lat": 32.941092801890001, "B03002_001E": 2611, "B03002_001M": 326, "B03002_012E": 347, "B03002_012M": 224, "B19013_001E": 207865, "B19013_001M": 14970, "B01003_001E": 2611, "state": "06", "county": "073", "tract": "008365", "latino_share": 0.13289927230945997, "camera_count": 0, "arterial_road_m": 4496.7945260494935, "land_area_km2": 2.300052, "pop_density_per_km2": 1135.1917261001056, "arterial_km_per_km2": 1.9550838529083225, "log_income": 12.244644109505273, "city": "San Diego" }, "geometry": { "type": "Polygon", "coordinates": [ [ [ -117.168608, 32.938804 ], [ -117.167527, 32.937035 ], [ -117.166997, 32.936974 ], [ -117.157959, 32.940142 ], [ -117.155572, 32.940529 ], [ -117.149456, 32.940184 ], [ -117.146648, 32.940575 ], [ -117.145916, 32.941463 ], [ -117.145136, 32.944242 ], [ -117.141875, 32.947593 ], [ -117.137699, 32.949021 ], [ -117.136391, 32.948823 ], [ -117.133196, 32.94712 ], [ -117.129927, 32.946879 ], [ -117.130098, 32.943786 ], [ -117.128927, 32.940029 ], [ -117.131092, 32.938994 ], [ -117.13552, 32.938358 ], [ -117.138253, 32.936841 ], [ -117.139968, 32.937221 ], [ -117.145036, 32.938193 ], [ -117.14943, 32.938022 ], [ -117.15117, 32.936718 ], [ -117.152593, 32.936805 ], [ -117.154177, 32.93733 ], [ -117.155879, 32.937298 ], [ -117.157477, 32.936869 ], [ -117.158201, 32.936286 ], [ -117.161351, 32.935429 ], [ -117.162447, 32.934951 ], [ -117.164651, 32.934418 ], [ -117.165387, 32.933835 ], [ -117.166861, 32.93243 ], [ -117.166852, 32.933307 ], [ -117.166849, 32.933808 ], [ -117.168806, 32.93729 ], [ -117.168608, 32.938804 ] ] ] } },
{ "type": "Feature", "properties": { "STATEFP": "06", "COUNTYFP": "073", "TRACTCE": "008372", "GEOIDFQ": "1400000US06073008372", "GEOID": "06073008372", "NAME": "83.72", "NAMELSAD": "Census Tract 83.72", "STUSPS": "CA", "NAMELSADCO": "San Diego County", "STATE_NAME": "California", "LSAD": "CT", "ALAND": 7270539, "AWATER": 0, "centroid_lon": -117.19467331261006, "centroid_lat": 32.926395903058825, "B03002_001E": 3965, "B03002_001M": 521, "B03002_012E": 265, "B03002_012M": 246, "B19013_001E": 225481, "B19013_001M": 76562, "B01003_001E": 3965, "state": "06", "county": "073", "tract": "008372", "latino_share": 0.06683480453972257, "camera_count": 0, "arterial_road_m": 8047.6789932725496, "land_area_km2": 7.270539, "pop_density_per_km2": 545.35158947637854, "arterial_km_per_km2": 1.1068889106120674, "log_income": 12.325991177168824, "city": "San Diego" }, "geometry": { "type": "Polygon", "coordinates": [ [ [ -117.217283, 32.9138 ], [ -117.217406, 32.91516 ], [ -117.216046, 32.91976 ], [ -117.216105, 32.921367 ], [ -117.21193, 32.922081 ], [ -117.210586, 32.922762 ], [ -117.208511, 32.92568 ], [ -117.207044, 32.926901 ], [ -117.205475, 32.927251 ], [ -117.200187, 32.927283 ], [ -117.196843, 32.928883 ], [ -117.197836, 32.930291 ], [ -117.20224, 32.932778 ], [ -117.204203, 32.934302 ], [ -117.209554, 32.934932 ], [ -117.210564, 32.936446 ], [ -117.205615, 32.937157 ], [ -117.203822, 32.937015 ], [ -117.201064, 32.937631 ], [ -117.19959, 32.936823 ], [ -117.194585, 32.937552 ], [ -117.192423, 32.939435 ], [ -117.190506, 32.938786 ], [ -117.186405, 32.938715 ], [ -117.184448, 32.93954 ], [ -117.18263, 32.939454 ], [ -117.182652, 32.94134 ], [ -117.179793, 32.939345 ], [ -117.179539, 32.936549 ], [ -117.177407, 32.936394 ], [ -117.176975, 32.933936 ], [ -117.169177, 32.937144 ], [ -117.168806, 32.93729 ], [ -117.166849, 32.933808 ], [ -117.166852, 32.933307 ], [ -117.166861, 32.93243 ], [ -117.17354, 32.927777 ], [ -117.17815, 32.92665 ], [ -117.179089, 32.925688 ], [ -117.183157, 32.925814 ], [ -117.186476, 32.922603 ], [ -117.1872, 32.920442 ], [ -117.189599, 32.919848 ], [ -117.191633, 32.918341 ], [ -117.1937, 32.917956 ], [ -117.194844, 32.918869 ], [ -117.196264, 32.919185 ], [ -117.197605, 32.919342 ], [ -117.198942, 32.91905 ], [ -117.199392, 32.918676 ], [ -117.199594, 32.918126 ], [ -117.20007, 32.917576 ], [ -117.200201, 32.916791 ], [ -117.201522, 32.915307 ], [ -117.202103, 32.91497 ], [ -117.202801, 32.914898 ], [ -117.20398, 32.915128 ], [ -117.205187, 32.915112 ], [ -117.205696, 32.914766 ], [ -117.205852, 32.914067 ], [ -117.205595, 32.913015 ], [ -117.206784, 32.910938 ], [ -117.210062, 32.908579 ], [ -117.211535, 32.907957 ], [ -117.212207, 32.907463 ], [ -117.213495, 32.906533 ], [ -117.217612, 32.913217 ], [ -117.217283, 32.9138 ] ] ] } },
{ "type": "Feature", "properties": { "STATEFP": "06", "COUNTYFP": "073", "TRACTCE": "017068", "GEOIDFQ": "1400000US06073017068", "GEOID": "06073017068", "NAME": "170.68", "NAMELSAD": "Census Tract 170.68", "STUSPS": "CA", "NAMELSADCO": "San Diego County", "STATE_NAME": "California", "LSAD": "CT", "ALAND": 3254985, "AWATER": 0, "centroid_lon": -117.09401588238146, "centroid_lat": 32.940536962618388, "B03002_001E": 4736, "B03002_001M": 629, "B03002_012E": 606, "B03002_012M": 211, "B19013_001E": 145313, "B19013_001M": 25357, "B01003_001E": 4736, "state": "06", "county": "073", "tract": "017068", "latino_share": 0.12795608108108109, "camera_count": 11, "arterial_road_m": 16833.896350153202, "land_area_km2": 3.254985, "pop_density_per_km2": 1454.9990245730778, "arterial_km_per_km2": 5.1717277806666386, "log_income": 11.886645315618107, "city": "San Diego" }, "geometry": { "type": "Polygon", "coordinates": [ [ [ -117.110902, 32.93901 ], [ -117.109222, 32.943581 ], [ -117.108788, 32.944374 ], [ -117.105988, 32.948169 ], [ -117.104025, 32.946399 ], [ -117.102582, 32.94608 ], [ -117.099443, 32.946841 ], [ -117.095863, 32.946966 ], [ -117.090218, 32.946336 ], [ -117.084008, 32.945647 ], [ -117.084096, 32.944948 ], [ -117.084103, 32.94322 ], [ -117.083713, 32.940975 ], [ -117.079575, 32.940083 ], [ -117.076609, 32.936845 ], [ -117.074629, 32.936239 ], [ -117.07324, 32.935053 ], [ -117.072952, 32.934499 ], [ -117.074302, 32.934281 ], [ -117.084463, 32.934172 ], [ -117.085666, 32.934188 ], [ -117.088952, 32.934878 ], [ -117.096286, 32.93665 ], [ -117.098265, 32.937125 ], [ -117.103992, 32.93747 ], [ -117.105441, 32.937248 ], [ -117.107632, 32.936447 ], [ -117.108867, 32.936323 ], [ -117.111599, 32.936804 ], [ -117.110902, 32.93901 ] ] ] } },
{ "type": "Feature", "properties": { "STATEFP": "06", "COUNTYFP": "073", "TRACTCE": "009505", "GEOIDFQ": "1400000US06073009505", "GEOID": "06073009505", "NAME": "95.05", "NAMELSAD": "Census Tract 95.05", "STUSPS": "CA", "NAMELSADCO": "San Diego County", "STATE_NAME": "California", "LSAD": "CT", "ALAND": 17512201, "AWATER": 24725, "centroid_lon": -117.06150485152251, "centroid_lat": 32.837287846648969, "B03002_001E": 6159, "B03002_001M": 653, "B03002_012E": 707, "B03002_012M": 213, "B19013_001E": 111890, "B19013_001M": 16156, "B01003_001E": 6159, "state": "06", "county": "073", "tract": "009505", "latino_share": 0.11479136223412892, "camera_count": 0, "arterial_road_m": 21766.178389305031, "land_area_km2": 17.512201, "pop_density_per_km2": 351.69765353880985, "arterial_km_per_km2": 1.2429150618648694, "log_income": 11.625271524801766, "city": "San Diego" }, "geometry": { "type": "Polygon", "coordinates": [ [ [ -117.102682, 32.831226 ], [ -117.10114, 32.833686 ], [ -117.098037, 32.838706 ], [ -117.097461, 32.839957 ], [ -117.097253, 32.841137 ], [ -117.094669, 32.841239 ], [ -117.08405, 32.843584 ], [ -117.081971, 32.844283 ], [ -117.078155, 32.84643 ], [ -117.071848, 32.851336 ], [ -117.070111, 32.852494 ], [ -117.065517, 32.854212 ], [ -117.062773, 32.854554 ], [ -117.059503, 32.85438 ], [ -117.051642, 32.853195 ], [ -117.04759, 32.852615 ], [ -117.035028, 32.850769 ], [ -117.0307, 32.84912 ], [ -117.02871, 32.847693 ], [ -117.026463, 32.844936 ], [ -117.02374, 32.840197 ], [ -117.024891, 32.838717 ], [ -117.02652, 32.837498 ], [ -117.026773, 32.83702 ], [ -117.03668, 32.83844 ], [ -117.038414, 32.834103 ], [ -117.036605, 32.83297 ], [ -117.038173, 32.831446 ], [ -117.04129, 32.827575 ], [ -117.046144, 32.818938 ], [ -117.047115, 32.818033 ], [ -117.048967, 32.817263 ], [ -117.055867, 32.817658 ], [ -117.058994, 32.817201 ], [ -117.062761, 32.821798 ], [ -117.067345, 32.827327 ], [ -117.069711, 32.826029 ], [ -117.077414, 32.825332 ], [ -117.079055, 32.825516 ], [ -117.080226, 32.825874 ], [ -117.084122, 32.828118 ], [ -117.087266, 32.829328 ], [ -117.088481, 32.829284 ], [ -117.094011, 32.827165 ], [ -117.095856, 32.82698 ], [ -117.097591, 32.827209 ], [ -117.103392, 32.829283 ], [ -117.102682, 32.831226 ] ] ] } },
{ "type": "Feature", "properties": { "STATEFP": "06", "COUNTYFP": "073", "TRACTCE": "014102", "GEOIDFQ": "1400000US06073014102", "GEOID": "06073014102", "NAME": "141.02", "NAMELSAD": "Census Tract 141.02", "STUSPS": "CA", "NAMELSADCO": "San Diego County", "STATE_NAME": "California", "LSAD": "CT", "ALAND": 1197738, "AWATER": 0, "centroid_lon": -117.03820274127443, "centroid_lat": 32.716347266409059, "B03002_001E": 3368, "B03002_001M": 495, "B03002_012E": 1528, "B03002_012M": 487, "B19013_001E": 103617, "B19013_001M": 18249, "B01003_001E": 3368, "state": "06", "county": "073", "tract": "014102", "latino_share": 0.45368171021377673, "camera_count": 0, "arterial_road_m": 4694.9377239856685, "land_area_km2": 1.197738, "pop_density_per_km2": 2811.9672248855759, "arterial_km_per_km2": 3.9198369960589616, "log_income": 11.548456688009884, "city": "San Diego" }, "geometry": { "type": "Polygon", "coordinates": [ [ [ -117.049293, 32.71229 ], [ -117.048628, 32.712814 ], [ -117.046612, 32.715133 ], [ -117.04193, 32.720692 ], [ -117.041731, 32.72057 ], [ -117.038824, 32.719564 ], [ -117.035363, 32.721196 ], [ -117.034497, 32.720331 ], [ -117.034573, 32.717109 ], [ -117.032831, 32.716834 ], [ -117.031954, 32.717745 ], [ -117.031952, 32.718821 ], [ -117.031971, 32.720328 ], [ -117.030207, 32.720256 ], [ -117.030156, 32.721788 ], [ -117.029477, 32.721784 ], [ -117.02947, 32.721186 ], [ -117.028464, 32.72118 ], [ -117.028464, 32.718681 ], [ -117.025865, 32.718542 ], [ -117.025868, 32.717786 ], [ -117.027402, 32.716916 ], [ -117.031941, 32.71548 ], [ -117.032619, 32.715302 ], [ -117.0333, 32.715119 ], [ -117.037418, 32.712408 ], [ -117.038203, 32.712127 ], [ -117.040679, 32.712093 ], [ -117.048494, 32.712023 ], [ -117.049294, 32.712092 ], [ -117.049293, 32.71229 ] ] ] } },
{ "type": "Feature", "properties": { "STATEFP": "06", "COUNTYFP": "073", "TRACTCE": "003201", "GEOIDFQ": "1400000US06073003201", "GEOID": "06073003201", "NAME": "32.01", "NAMELSAD": "Census Tract 32.01", "STUSPS": "CA", "NAMELSADCO": "San Diego County", "STATE_NAME": "California", "LSAD": "CT", "ALAND": 1617950, "AWATER": 0, "centroid_lon": -117.06092306797302, "centroid_lat": 32.683691276779648, "B03002_001E": 5488, "B03002_001M": 1255, "B03002_012E": 2125, "B03002_012M": 723, "B19013_001E": 93508, "B19013_001M": 20690, "B01003_001E": 5488, "state": "06", "county": "073", "tract": "003201", "latino_share": 0.38720845481049565, "camera_count": 0, "arterial_road_m": 5292.3180923310629, "land_area_km2": 1.61795, "pop_density_per_km2": 3391.9465990914427, "arterial_km_per_km2": 3.2710022512012502, "log_income": 11.445802273113928, "city": "San Diego" }, "geometry": { "type": "Polygon", "coordinates": [ [ [ -117.072835, 32.681556 ], [ -117.066614, 32.683272 ], [ -117.064651, 32.683839 ], [ -117.065986, 32.687328 ], [ -117.064344, 32.688864 ], [ -117.062999, 32.688962 ], [ -117.060793, 32.689357 ], [ -117.058342, 32.689097 ], [ -117.053562, 32.688477 ], [ -117.050876, 32.687855 ], [ -117.048828, 32.688252 ], [ -117.049354, 32.685832 ], [ -117.051272, 32.68463 ], [ -117.053256, 32.68363 ], [ -117.055505, 32.680901 ], [ -117.056501, 32.679393 ], [ -117.059302, 32.679672 ], [ -117.062277, 32.679785 ], [ -117.066569, 32.678476 ], [ -117.070828, 32.67638 ], [ -117.071491, 32.678126 ], [ -117.072835, 32.681556 ] ] ] } },
{ "type": "Feature", "properties": { "STATEFP": "06", "COUNTYFP": "073", "TRACTCE": "009102", "GEOIDFQ": "1400000US06073009102", "GEOID": "06073009102", "NAME": "91.02", "NAMELSAD": "Census Tract 91.02", "STUSPS": "CA", "NAMELSADCO": "San Diego County", "STATE_NAME": "California", "LSAD": "CT", "ALAND": 980655, "AWATER": 0, "centroid_lon": -117.19561270380636, "centroid_lat": 32.803501540564163, "B03002_001E": 3923, "B03002_001M": 892, "B03002_012E": 1478, "B03002_012M": 809, "B19013_001E": 75087, "B19013_001M": 9547, "B01003_001E": 3923, "state": "06", "county": "073", "tract": "009102", "latino_share": 0.37675248534284989, "camera_count": 1, "arterial_road_m": 5775.8354494440528, "land_area_km2": 0.980655, "pop_density_per_km2": 4000.387496112292, "arterial_km_per_km2": 5.8897731102620723, "log_income": 11.226402720238294, "city": "San Diego" }, "geometry": { "type": "Polygon", "coordinates": [ [ [ -117.201008, 32.809309 ], [ -117.200973, 32.81173 ], [ -117.19809, 32.811911 ], [ -117.196139, 32.812655 ], [ -117.196669, 32.810437 ], [ -117.195067, 32.809172 ], [ -117.194005, 32.805362 ], [ -117.192442, 32.801919 ], [ -117.189612, 32.798033 ], [ -117.190388, 32.793878 ], [ -117.191663, 32.793431 ], [ -117.193606, 32.793416 ], [ -117.194222, 32.794406 ], [ -117.193167, 32.796681 ], [ -117.195314, 32.799763 ], [ -117.200469, 32.805137 ], [ -117.200823, 32.805693 ], [ -117.201014, 32.806274 ], [ -117.201008, 32.809309 ] ] ] } },
{ "type": "Feature", "properties": { "STATEFP": "06", "COUNTYFP": "073", "TRACTCE": "001100", "GEOIDFQ": "1400000US06073001100", "GEOID": "06073001100", "NAME": "11", "NAMELSAD": "Census Tract 11", "STUSPS": "CA", "NAMELSADCO": "San Diego County", "STATE_NAME": "California", "LSAD": "CT", "ALAND": 935954, "AWATER": 0, "centroid_lon": -117.13355303957829, "centroid_lat": 32.765289133942439, "B03002_001E": 2939, "B03002_001M": 399, "B03002_012E": 643, "B03002_012M": 146, "B19013_001E": 94007, "B19013_001M": 2767, "B01003_001E": 2939, "state": "06", "county": "073", "tract": "001100", "latino_share": 0.21878189860496769, "camera_count": 1, "arterial_road_m": 6288.7359193234479, "land_area_km2": 0.935954, "pop_density_per_km2": 3140.1115866805421, "arterial_km_per_km2": 6.719065167009755, "log_income": 11.451124526564637, "city": "San Diego" }, "geometry": { "type": "Polygon", "coordinates": [ [ [ -117.139353, 32.767702 ], [ -117.137711, 32.769295 ], [ -117.131458, 32.770824 ], [ -117.129458, 32.767621 ], [ -117.127571, 32.763084 ], [ -117.127004, 32.761031 ], [ -117.128952, 32.761024 ], [ -117.131428, 32.76102 ], [ -117.133913, 32.761007 ], [ -117.137621, 32.760989 ], [ -117.137617, 32.762864 ], [ -117.138954, 32.762857 ], [ -117.139353, 32.767702 ] ] ] } },
{ "type": "Feature", "properties": { "STATEFP": "06", "COUNTYFP": "073", "TRACTCE": "004200", "GEOIDFQ": "1400000US06073004200", "GEOID": "06073004200", "NAME": "42", "NAMELSAD": "Census Tract 42", "STUSPS": "CA", "NAMELSADCO": "San Diego County", "STATE_NAME": "California", "LSAD": "CT", "ALAND": 2493055, "AWATER": 0, "centroid_lon": -117.11947818396325, "centroid_lat": 32.729329846807303, "B03002_001E": 5903, "B03002_001M": 489, "B03002_012E": 1441, "B03002_012M": 600, "B19013_001E": 138021, "B19013_001M": 42409, "B01003_001E": 5903, "state": "06", "county": "073", "tract": "004200", "latino_share": 0.244113162798577, "camera_count": 1, "arterial_road_m": 11301.309939945171, "land_area_km2": 2.493055, "pop_density_per_km2": 2367.777686412855, "arterial_km_per_km2": 4.533116974934436, "log_income": 11.835161126475111, "city": "San Diego" }, "geometry": { "type": "Polygon", "coordinates": [ [ [ -117.125459, 32.724397 ], [ -117.125283, 32.729631 ], [ -117.125076, 32.733864 ], [ -117.125057, 32.735619 ], [ -117.125018, 32.739256 ], [ -117.123073, 32.73925 ], [ -117.120703, 32.739244 ], [ -117.120214, 32.739837 ], [ -117.117898, 32.740411 ], [ -117.116417, 32.740774 ], [ -117.114839, 32.737893 ], [ -117.112849, 32.73317 ], [ -117.111485, 32.731853 ], [ -117.112663, 32.727112 ], [ -117.116835, 32.721168 ], [ -117.117488, 32.719708 ], [ -117.117821, 32.717199 ], [ -117.117986, 32.717181 ], [ -117.121285, 32.716336 ], [ -117.12101, 32.719022 ], [ -117.122655, 32.719027 ], [ -117.125311, 32.719014 ], [ -117.125459, 32.724397 ] ] ] } },
{ "type": "Feature", "properties": { "STATEFP": "06", "COUNTYFP": "073", "TRACTCE": "008378", "GEOIDFQ": "1400000US06073008378", "GEOID": "06073008378", "NAME": "83.78", "NAMELSAD": "Census Tract 83.78", "STUSPS": "CA", "NAMELSADCO": "San Diego County", "STATE_NAME": "California", "LSAD": "CT", "ALAND": 221948, "AWATER": 0, "centroid_lon": -117.21619705751462, "centroid_lat": 32.874652525387219, "B03002_001E": 914, "B03002_001M": 213, "B03002_012E": 65, "B03002_012M": 59, "B19013_001E": 73750, "B19013_001M": 44146, "B01003_001E": 914, "state": "06", "county": "073", "tract": "008378", "latino_share": 0.071115973741794306, "camera_count": 4, "arterial_road_m": 3165.8736520037937, "land_area_km2": 0.221948, "pop_density_per_km2": 4118.0817128336366, "arterial_km_per_km2": 14.264033251048865, "log_income": 11.208436274202066, "city": "San Diego" }, "geometry": { "type": "Polygon", "coordinates": [ [ [ -117.218363, 32.876867 ], [ -117.214032, 32.877577 ], [ -117.214056, 32.872564 ], [ -117.216155, 32.872108 ], [ -117.217485, 32.871797 ], [ -117.218323, 32.871469 ], [ -117.218313, 32.872605 ], [ -117.218268, 32.875057 ], [ -117.218363, 32.876867 ] ] ] } },
{ "type": "Feature", "properties": { "STATEFP": "06", "COUNTYFP": "073", "TRACTCE": "008512", "GEOIDFQ": "1400000US06073008512", "GEOID": "06073008512", "NAME": "85.12", "NAMELSAD": "Census Tract 85.12", "STUSPS": "CA", "NAMELSADCO": "San Diego County", "STATE_NAME": "California", "LSAD": "CT", "ALAND": 2080872, "AWATER": 0, "centroid_lon": -117.18821287463651, "centroid_lat": 32.809269978347118, "B03002_001E": 4043, "B03002_001M": 355, "B03002_012E": 674, "B03002_012M": 188, "B19013_001E": 118224, "B19013_001M": 19332, "B01003_001E": 4043, "state": "06", "county": "073", "tract": "008512", "latino_share": 0.16670789018055898, "camera_count": 0, "arterial_road_m": 5227.1967806718721, "land_area_km2": 2.080872, "pop_density_per_km2": 1942.9354616718376, "arterial_km_per_km2": 2.5120222582993441, "log_income": 11.680336409028429, "city": "San Diego" }, "geometry": { "type": "Polygon", "coordinates": [ [ [ -117.196139, 32.812655 ], [ -117.192683, 32.815447 ], [ -117.188367, 32.816953 ], [ -117.185423, 32.818031 ], [ -117.181889, 32.819327 ], [ -117.180829, 32.81726 ], [ -117.182797, 32.816533 ], [ -117.181869, 32.81375 ], [ -117.181227, 32.811278 ], [ -117.181174, 32.810565 ], [ -117.18136, 32.80831 ], [ -117.183874, 32.804902 ], [ -117.185056, 32.801531 ], [ -117.185333, 32.800558 ], [ -117.189612, 32.798033 ], [ -117.192442, 32.801919 ], [ -117.194005, 32.805362 ], [ -117.195067, 32.809172 ], [ -117.196669, 32.810437 ], [ -117.196139, 32.812655 ] ] ] } },
{ "type": "Feature", "properties": { "STATEFP": "06", "COUNTYFP": "073", "TRACTCE": "005700", "GEOIDFQ": "1400000US06073005700", "GEOID": "06073005700", "NAME": "57", "NAMELSAD": "Census Tract 57", "STUSPS": "CA", "NAMELSADCO": "San Diego County", "STATE_NAME": "California", "LSAD": "CT", "ALAND": 272352, "AWATER": 0, "centroid_lon": -117.16256397478996, "centroid_lat": 32.725306667588313, "B03002_001E": 2154, "B03002_001M": 201, "B03002_012E": 637, "B03002_012M": 327, "B19013_001E": 75181, "B19013_001M": 6791, "B01003_001E": 2154, "state": "06", "county": "073", "tract": "005700", "latino_share": 0.29572887650882079, "camera_count": 1, "arterial_road_m": 5004.428129402344, "land_area_km2": 0.272352, "pop_density_per_km2": 7908.8826224885452, "arterial_km_per_km2": 18.374853606370962, "log_income": 11.227653818439656, "city": "San Diego" }, "geometry": { "type": "Polygon", "coordinates": [ [ [ -117.165726, 32.727186 ], [ -117.162995, 32.727198 ], [ -117.159408, 32.727213 ], [ -117.159447, 32.72406 ], [ -117.159342, 32.723136 ], [ -117.161144, 32.722785 ], [ -117.162233, 32.722832 ], [ -117.163869, 32.723473 ], [ -117.164576, 32.723998 ], [ -117.167427, 32.727039 ], [ -117.165726, 32.727186 ] ] ] } },
{ "type": "Feature", "properties": { "STATEFP": "06", "COUNTYFP": "073", "TRACTCE": "003202", "GEOIDFQ": "1400000US06073003202", "GEOID": "06073003202", "NAME": "32.02", "NAMELSAD": "Census Tract 32.02", "STUSPS": "CA", "NAMELSADCO": "San Diego County", "STATE_NAME": "California", "LSAD": "CT", "ALAND": 1295537, "AWATER": 0, "centroid_lon": -117.06443212865493, "centroid_lat": 32.672167872017432, "B03002_001E": 4891, "B03002_001M": 648, "B03002_012E": 3562, "B03002_012M": 598, "B19013_001E": 91435, "B19013_001M": 13133, "B01003_001E": 4891, "state": "06", "county": "073", "tract": "003202", "latino_share": 0.72827642608873444, "camera_count": 0, "arterial_road_m": 3766.0847695878992, "land_area_km2": 1.295537, "pop_density_per_km2": 3775.2684794027496, "arterial_km_per_km2": 2.9069681294998904, "log_income": 11.423383616308733, "city": "San Diego" }, "geometry": { "type": "Polygon", "coordinates": [ [ [ -117.070828, 32.67638 ], [ -117.066569, 32.678476 ], [ -117.062277, 32.679785 ], [ -117.059302, 32.679672 ], [ -117.059017, 32.67838 ], [ -117.059332, 32.677248 ], [ -117.05847, 32.675052 ], [ -117.063002, 32.673782 ], [ -117.0616, 32.672291 ], [ -117.060414, 32.667551 ], [ -117.061611, 32.663883 ], [ -117.06101, 32.664057 ], [ -117.061256, 32.663674 ], [ -117.064388, 32.662809 ], [ -117.065428, 32.662415 ], [ -117.068849, 32.671277 ], [ -117.068904, 32.671418 ], [ -117.070828, 32.67638 ] ] ] } }
]
}
